property_code,sku_code,date,min_price,max_price
0002365,17,2026-09-03,1575,23600
0002365,18,2026-09-03,1575,23600
0002365,50,2026-09-03,1575,23600
0002365,87,2026-09-03,1575,23600
0003211,17,2026-09-04,1857,23600
0003211,18,2026-09-04,1857,23600
0003211,19,2026-09-04,1926,23600
0003211,20,2026-09-04,1926,23600
0003211,50,2026-09-04,1857,23600
0015738,17,2026-08-21,1436,23600
0015738,18,2026-08-21,1436,23600
0015738,19,2026-08-21,1540,23600
0015738,20,2026-08-21,1540,23600
0015738,21,2026-08-21,1574,23600
0015738,22,2026-08-21,1574,23600
0015738,23,2026-08-21,1643,23600
0015738,24,2026-08-21,1643,23600
0015738,25,2026-08-21,1436,23600
0015738,26,2026-08-21,1436,23600
0015738,27,2026-08-27,2035,23600
0015738,28,2026-08-27,2035,23600
0015738,39,2026-08-21,1574,23600
0015738,40,2026-08-21,1643,23600
0015738,50,2026-08-21,1436,23600
0015738,83,2026-08-21,1574,23600
0042415,17,2026-08-26,1332,27848
0042415,18,2026-08-26,1332,27848
0042415,21,2026-08-26,1539,27848
0042415,22,2026-08-26,1539,27848
0042415,39,2026-08-26,1539,27848
0042415,50,2026-08-26,1332,27848
0042415,83,2026-08-26,1539,27848
0042415,87,2026-08-26,1332,27848
0045959,17,2026-08-27,1594,23600
0045959,18,2026-08-27,1594,23600
0045959,19,2026-08-27,1698,23600
0045959,20,2026-08-27,1698,23600
0045959,23,2026-08-27,1939,20000
0045959,24,2026-08-27,1939,20000
0045959,27,2026-08-26,2269,23600
0045959,28,2026-08-26,2269,23600
0045959,29,2026-08-25,1786,23600
0045959,30,2026-08-25,1786,23600
0045959,31,2026-08-25,1786,23600
0045959,32,2026-08-25,1890,23600
0045959,33,2026-08-25,1890,23600
0045959,34,2026-08-25,1890,23600
0045959,50,2026-08-27,1594,23600
0045959,51,2026-08-27,1698,23600
0045959,57,2026-08-25,1786,23600
0045959,87,2026-08-27,1594,23600
0050525,17,2026-08-27,2177,23600
0050525,18,2026-08-27,2177,23600
0050525,19,2026-08-27,2315,23600
0050525,20,2026-08-27,2315,23600
0050525,50,2026-08-27,2177,23600
0050525,51,2026-08-27,2315,23600
0050525,87,2026-08-27,2177,23600
0191524,19,2026-09-04,2138,23600
0191524,20,2026-09-04,2138,23600
0191524,21,2026-08-24,1835,23600
0191524,21,2026-08-25,1835,23600
0191524,21,2026-08-26,1835,23600
0191524,21,2026-09-04,2207,23600
0191524,22,2026-08-24,1835,23600
0191524,22,2026-08-25,1835,23600
0191524,22,2026-08-26,1835,23600
0191524,22,2026-09-04,2207,23600
0191524,23,2026-08-24,1973,23600
0191524,23,2026-08-25,1973,23600
0191524,23,2026-08-26,1973,23600
0191524,23,2026-09-04,2345,23600
0191524,24,2026-08-24,1973,23600
0191524,24,2026-08-25,1973,23600
0191524,24,2026-08-26,1973,23600
0191524,24,2026-09-04,2345,23600
0191524,39,2026-08-24,1835,23600
0191524,39,2026-08-25,1835,23600
0191524,39,2026-08-26,1835,23600
0191524,39,2026-09-04,2207,23600
0191524,40,2026-08-24,1973,23600
0191524,40,2026-08-25,1973,23600
0191524,40,2026-08-26,1973,23600
0191524,40,2026-09-04,2345,23600
0191524,51,2026-09-04,2138,23600
0191524,83,2026-08-24,1835,23600
0191524,83,2026-08-25,1835,23600
0191524,83,2026-08-26,1835,23600
0191524,83,2026-09-04,2207,23600
0207833,35,2026-11-19,4165,27848
0207833,36,2026-11-19,4165,27848
0207833,37,2026-11-19,4165,27848
0243252,32,2026-08-24,3562,23600
0243252,32,2026-08-25,3562,23600
0243252,33,2026-08-24,3562,23600
0243252,33,2026-08-25,3562,23600
0243252,34,2026-08-24,3562,23600
0243252,34,2026-08-25,3562,23600
0262502,17,2026-08-27,2106,23600
0262502,18,2026-08-27,2106,23600
0325023,27,2027-08-21,2298,23600
0325023,28,2027-08-21,2298,23600
0377366,42,2026-08-30,2588,23600
0377366,43,2026-08-30,2588,23600
0377366,44,2026-08-30,2588,23600
0395630,27,2026-08-24,2659,35400
0395630,27,2026-08-26,2650,35400
0395630,28,2026-08-24,2659,35400
0395630,28,2026-08-26,2650,35400
0468785,27,2026-09-01,2835,23600
0468785,27,2026-09-02,2835,23600
0468785,27,2026-09-03,2833,23600
0468785,28,2026-09-01,2835,23600
0468785,28,2026-09-02,2835,23600
0468785,28,2026-09-03,2833,23600
0471678,35,2026-08-24,4279,23600
0471678,35,2026-08-26,4588,23600
0471678,36,2026-08-24,4279,23600
0471678,36,2026-08-26,4588,23600
0471678,37,2026-08-24,4279,23600
0471678,37,2026-08-26,4588,23600
0471678,42,2026-08-26,5278,23600
0471678,43,2026-08-26,5278,23600
0472129,21,2026-10-27,1667,23600
0472129,21,2026-10-27,1667,23600
0472129,21,2026-10-28,1667,23600
0472129,21,2026-10-28,1667,23600
0472129,21,2026-10-29,1667,23600
0472129,21,2026-10-29,1667,23600
0472129,21,2026-11-12,1597,23600
0472129,21,2026-11-12,1597,23600
0472129,21,2026-11-13,1955,23600
0472129,21,2026-11-13,1955,23600
0472129,22,2026-10-27,1667,23600
0472129,22,2026-10-27,1667,23600
0472129,22,2026-10-28,1667,23600
0472129,22,2026-10-28,1667,23600
0472129,22,2026-10-29,1667,23600
0472129,22,2026-10-29,1667,23600
0472129,22,2026-11-12,1597,23600
0472129,22,2026-11-12,1597,23600
0472129,22,2026-11-13,1955,23600
0472129,22,2026-11-13,1955,23600
0472129,23,2026-10-27,1667,23600
0472129,23,2026-10-27,1667,23600
0472129,23,2026-10-28,1667,23600
0472129,23,2026-10-28,1667,23600
0472129,23,2026-10-29,1667,23600
0472129,23,2026-10-29,1667,23600
0472129,23,2026-11-12,1597,23600
0472129,23,2026-11-12,1597,23600
0472129,23,2026-11-13,1955,23600
0472129,23,2026-11-13,1955,23600
0472129,24,2026-10-27,1667,23600
0472129,24,2026-10-27,1667,23600
0472129,24,2026-10-28,1667,23600
0472129,24,2026-10-28,1667,23600
0472129,24,2026-10-29,1667,23600
0472129,24,2026-10-29,1667,23600
0472129,24,2026-11-12,1597,23600
0472129,24,2026-11-12,1597,23600
0472129,24,2026-11-13,1955,23600
0472129,24,2026-11-13,1955,23600
0472129,32,2026-09-02,2339,23600
0472129,32,2026-09-02,2339,23600
0472129,33,2026-09-02,2339,23600
0472129,33,2026-09-02,2339,23600
0472129,34,2026-09-02,2339,23600
0472129,35,2026-09-04,3141,23600
0472129,35,2026-10-27,2927,23600
0472129,35,2026-10-28,2927,23600
0472129,35,2026-10-29,2927,23600
0472129,36,2026-09-04,3141,23600
0472129,36,2026-10-27,2927,23600
0472129,36,2026-10-28,2927,23600
0472129,36,2026-10-29,2927,23600
0472129,39,2026-10-27,1667,23600
0472129,39,2026-10-28,1667,23600
0472129,39,2026-10-29,1667,23600
0472129,39,2026-11-12,1597,23600
0472129,39,2026-11-13,1955,23600
0472129,40,2026-10-27,1667,23600
0472129,40,2026-10-28,1667,23600
0472129,40,2026-10-29,1667,23600
0472129,40,2026-11-12,1597,23600
0472129,40,2026-11-13,1955,23600
0472129,83,2026-10-27,1667,23600
0472129,83,2026-10-28,1667,23600
0472129,83,2026-10-29,1667,23600
0472129,83,2026-11-12,1597,23600
0472129,83,2026-11-13,1955,23600
0507680,17,2026-08-27,2892,23600
0507680,18,2026-08-27,2892,23600
0507680,19,2026-08-27,3064,23600
0507680,20,2026-08-27,3064,23600
0507680,50,2026-08-27,2892,23600
0551475,21,2026-08-26,1795,23600
0551475,22,2026-08-26,1795,23600
0551475,39,2026-08-26,1795,23600
1043825,17,2026-08-25,1541,23600
1043825,18,2026-08-25,1541,23600
1043825,27,2026-09-02,2268,23600
1043825,27,2026-11-19,2268,23600
1043825,28,2026-09-02,2268,23600
1043825,28,2026-11-19,2268,23600
1043825,29,2026-08-23,2199,23600
1043825,29,2026-08-24,2199,23600
1043825,29,2026-08-26,2199,23600
1043825,29,2026-08-27,2199,23600
1043825,29,2026-08-30,2199,23600
1043825,29,2026-08-31,2199,23600
1043825,29,2026-09-02,2199,23600
1043825,29,2026-11-19,2199,23600
1043825,30,2026-08-23,2199,23600
1043825,30,2026-08-24,2199,23600
1043825,30,2026-08-26,2199,23600
1043825,30,2026-08-27,2199,23600
1043825,30,2026-08-30,2199,23600
1043825,30,2026-08-31,2199,23600
1043825,30,2026-09-02,2199,23600
1043825,30,2026-11-19,2199,23600
1043825,31,2026-08-23,2199,23600
1043825,31,2026-08-24,2199,23600
1043825,31,2026-08-26,2199,23600
1043825,31,2026-08-27,2199,23600
1043825,31,2026-08-30,2199,23600
1043825,31,2026-08-31,2199,23600
1043825,31,2026-09-02,2199,23600
1043825,31,2026-11-19,2199,23600
1043825,32,2026-08-23,2199,23600
1043825,32,2026-08-24,2199,23600
1043825,32,2026-08-26,2199,23600
1043825,32,2026-08-27,2199,23600
1043825,32,2026-08-30,2199,23600
1043825,32,2026-08-31,2199,23600
1043825,32,2026-09-02,2199,23600
1043825,32,2026-11-19,2199,23600
1043825,33,2026-08-23,2199,23600
1043825,33,2026-08-24,2199,23600
1043825,33,2026-08-26,2199,23600
1043825,33,2026-08-27,2199,23600
1043825,33,2026-08-30,2199,23600
1043825,33,2026-08-31,2199,23600
1043825,33,2026-09-02,2199,23600
1043825,33,2026-11-19,2199,23600
1043825,34,2026-08-23,2199,23600
1043825,34,2026-08-24,2199,23600
1043825,34,2026-08-26,2199,23600
1043825,34,2026-08-27,2199,23600
1043825,34,2026-08-30,2199,23600
1043825,34,2026-08-31,2199,23600
1043825,34,2026-09-02,2199,23600
1043825,34,2026-11-19,2199,23600
1043825,35,2026-09-04,2544,23600
1043825,36,2026-09-04,2544,23600
1043825,57,2026-08-23,2199,23600
1043825,57,2026-08-24,2199,23600
1043825,57,2026-08-26,2199,23600
1043825,57,2026-08-27,2199,23600
1043825,57,2026-08-30,2199,23600
1043825,57,2026-08-31,2199,23600
1043825,57,2026-09-02,2199,23600
1043825,57,2026-11-19,2199,23600
1075048,35,2026-08-23,2091,23600
1075048,36,2026-08-23,2091,23600
1104342,19,2026-11-19,1724,32861
1104342,20,2026-11-19,1724,32861
1125534,17,2026-08-26,1684,23600
1125534,18,2026-08-26,1684,23600
1125534,19,2026-11-19,1789,23600
1125534,20,2026-11-19,1789,23600
1125534,35,2026-08-26,2650,23600
1125534,36,2026-08-26,2650,23600
1125534,37,2026-08-26,2650,23600
1125534,50,2026-08-26,1684,23600
1125927,17,2026-08-31,1118,23600
1125927,17,2026-09-07,1118,23600
1125927,17,2026-09-08,1118,23600
1125927,17,2026-09-09,1118,23600
1125927,17,2026-09-10,1118,23600
1125927,17,2026-09-15,1118,23600
1125927,17,2026-09-16,1118,23600
1125927,17,2026-09-17,1118,23600
1125927,17,2026-09-20,1118,23600
1125927,17,2026-09-21,1118,23600
1125927,17,2026-09-22,1118,23600
1125927,17,2026-09-23,1118,23600
1125927,17,2026-09-24,1118,23600
1125927,17,2026-09-27,1118,23600
1125927,17,2026-09-28,1118,23600
1125927,17,2026-09-29,1118,23600
1125927,17,2026-09-30,1118,23600
1125927,17,2026-10-06,1118,23600
1125927,17,2026-10-07,1118,23600
1125927,17,2026-10-08,1118,23600
1125927,17,2026-10-27,1118,23600
1125927,17,2026-10-28,1118,23600
1125927,17,2026-10-29,1118,23600
1125927,18,2026-08-31,1118,23600
1125927,18,2026-09-07,1118,23600
1125927,18,2026-09-08,1118,23600
1125927,18,2026-09-09,1118,23600
1125927,18,2026-09-10,1118,23600
1125927,18,2026-09-15,1118,23600
1125927,18,2026-09-16,1118,23600
1125927,18,2026-09-17,1118,23600
1125927,18,2026-09-20,1118,23600
1125927,18,2026-09-21,1118,23600
1125927,18,2026-09-22,1118,23600
1125927,18,2026-09-23,1118,23600
1125927,18,2026-09-24,1118,23600
1125927,18,2026-09-27,1118,23600
1125927,18,2026-09-28,1118,23600
1125927,18,2026-09-29,1118,23600
1125927,18,2026-09-30,1118,23600
1125927,18,2026-10-06,1118,23600
1125927,18,2026-10-07,1118,23600
1125927,18,2026-10-08,1118,23600
1125927,18,2026-10-27,1118,23600
1125927,18,2026-10-28,1118,23600
1125927,18,2026-10-29,1118,23600
1125927,19,2026-09-25,1175,23600
1125927,19,2026-09-26,1175,23600
1125927,19,2026-10-09,1175,23600
1125927,20,2026-09-25,1175,23600
1125927,20,2026-09-26,1175,23600
1125927,20,2026-10-09,1175,23600
1125927,32,2026-10-21,1790,23600
1125927,32,2026-10-22,1790,23600
1125927,32,2026-10-25,1790,23600
1125927,32,2026-10-26,1790,23600
1125927,32,2026-11-07,1997,23600
1125927,32,2026-11-14,1997,23600
1125927,33,2026-10-21,1790,23600
1125927,33,2026-10-22,1790,23600
1125927,33,2026-10-25,1790,23600
1125927,33,2026-10-26,1790,23600
1125927,33,2026-11-07,1997,23600
1125927,33,2026-11-14,1997,23600
1125927,34,2026-10-21,1790,23600
1125927,34,2026-10-22,1790,23600
1125927,34,2026-10-25,1790,23600
1125927,34,2026-10-26,1790,23600
1125927,34,2026-11-07,1997,23600
1125927,34,2026-11-14,1997,23600
1125927,47,2026-08-28,2463,23600
1125927,47,2026-09-06,2674,23600
1125927,47,2026-09-13,2674,23600
1125927,47,2026-11-08,2825,23600
1125927,47,2026-11-09,2825,23600
1125927,47,2026-11-10,2825,23600
1125927,47,2026-11-11,2825,23600
1125927,47,2026-11-15,2825,23600
1125927,47,2026-11-16,2825,23600
1125927,47,2026-11-17,2825,23600
1125927,48,2026-08-28,2463,23600
1125927,48,2026-09-06,2674,23600
1125927,48,2026-09-13,2674,23600
1125927,48,2026-11-08,2825,23600
1125927,48,2026-11-09,2825,23600
1125927,48,2026-11-10,2825,23600
1125927,48,2026-11-11,2825,23600
1125927,48,2026-11-15,2825,23600
1125927,48,2026-11-16,2825,23600
1125927,48,2026-11-17,2825,23600
1125927,50,2026-08-31,1118,23600
1125927,50,2026-09-07,1118,23600
1125927,50,2026-09-08,1118,23600
1125927,50,2026-09-09,1118,23600
1125927,50,2026-09-10,1118,23600
1125927,50,2026-09-15,1118,23600
1125927,50,2026-09-16,1118,23600
1125927,50,2026-09-17,1118,23600
1125927,50,2026-09-20,1118,23600
1125927,50,2026-09-21,1118,23600
1125927,50,2026-09-22,1118,23600
1125927,50,2026-09-23,1118,23600
1125927,50,2026-09-24,1118,23600
1125927,50,2026-09-27,1118,23600
1125927,50,2026-09-28,1118,23600
1125927,50,2026-09-29,1118,23600
1125927,50,2026-09-30,1118,23600
1125927,50,2026-10-06,1118,23600
1125927,50,2026-10-07,1118,23600
1125927,50,2026-10-08,1118,23600
1125927,50,2026-10-27,1118,23600
1125927,50,2026-10-28,1118,23600
1125927,50,2026-10-29,1118,23600
1125927,58,2026-10-21,1790,23600
1125927,58,2026-10-22,1790,23600
1125927,58,2026-10-25,1790,23600
1125927,58,2026-10-26,1790,23600
1125927,58,2026-11-07,1997,23600
1125927,58,2026-11-14,1997,23600
1125927,90,2026-10-21,1790,23600
1125927,90,2026-10-22,1790,23600
1125927,90,2026-10-25,1790,23600
1125927,90,2026-10-26,1790,23600
1125927,90,2026-11-07,1997,23600
1125927,90,2026-11-14,1997,23600
1127927,23,2026-08-23,1553,23600
1127927,23,2026-08-24,1553,23600
1127927,23,2026-08-25,1553,23600
1127927,23,2026-08-26,1553,23600
1127927,24,2026-08-23,1553,23600
1127927,24,2026-08-24,1553,23600
1127927,24,2026-08-25,1553,23600
1127927,24,2026-08-26,1553,23600
1127927,40,2026-08-23,1553,23600
1127927,40,2026-08-24,1553,23600
1127927,40,2026-08-25,1553,23600
1127927,40,2026-08-26,1553,23600
1131021,15,2026-08-30,1355,20000
1131021,16,2026-08-30,1493,20000
1131021,38,2026-08-30,1355,20000
1136517,21,2026-09-04,1619,23600
1136517,22,2026-09-04,1619,23600
1136517,39,2026-09-04,1619,23600
1136517,83,2026-09-04,1619,23600
1136669,17,2026-08-27,1618,23600
1136669,18,2026-08-27,1618,23600
1136669,27,2026-09-01,2233,23600
1136669,27,2026-09-03,2233,23600
1136669,28,2026-09-01,2233,23600
1136669,28,2026-09-03,2233,23600
1139252,17,2027-08-21,1850,23600
1139252,18,2027-08-21,1850,23600
1139252,50,2027-08-21,1850,23600
1148276,25,2026-08-26,2369,20000
1148276,26,2026-08-26,2369,20000
1148276,27,2026-08-22,3065,20000
1148276,28,2026-08-22,3065,20000
1148276,35,2026-11-19,3962,20000
1148276,36,2026-11-19,3962,20000
1150242,15,2026-08-26,1461,23600
1150242,16,2026-08-26,1513,23600
1150242,17,2026-08-26,1530,23600
1150242,18,2026-08-26,1530,23600
1150242,38,2026-08-26,1461,23600
1150242,50,2026-08-26,1530,23600
1150242,52,2026-08-26,1513,23600
1152305,19,2026-11-19,1872,23600
1152305,19,2026-11-19,1872,23600
1152305,20,2026-11-19,1872,23600
1152305,20,2026-11-19,1872,23600
1152305,21,2026-11-19,2010,23600
1152305,21,2026-11-19,2010,23600
1152305,22,2026-11-19,2010,23600
1152305,22,2026-11-19,2010,23600
1152305,23,2026-08-21,2217,23600
1152305,23,2026-08-21,2217,23600
1152305,24,2026-08-21,2217,23600
1152305,24,2026-08-21,2217,23600
1152305,39,2026-11-19,2010,23600
1152305,40,2026-08-21,2217,23600
1152305,83,2026-11-19,2010,23600
1164752,17,2026-08-26,1689,27848
1164752,18,2026-08-26,1689,27848
1164752,19,2026-08-26,1834,27848
1164752,20,2026-08-26,1834,27848
1164752,21,2026-08-26,1834,27848
1164752,22,2026-08-26,1834,27848
1164752,39,2026-08-26,1834,27848
1164752,50,2026-08-26,1689,27848
1164752,83,2026-08-26,1834,27848
1165642,19,2026-08-21,1630,23600
1165642,20,2026-08-21,1630,23600
1165642,21,2026-08-22,1921,23600
1165642,21,2026-08-23,1916,23600
1165642,21,2026-08-24,1921,23600
1165642,21,2026-08-25,1921,23600
1165642,21,2026-08-26,1921,23600
1165642,22,2026-08-22,1921,23600
1165642,22,2026-08-23,1916,23600
1165642,22,2026-08-24,1921,23600
1165642,22,2026-08-25,1921,23600
1165642,22,2026-08-26,1921,23600
1165642,23,2026-08-23,2019,23600
1165642,24,2026-08-23,2019,23600
1165642,32,2026-08-26,3818,23600
1165642,33,2026-08-26,3818,23600
1165642,34,2026-08-26,3818,23600
1165642,35,2026-08-26,4163,23600
1165642,35,2026-08-27,4158,23600
1165642,36,2026-08-26,4163,23600
1165642,36,2026-08-27,4158,23600
1165642,37,2026-08-26,4163,23600
1165642,37,2026-08-27,4158,23600
1165642,39,2026-08-22,1921,23600
1165642,39,2026-08-23,1916,23600
1165642,39,2026-08-24,1921,23600
1165642,39,2026-08-25,1921,23600
1165642,39,2026-08-26,1921,23600
1165642,40,2026-08-23,2019,23600
1165642,42,2026-08-26,4508,23600
1165642,42,2026-08-27,4503,23600
1165642,43,2026-08-26,4508,23600
1165642,43,2026-08-27,4503,23600
1165642,44,2026-08-26,4508,23600
1165642,44,2026-08-27,4503,23600
1165642,58,2026-08-26,3818,23600
1165642,59,2026-08-26,4163,23600
1165642,59,2026-08-27,4158,23600
1165642,83,2026-08-22,1921,23600
1165642,83,2026-08-23,1916,23600
1165642,83,2026-08-24,1921,23600
1165642,83,2026-08-25,1921,23600
1165642,83,2026-08-26,1921,23600
1165642,90,2026-08-26,3818,23600
1165837,19,2026-11-19,1878,23600
1165837,20,2026-11-19,1878,23600
1166076,19,2026-11-19,1885,23600
1166076,20,2026-11-19,1885,23600
1166076,21,2026-11-19,1989,23600
1166076,22,2026-11-19,1989,23600
1166076,39,2026-11-19,1989,23600
1166076,83,2026-11-19,1989,23600
1166252,16,2026-09-01,1246,23600
1166252,16,2026-09-02,1246,23600
1166252,16,2026-09-03,1246,23600
1166252,17,2026-08-27,1351,23600
1166252,17,2026-09-01,1419,23600
1166252,17,2026-09-02,1419,23600
1166252,17,2026-09-03,1419,23600
1166252,18,2026-08-27,1351,23600
1166252,18,2026-09-01,1419,23600
1166252,18,2026-09-02,1419,23600
1166252,18,2026-09-03,1419,23600
1166252,19,2026-08-27,1558,23600
1166252,27,2026-09-04,2523,23600
1166252,28,2026-09-04,2523,23600
1166971,21,2026-08-24,2261,23600
1166971,21,2026-08-25,2261,23600
1166971,21,2026-08-26,2261,23600
1166971,21,2026-08-27,2269,23600
1166971,22,2026-08-24,2261,23600
1166971,22,2026-08-25,2261,23600
1166971,22,2026-08-26,2261,23600
1166971,22,2026-08-27,2269,23600
1166971,39,2026-08-24,2261,23600
1166971,39,2026-08-25,2261,23600
1166971,39,2026-08-26,2261,23600
1166971,39,2026-08-27,2269,23600
1166971,83,2026-08-24,2261,23600
1166971,83,2026-08-25,2261,23600
1166971,83,2026-08-26,2261,23600
1166971,83,2026-08-27,2269,23600
1168316,25,2026-08-28,2231,23600
1168316,25,2026-08-29,2231,23600
1168316,25,2026-08-31,2231,23600
1168316,25,2026-09-02,2231,23600
1168316,25,2026-09-04,2231,23600
1168316,26,2026-08-28,2231,23600
1168316,26,2026-08-29,2231,23600
1168316,26,2026-08-31,2231,23600
1168316,26,2026-09-02,2231,23600
1168316,26,2026-09-04,2231,23600
1168316,29,2026-08-28,2335,23600
1168316,29,2026-08-29,2335,23600
1168316,29,2026-08-31,2335,23600
1168316,29,2026-09-02,2335,23600
1168316,29,2026-09-04,2335,23600
1168316,30,2026-08-28,2335,23600
1168316,30,2026-08-29,2335,23600
1168316,30,2026-08-31,2335,23600
1168316,30,2026-09-02,2335,23600
1168316,30,2026-09-04,2335,23600
1168316,31,2026-08-28,2335,23600
1168316,31,2026-08-29,2335,23600
1168316,31,2026-08-31,2335,23600
1168316,31,2026-09-02,2335,23600
1168316,31,2026-09-04,2335,23600
1168316,32,2026-08-28,2404,23600
1168316,32,2026-08-29,2404,23600
1168316,32,2026-08-31,2404,23600
1168316,32,2026-09-02,2404,23600
1168316,32,2026-09-04,2404,23600
1168316,33,2026-08-28,2404,23600
1168316,33,2026-08-29,2404,23600
1168316,33,2026-08-31,2404,23600
1168316,33,2026-09-02,2404,23600
1168316,33,2026-09-04,2404,23600
1168316,34,2026-08-28,2404,23600
1168316,34,2026-08-29,2404,23600
1168316,34,2026-08-31,2404,23600
1168316,34,2026-09-02,2404,23600
1168316,34,2026-09-04,2404,23600
1168316,35,2026-11-19,2852,23600
1168316,36,2026-11-19,2852,23600
1168316,57,2026-08-28,2335,23600
1168316,57,2026-08-29,2335,23600
1168316,57,2026-08-31,2335,23600
1168316,57,2026-09-02,2335,23600
1168316,57,2026-09-04,2335,23600
1168384,25,2026-08-29,1332,23600
1168384,26,2026-08-29,1332,23600
1171648,17,2026-08-23,1542,23600
1171648,18,2026-08-23,1542,23600
1171648,23,2026-08-22,1874,23600
1171648,24,2026-08-22,1874,23600
1191684,19,2026-08-23,1447,20000
1191684,20,2026-08-23,1447,20000
1191684,24179,2026-08-23,2482,20000
1191684,29,2026-08-23,2482,20000
1191684,30,2026-08-23,2482,20000
1191684,31,2026-08-23,2482,20000
1191684,32,2026-08-23,2482,20000
1191684,33,2026-08-23,2482,20000
1191684,34,2026-08-23,2482,20000
1191684,57,2026-08-23,2482,20000
1191684,58,2026-08-23,2482,20000
1191684,89,2026-08-23,2482,20000
1191684,90,2026-08-23,2482,20000
1193381,35,2026-09-04,5119,23600
1193381,36,2026-09-04,5119,23600
1197734,17,2026-11-19,2252,23600
1197734,18,2026-11-19,2252,23600
1197734,19,2026-11-19,2252,23600
1197734,20,2026-11-19,2252,23600
1197734,21,2026-08-23,3911,23600
1197734,21,2026-08-25,3907,23600
1197734,21,2026-08-26,3907,23600
1197734,21,2026-08-27,3907,23600
1197734,22,2026-08-23,3911,23600
1197734,22,2026-08-25,3907,23600
1197734,22,2026-08-26,3907,23600
1197734,22,2026-08-27,3907,23600
1197734,23,2026-08-23,3911,23600
1197734,23,2026-08-25,3907,23600
1197734,23,2026-08-26,3907,23600
1197734,23,2026-08-27,3907,23600
1197734,24,2026-08-23,3911,23600
1197734,24,2026-08-25,3907,23600
1197734,24,2026-08-26,3907,23600
1197734,24,2026-08-27,3907,23600
1197734,39,2026-08-23,3911,23600
1197734,39,2026-08-25,3907,23600
1197734,39,2026-08-26,3907,23600
1197734,39,2026-08-27,3907,23600
1197734,40,2026-08-23,3911,23600
1197734,40,2026-08-25,3907,23600
1197734,40,2026-08-26,3907,23600
1197734,40,2026-08-27,3907,23600
1197734,50,2026-11-19,2252,23600
1197734,83,2026-08-23,3911,23600
1197734,83,2026-08-25,3907,23600
1197734,83,2026-08-26,3907,23600
1197734,83,2026-08-27,3907,23600
1203621,25,2027-08-21,1723,23600
1203621,26,2027-08-21,1723,23600
1204404,27,2026-08-22,1593,20000
1204404,28,2026-08-22,1593,20000
1204840,25,2026-08-23,1493,27848
1204840,26,2026-08-23,1493,27848
1204840,78,2026-08-23,1355,27848
1204840,78,2027-08-21,1332,27848
1204840,79,2026-08-23,1355,27848
1204840,79,2027-08-21,1332,27848
1205898,19,2026-08-26,1543,23600
1205898,20,2026-08-26,1543,23600
1205898,21,2026-08-26,1543,23600
1205898,22,2026-08-26,1543,23600
1205898,23,2026-08-26,1612,23600
1205898,24,2026-08-26,1612,23600
1205898,39,2026-08-26,1543,23600
1205898,40,2026-08-26,1612,23600
1205898,83,2026-08-26,1543,23600
1206030,27,2027-08-21,4101,20000
1206030,28,2027-08-21,4101,20000
1212547,35,2026-08-24,4187,23600
1212547,35,2026-08-27,4244,23600
1212547,36,2026-08-24,4187,23600
1212547,36,2026-08-27,4244,23600
1213613,21,2026-08-26,2894,23600
1213613,21,2026-08-27,2881,23600
1213613,22,2026-08-26,2894,23600
1213613,22,2026-08-27,2881,23600
1213613,23,2026-08-26,3067,23600
1213613,23,2026-08-27,3053,23600
1213613,24,2026-08-26,3067,23600
1213613,24,2026-08-27,3053,23600
1213613,39,2026-08-26,2894,23600
1213613,39,2026-08-27,2881,23600
1213613,40,2026-08-26,3067,23600
1213613,40,2026-08-27,3053,23600
1213613,83,2026-08-26,2894,23600
1213613,83,2026-08-27,2881,23600
1213894,21,2026-08-26,2164,23600
1213894,22,2026-08-26,2164,23600
1213894,23,2026-08-26,2302,23600
1213894,24,2026-08-26,2302,23600
1213894,25,2026-08-26,2474,23600
1213894,26,2026-08-26,2474,23600
1213894,39,2026-08-26,2164,23600
1213894,40,2026-08-26,2302,23600
1213894,83,2026-08-26,2164,23600
1215006,27,2026-08-24,2668,23600
1215006,27,2026-08-27,2766,23600
1215006,28,2026-08-24,2668,23600
1215006,28,2026-08-27,2766,23600
1217501,15,2026-08-21,1960,27848
1217501,15,2026-08-22,1960,27848
1217501,38,2026-08-21,1960,27848
1217501,38,2026-08-22,1960,27848
1226887,17,2026-11-19,1746,23600
1226887,18,2026-11-19,1746,23600
1226887,50,2026-11-19,1746,23600
1226887,87,2026-11-19,1746,23600
1229511,17,2026-08-23,1075,23600
1229511,18,2026-08-23,1075,23600
1229511,19,2026-08-23,1178,23600
1229511,20,2026-08-23,1178,23600
1229511,27,2026-08-24,1945,23600
1229511,28,2026-08-24,1945,23600
1229511,41,2026-08-24,1945,23600
1229511,45,2026-08-21,2382,23600
1229511,46,2026-08-21,2382,23600
1229511,50,2026-08-23,1075,23600
1229511,51,2026-08-23,1178,23600
1229511,87,2026-08-23,1075,23600
1234388,35,2026-08-27,3136,27848
1234388,36,2026-08-27,3136,27848
1241870,23,2026-08-26,2120,23600
1241870,23,2026-08-27,2120,23600
1241870,24,2026-08-26,2120,23600
1241870,24,2026-08-27,2120,23600
1241870,40,2026-08-26,2120,23600
1241870,40,2026-08-27,2120,23600
1242203,17,2026-08-27,1687,23600
1242203,18,2026-08-27,1687,23600
1242203,19,2026-08-27,1687,23600
1242203,20,2026-08-27,1687,23600
1242203,50,2026-08-27,1687,23600
1244531,27,2026-10-20,3511,23600
1244531,28,2026-10-20,3511,23600
1247536,23,2026-08-27,2316,23600
1247536,24,2026-08-27,2316,23600
1247536,27,2026-08-26,2810,23600
1247536,28,2026-08-26,2810,23600
1247536,29,2026-08-27,2316,23600
1247536,30,2026-08-27,2316,23600
1247536,31,2026-08-27,2316,23600
1247536,32,2026-08-27,2523,23600
1247536,33,2026-08-27,2523,23600
1247536,34,2026-08-27,2523,23600
1247536,40,2026-08-27,2316,23600
1247536,57,2026-08-27,2316,23600
1253600,21,2026-08-21,1971,23600
1253600,22,2026-08-21,1971,23600
1253600,23,2026-08-21,2074,23600
1253600,24,2026-08-21,2074,23600
1253600,39,2026-08-21,1971,23600
1256474,17,2026-08-27,1177,23600
1256474,18,2026-08-27,1177,23600
1259110,23,2026-09-04,1759,23600
1259110,24,2026-09-04,1759,23600
1259110,27,2026-08-21,2301,23600
1259110,28,2026-08-21,2301,23600
1259110,32,2026-08-21,2336,23600
1259110,33,2026-08-21,2336,23600
1259110,34,2026-08-21,2336,23600
1259110,35,2026-08-28,2759,23600
1259110,35,2026-08-29,2759,23600
1259110,36,2026-08-28,2759,23600
1259110,36,2026-08-29,2759,23600
1259110,40,2026-09-04,1759,23600
1263729,27,2026-08-21,1634,20000
1263729,27,2026-08-23,1634,20000
1263729,27,2026-08-24,1634,20000
1263729,27,2026-08-25,1634,20000
1263729,27,2026-08-27,1634,20000
1263729,28,2026-08-21,1634,20000
1263729,28,2026-08-23,1634,20000
1263729,28,2026-08-24,1634,20000
1263729,28,2026-08-25,1634,20000
1263729,28,2026-08-27,1634,20000
1265433,15,2026-08-26,1484,23600
1265433,15,2026-08-27,1484,23600
1265433,35,2026-08-26,3358,23600
1265433,35,2026-08-27,3358,23600
1265433,36,2026-08-26,3358,23600
1265433,36,2026-08-27,3358,23600
1265433,38,2026-08-26,1484,23600
1265433,38,2026-08-27,1484,23600
1269686,15,2026-08-27,1312,23600
1269686,27,2026-08-27,2002,23600
1269686,28,2026-08-27,2002,23600
1269686,38,2026-08-27,1312,23600
1269736,35,2026-08-27,3356,27848
1269736,36,2026-08-27,3356,27848
1269736,37,2026-08-27,3356,27848
1269736,59,2026-08-27,3356,27848
1298362,19,2026-08-27,1917,23600
1298362,20,2026-08-27,1917,23600
1298362,51,2026-08-27,1917,23600
1319620,32,2026-08-28,1971,23600
1319620,33,2026-08-28,1971,23600
1319620,34,2026-08-28,1971,23600
1319620,58,2026-08-28,1971,23600
1324743,27,2026-11-19,2584,27848
1324743,28,2026-11-19,2584,27848
1326972,21,2026-08-21,1035,23600
1326972,21,2026-08-25,1055,23600
1326972,22,2026-08-21,1035,23600
1326972,22,2026-08-25,1055,23600
1326972,23,2026-08-21,1138,23600
1326972,24,2026-08-21,1138,23600
1326972,29,2026-08-22,1331,23600
1326972,30,2026-08-22,1331,23600
1326972,31,2026-08-22,1331,23600
1326972,39,2026-08-21,1035,23600
1326972,39,2026-08-25,1055,23600
1326972,40,2026-08-21,1138,23600
1326972,42,2026-08-26,2225,23600
1326972,43,2026-08-26,2225,23600
1326972,44,2026-08-26,2225,23600
1326972,57,2026-08-22,1331,23600
1326972,83,2026-08-21,1035,23600
1326972,83,2026-08-25,1055,23600
1326972,89,2026-08-22,1331,23600
1327100,27,2026-08-21,2706,23600
1327100,27,2026-08-22,2709,23600
1327100,27,2026-08-23,2706,23600
1327100,27,2026-08-24,2706,23600
1327100,28,2026-08-21,2706,23600
1327100,28,2026-08-22,2709,23600
1327100,28,2026-08-23,2706,23600
1327100,28,2026-08-24,2706,23600
1327100,29,2026-08-21,2671,23600
1327100,29,2026-08-22,2675,23600
1327100,29,2026-08-23,2671,23600
1327100,29,2026-08-24,2671,23600
1327100,30,2026-08-21,2671,23600
1327100,30,2026-08-22,2675,23600
1327100,30,2026-08-23,2671,23600
1327100,30,2026-08-24,2671,23600
1327100,31,2026-08-21,2671,23600
1327100,31,2026-08-22,2675,23600
1327100,31,2026-08-23,2671,23600
1327100,31,2026-08-24,2671,23600
1327100,32,2026-08-21,2775,23600
1327100,32,2026-08-22,2778,23600
1327100,32,2026-08-23,2775,23600
1327100,32,2026-08-24,2775,23600
1327100,33,2026-08-21,2775,23600
1327100,33,2026-08-22,2778,23600
1327100,33,2026-08-23,2775,23600
1327100,33,2026-08-24,2775,23600
1327100,34,2026-08-21,2775,23600
1327100,34,2026-08-22,2778,23600
1327100,34,2026-08-23,2775,23600
1327100,34,2026-08-24,2775,23600
1327100,35,2026-08-21,3120,23600
1327100,35,2026-08-26,3120,23600
1327100,35,2026-08-27,3120,23600
1327100,36,2026-08-21,3120,23600
1327100,36,2026-08-26,3120,23600
1327100,36,2026-08-27,3120,23600
1327100,57,2026-08-21,2671,23600
1327100,57,2026-08-22,2675,23600
1327100,57,2026-08-23,2671,23600
1327100,57,2026-08-24,2671,23600
1336968,21,2026-08-26,1979,20000
1336968,21,2026-09-04,2030,20000
1336968,22,2026-08-26,1979,20000
1336968,22,2026-09-04,2030,20000
1336968,23,2026-08-26,1979,20000
1336968,23,2026-09-04,2030,20000
1336968,24,2026-08-26,1979,20000
1336968,24,2026-09-04,2030,20000
1336968,39,2026-08-26,1979,20000
1336968,39,2026-09-04,2030,20000
1336968,40,2026-08-26,1979,20000
1336968,40,2026-09-04,2030,20000
1336968,83,2026-08-26,1979,20000
1336968,83,2026-09-04,2030,20000
1344052,15,2026-08-22,1163,23600
1344052,15,2026-11-19,1259,23600
1344052,16,2026-08-22,1163,23600
1344052,16,2026-11-19,1259,23600
1344052,17,2026-11-19,1328,23600
1344052,18,2026-11-19,1328,23600
1344052,19,2026-11-19,1328,23600
1344052,20,2026-11-19,1328,23600
1344052,38,2026-08-22,1163,23600
1344052,38,2026-11-19,1259,23600
1344052,50,2026-11-19,1328,23600
1344052,52,2026-08-22,1163,23600
1344052,52,2026-11-19,1259,23600
1344712,21,2026-08-27,1940,23600
1344712,22,2026-08-27,1940,23600
1344712,23,2026-08-27,1940,23600
1344712,24,2026-08-27,1940,23600
1344712,39,2026-08-27,1940,23600
1344712,40,2026-08-27,1940,23600
1344712,83,2026-08-27,1940,23600
1362285,19,2026-08-21,1646,23600
1362285,20,2026-08-21,1646,23600
1362285,21,2026-08-21,1715,23600
1362285,22,2026-08-21,1715,23600
1362285,23,2026-08-21,1784,23600
1362285,24,2026-08-21,1784,23600
1362285,27,2026-08-22,2158,23600
1362285,27,2026-08-23,2163,23600
1362285,27,2026-08-24,2154,23600
1362285,27,2026-08-25,2154,23600
1362285,28,2026-08-22,2158,23600
1362285,28,2026-08-23,2163,23600
1362285,28,2026-08-24,2154,23600
1362285,28,2026-08-25,2154,23600
1362285,39,2026-08-21,1715,23600
1362285,40,2026-08-21,1784,23600
1362285,83,2026-08-21,1715,23600
1365209,19,2026-08-22,1566,23600
1365209,20,2026-08-22,1566,23600
1365209,21,2026-08-22,1618,23600
1365209,22,2026-08-22,1618,23600
1365209,23,2026-08-22,1704,23600
1365209,24,2026-08-22,1704,23600
1365209,39,2026-08-22,1618,23600
1365209,40,2026-08-22,1704,23600
1365209,83,2026-08-22,1618,23600
1368078,27,2026-08-21,2589,23600
1368078,27,2026-08-22,2593,23600
1368078,28,2026-08-21,2589,23600
1368078,28,2026-08-22,2593,23600
1373375,21,2026-10-05,2536,23600
1373375,21,2026-10-06,2536,23600
1373375,21,2026-10-07,2536,23600
1373375,21,2026-10-08,2536,23600
1373375,21,2026-10-09,2536,23600
1373375,21,2026-10-10,2536,23600
1373375,21,2026-10-11,2536,23600
1373375,21,2026-10-12,2536,23600
1373375,21,2026-10-13,2536,23600
1373375,21,2026-10-14,2536,23600
1373375,21,2026-10-15,2536,23600
1373375,21,2026-10-17,2536,23600
1373375,21,2026-10-18,2536,23600
1373375,21,2026-10-19,2536,23600
1373375,21,2026-10-20,2536,23600
1373375,21,2026-10-21,2536,23600
1373375,21,2026-10-22,2536,23600
1373375,21,2026-10-23,2536,23600
1373375,21,2026-10-24,2536,23600
1373375,21,2026-10-26,2536,23600
1373375,21,2026-10-27,2536,23600
1373375,21,2026-10-28,2536,23600
1373375,21,2026-10-29,2536,23600
1373375,21,2026-10-30,2536,23600
1373375,21,2026-10-31,2536,23600
1373375,21,2026-11-01,2536,23600
1373375,21,2026-11-02,2536,23600
1373375,21,2026-11-03,2536,23600
1373375,21,2026-11-04,2536,23600
1373375,21,2026-11-05,2536,23600
1373375,21,2026-11-06,2536,23600
1373375,21,2026-11-07,2536,23600
1373375,21,2026-11-08,2536,23600
1373375,21,2026-11-09,2536,23600
1373375,21,2026-11-10,2536,23600
1373375,21,2026-11-11,2536,23600
1373375,21,2026-11-12,2536,23600
1373375,21,2026-11-13,2536,23600
1373375,21,2026-11-14,2536,23600
1373375,21,2026-11-15,2536,23600
1373375,21,2026-11-16,2536,23600
1373375,21,2026-11-17,2536,23600
1373375,21,2026-11-18,2536,23600
1373375,21,2026-11-19,2536,23600
1373375,22,2026-10-05,2536,23600
1373375,22,2026-10-06,2536,23600
1373375,22,2026-10-07,2536,23600
1373375,22,2026-10-08,2536,23600
1373375,22,2026-10-09,2536,23600
1373375,22,2026-10-10,2536,23600
1373375,22,2026-10-11,2536,23600
1373375,22,2026-10-12,2536,23600
1373375,22,2026-10-13,2536,23600
1373375,22,2026-10-14,2536,23600
1373375,22,2026-10-15,2536,23600
1373375,22,2026-10-17,2536,23600
1373375,22,2026-10-18,2536,23600
1373375,22,2026-10-19,2536,23600
1373375,22,2026-10-20,2536,23600
1373375,22,2026-10-21,2536,23600
1373375,22,2026-10-22,2536,23600
1373375,22,2026-10-23,2536,23600
1373375,22,2026-10-24,2536,23600
1373375,22,2026-10-26,2536,23600
1373375,22,2026-10-27,2536,23600
1373375,22,2026-10-28,2536,23600
1373375,22,2026-10-29,2536,23600
1373375,22,2026-10-30,2536,23600
1373375,22,2026-10-31,2536,23600
1373375,22,2026-11-01,2536,23600
1373375,22,2026-11-02,2536,23600
1373375,22,2026-11-03,2536,23600
1373375,22,2026-11-04,2536,23600
1373375,22,2026-11-05,2536,23600
1373375,22,2026-11-06,2536,23600
1373375,22,2026-11-07,2536,23600
1373375,22,2026-11-08,2536,23600
1373375,22,2026-11-09,2536,23600
1373375,22,2026-11-10,2536,23600
1373375,22,2026-11-11,2536,23600
1373375,22,2026-11-12,2536,23600
1373375,22,2026-11-13,2536,23600
1373375,22,2026-11-14,2536,23600
1373375,22,2026-11-15,2536,23600
1373375,22,2026-11-16,2536,23600
1373375,22,2026-11-17,2536,23600
1373375,22,2026-11-18,2536,23600
1373375,22,2026-11-19,2536,23600
1373375,23,2026-10-05,2743,23600
1373375,23,2026-10-06,2743,23600
1373375,23,2026-10-07,2743,23600
1373375,23,2026-10-08,2743,23600
1373375,23,2026-10-09,2743,23600
1373375,23,2026-10-10,2743,23600
1373375,23,2026-10-11,2743,23600
1373375,23,2026-10-12,2743,23600
1373375,23,2026-10-13,2743,23600
1373375,23,2026-10-14,2743,23600
1373375,23,2026-10-15,2743,23600
1373375,23,2026-10-17,2743,23600
1373375,23,2026-10-18,2743,23600
1373375,23,2026-10-19,2743,23600
1373375,23,2026-10-20,2743,23600
1373375,23,2026-10-21,2743,23600
1373375,23,2026-10-22,2743,23600
1373375,23,2026-10-23,2743,23600
1373375,23,2026-10-24,2743,23600
1373375,23,2026-10-26,2743,23600
1373375,23,2026-10-27,2743,23600
1373375,23,2026-10-28,2743,23600
1373375,23,2026-10-29,2743,23600
1373375,23,2026-10-30,2743,23600
1373375,23,2026-10-31,2743,23600
1373375,23,2026-11-01,2743,23600
1373375,23,2026-11-02,2743,23600
1373375,23,2026-11-03,2743,23600
1373375,23,2026-11-04,2743,23600
1373375,23,2026-11-05,2743,23600
1373375,23,2026-11-06,2743,23600
1373375,23,2026-11-07,2743,23600
1373375,23,2026-11-08,2743,23600
1373375,23,2026-11-09,2743,23600
1373375,23,2026-11-10,2743,23600
1373375,23,2026-11-11,2743,23600
1373375,23,2026-11-12,2743,23600
1373375,23,2026-11-13,2743,23600
1373375,23,2026-11-14,2743,23600
1373375,23,2026-11-15,2743,23600
1373375,23,2026-11-16,2743,23600
1373375,23,2026-11-17,2743,23600
1373375,23,2026-11-18,2743,23600
1373375,23,2026-11-19,2743,23600
1373375,24,2026-10-05,2743,23600
1373375,24,2026-10-06,2743,23600
1373375,24,2026-10-07,2743,23600
1373375,24,2026-10-08,2743,23600
1373375,24,2026-10-09,2743,23600
1373375,24,2026-10-10,2743,23600
1373375,24,2026-10-11,2743,23600
1373375,24,2026-10-12,2743,23600
1373375,24,2026-10-13,2743,23600
1373375,24,2026-10-14,2743,23600
1373375,24,2026-10-15,2743,23600
1373375,24,2026-10-17,2743,23600
1373375,24,2026-10-18,2743,23600
1373375,24,2026-10-19,2743,23600
1373375,24,2026-10-20,2743,23600
1373375,24,2026-10-21,2743,23600
1373375,24,2026-10-22,2743,23600
1373375,24,2026-10-23,2743,23600
1373375,24,2026-10-24,2743,23600
1373375,24,2026-10-26,2743,23600
1373375,24,2026-10-27,2743,23600
1373375,24,2026-10-28,2743,23600
1373375,24,2026-10-29,2743,23600
1373375,24,2026-10-30,2743,23600
1373375,24,2026-10-31,2743,23600
1373375,24,2026-11-01,2743,23600
1373375,24,2026-11-02,2743,23600
1373375,24,2026-11-03,2743,23600
1373375,24,2026-11-04,2743,23600
1373375,24,2026-11-05,2743,23600
1373375,24,2026-11-06,2743,23600
1373375,24,2026-11-07,2743,23600
1373375,24,2026-11-08,2743,23600
1373375,24,2026-11-09,2743,23600
1373375,24,2026-11-10,2743,23600
1373375,24,2026-11-11,2743,23600
1373375,24,2026-11-12,2743,23600
1373375,24,2026-11-13,2743,23600
1373375,24,2026-11-14,2743,23600
1373375,24,2026-11-15,2743,23600
1373375,24,2026-11-16,2743,23600
1373375,24,2026-11-17,2743,23600
1373375,24,2026-11-18,2743,23600
1373375,24,2026-11-19,2743,23600
1373375,39,2026-10-05,2536,23600
1373375,39,2026-10-06,2536,23600
1373375,39,2026-10-07,2536,23600
1373375,39,2026-10-08,2536,23600
1373375,39,2026-10-09,2536,23600
1373375,39,2026-10-10,2536,23600
1373375,39,2026-10-11,2536,23600
1373375,39,2026-10-12,2536,23600
1373375,39,2026-10-13,2536,23600
1373375,39,2026-10-14,2536,23600
1373375,39,2026-10-15,2536,23600
1373375,39,2026-10-17,2536,23600
1373375,39,2026-10-18,2536,23600
1373375,39,2026-10-19,2536,23600
1373375,39,2026-10-20,2536,23600
1373375,39,2026-10-21,2536,23600
1373375,39,2026-10-22,2536,23600
1373375,39,2026-10-23,2536,23600
1373375,39,2026-10-24,2536,23600
1373375,39,2026-10-26,2536,23600
1373375,39,2026-10-27,2536,23600
1373375,39,2026-10-28,2536,23600
1373375,39,2026-10-29,2536,23600
1373375,39,2026-10-30,2536,23600
1373375,39,2026-10-31,2536,23600
1373375,39,2026-11-01,2536,23600
1373375,39,2026-11-02,2536,23600
1373375,39,2026-11-03,2536,23600
1373375,39,2026-11-04,2536,23600
1373375,39,2026-11-05,2536,23600
1373375,39,2026-11-06,2536,23600
1373375,39,2026-11-07,2536,23600
1373375,39,2026-11-08,2536,23600
1373375,39,2026-11-09,2536,23600
1373375,39,2026-11-10,2536,23600
1373375,39,2026-11-11,2536,23600
1373375,39,2026-11-12,2536,23600
1373375,39,2026-11-13,2536,23600
1373375,39,2026-11-14,2536,23600
1373375,39,2026-11-15,2536,23600
1373375,39,2026-11-16,2536,23600
1373375,39,2026-11-17,2536,23600
1373375,39,2026-11-18,2536,23600
1373375,39,2026-11-19,2536,23600
1373375,40,2026-10-05,2743,23600
1373375,40,2026-10-06,2743,23600
1373375,40,2026-10-07,2743,23600
1373375,40,2026-10-08,2743,23600
1373375,40,2026-10-09,2743,23600
1373375,40,2026-10-10,2743,23600
1373375,40,2026-10-11,2743,23600
1373375,40,2026-10-12,2743,23600
1373375,40,2026-10-13,2743,23600
1373375,40,2026-10-14,2743,23600
1373375,40,2026-10-15,2743,23600
1373375,40,2026-10-17,2743,23600
1373375,40,2026-10-18,2743,23600
1373375,40,2026-10-19,2743,23600
1373375,40,2026-10-20,2743,23600
1373375,40,2026-10-21,2743,23600
1373375,40,2026-10-22,2743,23600
1373375,40,2026-10-23,2743,23600
1373375,40,2026-10-24,2743,23600
1373375,40,2026-10-26,2743,23600
1373375,40,2026-10-27,2743,23600
1373375,40,2026-10-28,2743,23600
1373375,40,2026-10-29,2743,23600
1373375,40,2026-10-30,2743,23600
1373375,40,2026-10-31,2743,23600
1373375,40,2026-11-01,2743,23600
1373375,40,2026-11-02,2743,23600
1373375,40,2026-11-03,2743,23600
1373375,40,2026-11-04,2743,23600
1373375,40,2026-11-05,2743,23600
1373375,40,2026-11-06,2743,23600
1373375,40,2026-11-07,2743,23600
1373375,40,2026-11-08,2743,23600
1373375,40,2026-11-09,2743,23600
1373375,40,2026-11-10,2743,23600
1373375,40,2026-11-11,2743,23600
1373375,40,2026-11-12,2743,23600
1373375,40,2026-11-13,2743,23600
1373375,40,2026-11-14,2743,23600
1373375,40,2026-11-15,2743,23600
1373375,40,2026-11-16,2743,23600
1373375,40,2026-11-17,2743,23600
1373375,40,2026-11-18,2743,23600
1373375,40,2026-11-19,2743,23600
1373375,83,2026-10-05,2536,23600
1373375,83,2026-10-06,2536,23600
1373375,83,2026-10-07,2536,23600
1373375,83,2026-10-08,2536,23600
1373375,83,2026-10-09,2536,23600
1373375,83,2026-10-10,2536,23600
1373375,83,2026-10-11,2536,23600
1373375,83,2026-10-12,2536,23600
1373375,83,2026-10-13,2536,23600
1373375,83,2026-10-14,2536,23600
1373375,83,2026-10-15,2536,23600
1373375,83,2026-10-17,2536,23600
1373375,83,2026-10-18,2536,23600
1373375,83,2026-10-19,2536,23600
1373375,83,2026-10-20,2536,23600
1373375,83,2026-10-21,2536,23600
1373375,83,2026-10-22,2536,23600
1373375,83,2026-10-23,2536,23600
1373375,83,2026-10-24,2536,23600
1373375,83,2026-10-26,2536,23600
1373375,83,2026-10-27,2536,23600
1373375,83,2026-10-28,2536,23600
1373375,83,2026-10-29,2536,23600
1373375,83,2026-10-30,2536,23600
1373375,83,2026-10-31,2536,23600
1373375,83,2026-11-01,2536,23600
1373375,83,2026-11-02,2536,23600
1373375,83,2026-11-03,2536,23600
1373375,83,2026-11-04,2536,23600
1373375,83,2026-11-05,2536,23600
1373375,83,2026-11-06,2536,23600
1373375,83,2026-11-07,2536,23600
1373375,83,2026-11-08,2536,23600
1373375,83,2026-11-09,2536,23600
1373375,83,2026-11-10,2536,23600
1373375,83,2026-11-11,2536,23600
1373375,83,2026-11-12,2536,23600
1373375,83,2026-11-13,2536,23600
1373375,83,2026-11-14,2536,23600
1373375,83,2026-11-15,2536,23600
1373375,83,2026-11-16,2536,23600
1373375,83,2026-11-17,2536,23600
1373375,83,2026-11-18,2536,23600
1373375,83,2026-11-19,2536,23600
1379105,23,2026-08-27,2712,23600
1379105,24,2026-08-27,2712,23600
1379430,25,2027-08-21,2657,23600
1379430,26,2027-08-21,2657,23600
1382823,15,2026-08-29,1148,23600
1382823,38,2026-08-29,1148,23600
1382823,76,2026-08-29,1148,23600
1385250,102,2026-08-28,1905,23600
1385250,102,2026-08-29,1905,23600
1385250,103,2026-08-28,1905,23600
1385250,103,2026-08-29,1905,23600
1386481,27,2026-08-27,2195,23600
1386481,28,2026-08-27,2195,23600
1386944,23,2026-08-30,1727,23600
1386944,24,2026-08-30,1727,23600
1386944,40,2026-08-30,1727,23600
1387536,27,2026-08-26,1826,23600
1387536,28,2026-08-26,1826,23600
1396947,15,2026-11-19,2663,23600
1396947,38,2026-11-19,2663,23600
1396947,76,2026-11-19,2663,23600
1398298,29,2026-08-21,1392,23600
1398298,30,2026-08-21,1392,23600
1398298,31,2026-08-21,1392,23600
1398298,57,2026-08-21,1392,23600
1398298,89,2026-08-21,1392,23600
1405295,29,2026-10-20,1644,23600
1405295,29,2026-10-21,1644,23600
1405295,29,2026-10-22,1644,23600
1405295,29,2026-10-23,1644,23600
1405295,29,2026-10-24,1644,23600
1405295,29,2026-10-26,1644,23600
1405295,29,2026-10-27,1644,23600
1405295,29,2026-10-28,1644,23600
1405295,29,2026-10-29,1644,23600
1405295,29,2026-10-30,1644,23600
1405295,29,2026-10-31,1644,23600
1405295,29,2026-11-01,1644,23600
1405295,29,2026-11-02,1644,23600
1405295,29,2026-11-03,1644,23600
1405295,29,2026-11-04,1644,23600
1405295,29,2026-11-05,1644,23600
1405295,29,2026-11-06,1644,23600
1405295,29,2026-11-07,1644,23600
1405295,29,2026-11-08,1644,23600
1405295,29,2026-11-09,1644,23600
1405295,29,2026-11-10,1644,23600
1405295,29,2026-11-11,1644,23600
1405295,29,2026-11-12,1644,23600
1405295,29,2026-11-13,1644,23600
1405295,29,2026-11-14,1644,23600
1405295,29,2026-11-15,1644,23600
1405295,29,2026-11-16,1644,23600
1405295,29,2026-11-17,1644,23600
1405295,29,2026-11-18,1644,23600
1405295,29,2026-11-19,1644,23600
1405295,30,2026-10-20,1644,23600
1405295,30,2026-10-21,1644,23600
1405295,30,2026-10-22,1644,23600
1405295,30,2026-10-23,1644,23600
1405295,30,2026-10-24,1644,23600
1405295,30,2026-10-26,1644,23600
1405295,30,2026-10-27,1644,23600
1405295,30,2026-10-28,1644,23600
1405295,30,2026-10-29,1644,23600
1405295,30,2026-10-30,1644,23600
1405295,30,2026-10-31,1644,23600
1405295,30,2026-11-01,1644,23600
1405295,30,2026-11-02,1644,23600
1405295,30,2026-11-03,1644,23600
1405295,30,2026-11-04,1644,23600
1405295,30,2026-11-05,1644,23600
1405295,30,2026-11-06,1644,23600
1405295,30,2026-11-07,1644,23600
1405295,30,2026-11-08,1644,23600
1405295,30,2026-11-09,1644,23600
1405295,30,2026-11-10,1644,23600
1405295,30,2026-11-11,1644,23600
1405295,30,2026-11-12,1644,23600
1405295,30,2026-11-13,1644,23600
1405295,30,2026-11-14,1644,23600
1405295,30,2026-11-15,1644,23600
1405295,30,2026-11-16,1644,23600
1405295,30,2026-11-17,1644,23600
1405295,30,2026-11-18,1644,23600
1405295,30,2026-11-19,1644,23600
1405295,31,2026-10-20,1644,23600
1405295,31,2026-10-21,1644,23600
1405295,31,2026-10-22,1644,23600
1405295,31,2026-10-23,1644,23600
1405295,31,2026-10-24,1644,23600
1405295,31,2026-10-26,1644,23600
1405295,31,2026-10-27,1644,23600
1405295,31,2026-10-28,1644,23600
1405295,31,2026-10-29,1644,23600
1405295,31,2026-10-30,1644,23600
1405295,31,2026-10-31,1644,23600
1405295,31,2026-11-01,1644,23600
1405295,31,2026-11-02,1644,23600
1405295,31,2026-11-03,1644,23600
1405295,31,2026-11-04,1644,23600
1405295,31,2026-11-05,1644,23600
1405295,31,2026-11-06,1644,23600
1405295,31,2026-11-07,1644,23600
1405295,31,2026-11-08,1644,23600
1405295,31,2026-11-09,1644,23600
1405295,31,2026-11-10,1644,23600
1405295,31,2026-11-11,1644,23600
1405295,31,2026-11-12,1644,23600
1405295,31,2026-11-13,1644,23600
1405295,31,2026-11-14,1644,23600
1405295,31,2026-11-15,1644,23600
1405295,31,2026-11-16,1644,23600
1405295,31,2026-11-17,1644,23600
1405295,31,2026-11-18,1644,23600
1405295,31,2026-11-19,1644,23600
1405295,32,2026-10-20,1731,23600
1405295,32,2026-10-21,1731,23600
1405295,32,2026-10-22,1731,23600
1405295,32,2026-10-23,1731,23600
1405295,32,2026-10-24,1731,23600
1405295,32,2026-10-26,1731,23600
1405295,32,2026-10-27,1731,23600
1405295,32,2026-10-28,1731,23600
1405295,32,2026-10-29,1731,23600
1405295,32,2026-10-30,1731,23600
1405295,32,2026-10-31,1731,23600
1405295,32,2026-11-01,1731,23600
1405295,32,2026-11-02,1731,23600
1405295,32,2026-11-03,1731,23600
1405295,32,2026-11-04,1731,23600
1405295,32,2026-11-05,1731,23600
1405295,32,2026-11-06,1731,23600
1405295,32,2026-11-07,1731,23600
1405295,32,2026-11-08,1731,23600
1405295,32,2026-11-09,1731,23600
1405295,32,2026-11-10,1731,23600
1405295,32,2026-11-11,1731,23600
1405295,32,2026-11-12,1731,23600
1405295,32,2026-11-13,1731,23600
1405295,32,2026-11-14,1731,23600
1405295,32,2026-11-15,1731,23600
1405295,32,2026-11-16,1731,23600
1405295,32,2026-11-17,1731,23600
1405295,32,2026-11-18,1731,23600
1405295,32,2026-11-19,1731,23600
1405295,33,2026-10-20,1731,23600
1405295,33,2026-10-21,1731,23600
1405295,33,2026-10-22,1731,23600
1405295,33,2026-10-23,1731,23600
1405295,33,2026-10-24,1731,23600
1405295,33,2026-10-26,1731,23600
1405295,33,2026-10-27,1731,23600
1405295,33,2026-10-28,1731,23600
1405295,33,2026-10-29,1731,23600
1405295,33,2026-10-30,1731,23600
1405295,33,2026-10-31,1731,23600
1405295,33,2026-11-01,1731,23600
1405295,33,2026-11-02,1731,23600
1405295,33,2026-11-03,1731,23600
1405295,33,2026-11-04,1731,23600
1405295,33,2026-11-05,1731,23600
1405295,33,2026-11-06,1731,23600
1405295,33,2026-11-07,1731,23600
1405295,33,2026-11-08,1731,23600
1405295,33,2026-11-09,1731,23600
1405295,33,2026-11-10,1731,23600
1405295,33,2026-11-11,1731,23600
1405295,33,2026-11-12,1731,23600
1405295,33,2026-11-13,1731,23600
1405295,33,2026-11-14,1731,23600
1405295,33,2026-11-15,1731,23600
1405295,33,2026-11-16,1731,23600
1405295,33,2026-11-17,1731,23600
1405295,33,2026-11-18,1731,23600
1405295,33,2026-11-19,1731,23600
1405295,34,2026-10-20,1731,23600
1405295,34,2026-10-21,1731,23600
1405295,34,2026-10-22,1731,23600
1405295,34,2026-10-23,1731,23600
1405295,34,2026-10-24,1731,23600
1405295,34,2026-10-26,1731,23600
1405295,34,2026-10-27,1731,23600
1405295,34,2026-10-28,1731,23600
1405295,34,2026-10-29,1731,23600
1405295,34,2026-10-30,1731,23600
1405295,34,2026-10-31,1731,23600
1405295,34,2026-11-01,1731,23600
1405295,34,2026-11-02,1731,23600
1405295,34,2026-11-03,1731,23600
1405295,34,2026-11-04,1731,23600
1405295,34,2026-11-05,1731,23600
1405295,34,2026-11-06,1731,23600
1405295,34,2026-11-07,1731,23600
1405295,34,2026-11-08,1731,23600
1405295,34,2026-11-09,1731,23600
1405295,34,2026-11-10,1731,23600
1405295,34,2026-11-11,1731,23600
1405295,34,2026-11-12,1731,23600
1405295,34,2026-11-13,1731,23600
1405295,34,2026-11-14,1731,23600
1405295,34,2026-11-15,1731,23600
1405295,34,2026-11-16,1731,23600
1405295,34,2026-11-17,1731,23600
1405295,34,2026-11-18,1731,23600
1405295,34,2026-11-19,1731,23600
1405295,57,2026-10-20,1644,23600
1405295,57,2026-10-21,1644,23600
1405295,57,2026-10-22,1644,23600
1405295,57,2026-10-23,1644,23600
1405295,57,2026-10-24,1644,23600
1405295,57,2026-10-26,1644,23600
1405295,57,2026-10-27,1644,23600
1405295,57,2026-10-28,1644,23600
1405295,57,2026-10-29,1644,23600
1405295,57,2026-10-30,1644,23600
1405295,57,2026-10-31,1644,23600
1405295,57,2026-11-01,1644,23600
1405295,57,2026-11-02,1644,23600
1405295,57,2026-11-03,1644,23600
1405295,57,2026-11-04,1644,23600
1405295,57,2026-11-05,1644,23600
1405295,57,2026-11-06,1644,23600
1405295,57,2026-11-07,1644,23600
1405295,57,2026-11-08,1644,23600
1405295,57,2026-11-09,1644,23600
1405295,57,2026-11-10,1644,23600
1405295,57,2026-11-11,1644,23600
1405295,57,2026-11-12,1644,23600
1405295,57,2026-11-13,1644,23600
1405295,57,2026-11-14,1644,23600
1405295,57,2026-11-15,1644,23600
1405295,57,2026-11-16,1644,23600
1405295,57,2026-11-17,1644,23600
1405295,57,2026-11-18,1644,23600
1405295,57,2026-11-19,1644,23600
1412651,17,2026-08-27,1258,23600
1412651,18,2026-08-27,1258,23600
1412651,50,2026-08-27,1258,23600
1419130,19,2026-08-23,2824,23600
1419130,19,2026-08-27,2847,23600
1419130,20,2026-08-23,2824,23600
1419130,20,2026-08-27,2847,23600
1419130,21,2026-08-24,3103,23600
1419130,22,2026-08-24,3103,23600
1419130,39,2026-08-24,3103,23600
1419130,83,2026-08-24,3103,23600
1423815,27,2026-08-21,2139,23600
1423815,27,2026-08-22,2119,23600
1423815,28,2026-08-21,2139,23600
1423815,28,2026-08-22,2119,23600
1433791,25,2026-08-22,2729,23600
1433791,26,2026-08-22,2729,23600
1433791,27,2026-08-22,3005,23600
1433791,28,2026-08-22,3005,23600
1434248,23,2026-08-22,1600,23600
1434248,24,2026-08-22,1600,23600
1434248,40,2026-08-22,1600,23600
1434818,17,2026-08-27,1591,23600
1434818,18,2026-08-27,1591,23600
1434818,19,2026-08-21,1654,23600
1434818,19,2026-08-26,1704,23600
1434818,20,2026-08-21,1654,23600
1434818,20,2026-08-26,1704,23600
1434818,50,2026-08-27,1591,23600
1435639,17,2026-08-22,1817,23600
1435639,18,2026-08-22,1817,23600
1435639,19,2026-08-21,1984,23600
1435639,19,2026-08-23,1978,23600
1435639,19,2026-08-26,2000,23600
1435639,19,2026-08-27,2000,23600
1435639,20,2026-08-21,1984,23600
1435639,20,2026-08-23,1978,23600
1435639,20,2026-08-26,2000,23600
1435639,20,2026-08-27,2000,23600
1435639,21,2026-08-21,1949,23600
1435639,21,2026-08-22,1955,23600
1435639,21,2026-08-23,1944,23600
1435639,21,2026-08-26,1966,23600
1435639,21,2026-08-27,1966,23600
1435639,22,2026-08-21,1949,23600
1435639,22,2026-08-22,1955,23600
1435639,22,2026-08-23,1944,23600
1435639,22,2026-08-26,1966,23600
1435639,22,2026-08-27,1966,23600
1435639,23,2026-08-21,2122,23600
1435639,23,2026-08-23,2116,23600
1435639,24,2026-08-21,2122,23600
1435639,24,2026-08-23,2116,23600
1435639,39,2026-08-21,1949,23600
1435639,39,2026-08-22,1955,23600
1435639,39,2026-08-23,1944,23600
1435639,39,2026-08-26,1966,23600
1435639,39,2026-08-27,1966,23600
1435639,40,2026-08-21,2122,23600
1435639,40,2026-08-23,2116,23600
1435639,50,2026-08-22,1817,23600
1435639,83,2026-08-21,1949,23600
1435639,83,2026-08-22,1955,23600
1435639,83,2026-08-23,1944,23600
1435639,83,2026-08-26,1966,23600
1435639,83,2026-08-27,1966,23600
1435639,84,2026-08-21,2122,23600
1435639,84,2026-08-23,2116,23600
1435639,97,2026-08-21,1949,23600
1435639,97,2026-08-22,1955,23600
1435639,97,2026-08-23,1944,23600
1435639,97,2026-08-26,1966,23600
1435639,97,2026-08-27,1966,23600
1444313,15,2026-08-28,2176,27848
1444313,16,2026-08-28,2176,27848
1444313,27,2026-08-29,3614,27848
1444313,27,2026-11-19,3250,27848
1444313,28,2026-08-29,3614,27848
1444313,28,2026-11-19,3250,27848
1444313,29,2026-11-19,2836,27848
1444313,30,2026-11-19,2836,27848
1444313,31,2026-11-19,2836,27848
1444313,32,2026-11-19,2836,27848
1444313,33,2026-11-19,2836,27848
1444313,34,2026-11-19,2836,27848
1444313,35,2026-08-29,3890,27848
1444313,36,2026-08-29,3890,27848
1444313,37,2026-08-29,3890,27848
1444313,38,2026-08-28,2176,27848
1444313,52,2026-08-28,2176,27848
1444313,57,2026-11-19,2836,27848
1444313,58,2026-11-19,2836,27848
1444313,89,2026-11-19,2836,27848
1446609,21,2026-08-29,1737,23600
1446609,21,2026-09-04,1731,23600
1446609,22,2026-08-29,1737,23600
1446609,22,2026-09-04,1731,23600
1446609,23,2026-08-29,1737,23600
1446609,23,2026-09-04,1731,23600
1446609,24,2026-08-29,1737,23600
1446609,24,2026-09-04,1731,23600
1446609,39,2026-08-29,1737,23600
1446609,39,2026-09-04,1731,23600
1446609,40,2026-08-29,1737,23600
1446609,40,2026-09-04,1731,23600
1446609,83,2026-08-29,1737,23600
1446609,83,2026-09-04,1731,23600
1453534,17,2026-08-23,1017,23600
1453534,18,2026-08-23,1017,23600
1453534,50,2026-08-23,1017,23600
1453534,87,2026-08-23,1017,23600
1462197,21,2026-09-01,1764,23600
1462197,21,2026-09-03,1764,23600
1462197,22,2026-09-01,1764,23600
1462197,22,2026-09-03,1764,23600
1462197,23,2026-09-01,1868,23600
1462197,23,2026-09-03,1868,23600
1462197,24,2026-09-01,1868,23600
1462197,24,2026-09-03,1868,23600
1462197,32,2026-11-19,2351,23600
1462197,33,2026-11-19,2351,23600
1462197,34,2026-11-19,2351,23600
1462197,39,2026-09-01,1764,23600
1462197,39,2026-09-03,1764,23600
1462197,40,2026-09-01,1868,23600
1462197,40,2026-09-03,1868,23600
1462197,58,2026-11-19,2351,23600
1462197,83,2026-09-01,1764,23600
1462197,83,2026-09-03,1764,23600
1464901,23,2026-08-27,1948,23600
1464901,24,2026-08-27,1948,23600
1464901,40,2026-08-27,1948,23600
1472459,17,2026-08-21,1064,23600
1472459,18,2026-08-21,1064,23600
1472459,19,2026-08-21,1064,23600
1472459,20,2026-08-21,1064,23600
1472459,21,2026-08-22,1557,23600
1472459,22,2026-08-22,1557,23600
1472459,23,2026-08-22,1557,23600
1472459,24,2026-08-22,1557,23600
1472459,29,2026-08-23,1530,23600
1472459,29,2026-08-24,1530,23600
1472459,30,2026-08-23,1530,23600
1472459,30,2026-08-24,1530,23600
1472459,31,2026-08-23,1530,23600
1472459,31,2026-08-24,1530,23600
1472459,32,2026-08-23,1530,23600
1472459,32,2026-08-24,1530,23600
1472459,33,2026-08-23,1530,23600
1472459,33,2026-08-24,1530,23600
1472459,34,2026-08-23,1530,23600
1472459,34,2026-08-24,1530,23600
1472459,35,2026-08-26,2203,23600
1472459,36,2026-08-26,2203,23600
1472459,37,2026-08-26,2203,23600
1472459,39,2026-08-22,1557,23600
1472459,40,2026-08-22,1557,23600
1472459,50,2026-08-21,1064,23600
1472459,57,2026-08-23,1530,23600
1472459,57,2026-08-24,1530,23600
1472459,58,2026-08-23,1530,23600
1472459,58,2026-08-24,1530,23600
1472459,83,2026-08-22,1557,23600
1472459,84,2026-08-22,1557,23600
1472459,89,2026-08-23,1530,23600
1472459,89,2026-08-24,1530,23600
1472459,97,2026-08-22,1557,23600
1472508,24186,2026-08-26,3147,23600
1472508,24186,2026-08-27,3145,23600
1472508,24187,2026-08-26,3147,23600
1472508,24187,2026-08-27,3145,23600
1472508,24188,2026-09-01,3899,23600
1472508,24188,2026-09-02,3899,23600
1472508,24188,2026-09-03,3899,23600
1472508,24188,2026-09-04,4077,23600
1472508,24188,2026-11-19,3924,23600
1472508,27,2026-08-29,2418,23600
1472508,28,2026-08-29,2418,23600
1472508,35,2026-08-26,3147,23600
1472508,35,2026-08-27,3145,23600
1472508,36,2026-08-26,3147,23600
1472508,36,2026-08-27,3145,23600
1472508,37,2026-08-26,3147,23600
1472508,37,2026-08-27,3145,23600
1472508,41,2026-08-29,2418,23600
1472508,42,2026-09-01,3899,23600
1472508,42,2026-09-02,3899,23600
1472508,42,2026-09-03,3899,23600
1472508,42,2026-09-04,4077,23600
1472508,42,2026-11-19,3924,23600
1472508,43,2026-09-01,3899,23600
1472508,43,2026-09-02,3899,23600
1472508,43,2026-09-03,3899,23600
1472508,43,2026-09-04,4077,23600
1472508,43,2026-11-19,3924,23600
1472508,44,2026-09-01,3899,23600
1472508,44,2026-09-02,3899,23600
1472508,44,2026-09-03,3899,23600
1472508,44,2026-09-04,4077,23600
1472508,44,2026-11-19,3924,23600
1472508,45,2026-08-26,2940,23600
1472508,45,2026-08-27,2938,23600
1472508,46,2026-08-26,2940,23600
1472508,46,2026-08-27,2938,23600
1472508,59,2026-08-26,3147,23600
1472508,59,2026-08-27,3145,23600
1472508,60,2026-09-01,3899,23600
1472508,60,2026-09-02,3899,23600
1472508,60,2026-09-03,3899,23600
1472508,60,2026-09-04,4077,23600
1472508,60,2026-11-19,3924,23600
1472508,62,2026-08-28,5385,23600
1472508,62,2026-08-29,5385,23600
1472508,63,2026-08-28,5385,23600
1472508,63,2026-08-29,5385,23600
1472508,67,2026-08-28,6075,23600
1472508,67,2026-08-29,6075,23600
1472508,68,2026-08-28,6075,23600
1472508,68,2026-08-29,6075,23600
1472508,69,2026-08-28,6075,23600
1472508,69,2026-08-29,6075,23600
1472508,91,2026-08-26,3147,23600
1472508,91,2026-08-27,3145,23600
1472508,92,2026-09-01,3899,23600
1472508,92,2026-09-02,3899,23600
1472508,92,2026-09-03,3899,23600
1472508,92,2026-09-04,4077,23600
1472508,92,2026-11-19,3924,23600
1472544,25,2026-08-22,1324,23600
1472544,25,2026-08-29,1466,23600
1472544,26,2026-08-22,1324,23600
1472544,26,2026-08-29,1466,23600
1473477,17,2026-11-19,1460,23600
1473477,18,2026-11-19,1460,23600
1473477,19,2026-11-19,1460,23600
1473477,20,2026-11-19,1460,23600
1473477,50,2026-11-19,1460,23600
1474809,23,2026-08-24,1482,23600
1474809,24,2026-08-24,1482,23600
1474809,40,2026-08-24,1482,23600
1474895,21,2026-11-19,1554,23600
1474895,22,2026-11-19,1554,23600
1474895,23,2026-11-19,1554,23600
1474895,24,2026-11-19,1554,23600
1474895,39,2026-11-19,1554,23600
1474895,40,2026-11-19,1554,23600
1474895,83,2026-11-19,1554,23600
1476116,25,2026-09-04,2433,23600
1476116,26,2026-09-04,2433,23600
1476116,45,2026-08-29,3426,23600
1476116,45,2026-11-19,3289,23600
1476116,46,2026-08-29,3426,23600
1476116,46,2026-11-19,3289,23600
1479104,27,2026-08-27,2355,23600
1479104,28,2026-08-27,2355,23600
1479104,41,2026-08-27,2355,23600
1483392,23,2026-11-19,2130,27848
1483392,24,2026-11-19,2130,27848
1483392,24179,2026-11-19,2130,27848
1483392,29,2026-11-19,2130,27848
1483392,30,2026-11-19,2130,27848
1483392,31,2026-11-19,2130,27848
1483392,40,2026-11-19,2130,27848
1483392,57,2026-11-19,2130,27848
1483392,89,2026-11-19,2130,27848
1484845,23,2026-11-19,2378,23600
1484845,24,2026-11-19,2378,23600
1484845,40,2026-11-19,2378,23600
1486131,17,2026-08-26,1591,23600
1486131,18,2026-08-26,1591,23600
1486131,19,2026-08-26,1660,23600
1486131,20,2026-08-26,1660,23600
1486131,21,2026-11-19,2035,23600
1486131,22,2026-11-19,2035,23600
1486131,39,2026-11-19,2035,23600
1486131,50,2026-08-26,1591,23600
1486131,83,2026-11-19,2035,23600
1501004,21,2026-08-22,1416,23600
1501004,22,2026-08-22,1416,23600
1501004,23,2026-08-25,1590,23600
1501004,23,2026-08-26,1590,23600
1501004,24,2026-08-25,1590,23600
1501004,24,2026-08-26,1590,23600
1501004,39,2026-08-22,1416,23600
1501004,40,2026-08-25,1590,23600
1501004,40,2026-08-26,1590,23600
1501004,83,2026-08-22,1416,23600
1501176,21,2026-08-27,1458,23600
1501176,22,2026-08-27,1458,23600
1501176,39,2026-08-27,1458,23600
1501176,83,2026-08-27,1458,23600
1501731,17,2026-08-27,1314,23600
1501731,18,2026-08-27,1314,23600
1501731,19,2026-08-27,1383,23600
1501731,20,2026-08-27,1383,23600
1501731,50,2026-08-27,1314,23600
1502559,17,2026-08-27,1561,23600
1502559,18,2026-08-27,1561,23600
1502559,50,2026-08-27,1561,23600
1503944,25,2026-08-27,2043,23600
1503944,26,2026-08-27,2043,23600
1503990,27,2026-08-27,2536,23600
1503990,28,2026-08-27,2536,23600
1505405,15,2026-08-27,1715,23600
1505405,17,2026-08-27,1784,23600
1505405,18,2026-08-27,1784,23600
1505405,19,2026-08-27,1922,23600
1505405,20,2026-08-27,1922,23600
1505405,38,2026-08-27,1715,23600
1505405,50,2026-08-27,1784,23600
1505657,17,2026-08-27,2265,23600
1505657,18,2026-08-27,2265,23600
1505657,50,2026-08-27,2265,23600
1506200,19,2026-08-27,2444,23600
1506200,20,2026-08-27,2444,23600
1506200,21,2026-08-27,2513,23600
1506200,22,2026-08-27,2513,23600
1506200,39,2026-08-27,2513,23600
1506200,83,2026-08-27,2513,23600
1507731,19,2026-08-27,1769,23600
1507731,20,2026-08-27,1769,23600
1507731,21,2026-08-27,1631,23600
1507731,22,2026-08-27,1631,23600
1507731,23,2026-08-27,1873,23600
1507731,24,2026-08-27,1873,23600
1507731,29,2026-08-27,1769,23600
1507731,30,2026-08-27,1769,23600
1507731,31,2026-08-27,1769,23600
1507731,39,2026-08-27,1631,23600
1507731,40,2026-08-27,1873,23600
1507731,57,2026-08-27,1769,23600
1507731,83,2026-08-27,1631,23600
1508506,15,2026-08-22,1442,23600
1508506,35,2026-08-27,2369,23600
1508506,36,2026-08-27,2369,23600
1508506,38,2026-08-22,1442,23600
1509593,27,2026-08-22,2579,23600
1509593,28,2026-08-22,2579,23600
1509593,29,2026-08-22,2648,23600
1509593,30,2026-08-22,2648,23600
1509593,31,2026-08-22,2648,23600
1509593,57,2026-08-22,2648,23600
1509603,17,2026-08-26,1296,23600
1509603,18,2026-08-26,1296,23600
1509603,50,2026-08-26,1296,23600
1509603,87,2026-08-26,1296,23600
1512203,16,2026-08-30,1476,23600
1512203,19,2026-08-30,1683,23600
1512203,20,2026-08-30,1683,23600
1512203,25,2026-08-30,1959,23600
1512203,26,2026-08-30,1959,23600
1512203,27,2026-08-30,2097,23600
1512203,28,2026-08-30,2097,23600
1512203,51,2026-08-30,1683,23600
1514039,17,2026-08-27,1313,20000
1514039,18,2026-08-27,1313,20000
1514039,50,2026-08-27,1313,20000
1514039,87,2026-08-27,1313,20000
1516017,35,2026-08-27,2922,23600
1516017,36,2026-08-27,2922,23600
1523458,35,2026-08-21,3360,20000
1523458,35,2026-08-28,3360,20000
1523458,35,2026-08-29,3360,20000
1523458,35,2026-08-30,3360,20000
1523458,35,2026-08-31,3360,20000
1523458,35,2026-09-01,3360,20000
1523458,35,2026-09-02,3360,20000
1523458,35,2026-09-03,3360,20000
1523458,35,2026-09-04,3360,20000
1523458,35,2026-09-05,3360,20000
1523458,35,2026-09-06,3360,20000
1523458,35,2026-09-07,3360,20000
1523458,35,2026-09-08,3360,20000
1523458,35,2026-09-09,3360,20000
1523458,35,2026-09-10,3360,20000
1523458,35,2026-09-11,3360,20000
1523458,35,2026-09-12,3360,20000
1523458,35,2026-09-13,3360,20000
1523458,35,2026-09-14,3360,20000
1523458,35,2026-09-15,3360,20000
1523458,35,2026-09-16,3360,20000
1523458,35,2026-09-17,3360,20000
1523458,35,2026-09-18,3360,20000
1523458,35,2026-09-19,3360,20000
1523458,35,2026-09-20,3360,20000
1523458,35,2026-09-21,3360,20000
1523458,35,2026-09-22,3360,20000
1523458,35,2026-09-23,3360,20000
1523458,35,2026-09-24,3360,20000
1523458,35,2026-09-25,3360,20000
1523458,35,2026-09-26,3360,20000
1523458,35,2026-09-27,3360,20000
1523458,35,2026-09-28,3360,20000
1523458,35,2026-09-29,3360,20000
1523458,35,2026-09-30,3360,20000
1523458,35,2026-10-01,3360,20000
1523458,35,2026-10-02,3360,20000
1523458,35,2026-10-03,3360,20000
1523458,35,2026-10-04,3360,20000
1523458,35,2026-10-05,3360,20000
1523458,35,2026-10-06,3360,20000
1523458,35,2026-10-07,3360,20000
1523458,35,2026-10-08,3360,20000
1523458,35,2026-10-09,3360,20000
1523458,35,2026-10-10,3360,20000
1523458,35,2026-10-11,3360,20000
1523458,35,2026-10-12,3360,20000
1523458,35,2026-10-13,3360,20000
1523458,35,2026-10-14,3360,20000
1523458,35,2026-10-15,3360,20000
1523458,35,2026-10-16,3360,20000
1523458,35,2026-10-17,3360,20000
1523458,35,2026-10-18,3360,20000
1523458,35,2026-10-19,3360,20000
1523458,35,2026-10-20,3360,20000
1523458,35,2026-10-21,3360,20000
1523458,35,2026-10-22,3360,20000
1523458,35,2026-10-23,3360,20000
1523458,35,2026-10-24,3360,20000
1523458,35,2026-10-25,3360,20000
1523458,35,2026-10-26,3360,20000
1523458,35,2026-10-27,3360,20000
1523458,35,2026-10-28,3360,20000
1523458,35,2026-10-29,3360,20000
1523458,35,2026-10-30,3360,20000
1523458,35,2026-10-31,3360,20000
1523458,35,2026-11-01,3360,20000
1523458,35,2026-11-02,3360,20000
1523458,35,2026-11-03,3360,20000
1523458,35,2026-11-04,3360,20000
1523458,35,2026-11-05,3360,20000
1523458,35,2026-11-06,3360,20000
1523458,35,2026-11-07,3360,20000
1523458,35,2026-11-08,3360,20000
1523458,35,2026-11-09,3360,20000
1523458,35,2026-11-10,3360,20000
1523458,35,2026-11-11,3360,20000
1523458,35,2026-11-12,3360,20000
1523458,35,2026-11-13,3360,20000
1523458,35,2026-11-14,3360,20000
1523458,35,2026-11-15,3360,20000
1523458,35,2026-11-16,3360,20000
1523458,35,2026-11-17,3360,20000
1523458,35,2026-11-18,3360,20000
1523458,35,2026-11-19,3360,20000
1523458,36,2026-08-21,3360,20000
1523458,36,2026-08-28,3360,20000
1523458,36,2026-08-29,3360,20000
1523458,36,2026-08-30,3360,20000
1523458,36,2026-08-31,3360,20000
1523458,36,2026-09-01,3360,20000
1523458,36,2026-09-02,3360,20000
1523458,36,2026-09-03,3360,20000
1523458,36,2026-09-04,3360,20000
1523458,36,2026-09-05,3360,20000
1523458,36,2026-09-06,3360,20000
1523458,36,2026-09-07,3360,20000
1523458,36,2026-09-08,3360,20000
1523458,36,2026-09-09,3360,20000
1523458,36,2026-09-10,3360,20000
1523458,36,2026-09-11,3360,20000
1523458,36,2026-09-12,3360,20000
1523458,36,2026-09-13,3360,20000
1523458,36,2026-09-14,3360,20000
1523458,36,2026-09-15,3360,20000
1523458,36,2026-09-16,3360,20000
1523458,36,2026-09-17,3360,20000
1523458,36,2026-09-18,3360,20000
1523458,36,2026-09-19,3360,20000
1523458,36,2026-09-20,3360,20000
1523458,36,2026-09-21,3360,20000
1523458,36,2026-09-22,3360,20000
1523458,36,2026-09-23,3360,20000
1523458,36,2026-09-24,3360,20000
1523458,36,2026-09-25,3360,20000
1523458,36,2026-09-26,3360,20000
1523458,36,2026-09-27,3360,20000
1523458,36,2026-09-28,3360,20000
1523458,36,2026-09-29,3360,20000
1523458,36,2026-09-30,3360,20000
1523458,36,2026-10-01,3360,20000
1523458,36,2026-10-02,3360,20000
1523458,36,2026-10-03,3360,20000
1523458,36,2026-10-04,3360,20000
1523458,36,2026-10-05,3360,20000
1523458,36,2026-10-06,3360,20000
1523458,36,2026-10-07,3360,20000
1523458,36,2026-10-08,3360,20000
1523458,36,2026-10-09,3360,20000
1523458,36,2026-10-10,3360,20000
1523458,36,2026-10-11,3360,20000
1523458,36,2026-10-12,3360,20000
1523458,36,2026-10-13,3360,20000
1523458,36,2026-10-14,3360,20000
1523458,36,2026-10-15,3360,20000
1523458,36,2026-10-16,3360,20000
1523458,36,2026-10-17,3360,20000
1523458,36,2026-10-18,3360,20000
1523458,36,2026-10-19,3360,20000
1523458,36,2026-10-20,3360,20000
1523458,36,2026-10-21,3360,20000
1523458,36,2026-10-22,3360,20000
1523458,36,2026-10-23,3360,20000
1523458,36,2026-10-24,3360,20000
1523458,36,2026-10-25,3360,20000
1523458,36,2026-10-26,3360,20000
1523458,36,2026-10-27,3360,20000
1523458,36,2026-10-28,3360,20000
1523458,36,2026-10-29,3360,20000
1523458,36,2026-10-30,3360,20000
1523458,36,2026-10-31,3360,20000
1523458,36,2026-11-01,3360,20000
1523458,36,2026-11-02,3360,20000
1523458,36,2026-11-03,3360,20000
1523458,36,2026-11-04,3360,20000
1523458,36,2026-11-05,3360,20000
1523458,36,2026-11-06,3360,20000
1523458,36,2026-11-07,3360,20000
1523458,36,2026-11-08,3360,20000
1523458,36,2026-11-09,3360,20000
1523458,36,2026-11-10,3360,20000
1523458,36,2026-11-11,3360,20000
1523458,36,2026-11-12,3360,20000
1523458,36,2026-11-13,3360,20000
1523458,36,2026-11-14,3360,20000
1523458,36,2026-11-15,3360,20000
1523458,36,2026-11-16,3360,20000
1523458,36,2026-11-17,3360,20000
1523458,36,2026-11-18,3360,20000
1523458,36,2026-11-19,3360,20000
1531125,19,2026-11-19,1672,20000
1531125,21,2026-11-19,1672,20000
1531125,22,2026-11-19,1672,20000
1531125,39,2026-11-19,1672,20000
1531125,83,2026-11-19,1672,20000
1534876,16,2026-08-22,1240,23600
1534876,17,2026-08-22,1240,23600
1534876,18,2026-08-22,1240,23600
1534876,19,2026-08-22,1309,23600
1534876,20,2026-08-22,1309,23600
1534876,21,2026-08-22,1447,23600
1534876,22,2026-08-22,1447,23600
1534876,39,2026-08-22,1447,23600
1534876,50,2026-08-22,1240,23600
1534876,52,2026-08-22,1240,23600
1546480,25,2026-08-21,2620,20000
1546480,26,2026-08-21,2620,20000
1546728,25,2026-08-28,2102,23600
1546728,25,2026-08-29,2102,23600
1546728,26,2026-08-28,2102,23600
1546728,26,2026-08-29,2102,23600
1547096,17,2026-08-21,1794,20000
1547096,18,2026-08-21,1794,20000
1547096,19,2026-08-21,1794,20000
1547096,20,2026-08-21,1794,20000
1547096,27,2027-08-21,1941,20000
1547096,28,2027-08-21,1941,20000
1547096,50,2026-08-21,1794,20000
1547096,51,2026-08-21,1794,20000
1547096,87,2026-08-21,1794,20000
1553206,25,2026-08-27,2098,23600
1553206,26,2026-08-27,2098,23600
1555338,17,2026-08-27,2042,23600
1555338,18,2026-08-27,2042,23600
1555338,19,2026-08-27,2180,23600
1555338,20,2026-08-27,2180,23600
1555338,50,2026-08-27,2042,23600
1555338,51,2026-08-27,2180,23600
1555338,87,2026-08-27,2042,23600
1593220,15,2026-08-25,1183,23600
1593220,15,2026-08-26,1183,23600
1593220,38,2026-08-25,1183,23600
1593220,38,2026-08-26,1183,23600
1593382,32,2026-08-27,1939,20000
1593382,33,2026-08-27,1939,20000
1593382,34,2026-08-27,1939,20000
1594371,25,2026-11-19,1288,23600
1594465,17,2026-08-25,1406,27848
1594465,18,2026-08-25,1406,27848
1594465,25,2026-08-25,1406,27848
1594465,25,2026-11-19,1949,27848
1594465,26,2026-08-25,1406,27848
1594465,26,2026-11-19,1949,27848
1594465,32,2026-08-23,1927,27848
1594465,32,2026-08-25,1958,27848
1594465,33,2026-08-23,1927,27848
1594465,33,2026-08-25,1958,27848
1594465,34,2026-08-23,1927,27848
1594465,34,2026-08-25,1958,27848
1594465,50,2026-08-25,1406,27848
1595009,42,2026-08-23,2241,23600
1595009,42,2026-08-24,2241,23600
1595009,42,2026-08-25,2241,23600
1595009,42,2026-08-26,2241,23600
1595009,42,2026-08-27,2241,23600
1595009,42,2026-08-28,2241,23600
1595009,42,2026-08-29,2241,23600
1595009,42,2026-08-30,2241,23600
1595009,42,2026-08-31,2241,23600
1595009,42,2026-09-01,2241,23600
1595009,42,2026-09-03,2241,23600
1595009,42,2026-09-04,2241,23600
1595009,42,2026-09-05,2241,23600
1595009,42,2026-09-06,2241,23600
1595009,42,2026-09-07,2241,23600
1595009,42,2026-09-08,2241,23600
1595009,42,2026-09-09,2241,23600
1595009,42,2026-09-10,2241,23600
1595009,42,2026-09-11,2241,23600
1595009,42,2026-09-12,2241,23600
1595009,42,2026-09-13,2241,23600
1595009,42,2026-09-14,2241,23600
1595009,42,2026-09-15,2241,23600
1595009,42,2026-09-16,2241,23600
1595009,42,2026-09-17,2241,23600
1595009,42,2026-09-18,2241,23600
1595009,42,2026-09-19,2241,23600
1595009,42,2026-10-06,2241,23600
1595009,42,2026-10-07,2241,23600
1595009,42,2026-10-08,2241,23600
1595009,42,2026-10-09,2241,23600
1595009,42,2026-10-10,2241,23600
1595009,42,2026-10-11,2241,23600
1595009,42,2026-10-12,2241,23600
1595009,42,2026-10-13,2241,23600
1595009,42,2026-10-14,2241,23600
1595009,42,2026-10-15,2241,23600
1595009,42,2026-10-17,2241,23600
1595009,42,2026-10-18,2241,23600
1595009,42,2026-10-19,2241,23600
1595009,42,2026-10-20,2241,23600
1595009,43,2026-08-23,2241,23600
1595009,43,2026-08-24,2241,23600
1595009,43,2026-08-25,2241,23600
1595009,43,2026-08-26,2241,23600
1595009,43,2026-08-27,2241,23600
1595009,43,2026-08-28,2241,23600
1595009,43,2026-08-29,2241,23600
1595009,43,2026-08-30,2241,23600
1595009,43,2026-08-31,2241,23600
1595009,43,2026-09-01,2241,23600
1595009,43,2026-09-03,2241,23600
1595009,43,2026-09-04,2241,23600
1595009,43,2026-09-05,2241,23600
1595009,43,2026-09-06,2241,23600
1595009,43,2026-09-07,2241,23600
1595009,43,2026-09-08,2241,23600
1595009,43,2026-09-09,2241,23600
1595009,43,2026-09-10,2241,23600
1595009,43,2026-09-11,2241,23600
1595009,43,2026-09-12,2241,23600
1595009,43,2026-09-13,2241,23600
1595009,43,2026-09-14,2241,23600
1595009,43,2026-09-15,2241,23600
1595009,43,2026-09-16,2241,23600
1595009,43,2026-09-17,2241,23600
1595009,43,2026-09-18,2241,23600
1595009,43,2026-09-19,2241,23600
1595009,43,2026-10-06,2241,23600
1595009,43,2026-10-07,2241,23600
1595009,43,2026-10-08,2241,23600
1595009,43,2026-10-09,2241,23600
1595009,43,2026-10-10,2241,23600
1595009,43,2026-10-11,2241,23600
1595009,43,2026-10-12,2241,23600
1595009,43,2026-10-13,2241,23600
1595009,43,2026-10-14,2241,23600
1595009,43,2026-10-15,2241,23600
1595009,43,2026-10-17,2241,23600
1595009,43,2026-10-18,2241,23600
1595009,43,2026-10-19,2241,23600
1595009,43,2026-10-20,2241,23600
1595009,44,2026-08-23,2241,23600
1595009,44,2026-08-24,2241,23600
1595009,44,2026-08-25,2241,23600
1595009,44,2026-08-26,2241,23600
1595009,44,2026-08-27,2241,23600
1595009,44,2026-08-28,2241,23600
1595009,44,2026-08-29,2241,23600
1595009,44,2026-08-30,2241,23600
1595009,44,2026-08-31,2241,23600
1595009,44,2026-09-01,2241,23600
1595009,44,2026-09-03,2241,23600
1595009,44,2026-09-04,2241,23600
1595009,44,2026-09-05,2241,23600
1595009,44,2026-09-06,2241,23600
1595009,44,2026-09-07,2241,23600
1595009,44,2026-09-08,2241,23600
1595009,44,2026-09-09,2241,23600
1595009,44,2026-09-10,2241,23600
1595009,44,2026-09-11,2241,23600
1595009,44,2026-09-12,2241,23600
1595009,44,2026-09-13,2241,23600
1595009,44,2026-09-14,2241,23600
1595009,44,2026-09-15,2241,23600
1595009,44,2026-09-16,2241,23600
1595009,44,2026-09-17,2241,23600
1595009,44,2026-09-18,2241,23600
1595009,44,2026-09-19,2241,23600
1595009,44,2026-10-06,2241,23600
1595009,44,2026-10-07,2241,23600
1595009,44,2026-10-08,2241,23600
1595009,44,2026-10-09,2241,23600
1595009,44,2026-10-10,2241,23600
1595009,44,2026-10-11,2241,23600
1595009,44,2026-10-12,2241,23600
1595009,44,2026-10-13,2241,23600
1595009,44,2026-10-14,2241,23600
1595009,44,2026-10-15,2241,23600
1595009,44,2026-10-17,2241,23600
1595009,44,2026-10-18,2241,23600
1595009,44,2026-10-19,2241,23600
1595009,44,2026-10-20,2241,23600
1596003,17,2026-08-21,1350,23600
1596003,17,2026-08-31,1353,23600
1596003,17,2026-09-01,1352,23600
1596003,17,2026-09-03,1352,23600
1596003,17,2026-09-04,1352,23600
1596003,17,2026-09-05,1352,23600
1596003,17,2026-09-06,1352,23600
1596003,17,2026-09-07,1352,23600
1596003,17,2026-09-08,1352,23600
1596003,17,2026-09-09,1352,23600
1596003,17,2026-09-10,1352,23600
1596003,17,2026-09-11,1352,23600
1596003,17,2026-09-12,1352,23600
1596003,17,2026-09-13,1352,23600
1596003,17,2026-09-14,1352,23600
1596003,17,2026-09-15,1352,23600
1596003,17,2026-09-19,1353,23600
1596003,18,2026-08-21,1350,23600
1596003,18,2026-08-31,1353,23600
1596003,18,2026-09-01,1352,23600
1596003,18,2026-09-03,1352,23600
1596003,18,2026-09-04,1352,23600
1596003,18,2026-09-05,1352,23600
1596003,18,2026-09-06,1352,23600
1596003,18,2026-09-07,1352,23600
1596003,18,2026-09-08,1352,23600
1596003,18,2026-09-09,1352,23600
1596003,18,2026-09-10,1352,23600
1596003,18,2026-09-11,1352,23600
1596003,18,2026-09-12,1352,23600
1596003,18,2026-09-13,1352,23600
1596003,18,2026-09-14,1352,23600
1596003,18,2026-09-15,1352,23600
1596003,18,2026-09-19,1353,23600
1596003,19,2026-08-22,1440,23600
1596003,19,2026-08-23,1440,23600
1596003,19,2026-08-24,1440,23600
1596003,19,2026-08-25,1440,23600
1596003,19,2026-08-26,1440,23600
1596003,19,2026-08-27,1440,23600
1596003,19,2026-08-28,1440,23600
1596003,19,2026-08-29,1440,23600
1596003,19,2026-08-30,1440,23600
1596003,20,2026-08-22,1440,23600
1596003,20,2026-08-23,1440,23600
1596003,20,2026-08-24,1440,23600
1596003,20,2026-08-25,1440,23600
1596003,20,2026-08-26,1440,23600
1596003,20,2026-08-27,1440,23600
1596003,20,2026-08-28,1440,23600
1596003,20,2026-08-29,1440,23600
1596003,20,2026-08-30,1440,23600
1596003,50,2026-08-21,1350,23600
1596003,50,2026-08-31,1353,23600
1596003,50,2026-09-01,1352,23600
1596003,50,2026-09-03,1352,23600
1596003,50,2026-09-04,1352,23600
1596003,50,2026-09-05,1352,23600
1596003,50,2026-09-06,1352,23600
1596003,50,2026-09-07,1352,23600
1596003,50,2026-09-08,1352,23600
1596003,50,2026-09-09,1352,23600
1596003,50,2026-09-10,1352,23600
1596003,50,2026-09-11,1352,23600
1596003,50,2026-09-12,1352,23600
1596003,50,2026-09-13,1352,23600
1596003,50,2026-09-14,1352,23600
1596003,50,2026-09-15,1352,23600
1596003,50,2026-09-19,1353,23600
1596319,29,2026-11-19,3040,27848
1596319,30,2026-11-19,3040,27848
1596319,31,2026-11-19,3040,27848
1596319,35,2026-11-19,3937,27848
1596319,36,2026-11-19,3937,27848
1596319,57,2026-11-19,3040,27848
1596742,32,2026-08-27,1922,23600
1596742,33,2026-08-27,1922,23600
1596742,34,2026-08-27,1922,23600
1597144,15,2026-08-22,1221,23600
1597144,38,2026-08-22,1221,23600
1597934,27,2026-08-27,2132,23600
1597934,28,2026-08-27,2132,23600
1598533,35,2026-08-25,2568,23600
1598533,36,2026-08-25,2568,23600
1598533,37,2026-08-25,2568,23600
1599756,29,2026-08-27,2128,27848
1599756,30,2026-08-27,2128,27848
1599756,31,2026-08-27,2128,27848
1599756,57,2026-08-27,2128,27848
1599756,89,2026-08-27,2128,27848
1603145,21,2026-08-30,1610,23600
1603145,22,2026-08-30,1610,23600
1603145,39,2026-08-30,1610,23600
1603145,83,2026-08-30,1610,23600
1609002,23,2026-08-26,2343,23600
1609002,24,2026-08-26,2343,23600
1609002,25,2026-08-30,2191,23600
1609002,26,2026-08-30,2191,23600
1609002,32,2026-08-26,2688,23600
1609002,33,2026-08-26,2688,23600
1609002,34,2026-08-26,2688,23600
1609002,40,2026-08-26,2343,23600
1609002,58,2026-08-26,2688,23600
1614818,17,2026-11-19,1800,20000
1614818,18,2026-11-19,1800,20000
1614818,50,2026-11-19,1800,20000
1618342,27,2026-08-26,1894,20000
1618342,28,2026-08-26,1894,20000
1759184,17,2026-08-25,1606,23600
1759184,18,2026-08-25,1606,23600
1759184,19,2026-08-25,1675,23600
1759184,20,2026-08-25,1675,23600
1759184,21,2026-08-25,1675,23600
1759184,22,2026-08-25,1675,23600
1759184,23,2026-08-23,1757,23600
1759184,23,2026-08-24,1757,23600
1759184,23,2026-08-25,1779,23600
1759184,23,2026-08-27,1792,23600
1759184,24,2026-08-23,1757,23600
1759184,24,2026-08-24,1757,23600
1759184,24,2026-08-25,1779,23600
1759184,24,2026-08-27,1792,23600
1759184,25,2026-08-23,1861,23600
1759184,25,2026-08-24,1861,23600
1759184,25,2026-08-27,1895,23600
1759184,26,2026-08-23,1861,23600
1759184,26,2026-08-24,1861,23600
1759184,26,2026-08-27,1895,23600
1759184,27,2026-08-23,2033,23600
1759184,27,2026-08-26,2046,23600
1759184,28,2026-08-23,2033,23600
1759184,28,2026-08-26,2046,23600
1759184,29,2026-08-24,1723,23600
1759184,29,2026-08-25,1744,23600
1759184,30,2026-08-24,1723,23600
1759184,30,2026-08-25,1744,23600
1759184,31,2026-08-24,1723,23600
1759184,31,2026-08-25,1744,23600
1759184,32,2026-08-23,1878,23600
1759184,32,2026-08-24,1878,23600
1759184,32,2026-08-27,1913,23600
1759184,33,2026-08-23,1878,23600
1759184,33,2026-08-24,1878,23600
1759184,33,2026-08-27,1913,23600
1759184,34,2026-08-23,1878,23600
1759184,34,2026-08-24,1878,23600
1759184,34,2026-08-27,1913,23600
1759184,39,2026-08-25,1675,23600
1759184,40,2026-08-23,1757,23600
1759184,40,2026-08-24,1757,23600
1759184,40,2026-08-25,1779,23600
1759184,40,2026-08-27,1792,23600
1759184,50,2026-08-25,1606,23600
1759184,51,2026-08-25,1675,23600
1759184,57,2026-08-24,1723,23600
1759184,57,2026-08-25,1744,23600
1759184,58,2026-08-23,1878,23600
1759184,58,2026-08-24,1878,23600
1759184,58,2026-08-27,1913,23600
1759184,83,2026-08-25,1675,23600
1759184,87,2026-08-25,1606,23600
1759184,89,2026-08-24,1723,23600
1759184,89,2026-08-25,1744,23600
1766640,15,2026-09-02,1187,23600
1766640,16,2026-09-02,1187,23600
1766640,17,2026-11-19,1290,23600
1766640,18,2026-11-19,1290,23600
1766640,19,2026-11-19,1290,23600
1766640,20,2026-11-19,1290,23600
1766640,38,2026-09-02,1187,23600
1766640,45,2026-08-27,1782,23600
1766640,46,2026-08-27,1782,23600
1766640,50,2026-11-19,1290,23600
1766640,52,2026-09-02,1187,23600
1767649,29,2026-08-25,3835,23600
1767649,30,2026-08-25,3835,23600
1767649,31,2026-08-25,3835,23600
1767649,32,2026-08-25,3835,23600
1767649,33,2026-08-25,3835,23600
1767649,34,2026-08-25,3835,23600
1767649,57,2026-08-25,3835,23600
1868924,17,2026-08-27,2116,23600
1868924,18,2026-08-27,2116,23600
1868924,50,2026-08-27,2116,23600
1903843,27,2026-11-19,2090,23600
1903843,28,2026-11-19,2090,23600
1921658,25,2026-08-23,2770,23600
1921658,26,2026-08-23,2770,23600
1963434,21,2026-11-19,2471,23600
1963434,22,2026-11-19,2471,23600
1963434,23,2026-11-19,2540,23600
1963434,24,2026-11-19,2540,23600
1963434,25,2026-11-19,2678,23600
1963434,26,2026-11-19,2678,23600
1963434,27,2026-11-19,2885,23600
1963434,28,2026-11-19,2885,23600
1963434,39,2026-11-19,2471,23600
1963434,40,2026-11-19,2540,23600
1963434,83,2026-11-19,2471,23600
1989439,29,2026-08-29,2071,23600
1989439,30,2026-08-29,2071,23600
1989439,31,2026-08-29,2071,23600
1989439,32,2026-08-29,2105,23600
1989439,33,2026-08-29,2105,23600
1989439,34,2026-08-29,2105,23600
1989439,57,2026-08-29,2071,23600
2010412,21,2026-09-04,1606,23600
2010412,22,2026-09-04,1606,23600
2010412,39,2026-09-04,1606,23600
2010412,83,2026-09-04,1606,23600
2010498,17,2026-08-21,2232,23600
2010498,17,2026-08-24,2238,23600
2010498,17,2026-08-25,2238,23600
2010498,18,2026-08-21,2232,23600
2010498,18,2026-08-24,2238,23600
2010498,18,2026-08-25,2238,23600
2010498,19,2026-08-21,2336,23600
2010498,19,2026-08-22,2321,23600
2010498,19,2026-08-23,2321,23600
2010498,19,2026-08-24,2342,23600
2010498,19,2026-08-25,2342,23600
2010498,20,2026-08-21,2336,23600
2010498,20,2026-08-22,2321,23600
2010498,20,2026-08-23,2321,23600
2010498,20,2026-08-24,2342,23600
2010498,20,2026-08-25,2342,23600
2010498,21,2026-08-22,2632,23600
2010498,21,2026-08-23,2632,23600
2010498,22,2026-08-22,2632,23600
2010498,22,2026-08-23,2632,23600
2010498,27,2026-08-26,3083,23600
2010498,27,2026-08-27,3096,23600
2010498,28,2026-08-26,3083,23600
2010498,28,2026-08-27,3096,23600
2010498,39,2026-08-22,2632,23600
2010498,39,2026-08-23,2632,23600
2010498,50,2026-08-21,2232,23600
2010498,50,2026-08-24,2238,23600
2010498,50,2026-08-25,2238,23600
2010498,83,2026-08-22,2632,23600
2010498,83,2026-08-23,2632,23600
2011351,19,2026-08-21,1318,23600
2011351,20,2026-08-21,1318,23600
2011450,21,2026-08-27,1860,27848
2011450,22,2026-08-27,1860,27848
2011450,23,2026-08-27,2032,27848
2011450,24,2026-08-27,2032,27848
2011450,29,2026-08-27,2067,20000
2011450,30,2026-08-27,2067,20000
2011450,31,2026-08-27,2067,20000
2011450,32,2026-08-27,2239,20000
2011450,33,2026-08-27,2239,20000
2011450,34,2026-08-27,2239,20000
2011450,39,2026-08-27,1860,27848
2011450,40,2026-08-27,2032,27848
2011450,57,2026-08-27,2067,20000
2011450,83,2026-08-27,1860,27848
2012106,27,2026-08-24,2237,23600
2012106,27,2026-08-26,2237,23600
2012106,28,2026-08-24,2237,23600
2012106,28,2026-08-26,2237,23600
2012106,29,2026-08-24,1927,23600
2012106,30,2026-08-24,1927,23600
2012106,31,2026-08-24,1927,23600
2012106,32,2026-08-24,2203,23600
2012106,32,2026-08-26,2203,23600
2012106,33,2026-08-24,2203,23600
2012106,33,2026-08-26,2203,23600
2012106,34,2026-08-24,2203,23600
2012106,34,2026-08-26,2203,23600
2012106,57,2026-08-24,1927,23600
2013172,17,2026-08-26,1995,23600
2013172,18,2026-08-26,1995,23600
2013172,50,2026-08-26,1995,23600
2013172,87,2026-08-26,1995,23600
2013518,17,2026-08-21,966,23600
2013518,18,2026-08-21,966,23600
2013518,23,2026-08-23,1085,23600
2013518,23,2026-08-25,1075,23600
2013518,24,2026-08-23,1085,23600
2013518,24,2026-08-25,1075,23600
2013518,40,2026-08-23,1085,23600
2013518,40,2026-08-25,1075,23600
2013518,50,2026-08-21,966,23600
2014478,21,2026-08-27,1496,27848
2014478,22,2026-08-27,1496,27848
2014478,23,2026-08-27,1565,27848
2014478,24,2026-08-27,1565,27848
2014478,39,2026-08-27,1496,27848
2014478,40,2026-08-27,1565,27848
2014478,83,2026-08-27,1496,27848
2015495,23,2026-08-28,1575,23600
2015495,24,2026-08-28,1575,23600
2015495,40,2026-08-28,1575,23600
2018373,19,2026-08-27,2925,23600
2018373,20,2026-08-27,2925,23600
2018835,21,2026-08-27,2872,23600
2018835,22,2026-08-27,2872,23600
2018835,23,2026-08-27,3079,23600
2018835,24,2026-08-27,3079,23600
2018835,29,2026-08-27,3079,23600
2018835,30,2026-08-27,3079,23600
2018835,31,2026-08-27,3079,23600
2018835,39,2026-08-27,2872,23600
2018835,40,2026-08-27,3079,23600
2018835,83,2026-08-27,2872,23600
2019978,23,2026-08-27,2129,20000
2019978,24,2026-08-27,2129,20000
2019978,27,2026-11-19,2802,20000
2019978,28,2026-11-19,2802,20000
2019978,40,2026-08-27,2129,20000
2024299,17,2026-11-19,1714,23600
2024299,18,2026-11-19,1714,23600
2024299,19,2026-11-19,1714,23600
2024299,20,2026-11-19,1714,23600
2024299,50,2026-11-19,1714,23600
2025247,21,2026-08-21,2084,23600
2025247,22,2026-08-21,2084,23600
2025247,23,2026-08-21,2153,23600
2025247,24,2026-08-21,2153,23600
2025247,39,2026-08-21,2084,23600
2025247,40,2026-08-21,2153,23600
2025247,83,2026-08-21,2084,23600
2025497,17,2026-09-04,1457,23600
2025497,18,2026-09-04,1457,23600
2025497,19,2026-09-04,1491,23600
2025497,20,2026-09-04,1491,23600
2025497,29,2026-08-21,2329,23600
2025497,30,2026-08-21,2329,23600
2025497,31,2026-08-21,2329,23600
2025497,57,2026-08-21,2329,23600
2025497,89,2026-08-21,2329,23600
2025675,21,2026-09-04,1647,20000
2025675,22,2026-09-04,1647,20000
2025675,39,2026-09-04,1647,20000
2026607,17,2026-08-27,1561,20000
2026607,18,2026-08-27,1561,20000
2026607,35,2026-11-19,2402,20000
2026607,36,2026-11-19,2402,20000
2026607,37,2026-11-19,2402,20000
2026607,50,2026-08-27,1561,20000
2027305,17,2026-08-27,1515,23600
2027305,18,2026-08-27,1515,23600
2027305,50,2026-08-27,1515,23600
2027305,87,2026-08-27,1515,23600
2033589,23,2026-08-21,2568,23600
2033589,23,2026-11-01,2674,23600
2033589,23,2026-11-02,2674,23600
2033589,23,2026-11-03,2674,23600
2033589,23,2026-11-04,2674,23600
2033589,23,2026-11-05,2674,23600
2033589,23,2026-11-12,2674,23600
2033589,23,2026-11-18,2674,23600
2033589,23,2026-11-19,2674,23600
2033589,24,2026-08-21,2568,23600
2033589,24,2026-11-01,2674,23600
2033589,24,2026-11-02,2674,23600
2033589,24,2026-11-03,2674,23600
2033589,24,2026-11-04,2674,23600
2033589,24,2026-11-05,2674,23600
2033589,24,2026-11-12,2674,23600
2033589,24,2026-11-18,2674,23600
2033589,24,2026-11-19,2674,23600
2033589,27,2026-08-21,2913,23600
2033589,27,2026-08-27,2910,23600
2033589,27,2026-11-01,3019,23600
2033589,27,2026-11-02,3019,23600
2033589,27,2026-11-03,3019,23600
2033589,27,2026-11-04,3019,23600
2033589,27,2026-11-05,3019,23600
2033589,27,2026-11-12,3019,23600
2033589,27,2026-11-18,3019,23600
2033589,27,2026-11-19,3019,23600
2033589,28,2026-08-21,2913,23600
2033589,28,2026-08-27,2910,23600
2033589,28,2026-11-01,3019,23600
2033589,28,2026-11-02,3019,23600
2033589,28,2026-11-03,3019,23600
2033589,28,2026-11-04,3019,23600
2033589,28,2026-11-05,3019,23600
2033589,28,2026-11-12,3019,23600
2033589,28,2026-11-18,3019,23600
2033589,28,2026-11-19,3019,23600
2033589,40,2026-08-21,2568,23600
2033589,40,2026-11-01,2674,23600
2033589,40,2026-11-02,2674,23600
2033589,40,2026-11-03,2674,23600
2033589,40,2026-11-04,2674,23600
2033589,40,2026-11-05,2674,23600
2033589,40,2026-11-12,2674,23600
2033589,40,2026-11-18,2674,23600
2033589,40,2026-11-19,2674,23600
2041595,17,2026-08-27,1208,23600
2041595,18,2026-08-27,1208,23600
2041595,50,2026-08-27,1208,23600
2043614,27,2026-08-22,1971,20000
2043614,28,2026-08-22,1971,20000
2051409,16,2026-08-30,1826,23600
2052900,27,2026-08-22,1979,23600
2052900,28,2026-08-22,1979,23600
2053245,27,2026-08-27,1748,23600
2053245,28,2026-08-27,1748,23600
2055589,27,2026-08-27,2328,23600
2055589,28,2026-08-27,2328,23600
2055653,19,2026-08-26,1760,23600
2055653,20,2026-08-26,1760,23600
2055653,29,2026-08-27,2137,23600
2055653,30,2026-08-27,2137,23600
2055653,31,2026-08-27,2137,23600
2055653,57,2026-08-27,2137,23600
2057538,29,2026-08-22,2353,23600
2057538,30,2026-08-22,2353,23600
2057538,31,2026-08-22,2353,23600
2057538,32,2026-08-22,2560,23600
2057538,32,2026-08-23,2555,23600
2057538,32,2026-08-24,2546,23600
2057538,32,2026-08-25,2545,23600
2057538,33,2026-08-22,2560,23600
2057538,33,2026-08-23,2555,23600
2057538,33,2026-08-24,2546,23600
2057538,33,2026-08-25,2545,23600
2057538,34,2026-08-22,2560,23600
2057538,34,2026-08-23,2555,23600
2057538,34,2026-08-24,2546,23600
2057538,34,2026-08-25,2545,23600
2057538,57,2026-08-22,2353,23600
2058446,27,2026-08-27,2405,23600
2058446,28,2026-08-27,2405,23600
2058505,17,2026-08-22,2182,23600
2058505,18,2026-08-22,2182,23600
2058505,19,2026-08-21,2265,23600
2058505,19,2026-08-22,2275,23600
2058505,20,2026-08-21,2265,23600
2058505,20,2026-08-22,2275,23600
2058505,21,2026-08-21,2310,23600
2058505,21,2026-08-22,2320,23600
2058505,22,2026-08-21,2310,23600
2058505,22,2026-08-22,2320,23600
2058505,23,2026-08-21,2403,23600
2058505,23,2026-08-22,2413,23600
2058505,24,2026-08-21,2403,23600
2058505,24,2026-08-22,2413,23600
2058505,39,2026-08-21,2310,23600
2058505,39,2026-08-22,2320,23600
2058505,40,2026-08-21,2403,23600
2058505,40,2026-08-22,2413,23600
2058505,50,2026-08-22,2182,23600
2058505,83,2026-08-21,2310,23600
2058505,83,2026-08-22,2320,23600
2061639,17,2026-08-27,1192,23600
2061639,18,2026-08-27,1192,23600
2061639,19,2026-08-27,1261,23600
2061639,20,2026-08-27,1261,23600
2061639,50,2026-08-27,1192,23600
2061880,17,2026-08-21,1543,27848
2061880,17,2027-08-21,1552,27848
2061880,18,2026-08-21,1543,27848
2061880,18,2027-08-21,1552,27848
2061880,19,2026-08-21,1612,27848
2061880,20,2026-08-21,1612,27848
2061880,21,2026-08-21,1750,27848
2061880,22,2026-08-21,1750,27848
2061880,39,2026-08-21,1750,27848
2061880,50,2026-08-21,1543,27848
2061880,50,2027-08-21,1552,27848
2061880,51,2026-08-21,1612,27848
2061880,83,2026-08-21,1750,27848
2061880,87,2026-08-21,1543,27848
2061880,87,2027-08-21,1552,27848
2061880,97,2026-08-21,1750,27848
2065286,19,2026-08-26,1758,23600
2065286,20,2026-08-26,1758,23600
2065286,21,2026-08-22,1774,23600
2065286,21,2026-08-25,1797,23600
2065286,22,2026-08-22,1774,23600
2065286,22,2026-08-25,1797,23600
2065286,23,2026-08-21,1909,23600
2065286,24,2026-08-21,1909,23600
2065286,27,2026-08-23,2307,23600
2065286,28,2026-08-23,2307,23600
2065286,39,2026-08-22,1774,23600
2065286,39,2026-08-25,1797,23600
2065286,40,2026-08-21,1909,23600
2065286,41,2026-08-23,2307,23600
2065286,45,2026-08-26,2724,23600
2065286,46,2026-08-26,2724,23600
2065286,83,2026-08-22,1774,23600
2065286,83,2026-08-25,1797,23600
2065286,84,2026-08-21,1909,23600
2065286,97,2026-08-22,1774,23600
2065286,97,2026-08-25,1797,23600
2065763,19,2026-08-22,1649,32861
2065763,20,2026-08-22,1649,32861
2065763,21,2026-08-22,1684,32861
2065763,22,2026-08-22,1684,32861
2065763,39,2026-08-22,1684,32861
2065763,51,2026-08-22,1649,32861
2065763,83,2026-08-22,1684,32861
2065763,88,2026-08-22,1649,32861
2065763,94,2026-08-22,1649,32861
2066561,17,2026-11-19,1455,27848
2066561,18,2026-11-19,1455,27848
2066561,23,2026-08-23,1607,27848
2066561,23,2026-08-24,1607,27848
2066561,24,2026-08-23,1607,27848
2066561,24,2026-08-24,1607,27848
2066561,27,2026-08-22,1965,27848
2066561,28,2026-08-22,1965,27848
2066561,29,2026-08-26,2297,27848
2066561,30,2026-08-26,2297,27848
2066561,31,2026-08-26,2297,27848
2066561,32,2026-08-26,2297,27848
2066561,33,2026-08-26,2297,27848
2066561,34,2026-08-26,2297,27848
2066561,40,2026-08-23,1607,27848
2066561,40,2026-08-24,1607,27848
2066561,42,2026-08-26,2297,27848
2066561,43,2026-08-26,2297,27848
2066561,47,2026-08-26,2297,27848
2066561,48,2026-08-26,2297,27848
2066561,50,2026-11-19,1455,27848
2066561,57,2026-08-26,2297,27848
2067711,17,2026-08-26,1268,23600
2067711,17,2026-08-27,1258,23600
2067711,18,2026-08-26,1268,23600
2067711,18,2026-08-27,1258,23600
2067711,19,2026-08-26,1268,23600
2067711,19,2026-08-27,1258,23600
2067711,20,2026-08-26,1268,23600
2067711,20,2026-08-27,1258,23600
2067711,50,2026-08-26,1268,23600
2067711,50,2026-08-27,1258,23600
2071014,27,2026-08-26,1949,23600
2071014,27,2026-08-27,1949,23600
2071014,28,2026-08-26,1949,23600
2071014,28,2026-08-27,1949,23600
2071352,15,2026-08-30,1666,23600
2071352,15,2026-11-19,1666,23600
2071352,16,2026-08-30,1666,23600
2071352,16,2026-11-19,1666,23600
2071352,38,2026-08-30,1666,23600
2071352,38,2026-11-19,1666,23600
2071352,52,2026-08-30,1666,23600
2071352,52,2026-11-19,1666,23600
2071352,76,2026-08-30,1666,23600
2071352,76,2026-11-19,1666,23600
2076114,17,2026-09-02,1643,20000
2076114,17,2026-11-19,1643,20000
2076114,18,2026-09-02,1643,20000
2076114,18,2026-11-19,1643,20000
2076114,19,2026-09-02,1643,20000
2076114,19,2026-11-19,1643,20000
2076114,20,2026-09-02,1643,20000
2076114,20,2026-11-19,1643,20000
2076114,50,2026-09-02,1643,20000
2076114,50,2026-11-19,1643,20000
2076114,51,2026-09-02,1643,20000
2076114,51,2026-11-19,1643,20000
2076114,87,2026-09-02,1643,20000
2076114,87,2026-11-19,1643,20000
2076663,25,2026-08-28,1299,23600
2076663,26,2026-08-28,1299,23600
2077421,23,2026-08-24,1209,23600
2077421,24,2026-08-24,1209,23600
2077421,27,2026-08-22,1531,23600
2077421,27,2026-08-23,1531,23600
2077421,28,2026-08-22,1531,23600
2077421,28,2026-08-23,1531,23600
2077421,40,2026-08-24,1209,23600
2079707,19,2026-08-23,1308,23600
2079707,19,2026-08-24,1308,23600
2079707,20,2026-08-23,1308,23600
2079707,20,2026-08-24,1308,23600
2079707,21,2026-08-23,1377,23600
2079707,21,2026-08-24,1377,23600
2079707,22,2026-08-23,1377,23600
2079707,22,2026-08-24,1377,23600
2079707,23,2026-08-23,1446,23600
2079707,23,2026-08-24,1446,23600
2079707,24,2026-08-23,1446,23600
2079707,24,2026-08-24,1446,23600
2079707,27,2026-08-21,1835,23600
2079707,28,2026-08-21,1835,23600
2079707,39,2026-08-23,1377,23600
2079707,39,2026-08-24,1377,23600
2079707,40,2026-08-23,1446,23600
2079707,40,2026-08-24,1446,23600
2079707,83,2026-08-23,1377,23600
2079707,83,2026-08-24,1377,23600
2083696,21,2026-08-26,1795,23600
2083696,21,2026-08-27,1807,23600
2083696,22,2026-08-26,1795,23600
2083696,22,2026-08-27,1807,23600
2083696,23,2026-08-26,1933,23600
2083696,24,2026-08-26,1933,23600
2083696,39,2026-08-26,1795,23600
2083696,39,2026-08-27,1807,23600
2083696,40,2026-08-26,1933,23600
2083696,83,2026-08-26,1795,23600
2083696,83,2026-08-27,1807,23600
2267797,23,2026-08-21,1629,23600
2267797,24,2026-08-21,1629,23600
2267797,27,2026-08-22,1942,23600
2267797,28,2026-08-22,1942,23600
2267797,40,2026-08-21,1629,23600
2685639,29,2026-10-09,3823,23600
2685639,29,2026-10-30,3823,23600
2685639,29,2026-10-31,3823,23600
2685639,29,2026-11-06,3823,23600
2685639,29,2026-11-13,3823,23600
2685639,30,2026-10-09,3823,23600
2685639,30,2026-10-30,3823,23600
2685639,30,2026-10-31,3823,23600
2685639,30,2026-11-06,3823,23600
2685639,30,2026-11-13,3823,23600
2685639,31,2026-10-09,3823,23600
2685639,31,2026-10-30,3823,23600
2685639,31,2026-10-31,3823,23600
2685639,31,2026-11-06,3823,23600
2685639,31,2026-11-13,3823,23600
2685639,32,2026-10-09,3961,23600
2685639,32,2026-10-30,3961,23600
2685639,32,2026-10-31,3961,23600
2685639,32,2026-11-06,3961,23600
2685639,32,2026-11-13,3961,23600
2685639,33,2026-10-09,3961,23600
2685639,33,2026-10-30,3961,23600
2685639,33,2026-10-31,3961,23600
2685639,33,2026-11-06,3961,23600
2685639,33,2026-11-13,3961,23600
2685639,34,2026-10-09,3961,23600
2685639,34,2026-10-30,3961,23600
2685639,34,2026-10-31,3961,23600
2685639,34,2026-11-06,3961,23600
2685639,34,2026-11-13,3961,23600
2685639,57,2026-10-09,3823,23600
2685639,57,2026-10-30,3823,23600
2685639,57,2026-10-31,3823,23600
2685639,57,2026-11-06,3823,23600
2685639,57,2026-11-13,3823,23600
2686403,17,2026-09-04,1420,23600
2686403,18,2026-09-04,1420,23600
2686403,19,2026-09-04,1506,23600
2686403,20,2026-09-04,1506,23600
2686403,32,2026-08-28,1972,23600
2686403,33,2026-08-28,1972,23600
2686403,34,2026-08-28,1972,23600
2686403,35,2026-09-04,2386,23600
2686403,36,2026-09-04,2386,23600
2686403,50,2026-09-04,1420,23600
3002526,17,2026-08-28,1227,23600
3002526,17,2026-08-29,1227,23600
3002526,18,2026-08-28,1227,23600
3002526,18,2026-08-29,1227,23600
3002526,19,2026-08-28,1296,23600
3002526,19,2026-08-29,1296,23600
3002526,20,2026-08-28,1296,23600
3002526,20,2026-08-29,1296,23600
3002526,50,2026-08-28,1227,23600
3002526,50,2026-08-29,1227,23600
3002526,51,2026-08-28,1296,23600
3002526,51,2026-08-29,1296,23600
3002526,87,2026-08-28,1227,23600
3002526,87,2026-08-29,1227,23600
3006134,21,2026-11-19,1747,23600
3006134,22,2026-11-19,1747,23600
3006134,39,2026-11-19,1747,23600
3006134,83,2026-11-19,1747,23600
4476459,15,2026-08-24,1248,23600
4476459,16,2026-08-24,1248,23600
4476459,38,2026-08-24,1248,23600
4476459,52,2026-08-24,1248,23600
4476459,76,2026-08-24,1248,23600
4477291,21,2026-08-28,1461,20000
4477291,21,2026-08-29,1461,20000
4477291,21,2026-08-30,1461,20000
4477291,21,2026-08-31,1461,20000
4477291,21,2026-09-01,1461,20000
4477291,21,2026-09-02,1461,20000
4477291,21,2026-09-03,1461,20000
4477291,21,2026-09-07,1461,20000
4477291,21,2026-09-08,1461,20000
4477291,21,2026-09-09,1461,20000
4477291,21,2026-09-10,1461,20000
4477291,21,2026-09-15,1461,20000
4477291,21,2026-09-16,1461,20000
4477291,21,2026-09-17,1461,20000
4477291,21,2026-09-20,1461,20000
4477291,21,2026-09-21,1461,20000
4477291,21,2026-09-22,1461,20000
4477291,21,2026-09-23,1461,20000
4477291,21,2026-09-24,1461,20000
4477291,21,2026-09-27,1461,20000
4477291,21,2026-09-28,1461,20000
4477291,21,2026-09-29,1461,20000
4477291,21,2026-09-30,1461,20000
4477291,21,2026-11-01,1461,20000
4477291,21,2026-11-02,1461,20000
4477291,21,2026-11-03,1461,20000
4477291,21,2026-11-04,1461,20000
4477291,21,2026-11-05,1461,20000
4477291,21,2026-11-11,1461,20000
4477291,21,2026-11-12,1461,20000
4477291,21,2026-11-17,1461,20000
4477291,21,2026-11-18,1461,20000
4477291,21,2026-11-19,1461,20000
4477291,22,2026-08-28,1461,20000
4477291,22,2026-08-29,1461,20000
4477291,22,2026-08-30,1461,20000
4477291,22,2026-08-31,1461,20000
4477291,22,2026-09-01,1461,20000
4477291,22,2026-09-02,1461,20000
4477291,22,2026-09-03,1461,20000
4477291,22,2026-09-07,1461,20000
4477291,22,2026-09-08,1461,20000
4477291,22,2026-09-09,1461,20000
4477291,22,2026-09-10,1461,20000
4477291,22,2026-09-15,1461,20000
4477291,22,2026-09-16,1461,20000
4477291,22,2026-09-17,1461,20000
4477291,22,2026-09-20,1461,20000
4477291,22,2026-09-21,1461,20000
4477291,22,2026-09-22,1461,20000
4477291,22,2026-09-23,1461,20000
4477291,22,2026-09-24,1461,20000
4477291,22,2026-09-27,1461,20000
4477291,22,2026-09-28,1461,20000
4477291,22,2026-09-29,1461,20000
4477291,22,2026-09-30,1461,20000
4477291,22,2026-11-01,1461,20000
4477291,22,2026-11-02,1461,20000
4477291,22,2026-11-03,1461,20000
4477291,22,2026-11-04,1461,20000
4477291,22,2026-11-05,1461,20000
4477291,22,2026-11-11,1461,20000
4477291,22,2026-11-12,1461,20000
4477291,22,2026-11-17,1461,20000
4477291,22,2026-11-18,1461,20000
4477291,22,2026-11-19,1461,20000
4477291,23,2026-08-28,1461,20000
4477291,23,2026-08-29,1461,20000
4477291,23,2026-08-31,1461,20000
4477291,23,2026-09-01,1461,20000
4477291,23,2026-09-02,1461,20000
4477291,23,2026-09-03,1461,20000
4477291,23,2026-09-07,1461,20000
4477291,23,2026-09-08,1461,20000
4477291,23,2026-09-09,1461,20000
4477291,23,2026-09-10,1461,20000
4477291,23,2026-09-15,1461,20000
4477291,23,2026-09-16,1461,20000
4477291,23,2026-09-17,1461,20000
4477291,23,2026-09-20,1461,20000
4477291,23,2026-09-21,1461,20000
4477291,23,2026-09-22,1461,20000
4477291,23,2026-09-23,1461,20000
4477291,23,2026-09-24,1461,20000
4477291,23,2026-09-27,1461,20000
4477291,23,2026-09-28,1461,20000
4477291,23,2026-09-29,1461,20000
4477291,23,2026-09-30,1461,20000
4477291,23,2026-10-05,1461,20000
4477291,23,2026-10-26,1461,20000
4477291,23,2026-11-01,1461,20000
4477291,23,2026-11-02,1461,20000
4477291,23,2026-11-03,1461,20000
4477291,23,2026-11-04,1461,20000
4477291,23,2026-11-05,1461,20000
4477291,23,2026-11-11,1461,20000
4477291,23,2026-11-12,1461,20000
4477291,23,2026-11-17,1461,20000
4477291,23,2026-11-18,1461,20000
4477291,24,2026-08-28,1461,20000
4477291,24,2026-08-29,1461,20000
4477291,24,2026-08-31,1461,20000
4477291,24,2026-09-01,1461,20000
4477291,24,2026-09-02,1461,20000
4477291,24,2026-09-03,1461,20000
4477291,24,2026-09-07,1461,20000
4477291,24,2026-09-08,1461,20000
4477291,24,2026-09-09,1461,20000
4477291,24,2026-09-10,1461,20000
4477291,24,2026-09-15,1461,20000
4477291,24,2026-09-16,1461,20000
4477291,24,2026-09-17,1461,20000
4477291,24,2026-09-20,1461,20000
4477291,24,2026-09-21,1461,20000
4477291,24,2026-09-22,1461,20000
4477291,24,2026-09-23,1461,20000
4477291,24,2026-09-24,1461,20000
4477291,24,2026-09-27,1461,20000
4477291,24,2026-09-28,1461,20000
4477291,24,2026-09-29,1461,20000
4477291,24,2026-09-30,1461,20000
4477291,24,2026-10-05,1461,20000
4477291,24,2026-10-26,1461,20000
4477291,24,2026-11-01,1461,20000
4477291,24,2026-11-02,1461,20000
4477291,24,2026-11-03,1461,20000
4477291,24,2026-11-04,1461,20000
4477291,24,2026-11-05,1461,20000
4477291,24,2026-11-11,1461,20000
4477291,24,2026-11-12,1461,20000
4477291,24,2026-11-17,1461,20000
4477291,24,2026-11-18,1461,20000
4477291,39,2026-08-28,1461,20000
4477291,39,2026-08-29,1461,20000
4477291,39,2026-08-30,1461,20000
4477291,39,2026-08-31,1461,20000
4477291,39,2026-09-01,1461,20000
4477291,39,2026-09-02,1461,20000
4477291,39,2026-09-03,1461,20000
4477291,39,2026-09-07,1461,20000
4477291,39,2026-09-08,1461,20000
4477291,39,2026-09-09,1461,20000
4477291,39,2026-09-10,1461,20000
4477291,39,2026-09-15,1461,20000
4477291,39,2026-09-16,1461,20000
4477291,39,2026-09-17,1461,20000
4477291,39,2026-09-20,1461,20000
4477291,39,2026-09-21,1461,20000
4477291,39,2026-09-22,1461,20000
4477291,39,2026-09-23,1461,20000
4477291,39,2026-09-24,1461,20000
4477291,39,2026-09-27,1461,20000
4477291,39,2026-09-28,1461,20000
4477291,39,2026-09-29,1461,20000
4477291,39,2026-09-30,1461,20000
4477291,39,2026-11-01,1461,20000
4477291,39,2026-11-02,1461,20000
4477291,39,2026-11-03,1461,20000
4477291,39,2026-11-04,1461,20000
4477291,39,2026-11-05,1461,20000
4477291,39,2026-11-11,1461,20000
4477291,39,2026-11-12,1461,20000
4477291,39,2026-11-17,1461,20000
4477291,39,2026-11-18,1461,20000
4477291,39,2026-11-19,1461,20000
5000022,23,2026-11-19,2137,20000
5000022,24,2026-11-19,2137,20000
5000022,27,2026-08-27,2348,20000
5000022,28,2026-08-27,2348,20000
5000022,40,2026-11-19,2137,20000
6809984,27,2026-08-27,1598,20000
6809984,28,2026-08-27,1598,20000
9772256,25,2026-10-06,3358,23600
9772256,25,2026-10-07,3358,23600
9772256,25,2026-10-08,3358,23600
9772256,25,2026-10-27,3315,23600
9772256,25,2026-10-28,3315,23600
9772256,25,2026-10-29,3315,23600
9772256,25,2026-11-01,3435,23600
9772256,25,2026-11-02,3435,23600
9772256,25,2026-11-03,3435,23600
9772256,25,2026-11-04,3435,23600
9772256,25,2026-11-05,3435,23600
9772256,25,2026-11-12,3435,23600
9772256,25,2026-11-18,3435,23600
9772256,26,2026-10-06,3358,23600
9772256,26,2026-10-07,3358,23600
9772256,26,2026-10-08,3358,23600
9772256,26,2026-10-27,3315,23600
9772256,26,2026-10-28,3315,23600
9772256,26,2026-10-29,3315,23600
9772256,26,2026-11-01,3435,23600
9772256,26,2026-11-02,3435,23600
9772256,26,2026-11-03,3435,23600
9772256,26,2026-11-04,3435,23600
9772256,26,2026-11-05,3435,23600
9772256,26,2026-11-12,3435,23600
9772256,26,2026-11-18,3435,23600
0002365,19,2026-09-04,1887,23600
0002365,20,2026-09-04,1887,23600
0002365,51,2026-09-04,1887,23600
0003211,25,2026-08-21,1906,23600
0003211,25,2026-08-22,1902,23600
0003211,25,2026-08-23,1902,23600
0003211,25,2026-08-24,1901,23600
0003211,25,2026-08-25,1900,23600
0003211,25,2026-08-26,1900,23600
0015738,19,2026-08-27,1518,23600
0015738,20,2026-08-27,1518,23600
0015738,21,2026-08-27,1552,23600
0015738,22,2026-08-27,1552,23600
0015738,23,2026-08-27,1621,23600
0015738,24,2026-08-27,1621,23600
0015738,39,2026-08-27,1552,23600
0015738,40,2026-08-27,1621,23600
0015738,83,2026-08-27,1552,23600
0045959,18,2026-08-27,1594,20000
0045959,19,2026-08-27,1698,20000
0045959,20,2026-08-27,1698,20000
0045959,25,2026-08-26,2028,23600
0045959,26,2026-08-26,2028,23600
0045959,27,2026-08-26,2269,20000
0045959,28,2026-08-26,2269,20000
0045959,29,2026-08-27,1870,23600
0045959,30,2026-08-27,1870,23600
0045959,31,2026-08-27,1870,23600
0045959,32,2026-08-27,1974,23600
0045959,33,2026-08-27,1974,23600
0045959,34,2026-08-27,1974,23600
0045959,50,2026-08-27,1594,20000
0045959,51,2026-08-27,1698,20000
0045959,57,2026-08-27,1870,23600
0191524,17,2026-08-24,1628,23600
0191524,17,2026-08-25,1628,23600
0191524,17,2026-08-26,1628,23600
0191524,17,2026-09-04,2000,23600
0191524,18,2026-08-24,1628,23600
0191524,18,2026-08-25,1628,23600
0191524,18,2026-08-26,1628,23600
0191524,18,2026-09-04,2000,23600
0191524,19,2026-08-24,1766,23600
0191524,19,2026-08-25,1766,23600
0191524,19,2026-08-26,1766,23600
0191524,20,2026-08-24,1766,23600
0191524,20,2026-08-25,1766,23600
0191524,20,2026-08-26,1766,23600
0191524,50,2026-08-24,1628,23600
0191524,50,2026-08-25,1628,23600
0191524,50,2026-08-26,1628,23600
0191524,50,2026-09-04,2000,23600
0191524,51,2026-08-24,1766,23600
0191524,51,2026-08-25,1766,23600
0191524,51,2026-08-26,1766,23600
0191524,87,2026-08-24,1628,23600
0191524,87,2026-08-25,1628,23600
0191524,87,2026-08-26,1628,23600
0191524,87,2026-09-04,2000,23600
0207833,29,2026-11-19,3613,27848
0207833,30,2026-11-19,3613,27848
0207833,31,2026-11-19,3613,27848
0207833,32,2026-11-19,3613,27848
0207833,33,2026-11-19,3613,27848
0207833,34,2026-11-19,3613,27848
0207833,57,2026-11-19,3613,27848
0207833,58,2026-11-19,3613,27848
0207833,89,2026-11-19,3613,27848
0243121,23,2026-08-26,1840,23600
0243121,23,2026-08-27,1840,23600
0243121,24,2026-08-26,1840,23600
0243121,24,2026-08-27,1840,23600
0243121,40,2026-08-26,1840,23600
0243121,40,2026-08-27,1840,23600
0243252,29,2026-08-24,3217,23600
0243252,29,2026-08-25,3217,23600
0243252,30,2026-08-24,3217,23600
0243252,30,2026-08-25,3217,23600
0243252,31,2026-08-24,3217,23600
0243252,31,2026-08-25,3217,23600
0243252,57,2026-08-24,3217,23600
0243252,57,2026-08-25,3217,23600
0325023,32,2027-08-21,2229,23600
0325023,33,2027-08-21,2229,23600
0325023,34,2027-08-21,2229,23600
0327829,27,2026-08-24,1554,23600
0327829,28,2026-08-24,1554,23600
0371149,19,2026-08-22,3036,23600
0371149,19,2026-08-27,3036,23600
0371149,20,2026-08-22,3036,23600
0371149,20,2026-08-27,3036,23600
0377366,42,2026-11-19,3008,23600
0377366,43,2026-11-19,3008,23600
0377366,44,2026-11-19,3008,23600
0395630,17,2026-08-22,1735,35400
0395630,18,2026-08-22,1735,35400
0395630,19,2026-08-22,1839,35400
0395630,20,2026-08-22,1839,35400
0395630,21,2026-08-24,2210,35400
0395630,21,2026-08-26,2202,35400
0395630,22,2026-08-24,2210,35400
0395630,22,2026-08-26,2202,35400
0395630,23,2026-08-24,2314,35400
0395630,23,2026-08-26,2305,35400
0395630,24,2026-08-24,2314,35400
0395630,24,2026-08-26,2305,35400
0395630,39,2026-08-24,2210,35400
0395630,39,2026-08-26,2202,35400
0395630,40,2026-08-24,2314,35400
0395630,40,2026-08-26,2305,35400
0395630,50,2026-08-22,1735,35400
0395630,83,2026-08-24,2210,35400
0395630,83,2026-08-26,2202,35400
0414566,25,2026-08-27,1303,23600
0414566,26,2026-08-27,1303,23600
0468785,21,2026-09-01,2179,23600
0468785,21,2026-09-02,2179,23600
0468785,21,2026-09-03,2178,23600
0468785,22,2026-09-01,2179,23600
0468785,22,2026-09-02,2179,23600
0468785,22,2026-09-03,2178,23600
0468785,23,2026-09-01,2317,23600
0468785,23,2026-09-02,2317,23600
0468785,23,2026-09-03,2316,23600
0468785,24,2026-09-01,2317,23600
0468785,24,2026-09-02,2317,23600
0468785,24,2026-09-03,2316,23600
0468785,25,2026-09-01,2455,23600
0468785,25,2026-09-02,2455,23600
0468785,25,2026-09-03,2454,23600
0468785,26,2026-09-01,2455,23600
0468785,26,2026-09-02,2455,23600
0468785,26,2026-09-03,2454,23600
0468785,39,2026-09-01,2179,23600
0468785,39,2026-09-02,2179,23600
0468785,39,2026-09-03,2178,23600
0468785,40,2026-09-01,2317,23600
0468785,40,2026-09-02,2317,23600
0468785,40,2026-09-03,2316,23600
0468785,83,2026-09-01,2179,23600
0468785,83,2026-09-02,2179,23600
0468785,83,2026-09-03,2178,23600
0471678,17,2026-08-23,2473,23600
0471678,18,2026-08-23,2473,23600
0471678,19,2026-08-23,2473,23600
0471678,20,2026-08-23,2473,23600
0471678,27,2026-08-24,3589,23600
0471678,27,2026-08-26,3898,23600
0471678,28,2026-08-24,3589,23600
0471678,28,2026-08-26,3898,23600
0471678,29,2026-08-24,3589,23600
0471678,29,2026-08-26,3898,23600
0471678,30,2026-08-24,3589,23600
0471678,30,2026-08-26,3898,23600
0471678,31,2026-08-24,3589,23600
0471678,31,2026-08-26,3898,23600
0471678,32,2026-08-24,3589,23600
0471678,32,2026-08-26,3898,23600
0471678,33,2026-08-24,3589,23600
0471678,33,2026-08-26,3898,23600
0471678,34,2026-08-24,3589,23600
0471678,34,2026-08-26,3898,23600
0471678,42,2026-08-25,4984,23600
0471678,43,2026-08-25,4984,23600
0471678,50,2026-08-23,2473,23600
0471678,51,2026-08-23,2473,23600
0471678,57,2026-08-24,3589,23600
0471678,57,2026-08-26,3898,23600
0471678,58,2026-08-24,3589,23600
0471678,58,2026-08-26,3898,23600
0471678,87,2026-08-23,2473,23600
0471678,89,2026-08-24,3589,23600
0471678,89,2026-08-26,3898,23600
0472129,21,2026-11-06,1945,23600
0472129,21,2026-11-06,1945,23600
0472129,22,2026-11-06,1945,23600
0472129,22,2026-11-06,1945,23600
0472129,23,2026-11-06,1945,23600
0472129,23,2026-11-06,1945,23600
0472129,24,2026-11-06,1945,23600
0472129,24,2026-11-06,1945,23600
0472129,27,2026-09-02,2115,23600
0472129,28,2026-09-02,2115,23600
0472129,29,2026-09-02,2184,23600
0472129,29,2026-09-02,2184,23600
0472129,30,2026-09-02,2184,23600
0472129,30,2026-09-02,2184,23600
0472129,31,2026-09-02,2184,23600
0472129,35,2026-11-19,2857,23600
0472129,36,2026-11-19,2857,23600
0472129,39,2026-11-06,1945,23600
0472129,40,2026-11-06,1945,23600
0472129,57,2026-09-02,2184,23600
0472129,83,2026-11-06,1945,23600
1043825,21,2026-08-23,1854,23600
1043825,21,2026-08-24,1854,23600
1043825,21,2026-08-26,1854,23600
1043825,21,2026-08-27,1854,23600
1043825,21,2026-08-30,1854,23600
1043825,21,2026-08-31,1854,23600
1043825,22,2026-08-23,1854,23600
1043825,22,2026-08-24,1854,23600
1043825,22,2026-08-26,1854,23600
1043825,22,2026-08-27,1854,23600
1043825,22,2026-08-30,1854,23600
1043825,22,2026-08-31,1854,23600
1043825,23,2026-08-23,1923,23600
1043825,23,2026-08-24,1923,23600
1043825,23,2026-08-26,1923,23600
1043825,23,2026-08-27,1923,23600
1043825,23,2026-08-30,1923,23600
1043825,23,2026-08-31,1923,23600
1043825,23,2026-09-02,1923,23600
1043825,23,2026-11-19,1923,23600
1043825,24,2026-08-23,1923,23600
1043825,24,2026-08-24,1923,23600
1043825,24,2026-08-26,1923,23600
1043825,24,2026-08-27,1923,23600
1043825,24,2026-08-30,1923,23600
1043825,24,2026-08-31,1923,23600
1043825,24,2026-09-02,1923,23600
1043825,24,2026-11-19,1923,23600
1043825,27,2026-09-04,2268,23600
1043825,28,2026-09-04,2268,23600
1043825,39,2026-08-23,1854,23600
1043825,39,2026-08-24,1854,23600
1043825,39,2026-08-26,1854,23600
1043825,39,2026-08-27,1854,23600
1043825,39,2026-08-30,1854,23600
1043825,39,2026-08-31,1854,23600
1043825,40,2026-08-23,1923,23600
1043825,40,2026-08-24,1923,23600
1043825,40,2026-08-26,1923,23600
1043825,40,2026-08-27,1923,23600
1043825,40,2026-08-30,1923,23600
1043825,40,2026-08-31,1923,23600
1043825,40,2026-09-02,1923,23600
1043825,40,2026-11-19,1923,23600
1043825,83,2026-08-23,1854,23600
1043825,83,2026-08-24,1854,23600
1043825,83,2026-08-26,1854,23600
1043825,83,2026-08-27,1854,23600
1043825,83,2026-08-30,1854,23600
1043825,83,2026-08-31,1854,23600
1075048,32,2026-08-23,1677,23600
1075048,33,2026-08-23,1677,23600
1075048,34,2026-08-23,1677,23600
1075048,35,2026-08-24,2063,23600
1075048,35,2026-08-27,2067,23600
1075048,35,2026-09-01,2271,23600
1075048,35,2026-09-02,2271,23600
1075048,35,2026-09-03,2271,23600
1075048,35,2026-09-04,2271,23600
1075048,35,2026-11-19,2271,23600
1075048,36,2026-08-24,2063,23600
1075048,36,2026-08-27,2067,23600
1075048,36,2026-09-01,2271,23600
1075048,36,2026-09-02,2271,23600
1075048,36,2026-09-03,2271,23600
1075048,36,2026-09-04,2271,23600
1075048,36,2026-11-19,2271,23600
1076395,19,2026-08-24,1508,23600
1076395,20,2026-08-24,1508,23600
1076395,21,2026-08-24,1442,23600
1076395,22,2026-08-24,1442,23600
1076395,23,2026-08-24,1580,23600
1076395,24,2026-08-24,1580,23600
1076395,39,2026-08-24,1442,23600
1076395,40,2026-08-24,1580,23600
1076395,51,2026-08-24,1508,23600
1076395,83,2026-08-24,1442,23600
1107594,27,2026-09-01,1851,23600
1107594,27,2026-09-01,1851,23600
1107594,27,2026-09-03,1851,23600
1107594,27,2026-09-03,1851,23600
1107594,28,2026-09-01,1851,23600
1107594,28,2026-09-01,1851,23600
1107594,28,2026-09-03,1851,23600
1107594,28,2026-09-03,1851,23600
1125534,17,2026-08-22,1566,23600
1125534,18,2026-08-22,1566,23600
1125534,19,2026-08-22,1566,23600
1125534,20,2026-08-22,1566,23600
1125534,50,2026-08-22,1566,23600
1125927,42,2026-08-28,2118,23600
1125927,42,2026-11-08,2480,23600
1125927,42,2026-11-09,2480,23600
1125927,42,2026-11-10,2480,23600
1125927,42,2026-11-11,2480,23600
1125927,42,2026-11-15,2480,23600
1125927,42,2026-11-16,2480,23600
1125927,42,2026-11-17,2480,23600
1125927,43,2026-08-28,2118,23600
1125927,43,2026-11-08,2480,23600
1125927,43,2026-11-09,2480,23600
1125927,43,2026-11-10,2480,23600
1125927,43,2026-11-11,2480,23600
1125927,43,2026-11-15,2480,23600
1125927,43,2026-11-16,2480,23600
1125927,43,2026-11-17,2480,23600
1125927,44,2026-08-28,2118,23600
1125927,44,2026-11-08,2480,23600
1125927,44,2026-11-09,2480,23600
1125927,44,2026-11-10,2480,23600
1125927,44,2026-11-11,2480,23600
1125927,44,2026-11-15,2480,23600
1125927,44,2026-11-16,2480,23600
1125927,44,2026-11-17,2480,23600
1125927,47,2026-10-30,2412,23600
1125927,47,2026-10-31,2412,23600
1125927,47,2026-11-01,2412,23600
1125927,47,2026-11-02,2412,23600
1125927,47,2026-11-03,2412,23600
1125927,47,2026-11-04,2412,23600
1125927,47,2026-11-05,2412,23600
1125927,47,2026-11-12,2412,23600
1125927,47,2026-11-18,2412,23600
1125927,48,2026-10-30,2412,23600
1125927,48,2026-10-31,2412,23600
1125927,48,2026-11-01,2412,23600
1125927,48,2026-11-02,2412,23600
1125927,48,2026-11-03,2412,23600
1125927,48,2026-11-04,2412,23600
1125927,48,2026-11-05,2412,23600
1125927,48,2026-11-12,2412,23600
1125927,48,2026-11-18,2412,23600
1126702,17,2026-08-26,1770,23600
1126702,18,2026-08-26,1770,23600
1126702,19,2026-08-26,1874,23600
1126702,20,2026-08-26,1874,23600
1126702,50,2026-08-26,1770,23600
1126702,51,2026-08-26,1874,23600
1126702,87,2026-08-26,1770,23600
1127927,21,2026-08-23,1484,23600
1127927,21,2026-08-24,1484,23600
1127927,21,2026-08-25,1484,23600
1127927,21,2026-08-26,1484,23600
1127927,22,2026-08-23,1484,23600
1127927,22,2026-08-24,1484,23600
1127927,22,2026-08-25,1484,23600
1127927,22,2026-08-26,1484,23600
1127927,39,2026-08-23,1484,23600
1127927,39,2026-08-24,1484,23600
1127927,39,2026-08-25,1484,23600
1127927,39,2026-08-26,1484,23600
1127927,83,2026-08-23,1484,23600
1127927,83,2026-08-24,1484,23600
1127927,83,2026-08-25,1484,23600
1127927,83,2026-08-26,1484,23600
1131768,23,2026-08-27,1785,23600
1131768,24,2026-08-27,1785,23600
1131768,40,2026-08-27,1785,23600
1148276,29,2026-11-19,3444,20000
1148276,30,2026-11-19,3444,20000
1148276,31,2026-11-19,3444,20000
1148276,32,2026-11-19,3444,20000
1148276,33,2026-11-19,3444,20000
1148276,34,2026-11-19,3444,20000
1148276,57,2026-11-19,3444,20000
1152305,17,2026-11-19,1803,23600
1152305,17,2026-11-19,1803,23600
1152305,18,2026-11-19,1803,23600
1152305,18,2026-11-19,1803,23600
1152305,19,2026-08-21,1872,23600
1152305,19,2026-08-21,1872,23600
1152305,20,2026-08-21,1872,23600
1152305,20,2026-08-21,1872,23600
1152305,21,2026-08-21,2010,23600
1152305,21,2026-08-21,2010,23600
1152305,22,2026-08-21,2010,23600
1152305,22,2026-08-21,2010,23600
1152305,39,2026-08-21,2010,23600
1152305,50,2026-11-19,1803,23600
1152305,83,2026-08-21,2010,23600
1165642,15,2026-08-21,1320,23600
1165642,17,2026-08-21,1458,23600
1165642,18,2026-08-21,1458,23600
1165642,19,2026-08-22,1610,23600
1165642,19,2026-08-23,1605,23600
1165642,19,2026-08-24,1610,23600
1165642,19,2026-08-25,1610,23600
1165642,19,2026-08-26,1610,23600
1165642,20,2026-08-22,1610,23600
1165642,20,2026-08-23,1605,23600
1165642,20,2026-08-24,1610,23600
1165642,20,2026-08-25,1610,23600
1165642,20,2026-08-26,1610,23600
1165642,24179,2026-08-26,3715,23600
1165642,24179,2026-08-27,3710,23600
1165642,29,2026-08-26,3715,23600
1165642,29,2026-08-27,3710,23600
1165642,30,2026-08-26,3715,23600
1165642,30,2026-08-27,3710,23600
1165642,31,2026-08-26,3715,23600
1165642,31,2026-08-27,3710,23600
1165642,32,2026-08-27,3813,23600
1165642,33,2026-08-27,3813,23600
1165642,34,2026-08-27,3813,23600
1165642,38,2026-08-21,1320,23600
1165642,50,2026-08-21,1458,23600
1165642,57,2026-08-26,3715,23600
1165642,57,2026-08-27,3710,23600
1165642,58,2026-08-27,3813,23600
1165642,89,2026-08-26,3715,23600
1165642,89,2026-08-27,3710,23600
1165642,90,2026-08-27,3813,23600
1165837,45,2026-09-02,2614,23600
1165837,46,2026-09-02,2614,23600
1166122,29,2026-08-21,2047,23600
1166122,30,2026-08-21,2047,23600
1166122,31,2026-08-21,2047,23600
1166122,32,2026-08-21,2047,23600
1166122,33,2026-08-21,2047,23600
1166122,34,2026-08-21,2047,23600
1166122,57,2026-08-21,2047,23600
1166252,15,2026-09-01,1143,23600
1166252,15,2026-09-02,1143,23600
1166252,15,2026-09-03,1143,23600
1166252,16,2026-08-27,1179,23600
1166252,23,2026-09-04,2178,23600
1166252,24,2026-09-04,2178,23600
1166252,38,2026-09-01,1143,23600
1166252,38,2026-09-02,1143,23600
1166252,38,2026-09-03,1143,23600
1166252,40,2026-09-04,2178,23600
1167277,19,2026-08-22,1181,23600
1167277,20,2026-08-22,1181,23600
1168316,19,2026-08-28,1783,23600
1168316,19,2026-08-29,1783,23600
1168316,19,2026-08-31,1783,23600
1168316,19,2026-09-02,1783,23600
1168316,19,2026-09-04,1783,23600
1168316,20,2026-08-28,1783,23600
1168316,20,2026-08-29,1783,23600
1168316,20,2026-08-31,1783,23600
1168316,20,2026-09-02,1783,23600
1168316,20,2026-09-04,1783,23600
1168316,29,2026-11-19,2335,23600
1168316,30,2026-11-19,2335,23600
1168316,31,2026-11-19,2335,23600
1168316,32,2026-11-19,2404,23600
1168316,33,2026-11-19,2404,23600
1168316,34,2026-11-19,2404,23600
1168316,51,2026-08-28,1783,23600
1168316,51,2026-08-29,1783,23600
1168316,51,2026-08-31,1783,23600
1168316,51,2026-09-02,1783,23600
1168316,51,2026-09-04,1783,23600
1168316,57,2026-11-19,2335,23600
1168384,25,2026-08-27,1176,23600
1168384,26,2026-08-27,1176,23600
1176148,35,2026-08-27,2059,23600
1176148,36,2026-08-27,2059,23600
1191684,17,2026-08-23,1378,20000
1191684,18,2026-08-23,1378,20000
1191684,19,2026-08-26,1563,20000
1191684,20,2026-08-26,1563,20000
1191684,50,2026-08-23,1378,20000
1193381,29,2026-09-04,4429,23600
1193381,30,2026-09-04,4429,23600
1193381,31,2026-09-04,4429,23600
1193381,32,2026-09-04,4429,23600
1193381,33,2026-09-04,4429,23600
1193381,34,2026-09-04,4429,23600
1193381,57,2026-09-04,4429,23600
1197891,15,2026-11-19,1905,23600
1197891,16,2026-11-19,1974,23600
1197891,17,2026-11-19,2078,23600
1197891,18,2026-11-19,2078,23600
1197891,19,2026-11-19,2147,23600
1197891,20,2026-11-19,2147,23600
1197891,38,2026-11-19,1905,23600
1197891,50,2026-11-19,2078,23600
1203621,21,2026-08-27,1825,23600
1203621,22,2026-08-27,1825,23600
1203621,23,2026-08-27,1825,23600
1203621,24,2026-08-27,1825,23600
1203621,39,2026-08-27,1825,23600
1204404,25,2026-08-22,1317,20000
1204404,26,2026-08-22,1317,20000
1204404,27,2026-11-19,2207,20000
1204404,28,2026-11-19,2207,20000
1205898,17,2026-08-26,1474,23600
1205898,18,2026-08-26,1474,23600
1205898,50,2026-08-26,1474,23600
1209749,15,2026-08-28,1301,38776
1209749,15,2026-08-30,1301,38776
1209749,15,2026-08-31,1301,38776
1209749,15,2026-09-01,1301,38776
1209749,15,2026-09-02,1301,38776
1209749,15,2026-09-03,1301,38776
1209749,15,2026-09-07,1300,38776
1209749,15,2026-09-08,1300,38776
1209749,15,2026-09-09,1300,38776
1209749,15,2026-09-10,1300,38776
1209749,15,2026-09-11,1478,38776
1209749,15,2026-09-15,1300,38776
1209749,15,2026-09-16,1300,38776
1209749,15,2026-09-17,1300,38776
1209749,15,2026-09-18,1478,38776
1209749,15,2026-09-19,1478,38776
1209749,15,2026-09-20,1300,38776
1209749,15,2026-09-21,1300,38776
1209749,15,2026-09-22,1300,38776
1209749,15,2026-09-23,1300,38776
1209749,15,2026-09-24,1300,38776
1209749,15,2026-09-27,1300,38776
1209749,15,2026-09-28,1300,38776
1209749,15,2026-09-29,1300,38776
1209749,15,2026-09-30,1300,38776
1209749,15,2026-10-06,1300,38776
1209749,15,2026-10-07,1300,38776
1209749,15,2026-10-08,1300,38776
1209749,16,2026-08-28,1301,38776
1209749,16,2026-08-30,1301,38776
1209749,16,2026-08-31,1301,38776
1209749,16,2026-09-01,1301,38776
1209749,16,2026-09-02,1301,38776
1209749,16,2026-09-03,1301,38776
1209749,16,2026-09-07,1300,38776
1209749,16,2026-09-08,1300,38776
1209749,16,2026-09-09,1300,38776
1209749,16,2026-09-10,1300,38776
1209749,16,2026-09-11,1478,38776
1209749,16,2026-09-15,1300,38776
1209749,16,2026-09-16,1300,38776
1209749,16,2026-09-17,1300,38776
1209749,16,2026-09-18,1478,38776
1209749,16,2026-09-19,1478,38776
1209749,16,2026-09-20,1300,38776
1209749,16,2026-09-21,1300,38776
1209749,16,2026-09-22,1300,38776
1209749,16,2026-09-23,1300,38776
1209749,16,2026-09-24,1300,38776
1209749,16,2026-09-27,1300,38776
1209749,16,2026-09-28,1300,38776
1209749,16,2026-09-29,1300,38776
1209749,16,2026-09-30,1300,38776
1209749,16,2026-10-06,1300,38776
1209749,16,2026-10-07,1300,38776
1209749,16,2026-10-08,1300,38776
1209749,17,2026-08-28,1301,38776
1209749,17,2026-08-30,1301,38776
1209749,17,2026-08-31,1301,38776
1209749,17,2026-09-01,1301,38776
1209749,17,2026-09-02,1301,38776
1209749,17,2026-09-03,1301,38776
1209749,17,2026-09-07,1300,38776
1209749,17,2026-09-08,1300,38776
1209749,17,2026-09-09,1300,38776
1209749,17,2026-09-10,1300,38776
1209749,17,2026-09-11,1478,38776
1209749,17,2026-09-15,1300,38776
1209749,17,2026-09-16,1300,38776
1209749,17,2026-09-17,1300,38776
1209749,17,2026-09-18,1478,38776
1209749,17,2026-09-20,1300,38776
1209749,17,2026-09-21,1300,38776
1209749,17,2026-09-22,1300,38776
1209749,17,2026-09-23,1300,38776
1209749,17,2026-09-24,1300,38776
1209749,17,2026-09-27,1300,38776
1209749,17,2026-09-28,1300,38776
1209749,17,2026-09-29,1300,38776
1209749,17,2026-09-30,1300,38776
1209749,17,2026-10-06,1300,38776
1209749,17,2026-10-07,1300,38776
1209749,17,2026-10-08,1300,38776
1209749,17,2026-10-27,1300,38776
1209749,17,2026-10-28,1300,38776
1209749,17,2026-10-29,1300,38776
1209749,17,2026-11-01,1300,38776
1209749,17,2026-11-02,1300,38776
1209749,17,2026-11-03,1300,38776
1209749,17,2026-11-04,1300,38776
1209749,17,2026-11-05,1300,38776
1209749,17,2026-11-12,1300,38776
1209749,17,2026-11-18,1300,38776
1209749,18,2026-08-28,1301,38776
1209749,18,2026-08-30,1301,38776
1209749,18,2026-08-31,1301,38776
1209749,18,2026-09-01,1301,38776
1209749,18,2026-09-02,1301,38776
1209749,18,2026-09-03,1301,38776
1209749,18,2026-09-07,1300,38776
1209749,18,2026-09-08,1300,38776
1209749,18,2026-09-09,1300,38776
1209749,18,2026-09-10,1300,38776
1209749,18,2026-09-11,1478,38776
1209749,18,2026-09-15,1300,38776
1209749,18,2026-09-16,1300,38776
1209749,18,2026-09-17,1300,38776
1209749,18,2026-09-18,1478,38776
1209749,18,2026-09-20,1300,38776
1209749,18,2026-09-21,1300,38776
1209749,18,2026-09-22,1300,38776
1209749,18,2026-09-23,1300,38776
1209749,18,2026-09-24,1300,38776
1209749,18,2026-09-27,1300,38776
1209749,18,2026-09-28,1300,38776
1209749,18,2026-09-29,1300,38776
1209749,18,2026-09-30,1300,38776
1209749,18,2026-10-06,1300,38776
1209749,18,2026-10-07,1300,38776
1209749,18,2026-10-08,1300,38776
1209749,18,2026-10-27,1300,38776
1209749,18,2026-10-28,1300,38776
1209749,18,2026-10-29,1300,38776
1209749,18,2026-11-01,1300,38776
1209749,18,2026-11-02,1300,38776
1209749,18,2026-11-03,1300,38776
1209749,18,2026-11-04,1300,38776
1209749,18,2026-11-05,1300,38776
1209749,18,2026-11-12,1300,38776
1209749,18,2026-11-18,1300,38776
1209749,19,2026-08-28,1301,38776
1209749,19,2026-08-30,1301,38776
1209749,19,2026-08-31,1301,38776
1209749,19,2026-09-01,1301,38776
1209749,19,2026-09-02,1301,38776
1209749,19,2026-09-03,1301,38776
1209749,19,2026-09-07,1300,38776
1209749,19,2026-09-08,1300,38776
1209749,19,2026-09-09,1300,38776
1209749,19,2026-09-10,1300,38776
1209749,19,2026-09-11,1478,38776
1209749,19,2026-09-15,1300,38776
1209749,19,2026-09-16,1300,38776
1209749,19,2026-09-17,1300,38776
1209749,19,2026-09-18,1478,38776
1209749,19,2026-09-20,1300,38776
1209749,19,2026-09-21,1300,38776
1209749,19,2026-09-22,1300,38776
1209749,19,2026-09-23,1300,38776
1209749,19,2026-09-24,1300,38776
1209749,19,2026-09-27,1300,38776
1209749,19,2026-09-28,1300,38776
1209749,19,2026-09-29,1300,38776
1209749,19,2026-09-30,1300,38776
1209749,19,2026-10-06,1300,38776
1209749,19,2026-10-07,1300,38776
1209749,19,2026-10-08,1300,38776
1209749,19,2026-10-27,1300,38776
1209749,19,2026-10-28,1300,38776
1209749,19,2026-10-29,1300,38776
1209749,19,2026-11-01,1300,38776
1209749,19,2026-11-02,1300,38776
1209749,19,2026-11-03,1300,38776
1209749,19,2026-11-04,1300,38776
1209749,19,2026-11-05,1300,38776
1209749,19,2026-11-12,1300,38776
1209749,19,2026-11-18,1300,38776
1209749,20,2026-08-28,1301,38776
1209749,20,2026-08-30,1301,38776
1209749,20,2026-08-31,1301,38776
1209749,20,2026-09-01,1301,38776
1209749,20,2026-09-02,1301,38776
1209749,20,2026-09-03,1301,38776
1209749,20,2026-09-07,1300,38776
1209749,20,2026-09-08,1300,38776
1209749,20,2026-09-09,1300,38776
1209749,20,2026-09-10,1300,38776
1209749,20,2026-09-11,1478,38776
1209749,20,2026-09-15,1300,38776
1209749,20,2026-09-16,1300,38776
1209749,20,2026-09-17,1300,38776
1209749,20,2026-09-18,1478,38776
1209749,20,2026-09-20,1300,38776
1209749,20,2026-09-21,1300,38776
1209749,20,2026-09-22,1300,38776
1209749,20,2026-09-23,1300,38776
1209749,20,2026-09-24,1300,38776
1209749,20,2026-09-27,1300,38776
1209749,20,2026-09-28,1300,38776
1209749,20,2026-09-29,1300,38776
1209749,20,2026-09-30,1300,38776
1209749,20,2026-10-06,1300,38776
1209749,20,2026-10-07,1300,38776
1209749,20,2026-10-08,1300,38776
1209749,20,2026-10-27,1300,38776
1209749,20,2026-10-28,1300,38776
1209749,20,2026-10-29,1300,38776
1209749,20,2026-11-01,1300,38776
1209749,20,2026-11-02,1300,38776
1209749,20,2026-11-03,1300,38776
1209749,20,2026-11-04,1300,38776
1209749,20,2026-11-05,1300,38776
1209749,20,2026-11-12,1300,38776
1209749,20,2026-11-18,1300,38776
1209749,21,2026-09-25,1948,38776
1209749,21,2026-09-26,1948,38776
1209749,21,2026-10-09,1948,38776
1209749,21,2026-10-30,1948,38776
1209749,21,2026-10-31,1948,38776
1209749,22,2026-09-25,1948,38776
1209749,22,2026-09-26,1948,38776
1209749,22,2026-10-09,1948,38776
1209749,22,2026-10-30,1948,38776
1209749,22,2026-10-31,1948,38776
1209749,23,2026-09-25,1948,38776
1209749,23,2026-09-26,1948,38776
1209749,23,2026-10-09,1948,38776
1209749,23,2026-10-30,1948,38776
1209749,23,2026-10-31,1948,38776
1209749,24,2026-09-25,1948,38776
1209749,24,2026-09-26,1948,38776
1209749,24,2026-10-09,1948,38776
1209749,24,2026-10-30,1948,38776
1209749,24,2026-10-31,1948,38776
1209749,27,2026-08-28,2543,38776
1209749,27,2026-08-30,2543,38776
1209749,27,2026-08-31,2543,38776
1209749,27,2026-09-01,2543,38776
1209749,27,2026-09-02,2543,38776
1209749,27,2026-09-03,2543,38776
1209749,27,2026-09-07,2542,38776
1209749,27,2026-09-08,2542,38776
1209749,27,2026-09-09,2542,38776
1209749,27,2026-09-10,2542,38776
1209749,27,2026-09-15,2542,38776
1209749,27,2026-09-16,2542,38776
1209749,27,2026-09-17,2542,38776
1209749,27,2026-09-20,2542,38776
1209749,27,2026-09-21,2542,38776
1209749,27,2026-09-22,2542,38776
1209749,27,2026-09-23,2542,38776
1209749,27,2026-09-24,2542,38776
1209749,27,2026-09-27,2542,38776
1209749,27,2026-09-28,2542,38776
1209749,27,2026-09-29,2542,38776
1209749,27,2026-09-30,2542,38776
1209749,27,2026-10-06,2542,38776
1209749,27,2026-10-07,2542,38776
1209749,27,2026-10-08,2542,38776
1209749,27,2026-10-27,2542,38776
1209749,27,2026-10-28,2542,38776
1209749,27,2026-10-29,2542,38776
1209749,27,2026-11-01,2542,38776
1209749,27,2026-11-02,2542,38776
1209749,27,2026-11-03,2542,38776
1209749,27,2026-11-04,2542,38776
1209749,27,2026-11-05,2542,38776
1209749,27,2026-11-12,2542,38776
1209749,27,2026-11-18,2542,38776
1209749,27,2026-11-19,2542,38776
1209749,28,2026-08-28,2543,38776
1209749,28,2026-08-30,2543,38776
1209749,28,2026-08-31,2543,38776
1209749,28,2026-09-01,2543,38776
1209749,28,2026-09-02,2543,38776
1209749,28,2026-09-03,2543,38776
1209749,28,2026-09-07,2542,38776
1209749,28,2026-09-08,2542,38776
1209749,28,2026-09-09,2542,38776
1209749,28,2026-09-10,2542,38776
1209749,28,2026-09-15,2542,38776
1209749,28,2026-09-16,2542,38776
1209749,28,2026-09-17,2542,38776
1209749,28,2026-09-20,2542,38776
1209749,28,2026-09-21,2542,38776
1209749,28,2026-09-22,2542,38776
1209749,28,2026-09-23,2542,38776
1209749,28,2026-09-24,2542,38776
1209749,28,2026-09-27,2542,38776
1209749,28,2026-09-28,2542,38776
1209749,28,2026-09-29,2542,38776
1209749,28,2026-09-30,2542,38776
1209749,28,2026-10-06,2542,38776
1209749,28,2026-10-07,2542,38776
1209749,28,2026-10-08,2542,38776
1209749,28,2026-10-27,2542,38776
1209749,28,2026-10-28,2542,38776
1209749,28,2026-10-29,2542,38776
1209749,28,2026-11-01,2542,38776
1209749,28,2026-11-02,2542,38776
1209749,28,2026-11-03,2542,38776
1209749,28,2026-11-04,2542,38776
1209749,28,2026-11-05,2542,38776
1209749,28,2026-11-12,2542,38776
1209749,28,2026-11-18,2542,38776
1209749,28,2026-11-19,2542,38776
1209749,35,2026-11-06,3811,38776
1209749,35,2026-11-13,3811,38776
1209749,36,2026-11-06,3811,38776
1209749,36,2026-11-13,3811,38776
1209749,37,2026-11-06,3811,38776
1209749,37,2026-11-13,3811,38776
1209749,38,2026-08-28,1301,38776
1209749,38,2026-08-30,1301,38776
1209749,38,2026-08-31,1301,38776
1209749,38,2026-09-01,1301,38776
1209749,38,2026-09-02,1301,38776
1209749,38,2026-09-03,1301,38776
1209749,38,2026-09-07,1300,38776
1209749,38,2026-09-08,1300,38776
1209749,38,2026-09-09,1300,38776
1209749,38,2026-09-10,1300,38776
1209749,38,2026-09-11,1478,38776
1209749,38,2026-09-15,1300,38776
1209749,38,2026-09-16,1300,38776
1209749,38,2026-09-17,1300,38776
1209749,38,2026-09-18,1478,38776
1209749,38,2026-09-19,1478,38776
1209749,38,2026-09-20,1300,38776
1209749,38,2026-09-21,1300,38776
1209749,38,2026-09-22,1300,38776
1209749,38,2026-09-23,1300,38776
1209749,38,2026-09-24,1300,38776
1209749,38,2026-09-27,1300,38776
1209749,38,2026-09-28,1300,38776
1209749,38,2026-09-29,1300,38776
1209749,38,2026-09-30,1300,38776
1209749,38,2026-10-06,1300,38776
1209749,38,2026-10-07,1300,38776
1209749,38,2026-10-08,1300,38776
1209749,39,2026-09-25,1948,38776
1209749,39,2026-09-26,1948,38776
1209749,39,2026-10-09,1948,38776
1209749,39,2026-10-30,1948,38776
1209749,39,2026-10-31,1948,38776
1209749,40,2026-09-25,1948,38776
1209749,40,2026-09-26,1948,38776
1209749,40,2026-10-09,1948,38776
1209749,40,2026-10-30,1948,38776
1209749,40,2026-10-31,1948,38776
1209749,50,2026-08-28,1301,20000
1209749,50,2026-08-30,1301,20000
1209749,50,2026-08-31,1301,20000
1209749,50,2026-09-01,1301,20000
1209749,50,2026-09-02,1301,20000
1209749,50,2026-09-03,1301,20000
1209749,50,2026-09-07,1300,20000
1209749,50,2026-09-08,1300,20000
1209749,50,2026-09-09,1300,20000
1209749,50,2026-09-10,1300,20000
1209749,50,2026-09-15,1300,20000
1209749,50,2026-09-16,1300,20000
1209749,50,2026-09-17,1300,20000
1209749,50,2026-09-20,1300,20000
1209749,50,2026-09-21,1300,20000
1209749,50,2026-09-22,1300,20000
1209749,50,2026-09-23,1300,20000
1209749,50,2026-09-24,1300,20000
1209749,50,2026-09-27,1300,20000
1209749,50,2026-09-28,1300,20000
1209749,50,2026-09-29,1300,20000
1209749,50,2026-09-30,1300,20000
1209749,50,2026-10-06,1300,20000
1209749,50,2026-10-07,1300,20000
1209749,50,2026-10-08,1300,20000
1209749,50,2026-10-27,1300,20000
1209749,50,2026-10-28,1300,20000
1209749,50,2026-10-29,1300,20000
1209749,50,2026-11-01,1300,20000
1209749,50,2026-11-02,1300,20000
1209749,50,2026-11-03,1300,20000
1209749,50,2026-11-04,1300,20000
1209749,50,2026-11-05,1300,20000
1209749,50,2026-11-12,1300,20000
1209749,50,2026-11-18,1300,20000
1209749,50,2026-11-19,1300,20000
1209749,52,2026-08-28,1301,20000
1209749,52,2026-08-30,1301,20000
1209749,52,2026-08-31,1301,20000
1209749,52,2026-09-01,1301,20000
1209749,52,2026-09-02,1301,20000
1209749,52,2026-09-03,1301,20000
1209749,52,2026-09-07,1300,20000
1209749,52,2026-09-08,1300,20000
1209749,52,2026-09-09,1300,20000
1209749,52,2026-09-10,1300,20000
1209749,52,2026-09-15,1300,20000
1209749,52,2026-09-16,1300,20000
1209749,52,2026-09-17,1300,20000
1209749,52,2026-09-20,1300,20000
1209749,52,2026-09-21,1300,20000
1209749,52,2026-09-22,1300,20000
1209749,52,2026-09-23,1300,20000
1209749,52,2026-09-24,1300,20000
1209749,52,2026-09-27,1300,20000
1209749,52,2026-09-28,1300,20000
1209749,52,2026-09-29,1300,20000
1209749,52,2026-09-30,1300,20000
1209749,52,2026-10-06,1300,20000
1209749,52,2026-10-07,1300,20000
1209749,52,2026-10-08,1300,20000
1209749,52,2026-10-27,1300,20000
1209749,52,2026-10-28,1300,20000
1209749,52,2026-10-29,1300,20000
1209749,52,2026-11-01,1300,20000
1209749,52,2026-11-02,1300,20000
1209749,52,2026-11-03,1300,20000
1209749,52,2026-11-04,1300,20000
1209749,52,2026-11-05,1300,20000
1209749,52,2026-11-12,1300,20000
1209749,52,2026-11-18,1300,20000
1209749,52,2026-11-19,1300,20000
1209749,76,2026-08-28,1301,20000
1209749,76,2026-08-30,1301,20000
1209749,76,2026-08-31,1301,20000
1209749,76,2026-09-01,1301,20000
1209749,76,2026-09-02,1301,20000
1209749,76,2026-09-03,1301,20000
1209749,76,2026-09-07,1300,20000
1209749,76,2026-09-08,1300,20000
1209749,76,2026-09-09,1300,20000
1209749,76,2026-09-10,1300,20000
1209749,76,2026-09-15,1300,20000
1209749,76,2026-09-16,1300,20000
1209749,76,2026-09-17,1300,20000
1209749,76,2026-09-20,1300,20000
1209749,76,2026-09-21,1300,20000
1209749,76,2026-09-22,1300,20000
1209749,76,2026-09-23,1300,20000
1209749,76,2026-09-24,1300,20000
1209749,76,2026-09-27,1300,20000
1209749,76,2026-09-28,1300,20000
1209749,76,2026-09-29,1300,20000
1209749,76,2026-09-30,1300,20000
1209749,76,2026-10-06,1300,20000
1209749,76,2026-10-07,1300,20000
1209749,76,2026-10-08,1300,20000
1209749,76,2026-10-27,1300,20000
1209749,76,2026-10-28,1300,20000
1209749,76,2026-10-29,1300,20000
1209749,76,2026-11-01,1300,20000
1209749,76,2026-11-02,1300,20000
1209749,76,2026-11-03,1300,20000
1209749,76,2026-11-04,1300,20000
1209749,76,2026-11-05,1300,20000
1209749,76,2026-11-12,1300,20000
1209749,76,2026-11-18,1300,20000
1209749,76,2026-11-19,1300,20000
1209749,83,2026-09-25,1948,38776
1209749,83,2026-09-26,1948,38776
1209749,83,2026-10-09,1948,38776
1209749,83,2026-10-30,1948,38776
1209749,83,2026-10-31,1948,38776
1212547,32,2026-08-24,3842,23600
1212547,32,2026-08-27,3899,23600
1212547,33,2026-08-24,3842,23600
1212547,33,2026-08-27,3899,23600
1212547,34,2026-08-24,3842,23600
1212547,34,2026-08-27,3899,23600
1213613,17,2026-08-26,2549,23600
1213613,18,2026-08-26,2549,23600
1213613,19,2026-08-26,2722,23600
1213613,19,2026-08-27,2708,23600
1213613,20,2026-08-26,2722,23600
1213613,20,2026-08-27,2708,23600
1213613,50,2026-08-26,2549,23600
1213894,17,2026-08-26,1991,23600
1213894,18,2026-08-26,1991,23600
1213894,19,2026-08-26,2129,23600
1213894,20,2026-08-26,2129,23600
1213894,50,2026-08-26,1991,23600
1213894,51,2026-08-26,2129,23600
1213894,87,2026-08-26,1991,23600
1229511,21,2026-08-26,1377,23600
1229511,22,2026-08-26,1377,23600
1229511,23,2026-08-26,1480,23600
1229511,24,2026-08-26,1480,23600
1229511,25,2026-08-24,1600,23600
1229511,26,2026-08-24,1600,23600
1229511,39,2026-08-26,1377,23600
1229511,40,2026-08-26,1480,23600
1229511,45,2026-08-25,2356,23600
1229511,46,2026-08-25,2356,23600
1229511,83,2026-08-26,1377,23600
1229511,84,2026-08-26,1480,23600
1229511,97,2026-08-26,1377,23600
1234388,32,2026-08-27,2653,27848
1234388,33,2026-08-27,2653,27848
1234388,34,2026-08-27,2653,27848
1241870,21,2026-08-26,1913,23600
1241870,21,2026-08-27,1913,23600
1241870,22,2026-08-26,1913,23600
1241870,22,2026-08-27,1913,23600
1241870,39,2026-08-26,1913,23600
1241870,39,2026-08-27,1913,23600
1241870,83,2026-08-26,1913,23600
1241870,83,2026-08-27,1913,23600
1247536,19,2026-08-27,2178,23600
1247536,21,2026-08-27,2109,23600
1247536,22,2026-08-27,2109,23600
1247536,39,2026-08-27,2109,23600
1247536,83,2026-08-27,2109,23600
1253600,17,2026-08-21,1695,23600
1253600,18,2026-08-21,1695,23600
1253600,19,2026-08-21,1798,23600
1253600,20,2026-08-21,1798,23600
1253600,50,2026-08-21,1695,23600
1253706,27,2026-09-04,2153,23600
1253706,28,2026-09-04,2153,23600
1256474,23,2026-09-04,1474,23600
1256474,24,2026-09-04,1474,23600
1256474,27,2026-08-28,2008,23600
1256474,32,2026-08-28,1973,23600
1256474,33,2026-08-28,1973,23600
1256474,34,2026-08-28,1973,23600
1256474,35,2026-08-29,2405,23600
1256474,36,2026-08-29,2405,23600
1257158,23,2026-09-04,1761,23600
1257158,24,2026-09-04,1761,23600
1257158,27,2026-08-27,2073,23600
1257158,28,2026-08-27,2073,23600
1257158,40,2026-09-04,1761,23600
1259110,17,2026-09-04,1552,23600
1259110,18,2026-09-04,1552,23600
1259110,19,2026-09-04,1621,23600
1259110,20,2026-09-04,1621,23600
1259110,21,2026-09-04,1690,23600
1259110,22,2026-09-04,1690,23600
1259110,29,2026-08-21,2163,23600
1259110,30,2026-08-21,2163,23600
1259110,31,2026-08-21,2163,23600
1259110,39,2026-09-04,1690,23600
1259110,50,2026-09-04,1552,23600
1259110,57,2026-08-21,2163,23600
1259110,83,2026-09-04,1690,23600
1263729,23,2026-08-21,1289,20000
1263729,23,2026-08-23,1289,20000
1263729,23,2026-08-24,1289,20000
1263729,23,2026-08-25,1289,20000
1263729,24,2026-08-21,1289,20000
1263729,24,2026-08-23,1289,20000
1263729,24,2026-08-24,1289,20000
1263729,24,2026-08-25,1289,20000
1263729,40,2026-08-21,1289,20000
1263729,40,2026-08-23,1289,20000
1263729,40,2026-08-24,1289,20000
1263729,40,2026-08-25,1289,20000
1265433,32,2026-08-26,3013,23600
1265433,32,2026-08-27,3013,23600
1265433,33,2026-08-26,3013,23600
1265433,33,2026-08-27,3013,23600
1265433,34,2026-08-26,3013,23600
1265433,34,2026-08-27,3013,23600
1269736,24179,2026-08-27,2873,27848
1269736,29,2026-08-27,2873,27848
1269736,30,2026-08-27,2873,27848
1269736,31,2026-08-27,2873,27848
1269736,32,2026-08-27,2873,27848
1269736,33,2026-08-27,2873,27848
1269736,34,2026-08-27,2873,27848
1269736,57,2026-08-27,2873,27848
1269736,58,2026-08-27,2873,27848
1269736,89,2026-08-27,2873,27848
1269736,90,2026-08-27,2873,27848
1295755,17,2026-08-27,1845,23600
1295755,18,2026-08-27,1845,23600
1295755,19,2026-08-27,1914,23600
1295755,20,2026-08-27,1914,23600
1295755,50,2026-08-27,1845,23600
1298362,17,2026-08-27,1779,23600
1298362,18,2026-08-27,1779,23600
1298362,50,2026-08-27,1779,23600
1298362,87,2026-08-27,1779,23600
1307656,21,2026-08-30,1163,23600
1307656,21,2026-08-31,1163,23600
1307656,22,2026-08-30,1163,23600
1307656,22,2026-08-31,1163,23600
1307656,23,2026-08-30,1232,23600
1307656,23,2026-08-31,1232,23600
1307656,24,2026-08-30,1232,23600
1307656,24,2026-08-31,1232,23600
1307656,39,2026-08-30,1163,23600
1307656,39,2026-08-31,1163,23600
1307656,40,2026-08-30,1232,23600
1307656,40,2026-08-31,1232,23600
1307656,83,2026-08-30,1163,23600
1307656,83,2026-08-31,1163,23600
1319620,19,2026-08-30,1454,23600
1319620,19,2026-08-31,1454,23600
1319620,19,2026-09-04,1454,23600
1319620,19,2026-09-25,1454,23600
1319620,23,2026-08-30,1626,23600
1319620,23,2026-08-31,1626,23600
1319620,23,2026-09-04,1626,23600
1319620,23,2026-09-25,1626,23600
1319620,24,2026-08-30,1626,23600
1319620,24,2026-08-31,1626,23600
1319620,24,2026-09-04,1626,23600
1319620,24,2026-09-25,1626,23600
1319620,35,2026-08-27,2158,23600
1319620,36,2026-08-27,2158,23600
1319620,37,2026-08-27,2158,23600
1324743,19,2026-11-19,1963,27848
1324743,20,2026-11-19,1963,27848
1324743,21,2026-11-19,2170,27848
1324743,22,2026-11-19,2170,27848
1324743,23,2026-11-19,2239,27848
1324743,24,2026-11-19,2239,27848
1324743,39,2026-11-19,2170,27848
1324743,40,2026-11-19,2239,27848
1324743,83,2026-11-19,2170,27848
1326972,21,2026-08-22,1021,23600
1326972,22,2026-08-22,1021,23600
1326972,23,2026-08-22,1124,23600
1326972,24,2026-08-22,1124,23600
1326972,39,2026-08-22,1021,23600
1326972,40,2026-08-22,1124,23600
1326972,42,2026-08-27,2194,23600
1326972,43,2026-08-27,2194,23600
1326972,44,2026-08-27,2194,23600
1326972,83,2026-08-22,1021,23600
1327100,21,2026-08-22,2261,23600
1327100,22,2026-08-22,2261,23600
1327100,23,2026-08-21,2361,23600
1327100,23,2026-08-22,2364,23600
1327100,23,2026-08-23,2361,23600
1327100,23,2026-08-24,2361,23600
1327100,24,2026-08-21,2361,23600
1327100,24,2026-08-22,2364,23600
1327100,24,2026-08-23,2361,23600
1327100,24,2026-08-24,2361,23600
1327100,27,2026-08-25,2706,23600
1327100,27,2026-08-26,2706,23600
1327100,27,2026-08-27,2706,23600
1327100,28,2026-08-25,2706,23600
1327100,28,2026-08-26,2706,23600
1327100,28,2026-08-27,2706,23600
1327100,29,2026-08-25,2671,23600
1327100,29,2026-08-26,2671,23600
1327100,29,2026-08-27,2671,23600
1327100,30,2026-08-25,2671,23600
1327100,30,2026-08-26,2671,23600
1327100,30,2026-08-27,2671,23600
1327100,31,2026-08-25,2671,23600
1327100,31,2026-08-26,2671,23600
1327100,31,2026-08-27,2671,23600
1327100,32,2026-08-25,2775,23600
1327100,32,2026-08-26,2775,23600
1327100,32,2026-08-27,2775,23600
1327100,33,2026-08-25,2775,23600
1327100,33,2026-08-26,2775,23600
1327100,33,2026-08-27,2775,23600
1327100,34,2026-08-25,2775,23600
1327100,34,2026-08-26,2775,23600
1327100,34,2026-08-27,2775,23600
1327100,35,2026-11-19,3707,23600
1327100,36,2026-11-19,3707,23600
1327100,39,2026-08-22,2261,23600
1327100,40,2026-08-21,2361,23600
1327100,40,2026-08-22,2364,23600
1327100,40,2026-08-23,2361,23600
1327100,40,2026-08-24,2361,23600
1327100,57,2026-08-25,2671,23600
1327100,57,2026-08-26,2671,23600
1327100,57,2026-08-27,2671,23600
1327100,83,2026-08-22,2261,23600
1362285,15,2026-08-21,1474,23600
1362285,16,2026-08-21,1543,23600
1362285,17,2026-08-21,1577,23600
1362285,18,2026-08-21,1577,23600
1362285,23,2026-08-23,1749,23600
1362285,24,2026-08-23,1749,23600
1362285,38,2026-08-21,1474,23600
1362285,40,2026-08-23,1749,23600
1362285,50,2026-08-21,1577,23600
1362285,52,2026-08-21,1543,23600
1365209,17,2026-08-22,1480,23600
1365209,18,2026-08-22,1480,23600
1365209,50,2026-08-22,1480,23600
1368078,23,2026-08-22,2075,23600
1368078,24,2026-08-22,2075,23600
1368078,27,2026-08-25,2555,23600
1368078,28,2026-08-25,2555,23600
1368078,40,2026-08-22,2075,23600
1371857,17,2026-08-27,2534,23600
1371857,18,2026-08-27,2534,23600
1371857,19,2026-08-27,2603,23600
1371857,20,2026-08-27,2603,23600
1371857,50,2026-08-27,2534,23600
1379085,27,2026-11-19,3703,23600
1379085,28,2026-11-19,3703,23600
1379105,19,2026-08-27,2298,23600
1379105,21,2026-08-27,2574,23600
1379105,22,2026-08-27,2574,23600
1379105,39,2026-08-27,2574,23600
1386481,25,2026-08-27,1953,23600
1386481,26,2026-08-27,1953,23600
1386944,19,2026-08-30,1589,23600
1386944,20,2026-08-30,1589,23600
1386944,21,2026-08-30,1624,23600
1386944,22,2026-08-30,1624,23600
1386944,39,2026-08-30,1624,23600
1386944,83,2026-08-30,1624,23600
1396947,32,2026-08-24,2823,23600
1396947,33,2026-08-24,2823,23600
1396947,34,2026-08-24,2823,23600
1396947,35,2026-08-24,3168,23600
1396947,35,2026-08-25,3148,23600
1396947,35,2026-08-26,3148,23600
1396947,35,2026-11-19,3905,23600
1396947,36,2026-08-24,3168,23600
1396947,36,2026-08-25,3148,23600
1396947,36,2026-08-26,3148,23600
1396947,36,2026-11-19,3905,23600
1398298,23,2026-08-21,1288,23600
1398298,24,2026-08-21,1288,23600
1398298,40,2026-08-21,1288,23600
1405295,23,2026-10-20,1524,23600
1405295,23,2026-10-21,1524,23600
1405295,23,2026-10-22,1524,23600
1405295,23,2026-10-23,1524,23600
1405295,23,2026-10-24,1524,23600
1405295,23,2026-10-26,1524,23600
1405295,23,2026-10-27,1524,23600
1405295,23,2026-10-28,1524,23600
1405295,23,2026-10-29,1524,23600
1405295,23,2026-10-30,1524,23600
1405295,23,2026-10-31,1524,23600
1405295,23,2026-11-01,1524,23600
1405295,23,2026-11-02,1524,23600
1405295,23,2026-11-03,1524,23600
1405295,23,2026-11-04,1524,23600
1405295,23,2026-11-05,1524,23600
1405295,23,2026-11-06,1524,23600
1405295,23,2026-11-07,1524,23600
1405295,23,2026-11-08,1524,23600
1405295,23,2026-11-09,1524,23600
1405295,23,2026-11-10,1524,23600
1405295,23,2026-11-11,1524,23600
1405295,23,2026-11-12,1524,23600
1405295,23,2026-11-13,1524,23600
1405295,23,2026-11-14,1524,23600
1405295,23,2026-11-15,1524,23600
1405295,23,2026-11-16,1524,23600
1405295,23,2026-11-17,1524,23600
1405295,23,2026-11-18,1524,23600
1405295,23,2026-11-19,1524,23600
1405295,24,2026-10-20,1524,23600
1405295,24,2026-10-21,1524,23600
1405295,24,2026-10-22,1524,23600
1405295,24,2026-10-23,1524,23600
1405295,24,2026-10-24,1524,23600
1405295,24,2026-10-26,1524,23600
1405295,24,2026-10-27,1524,23600
1405295,24,2026-10-28,1524,23600
1405295,24,2026-10-29,1524,23600
1405295,24,2026-10-30,1524,23600
1405295,24,2026-10-31,1524,23600
1405295,24,2026-11-01,1524,23600
1405295,24,2026-11-02,1524,23600
1405295,24,2026-11-03,1524,23600
1405295,24,2026-11-04,1524,23600
1405295,24,2026-11-05,1524,23600
1405295,24,2026-11-06,1524,23600
1405295,24,2026-11-07,1524,23600
1405295,24,2026-11-08,1524,23600
1405295,24,2026-11-09,1524,23600
1405295,24,2026-11-10,1524,23600
1405295,24,2026-11-11,1524,23600
1405295,24,2026-11-12,1524,23600
1405295,24,2026-11-13,1524,23600
1405295,24,2026-11-14,1524,23600
1405295,24,2026-11-15,1524,23600
1405295,24,2026-11-16,1524,23600
1405295,24,2026-11-17,1524,23600
1405295,24,2026-11-18,1524,23600
1405295,24,2026-11-19,1524,23600
1405295,40,2026-10-20,1524,23600
1405295,40,2026-10-21,1524,23600
1405295,40,2026-10-22,1524,23600
1405295,40,2026-10-23,1524,23600
1405295,40,2026-10-24,1524,23600
1405295,40,2026-10-26,1524,23600
1405295,40,2026-10-27,1524,23600
1405295,40,2026-10-28,1524,23600
1405295,40,2026-10-29,1524,23600
1405295,40,2026-10-30,1524,23600
1405295,40,2026-10-31,1524,23600
1405295,40,2026-11-01,1524,23600
1405295,40,2026-11-02,1524,23600
1405295,40,2026-11-03,1524,23600
1405295,40,2026-11-04,1524,23600
1405295,40,2026-11-05,1524,23600
1405295,40,2026-11-06,1524,23600
1405295,40,2026-11-07,1524,23600
1405295,40,2026-11-08,1524,23600
1405295,40,2026-11-09,1524,23600
1405295,40,2026-11-10,1524,23600
1405295,40,2026-11-11,1524,23600
1405295,40,2026-11-12,1524,23600
1405295,40,2026-11-13,1524,23600
1405295,40,2026-11-14,1524,23600
1405295,40,2026-11-15,1524,23600
1405295,40,2026-11-16,1524,23600
1405295,40,2026-11-17,1524,23600
1405295,40,2026-11-18,1524,23600
1405295,40,2026-11-19,1524,23600
1412651,15,2026-08-27,1085,23600
1412651,16,2026-08-27,1154,23600
1412651,38,2026-08-27,1085,23600
1412651,52,2026-08-27,1154,23600
1412651,76,2026-08-27,1085,23600
1417406,21,2026-08-27,2119,23600
1417406,22,2026-08-27,2119,23600
1417406,23,2026-08-27,2188,23600
1417406,24,2026-08-27,2188,23600
1417406,39,2026-08-27,2119,23600
1417406,40,2026-08-27,2188,23600
1417406,83,2026-08-27,2119,23600
1419130,17,2026-08-27,2571,23600
1419130,18,2026-08-27,2571,23600
1419130,50,2026-08-27,2571,23600
1423815,21,2026-08-21,1656,23600
1423815,22,2026-08-21,1656,23600
1423815,23,2026-08-21,1794,23600
1423815,24,2026-08-21,1794,23600
1423815,27,2026-08-23,2116,23600
1423815,27,2026-08-24,2116,23600
1423815,27,2026-08-25,2116,23600
1423815,28,2026-08-23,2116,23600
1423815,28,2026-08-24,2116,23600
1423815,28,2026-08-25,2116,23600
1423815,39,2026-08-21,1656,23600
1423815,40,2026-08-21,1794,23600
1423815,83,2026-08-21,1656,23600
1433791,19,2026-08-22,2384,23600
1433791,20,2026-08-22,2384,23600
1433791,21,2026-08-22,2384,23600
1433791,22,2026-08-22,2384,23600
1433791,23,2026-08-22,2660,23600
1433791,24,2026-08-22,2660,23600
1433791,39,2026-08-22,2384,23600
1433791,40,2026-08-22,2660,23600
1433791,51,2026-08-22,2384,23600
1433791,83,2026-08-22,2384,23600
1434248,19,2026-08-22,1376,23600
1434248,20,2026-08-22,1376,23600
1434248,21,2026-08-22,1514,23600
1434248,22,2026-08-22,1514,23600
1434248,39,2026-08-22,1514,23600
1434248,83,2026-08-22,1514,23600
1434818,17,2026-08-21,1516,23600
1434818,18,2026-08-21,1516,23600
1434818,50,2026-08-21,1516,23600
1435639,17,2026-08-21,1811,23600
1435639,17,2026-08-23,1806,23600
1435639,17,2026-08-26,1828,23600
1435639,17,2026-08-27,1828,23600
1435639,18,2026-08-21,1811,23600
1435639,18,2026-08-23,1806,23600
1435639,18,2026-08-26,1828,23600
1435639,18,2026-08-27,1828,23600
1435639,50,2026-08-21,1811,23600
1435639,50,2026-08-23,1806,23600
1435639,50,2026-08-26,1828,23600
1435639,50,2026-08-27,1828,23600
1435986,17,2026-08-24,1254,23600
1435986,18,2026-08-24,1254,23600
1435986,19,2026-08-24,1341,23600
1435986,20,2026-08-24,1341,23600
1435986,50,2026-08-24,1254,23600
1438370,27,2026-08-24,1962,23600
1438370,27,2026-10-20,1962,23600
1438370,27,2026-10-21,1962,23600
1438370,27,2026-10-22,1962,23600
1438370,27,2026-10-23,1962,23600
1438370,27,2026-10-24,1962,23600
1438370,27,2026-10-26,1962,23600
1438370,27,2026-10-27,1962,23600
1438370,27,2026-10-28,1962,23600
1438370,27,2026-10-29,1962,23600
1438370,27,2026-10-30,1962,23600
1438370,27,2026-10-31,1962,23600
1438370,27,2026-11-01,1962,23600
1438370,27,2026-11-02,1962,23600
1438370,27,2026-11-03,1962,23600
1438370,27,2026-11-04,1962,23600
1438370,27,2026-11-05,1962,23600
1438370,27,2026-11-06,1962,23600
1438370,27,2026-11-07,1962,23600
1438370,27,2026-11-08,1962,23600
1438370,27,2026-11-09,1962,23600
1438370,27,2026-11-10,1962,23600
1438370,27,2026-11-11,1962,23600
1438370,27,2026-11-12,1962,23600
1438370,27,2026-11-13,1962,23600
1438370,27,2026-11-14,1962,23600
1438370,27,2026-11-15,1962,23600
1438370,27,2026-11-16,1962,23600
1438370,27,2026-11-17,1962,23600
1438370,27,2026-11-18,1962,23600
1438370,27,2026-11-19,1962,23600
1438370,28,2026-08-24,1962,23600
1438370,28,2026-10-20,1962,23600
1438370,28,2026-10-21,1962,23600
1438370,28,2026-10-22,1962,23600
1438370,28,2026-10-23,1962,23600
1438370,28,2026-10-24,1962,23600
1438370,28,2026-10-26,1962,23600
1438370,28,2026-10-27,1962,23600
1438370,28,2026-10-28,1962,23600
1438370,28,2026-10-29,1962,23600
1438370,28,2026-10-30,1962,23600
1438370,28,2026-10-31,1962,23600
1438370,28,2026-11-01,1962,23600
1438370,28,2026-11-02,1962,23600
1438370,28,2026-11-03,1962,23600
1438370,28,2026-11-04,1962,23600
1438370,28,2026-11-05,1962,23600
1438370,28,2026-11-06,1962,23600
1438370,28,2026-11-07,1962,23600
1438370,28,2026-11-08,1962,23600
1438370,28,2026-11-09,1962,23600
1438370,28,2026-11-10,1962,23600
1438370,28,2026-11-11,1962,23600
1438370,28,2026-11-12,1962,23600
1438370,28,2026-11-13,1962,23600
1438370,28,2026-11-14,1962,23600
1438370,28,2026-11-15,1962,23600
1438370,28,2026-11-16,1962,23600
1438370,28,2026-11-17,1962,23600
1438370,28,2026-11-18,1962,23600
1438370,28,2026-11-19,1962,23600
1444313,21,2026-11-19,2560,27848
1444313,22,2026-11-19,2560,27848
1444313,23,2026-11-19,2560,27848
1444313,24,2026-11-19,2560,27848
1444313,29,2026-08-29,3200,27848
1444313,30,2026-08-29,3200,27848
1444313,31,2026-08-29,3200,27848
1444313,32,2026-08-29,3200,27848
1444313,33,2026-08-29,3200,27848
1444313,34,2026-08-29,3200,27848
1444313,39,2026-11-19,2560,27848
1444313,40,2026-11-19,2560,27848
1444313,42,2026-09-01,4216,27848
1444313,42,2026-09-02,4216,27848
1444313,42,2026-09-03,4216,27848
1444313,43,2026-09-01,4216,27848
1444313,43,2026-09-02,4216,27848
1444313,43,2026-09-03,4216,27848
1444313,57,2026-08-29,3200,27848
1444313,58,2026-08-29,3200,27848
1444313,83,2026-11-19,2560,27848
1444313,89,2026-08-29,3200,27848
1446609,35,2026-08-29,2634,23600
1446609,35,2026-09-01,2420,23600
1446609,35,2026-09-02,2420,23600
1446609,35,2026-09-03,2420,23600
1446609,36,2026-08-29,2634,23600
1446609,36,2026-09-01,2420,23600
1446609,36,2026-09-02,2420,23600
1446609,36,2026-09-03,2420,23600
1446609,37,2026-08-29,2634,23600
1446609,37,2026-09-01,2420,23600
1446609,37,2026-09-02,2420,23600
1446609,37,2026-09-03,2420,23600
1453534,19,2026-08-24,1116,23600
1453534,19,2026-08-25,1116,23600
1453534,19,2026-08-26,1116,23600
1453534,20,2026-08-24,1116,23600
1453534,20,2026-08-25,1116,23600
1453534,20,2026-08-26,1116,23600
1453534,51,2026-08-24,1116,23600
1453534,51,2026-08-25,1116,23600
1453534,51,2026-08-26,1116,23600
1462197,19,2026-09-01,1454,23600
1462197,19,2026-09-03,1454,23600
1462197,20,2026-09-01,1454,23600
1462197,20,2026-09-03,1454,23600
1462197,29,2026-11-19,2178,23600
1462197,30,2026-11-19,2178,23600
1462197,31,2026-11-19,2178,23600
1462197,42,2026-09-04,3938,23600
1462197,43,2026-09-04,3938,23600
1462197,57,2026-11-19,2178,23600
1462197,89,2026-11-19,2178,23600
1464901,21,2026-08-27,1810,23600
1464901,22,2026-08-27,1810,23600
1464901,39,2026-08-27,1810,23600
1464901,83,2026-08-27,1810,23600
1472376,27,2026-08-27,2393,23600
1472376,28,2026-08-27,2393,23600
1472459,21,2026-08-23,1323,23600
1472459,21,2026-08-24,1323,23600
1472459,22,2026-08-23,1323,23600
1472459,22,2026-08-24,1323,23600
1472459,23,2026-08-23,1323,23600
1472459,23,2026-08-24,1323,23600
1472459,24,2026-08-23,1323,23600
1472459,24,2026-08-24,1323,23600
1472459,29,2026-08-25,1513,23600
1472459,30,2026-08-25,1513,23600
1472459,31,2026-08-25,1513,23600
1472459,32,2026-08-25,1513,23600
1472459,33,2026-08-25,1513,23600
1472459,34,2026-08-25,1513,23600
1472459,39,2026-08-23,1323,23600
1472459,39,2026-08-24,1323,23600
1472459,40,2026-08-23,1323,23600
1472459,40,2026-08-24,1323,23600
1472459,57,2026-08-25,1513,23600
1472459,58,2026-08-25,1513,23600
1472459,83,2026-08-23,1323,23600
1472459,83,2026-08-24,1323,23600
1472459,84,2026-08-23,1323,23600
1472459,84,2026-08-24,1323,23600
1472459,89,2026-08-25,1513,23600
1472459,97,2026-08-23,1323,23600
1472459,97,2026-08-24,1323,23600
1472508,24179,2026-08-27,2455,23600
1472508,24180,2026-08-27,2455,23600
1472508,24181,2026-08-27,2455,23600
1472508,24182,2026-08-27,2455,23600
1472508,24183,2026-08-27,2455,23600
1472508,24184,2026-08-27,2455,23600
1472508,24185,2026-08-27,2455,23600
1472508,24186,2026-09-01,3209,23600
1472508,24186,2026-09-02,3209,23600
1472508,24186,2026-09-03,3209,23600
1472508,24186,2026-09-04,3387,23600
1472508,24186,2026-11-19,3234,23600
1472508,24187,2026-09-01,3209,23600
1472508,24187,2026-09-02,3209,23600
1472508,24187,2026-09-03,3209,23600
1472508,24187,2026-09-04,3387,23600
1472508,24187,2026-11-19,3234,23600
1472508,24189,2026-08-28,4695,23600
1472508,24189,2026-08-29,4695,23600
1472508,29,2026-08-27,2455,23600
1472508,30,2026-08-27,2455,23600
1472508,31,2026-08-27,2455,23600
1472508,32,2026-08-27,2455,23600
1472508,33,2026-08-27,2455,23600
1472508,34,2026-08-27,2455,23600
1472508,35,2026-09-01,3209,23600
1472508,35,2026-09-02,3209,23600
1472508,35,2026-09-03,3209,23600
1472508,35,2026-09-04,3387,23600
1472508,35,2026-11-19,3234,23600
1472508,36,2026-09-01,3209,23600
1472508,36,2026-09-02,3209,23600
1472508,36,2026-09-03,3209,23600
1472508,36,2026-09-04,3387,23600
1472508,36,2026-11-19,3234,23600
1472508,37,2026-09-01,3209,23600
1472508,37,2026-09-02,3209,23600
1472508,37,2026-09-03,3209,23600
1472508,37,2026-09-04,3387,23600
1472508,37,2026-11-19,3234,23600
1472508,45,2026-09-01,3002,23600
1472508,45,2026-09-02,3002,23600
1472508,45,2026-09-03,3002,23600
1472508,45,2026-09-04,3180,23600
1472508,45,2026-11-19,3027,23600
1472508,46,2026-09-01,3002,23600
1472508,46,2026-09-02,3002,23600
1472508,46,2026-09-03,3002,23600
1472508,46,2026-09-04,3180,23600
1472508,46,2026-11-19,3027,23600
1472508,47,2026-08-28,4695,23600
1472508,47,2026-08-29,4695,23600
1472508,48,2026-08-28,4695,23600
1472508,48,2026-08-29,4695,23600
1472508,49,2026-08-28,4695,23600
1472508,49,2026-08-29,4695,23600
1472508,57,2026-08-27,2455,23600
1472508,58,2026-08-27,2455,23600
1472508,59,2026-09-01,3209,23600
1472508,59,2026-09-02,3209,23600
1472508,59,2026-09-03,3209,23600
1472508,59,2026-09-04,3387,23600
1472508,59,2026-11-19,3234,23600
1472508,61,2026-08-28,4695,23600
1472508,61,2026-08-29,4695,23600
1472508,89,2026-08-27,2455,23600
1472508,90,2026-08-27,2455,23600
1472508,91,2026-09-01,3209,23600
1472508,91,2026-09-02,3209,23600
1472508,91,2026-09-03,3209,23600
1472508,91,2026-09-04,3387,23600
1472508,91,2026-11-19,3234,23600
1474809,21,2026-08-24,1344,23600
1474809,22,2026-08-24,1344,23600
1474809,39,2026-08-24,1344,23600
1474809,83,2026-08-24,1344,23600
1475870,21,2026-09-04,2381,23600
1475870,22,2026-09-04,2381,23600
1475870,23,2026-09-04,2381,23600
1475870,24,2026-09-04,2381,23600
1475870,39,2026-09-04,2381,23600
1476116,25,2026-11-19,2150,23600
1476116,26,2026-11-19,2150,23600
1476116,27,2026-08-29,2736,23600
1476116,27,2026-09-04,2882,23600
1476116,28,2026-08-29,2736,23600
1476116,28,2026-09-04,2882,23600
1476116,41,2026-08-29,2736,23600
1476116,41,2026-09-04,2882,23600
1476116,45,2026-09-01,3289,23600
1476116,45,2026-09-02,3289,23600
1476116,45,2026-09-03,3289,23600
1476116,46,2026-09-01,3289,23600
1476116,46,2026-09-02,3289,23600
1476116,46,2026-09-03,3289,23600
1479104,21,2026-08-26,1871,23600
1479104,22,2026-08-26,1871,23600
1479104,23,2026-08-26,1871,23600
1479104,24,2026-08-26,1871,23600
1479104,39,2026-08-26,1871,23600
1479104,40,2026-08-26,1871,23600
1479104,83,2026-08-26,1871,23600
1479104,84,2026-08-26,1871,23600
1479104,97,2026-08-26,1871,23600
1483392,19,2026-11-19,1923,27848
1483392,20,2026-11-19,1923,27848
1483392,21,2026-11-19,1992,27848
1483392,22,2026-11-19,1992,27848
1483392,39,2026-11-19,1992,27848
1483392,42,2026-08-27,2688,27848
1483392,43,2026-08-27,2688,27848
1483392,44,2026-08-27,2688,27848
1483392,51,2026-11-19,1923,27848
1483392,83,2026-11-19,1992,27848
1484845,21,2026-11-19,2240,23600
1484845,22,2026-11-19,2240,23600
1484845,39,2026-11-19,2240,23600
1484845,83,2026-11-19,2240,23600
1486131,17,2026-11-19,1759,23600
1486131,18,2026-11-19,1759,23600
1486131,19,2026-11-19,1828,23600
1486131,20,2026-11-19,1828,23600
1486131,50,2026-11-19,1759,23600
1501004,21,2026-08-25,1452,23600
1501004,21,2026-08-26,1452,23600
1501004,22,2026-08-25,1452,23600
1501004,22,2026-08-26,1452,23600
1501004,39,2026-08-25,1452,23600
1501004,39,2026-08-26,1452,23600
1501004,83,2026-08-25,1452,23600
1501004,83,2026-08-26,1452,23600
1503944,19,2026-08-27,1560,23600
1503944,20,2026-08-27,1560,23600
1503944,21,2026-08-27,1664,23600
1503944,22,2026-08-27,1664,23600
1503944,23,2026-08-27,1767,23600
1503944,24,2026-08-27,1767,23600
1503944,39,2026-08-27,1664,23600
1503944,40,2026-08-27,1767,23600
1503944,51,2026-08-27,1560,23600
1503944,83,2026-08-27,1664,23600
1505657,23,2026-08-26,2901,23600
1505657,24,2026-08-26,2901,23600
1505657,40,2026-08-26,2901,23600
1506055,27,2026-08-27,1987,23600
1506055,28,2026-08-27,1987,23600
1506200,17,2026-08-27,2168,23600
1506200,18,2026-08-27,2168,23600
1506200,50,2026-08-27,2168,23600
1507731,15,2026-08-27,1493,23600
1507731,16,2026-08-27,1493,23600
1507731,16,2026-11-19,1645,23600
1507731,16,2027-08-21,1645,23600
1507731,17,2026-08-27,1562,23600
1507731,18,2026-08-27,1562,23600
1507731,38,2026-08-27,1493,23600
1507731,50,2026-08-27,1562,23600
1507731,52,2026-08-27,1493,23600
1507731,52,2026-11-19,1645,23600
1507731,52,2027-08-21,1645,23600
1507731,76,2026-08-27,1493,23600
1508506,27,2026-08-27,2162,23600
1508506,28,2026-08-27,2162,23600
1509593,23,2026-08-22,2234,23600
1509593,24,2026-08-22,2234,23600
1509593,40,2026-08-22,2234,23600
1516017,29,2026-08-27,2267,23600
1516017,30,2026-08-27,2267,23600
1516017,31,2026-08-27,2267,23600
1516017,32,2026-08-27,2439,23600
1516017,33,2026-08-27,2439,23600
1516017,34,2026-08-27,2439,23600
1516017,57,2026-08-27,2267,23600
1523458,32,2026-08-21,3015,20000
1523458,32,2026-08-28,3015,20000
1523458,32,2026-08-29,3015,20000
1523458,32,2026-08-30,3015,20000
1523458,32,2026-08-31,3015,20000
1523458,32,2026-09-01,3015,20000
1523458,32,2026-09-02,3015,20000
1523458,32,2026-09-03,3015,20000
1523458,32,2026-09-04,3015,20000
1523458,32,2026-09-05,3015,20000
1523458,32,2026-09-06,3015,20000
1523458,32,2026-09-07,3015,20000
1523458,32,2026-09-08,3015,20000
1523458,32,2026-09-09,3015,20000
1523458,32,2026-09-10,3015,20000
1523458,32,2026-09-11,3015,20000
1523458,32,2026-09-12,3015,20000
1523458,32,2026-09-13,3015,20000
1523458,32,2026-09-14,3015,20000
1523458,32,2026-09-15,3015,20000
1523458,32,2026-09-16,3015,20000
1523458,32,2026-09-17,3015,20000
1523458,32,2026-09-18,3015,20000
1523458,32,2026-09-19,3015,20000
1523458,32,2026-09-20,3015,20000
1523458,32,2026-09-21,3015,20000
1523458,32,2026-09-22,3015,20000
1523458,32,2026-09-23,3015,20000
1523458,32,2026-09-24,3015,20000
1523458,32,2026-09-25,3015,20000
1523458,32,2026-09-26,3015,20000
1523458,32,2026-09-27,3015,20000
1523458,32,2026-09-28,3015,20000
1523458,32,2026-09-29,3015,20000
1523458,32,2026-09-30,3015,20000
1523458,32,2026-10-01,3015,20000
1523458,32,2026-10-02,3015,20000
1523458,32,2026-10-03,3015,20000
1523458,32,2026-10-04,3015,20000
1523458,32,2026-10-05,3015,20000
1523458,32,2026-10-06,3015,20000
1523458,32,2026-10-07,3015,20000
1523458,32,2026-10-08,3015,20000
1523458,32,2026-10-09,3015,20000
1523458,32,2026-10-10,3015,20000
1523458,32,2026-10-11,3015,20000
1523458,32,2026-10-12,3015,20000
1523458,32,2026-10-13,3015,20000
1523458,32,2026-10-14,3015,20000
1523458,32,2026-10-15,3015,20000
1523458,32,2026-10-16,3015,20000
1523458,32,2026-10-17,3015,20000
1523458,32,2026-10-18,3015,20000
1523458,32,2026-10-19,3015,20000
1523458,32,2026-10-20,3015,20000
1523458,32,2026-10-21,3015,20000
1523458,32,2026-10-22,3015,20000
1523458,32,2026-10-23,3015,20000
1523458,32,2026-10-24,3015,20000
1523458,32,2026-10-25,3015,20000
1523458,32,2026-10-26,3015,20000
1523458,32,2026-10-27,3015,20000
1523458,32,2026-10-28,3015,20000
1523458,32,2026-10-29,3015,20000
1523458,32,2026-10-30,3015,20000
1523458,32,2026-10-31,3015,20000
1523458,32,2026-11-01,3015,20000
1523458,32,2026-11-02,3015,20000
1523458,32,2026-11-03,3015,20000
1523458,32,2026-11-04,3015,20000
1523458,32,2026-11-05,3015,20000
1523458,32,2026-11-06,3015,20000
1523458,32,2026-11-07,3015,20000
1523458,32,2026-11-08,3015,20000
1523458,32,2026-11-09,3015,20000
1523458,32,2026-11-10,3015,20000
1523458,32,2026-11-11,3015,20000
1523458,32,2026-11-12,3015,20000
1523458,32,2026-11-13,3015,20000
1523458,32,2026-11-14,3015,20000
1523458,32,2026-11-15,3015,20000
1523458,32,2026-11-16,3015,20000
1523458,32,2026-11-17,3015,20000
1523458,32,2026-11-18,3015,20000
1523458,32,2026-11-19,3015,20000
1523458,33,2026-08-21,3015,20000
1523458,33,2026-08-28,3015,20000
1523458,33,2026-08-29,3015,20000
1523458,33,2026-08-30,3015,20000
1523458,33,2026-08-31,3015,20000
1523458,33,2026-09-01,3015,20000
1523458,33,2026-09-02,3015,20000
1523458,33,2026-09-03,3015,20000
1523458,33,2026-09-04,3015,20000
1523458,33,2026-09-05,3015,20000
1523458,33,2026-09-06,3015,20000
1523458,33,2026-09-07,3015,20000
1523458,33,2026-09-08,3015,20000
1523458,33,2026-09-09,3015,20000
1523458,33,2026-09-10,3015,20000
1523458,33,2026-09-11,3015,20000
1523458,33,2026-09-12,3015,20000
1523458,33,2026-09-13,3015,20000
1523458,33,2026-09-14,3015,20000
1523458,33,2026-09-15,3015,20000
1523458,33,2026-09-16,3015,20000
1523458,33,2026-09-17,3015,20000
1523458,33,2026-09-18,3015,20000
1523458,33,2026-09-19,3015,20000
1523458,33,2026-09-20,3015,20000
1523458,33,2026-09-21,3015,20000
1523458,33,2026-09-22,3015,20000
1523458,33,2026-09-23,3015,20000
1523458,33,2026-09-24,3015,20000
1523458,33,2026-09-25,3015,20000
1523458,33,2026-09-26,3015,20000
1523458,33,2026-09-27,3015,20000
1523458,33,2026-09-28,3015,20000
1523458,33,2026-09-29,3015,20000
1523458,33,2026-09-30,3015,20000
1523458,33,2026-10-01,3015,20000
1523458,33,2026-10-02,3015,20000
1523458,33,2026-10-03,3015,20000
1523458,33,2026-10-04,3015,20000
1523458,33,2026-10-05,3015,20000
1523458,33,2026-10-06,3015,20000
1523458,33,2026-10-07,3015,20000
1523458,33,2026-10-08,3015,20000
1523458,33,2026-10-09,3015,20000
1523458,33,2026-10-10,3015,20000
1523458,33,2026-10-11,3015,20000
1523458,33,2026-10-12,3015,20000
1523458,33,2026-10-13,3015,20000
1523458,33,2026-10-14,3015,20000
1523458,33,2026-10-15,3015,20000
1523458,33,2026-10-16,3015,20000
1523458,33,2026-10-17,3015,20000
1523458,33,2026-10-18,3015,20000
1523458,33,2026-10-19,3015,20000
1523458,33,2026-10-20,3015,20000
1523458,33,2026-10-21,3015,20000
1523458,33,2026-10-22,3015,20000
1523458,33,2026-10-23,3015,20000
1523458,33,2026-10-24,3015,20000
1523458,33,2026-10-25,3015,20000
1523458,33,2026-10-26,3015,20000
1523458,33,2026-10-27,3015,20000
1523458,33,2026-10-28,3015,20000
1523458,33,2026-10-29,3015,20000
1523458,33,2026-10-30,3015,20000
1523458,33,2026-10-31,3015,20000
1523458,33,2026-11-01,3015,20000
1523458,33,2026-11-02,3015,20000
1523458,33,2026-11-03,3015,20000
1523458,33,2026-11-04,3015,20000
1523458,33,2026-11-05,3015,20000
1523458,33,2026-11-06,3015,20000
1523458,33,2026-11-07,3015,20000
1523458,33,2026-11-08,3015,20000
1523458,33,2026-11-09,3015,20000
1523458,33,2026-11-10,3015,20000
1523458,33,2026-11-11,3015,20000
1523458,33,2026-11-12,3015,20000
1523458,33,2026-11-13,3015,20000
1523458,33,2026-11-14,3015,20000
1523458,33,2026-11-15,3015,20000
1523458,33,2026-11-16,3015,20000
1523458,33,2026-11-17,3015,20000
1523458,33,2026-11-18,3015,20000
1523458,33,2026-11-19,3015,20000
1523458,34,2026-08-21,3015,20000
1523458,34,2026-08-28,3015,20000
1523458,34,2026-08-29,3015,20000
1523458,34,2026-08-30,3015,20000
1523458,34,2026-08-31,3015,20000
1523458,34,2026-09-01,3015,20000
1523458,34,2026-09-02,3015,20000
1523458,34,2026-09-03,3015,20000
1523458,34,2026-09-04,3015,20000
1523458,34,2026-09-05,3015,20000
1523458,34,2026-09-06,3015,20000
1523458,34,2026-09-07,3015,20000
1523458,34,2026-09-08,3015,20000
1523458,34,2026-09-09,3015,20000
1523458,34,2026-09-10,3015,20000
1523458,34,2026-09-11,3015,20000
1523458,34,2026-09-12,3015,20000
1523458,34,2026-09-13,3015,20000
1523458,34,2026-09-14,3015,20000
1523458,34,2026-09-15,3015,20000
1523458,34,2026-09-16,3015,20000
1523458,34,2026-09-17,3015,20000
1523458,34,2026-09-18,3015,20000
1523458,34,2026-09-19,3015,20000
1523458,34,2026-09-20,3015,20000
1523458,34,2026-09-21,3015,20000
1523458,34,2026-09-22,3015,20000
1523458,34,2026-09-23,3015,20000
1523458,34,2026-09-24,3015,20000
1523458,34,2026-09-25,3015,20000
1523458,34,2026-09-26,3015,20000
1523458,34,2026-09-27,3015,20000
1523458,34,2026-09-28,3015,20000
1523458,34,2026-09-29,3015,20000
1523458,34,2026-09-30,3015,20000
1523458,34,2026-10-01,3015,20000
1523458,34,2026-10-02,3015,20000
1523458,34,2026-10-03,3015,20000
1523458,34,2026-10-04,3015,20000
1523458,34,2026-10-05,3015,20000
1523458,34,2026-10-06,3015,20000
1523458,34,2026-10-07,3015,20000
1523458,34,2026-10-08,3015,20000
1523458,34,2026-10-09,3015,20000
1523458,34,2026-10-10,3015,20000
1523458,34,2026-10-11,3015,20000
1523458,34,2026-10-12,3015,20000
1523458,34,2026-10-13,3015,20000
1523458,34,2026-10-14,3015,20000
1523458,34,2026-10-15,3015,20000
1523458,34,2026-10-16,3015,20000
1523458,34,2026-10-17,3015,20000
1523458,34,2026-10-18,3015,20000
1523458,34,2026-10-19,3015,20000
1523458,34,2026-10-20,3015,20000
1523458,34,2026-10-21,3015,20000
1523458,34,2026-10-22,3015,20000
1523458,34,2026-10-23,3015,20000
1523458,34,2026-10-24,3015,20000
1523458,34,2026-10-25,3015,20000
1523458,34,2026-10-26,3015,20000
1523458,34,2026-10-27,3015,20000
1523458,34,2026-10-28,3015,20000
1523458,34,2026-10-29,3015,20000
1523458,34,2026-10-30,3015,20000
1523458,34,2026-10-31,3015,20000
1523458,34,2026-11-01,3015,20000
1523458,34,2026-11-02,3015,20000
1523458,34,2026-11-03,3015,20000
1523458,34,2026-11-04,3015,20000
1523458,34,2026-11-05,3015,20000
1523458,34,2026-11-06,3015,20000
1523458,34,2026-11-07,3015,20000
1523458,34,2026-11-08,3015,20000
1523458,34,2026-11-09,3015,20000
1523458,34,2026-11-10,3015,20000
1523458,34,2026-11-11,3015,20000
1523458,34,2026-11-12,3015,20000
1523458,34,2026-11-13,3015,20000
1523458,34,2026-11-14,3015,20000
1523458,34,2026-11-15,3015,20000
1523458,34,2026-11-16,3015,20000
1523458,34,2026-11-17,3015,20000
1523458,34,2026-11-18,3015,20000
1523458,34,2026-11-19,3015,20000
1531125,17,2026-11-19,1534,20000
1531125,18,2026-11-19,1534,20000
1531125,23,2026-09-01,1716,20000
1531125,24,2026-09-01,1716,20000
1531125,40,2026-09-01,1716,20000
1534876,15,2026-08-22,1171,23600
1534876,38,2026-08-22,1171,23600
1534876,76,2026-08-22,1171,23600
1535153,27,2026-11-19,2048,23600
1535153,28,2026-11-19,2048,23600
1546480,21,2026-08-21,2447,20000
1546480,22,2026-08-21,2447,20000
1546480,23,2026-08-21,2447,20000
1546480,24,2026-08-21,2447,20000
1546480,39,2026-08-21,2447,20000
1546480,40,2026-08-21,2447,20000
1546480,83,2026-08-21,2447,20000
1552629,25,2026-11-19,2393,23600
1552629,25,2027-08-21,2393,23600
1552629,26,2026-11-19,2393,23600
1552629,26,2027-08-21,2393,23600
1553206,16,2026-08-26,1337,23600
1553206,27,2026-08-27,2443,23600
1553206,28,2026-08-27,2443,23600
1556414,19,2027-08-21,1723,20000
1556414,20,2027-08-21,1723,20000
1556414,51,2027-08-21,1723,20000
1558817,23,2026-08-27,2131,23600
1558817,24,2026-08-27,2131,23600
1558817,40,2026-08-27,2131,23600
1581295,35,2026-08-30,1989,27848
1581295,36,2026-08-30,1989,27848
1593382,29,2026-08-27,1801,20000
1593382,30,2026-08-27,1801,20000
1593382,31,2026-08-27,1801,20000
1593382,57,2026-08-27,1801,20000
1594465,17,2026-08-23,1375,27848
1594465,18,2026-08-23,1375,27848
1594465,25,2026-08-23,1375,27848
1594465,26,2026-08-23,1375,27848
1594465,50,2026-08-23,1375,27848
1596003,17,2026-08-22,1337,23600
1596003,17,2026-08-23,1337,23600
1596003,17,2026-08-24,1337,23600
1596003,17,2026-08-25,1337,23600
1596003,17,2026-08-26,1337,23600
1596003,17,2026-08-27,1337,23600
1596003,17,2026-08-28,1337,23600
1596003,17,2026-08-29,1337,23600
1596003,17,2026-08-30,1337,23600
1596003,18,2026-08-22,1337,23600
1596003,18,2026-08-23,1337,23600
1596003,18,2026-08-24,1337,23600
1596003,18,2026-08-25,1337,23600
1596003,18,2026-08-26,1337,23600
1596003,18,2026-08-27,1337,23600
1596003,18,2026-08-28,1337,23600
1596003,18,2026-08-29,1337,23600
1596003,18,2026-08-30,1337,23600
1596003,50,2026-08-22,1337,23600
1596003,50,2026-08-23,1337,23600
1596003,50,2026-08-24,1337,23600
1596003,50,2026-08-25,1337,23600
1596003,50,2026-08-26,1337,23600
1596003,50,2026-08-27,1337,23600
1596003,50,2026-08-28,1337,23600
1596003,50,2026-08-29,1337,23600
1596003,50,2026-08-30,1337,23600
1596319,21,2026-11-19,2488,27848
1596319,22,2026-11-19,2488,27848
1596319,27,2026-11-19,3385,27848
1596319,28,2026-11-19,3385,27848
1596319,32,2026-11-19,3109,27848
1596319,33,2026-11-19,3109,27848
1596319,34,2026-11-19,3109,27848
1596319,39,2026-11-19,2488,27848
1596319,83,2026-11-19,2488,27848
1596742,23,2026-08-27,1680,23600
1596742,24,2026-08-27,1680,23600
1596742,29,2026-08-27,1784,23600
1596742,30,2026-08-27,1784,23600
1596742,31,2026-08-27,1784,23600
1596742,40,2026-08-27,1680,23600
1596742,57,2026-08-27,1784,23600
1598533,32,2026-08-21,1867,23600
1598533,32,2026-08-22,1867,23600
1598533,32,2026-08-23,1867,23600
1598533,32,2026-08-24,1867,23600
1598533,32,2026-08-26,1867,23600
1598533,33,2026-08-21,1867,23600
1598533,33,2026-08-22,1867,23600
1598533,33,2026-08-23,1867,23600
1598533,33,2026-08-24,1867,23600
1598533,33,2026-08-26,1867,23600
1598533,34,2026-08-21,1867,23600
1598533,34,2026-08-22,1867,23600
1598533,34,2026-08-23,1867,23600
1598533,34,2026-08-24,1867,23600
1598533,34,2026-08-26,1867,23600
1598533,58,2026-08-21,1867,23600
1598533,58,2026-08-22,1867,23600
1598533,58,2026-08-23,1867,23600
1598533,58,2026-08-24,1867,23600
1598533,58,2026-08-26,1867,23600
1608379,35,2026-11-19,5398,23600
1608379,36,2026-11-19,5398,23600
1608379,37,2026-11-19,5398,23600
1608379,42,2026-11-19,5950,23600
1608379,43,2026-11-19,5950,23600
1609002,19,2026-08-26,2136,23600
1609002,20,2026-08-26,2136,23600
1617471,15,2026-11-19,1488,23600
1617471,16,2026-11-19,1557,23600
1617471,38,2026-11-19,1488,23600
1618342,27,2026-08-27,1862,20000
1618342,28,2026-08-27,1862,20000
1675415,27,2026-08-21,4430,20000
1675415,27,2026-08-22,4430,20000
1675415,28,2026-08-21,4430,20000
1675415,28,2026-08-22,4430,20000
1675415,35,2026-08-21,4637,20000
1675415,35,2026-08-22,4637,20000
1675415,36,2026-08-21,4637,20000
1675415,36,2026-08-22,4637,20000
1675415,37,2026-08-21,4637,20000
1675415,37,2026-08-22,4637,20000
1759184,15,2026-08-25,1399,23600
1759184,16,2026-08-25,1451,23600
1759184,17,2026-08-23,1585,23600
1759184,17,2026-08-24,1585,23600
1759184,18,2026-08-23,1585,23600
1759184,18,2026-08-24,1585,23600
1759184,19,2026-08-23,1654,23600
1759184,19,2026-08-24,1654,23600
1759184,19,2026-08-27,1688,23600
1759184,20,2026-08-23,1654,23600
1759184,20,2026-08-24,1654,23600
1759184,20,2026-08-27,1688,23600
1759184,21,2026-08-23,1654,23600
1759184,21,2026-08-24,1654,23600
1759184,21,2026-08-27,1688,23600
1759184,22,2026-08-23,1654,23600
1759184,22,2026-08-24,1654,23600
1759184,22,2026-08-27,1688,23600
1759184,23,2026-08-26,1770,23600
1759184,24,2026-08-26,1770,23600
1759184,25,2026-08-26,1874,23600
1759184,26,2026-08-26,1874,23600
1759184,29,2026-08-23,1723,23600
1759184,29,2026-08-27,1757,23600
1759184,30,2026-08-23,1723,23600
1759184,30,2026-08-27,1757,23600
1759184,31,2026-08-23,1723,23600
1759184,31,2026-08-27,1757,23600
1759184,32,2026-08-26,1891,23600
1759184,33,2026-08-26,1891,23600
1759184,34,2026-08-26,1891,23600
1759184,38,2026-08-25,1399,23600
1759184,39,2026-08-23,1654,23600
1759184,39,2026-08-24,1654,23600
1759184,39,2026-08-27,1688,23600
1759184,40,2026-08-26,1770,23600
1759184,50,2026-08-23,1585,23600
1759184,50,2026-08-24,1585,23600
1759184,51,2026-08-23,1654,23600
1759184,51,2026-08-24,1654,23600
1759184,51,2026-08-27,1688,23600
1759184,57,2026-08-23,1723,23600
1759184,57,2026-08-27,1757,23600
1759184,58,2026-08-26,1891,23600
1759184,83,2026-08-23,1654,23600
1759184,83,2026-08-24,1654,23600
1759184,83,2026-08-27,1688,23600
1759184,87,2026-08-23,1585,23600
1759184,87,2026-08-24,1585,23600
1759184,89,2026-08-23,1723,23600
1759184,89,2026-08-27,1757,23600
1766640,15,2026-11-19,1187,23600
1766640,16,2026-11-19,1187,23600
1766640,17,2026-08-29,1380,23600
1766640,18,2026-08-29,1380,23600
1766640,19,2026-08-29,1380,23600
1766640,20,2026-08-29,1380,23600
1766640,27,2026-08-28,1877,23600
1766640,28,2026-08-28,1877,23600
1766640,38,2026-11-19,1187,23600
1766640,50,2026-08-29,1380,23600
1766640,52,2026-11-19,1187,23600
1869742,19,2026-08-27,2614,23600
1869742,20,2026-08-27,2614,23600
1879480,17,2026-11-19,990,23600
1879480,18,2026-11-19,990,23600
1879480,19,2026-11-19,990,23600
1879480,20,2026-11-19,990,23600
1879480,50,2026-11-19,990,23600
1894945,35,2026-08-27,4115,23600
1894945,36,2026-08-27,4115,23600
1894945,37,2026-08-27,4115,23600
1963434,15,2026-11-19,2057,23600
1963434,16,2026-11-19,2126,23600
1963434,17,2026-11-19,2264,23600
1963434,18,2026-11-19,2264,23600
1963434,19,2026-11-19,2333,23600
1963434,20,2026-11-19,2333,23600
1963434,38,2026-11-19,2057,23600
1963434,50,2026-11-19,2264,23600
1963434,51,2026-11-19,2333,23600
1963434,52,2026-11-19,2126,23600
1963434,76,2026-11-19,2057,23600
1963434,87,2026-11-19,2264,23600
1986521,21,2026-08-28,2374,23600
1986521,22,2026-08-28,2374,23600
1986521,23,2026-08-28,2477,23600
1986521,24,2026-08-28,2477,23600
1986521,39,2026-08-28,2374,23600
1986521,40,2026-08-28,2477,23600
1986521,83,2026-08-28,2374,23600
2010412,21,2026-08-28,1606,23600
2010412,21,2026-08-29,1606,23600
2010412,22,2026-08-28,1606,23600
2010412,22,2026-08-29,1606,23600
2010412,23,2026-08-28,1709,23600
2010412,23,2026-08-29,1709,23600
2010412,24,2026-08-28,1709,23600
2010412,24,2026-08-29,1709,23600
2010412,39,2026-08-28,1606,23600
2010412,39,2026-08-29,1606,23600
2010412,40,2026-08-28,1709,23600
2010412,40,2026-08-29,1709,23600
2010412,83,2026-08-28,1606,23600
2010412,83,2026-08-29,1606,23600
2010498,17,2026-08-22,2218,23600
2010498,17,2026-08-23,2218,23600
2010498,18,2026-08-22,2218,23600
2010498,18,2026-08-23,2218,23600
2010498,21,2026-08-26,2635,23600
2010498,21,2026-08-27,2648,23600
2010498,22,2026-08-26,2635,23600
2010498,22,2026-08-27,2648,23600
2010498,23,2026-08-26,2738,23600
2010498,23,2026-08-27,2751,23600
2010498,24,2026-08-26,2738,23600
2010498,24,2026-08-27,2751,23600
2010498,39,2026-08-26,2635,23600
2010498,39,2026-08-27,2648,23600
2010498,40,2026-08-26,2738,23600
2010498,40,2026-08-27,2751,23600
2010498,50,2026-08-22,2218,23600
2010498,50,2026-08-23,2218,23600
2010498,83,2026-08-26,2635,23600
2010498,83,2026-08-27,2648,23600
2011351,17,2026-08-21,1180,23600
2011351,18,2026-08-21,1180,23600
2011351,19,2026-08-24,1299,23600
2011351,20,2026-08-24,1299,23600
2011351,25,2026-08-21,1180,23600
2011351,26,2026-08-21,1180,23600
2011351,50,2026-08-21,1180,23600
2011450,16,2026-08-27,1584,27848
2011450,19,2026-08-27,1653,27848
2011450,20,2026-08-27,1653,27848
2012106,23,2026-08-24,1823,23600
2012106,23,2026-08-26,1823,23600
2012106,24,2026-08-24,1823,23600
2012106,24,2026-08-26,1823,23600
2012106,29,2026-08-26,1927,23600
2012106,30,2026-08-26,1927,23600
2012106,31,2026-08-26,1927,23600
2012106,40,2026-08-24,1823,23600
2012106,40,2026-08-26,1823,23600
2012106,57,2026-08-26,1927,23600
2013074,23,2026-08-23,1776,23600
2013074,23,2026-08-24,1776,23600
2013074,23,2026-08-25,1776,23600
2013074,23,2026-08-26,1776,23600
2013074,24,2026-08-23,1776,23600
2013074,24,2026-08-24,1776,23600
2013074,24,2026-08-25,1776,23600
2013074,24,2026-08-26,1776,23600
2013074,40,2026-08-23,1776,23600
2013074,40,2026-08-24,1776,23600
2013074,40,2026-08-25,1776,23600
2013074,40,2026-08-26,1776,23600
2013518,19,2026-08-23,947,23600
2013518,19,2026-08-25,937,23600
2013518,20,2026-08-23,947,23600
2013518,20,2026-08-25,937,23600
2013518,21,2026-08-23,1016,23600
2013518,21,2026-08-25,1006,23600
2013518,22,2026-08-23,1016,23600
2013518,22,2026-08-25,1006,23600
2013518,39,2026-08-23,1016,23600
2013518,39,2026-08-25,1006,23600
2013518,83,2026-08-23,1016,23600
2013518,83,2026-08-25,1006,23600
2013841,25,2026-11-19,1505,23600
2014883,17,2026-09-02,1518,23600
2014883,17,2026-11-19,1518,23600
2014883,18,2026-09-02,1518,23600
2014883,18,2026-11-19,1518,23600
2014883,21,2026-09-02,1725,23600
2014883,21,2026-11-19,1725,23600
2014883,22,2026-09-02,1725,23600
2014883,22,2026-11-19,1725,23600
2014883,23,2027-08-21,2093,23600
2014883,24,2027-08-21,2093,23600
2014883,39,2026-09-02,1725,23600
2014883,39,2026-11-19,1725,23600
2014883,40,2027-08-21,2093,23600
2014883,50,2026-09-02,1518,20000
2014883,50,2026-11-19,1518,20000
2014883,83,2026-09-02,1725,23600
2014883,83,2026-11-19,1725,23600
2014917,19,2026-11-19,1714,20000
2014917,20,2026-11-19,1714,20000
2018373,17,2026-08-27,2580,23600
2018373,18,2026-08-27,2580,23600
2018373,50,2026-08-27,2580,23600
2018783,25,2026-09-20,1845,23600
2018783,26,2026-09-20,1845,23600
2018835,17,2026-08-27,2320,23600
2018835,18,2026-08-27,2320,23600
2018835,19,2026-08-27,2527,23600
2018835,20,2026-08-27,2527,23600
2019978,21,2026-08-27,1991,20000
2019978,21,2026-11-19,2181,20000
2019978,22,2026-08-27,1991,20000
2019978,22,2026-11-19,2181,20000
2019978,23,2026-11-19,2319,20000
2019978,24,2026-11-19,2319,20000
2019978,25,2026-09-20,2471,20000
2019978,26,2026-09-20,2471,20000
2019978,39,2026-08-27,1991,20000
2019978,39,2026-11-19,2181,20000
2019978,40,2026-11-19,2319,20000
2019978,83,2026-08-27,1991,20000
2019978,83,2026-11-19,2181,20000
2024299,17,2026-09-04,1791,23600
2024299,18,2026-09-04,1791,23600
2024299,19,2026-09-04,1791,23600
2024299,20,2026-09-04,1791,23600
2024299,50,2026-09-04,1791,23600
2024354,29,2026-08-27,2382,23600
2024354,30,2026-08-27,2382,23600
2024354,31,2026-08-27,2382,23600
2024354,32,2026-08-27,2520,23600
2024354,33,2026-08-27,2520,23600
2024354,34,2026-08-27,2520,23600
2024354,57,2026-08-27,2382,23600
2025497,27,2026-08-21,2122,23600
2025497,28,2026-08-21,2122,23600
2025497,32,2026-08-28,2492,23600
2025497,32,2026-08-29,2492,23600
2025497,33,2026-08-28,2492,23600
2025497,33,2026-08-29,2492,23600
2025497,34,2026-08-28,2492,23600
2025497,34,2026-08-29,2492,23600
2025497,58,2026-08-28,2492,23600
2025497,58,2026-08-29,2492,23600
2025675,19,2026-09-04,1509,20000
2025675,35,2026-08-28,2682,20000
2025675,35,2026-08-29,2682,20000
2025675,36,2026-08-28,2682,20000
2025675,36,2026-08-29,2682,20000
2026607,27,2026-11-19,2264,20000
2026607,28,2026-11-19,2264,20000
2033589,21,2026-08-21,2430,23600
2033589,21,2026-08-27,2427,23600
2033589,21,2026-11-01,2536,23600
2033589,21,2026-11-02,2536,23600
2033589,21,2026-11-03,2536,23600
2033589,21,2026-11-04,2536,23600
2033589,21,2026-11-05,2536,23600
2033589,21,2026-11-12,2536,23600
2033589,21,2026-11-18,2536,23600
2033589,21,2026-11-19,2536,23600
2033589,22,2026-08-21,2430,23600
2033589,22,2026-08-27,2427,23600
2033589,22,2026-11-01,2536,23600
2033589,22,2026-11-02,2536,23600
2033589,22,2026-11-03,2536,23600
2033589,22,2026-11-04,2536,23600
2033589,22,2026-11-05,2536,23600
2033589,22,2026-11-12,2536,23600
2033589,22,2026-11-18,2536,23600
2033589,22,2026-11-19,2536,23600
2033589,23,2026-08-27,2565,23600
2033589,24,2026-08-27,2565,23600
2033589,39,2026-08-21,2430,23600
2033589,39,2026-08-27,2427,23600
2033589,39,2026-11-01,2536,23600
2033589,39,2026-11-02,2536,23600
2033589,39,2026-11-03,2536,23600
2033589,39,2026-11-04,2536,23600
2033589,39,2026-11-05,2536,23600
2033589,39,2026-11-12,2536,23600
2033589,39,2026-11-18,2536,23600
2033589,39,2026-11-19,2536,23600
2033589,40,2026-08-27,2565,23600
2033589,83,2026-08-21,2430,23600
2033589,83,2026-08-27,2427,23600
2033589,83,2026-11-01,2536,23600
2033589,83,2026-11-02,2536,23600
2033589,83,2026-11-03,2536,23600
2033589,83,2026-11-04,2536,23600
2033589,83,2026-11-05,2536,23600
2033589,83,2026-11-12,2536,23600
2033589,83,2026-11-18,2536,23600
2033589,83,2026-11-19,2536,23600
2043614,23,2026-08-22,1626,20000
2043614,24,2026-08-22,1626,20000
2043614,40,2026-08-22,1626,20000
2051409,15,2026-08-28,1826,23600
2052672,27,2026-08-27,2030,23600
2052672,28,2026-08-27,2030,23600
2052900,23,2026-08-22,1634,23600
2052900,24,2026-08-22,1634,23600
2052900,40,2026-08-22,1634,23600
2053245,29,2026-08-27,1679,23600
2053245,30,2026-08-27,1679,23600
2053245,31,2026-08-27,1679,23600
2053245,57,2026-08-27,1679,23600
2055589,25,2026-08-27,2052,23600
2055589,26,2026-08-27,2052,23600
2057538,27,2026-08-26,2410,23600
2057538,28,2026-08-26,2410,23600
2057538,29,2026-08-23,2348,23600
2057538,29,2026-08-24,2339,23600
2057538,29,2026-08-25,2338,23600
2057538,29,2026-08-26,2336,23600
2057538,30,2026-08-23,2348,23600
2057538,30,2026-08-24,2339,23600
2057538,30,2026-08-25,2338,23600
2057538,30,2026-08-26,2336,23600
2057538,31,2026-08-23,2348,23600
2057538,31,2026-08-24,2339,23600
2057538,31,2026-08-25,2338,23600
2057538,31,2026-08-26,2336,23600
2057538,32,2026-08-26,2543,23600
2057538,33,2026-08-26,2543,23600
2057538,34,2026-08-26,2543,23600
2057538,57,2026-08-23,2348,23600
2057538,57,2026-08-24,2339,23600
2057538,57,2026-08-25,2338,23600
2057538,57,2026-08-26,2336,23600
2058446,19,2026-08-27,1853,23600
2058446,21,2026-08-27,1922,23600
2058446,22,2026-08-27,1922,23600
2058446,23,2026-08-27,1991,23600
2058446,24,2026-08-27,1991,23600
2058446,39,2026-08-27,1922,23600
2058446,40,2026-08-27,1991,23600
2058446,83,2026-08-27,1922,23600
2058505,17,2026-08-21,2172,23600
2058505,18,2026-08-21,2172,23600
2058505,50,2026-08-21,2172,23600
2059540,21,2026-08-24,1551,23600
2059540,21,2026-08-27,1728,23600
2059540,22,2026-08-24,1551,23600
2059540,22,2026-08-27,1728,23600
2059540,23,2026-08-24,1723,23600
2059540,23,2026-08-27,1901,23600
2059540,24,2026-08-24,1723,23600
2059540,24,2026-08-27,1901,23600
2059540,27,2026-08-24,1551,23600
2059540,27,2026-08-27,1728,23600
2059540,28,2026-08-24,1551,23600
2059540,28,2026-08-27,1728,23600
2059540,39,2026-08-24,1551,23600
2059540,39,2026-08-27,1728,23600
2059541,35,2026-08-27,4181,27848
2059541,36,2026-08-27,4181,27848
2065286,17,2026-08-26,1620,23600
2065286,18,2026-08-26,1620,23600
2065286,21,2026-08-21,1771,23600
2065286,22,2026-08-21,1771,23600
2065286,23,2026-08-23,1893,23600
2065286,24,2026-08-23,1893,23600
2065286,27,2026-08-26,2310,23600
2065286,28,2026-08-26,2310,23600
2065286,39,2026-08-21,1771,23600
2065286,40,2026-08-23,1893,23600
2065286,41,2026-08-26,2310,23600
2065286,50,2026-08-26,1620,23600
2065286,83,2026-08-21,1771,23600
2065286,84,2026-08-23,1893,23600
2065286,97,2026-08-21,1771,23600
2065763,17,2026-08-22,1546,32861
2065763,18,2026-08-22,1546,32861
2065763,25399,2026-08-22,1546,32861
2065763,50,2026-08-22,1546,32861
2065763,87,2026-08-22,1546,32861
2065763,93,2026-08-22,1546,32861
2066561,35,2026-08-27,2759,27848
2066561,36,2026-08-27,2759,27848
2071014,19,2026-08-26,1397,23600
2071014,19,2026-08-27,1397,23600
2071014,21,2026-08-26,1535,23600
2071014,21,2026-08-27,1535,23600
2071014,22,2026-08-26,1535,23600
2071014,22,2026-08-27,1535,23600
2071014,23,2026-08-26,1604,23600
2071014,23,2026-08-27,1604,23600
2071014,24,2026-08-26,1604,23600
2071014,24,2026-08-27,1604,23600
2071014,39,2026-08-26,1535,23600
2071014,39,2026-08-27,1535,23600
2071014,40,2026-08-26,1604,23600
2071014,40,2026-08-27,1604,23600
2071014,83,2026-08-26,1535,23600
2071014,83,2026-08-27,1535,23600
2071224,27,2026-08-30,1688,23600
2071224,28,2026-08-30,1688,23600
2076114,21,2026-09-04,2188,20000
2076114,22,2026-09-04,2188,20000
2076114,23,2026-09-04,2188,20000
2076114,24,2026-09-04,2188,20000
2076114,39,2026-09-04,2188,20000
2076114,40,2026-09-04,2188,20000
2076114,83,2026-09-04,2188,20000
2077421,19,2026-08-24,1071,23600
2077421,20,2026-08-24,1071,23600
2077421,21,2026-08-24,1140,23600
2077421,21,2026-08-25,1134,23600
2077421,22,2026-08-24,1140,23600
2077421,22,2026-08-25,1134,23600
2077421,23,2026-08-25,1203,23600
2077421,24,2026-08-25,1203,23600
2077421,39,2026-08-24,1140,23600
2077421,39,2026-08-25,1134,23600
2077421,40,2026-08-25,1203,23600
2077421,83,2026-08-24,1140,23600
2077421,83,2026-08-25,1134,23600
2079707,17,2026-08-23,1239,23600
2079707,17,2026-08-24,1239,23600
2079707,18,2026-08-23,1239,23600
2079707,18,2026-08-24,1239,23600
2079707,21,2026-08-22,1352,23600
2079707,22,2026-08-22,1352,23600
2079707,23,2026-08-21,1421,23600
2079707,23,2026-08-22,1421,23600
2079707,24,2026-08-21,1421,23600
2079707,24,2026-08-22,1421,23600
2079707,25,2026-08-23,1239,23600
2079707,25,2026-08-24,1239,23600
2079707,26,2026-08-23,1239,23600
2079707,26,2026-08-24,1239,23600
2079707,39,2026-08-22,1352,23600
2079707,40,2026-08-21,1421,23600
2079707,40,2026-08-22,1421,23600
2079707,50,2026-08-23,1239,23600
2079707,50,2026-08-24,1239,23600
2079707,83,2026-08-22,1352,23600
2083696,19,2026-08-26,1657,23600
2083696,19,2026-08-27,1669,23600
2083696,20,2026-08-26,1657,23600
2083696,20,2026-08-27,1669,23600
2098155,21,2026-09-04,1530,23600
2098155,22,2026-09-04,1530,23600
2098155,23,2026-09-04,1530,23600
2098155,24,2026-09-04,1530,23600
2098155,39,2026-09-04,1530,23600
2098155,40,2026-09-04,1530,23600
2098155,83,2026-09-04,1530,23600
2267797,21,2026-08-21,1526,23600
2267797,22,2026-08-21,1526,23600
2267797,39,2026-08-21,1526,23600
2267797,83,2026-08-21,1526,23600
2686403,15,2026-08-21,1259,23600
2686403,29,2026-08-28,1834,23600
2686403,30,2026-08-28,1834,23600
2686403,31,2026-08-28,1834,23600
2686403,32,2026-09-04,1972,23600
2686403,33,2026-09-04,1972,23600
2686403,34,2026-09-04,1972,23600
2686403,35,2026-08-21,2294,23600
2686403,36,2026-08-21,2294,23600
2686403,57,2026-08-28,1834,23600
3001862,25,2026-08-27,1595,23600
3001862,26,2026-08-27,1595,23600
3006134,19,2026-11-19,1602,23600
3006134,20,2026-11-19,1602,23600
4138782,27,2026-08-27,2322,23600
4138782,28,2026-08-27,2322,23600
4477291,19,2026-08-29,1323,20000
4477291,20,2026-08-29,1323,20000
4477291,21,2026-10-05,1461,20000
4477291,21,2026-10-26,1461,20000
4477291,22,2026-10-05,1461,20000
4477291,22,2026-10-26,1461,20000
4477291,23,2026-09-11,1636,20000
4477291,23,2026-09-18,1636,20000
4477291,23,2026-09-19,1636,20000
4477291,24,2026-09-11,1636,20000
4477291,24,2026-09-18,1636,20000
4477291,24,2026-09-19,1636,20000
4477291,39,2026-10-05,1461,20000
4477291,39,2026-10-26,1461,20000
5000022,19,2026-11-19,1895,20000
5000022,20,2026-11-19,1895,20000
5000022,21,2026-11-19,1895,20000
5000022,22,2026-11-19,1895,20000
5000022,39,2026-11-19,1895,20000
5000022,83,2026-11-19,1895,20000
9772256,21,2026-10-19,4416,23600
9772256,21,2026-10-20,4416,23600
9772256,22,2026-10-19,4416,23600
9772256,22,2026-10-20,4416,23600
9772256,23,2026-10-19,4416,23600
9772256,23,2026-10-20,4416,23600
9772256,24,2026-10-19,4416,23600
9772256,24,2026-10-20,4416,23600
9772256,25,2026-10-09,5037,23600
9772256,25,2026-10-10,5037,23600
9772256,25,2026-10-11,5037,23600
9772256,25,2026-10-12,5037,23600
9772256,25,2026-10-13,5037,23600
9772256,25,2026-10-14,5037,23600
9772256,25,2026-10-15,5037,23600
9772256,25,2026-10-16,5037,23600
9772256,25,2026-10-17,5037,23600
9772256,25,2026-10-18,5037,23600
9772256,25,2026-10-19,5037,23600
9772256,25,2026-10-20,5037,23600
9772256,26,2026-10-09,5037,23600
9772256,26,2026-10-10,5037,23600
9772256,26,2026-10-11,5037,23600
9772256,26,2026-10-12,5037,23600
9772256,26,2026-10-13,5037,23600
9772256,26,2026-10-14,5037,23600
9772256,26,2026-10-15,5037,23600
9772256,26,2026-10-16,5037,23600
9772256,26,2026-10-17,5037,23600
9772256,26,2026-10-18,5037,23600
9772256,26,2026-10-19,5037,23600
9772256,26,2026-10-20,5037,23600
9772256,27,2026-10-06,3565,23600
9772256,27,2026-10-07,3565,23600
9772256,27,2026-10-08,3565,23600
9772256,27,2026-10-27,3522,23600
9772256,27,2026-10-28,3522,23600
9772256,27,2026-10-29,3522,23600
9772256,27,2026-11-01,3642,23600
9772256,27,2026-11-02,3642,23600
9772256,27,2026-11-03,3642,23600
9772256,27,2026-11-04,3642,23600
9772256,27,2026-11-05,3642,23600
9772256,27,2026-11-12,3642,23600
9772256,27,2026-11-18,3642,23600
9772256,28,2026-10-06,3565,23600
9772256,28,2026-10-07,3565,23600
9772256,28,2026-10-08,3565,23600
9772256,28,2026-10-27,3522,23600
9772256,28,2026-10-28,3522,23600
9772256,28,2026-10-29,3522,23600
9772256,28,2026-11-01,3642,23600
9772256,28,2026-11-02,3642,23600
9772256,28,2026-11-03,3642,23600
9772256,28,2026-11-04,3642,23600
9772256,28,2026-11-05,3642,23600
9772256,28,2026-11-12,3642,23600
9772256,28,2026-11-18,3642,23600
9772256,39,2026-10-19,4416,23600
9772256,39,2026-10-20,4416,23600
9772256,40,2026-10-19,4416,23600
9772256,40,2026-10-20,4416,23600
9772256,42,2026-10-27,5799,23600
9772256,42,2026-10-28,5799,23600
9772256,42,2026-10-29,5799,23600
9772256,42,2026-11-01,5919,23600
9772256,42,2026-11-02,5919,23600
9772256,42,2026-11-03,5919,23600
9772256,42,2026-11-04,5919,23600
9772256,42,2026-11-05,5919,23600
9772256,42,2026-11-12,5919,23600
9772256,42,2026-11-18,5919,23600
9772256,43,2026-10-27,5799,23600
9772256,43,2026-10-28,5799,23600
9772256,43,2026-10-29,5799,23600
9772256,43,2026-11-01,5919,23600
9772256,43,2026-11-02,5919,23600
9772256,43,2026-11-03,5919,23600
9772256,43,2026-11-04,5919,23600
9772256,43,2026-11-05,5919,23600
9772256,43,2026-11-12,5919,23600
9772256,43,2026-11-18,5919,23600
9772256,83,2026-10-19,4416,23600
9772256,83,2026-10-20,4416,23600
0002365,17,2026-09-04,1680,23600
0002365,18,2026-09-04,1680,23600
0002365,50,2026-09-04,1680,23600
0002365,87,2026-09-04,1680,23600
0003211,17,2026-08-21,1492,23600
0003211,18,2026-08-21,1492,23600
0003211,19,2026-08-21,1561,23600
0003211,19,2026-08-22,1557,23600
0003211,19,2026-08-23,1557,23600
0003211,19,2026-08-24,1556,23600
0003211,19,2026-08-25,1555,23600
0003211,19,2026-08-26,1555,23600
0003211,20,2026-08-21,1561,23600
0003211,20,2026-08-22,1557,23600
0003211,20,2026-08-23,1557,23600
0003211,20,2026-08-24,1556,23600
0003211,20,2026-08-25,1555,23600
0003211,20,2026-08-26,1555,23600
0003211,50,2026-08-21,1492,23600
0015738,17,2026-08-27,1414,23600
0015738,18,2026-08-27,1414,23600
0015738,25,2026-08-27,1414,23600
0015738,26,2026-08-27,1414,23600
0015738,50,2026-08-27,1414,23600
0045959,35,2026-08-26,2304,23600
0045959,36,2026-08-26,2304,23600
0045959,40,2026-08-26,1855,23600
0243121,21,2026-08-26,1702,23600
0243121,21,2026-08-27,1702,23600
0243121,22,2026-08-26,1702,23600
0243121,22,2026-08-27,1702,23600
0243121,39,2026-08-26,1702,23600
0243121,39,2026-08-27,1702,23600
0243121,83,2026-08-26,1702,23600
0243121,83,2026-08-27,1702,23600
0243252,27,2026-08-24,3079,23600
0243252,27,2026-08-25,3079,23600
0243252,28,2026-08-24,3079,23600
0243252,28,2026-08-25,3079,23600
0325023,23,2027-08-21,1953,23600
0325023,24,2027-08-21,1953,23600
0325023,29,2027-08-21,2022,23600
0325023,30,2027-08-21,2022,23600
0325023,31,2027-08-21,2022,23600
0325023,40,2027-08-21,1953,23600
0325023,57,2027-08-21,2022,23600
0327829,21,2026-08-24,1209,23600
0327829,22,2026-08-24,1209,23600
0327829,27,2026-09-04,1559,23600
0327829,28,2026-09-04,1559,23600
0327829,39,2026-08-24,1209,23600
0327829,83,2026-08-24,1209,23600
0371149,17,2026-08-22,2829,23600
0371149,17,2026-08-27,2829,23600
0371149,18,2026-08-22,2829,23600
0371149,18,2026-08-27,2829,23600
0371149,25,2026-08-27,2829,23600
0371149,26,2026-08-27,2829,23600
0395630,15,2026-08-22,1597,35400
0395630,19,2026-08-24,1796,35400
0395630,20,2026-08-24,1796,35400
0395630,27,2026-08-23,2571,35400
0395630,28,2026-08-23,2571,35400
0468785,17,2026-09-01,1834,23600
0468785,17,2026-09-02,1834,23600
0468785,18,2026-09-01,1834,23600
0468785,18,2026-09-02,1834,23600
0468785,19,2026-09-01,1938,23600
0468785,19,2026-09-02,1938,23600
0468785,19,2026-09-03,1936,23600
0468785,20,2026-09-01,1938,23600
0468785,20,2026-09-02,1938,23600
0468785,20,2026-09-03,1936,23600
0468785,50,2026-09-01,1834,23600
0468785,50,2026-09-02,1834,23600
0468785,51,2026-09-01,1938,23600
0468785,51,2026-09-02,1938,23600
0468785,51,2026-09-03,1936,23600
0468785,87,2026-09-01,1834,23600
0468785,87,2026-09-02,1834,23600
0471678,21,2026-08-26,3208,23600
0471678,22,2026-08-26,3208,23600
0471678,23,2026-08-26,3208,23600
0471678,24,2026-08-26,3208,23600
0471678,25,2026-08-26,3208,23600
0471678,26,2026-08-26,3208,23600
0471678,35,2026-08-25,4294,23600
0471678,36,2026-08-25,4294,23600
0471678,37,2026-08-25,4294,23600
0471678,39,2026-08-26,3208,23600
0471678,40,2026-08-26,3208,23600
0471678,83,2026-08-26,3208,23600
0472129,32,2026-09-04,2624,23600
0472129,32,2026-09-04,2624,23600
0472129,33,2026-09-04,2624,23600
0472129,33,2026-09-04,2624,23600
0472129,34,2026-09-04,2624,23600
1043825,21,2026-09-02,1854,23600
1043825,21,2026-11-19,1854,23600
1043825,22,2026-09-02,1854,23600
1043825,22,2026-11-19,1854,23600
1043825,29,2026-09-04,2199,23600
1043825,30,2026-09-04,2199,23600
1043825,31,2026-09-04,2199,23600
1043825,32,2026-09-04,2199,23600
1043825,33,2026-09-04,2199,23600
1043825,34,2026-09-04,2199,23600
1043825,35,2026-08-28,2544,23600
1043825,35,2026-08-29,2544,23600
1043825,36,2026-08-28,2544,23600
1043825,36,2026-08-29,2544,23600
1043825,39,2026-09-02,1854,23600
1043825,39,2026-11-19,1854,23600
1043825,57,2026-09-04,2199,23600
1043825,83,2026-09-02,1854,23600
1043825,83,2026-11-19,1854,23600
1075048,25,2027-08-21,1524,23600
1075048,29,2026-08-23,1539,23600
1075048,30,2026-08-23,1539,23600
1075048,31,2026-08-23,1539,23600
1075048,32,2026-08-27,1653,23600
1075048,32,2026-09-02,1857,23600
1075048,32,2026-09-04,1857,23600
1075048,32,2026-11-19,1857,23600
1075048,33,2026-08-27,1653,23600
1075048,33,2026-09-02,1857,23600
1075048,33,2026-09-04,1857,23600
1075048,33,2026-11-19,1857,23600
1075048,34,2026-08-27,1653,23600
1075048,34,2026-09-02,1857,23600
1075048,34,2026-09-04,1857,23600
1075048,34,2026-11-19,1857,23600
1075048,35,2026-08-21,2048,23600
1075048,35,2026-08-22,2048,23600
1075048,35,2026-08-25,2048,23600
1075048,35,2026-08-26,2048,23600
1075048,36,2026-08-21,2048,23600
1075048,36,2026-08-22,2048,23600
1075048,36,2026-08-25,2048,23600
1075048,36,2026-08-26,2048,23600
1075048,57,2026-08-23,1539,23600
1076395,17,2026-08-24,1370,23600
1076395,18,2026-08-24,1370,23600
1076395,50,2026-08-24,1370,23600
1076395,87,2026-08-24,1370,23600
1104342,27,2026-11-19,2828,32861
1104342,28,2026-11-19,2828,32861
1107594,25,2026-09-01,1575,23600
1107594,25,2026-09-01,1575,23600
1107594,25,2026-09-03,1575,23600
1107594,25,2026-09-03,1575,23600
1125927,17,2026-11-06,1291,23600
1125927,17,2026-11-13,1291,23600
1125927,18,2026-11-06,1291,23600
1125927,18,2026-11-13,1291,23600
1125927,24179,2026-11-08,1790,23600
1125927,24179,2026-11-09,1790,23600
1125927,24179,2026-11-10,1790,23600
1125927,24179,2026-11-11,1790,23600
1125927,24179,2026-11-15,1790,23600
1125927,24179,2026-11-16,1790,23600
1125927,24179,2026-11-17,1790,23600
1125927,29,2026-11-08,1790,23600
1125927,29,2026-11-09,1790,23600
1125927,29,2026-11-10,1790,23600
1125927,29,2026-11-11,1790,23600
1125927,29,2026-11-15,1790,23600
1125927,29,2026-11-16,1790,23600
1125927,29,2026-11-17,1790,23600
1125927,30,2026-11-08,1790,23600
1125927,30,2026-11-09,1790,23600
1125927,30,2026-11-10,1790,23600
1125927,30,2026-11-11,1790,23600
1125927,30,2026-11-15,1790,23600
1125927,30,2026-11-16,1790,23600
1125927,30,2026-11-17,1790,23600
1125927,31,2026-11-08,1790,23600
1125927,31,2026-11-09,1790,23600
1125927,31,2026-11-10,1790,23600
1125927,31,2026-11-11,1790,23600
1125927,31,2026-11-15,1790,23600
1125927,31,2026-11-16,1790,23600
1125927,31,2026-11-17,1790,23600
1125927,35,2026-08-28,1773,23600
1125927,36,2026-08-28,1773,23600
1125927,37,2026-08-28,1773,23600
1125927,42,2026-09-06,2329,23600
1125927,42,2026-09-13,2329,23600
1125927,42,2026-09-19,2133,23600
1125927,43,2026-09-06,2329,23600
1125927,43,2026-09-13,2329,23600
1125927,43,2026-09-19,2133,23600
1125927,44,2026-09-06,2329,23600
1125927,44,2026-09-13,2329,23600
1125927,44,2026-09-19,2133,23600
1125927,47,2026-08-31,2394,23600
1125927,47,2026-09-01,2404,23600
1125927,47,2026-09-02,2404,23600
1125927,47,2026-09-03,2404,23600
1125927,47,2026-09-07,2394,23600
1125927,47,2026-09-08,2394,23600
1125927,47,2026-09-09,2394,23600
1125927,47,2026-09-10,2394,23600
1125927,47,2026-09-15,2394,23600
1125927,47,2026-09-16,2394,23600
1125927,47,2026-09-17,2394,23600
1125927,47,2026-09-20,2394,23600
1125927,47,2026-09-21,2394,23600
1125927,47,2026-09-22,2394,23600
1125927,47,2026-09-23,2394,23600
1125927,47,2026-09-24,2394,23600
1125927,47,2026-09-27,2394,23600
1125927,47,2026-09-28,2394,23600
1125927,47,2026-09-29,2394,23600
1125927,47,2026-09-30,2394,23600
1125927,47,2026-10-06,2394,23600
1125927,47,2026-10-07,2394,23600
1125927,47,2026-10-08,2394,23600
1125927,47,2026-10-27,2394,23600
1125927,47,2026-10-28,2394,23600
1125927,47,2026-10-29,2394,23600
1125927,47,2026-11-06,2567,23600
1125927,47,2026-11-13,2567,23600
1125927,48,2026-08-31,2394,23600
1125927,48,2026-09-01,2404,23600
1125927,48,2026-09-02,2404,23600
1125927,48,2026-09-03,2404,23600
1125927,48,2026-09-07,2394,23600
1125927,48,2026-09-08,2394,23600
1125927,48,2026-09-09,2394,23600
1125927,48,2026-09-10,2394,23600
1125927,48,2026-09-15,2394,23600
1125927,48,2026-09-16,2394,23600
1125927,48,2026-09-17,2394,23600
1125927,48,2026-09-20,2394,23600
1125927,48,2026-09-21,2394,23600
1125927,48,2026-09-22,2394,23600
1125927,48,2026-09-23,2394,23600
1125927,48,2026-09-24,2394,23600
1125927,48,2026-09-27,2394,23600
1125927,48,2026-09-28,2394,23600
1125927,48,2026-09-29,2394,23600
1125927,48,2026-09-30,2394,23600
1125927,48,2026-10-06,2394,23600
1125927,48,2026-10-07,2394,23600
1125927,48,2026-10-08,2394,23600
1125927,48,2026-10-27,2394,23600
1125927,48,2026-10-28,2394,23600
1125927,48,2026-10-29,2394,23600
1125927,48,2026-11-06,2567,23600
1125927,48,2026-11-13,2567,23600
1125927,50,2026-11-06,1291,23600
1125927,50,2026-11-13,1291,23600
1125927,57,2026-11-08,1790,23600
1125927,57,2026-11-09,1790,23600
1125927,57,2026-11-10,1790,23600
1125927,57,2026-11-11,1790,23600
1125927,57,2026-11-15,1790,23600
1125927,57,2026-11-16,1790,23600
1125927,57,2026-11-17,1790,23600
1125927,59,2026-08-28,1773,23600
1125927,89,2026-11-08,1790,23600
1125927,89,2026-11-09,1790,23600
1125927,89,2026-11-10,1790,23600
1125927,89,2026-11-11,1790,23600
1125927,89,2026-11-15,1790,23600
1125927,89,2026-11-16,1790,23600
1125927,89,2026-11-17,1790,23600
1131021,21,2026-08-24,1438,20000
1131021,22,2026-08-24,1438,20000
1131021,23,2026-08-24,1576,20000
1131021,23,2026-08-30,1631,20000
1131021,24,2026-08-24,1576,20000
1131021,24,2026-08-30,1631,20000
1131021,39,2026-08-24,1438,20000
1131768,21,2026-08-27,1647,23600
1131768,22,2026-08-27,1647,23600
1131768,39,2026-08-27,1647,23600
1131768,83,2026-08-27,1647,23600
1136798,19,2026-08-27,1917,23600
1136798,20,2026-08-27,1917,23600
1152305,17,2026-08-21,1803,23600
1152305,17,2026-08-21,1803,23600
1152305,18,2026-08-21,1803,23600
1152305,18,2026-08-21,1803,23600
1152305,50,2026-08-21,1803,23600
1165642,15,2026-08-22,1300,23600
1165642,15,2026-08-24,1300,23600
1165642,15,2026-08-25,1300,23600
1165642,15,2026-08-26,1300,23600
1165642,17,2026-08-22,1438,23600
1165642,17,2026-08-23,1433,23600
1165642,17,2026-08-24,1438,23600
1165642,17,2026-08-25,1438,23600
1165642,17,2026-08-26,1438,23600
1165642,18,2026-08-22,1438,23600
1165642,18,2026-08-23,1433,23600
1165642,18,2026-08-24,1438,23600
1165642,18,2026-08-25,1438,23600
1165642,18,2026-08-26,1438,23600
1165642,38,2026-08-22,1300,23600
1165642,38,2026-08-24,1300,23600
1165642,38,2026-08-25,1300,23600
1165642,38,2026-08-26,1300,23600
1165642,50,2026-08-22,1438,23600
1165642,50,2026-08-23,1433,23600
1165642,50,2026-08-24,1438,23600
1165642,50,2026-08-25,1438,23600
1165642,50,2026-08-26,1438,23600
1166076,17,2026-11-19,1678,23600
1166076,18,2026-11-19,1678,23600
1166076,50,2026-11-19,1678,23600
1166252,15,2026-08-27,1075,23600
1166252,21,2026-09-04,1971,23600
1166252,22,2026-09-04,1971,23600
1166252,38,2026-08-27,1075,23600
1166252,39,2026-09-04,1971,23600
1166252,83,2026-09-04,1971,23600
1166971,19,2026-08-27,1441,23600
1166971,20,2026-08-27,1441,23600
1167277,17,2026-08-22,1112,23600
1167277,18,2026-08-22,1112,23600
1167277,50,2026-08-22,1112,23600
1168316,17,2026-08-28,1714,23600
1168316,17,2026-08-29,1714,23600
1168316,17,2026-08-31,1714,23600
1168316,17,2026-09-02,1714,23600
1168316,17,2026-09-04,1714,23600
1168316,18,2026-08-28,1714,23600
1168316,18,2026-08-29,1714,23600
1168316,18,2026-08-31,1714,23600
1168316,18,2026-09-02,1714,23600
1168316,18,2026-09-04,1714,23600
1168316,25,2026-11-19,2231,23600
1168316,26,2026-11-19,2231,23600
1168316,50,2026-08-28,1714,23600
1168316,50,2026-08-29,1714,23600
1168316,50,2026-08-31,1714,23600
1168316,50,2026-09-02,1714,23600
1168316,50,2026-09-04,1714,23600
1168316,87,2026-08-28,1714,23600
1168316,87,2026-08-29,1714,23600
1168316,87,2026-08-31,1714,23600
1168316,87,2026-09-02,1714,23600
1168316,87,2026-09-04,1714,23600
1176148,21,2026-08-27,1231,23600
1176148,22,2026-08-27,1231,23600
1176148,23,2026-08-27,1231,23600
1176148,24,2026-08-27,1231,23600
1176148,39,2026-08-27,1231,23600
1176148,40,2026-08-27,1231,23600
1176148,83,2026-08-27,1231,23600
1191684,17,2026-08-26,1494,20000
1191684,18,2026-08-26,1494,20000
1191684,50,2026-08-26,1494,20000
1203621,27,2026-08-27,1825,23600
1203621,28,2026-08-27,1825,23600
1204404,21,2026-08-22,1248,20000
1204404,22,2026-08-22,1248,20000
1204404,23,2026-08-22,1248,20000
1204404,24,2026-08-22,1248,20000
1204404,39,2026-08-22,1248,20000
1204404,40,2026-08-22,1248,20000
1204404,83,2026-08-22,1248,20000
1209749,21,2026-08-23,1917,38776
1209749,21,2026-08-24,1917,38776
1209749,21,2026-08-25,1917,38776
1209749,21,2026-08-26,1917,38776
1209749,22,2026-08-23,1917,38776
1209749,22,2026-08-24,1917,38776
1209749,22,2026-08-25,1917,38776
1209749,22,2026-08-26,1917,38776
1209749,23,2026-08-23,1917,38776
1209749,23,2026-08-24,1917,38776
1209749,23,2026-08-25,1917,38776
1209749,23,2026-08-26,1917,38776
1209749,24,2026-08-23,1917,38776
1209749,24,2026-08-24,1917,38776
1209749,24,2026-08-25,1917,38776
1209749,24,2026-08-26,1917,38776
1209749,39,2026-08-23,1917,38776
1209749,39,2026-08-24,1917,38776
1209749,39,2026-08-25,1917,38776
1209749,39,2026-08-26,1917,38776
1209749,40,2026-08-23,1917,38776
1209749,40,2026-08-24,1917,38776
1209749,40,2026-08-25,1917,38776
1209749,40,2026-08-26,1917,38776
1209749,83,2026-08-23,1917,38776
1209749,83,2026-08-24,1917,38776
1209749,83,2026-08-25,1917,38776
1209749,83,2026-08-26,1917,38776
1212380,27,2026-10-20,2297,20000
1212380,27,2026-10-22,2297,20000
1212380,27,2026-10-23,2297,20000
1212380,27,2026-10-24,2297,20000
1212380,27,2026-10-26,2297,20000
1212380,27,2026-10-27,2297,20000
1212380,27,2026-10-28,2297,20000
1212380,27,2026-10-29,2297,20000
1212380,27,2026-10-30,2297,20000
1212380,27,2026-10-31,2297,20000
1212380,27,2026-11-01,2297,20000
1212380,27,2026-11-02,2297,20000
1212380,27,2026-11-03,2297,20000
1212380,27,2026-11-04,2297,20000
1212380,27,2026-11-05,2297,20000
1212380,27,2026-11-06,2297,20000
1212380,27,2026-11-07,2297,20000
1212380,27,2026-11-08,2297,20000
1212380,27,2026-11-09,2297,20000
1212380,27,2026-11-10,2297,20000
1212380,27,2026-11-11,2297,20000
1212380,27,2026-11-12,2297,20000
1212380,27,2026-11-13,2297,20000
1212380,27,2026-11-14,2297,20000
1212380,27,2026-11-15,2297,20000
1212380,27,2026-11-16,2297,20000
1212380,27,2026-11-17,2297,20000
1212380,27,2026-11-18,2297,20000
1212380,27,2026-11-19,2297,20000
1212380,28,2026-10-20,2297,20000
1212380,28,2026-10-22,2297,20000
1212380,28,2026-10-23,2297,20000
1212380,28,2026-10-24,2297,20000
1212380,28,2026-10-26,2297,20000
1212380,28,2026-10-27,2297,20000
1212380,28,2026-10-28,2297,20000
1212380,28,2026-10-29,2297,20000
1212380,28,2026-10-30,2297,20000
1212380,28,2026-10-31,2297,20000
1212380,28,2026-11-01,2297,20000
1212380,28,2026-11-02,2297,20000
1212380,28,2026-11-03,2297,20000
1212380,28,2026-11-04,2297,20000
1212380,28,2026-11-05,2297,20000
1212380,28,2026-11-06,2297,20000
1212380,28,2026-11-07,2297,20000
1212380,28,2026-11-08,2297,20000
1212380,28,2026-11-09,2297,20000
1212380,28,2026-11-10,2297,20000
1212380,28,2026-11-11,2297,20000
1212380,28,2026-11-12,2297,20000
1212380,28,2026-11-13,2297,20000
1212380,28,2026-11-14,2297,20000
1212380,28,2026-11-15,2297,20000
1212380,28,2026-11-16,2297,20000
1212380,28,2026-11-17,2297,20000
1212380,28,2026-11-18,2297,20000
1212380,28,2026-11-19,2297,20000
1212547,29,2026-08-27,3761,23600
1212547,30,2026-08-27,3761,23600
1212547,31,2026-08-27,3761,23600
1212547,57,2026-08-27,3761,23600
1213613,17,2026-08-27,2536,23600
1213613,18,2026-08-27,2536,23600
1213613,27,2027-08-21,3251,23600
1213613,28,2027-08-21,3251,23600
1213613,50,2026-08-27,2536,23600
1215006,17,2026-08-27,2041,23600
1215006,18,2026-08-27,2041,23600
1215006,19,2026-08-27,2076,23600
1215006,20,2026-08-27,2076,23600
1215006,21,2026-08-27,2248,23600
1215006,22,2026-08-27,2248,23600
1215006,23,2026-08-27,2283,23600
1215006,24,2026-08-27,2283,23600
1215006,39,2026-08-27,2248,23600
1215006,40,2026-08-27,2283,23600
1215006,50,2026-08-27,2041,23600
1215006,83,2026-08-27,2248,23600
1217501,15,2026-08-26,1923,27848
1217501,16,2026-08-26,1957,27848
1217501,27,2026-08-26,2578,27848
1217501,28,2026-08-26,2578,27848
1217501,38,2026-08-26,1923,27848
1218072,27,2026-08-27,3771,23600
1218072,28,2026-08-27,3771,23600
1229511,21,2026-08-24,1359,23600
1229511,22,2026-08-24,1359,23600
1229511,23,2026-08-24,1462,23600
1229511,24,2026-08-24,1462,23600
1229511,27,2026-08-21,1899,23600
1229511,28,2026-08-21,1899,23600
1229511,39,2026-08-24,1359,23600
1229511,40,2026-08-24,1462,23600
1229511,41,2026-08-21,1899,23600
1229511,45,2026-08-26,2446,23600
1229511,46,2026-08-26,2446,23600
1229511,83,2026-08-24,1359,23600
1229511,84,2026-08-24,1462,23600
1229511,97,2026-08-24,1359,23600
1234388,29,2026-08-27,2446,27848
1234388,30,2026-08-27,2446,27848
1234388,31,2026-08-27,2446,27848
1234388,57,2026-08-27,2446,27848
1242203,15,2026-08-27,1480,23600
1242203,16,2026-08-27,1480,23600
1242203,38,2026-08-27,1480,23600
1242203,52,2026-08-27,1480,23600
1242203,76,2026-08-27,1480,23600
1247536,17,2026-08-27,1971,23600
1247536,18,2026-08-27,1971,23600
1253600,21,2026-09-04,1828,23600
1253600,22,2026-09-04,1828,23600
1253600,23,2026-09-04,1931,23600
1253600,24,2026-09-04,1931,23600
1253600,39,2026-09-04,1828,23600
1253706,35,2026-08-28,3658,23600
1253706,36,2026-08-28,3658,23600
1256474,19,2026-09-04,1336,23600
1256474,21,2026-09-04,1370,23600
1256474,22,2026-09-04,1370,23600
1256474,29,2026-08-28,1835,23600
1256474,30,2026-08-28,1835,23600
1256474,31,2026-08-28,1835,23600
1256474,39,2026-09-04,1370,23600
1256474,57,2026-08-28,1835,23600
1257158,21,2026-09-04,1623,23600
1257158,22,2026-09-04,1623,23600
1257158,39,2026-09-04,1623,23600
1257158,83,2026-09-04,1623,23600
1259110,27,2026-08-28,2242,23600
1259110,27,2026-08-29,2242,23600
1259110,28,2026-08-28,2242,23600
1259110,28,2026-08-29,2242,23600
1259110,32,2026-08-28,2276,23600
1259110,32,2026-08-29,2276,23600
1259110,33,2026-08-28,2276,23600
1259110,33,2026-08-29,2276,23600
1259110,34,2026-08-28,2276,23600
1259110,34,2026-08-29,2276,23600
1263729,19,2026-08-21,1185,20000
1263729,19,2026-08-23,1185,20000
1263729,19,2026-08-24,1185,20000
1263729,19,2026-08-25,1185,20000
1263729,20,2026-08-21,1185,20000
1263729,20,2026-08-23,1185,20000
1263729,20,2026-08-24,1185,20000
1263729,20,2026-08-25,1185,20000
1263729,21,2026-08-21,1220,20000
1263729,21,2026-08-23,1220,20000
1263729,21,2026-08-24,1220,20000
1263729,21,2026-08-25,1220,20000
1263729,22,2026-08-21,1220,20000
1263729,22,2026-08-23,1220,20000
1263729,22,2026-08-24,1220,20000
1263729,22,2026-08-25,1220,20000
1263729,39,2026-08-21,1220,20000
1263729,39,2026-08-23,1220,20000
1263729,39,2026-08-24,1220,20000
1263729,39,2026-08-25,1220,20000
1263729,83,2026-08-21,1220,20000
1263729,83,2026-08-23,1220,20000
1263729,83,2026-08-24,1220,20000
1263729,83,2026-08-25,1220,20000
1265433,29,2026-08-26,2806,23600
1265433,29,2026-08-27,2806,23600
1265433,30,2026-08-26,2806,23600
1265433,30,2026-08-27,2806,23600
1265433,31,2026-08-26,2806,23600
1265433,31,2026-08-27,2806,23600
1265433,57,2026-08-26,2806,23600
1265433,57,2026-08-27,2806,23600
1269686,23,2026-08-27,1657,23600
1269686,24,2026-08-27,1657,23600
1269686,40,2026-08-27,1657,23600
1269736,17,2026-08-21,1700,27848
1269736,17,2026-08-23,1700,27848
1269736,17,2026-08-24,1700,27848
1269736,17,2026-08-25,1700,27848
1269736,18,2026-08-21,1700,27848
1269736,18,2026-08-23,1700,27848
1269736,18,2026-08-24,1700,27848
1269736,18,2026-08-25,1700,27848
1319620,29,2026-08-27,1606,23600
1319620,30,2026-08-27,1606,23600
1319620,31,2026-08-27,1606,23600
1319620,57,2026-08-27,1606,23600
1319620,89,2026-08-27,1606,23600
1324743,17,2026-11-19,1894,27848
1324743,18,2026-11-19,1894,27848
1324743,50,2026-11-19,1894,27848
1327100,17,2026-08-22,1985,23600
1327100,18,2026-08-22,1985,23600
1327100,19,2026-08-21,2085,23600
1327100,19,2026-08-22,2088,23600
1327100,19,2026-08-23,2085,23600
1327100,19,2026-08-24,2085,23600
1327100,20,2026-08-21,2085,23600
1327100,20,2026-08-22,2088,23600
1327100,20,2026-08-23,2085,23600
1327100,20,2026-08-24,2085,23600
1327100,21,2026-08-21,2257,23600
1327100,21,2026-08-23,2257,23600
1327100,21,2026-08-24,2257,23600
1327100,21,2026-08-25,2257,23600
1327100,21,2026-08-26,2257,23600
1327100,21,2026-08-27,2257,23600
1327100,22,2026-08-21,2257,23600
1327100,22,2026-08-23,2257,23600
1327100,22,2026-08-24,2257,23600
1327100,22,2026-08-25,2257,23600
1327100,22,2026-08-26,2257,23600
1327100,22,2026-08-27,2257,23600
1327100,23,2026-08-25,2361,23600
1327100,23,2026-08-26,2361,23600
1327100,23,2026-08-27,2361,23600
1327100,24,2026-08-25,2361,23600
1327100,24,2026-08-26,2361,23600
1327100,24,2026-08-27,2361,23600
1327100,27,2026-11-19,3293,23600
1327100,28,2026-11-19,3293,23600
1327100,29,2026-11-19,3258,23600
1327100,30,2026-11-19,3258,23600
1327100,31,2026-11-19,3258,23600
1327100,32,2026-11-19,3362,23600
1327100,33,2026-11-19,3362,23600
1327100,34,2026-11-19,3362,23600
1327100,39,2026-08-21,2257,23600
1327100,39,2026-08-23,2257,23600
1327100,39,2026-08-24,2257,23600
1327100,39,2026-08-25,2257,23600
1327100,39,2026-08-26,2257,23600
1327100,39,2026-08-27,2257,23600
1327100,40,2026-08-25,2361,23600
1327100,40,2026-08-26,2361,23600
1327100,40,2026-08-27,2361,23600
1327100,50,2026-08-22,1985,23600
1327100,57,2026-11-19,3258,23600
1327100,83,2026-08-21,2257,23600
1327100,83,2026-08-23,2257,23600
1327100,83,2026-08-24,2257,23600
1327100,83,2026-08-25,2257,23600
1327100,83,2026-08-26,2257,23600
1327100,83,2026-08-27,2257,23600
1344712,17,2026-08-27,1457,23600
1344712,18,2026-08-27,1457,23600
1344712,19,2026-08-27,1457,23600
1344712,20,2026-08-27,1457,23600
1344712,50,2026-08-27,1457,23600
1362285,17,2026-08-23,1542,23600
1362285,18,2026-08-23,1542,23600
1362285,19,2026-08-22,1606,23600
1362285,19,2026-08-23,1611,23600
1362285,20,2026-08-22,1606,23600
1362285,20,2026-08-23,1611,23600
1362285,21,2026-08-22,1675,23600
1362285,21,2026-08-23,1680,23600
1362285,21,2026-08-24,1671,23600
1362285,21,2026-08-25,1671,23600
1362285,22,2026-08-22,1675,23600
1362285,22,2026-08-23,1680,23600
1362285,22,2026-08-24,1671,23600
1362285,22,2026-08-25,1671,23600
1362285,23,2026-08-22,1744,23600
1362285,23,2026-08-24,1740,23600
1362285,23,2026-08-25,1740,23600
1362285,24,2026-08-22,1744,23600
1362285,24,2026-08-24,1740,23600
1362285,24,2026-08-25,1740,23600
1362285,27,2026-08-26,2154,23600
1362285,28,2026-08-26,2154,23600
1362285,39,2026-08-22,1675,23600
1362285,39,2026-08-23,1680,23600
1362285,39,2026-08-24,1671,23600
1362285,39,2026-08-25,1671,23600
1362285,40,2026-08-22,1744,23600
1362285,40,2026-08-24,1740,23600
1362285,40,2026-08-25,1740,23600
1362285,50,2026-08-23,1542,23600
1362285,83,2026-08-22,1675,23600
1362285,83,2026-08-23,1680,23600
1362285,83,2026-08-24,1671,23600
1362285,83,2026-08-25,1671,23600
1368078,21,2026-08-21,1933,23600
1368078,21,2026-08-22,1937,23600
1368078,22,2026-08-21,1933,23600
1368078,22,2026-08-22,1937,23600
1368078,23,2026-08-21,2071,23600
1368078,24,2026-08-21,2071,23600
1368078,27,2026-08-23,2515,23600
1368078,27,2026-08-24,2515,23600
1368078,28,2026-08-23,2515,23600
1368078,28,2026-08-24,2515,23600
1368078,39,2026-08-21,1933,23600
1368078,39,2026-08-22,1937,23600
1368078,40,2026-08-21,2071,23600
1368078,83,2026-08-21,1933,23600
1368078,83,2026-08-22,1937,23600
1379105,17,2026-08-27,2160,23600
1379105,18,2026-08-27,2160,23600
1381105,27,2027-08-21,1906,23600
1381105,28,2027-08-21,1906,23600
1386481,21,2026-08-27,1677,23600
1386481,22,2026-08-27,1677,23600
1386481,23,2026-08-27,1781,23600
1386481,24,2026-08-27,1781,23600
1386481,39,2026-08-27,1677,23600
1386481,40,2026-08-27,1781,23600
1386481,83,2026-08-27,1677,23600
1386944,17,2026-08-30,1486,23600
1386944,18,2026-08-30,1486,23600
1386944,50,2026-08-30,1486,23600
1387536,23,2026-08-26,1481,23600
1387536,24,2026-08-26,1481,23600
1387536,40,2026-08-26,1481,23600
1395021,45,2026-08-25,2446,23600
1395021,46,2026-08-25,2446,23600
1396947,23,2026-08-24,2478,23600
1396947,24,2026-08-24,2478,23600
1396947,25,2026-08-24,2547,23600
1396947,25,2026-11-19,3284,23600
1396947,26,2026-08-24,2547,23600
1396947,26,2026-11-19,3284,23600
1396947,27,2026-08-24,2685,23600
1396947,27,2026-08-25,2665,23600
1396947,27,2026-08-26,2665,23600
1396947,27,2026-11-19,3422,23600
1396947,28,2026-08-24,2685,23600
1396947,28,2026-08-25,2665,23600
1396947,28,2026-08-26,2665,23600
1396947,28,2026-11-19,3422,23600
1396947,29,2026-08-24,2478,23600
1396947,30,2026-08-24,2478,23600
1396947,31,2026-08-24,2478,23600
1396947,32,2026-08-25,2803,23600
1396947,32,2026-08-26,2803,23600
1396947,32,2026-11-19,3560,23600
1396947,33,2026-08-25,2803,23600
1396947,33,2026-08-26,2803,23600
1396947,33,2026-11-19,3560,23600
1396947,34,2026-08-25,2803,23600
1396947,34,2026-08-26,2803,23600
1396947,34,2026-11-19,3560,23600
1396947,40,2026-08-24,2478,23600
1396947,57,2026-08-24,2478,23600
1398298,19,2026-08-21,1116,23600
1398298,20,2026-08-21,1116,23600
1398298,21,2026-08-21,1185,23600
1398298,22,2026-08-21,1185,23600
1398298,39,2026-08-21,1185,23600
1398298,83,2026-08-21,1185,23600
1405295,21,2026-10-20,1437,23600
1405295,21,2026-10-21,1437,23600
1405295,21,2026-10-22,1437,23600
1405295,21,2026-10-23,1437,23600
1405295,21,2026-10-24,1437,23600
1405295,21,2026-10-26,1437,23600
1405295,21,2026-10-27,1437,23600
1405295,21,2026-10-28,1437,23600
1405295,21,2026-10-29,1437,23600
1405295,21,2026-10-30,1437,23600
1405295,21,2026-10-31,1437,23600
1405295,21,2026-11-01,1437,23600
1405295,21,2026-11-02,1437,23600
1405295,21,2026-11-03,1437,23600
1405295,21,2026-11-04,1437,23600
1405295,21,2026-11-05,1437,23600
1405295,21,2026-11-06,1437,23600
1405295,21,2026-11-07,1437,23600
1405295,21,2026-11-08,1437,23600
1405295,21,2026-11-09,1437,23600
1405295,21,2026-11-10,1437,23600
1405295,21,2026-11-11,1437,23600
1405295,21,2026-11-12,1437,23600
1405295,21,2026-11-13,1437,23600
1405295,21,2026-11-14,1437,23600
1405295,21,2026-11-15,1437,23600
1405295,21,2026-11-16,1437,23600
1405295,21,2026-11-17,1437,23600
1405295,21,2026-11-18,1437,23600
1405295,21,2026-11-19,1437,23600
1405295,22,2026-10-20,1437,23600
1405295,22,2026-10-21,1437,23600
1405295,22,2026-10-22,1437,23600
1405295,22,2026-10-23,1437,23600
1405295,22,2026-10-24,1437,23600
1405295,22,2026-10-26,1437,23600
1405295,22,2026-10-27,1437,23600
1405295,22,2026-10-28,1437,23600
1405295,22,2026-10-29,1437,23600
1405295,22,2026-10-30,1437,23600
1405295,22,2026-10-31,1437,23600
1405295,22,2026-11-01,1437,23600
1405295,22,2026-11-02,1437,23600
1405295,22,2026-11-03,1437,23600
1405295,22,2026-11-04,1437,23600
1405295,22,2026-11-05,1437,23600
1405295,22,2026-11-06,1437,23600
1405295,22,2026-11-07,1437,23600
1405295,22,2026-11-08,1437,23600
1405295,22,2026-11-09,1437,23600
1405295,22,2026-11-10,1437,23600
1405295,22,2026-11-11,1437,23600
1405295,22,2026-11-12,1437,23600
1405295,22,2026-11-13,1437,23600
1405295,22,2026-11-14,1437,23600
1405295,22,2026-11-15,1437,23600
1405295,22,2026-11-16,1437,23600
1405295,22,2026-11-17,1437,23600
1405295,22,2026-11-18,1437,23600
1405295,22,2026-11-19,1437,23600
1405295,39,2026-10-20,1437,23600
1405295,39,2026-10-21,1437,23600
1405295,39,2026-10-22,1437,23600
1405295,39,2026-10-23,1437,23600
1405295,39,2026-10-24,1437,23600
1405295,39,2026-10-26,1437,23600
1405295,39,2026-10-27,1437,23600
1405295,39,2026-10-28,1437,23600
1405295,39,2026-10-29,1437,23600
1405295,39,2026-10-30,1437,23600
1405295,39,2026-10-31,1437,23600
1405295,39,2026-11-01,1437,23600
1405295,39,2026-11-02,1437,23600
1405295,39,2026-11-03,1437,23600
1405295,39,2026-11-04,1437,23600
1405295,39,2026-11-05,1437,23600
1405295,39,2026-11-06,1437,23600
1405295,39,2026-11-07,1437,23600
1405295,39,2026-11-08,1437,23600
1405295,39,2026-11-09,1437,23600
1405295,39,2026-11-10,1437,23600
1405295,39,2026-11-11,1437,23600
1405295,39,2026-11-12,1437,23600
1405295,39,2026-11-13,1437,23600
1405295,39,2026-11-14,1437,23600
1405295,39,2026-11-15,1437,23600
1405295,39,2026-11-16,1437,23600
1405295,39,2026-11-17,1437,23600
1405295,39,2026-11-18,1437,23600
1405295,39,2026-11-19,1437,23600
1405295,83,2026-10-20,1437,23600
1405295,83,2026-10-21,1437,23600
1405295,83,2026-10-22,1437,23600
1405295,83,2026-10-23,1437,23600
1405295,83,2026-10-24,1437,23600
1405295,83,2026-10-26,1437,23600
1405295,83,2026-10-27,1437,23600
1405295,83,2026-10-28,1437,23600
1405295,83,2026-10-29,1437,23600
1405295,83,2026-10-30,1437,23600
1405295,83,2026-10-31,1437,23600
1405295,83,2026-11-01,1437,23600
1405295,83,2026-11-02,1437,23600
1405295,83,2026-11-03,1437,23600
1405295,83,2026-11-04,1437,23600
1405295,83,2026-11-05,1437,23600
1405295,83,2026-11-06,1437,23600
1405295,83,2026-11-07,1437,23600
1405295,83,2026-11-08,1437,23600
1405295,83,2026-11-09,1437,23600
1405295,83,2026-11-10,1437,23600
1405295,83,2026-11-11,1437,23600
1405295,83,2026-11-12,1437,23600
1405295,83,2026-11-13,1437,23600
1405295,83,2026-11-14,1437,23600
1405295,83,2026-11-15,1437,23600
1405295,83,2026-11-16,1437,23600
1405295,83,2026-11-17,1437,23600
1405295,83,2026-11-18,1437,23600
1405295,83,2026-11-19,1437,23600
1419130,17,2026-08-23,2548,23600
1419130,18,2026-08-23,2548,23600
1419130,50,2026-08-23,2548,23600
1423815,19,2026-08-21,1587,23600
1423815,20,2026-08-21,1587,23600
1423815,21,2026-08-22,1636,23600
1423815,22,2026-08-22,1636,23600
1423815,23,2026-08-22,1774,23600
1423815,23,2026-08-23,1771,23600
1423815,23,2026-08-24,1771,23600
1423815,23,2026-08-25,1771,23600
1423815,24,2026-08-22,1774,23600
1423815,24,2026-08-23,1771,23600
1423815,24,2026-08-24,1771,23600
1423815,24,2026-08-25,1771,23600
1423815,39,2026-08-22,1636,23600
1423815,40,2026-08-22,1774,23600
1423815,40,2026-08-23,1771,23600
1423815,40,2026-08-24,1771,23600
1423815,40,2026-08-25,1771,23600
1423815,83,2026-08-22,1636,23600
1433791,17,2026-08-22,2177,23600
1433791,18,2026-08-22,2177,23600
1433791,50,2026-08-22,2177,23600
1433791,87,2026-08-22,2177,23600
1434248,17,2026-08-22,1307,23600
1434248,18,2026-08-22,1307,23600
1434248,50,2026-08-22,1307,23600
1444313,15,2026-11-19,2008,27848
1444313,16,2026-11-19,2008,27848
1444313,21,2026-08-29,2924,27848
1444313,22,2026-08-29,2924,27848
1444313,23,2026-08-29,2924,27848
1444313,24,2026-08-29,2924,27848
1444313,27,2026-09-01,3250,27848
1444313,27,2026-09-02,3250,27848
1444313,27,2026-09-03,3250,27848
1444313,28,2026-09-01,3250,27848
1444313,28,2026-09-02,3250,27848
1444313,28,2026-09-03,3250,27848
1444313,35,2026-09-01,3526,27848
1444313,35,2026-09-02,3526,27848
1444313,35,2026-09-03,3526,27848
1444313,36,2026-09-01,3526,27848
1444313,36,2026-09-02,3526,27848
1444313,36,2026-09-03,3526,27848
1444313,37,2026-09-01,3526,27848
1444313,37,2026-09-02,3526,27848
1444313,37,2026-09-03,3526,27848
1444313,38,2026-11-19,2008,27848
1444313,39,2026-08-29,2924,27848
1444313,40,2026-08-29,2924,27848
1444313,52,2026-11-19,2008,27848
1444313,83,2026-08-29,2924,27848
1446609,17,2026-08-29,1254,23600
1446609,18,2026-08-29,1254,23600
1446609,19,2026-08-29,1254,23600
1446609,20,2026-08-29,1254,23600
1446609,25,2026-08-29,1254,23600
1446609,26,2026-08-29,1254,23600
1453534,19,2026-08-27,1108,23600
1453534,20,2026-08-27,1108,23600
1453534,51,2026-08-27,1108,23600
1462197,17,2026-09-01,1350,23600
1462197,17,2026-09-03,1350,23600
1462197,18,2026-09-01,1350,23600
1462197,18,2026-09-03,1350,23600
1462197,23,2026-11-19,1868,23600
1462197,24,2026-11-19,1868,23600
1462197,35,2026-09-01,3144,23600
1462197,35,2026-09-02,3144,23600
1462197,35,2026-09-03,3144,23600
1462197,36,2026-09-01,3144,23600
1462197,36,2026-09-02,3144,23600
1462197,36,2026-09-03,3144,23600
1462197,37,2026-09-01,3144,23600
1462197,37,2026-09-02,3144,23600
1462197,37,2026-09-03,3144,23600
1462197,40,2026-11-19,1868,23600
1462197,50,2026-09-01,1350,23600
1462197,50,2026-09-03,1350,23600
1472376,21,2026-08-27,2048,23600
1472376,22,2026-08-27,2048,23600
1472376,23,2026-08-27,2048,23600
1472376,24,2026-08-27,2048,23600
1472376,39,2026-08-27,2048,23600
1472376,40,2026-08-27,2048,23600
1472376,83,2026-08-27,2048,23600
1472459,17,2026-08-24,1047,23600
1472459,18,2026-08-24,1047,23600
1472459,19,2026-08-24,1047,23600
1472459,20,2026-08-24,1047,23600
1472459,21,2026-08-25,1306,23600
1472459,22,2026-08-25,1306,23600
1472459,23,2026-08-25,1306,23600
1472459,24,2026-08-25,1306,23600
1472459,27,2026-08-26,1996,23600
1472459,28,2026-08-26,1996,23600
1472459,39,2026-08-25,1306,23600
1472459,40,2026-08-25,1306,23600
1472459,41,2026-08-26,1996,23600
1472459,50,2026-08-24,1047,23600
1472459,83,2026-08-25,1306,23600
1472459,84,2026-08-25,1306,23600
1472459,97,2026-08-25,1306,23600
1472508,24179,2026-09-04,2697,23600
1472508,24179,2026-11-19,2544,23600
1472508,24180,2026-09-04,2697,23600
1472508,24180,2026-11-19,2544,23600
1472508,24181,2026-09-04,2697,23600
1472508,24181,2026-11-19,2544,23600
1472508,24182,2026-09-04,2697,23600
1472508,24182,2026-11-19,2544,23600
1472508,24183,2026-09-04,2697,23600
1472508,24183,2026-11-19,2544,23600
1472508,24184,2026-09-04,2697,23600
1472508,24184,2026-11-19,2544,23600
1472508,24185,2026-09-04,2697,23600
1472508,24185,2026-11-19,2544,23600
1472508,24188,2026-08-29,4005,23600
1472508,27,2026-08-27,2248,23600
1472508,28,2026-08-27,2248,23600
1472508,29,2026-09-04,2697,23600
1472508,29,2026-11-19,2544,23600
1472508,30,2026-09-04,2697,23600
1472508,30,2026-11-19,2544,23600
1472508,31,2026-09-04,2697,23600
1472508,31,2026-11-19,2544,23600
1472508,32,2026-09-04,2697,23600
1472508,32,2026-11-19,2544,23600
1472508,33,2026-09-04,2697,23600
1472508,33,2026-11-19,2544,23600
1472508,34,2026-09-04,2697,23600
1472508,34,2026-11-19,2544,23600
1472508,41,2026-08-27,2248,23600
1472508,42,2026-08-29,4005,23600
1472508,43,2026-08-29,4005,23600
1472508,44,2026-08-29,4005,23600
1472508,57,2026-09-04,2697,23600
1472508,57,2026-11-19,2544,23600
1472508,58,2026-09-04,2697,23600
1472508,58,2026-11-19,2544,23600
1472508,60,2026-08-29,4005,23600
1472508,89,2026-09-04,2697,23600
1472508,89,2026-11-19,2544,23600
1472508,90,2026-09-04,2697,23600
1472508,90,2026-11-19,2544,23600
1472508,92,2026-08-29,4005,23600
1474809,19,2026-08-24,1189,23600
1474809,20,2026-08-24,1189,23600
1474809,27,2026-08-26,1999,23600
1474809,28,2026-08-26,1999,23600
1474809,51,2026-08-24,1189,23600
1479104,25,2026-08-26,1768,23600
1479104,26,2026-08-26,1768,23600
1483392,17,2026-11-19,1785,27848
1483392,18,2026-11-19,1785,27848
1483392,50,2026-11-19,1785,27848
1483392,87,2026-11-19,1785,27848
1484845,19,2026-11-19,1964,23600
1484845,20,2026-11-19,1964,23600
1484845,27,2027-08-21,2274,23600
1484845,28,2027-08-21,2274,23600
1503944,17,2026-08-27,1457,23600
1503944,18,2026-08-27,1457,23600
1503944,50,2026-08-27,1457,23600
1503944,87,2026-08-27,1457,23600
1503990,23,2026-08-27,2122,23600
1503990,24,2026-08-27,2122,23600
1503990,40,2026-08-27,2122,23600
1505657,21,2026-08-26,2625,23600
1505657,22,2026-08-26,2625,23600
1505657,39,2026-08-26,2625,23600
1505657,83,2026-08-26,2625,23600
1506055,23,2026-08-27,1642,23600
1506055,24,2026-08-27,1642,23600
1506055,40,2026-08-27,1642,23600
1508506,32,2026-08-27,2024,23600
1508506,33,2026-08-27,2024,23600
1508506,34,2026-08-27,2024,23600
1509593,21,2026-08-22,2096,23600
1509593,22,2026-08-22,2096,23600
1509593,39,2026-08-22,2096,23600
1509593,83,2026-08-22,2096,23600
1512203,23,2026-08-30,1752,23600
1512203,24,2026-08-30,1752,23600
1512203,40,2026-08-30,1752,23600
1514039,15,2026-08-27,1037,20000
1516017,23,2026-08-27,1887,23600
1516017,24,2026-08-27,1887,23600
1516017,40,2026-08-27,1887,23600
1523458,23,2026-08-28,2774,20000
1523458,23,2026-08-29,2774,20000
1523458,23,2026-08-30,2774,20000
1523458,23,2026-08-31,2774,20000
1523458,23,2026-09-01,2774,20000
1523458,23,2026-09-02,2774,20000
1523458,23,2026-09-03,2774,20000
1523458,23,2026-09-04,2774,20000
1523458,23,2026-09-05,2774,20000
1523458,23,2026-09-06,2774,20000
1523458,23,2026-09-07,2774,20000
1523458,23,2026-09-08,2774,20000
1523458,23,2026-09-09,2774,20000
1523458,23,2026-09-10,2774,20000
1523458,23,2026-09-11,2774,20000
1523458,23,2026-09-12,2774,20000
1523458,23,2026-09-13,2774,20000
1523458,23,2026-09-14,2774,20000
1523458,23,2026-09-15,2774,20000
1523458,23,2026-09-16,2774,20000
1523458,23,2026-09-17,2774,20000
1523458,23,2026-09-18,2774,20000
1523458,23,2026-09-19,2774,20000
1523458,23,2026-09-20,2774,20000
1523458,23,2026-09-21,2774,20000
1523458,23,2026-09-22,2774,20000
1523458,23,2026-09-23,2774,20000
1523458,23,2026-09-24,2774,20000
1523458,23,2026-09-25,2774,20000
1523458,23,2026-09-26,2774,20000
1523458,23,2026-09-27,2774,20000
1523458,23,2026-09-28,2774,20000
1523458,23,2026-09-29,2774,20000
1523458,23,2026-09-30,2774,20000
1523458,23,2026-10-01,2774,20000
1523458,23,2026-10-02,2774,20000
1523458,23,2026-10-03,2774,20000
1523458,23,2026-10-04,2774,20000
1523458,23,2026-10-05,2774,20000
1523458,23,2026-10-06,2774,20000
1523458,23,2026-10-07,2774,20000
1523458,23,2026-10-08,2774,20000
1523458,23,2026-10-09,2774,20000
1523458,23,2026-10-10,2774,20000
1523458,23,2026-10-11,2774,20000
1523458,23,2026-10-12,2774,20000
1523458,23,2026-10-13,2774,20000
1523458,23,2026-10-14,2774,20000
1523458,23,2026-10-15,2774,20000
1523458,23,2026-10-16,2774,20000
1523458,23,2026-10-17,2774,20000
1523458,23,2026-10-18,2774,20000
1523458,23,2026-10-19,2774,20000
1523458,23,2026-10-20,2774,20000
1523458,23,2026-10-21,2774,20000
1523458,23,2026-10-22,2774,20000
1523458,23,2026-10-23,2774,20000
1523458,23,2026-10-24,2774,20000
1523458,23,2026-10-25,2774,20000
1523458,23,2026-10-26,2774,20000
1523458,23,2026-10-27,2774,20000
1523458,23,2026-10-28,2774,20000
1523458,23,2026-10-29,2774,20000
1523458,23,2026-10-30,2774,20000
1523458,23,2026-10-31,2774,20000
1523458,23,2026-11-01,2774,20000
1523458,23,2026-11-02,2774,20000
1523458,23,2026-11-03,2774,20000
1523458,23,2026-11-04,2774,20000
1523458,23,2026-11-05,2774,20000
1523458,23,2026-11-06,2774,20000
1523458,23,2026-11-07,2774,20000
1523458,23,2026-11-08,2774,20000
1523458,23,2026-11-09,2774,20000
1523458,23,2026-11-10,2774,20000
1523458,23,2026-11-11,2774,20000
1523458,23,2026-11-12,2774,20000
1523458,23,2026-11-13,2774,20000
1523458,23,2026-11-14,2774,20000
1523458,23,2026-11-15,2774,20000
1523458,23,2026-11-16,2774,20000
1523458,23,2026-11-17,2774,20000
1523458,23,2026-11-18,2774,20000
1523458,23,2026-11-19,2774,20000
1523458,24,2026-08-28,2774,20000
1523458,24,2026-08-29,2774,20000
1523458,24,2026-08-30,2774,20000
1523458,24,2026-08-31,2774,20000
1523458,24,2026-09-01,2774,20000
1523458,24,2026-09-02,2774,20000
1523458,24,2026-09-03,2774,20000
1523458,24,2026-09-04,2774,20000
1523458,24,2026-09-05,2774,20000
1523458,24,2026-09-06,2774,20000
1523458,24,2026-09-07,2774,20000
1523458,24,2026-09-08,2774,20000
1523458,24,2026-09-09,2774,20000
1523458,24,2026-09-10,2774,20000
1523458,24,2026-09-11,2774,20000
1523458,24,2026-09-12,2774,20000
1523458,24,2026-09-13,2774,20000
1523458,24,2026-09-14,2774,20000
1523458,24,2026-09-15,2774,20000
1523458,24,2026-09-16,2774,20000
1523458,24,2026-09-17,2774,20000
1523458,24,2026-09-18,2774,20000
1523458,24,2026-09-19,2774,20000
1523458,24,2026-09-20,2774,20000
1523458,24,2026-09-21,2774,20000
1523458,24,2026-09-22,2774,20000
1523458,24,2026-09-23,2774,20000
1523458,24,2026-09-24,2774,20000
1523458,24,2026-09-25,2774,20000
1523458,24,2026-09-26,2774,20000
1523458,24,2026-09-27,2774,20000
1523458,24,2026-09-28,2774,20000
1523458,24,2026-09-29,2774,20000
1523458,24,2026-09-30,2774,20000
1523458,24,2026-10-01,2774,20000
1523458,24,2026-10-02,2774,20000
1523458,24,2026-10-03,2774,20000
1523458,24,2026-10-04,2774,20000
1523458,24,2026-10-05,2774,20000
1523458,24,2026-10-06,2774,20000
1523458,24,2026-10-07,2774,20000
1523458,24,2026-10-08,2774,20000
1523458,24,2026-10-09,2774,20000
1523458,24,2026-10-10,2774,20000
1523458,24,2026-10-11,2774,20000
1523458,24,2026-10-12,2774,20000
1523458,24,2026-10-13,2774,20000
1523458,24,2026-10-14,2774,20000
1523458,24,2026-10-15,2774,20000
1523458,24,2026-10-16,2774,20000
1523458,24,2026-10-17,2774,20000
1523458,24,2026-10-18,2774,20000
1523458,24,2026-10-19,2774,20000
1523458,24,2026-10-20,2774,20000
1523458,24,2026-10-21,2774,20000
1523458,24,2026-10-22,2774,20000
1523458,24,2026-10-23,2774,20000
1523458,24,2026-10-24,2774,20000
1523458,24,2026-10-25,2774,20000
1523458,24,2026-10-26,2774,20000
1523458,24,2026-10-27,2774,20000
1523458,24,2026-10-28,2774,20000
1523458,24,2026-10-29,2774,20000
1523458,24,2026-10-30,2774,20000
1523458,24,2026-10-31,2774,20000
1523458,24,2026-11-01,2774,20000
1523458,24,2026-11-02,2774,20000
1523458,24,2026-11-03,2774,20000
1523458,24,2026-11-04,2774,20000
1523458,24,2026-11-05,2774,20000
1523458,24,2026-11-06,2774,20000
1523458,24,2026-11-07,2774,20000
1523458,24,2026-11-08,2774,20000
1523458,24,2026-11-09,2774,20000
1523458,24,2026-11-10,2774,20000
1523458,24,2026-11-11,2774,20000
1523458,24,2026-11-12,2774,20000
1523458,24,2026-11-13,2774,20000
1523458,24,2026-11-14,2774,20000
1523458,24,2026-11-15,2774,20000
1523458,24,2026-11-16,2774,20000
1523458,24,2026-11-17,2774,20000
1523458,24,2026-11-18,2774,20000
1523458,24,2026-11-19,2774,20000
1523458,29,2026-08-28,2739,20000
1523458,29,2026-08-29,2739,20000
1523458,29,2026-08-30,2739,20000
1523458,29,2026-08-31,2739,20000
1523458,29,2026-09-01,2739,20000
1523458,29,2026-09-02,2739,20000
1523458,29,2026-09-03,2739,20000
1523458,29,2026-09-04,2739,20000
1523458,29,2026-09-05,2739,20000
1523458,29,2026-09-06,2739,20000
1523458,29,2026-09-07,2739,20000
1523458,29,2026-09-08,2739,20000
1523458,29,2026-09-09,2739,20000
1523458,29,2026-09-10,2739,20000
1523458,29,2026-09-11,2739,20000
1523458,29,2026-09-12,2739,20000
1523458,29,2026-09-13,2739,20000
1523458,29,2026-09-14,2739,20000
1523458,29,2026-09-15,2739,20000
1523458,29,2026-09-16,2739,20000
1523458,29,2026-09-17,2739,20000
1523458,29,2026-09-18,2739,20000
1523458,29,2026-09-19,2739,20000
1523458,29,2026-09-20,2739,20000
1523458,29,2026-09-21,2739,20000
1523458,29,2026-09-22,2739,20000
1523458,29,2026-09-23,2739,20000
1523458,29,2026-09-24,2739,20000
1523458,29,2026-09-25,2739,20000
1523458,29,2026-09-26,2739,20000
1523458,29,2026-09-27,2739,20000
1523458,29,2026-09-28,2739,20000
1523458,29,2026-09-29,2739,20000
1523458,29,2026-09-30,2739,20000
1523458,29,2026-10-01,2739,20000
1523458,29,2026-10-02,2739,20000
1523458,29,2026-10-03,2739,20000
1523458,29,2026-10-04,2739,20000
1523458,29,2026-10-05,2739,20000
1523458,29,2026-10-06,2739,20000
1523458,29,2026-10-07,2739,20000
1523458,29,2026-10-08,2739,20000
1523458,29,2026-10-09,2739,20000
1523458,29,2026-10-10,2739,20000
1523458,29,2026-10-11,2739,20000
1523458,29,2026-10-12,2739,20000
1523458,29,2026-10-13,2739,20000
1523458,29,2026-10-14,2739,20000
1523458,29,2026-10-15,2739,20000
1523458,29,2026-10-16,2739,20000
1523458,29,2026-10-17,2739,20000
1523458,29,2026-10-18,2739,20000
1523458,29,2026-10-19,2739,20000
1523458,29,2026-10-20,2739,20000
1523458,29,2026-10-21,2739,20000
1523458,29,2026-10-22,2739,20000
1523458,29,2026-10-23,2739,20000
1523458,29,2026-10-24,2739,20000
1523458,29,2026-10-25,2739,20000
1523458,29,2026-10-26,2739,20000
1523458,29,2026-10-27,2739,20000
1523458,29,2026-10-28,2739,20000
1523458,29,2026-10-29,2739,20000
1523458,29,2026-10-30,2739,20000
1523458,29,2026-10-31,2739,20000
1523458,29,2026-11-01,2739,20000
1523458,29,2026-11-02,2739,20000
1523458,29,2026-11-03,2739,20000
1523458,29,2026-11-04,2739,20000
1523458,29,2026-11-05,2739,20000
1523458,29,2026-11-06,2739,20000
1523458,29,2026-11-07,2739,20000
1523458,29,2026-11-08,2739,20000
1523458,29,2026-11-09,2739,20000
1523458,29,2026-11-10,2739,20000
1523458,29,2026-11-11,2739,20000
1523458,29,2026-11-12,2739,20000
1523458,29,2026-11-13,2739,20000
1523458,29,2026-11-14,2739,20000
1523458,29,2026-11-15,2739,20000
1523458,29,2026-11-16,2739,20000
1523458,29,2026-11-17,2739,20000
1523458,29,2026-11-18,2739,20000
1523458,29,2026-11-19,2739,20000
1523458,30,2026-08-28,2739,20000
1523458,30,2026-08-29,2739,20000
1523458,30,2026-08-30,2739,20000
1523458,30,2026-08-31,2739,20000
1523458,30,2026-09-01,2739,20000
1523458,30,2026-09-02,2739,20000
1523458,30,2026-09-03,2739,20000
1523458,30,2026-09-04,2739,20000
1523458,30,2026-09-05,2739,20000
1523458,30,2026-09-06,2739,20000
1523458,30,2026-09-07,2739,20000
1523458,30,2026-09-08,2739,20000
1523458,30,2026-09-09,2739,20000
1523458,30,2026-09-10,2739,20000
1523458,30,2026-09-11,2739,20000
1523458,30,2026-09-12,2739,20000
1523458,30,2026-09-13,2739,20000
1523458,30,2026-09-14,2739,20000
1523458,30,2026-09-15,2739,20000
1523458,30,2026-09-16,2739,20000
1523458,30,2026-09-17,2739,20000
1523458,30,2026-09-18,2739,20000
1523458,30,2026-09-19,2739,20000
1523458,30,2026-09-20,2739,20000
1523458,30,2026-09-21,2739,20000
1523458,30,2026-09-22,2739,20000
1523458,30,2026-09-23,2739,20000
1523458,30,2026-09-24,2739,20000
1523458,30,2026-09-25,2739,20000
1523458,30,2026-09-26,2739,20000
1523458,30,2026-09-27,2739,20000
1523458,30,2026-09-28,2739,20000
1523458,30,2026-09-29,2739,20000
1523458,30,2026-09-30,2739,20000
1523458,30,2026-10-01,2739,20000
1523458,30,2026-10-02,2739,20000
1523458,30,2026-10-03,2739,20000
1523458,30,2026-10-04,2739,20000
1523458,30,2026-10-05,2739,20000
1523458,30,2026-10-06,2739,20000
1523458,30,2026-10-07,2739,20000
1523458,30,2026-10-08,2739,20000
1523458,30,2026-10-09,2739,20000
1523458,30,2026-10-10,2739,20000
1523458,30,2026-10-11,2739,20000
1523458,30,2026-10-12,2739,20000
1523458,30,2026-10-13,2739,20000
1523458,30,2026-10-14,2739,20000
1523458,30,2026-10-15,2739,20000
1523458,30,2026-10-16,2739,20000
1523458,30,2026-10-17,2739,20000
1523458,30,2026-10-18,2739,20000
1523458,30,2026-10-19,2739,20000
1523458,30,2026-10-20,2739,20000
1523458,30,2026-10-21,2739,20000
1523458,30,2026-10-22,2739,20000
1523458,30,2026-10-23,2739,20000
1523458,30,2026-10-24,2739,20000
1523458,30,2026-10-25,2739,20000
1523458,30,2026-10-26,2739,20000
1523458,30,2026-10-27,2739,20000
1523458,30,2026-10-28,2739,20000
1523458,30,2026-10-29,2739,20000
1523458,30,2026-10-30,2739,20000
1523458,30,2026-10-31,2739,20000
1523458,30,2026-11-01,2739,20000
1523458,30,2026-11-02,2739,20000
1523458,30,2026-11-03,2739,20000
1523458,30,2026-11-04,2739,20000
1523458,30,2026-11-05,2739,20000
1523458,30,2026-11-06,2739,20000
1523458,30,2026-11-07,2739,20000
1523458,30,2026-11-08,2739,20000
1523458,30,2026-11-09,2739,20000
1523458,30,2026-11-10,2739,20000
1523458,30,2026-11-11,2739,20000
1523458,30,2026-11-12,2739,20000
1523458,30,2026-11-13,2739,20000
1523458,30,2026-11-14,2739,20000
1523458,30,2026-11-15,2739,20000
1523458,30,2026-11-16,2739,20000
1523458,30,2026-11-17,2739,20000
1523458,30,2026-11-18,2739,20000
1523458,30,2026-11-19,2739,20000
1523458,31,2026-08-28,2739,20000
1523458,31,2026-08-29,2739,20000
1523458,31,2026-08-30,2739,20000
1523458,31,2026-08-31,2739,20000
1523458,31,2026-09-01,2739,20000
1523458,31,2026-09-02,2739,20000
1523458,31,2026-09-03,2739,20000
1523458,31,2026-09-04,2739,20000
1523458,31,2026-09-05,2739,20000
1523458,31,2026-09-06,2739,20000
1523458,31,2026-09-07,2739,20000
1523458,31,2026-09-08,2739,20000
1523458,31,2026-09-09,2739,20000
1523458,31,2026-09-10,2739,20000
1523458,31,2026-09-11,2739,20000
1523458,31,2026-09-12,2739,20000
1523458,31,2026-09-13,2739,20000
1523458,31,2026-09-14,2739,20000
1523458,31,2026-09-15,2739,20000
1523458,31,2026-09-16,2739,20000
1523458,31,2026-09-17,2739,20000
1523458,31,2026-09-18,2739,20000
1523458,31,2026-09-19,2739,20000
1523458,31,2026-09-20,2739,20000
1523458,31,2026-09-21,2739,20000
1523458,31,2026-09-22,2739,20000
1523458,31,2026-09-23,2739,20000
1523458,31,2026-09-24,2739,20000
1523458,31,2026-09-25,2739,20000
1523458,31,2026-09-26,2739,20000
1523458,31,2026-09-27,2739,20000
1523458,31,2026-09-28,2739,20000
1523458,31,2026-09-29,2739,20000
1523458,31,2026-09-30,2739,20000
1523458,31,2026-10-01,2739,20000
1523458,31,2026-10-02,2739,20000
1523458,31,2026-10-03,2739,20000
1523458,31,2026-10-04,2739,20000
1523458,31,2026-10-05,2739,20000
1523458,31,2026-10-06,2739,20000
1523458,31,2026-10-07,2739,20000
1523458,31,2026-10-08,2739,20000
1523458,31,2026-10-09,2739,20000
1523458,31,2026-10-10,2739,20000
1523458,31,2026-10-11,2739,20000
1523458,31,2026-10-12,2739,20000
1523458,31,2026-10-13,2739,20000
1523458,31,2026-10-14,2739,20000
1523458,31,2026-10-15,2739,20000
1523458,31,2026-10-16,2739,20000
1523458,31,2026-10-17,2739,20000
1523458,31,2026-10-18,2739,20000
1523458,31,2026-10-19,2739,20000
1523458,31,2026-10-20,2739,20000
1523458,31,2026-10-21,2739,20000
1523458,31,2026-10-22,2739,20000
1523458,31,2026-10-23,2739,20000
1523458,31,2026-10-24,2739,20000
1523458,31,2026-10-25,2739,20000
1523458,31,2026-10-26,2739,20000
1523458,31,2026-10-27,2739,20000
1523458,31,2026-10-28,2739,20000
1523458,31,2026-10-29,2739,20000
1523458,31,2026-10-30,2739,20000
1523458,31,2026-10-31,2739,20000
1523458,31,2026-11-01,2739,20000
1523458,31,2026-11-02,2739,20000
1523458,31,2026-11-03,2739,20000
1523458,31,2026-11-04,2739,20000
1523458,31,2026-11-05,2739,20000
1523458,31,2026-11-06,2739,20000
1523458,31,2026-11-07,2739,20000
1523458,31,2026-11-08,2739,20000
1523458,31,2026-11-09,2739,20000
1523458,31,2026-11-10,2739,20000
1523458,31,2026-11-11,2739,20000
1523458,31,2026-11-12,2739,20000
1523458,31,2026-11-13,2739,20000
1523458,31,2026-11-14,2739,20000
1523458,31,2026-11-15,2739,20000
1523458,31,2026-11-16,2739,20000
1523458,31,2026-11-17,2739,20000
1523458,31,2026-11-18,2739,20000
1523458,31,2026-11-19,2739,20000
1523458,57,2026-08-28,2739,20000
1523458,57,2026-08-29,2739,20000
1523458,57,2026-08-30,2739,20000
1523458,57,2026-08-31,2739,20000
1523458,57,2026-09-01,2739,20000
1523458,57,2026-09-02,2739,20000
1523458,57,2026-09-03,2739,20000
1523458,57,2026-09-04,2739,20000
1523458,57,2026-09-05,2739,20000
1523458,57,2026-09-06,2739,20000
1523458,57,2026-09-07,2739,20000
1523458,57,2026-09-08,2739,20000
1523458,57,2026-09-09,2739,20000
1523458,57,2026-09-10,2739,20000
1523458,57,2026-09-11,2739,20000
1523458,57,2026-09-12,2739,20000
1523458,57,2026-09-13,2739,20000
1523458,57,2026-09-14,2739,20000
1523458,57,2026-09-15,2739,20000
1523458,57,2026-09-16,2739,20000
1523458,57,2026-09-17,2739,20000
1523458,57,2026-09-18,2739,20000
1523458,57,2026-09-19,2739,20000
1523458,57,2026-09-20,2739,20000
1523458,57,2026-09-21,2739,20000
1523458,57,2026-09-22,2739,20000
1523458,57,2026-09-23,2739,20000
1523458,57,2026-09-24,2739,20000
1523458,57,2026-09-25,2739,20000
1523458,57,2026-09-26,2739,20000
1523458,57,2026-09-27,2739,20000
1523458,57,2026-09-28,2739,20000
1523458,57,2026-09-29,2739,20000
1523458,57,2026-09-30,2739,20000
1523458,57,2026-10-01,2739,20000
1523458,57,2026-10-02,2739,20000
1523458,57,2026-10-03,2739,20000
1523458,57,2026-10-04,2739,20000
1523458,57,2026-10-05,2739,20000
1523458,57,2026-10-06,2739,20000
1523458,57,2026-10-07,2739,20000
1523458,57,2026-10-08,2739,20000
1523458,57,2026-10-09,2739,20000
1523458,57,2026-10-10,2739,20000
1523458,57,2026-10-11,2739,20000
1523458,57,2026-10-12,2739,20000
1523458,57,2026-10-13,2739,20000
1523458,57,2026-10-14,2739,20000
1523458,57,2026-10-15,2739,20000
1523458,57,2026-10-16,2739,20000
1523458,57,2026-10-17,2739,20000
1523458,57,2026-10-18,2739,20000
1523458,57,2026-10-19,2739,20000
1523458,57,2026-10-20,2739,20000
1523458,57,2026-10-21,2739,20000
1523458,57,2026-10-22,2739,20000
1523458,57,2026-10-23,2739,20000
1523458,57,2026-10-24,2739,20000
1523458,57,2026-10-25,2739,20000
1523458,57,2026-10-26,2739,20000
1523458,57,2026-10-27,2739,20000
1523458,57,2026-10-28,2739,20000
1523458,57,2026-10-29,2739,20000
1523458,57,2026-10-30,2739,20000
1523458,57,2026-10-31,2739,20000
1523458,57,2026-11-01,2739,20000
1523458,57,2026-11-02,2739,20000
1523458,57,2026-11-03,2739,20000
1523458,57,2026-11-04,2739,20000
1523458,57,2026-11-05,2739,20000
1523458,57,2026-11-06,2739,20000
1523458,57,2026-11-07,2739,20000
1523458,57,2026-11-08,2739,20000
1523458,57,2026-11-09,2739,20000
1523458,57,2026-11-10,2739,20000
1523458,57,2026-11-11,2739,20000
1523458,57,2026-11-12,2739,20000
1523458,57,2026-11-13,2739,20000
1523458,57,2026-11-14,2739,20000
1523458,57,2026-11-15,2739,20000
1523458,57,2026-11-16,2739,20000
1523458,57,2026-11-17,2739,20000
1523458,57,2026-11-18,2739,20000
1523458,57,2026-11-19,2739,20000
1534876,21,2026-08-27,1519,23600
1534876,22,2026-08-27,1519,23600
1534876,23,2026-08-27,1588,23600
1534876,24,2026-08-27,1588,23600
1534876,39,2026-08-27,1519,23600
1535153,27,2026-08-26,1966,23600
1535153,28,2026-08-26,1966,23600
1541487,35,2026-08-21,2675,20000
1541487,36,2026-08-21,2675,20000
1546480,17,2026-08-21,2102,20000
1546480,18,2026-08-21,2102,20000
1546480,19,2026-08-21,2102,20000
1546480,20,2026-08-21,2102,20000
1546480,50,2026-08-21,2102,20000
1546480,51,2026-08-21,2102,20000
1546480,87,2026-08-21,2102,20000
1546728,17,2026-08-28,1619,23600
1546728,17,2026-08-29,1619,23600
1546728,18,2026-08-28,1619,23600
1546728,18,2026-08-29,1619,23600
1546728,19,2026-08-28,1619,23600
1546728,19,2026-08-29,1619,23600
1546728,20,2026-08-28,1619,23600
1546728,20,2026-08-29,1619,23600
1546728,50,2026-08-28,1619,23600
1546728,50,2026-08-29,1619,23600
1546728,51,2026-08-28,1619,23600
1546728,51,2026-08-29,1619,23600
1546728,87,2026-08-28,1619,23600
1546728,87,2026-08-29,1619,23600
1547096,25,2027-08-21,1734,20000
1547096,26,2027-08-21,1734,20000
1552629,32,2026-08-27,2752,23600
1552629,33,2026-08-27,2752,23600
1552629,34,2026-08-27,2752,23600
1552629,35,2027-08-21,3083,23600
1552629,36,2027-08-21,3083,23600
1553206,15,2026-08-26,1268,23600
1553206,19,2026-08-27,1650,23600
1553206,20,2026-08-27,1650,23600
1553206,38,2026-08-26,1268,23600
1553206,51,2026-08-27,1650,23600
1553264,19,2026-08-27,1985,23600
1553264,20,2026-08-27,1985,23600
1553264,25,2026-11-19,2274,23600
1553264,26,2026-11-19,2274,23600
1553264,51,2026-08-27,1985,23600
1556414,19,2026-11-19,1695,20000
1556414,20,2026-11-19,1695,20000
1556414,51,2026-11-19,1695,20000
1558817,19,2026-08-27,1828,23600
1558817,20,2026-08-27,1828,23600
1581295,29,2026-08-30,1644,27848
1581295,29,2026-11-19,2013,27848
1581295,30,2026-08-30,1644,27848
1581295,30,2026-11-19,2013,27848
1581295,31,2026-08-30,1644,27848
1581295,31,2026-11-19,2013,27848
1581295,32,2026-08-30,1644,27848
1581295,33,2026-08-30,1644,27848
1581295,35,2026-11-19,2358,27848
1581295,36,2026-11-19,2358,27848
1581295,45,2026-08-30,2023,27848
1581295,46,2026-08-30,2023,27848
1581295,56,2026-08-30,2023,27848
1593382,23,2026-08-27,1732,20000
1593382,24,2026-08-27,1732,20000
1594465,19,2026-08-23,1478,27848
1594465,19,2026-08-25,1510,27848
1594465,20,2026-08-23,1478,27848
1594465,20,2026-08-25,1510,27848
1594465,25,2026-08-27,1679,27848
1594465,26,2026-08-27,1679,27848
1595009,42,2026-08-21,2198,23600
1595009,43,2026-08-21,2198,23600
1595009,44,2026-08-21,2198,23600
1596319,17,2026-11-19,2143,27848
1596319,18,2026-11-19,2143,27848
1596319,23,2026-11-19,2557,27848
1596319,24,2026-11-19,2557,27848
1596319,40,2026-11-19,2557,27848
1596319,50,2026-11-19,2143,27848
1596742,21,2026-08-27,1577,23600
1596742,22,2026-08-27,1577,23600
1596742,39,2026-08-27,1577,23600
1596742,83,2026-08-27,1577,23600
1597934,23,2026-08-27,1649,23600
1597934,24,2026-08-27,1649,23600
1597934,40,2026-08-27,1649,23600
1598533,29,2026-08-21,1781,23600
1598533,29,2026-08-22,1781,23600
1598533,29,2026-08-23,1781,23600
1598533,29,2026-08-24,1781,23600
1598533,29,2026-08-25,1792,23600
1598533,29,2026-08-26,1781,23600
1598533,30,2026-08-21,1781,23600
1598533,30,2026-08-22,1781,23600
1598533,30,2026-08-23,1781,23600
1598533,30,2026-08-24,1781,23600
1598533,30,2026-08-25,1792,23600
1598533,30,2026-08-26,1781,23600
1598533,31,2026-08-21,1781,23600
1598533,31,2026-08-22,1781,23600
1598533,31,2026-08-23,1781,23600
1598533,31,2026-08-24,1781,23600
1598533,31,2026-08-25,1792,23600
1598533,31,2026-08-26,1781,23600
1598533,32,2026-08-25,1878,23600
1598533,33,2026-08-25,1878,23600
1598533,34,2026-08-25,1878,23600
1598533,57,2026-08-21,1781,23600
1598533,57,2026-08-22,1781,23600
1598533,57,2026-08-23,1781,23600
1598533,57,2026-08-24,1781,23600
1598533,57,2026-08-25,1792,23600
1598533,57,2026-08-26,1781,23600
1598533,58,2026-08-25,1878,23600
1598533,89,2026-08-21,1781,23600
1598533,89,2026-08-22,1781,23600
1598533,89,2026-08-23,1781,23600
1598533,89,2026-08-24,1781,23600
1598533,89,2026-08-25,1792,23600
1598533,89,2026-08-26,1781,23600
1603145,27,2026-08-30,1955,23600
1603145,28,2026-08-30,1955,23600
1608379,29,2026-11-19,4846,23600
1608379,30,2026-11-19,4846,23600
1608379,31,2026-11-19,4846,23600
1608379,32,2026-11-19,4846,23600
1608379,33,2026-11-19,4846,23600
1608379,34,2026-11-19,4846,23600
1608379,57,2026-11-19,4846,23600
1608379,58,2026-11-19,4846,23600
1608379,89,2026-11-19,4846,23600
1617763,21,2026-08-27,1527,23600
1617763,22,2026-08-27,1527,23600
1617763,23,2026-08-27,1596,23600
1617763,24,2026-08-27,1596,23600
1617763,39,2026-08-27,1527,23600
1617763,40,2026-08-27,1596,23600
1617763,83,2026-08-27,1527,23600
1619814,16,2026-11-19,1004,23600
1619814,52,2026-11-19,1004,23600
1675415,21,2026-08-21,4016,20000
1675415,21,2026-08-22,4016,20000
1675415,22,2026-08-21,4016,20000
1675415,22,2026-08-22,4016,20000
1675415,23,2026-08-21,4016,20000
1675415,23,2026-08-22,4016,20000
1675415,24,2026-08-21,4016,20000
1675415,24,2026-08-22,4016,20000
1675415,25,2026-08-21,4154,20000
1675415,25,2026-08-22,4154,20000
1675415,26,2026-08-21,4154,20000
1675415,26,2026-08-22,4154,20000
1675415,29,2026-08-21,4154,20000
1675415,29,2026-08-22,4154,20000
1675415,30,2026-08-21,4154,20000
1675415,30,2026-08-22,4154,20000
1675415,31,2026-08-21,4154,20000
1675415,31,2026-08-22,4154,20000
1675415,32,2026-08-21,4154,20000
1675415,32,2026-08-22,4154,20000
1675415,33,2026-08-21,4154,20000
1675415,33,2026-08-22,4154,20000
1675415,34,2026-08-21,4154,20000
1675415,34,2026-08-22,4154,20000
1675415,39,2026-08-21,4016,20000
1675415,39,2026-08-22,4016,20000
1675415,40,2026-08-21,4016,20000
1675415,40,2026-08-22,4016,20000
1675415,57,2026-08-21,4154,20000
1675415,57,2026-08-22,4154,20000
1675415,58,2026-08-21,4154,20000
1675415,58,2026-08-22,4154,20000
1675415,83,2026-08-21,4016,20000
1675415,83,2026-08-22,4016,20000
1675415,89,2026-08-21,4154,20000
1675415,89,2026-08-22,4154,20000
1759184,15,2026-08-23,1378,23600
1759184,15,2026-08-24,1378,23600
1759184,16,2026-08-23,1429,23600
1759184,16,2026-08-24,1429,23600
1759184,17,2026-08-27,1619,23600
1759184,18,2026-08-27,1619,23600
1759184,19,2026-08-26,1667,23600
1759184,20,2026-08-26,1667,23600
1759184,21,2026-08-26,1667,23600
1759184,22,2026-08-26,1667,23600
1759184,29,2026-08-26,1736,23600
1759184,30,2026-08-26,1736,23600
1759184,31,2026-08-26,1736,23600
1759184,38,2026-08-23,1378,23600
1759184,38,2026-08-24,1378,23600
1759184,39,2026-08-26,1667,23600
1759184,50,2026-08-27,1619,23600
1759184,51,2026-08-26,1667,23600
1759184,57,2026-08-26,1736,23600
1759184,83,2026-08-26,1667,23600
1759184,87,2026-08-27,1619,23600
1759184,89,2026-08-26,1736,23600
1766640,15,2026-08-29,1276,23600
1766640,16,2026-08-29,1276,23600
1766640,38,2026-08-29,1276,23600
1766640,52,2026-08-29,1276,23600
1767649,27,2026-08-23,2323,23600
1767649,28,2026-08-23,2323,23600
1767649,35,2026-08-27,4570,23600
1767649,36,2026-08-27,4570,23600
1884844,27,2026-08-27,1907,23600
1884844,28,2026-08-27,1907,23600
1894945,32,2026-08-27,3563,23600
1894945,33,2026-08-27,3563,23600
1894945,34,2026-08-27,3563,23600
1894945,58,2026-08-27,3563,23600
1912757,19,2026-08-30,1062,23600
1912757,20,2026-08-30,1062,23600
1912757,25,2026-11-19,1378,23600
1912757,26,2026-11-19,1378,23600
1916713,27,2026-11-19,2137,23600
1916713,28,2026-11-19,2137,23600
1978478,29,2026-08-26,1940,27848
1978478,29,2026-08-27,1940,27848
1978478,30,2026-08-26,1940,27848
1978478,30,2026-08-27,1940,27848
1978478,31,2026-08-26,1940,27848
1978478,31,2026-08-27,1940,27848
1978478,57,2026-08-26,1940,27848
1978478,57,2026-08-27,1940,27848
1989439,35,2026-08-26,2495,23600
1989439,36,2026-08-26,2495,23600
2010412,19,2026-09-04,1330,23600
2010412,20,2026-09-04,1330,23600
2010498,15,2026-08-24,1617,23600
2010498,15,2026-08-25,1617,23600
2010498,16,2026-08-21,1715,23600
2010498,16,2026-08-24,1721,23600
2010498,16,2026-08-25,1721,23600
2010498,17,2026-08-27,2234,23600
2010498,18,2026-08-27,2234,23600
2010498,19,2026-08-26,2324,23600
2010498,19,2026-08-27,2337,23600
2010498,20,2026-08-26,2324,23600
2010498,20,2026-08-27,2337,23600
2010498,38,2026-08-24,1617,23600
2010498,38,2026-08-25,1617,23600
2010498,50,2026-08-27,2234,23600
2010531,27,2026-08-26,1682,23600
2010531,28,2026-08-26,1682,23600
2011351,17,2026-08-23,1154,23600
2011351,17,2026-08-24,1161,23600
2011351,18,2026-08-23,1154,23600
2011351,18,2026-08-24,1161,23600
2011351,19,2026-08-23,1292,23600
2011351,20,2026-08-23,1292,23600
2011351,25,2026-08-23,1154,23600
2011351,25,2026-08-24,1161,23600
2011351,26,2026-08-23,1154,23600
2011351,26,2026-08-24,1161,23600
2011351,50,2026-08-23,1154,23600
2011351,50,2026-08-24,1161,23600
2011450,15,2026-08-27,1515,27848
2011450,17,2026-08-27,1515,27848
2011450,18,2026-08-27,1515,27848
2011450,38,2026-08-27,1515,27848
2011450,50,2026-08-27,1515,27848
2012106,21,2026-08-24,1582,23600
2012106,21,2026-08-26,1582,23600
2012106,22,2026-08-24,1582,23600
2012106,22,2026-08-26,1582,23600
2012106,39,2026-08-24,1582,23600
2012106,39,2026-08-26,1582,23600
2012106,83,2026-08-24,1582,23600
2012106,83,2026-08-26,1582,23600
2013074,21,2026-08-23,1638,23600
2013074,21,2026-08-24,1638,23600
2013074,21,2026-08-25,1638,23600
2013074,21,2026-08-26,1638,23600
2013074,22,2026-08-23,1638,23600
2013074,22,2026-08-24,1638,23600
2013074,22,2026-08-25,1638,23600
2013074,22,2026-08-26,1638,23600
2013074,39,2026-08-23,1638,23600
2013074,39,2026-08-24,1638,23600
2013074,39,2026-08-25,1638,23600
2013074,39,2026-08-26,1638,23600
2013074,83,2026-08-23,1638,23600
2013074,83,2026-08-24,1638,23600
2013074,83,2026-08-25,1638,23600
2013074,83,2026-08-26,1638,23600
2013518,17,2026-08-23,878,23600
2013518,17,2026-08-25,868,23600
2013518,18,2026-08-23,878,23600
2013518,18,2026-08-25,868,23600
2013518,27,2026-08-27,1496,23600
2013518,28,2026-08-27,1496,23600
2013518,50,2026-08-23,878,23600
2013518,50,2026-08-25,868,23600
2013841,25,2026-08-27,1135,23600
2015941,25,2026-09-02,1859,23600
2015941,26,2026-09-02,1859,23600
2016749,25,2026-09-01,1579,23600
2016749,25,2026-09-03,1579,23600
2016749,26,2026-09-01,1579,23600
2016749,26,2026-09-03,1579,23600
2019978,25,2026-08-27,1715,20000
2019978,26,2026-08-27,1715,20000
2024299,42,2026-08-23,2845,23600
2024299,42,2026-08-23,2845,23600
2024299,43,2026-08-23,2845,23600
2024299,43,2026-08-23,2845,23600
2024354,23,2026-08-27,2175,23600
2024354,24,2026-08-27,2175,23600
2024578,23,2026-10-20,1760,20000
2024578,24,2026-10-20,1760,20000
2024867,27,2026-08-27,3829,23600
2024867,28,2026-08-27,3829,23600
2024867,35,2026-08-27,3967,23600
2024867,36,2026-08-27,3967,23600
2025497,17,2026-08-21,1501,23600
2025497,18,2026-08-21,1501,23600
2025497,19,2026-08-21,1535,23600
2025497,20,2026-08-21,1535,23600
2025497,23,2026-09-04,1595,23600
2025497,24,2026-09-04,1595,23600
2025497,29,2026-08-28,2285,23600
2025497,29,2026-08-29,2285,23600
2025497,30,2026-08-28,2285,23600
2025497,30,2026-08-29,2285,23600
2025497,31,2026-08-28,2285,23600
2025497,31,2026-08-29,2285,23600
2025497,40,2026-09-04,1595,23600
2025497,57,2026-08-28,2285,23600
2025497,57,2026-08-29,2285,23600
2025497,89,2026-08-28,2285,23600
2025497,89,2026-08-29,2285,23600
2025675,17,2026-09-04,1440,20000
2025675,18,2026-09-04,1440,20000
2026607,32,2026-11-19,2057,20000
2026607,33,2026-11-19,2057,20000
2026607,34,2026-11-19,2057,20000
2026607,58,2026-11-19,2057,20000
2033589,27,2027-08-21,3150,23600
2033589,28,2027-08-21,3150,23600
2033589,32,2026-09-18,3778,23600
2033589,32,2026-09-19,3778,23600
2033589,33,2026-09-18,3778,23600
2033589,33,2026-09-19,3778,23600
2033589,34,2026-09-18,3778,23600
2033589,34,2026-09-19,3778,23600
2033589,35,2026-09-11,4115,23600
2033589,35,2026-09-18,4123,23600
2033589,35,2026-09-19,4123,23600
2033589,36,2026-09-11,4115,23600
2033589,36,2026-09-18,4123,23600
2033589,36,2026-09-19,4123,23600
2037169,27,2027-08-21,3071,23600
2037169,28,2027-08-21,3071,23600
2043442,27,2026-08-27,1863,23600
2043442,28,2026-08-27,1863,23600
2043614,27,2026-08-27,2065,20000
2043614,28,2026-08-27,2065,20000
2051467,19,2026-08-30,1114,20000
2051467,20,2026-08-30,1114,20000
2051467,25,2026-08-30,1390,20000
2051467,26,2026-08-30,1390,20000
2051467,51,2026-08-30,1114,20000
2052672,23,2026-08-27,1754,23600
2052672,24,2026-08-27,1754,23600
2052672,40,2026-08-27,1754,23600
2055589,21,2026-08-27,1845,23600
2055589,22,2026-08-27,1845,23600
2055589,23,2026-08-27,1983,23600
2055589,24,2026-08-27,1983,23600
2055589,39,2026-08-27,1845,23600
2055589,40,2026-08-27,1983,23600
2055589,83,2026-08-27,1845,23600
2057538,23,2026-08-26,1996,23600
2057538,24,2026-08-26,1996,23600
2057538,40,2026-08-26,1996,23600
2058446,17,2026-08-27,1715,23600
2058446,18,2026-08-27,1715,23600
2059541,32,2026-08-27,3629,27848
2059541,33,2026-08-27,3629,27848
2059541,34,2026-08-27,3629,27848
2065286,21,2026-08-23,1755,23600
2065286,22,2026-08-23,1755,23600
2065286,23,2026-08-26,1896,23600
2065286,24,2026-08-26,1896,23600
2065286,39,2026-08-23,1755,23600
2065286,40,2026-08-26,1896,23600
2065286,83,2026-08-23,1755,23600
2065286,84,2026-08-26,1896,23600
2065286,97,2026-08-23,1755,23600
2065763,25,2027-08-21,1900,32861
2065763,26,2027-08-21,1900,32861
2065763,55,2027-08-21,1900,32861
2065763,95,2027-08-21,1900,32861
2066561,19,2026-08-23,1262,27848
2066561,19,2026-08-24,1262,27848
2066561,20,2026-08-23,1262,27848
2066561,20,2026-08-24,1262,27848
2066561,23,2026-08-22,1620,27848
2066561,24,2026-08-22,1620,27848
2066561,40,2026-08-22,1620,27848
2071014,17,2026-08-26,1328,23600
2071014,17,2026-08-27,1328,23600
2071014,18,2026-08-26,1328,23600
2071014,18,2026-08-27,1328,23600
2071224,25,2026-08-30,1550,23600
2071224,26,2026-08-30,1550,23600
2076114,17,2026-09-04,1912,20000
2076114,18,2026-09-04,1912,20000
2076114,19,2026-09-04,1912,20000
2076114,20,2026-09-04,1912,20000
2076114,50,2026-09-04,1912,20000
2076114,51,2026-09-04,1912,20000
2076114,87,2026-09-04,1912,20000
2077421,17,2026-08-24,1002,23600
2077421,17,2026-08-25,996,23600
2077421,18,2026-08-24,1002,23600
2077421,18,2026-08-25,996,23600
2077421,19,2026-08-25,1065,23600
2077421,20,2026-08-25,1065,23600
2077421,21,2026-08-22,1117,23600
2077421,21,2026-08-23,1117,23600
2077421,21,2026-11-19,1443,23600
2077421,22,2026-08-22,1117,23600
2077421,22,2026-08-23,1117,23600
2077421,22,2026-11-19,1443,23600
2077421,23,2026-08-22,1186,23600
2077421,23,2026-08-23,1186,23600
2077421,23,2026-11-19,1512,23600
2077421,24,2026-08-22,1186,23600
2077421,24,2026-08-23,1186,23600
2077421,24,2026-11-19,1512,23600
2077421,39,2026-08-22,1117,23600
2077421,39,2026-08-23,1117,23600
2077421,39,2026-11-19,1443,23600
2077421,40,2026-08-22,1186,23600
2077421,40,2026-08-23,1186,23600
2077421,40,2026-11-19,1512,23600
2077421,50,2026-08-24,1002,23600
2077421,50,2026-08-25,996,23600
2077421,83,2026-08-22,1117,23600
2077421,83,2026-08-23,1117,23600
2077421,83,2026-11-19,1443,23600
2079707,17,2026-08-21,1214,23600
2079707,17,2026-08-22,1214,23600
2079707,17,2026-08-27,1288,23600
2079707,18,2026-08-21,1214,23600
2079707,18,2026-08-22,1214,23600
2079707,18,2026-08-27,1288,23600
2079707,19,2026-08-21,1283,23600
2079707,19,2026-08-22,1283,23600
2079707,19,2026-08-27,1357,23600
2079707,20,2026-08-21,1283,23600
2079707,20,2026-08-22,1283,23600
2079707,20,2026-08-27,1357,23600
2079707,21,2026-08-21,1352,23600
2079707,22,2026-08-21,1352,23600
2079707,25,2026-08-21,1214,23600
2079707,25,2026-08-22,1214,23600
2079707,25,2026-08-27,1288,23600
2079707,26,2026-08-21,1214,23600
2079707,26,2026-08-22,1214,23600
2079707,26,2026-08-27,1288,23600
2079707,27,2026-08-27,1909,23600
2079707,28,2026-08-27,1909,23600
2079707,39,2026-08-21,1352,23600
2079707,50,2026-08-21,1214,23600
2079707,50,2026-08-22,1214,23600
2079707,50,2026-08-27,1288,23600
2079707,83,2026-08-21,1352,23600
2083696,17,2026-08-27,1531,23600
2083696,18,2026-08-27,1531,23600
2083696,45,2026-08-27,1807,23600
2083696,46,2026-08-27,1807,23600
2083696,50,2026-08-27,1531,23600
2088875,27,2026-08-27,2609,23600
2088875,28,2026-08-27,2609,23600
2088875,41,2026-08-27,2609,23600
2098155,21,2026-08-28,1530,23600
2098155,21,2026-08-29,1530,23600
2098155,22,2026-08-28,1530,23600
2098155,22,2026-08-29,1530,23600
2098155,23,2026-08-28,1530,23600
2098155,23,2026-08-29,1530,23600
2098155,24,2026-08-28,1530,23600
2098155,24,2026-08-29,1530,23600
2098155,39,2026-08-28,1530,23600
2098155,39,2026-08-29,1530,23600
2098155,40,2026-08-28,1530,23600
2098155,40,2026-08-29,1530,23600
2098155,83,2026-08-28,1530,23600
2098155,83,2026-08-29,1530,23600
2267797,21,2026-08-22,1494,23600
2267797,22,2026-08-22,1494,23600
2267797,23,2026-08-22,1597,23600
2267797,24,2026-08-22,1597,23600
2267797,27,2026-08-23,1939,23600
2267797,28,2026-08-23,1939,23600
2267797,39,2026-08-22,1494,23600
2267797,40,2026-08-22,1597,23600
2267797,83,2026-08-22,1494,23600
2686403,17,2026-08-21,1328,23600
2686403,18,2026-08-21,1328,23600
2686403,19,2026-08-21,1415,23600
2686403,20,2026-08-21,1415,23600
2686403,29,2026-09-04,1834,23600
2686403,30,2026-09-04,1834,23600
2686403,31,2026-09-04,1834,23600
2686403,32,2026-08-21,1880,23600
2686403,33,2026-08-21,1880,23600
2686403,34,2026-08-21,1880,23600
2686403,50,2026-08-21,1328,23600
2686403,57,2026-09-04,1834,23600
3001250,19,2026-08-27,1310,23600
3001250,20,2026-08-27,1310,23600
3006134,17,2026-11-19,1464,23600
3006134,18,2026-11-19,1464,23600
3006134,50,2026-11-19,1464,23600
4138782,23,2026-08-27,1977,23600
4138782,24,2026-08-27,1977,23600
4138782,40,2026-08-27,1977,23600
4476459,17,2026-11-19,1503,23600
4476459,18,2026-11-19,1503,23600
4476459,19,2026-11-19,1503,23600
4476459,20,2026-11-19,1503,23600
4476459,50,2026-11-19,1503,23600
4477291,19,2026-09-25,1419,20000
4477291,19,2026-09-26,1419,20000
4477291,19,2026-11-06,1419,20000
4477291,19,2026-11-13,1419,20000
4477291,20,2026-09-25,1419,20000
4477291,20,2026-09-26,1419,20000
4477291,20,2026-11-06,1419,20000
4477291,20,2026-11-13,1419,20000
5000022,23,2026-08-27,1968,20000
5000022,24,2026-08-27,1968,20000
5000022,40,2026-08-27,1968,20000
9772256,17,2026-10-27,2487,23600
9772256,17,2026-10-28,2487,23600
9772256,17,2026-10-29,2487,23600
9772256,17,2026-11-01,2607,23600
9772256,17,2026-11-02,2607,23600
9772256,17,2026-11-03,2607,23600
9772256,17,2026-11-04,2607,23600
9772256,17,2026-11-05,2607,23600
9772256,17,2026-11-12,2607,23600
9772256,17,2026-11-18,2607,23600
9772256,18,2026-10-27,2487,23600
9772256,18,2026-10-28,2487,23600
9772256,18,2026-10-29,2487,23600
9772256,18,2026-11-01,2607,23600
9772256,18,2026-11-02,2607,23600
9772256,18,2026-11-03,2607,23600
9772256,18,2026-11-04,2607,23600
9772256,18,2026-11-05,2607,23600
9772256,18,2026-11-12,2607,23600
9772256,18,2026-11-18,2607,23600
9772256,19,2026-10-27,2487,23600
9772256,19,2026-10-28,2487,23600
9772256,19,2026-10-29,2487,23600
9772256,19,2026-11-01,2607,23600
9772256,19,2026-11-02,2607,23600
9772256,19,2026-11-03,2607,23600
9772256,19,2026-11-04,2607,23600
9772256,19,2026-11-05,2607,23600
9772256,19,2026-11-12,2607,23600
9772256,19,2026-11-18,2607,23600
9772256,20,2026-10-27,2487,23600
9772256,20,2026-10-28,2487,23600
9772256,20,2026-10-29,2487,23600
9772256,20,2026-11-01,2607,23600
9772256,20,2026-11-02,2607,23600
9772256,20,2026-11-03,2607,23600
9772256,20,2026-11-04,2607,23600
9772256,20,2026-11-05,2607,23600
9772256,20,2026-11-12,2607,23600
9772256,20,2026-11-18,2607,23600
9772256,25,2026-10-26,4282,23600
9772256,25,2026-11-11,4282,23600
9772256,25,2026-11-17,4282,23600
9772256,26,2026-10-26,4282,23600
9772256,26,2026-11-11,4282,23600
9772256,26,2026-11-17,4282,23600
9772256,35,2026-10-27,4971,23600
9772256,35,2026-10-28,4971,23600
9772256,35,2026-10-29,4971,23600
9772256,35,2026-11-01,5091,23600
9772256,35,2026-11-02,5091,23600
9772256,35,2026-11-03,5091,23600
9772256,35,2026-11-04,5091,23600
9772256,35,2026-11-05,5091,23600
9772256,35,2026-11-12,5091,23600
9772256,35,2026-11-18,5091,23600
9772256,36,2026-10-27,4971,23600
9772256,36,2026-10-28,4971,23600
9772256,36,2026-10-29,4971,23600
9772256,36,2026-11-01,5091,23600
9772256,36,2026-11-02,5091,23600
9772256,36,2026-11-03,5091,23600
9772256,36,2026-11-04,5091,23600
9772256,36,2026-11-05,5091,23600
9772256,36,2026-11-12,5091,23600
9772256,36,2026-11-18,5091,23600
9772256,37,2026-10-27,4971,23600
9772256,37,2026-10-28,4971,23600
9772256,37,2026-10-29,4971,23600
9772256,37,2026-11-01,5091,23600
9772256,37,2026-11-02,5091,23600
9772256,37,2026-11-03,5091,23600
9772256,37,2026-11-04,5091,23600
9772256,37,2026-11-05,5091,23600
9772256,37,2026-11-12,5091,23600
9772256,37,2026-11-18,5091,23600
9772256,42,2026-10-20,7521,23600
9772256,42,2026-10-26,6766,23600
9772256,42,2026-11-11,6766,23600
9772256,42,2026-11-17,6766,23600
9772256,43,2026-10-20,7521,23600
9772256,43,2026-10-26,6766,23600
9772256,43,2026-11-11,6766,23600
9772256,43,2026-11-17,6766,23600
9772256,50,2026-10-27,2487,23600
9772256,50,2026-10-28,2487,23600
9772256,50,2026-10-29,2487,23600
9772256,50,2026-11-01,2607,23600
9772256,50,2026-11-02,2607,23600
9772256,50,2026-11-03,2607,23600
9772256,50,2026-11-04,2607,23600
9772256,50,2026-11-05,2607,23600
9772256,50,2026-11-12,2607,23600
9772256,50,2026-11-18,2607,23600
9772256,51,2026-10-27,2487,23600
9772256,51,2026-10-28,2487,23600
9772256,51,2026-10-29,2487,23600
9772256,51,2026-11-01,2607,23600
9772256,51,2026-11-02,2607,23600
9772256,51,2026-11-03,2607,23600
9772256,51,2026-11-04,2607,23600
9772256,51,2026-11-05,2607,23600
9772256,51,2026-11-12,2607,23600
9772256,51,2026-11-18,2607,23600
9772256,87,2026-10-27,2487,23600
9772256,87,2026-10-28,2487,23600
9772256,87,2026-10-29,2487,23600
9772256,87,2026-11-01,2607,23600
9772256,87,2026-11-02,2607,23600
9772256,87,2026-11-03,2607,23600
9772256,87,2026-11-04,2607,23600
9772256,87,2026-11-05,2607,23600
9772256,87,2026-11-12,2607,23600
9772256,87,2026-11-18,2607,23600
0003211,16,2026-08-21,1388,23600
0003211,16,2026-08-22,1384,23600
0003211,16,2026-08-23,1384,23600
0003211,16,2026-08-24,1383,23600
0003211,16,2026-08-25,1382,23600
0003211,17,2026-08-22,1488,23600
0003211,17,2026-08-23,1488,23600
0003211,17,2026-08-24,1487,23600
0003211,17,2026-08-25,1486,23600
0003211,17,2026-08-26,1486,23600
0003211,18,2026-08-22,1488,23600
0003211,18,2026-08-23,1488,23600
0003211,18,2026-08-24,1487,23600
0003211,18,2026-08-25,1486,23600
0003211,18,2026-08-26,1486,23600
0003211,50,2026-08-22,1488,23600
0003211,50,2026-08-23,1488,23600
0003211,50,2026-08-24,1487,23600
0003211,50,2026-08-25,1486,23600
0003211,50,2026-08-26,1486,23600
0045959,21,2026-08-26,1752,20000
0045959,21,2026-08-26,1752,23600
0045959,22,2026-08-26,1752,23600
0045959,22,2026-08-26,1752,20000
0045959,39,2026-08-26,1752,23600
0045959,83,2026-08-26,1752,23600
0191524,35,2026-08-24,3008,23600
0191524,35,2026-08-25,3008,23600
0191524,35,2026-08-26,3008,23600
0191524,36,2026-08-24,3008,23600
0191524,36,2026-08-25,3008,23600
0191524,36,2026-08-26,3008,23600
0207833,21,2026-08-27,2277,27848
0207833,22,2026-08-27,2277,27848
0207833,23,2026-08-27,2277,27848
0207833,24,2026-08-27,2277,27848
0207833,27,2026-08-27,2277,27848
0207833,28,2026-08-27,2277,27848
0207833,39,2026-08-27,2277,27848
0207833,40,2026-08-27,2277,27848
0207833,83,2026-08-27,2277,27848
0243252,23,2026-08-24,2527,23600
0243252,23,2026-08-24,2527,23600
0243252,23,2026-08-25,2527,23600
0243252,23,2026-08-25,2527,23600
0243252,24,2026-08-24,2527,23600
0243252,24,2026-08-24,2527,23600
0243252,24,2026-08-25,2527,23600
0243252,24,2026-08-25,2527,23600
0243252,25,2026-08-24,2596,23600
0243252,25,2026-08-25,2596,23600
0243252,26,2026-08-24,2596,23600
0243252,26,2026-08-25,2596,23600
0243252,40,2026-08-24,2527,23600
0243252,40,2026-08-25,2527,23600
0325023,25,2027-08-21,1884,23600
0327829,21,2026-09-04,1214,23600
0327829,22,2026-09-04,1214,23600
0327829,23,2026-08-24,1278,23600
0327829,24,2026-08-24,1278,23600
0327829,39,2026-09-04,1214,23600
0327829,40,2026-08-24,1278,23600
0327829,83,2026-09-04,1214,23600
0395630,17,2026-08-24,1693,35400
0395630,17,2026-08-26,1684,35400
0395630,18,2026-08-24,1693,35400
0395630,18,2026-08-26,1684,35400
0395630,19,2026-08-26,1788,35400
0395630,20,2026-08-26,1788,35400
0395630,27,2026-08-25,2558,35400
0395630,28,2026-08-25,2558,35400
0395630,50,2026-08-24,1693,35400
0395630,50,2026-08-26,1684,35400
0468785,17,2026-09-03,1833,23600
0468785,18,2026-09-03,1833,23600
0468785,50,2026-09-03,1833,23600
0468785,87,2026-09-03,1833,23600
0471678,21,2026-08-24,2899,23600
0471678,22,2026-08-24,2899,23600
0471678,23,2026-08-24,2899,23600
0471678,24,2026-08-24,2899,23600
0471678,25,2026-08-24,2899,23600
0471678,26,2026-08-24,2899,23600
0471678,27,2026-08-25,3604,23600
0471678,28,2026-08-25,3604,23600
0471678,29,2026-08-25,3604,23600
0471678,30,2026-08-25,3604,23600
0471678,31,2026-08-25,3604,23600
0471678,32,2026-08-25,3604,23600
0471678,33,2026-08-25,3604,23600
0471678,34,2026-08-25,3604,23600
0471678,39,2026-08-24,2899,23600
0471678,40,2026-08-24,2899,23600
0471678,42,2026-08-27,5018,23600
0471678,43,2026-08-27,5018,23600
0471678,57,2026-08-25,3604,23600
0471678,58,2026-08-25,3604,23600
0471678,83,2026-08-24,2899,23600
0471678,89,2026-08-25,3604,23600
0472129,27,2026-09-04,2399,23600
0472129,28,2026-09-04,2399,23600
0472129,29,2026-09-04,2468,23600
0472129,29,2026-09-04,2468,23600
0472129,29,2026-10-27,2254,23600
0472129,29,2026-10-27,2254,23600
0472129,29,2026-10-28,2254,23600
0472129,29,2026-10-28,2254,23600
0472129,29,2026-10-29,2254,23600
0472129,29,2026-10-29,2254,23600
0472129,30,2026-09-04,2468,23600
0472129,30,2026-09-04,2468,23600
0472129,30,2026-10-27,2254,23600
0472129,30,2026-10-27,2254,23600
0472129,30,2026-10-28,2254,23600
0472129,30,2026-10-28,2254,23600
0472129,30,2026-10-29,2254,23600
0472129,30,2026-10-29,2254,23600
0472129,31,2026-09-04,2468,23600
0472129,31,2026-10-27,2254,23600
0472129,31,2026-10-28,2254,23600
0472129,31,2026-10-29,2254,23600
0472129,32,2026-10-27,2409,23600
0472129,32,2026-10-27,2409,23600
0472129,32,2026-10-28,2409,23600
0472129,32,2026-10-28,2409,23600
0472129,32,2026-10-29,2409,23600
0472129,32,2026-10-29,2409,23600
0472129,32,2026-11-19,2339,23600
0472129,32,2026-11-19,2339,23600
0472129,33,2026-10-27,2409,23600
0472129,33,2026-10-27,2409,23600
0472129,33,2026-10-28,2409,23600
0472129,33,2026-10-28,2409,23600
0472129,33,2026-10-29,2409,23600
0472129,33,2026-10-29,2409,23600
0472129,33,2026-11-19,2339,23600
0472129,33,2026-11-19,2339,23600
0472129,34,2026-10-27,2409,23600
0472129,34,2026-10-28,2409,23600
0472129,34,2026-10-29,2409,23600
0472129,34,2026-11-19,2339,23600
0472129,57,2026-09-04,2468,23600
0472129,57,2026-10-27,2254,23600
0472129,57,2026-10-28,2254,23600
0472129,57,2026-10-29,2254,23600
1043825,23,2026-09-04,1923,23600
1043825,24,2026-09-04,1923,23600
1043825,40,2026-09-04,1923,23600
1064211,27,2026-08-30,1266,20000
1064211,28,2026-08-30,1266,20000
1075048,23,2026-08-23,1401,23600
1075048,24,2026-08-23,1401,23600
1075048,29,2026-08-27,1515,23600
1075048,29,2026-09-02,1719,23600
1075048,29,2026-09-04,1719,23600
1075048,29,2026-11-19,1719,23600
1075048,30,2026-08-27,1515,23600
1075048,30,2026-09-02,1719,23600
1075048,30,2026-09-04,1719,23600
1075048,30,2026-11-19,1719,23600
1075048,31,2026-08-27,1515,23600
1075048,31,2026-09-02,1719,23600
1075048,31,2026-09-04,1719,23600
1075048,31,2026-11-19,1719,23600
1075048,32,2026-08-21,1634,23600
1075048,32,2026-08-22,1634,23600
1075048,32,2026-08-24,1649,23600
1075048,32,2026-08-25,1634,23600
1075048,32,2026-08-26,1634,23600
1075048,33,2026-08-21,1634,23600
1075048,33,2026-08-22,1634,23600
1075048,33,2026-08-24,1649,23600
1075048,33,2026-08-25,1634,23600
1075048,33,2026-08-26,1634,23600
1075048,34,2026-08-21,1634,23600
1075048,34,2026-08-22,1634,23600
1075048,34,2026-08-24,1649,23600
1075048,34,2026-08-25,1634,23600
1075048,34,2026-08-26,1634,23600
1075048,40,2026-08-23,1401,23600
1075048,57,2026-08-27,1515,23600
1075048,57,2026-09-02,1719,23600
1075048,57,2026-09-04,1719,23600
1075048,57,2026-11-19,1719,23600
1125927,19,2026-10-30,1136,23600
1125927,19,2026-10-31,1136,23600
1125927,20,2026-10-30,1136,23600
1125927,20,2026-10-31,1136,23600
1125927,24179,2026-09-06,1639,23600
1125927,24179,2026-09-13,1639,23600
1125927,29,2026-09-06,1639,23600
1125927,29,2026-09-13,1639,23600
1125927,30,2026-09-06,1639,23600
1125927,30,2026-09-13,1639,23600
1125927,31,2026-09-06,1639,23600
1125927,31,2026-09-13,1639,23600
1125927,35,2026-09-19,1788,23600
1125927,35,2026-11-08,2135,23600
1125927,35,2026-11-09,2135,23600
1125927,35,2026-11-10,2135,23600
1125927,35,2026-11-11,2135,23600
1125927,35,2026-11-15,2135,23600
1125927,35,2026-11-16,2135,23600
1125927,35,2026-11-17,2135,23600
1125927,36,2026-09-19,1788,23600
1125927,36,2026-11-08,2135,23600
1125927,36,2026-11-09,2135,23600
1125927,36,2026-11-10,2135,23600
1125927,36,2026-11-11,2135,23600
1125927,36,2026-11-15,2135,23600
1125927,36,2026-11-16,2135,23600
1125927,36,2026-11-17,2135,23600
1125927,37,2026-09-19,1788,23600
1125927,37,2026-11-08,2135,23600
1125927,37,2026-11-09,2135,23600
1125927,37,2026-11-10,2135,23600
1125927,37,2026-11-11,2135,23600
1125927,37,2026-11-15,2135,23600
1125927,37,2026-11-16,2135,23600
1125927,37,2026-11-17,2135,23600
1125927,42,2026-08-31,2049,23600
1125927,42,2026-09-01,2059,23600
1125927,42,2026-09-02,2059,23600
1125927,42,2026-09-03,2059,23600
1125927,42,2026-09-07,2049,23600
1125927,42,2026-09-08,2049,23600
1125927,42,2026-09-09,2049,23600
1125927,42,2026-09-10,2049,23600
1125927,42,2026-09-15,2049,23600
1125927,42,2026-09-16,2049,23600
1125927,42,2026-09-17,2049,23600
1125927,42,2026-09-20,2049,23600
1125927,42,2026-09-21,2049,23600
1125927,42,2026-09-22,2049,23600
1125927,42,2026-09-23,2049,23600
1125927,42,2026-09-24,2049,23600
1125927,42,2026-09-25,2106,23600
1125927,42,2026-09-26,2106,23600
1125927,42,2026-09-27,2049,23600
1125927,42,2026-09-28,2049,23600
1125927,42,2026-09-29,2049,23600
1125927,42,2026-09-30,2049,23600
1125927,42,2026-10-06,2049,23600
1125927,42,2026-10-07,2049,23600
1125927,42,2026-10-08,2049,23600
1125927,42,2026-10-09,2106,23600
1125927,42,2026-10-27,2049,23600
1125927,42,2026-10-28,2049,23600
1125927,42,2026-10-29,2049,23600
1125927,42,2026-10-30,2067,23600
1125927,42,2026-10-31,2067,23600
1125927,42,2026-11-01,2067,23600
1125927,42,2026-11-02,2067,23600
1125927,42,2026-11-03,2067,23600
1125927,42,2026-11-04,2067,23600
1125927,42,2026-11-05,2067,23600
1125927,42,2026-11-06,2222,23600
1125927,42,2026-11-12,2067,23600
1125927,42,2026-11-13,2222,23600
1125927,42,2026-11-18,2067,23600
1125927,43,2026-08-31,2049,23600
1125927,43,2026-09-01,2059,23600
1125927,43,2026-09-02,2059,23600
1125927,43,2026-09-03,2059,23600
1125927,43,2026-09-07,2049,23600
1125927,43,2026-09-08,2049,23600
1125927,43,2026-09-09,2049,23600
1125927,43,2026-09-10,2049,23600
1125927,43,2026-09-15,2049,23600
1125927,43,2026-09-16,2049,23600
1125927,43,2026-09-17,2049,23600
1125927,43,2026-09-20,2049,23600
1125927,43,2026-09-21,2049,23600
1125927,43,2026-09-22,2049,23600
1125927,43,2026-09-23,2049,23600
1125927,43,2026-09-24,2049,23600
1125927,43,2026-09-25,2106,23600
1125927,43,2026-09-26,2106,23600
1125927,43,2026-09-27,2049,23600
1125927,43,2026-09-28,2049,23600
1125927,43,2026-09-29,2049,23600
1125927,43,2026-09-30,2049,23600
1125927,43,2026-10-06,2049,23600
1125927,43,2026-10-07,2049,23600
1125927,43,2026-10-08,2049,23600
1125927,43,2026-10-09,2106,23600
1125927,43,2026-10-27,2049,23600
1125927,43,2026-10-28,2049,23600
1125927,43,2026-10-29,2049,23600
1125927,43,2026-10-30,2067,23600
1125927,43,2026-10-31,2067,23600
1125927,43,2026-11-01,2067,23600
1125927,43,2026-11-02,2067,23600
1125927,43,2026-11-03,2067,23600
1125927,43,2026-11-04,2067,23600
1125927,43,2026-11-05,2067,23600
1125927,43,2026-11-06,2222,23600
1125927,43,2026-11-12,2067,23600
1125927,43,2026-11-13,2222,23600
1125927,43,2026-11-18,2067,23600
1125927,44,2026-08-31,2049,23600
1125927,44,2026-09-01,2059,23600
1125927,44,2026-09-02,2059,23600
1125927,44,2026-09-03,2059,23600
1125927,44,2026-09-07,2049,23600
1125927,44,2026-09-08,2049,23600
1125927,44,2026-09-09,2049,23600
1125927,44,2026-09-10,2049,23600
1125927,44,2026-09-15,2049,23600
1125927,44,2026-09-16,2049,23600
1125927,44,2026-09-17,2049,23600
1125927,44,2026-09-20,2049,23600
1125927,44,2026-09-21,2049,23600
1125927,44,2026-09-22,2049,23600
1125927,44,2026-09-23,2049,23600
1125927,44,2026-09-24,2049,23600
1125927,44,2026-09-25,2106,23600
1125927,44,2026-09-26,2106,23600
1125927,44,2026-09-27,2049,23600
1125927,44,2026-09-28,2049,23600
1125927,44,2026-09-29,2049,23600
1125927,44,2026-09-30,2049,23600
1125927,44,2026-10-06,2049,23600
1125927,44,2026-10-07,2049,23600
1125927,44,2026-10-08,2049,23600
1125927,44,2026-10-09,2106,23600
1125927,44,2026-10-27,2049,23600
1125927,44,2026-10-28,2049,23600
1125927,44,2026-10-29,2049,23600
1125927,44,2026-10-30,2067,23600
1125927,44,2026-10-31,2067,23600
1125927,44,2026-11-01,2067,23600
1125927,44,2026-11-02,2067,23600
1125927,44,2026-11-03,2067,23600
1125927,44,2026-11-04,2067,23600
1125927,44,2026-11-05,2067,23600
1125927,44,2026-11-06,2222,23600
1125927,44,2026-11-12,2067,23600
1125927,44,2026-11-13,2222,23600
1125927,44,2026-11-18,2067,23600
1125927,57,2026-09-06,1639,23600
1125927,57,2026-09-13,1639,23600
1125927,59,2026-09-19,1788,23600
1125927,59,2026-11-08,2135,23600
1125927,59,2026-11-09,2135,23600
1125927,59,2026-11-10,2135,23600
1125927,59,2026-11-11,2135,23600
1125927,59,2026-11-15,2135,23600
1125927,59,2026-11-16,2135,23600
1125927,59,2026-11-17,2135,23600
1125927,89,2026-09-06,1639,23600
1125927,89,2026-09-13,1639,23600
1131021,15,2026-08-24,1300,20000
1131021,16,2026-08-24,1438,20000
1131021,38,2026-08-24,1300,20000
1131768,19,2026-08-27,1509,23600
1131768,20,2026-08-27,1509,23600
1136798,17,2026-08-27,1641,23600
1136798,18,2026-08-27,1641,23600
1136798,50,2026-08-27,1641,23600
1148276,27,2026-11-19,3065,20000
1148276,28,2026-11-19,3065,20000
1165642,15,2026-08-23,1295,23600
1165642,38,2026-08-23,1295,23600
1166122,21,2026-08-21,1655,23600
1166122,22,2026-08-21,1655,23600
1166122,23,2026-08-21,1655,23600
1166122,24,2026-08-21,1655,23600
1166122,39,2026-08-21,1655,23600
1166122,40,2026-08-21,1655,23600
1166122,83,2026-08-21,1655,23600
1166252,19,2026-09-04,1626,23600
1166971,17,2026-08-24,1295,23600
1166971,17,2026-08-25,1295,23600
1166971,17,2026-08-26,1295,23600
1166971,17,2026-08-27,1303,23600
1166971,18,2026-08-24,1295,23600
1166971,18,2026-08-25,1295,23600
1166971,18,2026-08-26,1295,23600
1166971,18,2026-08-27,1303,23600
1166971,19,2026-08-24,1433,23600
1166971,19,2026-08-25,1433,23600
1166971,19,2026-08-26,1433,23600
1166971,20,2026-08-24,1433,23600
1166971,20,2026-08-25,1433,23600
1166971,20,2026-08-26,1433,23600
1166971,50,2026-08-24,1295,23600
1166971,50,2026-08-25,1295,23600
1166971,50,2026-08-26,1295,23600
1166971,50,2026-08-27,1303,23600
1168316,19,2026-11-19,1783,23600
1168316,20,2026-11-19,1783,23600
1168316,51,2026-11-19,1783,23600
1171648,21,2026-08-27,1868,23600
1171648,22,2026-08-27,1868,23600
1171648,23,2026-08-27,1937,23600
1171648,24,2026-08-27,1937,23600
1171648,39,2026-08-27,1868,23600
1176148,27,2026-08-27,1783,23600
1176148,28,2026-08-27,1783,23600
1193381,27,2026-09-04,3049,23600
1193381,28,2026-09-04,3049,23600
1193381,35,2026-11-19,4988,23600
1193381,36,2026-11-19,4988,23600
1197734,17,2026-08-24,1903,23600
1197734,18,2026-08-24,1903,23600
1197734,19,2026-08-24,1903,23600
1197734,20,2026-08-24,1903,23600
1197734,50,2026-08-24,1903,23600
1203621,17,2026-08-27,1480,23600
1203621,18,2026-08-27,1480,23600
1203621,19,2026-08-27,1480,23600
1203621,20,2026-08-27,1480,23600
1203621,50,2026-08-27,1480,23600
1204404,21,2026-11-19,1862,20000
1204404,22,2026-11-19,1862,20000
1204404,23,2026-11-19,1862,20000
1204404,24,2026-11-19,1862,20000
1204404,39,2026-11-19,1862,20000
1204404,40,2026-11-19,1862,20000
1204404,83,2026-11-19,1862,20000
1204840,27,2027-08-21,1677,27848
1204840,28,2027-08-21,1677,27848
1212547,15,2026-08-27,2278,23600
1212547,16,2026-08-27,2278,23600
1212547,38,2026-08-27,2278,23600
1212547,52,2026-08-27,2278,23600
1217501,21,2026-08-26,2199,27848
1217501,22,2026-08-26,2199,27848
1217501,23,2026-08-26,2233,27848
1217501,24,2026-08-26,2233,27848
1217501,25,2026-08-26,2371,27848
1217501,26,2026-08-26,2371,27848
1217501,39,2026-08-26,2199,27848
1217501,40,2026-08-26,2233,27848
1217501,83,2026-08-26,2199,27848
1218072,21,2026-08-27,3236,23600
1218072,22,2026-08-27,3236,23600
1218072,23,2026-08-27,3357,23600
1218072,24,2026-08-27,3357,23600
1218072,25,2026-08-27,3202,23600
1218072,26,2026-08-27,3202,23600
1218072,39,2026-08-27,3236,23600
1218072,40,2026-08-27,3357,23600
1218072,83,2026-08-27,3236,23600
1229511,19,2026-08-26,1135,23600
1229511,20,2026-08-26,1135,23600
1229511,25,2026-08-21,1554,23600
1229511,26,2026-08-21,1554,23600
1229511,27,2026-08-25,1873,23600
1229511,28,2026-08-25,1873,23600
1229511,41,2026-08-25,1873,23600
1229511,51,2026-08-26,1135,23600
1253706,19,2026-09-04,1497,23600
1253706,20,2026-09-04,1497,23600
1253706,21,2026-09-04,1566,23600
1253706,22,2026-09-04,1566,23600
1253706,23,2026-09-04,1635,23600
1253706,24,2026-09-04,1635,23600
1253706,35,2026-08-29,3636,23600
1253706,36,2026-08-29,3636,23600
1253706,39,2026-09-04,1566,23600
1253706,40,2026-09-04,1635,23600
1253706,83,2026-09-04,1566,23600
1256474,17,2026-09-04,1232,23600
1256474,18,2026-09-04,1232,23600
1256474,27,2026-08-29,1957,23600
1256474,32,2026-08-29,1922,23600
1256474,33,2026-08-29,1922,23600
1256474,34,2026-08-29,1922,23600
1257158,19,2026-09-04,1518,23600
1257158,20,2026-09-04,1518,23600
1257158,51,2026-09-04,1518,23600
1259110,21,2026-08-21,1749,23600
1259110,22,2026-08-21,1749,23600
1259110,23,2026-08-21,1818,23600
1259110,24,2026-08-21,1818,23600
1259110,29,2026-08-28,2104,23600
1259110,29,2026-08-29,2104,23600
1259110,30,2026-08-28,2104,23600
1259110,30,2026-08-29,2104,23600
1259110,31,2026-08-28,2104,23600
1259110,31,2026-08-29,2104,23600
1259110,39,2026-08-21,1749,23600
1259110,40,2026-08-21,1818,23600
1259110,57,2026-08-28,2104,23600
1259110,57,2026-08-29,2104,23600
1259110,83,2026-08-21,1749,23600
1263729,17,2026-08-21,1116,20000
1263729,17,2026-08-23,1116,20000
1263729,17,2026-08-24,1116,20000
1263729,17,2026-08-25,1116,20000
1263729,18,2026-08-21,1116,20000
1263729,18,2026-08-23,1116,20000
1263729,18,2026-08-24,1116,20000
1263729,18,2026-08-25,1116,20000
1263729,21,2026-08-27,1220,20000
1263729,22,2026-08-27,1220,20000
1263729,23,2026-08-27,1289,20000
1263729,24,2026-08-27,1289,20000
1263729,39,2026-08-27,1220,20000
1263729,40,2026-08-27,1289,20000
1263729,50,2026-08-21,1116,20000
1263729,50,2026-08-23,1116,20000
1263729,50,2026-08-24,1116,20000
1263729,50,2026-08-25,1116,20000
1263729,83,2026-08-27,1220,20000
1265433,19,2026-08-26,1736,23600
1265433,19,2026-08-27,1736,23600
1265433,20,2026-08-26,1736,23600
1265433,20,2026-08-27,1736,23600
1269686,21,2026-08-27,1554,23600
1269686,22,2026-08-27,1554,23600
1269686,39,2026-08-27,1554,23600
1269686,83,2026-08-27,1554,23600
1307656,17,2026-08-30,990,23600
1307656,17,2026-08-31,990,23600
1307656,18,2026-08-30,990,23600
1307656,18,2026-08-31,990,23600
1307656,19,2026-08-30,990,23600
1307656,19,2026-08-31,990,23600
1307656,20,2026-08-30,990,23600
1307656,20,2026-08-31,990,23600
1307656,50,2026-08-30,990,23600
1307656,50,2026-08-31,990,23600
1314078,17,2026-09-08,1776,23600
1314078,17,2026-09-15,1778,23600
1314078,17,2026-09-20,1776,23600
1314078,18,2026-09-08,1776,23600
1314078,18,2026-09-15,1778,23600
1314078,18,2026-09-20,1776,23600
1314078,19,2026-08-21,1868,23600
1314078,19,2026-09-08,1880,23600
1314078,19,2026-09-15,1881,23600
1314078,19,2026-09-20,1880,23600
1314078,20,2026-08-21,1868,23600
1314078,20,2026-09-08,1880,23600
1314078,20,2026-09-15,1881,23600
1314078,20,2026-09-20,1880,23600
1314078,50,2026-09-08,1776,23600
1314078,50,2026-09-15,1778,23600
1314078,50,2026-09-20,1776,23600
1319620,32,2026-08-27,1813,23600
1319620,33,2026-08-27,1813,23600
1319620,34,2026-08-27,1813,23600
1319620,58,2026-08-27,1813,23600
1326972,35,2026-08-27,1849,23600
1326972,36,2026-08-27,1849,23600
1326972,37,2026-08-27,1849,23600
1327100,17,2026-08-21,1981,23600
1327100,17,2026-08-23,1981,23600
1327100,17,2026-08-24,1981,23600
1327100,17,2026-08-25,1981,23600
1327100,17,2026-08-26,1981,23600
1327100,17,2026-08-27,1981,23600
1327100,18,2026-08-21,1981,23600
1327100,18,2026-08-23,1981,23600
1327100,18,2026-08-24,1981,23600
1327100,18,2026-08-25,1981,23600
1327100,18,2026-08-26,1981,23600
1327100,18,2026-08-27,1981,23600
1327100,19,2026-08-25,2085,23600
1327100,19,2026-08-26,2085,23600
1327100,19,2026-08-27,2085,23600
1327100,20,2026-08-25,2085,23600
1327100,20,2026-08-26,2085,23600
1327100,20,2026-08-27,2085,23600
1327100,21,2026-11-19,2844,23600
1327100,22,2026-11-19,2844,23600
1327100,23,2026-11-19,2948,23600
1327100,24,2026-11-19,2948,23600
1327100,39,2026-11-19,2844,23600
1327100,40,2026-11-19,2948,23600
1327100,50,2026-08-21,1981,23600
1327100,50,2026-08-23,1981,23600
1327100,50,2026-08-24,1981,23600
1327100,50,2026-08-25,1981,23600
1327100,50,2026-08-26,1981,23600
1327100,50,2026-08-27,1981,23600
1327100,83,2026-11-19,2844,23600
1362285,15,2026-08-22,1433,23600
1362285,15,2026-08-23,1439,23600
1362285,16,2026-08-22,1502,23600
1362285,16,2026-08-23,1508,23600
1362285,16,2026-08-24,1499,23600
1362285,16,2026-08-25,1499,23600
1362285,17,2026-08-22,1537,23600
1362285,17,2026-08-24,1533,23600
1362285,17,2026-08-25,1533,23600
1362285,18,2026-08-22,1537,23600
1362285,18,2026-08-24,1533,23600
1362285,18,2026-08-25,1533,23600
1362285,19,2026-08-24,1602,23600
1362285,19,2026-08-25,1602,23600
1362285,20,2026-08-24,1602,23600
1362285,20,2026-08-25,1602,23600
1362285,38,2026-08-22,1433,23600
1362285,38,2026-08-23,1439,23600
1362285,50,2026-08-22,1537,23600
1362285,50,2026-08-24,1533,23600
1362285,50,2026-08-25,1533,23600
1362285,52,2026-08-22,1502,23600
1362285,52,2026-08-23,1508,23600
1362285,52,2026-08-24,1499,23600
1362285,52,2026-08-25,1499,23600
1368078,17,2026-08-21,1671,23600
1368078,17,2026-08-22,1675,23600
1368078,18,2026-08-21,1671,23600
1368078,18,2026-08-22,1675,23600
1368078,19,2026-08-21,1809,23600
1368078,19,2026-08-22,1813,23600
1368078,20,2026-08-21,1809,23600
1368078,20,2026-08-22,1813,23600
1368078,23,2026-08-25,2037,23600
1368078,24,2026-08-25,2037,23600
1368078,40,2026-08-25,2037,23600
1368078,50,2026-08-21,1671,23600
1368078,50,2026-08-22,1675,23600
1386481,19,2026-08-27,1608,23600
1386481,20,2026-08-27,1608,23600
1386481,51,2026-08-27,1608,23600
1386944,23,2026-08-28,1727,23600
1386944,23,2026-08-29,1727,23600
1386944,24,2026-08-28,1727,23600
1386944,24,2026-08-29,1727,23600
1386944,40,2026-08-28,1727,23600
1386944,40,2026-08-29,1727,23600
1387536,21,2026-08-26,1377,23600
1387536,22,2026-08-26,1377,23600
1387536,39,2026-08-26,1377,23600
1387536,83,2026-08-26,1377,23600
1395021,27,2026-08-25,2101,23600
1395021,28,2026-08-25,2101,23600
1395021,41,2026-08-25,2101,23600
1396947,19,2026-08-24,2340,23600
1396947,19,2026-11-19,3077,23600
1396947,20,2026-08-24,2340,23600
1396947,20,2026-11-19,3077,23600
1396947,21,2026-08-24,2271,23600
1396947,21,2026-11-19,3008,23600
1396947,22,2026-08-24,2271,23600
1396947,22,2026-11-19,3008,23600
1396947,23,2026-08-25,2458,23600
1396947,23,2026-08-26,2458,23600
1396947,23,2026-11-19,3215,23600
1396947,24,2026-08-25,2458,23600
1396947,24,2026-08-26,2458,23600
1396947,24,2026-11-19,3215,23600
1396947,25,2026-08-25,2527,23600
1396947,25,2026-08-26,2527,23600
1396947,26,2026-08-25,2527,23600
1396947,26,2026-08-26,2527,23600
1396947,29,2026-08-25,2458,23600
1396947,29,2026-08-26,2458,23600
1396947,29,2026-11-19,3215,23600
1396947,30,2026-08-25,2458,23600
1396947,30,2026-08-26,2458,23600
1396947,30,2026-11-19,3215,23600
1396947,31,2026-08-25,2458,23600
1396947,31,2026-08-26,2458,23600
1396947,31,2026-11-19,3215,23600
1396947,39,2026-08-24,2271,23600
1396947,39,2026-11-19,3008,23600
1396947,40,2026-08-25,2458,23600
1396947,40,2026-08-26,2458,23600
1396947,40,2026-11-19,3215,23600
1396947,51,2026-08-24,2340,23600
1396947,51,2026-11-19,3077,23600
1396947,57,2026-08-25,2458,23600
1396947,57,2026-08-26,2458,23600
1396947,57,2026-11-19,3215,23600
1396947,83,2026-08-24,2271,23600
1396947,83,2026-11-19,3008,23600
1398298,17,2026-08-21,1047,23600
1398298,18,2026-08-21,1047,23600
1398298,50,2026-08-21,1047,23600
1399581,27,2026-08-22,1422,27848
1399581,28,2026-08-22,1422,27848
1405295,35,2026-08-22,1716,23600
1405295,35,2026-08-23,1716,23600
1405295,35,2026-08-24,1716,23600
1405295,35,2026-08-25,1716,23600
1405295,35,2026-08-26,1716,23600
1405295,36,2026-08-22,1716,23600
1405295,36,2026-08-23,1716,23600
1405295,36,2026-08-24,1716,23600
1405295,36,2026-08-25,1716,23600
1405295,36,2026-08-26,1716,23600
1417406,17,2026-08-27,1809,23600
1417406,18,2026-08-27,1809,23600
1417406,19,2026-08-27,1878,23600
1423815,17,2026-08-21,1449,23600
1423815,18,2026-08-21,1449,23600
1423815,19,2026-08-22,1567,23600
1423815,19,2026-08-23,1564,23600
1423815,19,2026-08-24,1564,23600
1423815,19,2026-08-25,1564,23600
1423815,20,2026-08-22,1567,23600
1423815,20,2026-08-23,1564,23600
1423815,20,2026-08-24,1564,23600
1423815,20,2026-08-25,1564,23600
1423815,21,2026-08-23,1633,23600
1423815,21,2026-08-24,1633,23600
1423815,21,2026-08-25,1633,23600
1423815,22,2026-08-23,1633,23600
1423815,22,2026-08-24,1633,23600
1423815,22,2026-08-25,1633,23600
1423815,27,2026-08-26,2116,23600
1423815,27,2026-08-27,2104,23600
1423815,28,2026-08-26,2116,23600
1423815,28,2026-08-27,2104,23600
1423815,39,2026-08-23,1633,23600
1423815,39,2026-08-24,1633,23600
1423815,39,2026-08-25,1633,23600
1423815,50,2026-08-21,1449,23600
1423815,83,2026-08-23,1633,23600
1423815,83,2026-08-24,1633,23600
1423815,83,2026-08-25,1633,23600
1444313,15,2026-08-29,2372,27848
1444313,16,2026-08-29,2372,27848
1444313,29,2026-09-01,2836,27848
1444313,29,2026-09-02,2836,27848
1444313,29,2026-09-03,2836,27848
1444313,30,2026-09-01,2836,27848
1444313,30,2026-09-02,2836,27848
1444313,30,2026-09-03,2836,27848
1444313,31,2026-09-01,2836,27848
1444313,31,2026-09-02,2836,27848
1444313,31,2026-09-03,2836,27848
1444313,32,2026-09-01,2836,27848
1444313,32,2026-09-02,2836,27848
1444313,32,2026-09-03,2836,27848
1444313,33,2026-09-01,2836,27848
1444313,33,2026-09-02,2836,27848
1444313,33,2026-09-03,2836,27848
1444313,34,2026-09-01,2836,27848
1444313,34,2026-09-02,2836,27848
1444313,34,2026-09-03,2836,27848
1444313,38,2026-08-29,2372,27848
1444313,42,2026-08-28,4384,27848
1444313,43,2026-08-28,4384,27848
1444313,52,2026-08-29,2372,27848
1444313,57,2026-09-01,2836,27848
1444313,57,2026-09-02,2836,27848
1444313,57,2026-09-03,2836,27848
1444313,58,2026-09-01,2836,27848
1444313,58,2026-09-02,2836,27848
1444313,58,2026-09-03,2836,27848
1444313,89,2026-09-01,2836,27848
1444313,89,2026-09-02,2836,27848
1444313,89,2026-09-03,2836,27848
1446609,17,2026-11-19,1210,23600
1446609,18,2026-11-19,1210,23600
1446609,19,2026-11-19,1210,23600
1446609,20,2026-11-19,1210,23600
1453534,17,2026-08-24,978,23600
1453534,17,2026-08-25,978,23600
1453534,17,2026-08-26,978,23600
1453534,17,2026-08-27,970,23600
1453534,18,2026-08-24,978,23600
1453534,18,2026-08-25,978,23600
1453534,18,2026-08-26,978,23600
1453534,18,2026-08-27,970,23600
1453534,50,2026-08-24,978,23600
1453534,50,2026-08-25,978,23600
1453534,50,2026-08-26,978,23600
1453534,50,2026-08-27,970,23600
1453534,87,2026-08-24,978,23600
1453534,87,2026-08-25,978,23600
1453534,87,2026-08-26,978,23600
1453534,87,2026-08-27,970,23600
1462197,21,2026-11-19,1764,23600
1462197,22,2026-11-19,1764,23600
1462197,39,2026-11-19,1764,23600
1462197,83,2026-11-19,1764,23600
1472459,17,2026-08-23,1047,23600
1472459,18,2026-08-23,1047,23600
1472459,19,2026-08-23,1047,23600
1472459,20,2026-08-23,1047,23600
1472459,50,2026-08-23,1047,23600
1472508,21,2026-08-29,1728,23600
1472508,22,2026-08-29,1728,23600
1472508,23,2026-08-29,1728,23600
1472508,24,2026-08-29,1728,23600
1472508,24179,2026-09-01,2519,23600
1472508,24179,2026-09-02,2519,23600
1472508,24179,2026-09-03,2519,23600
1472508,24180,2026-09-01,2519,23600
1472508,24180,2026-09-02,2519,23600
1472508,24180,2026-09-03,2519,23600
1472508,24181,2026-09-01,2519,23600
1472508,24181,2026-09-02,2519,23600
1472508,24181,2026-09-03,2519,23600
1472508,24182,2026-09-01,2519,23600
1472508,24182,2026-09-02,2519,23600
1472508,24182,2026-09-03,2519,23600
1472508,24183,2026-09-01,2519,23600
1472508,24183,2026-09-02,2519,23600
1472508,24183,2026-09-03,2519,23600
1472508,24184,2026-09-01,2519,23600
1472508,24184,2026-09-02,2519,23600
1472508,24184,2026-09-03,2519,23600
1472508,24185,2026-09-01,2519,23600
1472508,24185,2026-09-02,2519,23600
1472508,24185,2026-09-03,2519,23600
1472508,24186,2026-08-29,3315,23600
1472508,24187,2026-08-29,3315,23600
1472508,27,2026-09-01,2312,23600
1472508,27,2026-09-02,2312,23600
1472508,27,2026-09-03,2312,23600
1472508,27,2026-09-04,2490,23600
1472508,27,2026-11-19,2337,23600
1472508,28,2026-09-01,2312,23600
1472508,28,2026-09-02,2312,23600
1472508,28,2026-09-03,2312,23600
1472508,28,2026-09-04,2490,23600
1472508,28,2026-11-19,2337,23600
1472508,29,2026-09-01,2519,23600
1472508,29,2026-09-02,2519,23600
1472508,29,2026-09-03,2519,23600
1472508,30,2026-09-01,2519,23600
1472508,30,2026-09-02,2519,23600
1472508,30,2026-09-03,2519,23600
1472508,31,2026-09-01,2519,23600
1472508,31,2026-09-02,2519,23600
1472508,31,2026-09-03,2519,23600
1472508,32,2026-09-01,2519,23600
1472508,32,2026-09-02,2519,23600
1472508,32,2026-09-03,2519,23600
1472508,33,2026-09-01,2519,23600
1472508,33,2026-09-02,2519,23600
1472508,33,2026-09-03,2519,23600
1472508,34,2026-09-01,2519,23600
1472508,34,2026-09-02,2519,23600
1472508,34,2026-09-03,2519,23600
1472508,35,2026-08-29,3315,23600
1472508,36,2026-08-29,3315,23600
1472508,37,2026-08-29,3315,23600
1472508,39,2026-08-29,1728,23600
1472508,40,2026-08-29,1728,23600
1472508,41,2026-09-01,2312,23600
1472508,41,2026-09-02,2312,23600
1472508,41,2026-09-03,2312,23600
1472508,41,2026-09-04,2490,23600
1472508,41,2026-11-19,2337,23600
1472508,57,2026-09-01,2519,23600
1472508,57,2026-09-02,2519,23600
1472508,57,2026-09-03,2519,23600
1472508,58,2026-09-01,2519,23600
1472508,58,2026-09-02,2519,23600
1472508,58,2026-09-03,2519,23600
1472508,59,2026-08-29,3315,23600
1472508,83,2026-08-29,1728,23600
1472508,84,2026-08-29,1728,23600
1472508,89,2026-09-01,2519,23600
1472508,89,2026-09-02,2519,23600
1472508,89,2026-09-03,2519,23600
1472508,90,2026-09-01,2519,23600
1472508,90,2026-09-02,2519,23600
1472508,90,2026-09-03,2519,23600
1472508,91,2026-08-29,3315,23600
1472508,97,2026-08-29,1728,23600
1474809,17,2026-08-24,1102,23600
1474809,18,2026-08-24,1102,23600
1474809,50,2026-08-24,1102,23600
1474809,87,2026-08-24,1102,23600
1474895,17,2026-11-19,1278,23600
1474895,18,2026-11-19,1278,23600
1474895,19,2026-11-19,1278,23600
1474895,20,2026-11-19,1278,23600
1474895,27,2026-10-30,2019,23600
1474895,27,2026-10-31,2019,23600
1474895,28,2026-10-30,2019,23600
1474895,28,2026-10-31,2019,23600
1474895,50,2026-11-19,1278,23600
1475870,27,2027-08-21,2381,23600
1475870,28,2027-08-21,2381,23600
1476116,25,2026-08-29,2288,23600
1476116,25,2026-09-01,2150,23600
1476116,25,2026-09-02,2150,23600
1476116,25,2026-09-03,2150,23600
1476116,26,2026-08-29,2288,23600
1476116,26,2026-09-01,2150,23600
1476116,26,2026-09-02,2150,23600
1476116,26,2026-09-03,2150,23600
1476116,27,2026-11-19,2599,23600
1476116,28,2026-11-19,2599,23600
1476116,41,2026-11-19,2599,23600
1479104,21,2026-08-27,1838,23600
1479104,22,2026-08-27,1838,23600
1479104,23,2026-08-27,1838,23600
1479104,24,2026-08-27,1838,23600
1479104,25,2026-08-27,1734,23600
1479104,26,2026-08-27,1734,23600
1479104,39,2026-08-27,1838,23600
1479104,40,2026-08-27,1838,23600
1479104,83,2026-08-27,1838,23600
1479104,84,2026-08-27,1838,23600
1479104,97,2026-08-27,1838,23600
1483392,35,2026-08-27,2343,27848
1483392,36,2026-08-27,2343,27848
1483392,37,2026-08-27,2343,27848
1483392,59,2026-08-27,2343,27848
1483570,27,2026-08-27,1838,23600
1483570,28,2026-08-27,1838,23600
1484845,17,2026-11-19,1826,23600
1484845,18,2026-11-19,1826,23600
1484845,35,2026-08-27,2634,23600
1484845,36,2026-08-27,2634,23600
1484845,50,2026-11-19,1826,23600
1486131,78,2027-08-21,1492,23600
1503990,19,2026-08-27,1915,23600
1503990,20,2026-08-27,1915,23600
1503990,21,2026-08-27,1915,23600
1503990,22,2026-08-27,1915,23600
1503990,39,2026-08-27,1915,23600
1503990,83,2026-08-27,1915,23600
1505657,19,2026-08-26,2487,23600
1505657,20,2026-08-26,2487,23600
1506055,19,2026-08-27,1477,23600
1506055,20,2026-08-27,1477,23600
1506055,21,2026-08-27,1504,23600
1506055,22,2026-08-27,1504,23600
1506055,39,2026-08-27,1504,23600
1506055,83,2026-08-27,1504,23600
1508506,23,2026-08-27,1817,23600
1508506,24,2026-08-27,1817,23600
1508506,29,2026-08-27,1851,23600
1508506,30,2026-08-27,1851,23600
1508506,31,2026-08-27,1851,23600
1508506,40,2026-08-27,1817,23600
1508506,57,2026-08-27,1851,23600
1509593,17,2026-08-22,1889,23600
1509593,18,2026-08-22,1889,23600
1509593,19,2026-08-22,2027,23600
1509593,20,2026-08-22,2027,23600
1509593,50,2026-08-22,1889,23600
1516017,21,2026-08-27,1715,23600
1516017,22,2026-08-27,1715,23600
1516017,39,2026-08-27,1715,23600
1516017,83,2026-08-27,1715,23600
1523458,21,2026-08-28,2532,20000
1523458,21,2026-08-29,2532,20000
1523458,21,2026-08-30,2532,20000
1523458,21,2026-08-31,2532,20000
1523458,21,2026-09-01,2532,20000
1523458,21,2026-09-02,2532,20000
1523458,21,2026-09-03,2532,20000
1523458,21,2026-09-04,2532,20000
1523458,21,2026-09-05,2532,20000
1523458,21,2026-09-06,2532,20000
1523458,21,2026-09-07,2532,20000
1523458,21,2026-09-08,2532,20000
1523458,21,2026-09-09,2532,20000
1523458,21,2026-09-10,2532,20000
1523458,21,2026-09-11,2532,20000
1523458,21,2026-09-12,2532,20000
1523458,21,2026-09-13,2532,20000
1523458,21,2026-09-14,2532,20000
1523458,21,2026-09-15,2532,20000
1523458,21,2026-09-16,2532,20000
1523458,21,2026-09-17,2532,20000
1523458,21,2026-09-18,2532,20000
1523458,21,2026-09-19,2532,20000
1523458,21,2026-09-20,2532,20000
1523458,21,2026-09-21,2532,20000
1523458,21,2026-09-22,2532,20000
1523458,21,2026-09-23,2532,20000
1523458,21,2026-09-24,2532,20000
1523458,21,2026-09-25,2532,20000
1523458,21,2026-09-26,2532,20000
1523458,21,2026-09-27,2532,20000
1523458,21,2026-09-28,2532,20000
1523458,21,2026-09-29,2532,20000
1523458,21,2026-09-30,2532,20000
1523458,21,2026-10-01,2532,20000
1523458,21,2026-10-02,2532,20000
1523458,21,2026-10-03,2532,20000
1523458,21,2026-10-04,2532,20000
1523458,21,2026-10-05,2532,20000
1523458,21,2026-10-06,2532,20000
1523458,21,2026-10-07,2532,20000
1523458,21,2026-10-08,2532,20000
1523458,21,2026-10-09,2532,20000
1523458,21,2026-10-10,2532,20000
1523458,21,2026-10-11,2532,20000
1523458,21,2026-10-12,2532,20000
1523458,21,2026-10-13,2532,20000
1523458,21,2026-10-14,2532,20000
1523458,21,2026-10-15,2532,20000
1523458,21,2026-10-16,2532,20000
1523458,21,2026-10-17,2532,20000
1523458,21,2026-10-18,2532,20000
1523458,21,2026-10-19,2532,20000
1523458,21,2026-10-20,2532,20000
1523458,21,2026-10-21,2532,20000
1523458,21,2026-10-22,2532,20000
1523458,21,2026-10-23,2532,20000
1523458,21,2026-10-24,2532,20000
1523458,21,2026-10-25,2532,20000
1523458,21,2026-10-26,2532,20000
1523458,21,2026-10-27,2532,20000
1523458,21,2026-10-28,2532,20000
1523458,21,2026-10-29,2532,20000
1523458,21,2026-10-30,2532,20000
1523458,21,2026-10-31,2532,20000
1523458,21,2026-11-01,2532,20000
1523458,21,2026-11-02,2532,20000
1523458,21,2026-11-03,2532,20000
1523458,21,2026-11-04,2532,20000
1523458,21,2026-11-05,2532,20000
1523458,21,2026-11-06,2532,20000
1523458,21,2026-11-07,2532,20000
1523458,21,2026-11-08,2532,20000
1523458,21,2026-11-09,2532,20000
1523458,21,2026-11-10,2532,20000
1523458,21,2026-11-11,2532,20000
1523458,21,2026-11-12,2532,20000
1523458,21,2026-11-13,2532,20000
1523458,21,2026-11-14,2532,20000
1523458,21,2026-11-15,2532,20000
1523458,21,2026-11-16,2532,20000
1523458,21,2026-11-17,2532,20000
1523458,21,2026-11-18,2532,20000
1523458,21,2026-11-19,2532,20000
1523458,22,2026-08-28,2532,20000
1523458,22,2026-08-29,2532,20000
1523458,22,2026-08-30,2532,20000
1523458,22,2026-08-31,2532,20000
1523458,22,2026-09-01,2532,20000
1523458,22,2026-09-02,2532,20000
1523458,22,2026-09-03,2532,20000
1523458,22,2026-09-04,2532,20000
1523458,22,2026-09-05,2532,20000
1523458,22,2026-09-06,2532,20000
1523458,22,2026-09-07,2532,20000
1523458,22,2026-09-08,2532,20000
1523458,22,2026-09-09,2532,20000
1523458,22,2026-09-10,2532,20000
1523458,22,2026-09-11,2532,20000
1523458,22,2026-09-12,2532,20000
1523458,22,2026-09-13,2532,20000
1523458,22,2026-09-14,2532,20000
1523458,22,2026-09-15,2532,20000
1523458,22,2026-09-16,2532,20000
1523458,22,2026-09-17,2532,20000
1523458,22,2026-09-18,2532,20000
1523458,22,2026-09-19,2532,20000
1523458,22,2026-09-20,2532,20000
1523458,22,2026-09-21,2532,20000
1523458,22,2026-09-22,2532,20000
1523458,22,2026-09-23,2532,20000
1523458,22,2026-09-24,2532,20000
1523458,22,2026-09-25,2532,20000
1523458,22,2026-09-26,2532,20000
1523458,22,2026-09-27,2532,20000
1523458,22,2026-09-28,2532,20000
1523458,22,2026-09-29,2532,20000
1523458,22,2026-09-30,2532,20000
1523458,22,2026-10-01,2532,20000
1523458,22,2026-10-02,2532,20000
1523458,22,2026-10-03,2532,20000
1523458,22,2026-10-04,2532,20000
1523458,22,2026-10-05,2532,20000
1523458,22,2026-10-06,2532,20000
1523458,22,2026-10-07,2532,20000
1523458,22,2026-10-08,2532,20000
1523458,22,2026-10-09,2532,20000
1523458,22,2026-10-10,2532,20000
1523458,22,2026-10-11,2532,20000
1523458,22,2026-10-12,2532,20000
1523458,22,2026-10-13,2532,20000
1523458,22,2026-10-14,2532,20000
1523458,22,2026-10-15,2532,20000
1523458,22,2026-10-16,2532,20000
1523458,22,2026-10-17,2532,20000
1523458,22,2026-10-18,2532,20000
1523458,22,2026-10-19,2532,20000
1523458,22,2026-10-20,2532,20000
1523458,22,2026-10-21,2532,20000
1523458,22,2026-10-22,2532,20000
1523458,22,2026-10-23,2532,20000
1523458,22,2026-10-24,2532,20000
1523458,22,2026-10-25,2532,20000
1523458,22,2026-10-26,2532,20000
1523458,22,2026-10-27,2532,20000
1523458,22,2026-10-28,2532,20000
1523458,22,2026-10-29,2532,20000
1523458,22,2026-10-30,2532,20000
1523458,22,2026-10-31,2532,20000
1523458,22,2026-11-01,2532,20000
1523458,22,2026-11-02,2532,20000
1523458,22,2026-11-03,2532,20000
1523458,22,2026-11-04,2532,20000
1523458,22,2026-11-05,2532,20000
1523458,22,2026-11-06,2532,20000
1523458,22,2026-11-07,2532,20000
1523458,22,2026-11-08,2532,20000
1523458,22,2026-11-09,2532,20000
1523458,22,2026-11-10,2532,20000
1523458,22,2026-11-11,2532,20000
1523458,22,2026-11-12,2532,20000
1523458,22,2026-11-13,2532,20000
1523458,22,2026-11-14,2532,20000
1523458,22,2026-11-15,2532,20000
1523458,22,2026-11-16,2532,20000
1523458,22,2026-11-17,2532,20000
1523458,22,2026-11-18,2532,20000
1523458,22,2026-11-19,2532,20000
1523458,39,2026-08-28,2532,20000
1523458,39,2026-08-29,2532,20000
1523458,39,2026-08-30,2532,20000
1523458,39,2026-08-31,2532,20000
1523458,39,2026-09-01,2532,20000
1523458,39,2026-09-02,2532,20000
1523458,39,2026-09-03,2532,20000
1523458,39,2026-09-04,2532,20000
1523458,39,2026-09-05,2532,20000
1523458,39,2026-09-06,2532,20000
1523458,39,2026-09-07,2532,20000
1523458,39,2026-09-08,2532,20000
1523458,39,2026-09-09,2532,20000
1523458,39,2026-09-10,2532,20000
1523458,39,2026-09-11,2532,20000
1523458,39,2026-09-12,2532,20000
1523458,39,2026-09-13,2532,20000
1523458,39,2026-09-14,2532,20000
1523458,39,2026-09-15,2532,20000
1523458,39,2026-09-16,2532,20000
1523458,39,2026-09-17,2532,20000
1523458,39,2026-09-18,2532,20000
1523458,39,2026-09-19,2532,20000
1523458,39,2026-09-20,2532,20000
1523458,39,2026-09-21,2532,20000
1523458,39,2026-09-22,2532,20000
1523458,39,2026-09-23,2532,20000
1523458,39,2026-09-24,2532,20000
1523458,39,2026-09-25,2532,20000
1523458,39,2026-09-26,2532,20000
1523458,39,2026-09-27,2532,20000
1523458,39,2026-09-28,2532,20000
1523458,39,2026-09-29,2532,20000
1523458,39,2026-09-30,2532,20000
1523458,39,2026-10-01,2532,20000
1523458,39,2026-10-02,2532,20000
1523458,39,2026-10-03,2532,20000
1523458,39,2026-10-04,2532,20000
1523458,39,2026-10-05,2532,20000
1523458,39,2026-10-06,2532,20000
1523458,39,2026-10-07,2532,20000
1523458,39,2026-10-08,2532,20000
1523458,39,2026-10-09,2532,20000
1523458,39,2026-10-10,2532,20000
1523458,39,2026-10-11,2532,20000
1523458,39,2026-10-12,2532,20000
1523458,39,2026-10-13,2532,20000
1523458,39,2026-10-14,2532,20000
1523458,39,2026-10-15,2532,20000
1523458,39,2026-10-16,2532,20000
1523458,39,2026-10-17,2532,20000
1523458,39,2026-10-18,2532,20000
1523458,39,2026-10-19,2532,20000
1523458,39,2026-10-20,2532,20000
1523458,39,2026-10-21,2532,20000
1523458,39,2026-10-22,2532,20000
1523458,39,2026-10-23,2532,20000
1523458,39,2026-10-24,2532,20000
1523458,39,2026-10-25,2532,20000
1523458,39,2026-10-26,2532,20000
1523458,39,2026-10-27,2532,20000
1523458,39,2026-10-28,2532,20000
1523458,39,2026-10-29,2532,20000
1523458,39,2026-10-30,2532,20000
1523458,39,2026-10-31,2532,20000
1523458,39,2026-11-01,2532,20000
1523458,39,2026-11-02,2532,20000
1523458,39,2026-11-03,2532,20000
1523458,39,2026-11-04,2532,20000
1523458,39,2026-11-05,2532,20000
1523458,39,2026-11-06,2532,20000
1523458,39,2026-11-07,2532,20000
1523458,39,2026-11-08,2532,20000
1523458,39,2026-11-09,2532,20000
1523458,39,2026-11-10,2532,20000
1523458,39,2026-11-11,2532,20000
1523458,39,2026-11-12,2532,20000
1523458,39,2026-11-13,2532,20000
1523458,39,2026-11-14,2532,20000
1523458,39,2026-11-15,2532,20000
1523458,39,2026-11-16,2532,20000
1523458,39,2026-11-17,2532,20000
1523458,39,2026-11-18,2532,20000
1523458,39,2026-11-19,2532,20000
1534876,19,2026-08-27,1381,23600
1534876,20,2026-08-27,1381,23600
1541487,29,2026-08-21,2399,20000
1541487,29,2026-08-30,2481,20000
1541487,30,2026-08-21,2399,20000
1541487,30,2026-08-30,2481,20000
1541487,31,2026-08-21,2399,20000
1541487,31,2026-08-30,2481,20000
1541487,32,2026-08-21,2537,20000
1541487,32,2026-08-30,2619,20000
1541487,33,2026-08-21,2537,20000
1541487,33,2026-08-30,2619,20000
1541487,34,2026-08-21,2537,20000
1541487,34,2026-08-30,2619,20000
1541487,35,2026-11-19,2840,20000
1541487,36,2026-11-19,2840,20000
1541487,57,2026-08-21,2399,20000
1541487,57,2026-08-30,2481,20000
1552629,23,2026-08-27,2614,23600
1552629,24,2026-08-27,2614,23600
1552629,29,2026-08-27,2614,23600
1552629,30,2026-08-27,2614,23600
1552629,31,2026-08-27,2614,23600
1552629,40,2026-08-27,2614,23600
1552629,57,2026-08-27,2614,23600
1558817,21,2026-08-27,1786,23600
1558817,22,2026-08-27,1786,23600
1558817,39,2026-08-27,1786,23600
1558817,83,2026-08-27,1786,23600
1593382,21,2026-08-27,1594,20000
1593382,22,2026-08-27,1594,20000
1593382,39,2026-08-27,1594,20000
1595502,35,2026-11-19,2495,23600
1595502,36,2026-11-19,2495,23600
1597934,19,2026-08-27,1511,23600
1597934,20,2026-08-27,1511,23600
1597934,21,2026-08-27,1511,23600
1597934,22,2026-08-27,1511,23600
1597934,39,2026-08-27,1511,23600
1597934,83,2026-08-27,1511,23600
1598533,21,2026-08-21,1505,23600
1598533,21,2026-08-22,1505,23600
1598533,21,2026-08-23,1505,23600
1598533,21,2026-08-24,1505,23600
1598533,21,2026-08-25,1516,23600
1598533,21,2026-08-26,1505,23600
1598533,22,2026-08-21,1505,23600
1598533,22,2026-08-22,1505,23600
1598533,22,2026-08-23,1505,23600
1598533,22,2026-08-24,1505,23600
1598533,22,2026-08-25,1516,23600
1598533,22,2026-08-26,1505,23600
1598533,23,2026-08-21,1574,23600
1598533,23,2026-08-22,1574,23600
1598533,23,2026-08-23,1574,23600
1598533,23,2026-08-24,1574,23600
1598533,23,2026-08-25,1585,23600
1598533,23,2026-08-26,1574,23600
1598533,24,2026-08-21,1574,23600
1598533,24,2026-08-22,1574,23600
1598533,24,2026-08-23,1574,23600
1598533,24,2026-08-24,1574,23600
1598533,24,2026-08-25,1585,23600
1598533,24,2026-08-26,1574,23600
1598533,39,2026-08-21,1505,23600
1598533,39,2026-08-22,1505,23600
1598533,39,2026-08-23,1505,23600
1598533,39,2026-08-24,1505,23600
1598533,39,2026-08-25,1516,23600
1598533,39,2026-08-26,1505,23600
1598533,42,2026-08-27,3376,23600
1598533,43,2026-08-27,3376,23600
1608379,27,2026-11-19,4294,23600
1608379,28,2026-11-19,4294,23600
1618342,23,2026-08-27,1517,20000
1618342,24,2026-08-27,1517,20000
1618342,40,2026-08-27,1517,20000
1619452,27,2026-08-27,1924,23600
1619452,28,2026-08-27,1924,23600
1619637,16,2026-08-22,1275,23600
1675415,17,2026-08-21,3809,20000
1675415,17,2026-08-22,3809,20000
1675415,18,2026-08-21,3809,20000
1675415,18,2026-08-22,3809,20000
1675415,19,2026-08-21,3809,20000
1675415,19,2026-08-22,3809,20000
1675415,20,2026-08-21,3809,20000
1675415,20,2026-08-22,3809,20000
1675415,50,2026-08-21,3809,20000
1675415,50,2026-08-22,3809,20000
1675415,51,2026-08-21,3809,20000
1675415,51,2026-08-22,3809,20000
1675415,87,2026-08-21,3809,20000
1675415,87,2026-08-22,3809,20000
1702720,35,2026-09-04,3368,23600
1702720,35,2026-11-19,3368,23600
1702720,36,2026-09-04,3368,23600
1702720,36,2026-11-19,3368,23600
1759184,15,2026-08-27,1412,23600
1759184,16,2026-08-27,1464,23600
1759184,17,2026-08-26,1598,23600
1759184,18,2026-08-26,1598,23600
1759184,38,2026-08-27,1412,23600
1759184,50,2026-08-26,1598,23600
1759184,87,2026-08-26,1598,23600
1766640,21,2026-08-28,1532,23600
1766640,22,2026-08-28,1532,23600
1766640,23,2026-08-28,1532,23600
1766640,24,2026-08-28,1532,23600
1766640,39,2026-08-28,1532,23600
1766640,40,2026-08-28,1532,23600
1766640,45,2026-08-28,1532,23600
1766640,46,2026-08-28,1532,23600
1766640,83,2026-08-28,1532,23600
1767649,17,2026-08-23,1288,23600
1767649,18,2026-08-23,1288,23600
1767649,19,2026-08-23,1288,23600
1767649,20,2026-08-23,1288,23600
1767649,27,2026-08-24,2270,23600
1767649,28,2026-08-24,2270,23600
1767649,35,2026-08-26,4521,23600
1767649,36,2026-08-26,4521,23600
1767649,50,2026-08-23,1288,23600
1869742,17,2026-08-27,2269,23600
1869742,18,2026-08-27,2269,23600
1869742,50,2026-08-27,2269,23600
2010412,17,2026-09-04,1261,23600
2010412,18,2026-09-04,1261,23600
2010412,50,2026-09-04,1261,23600
2010498,15,2026-08-21,1611,23600
2010498,15,2026-08-22,1597,23600
2010498,15,2026-08-23,1597,23600
2010498,16,2026-08-22,1700,23600
2010498,16,2026-08-23,1700,23600
2010498,17,2026-08-26,2221,23600
2010498,18,2026-08-26,2221,23600
2010498,38,2026-08-21,1611,23600
2010498,38,2026-08-22,1597,23600
2010498,38,2026-08-23,1597,23600
2010498,50,2026-08-26,2221,23600
2010531,25,2026-08-26,1509,23600
2010531,26,2026-08-26,1509,23600
2012398,17,2026-08-27,1261,23600
2012398,18,2026-08-27,1261,23600
2012398,19,2026-08-27,1330,23600
2012398,20,2026-08-27,1330,23600
2012398,50,2026-08-27,1261,23600
2014478,19,2026-08-27,1151,27848
2014478,20,2026-08-27,1151,27848
2014856,16,2026-08-27,1086,23600
2014883,19,2026-09-02,1725,23600
2014883,19,2026-11-19,1725,23600
2014883,20,2026-09-02,1725,23600
2014883,20,2026-11-19,1725,23600
2015941,25,2026-09-05,1857,23600
2015941,26,2026-09-05,1857,23600
2018414,25,2026-09-02,2840,23600
2018414,26,2026-09-02,2840,23600
2024299,35,2026-08-23,2500,23600
2024299,35,2026-08-23,2500,23600
2024299,36,2026-08-23,2500,23600
2024299,36,2026-08-23,2500,23600
2024299,37,2026-08-23,2500,23600
2024299,42,2026-08-24,2815,23600
2024299,42,2026-08-24,2815,23600
2024299,42,2026-08-25,2815,23600
2024299,42,2026-08-25,2815,23600
2024299,42,2026-08-26,2827,23600
2024299,42,2026-08-26,2827,23600
2024299,43,2026-08-24,2815,23600
2024299,43,2026-08-24,2815,23600
2024299,43,2026-08-25,2815,23600
2024299,43,2026-08-25,2815,23600
2024299,43,2026-08-26,2827,23600
2024299,43,2026-08-26,2827,23600
2024354,21,2026-08-27,2037,23600
2024354,22,2026-08-27,2037,23600
2024354,39,2026-08-27,2037,23600
2024867,23,2026-08-27,3277,23600
2024867,24,2026-08-27,3277,23600
2024867,32,2026-08-27,3415,23600
2024867,33,2026-08-27,3415,23600
2024867,34,2026-08-27,3415,23600
2024867,40,2026-08-27,3277,23600
2025497,21,2026-09-04,1526,23600
2025497,22,2026-09-04,1526,23600
2025497,27,2026-08-28,2078,23600
2025497,27,2026-08-29,2078,23600
2025497,28,2026-08-28,2078,23600
2025497,28,2026-08-29,2078,23600
2025497,39,2026-09-04,1526,23600
2025497,83,2026-09-04,1526,23600
2026607,23,2026-11-19,1919,20000
2026607,24,2026-11-19,1919,20000
2026607,29,2026-11-19,1919,20000
2026607,30,2026-11-19,1919,20000
2026607,31,2026-11-19,1919,20000
2026607,40,2026-11-19,1919,20000
2026607,57,2026-11-19,1919,20000
2026607,89,2026-11-19,1919,20000
2033589,21,2027-08-21,2667,23600
2033589,22,2027-08-21,2667,23600
2033589,23,2027-08-21,2805,23600
2033589,24,2027-08-21,2805,23600
2033589,29,2026-09-11,3597,23600
2033589,29,2026-09-18,3606,23600
2033589,29,2026-09-19,3606,23600
2033589,30,2026-09-11,3597,23600
2033589,30,2026-09-18,3606,23600
2033589,30,2026-09-19,3606,23600
2033589,31,2026-09-11,3597,23600
2033589,31,2026-09-18,3606,23600
2033589,31,2026-09-19,3606,23600
2033589,32,2026-08-28,3743,23600
2033589,32,2026-08-29,3743,23600
2033589,32,2026-08-30,3743,23600
2033589,32,2026-08-31,3743,23600
2033589,32,2026-09-11,3770,23600
2033589,32,2026-09-25,3743,23600
2033589,32,2026-09-26,3743,23600
2033589,33,2026-08-28,3743,23600
2033589,33,2026-08-29,3743,23600
2033589,33,2026-08-30,3743,23600
2033589,33,2026-08-31,3743,23600
2033589,33,2026-09-11,3770,23600
2033589,33,2026-09-25,3743,23600
2033589,33,2026-09-26,3743,23600
2033589,34,2026-08-28,3743,23600
2033589,34,2026-08-29,3743,23600
2033589,34,2026-08-30,3743,23600
2033589,34,2026-08-31,3743,23600
2033589,34,2026-09-11,3770,23600
2033589,34,2026-09-25,3743,23600
2033589,34,2026-09-26,3743,23600
2033589,35,2026-08-28,4088,23600
2033589,35,2026-08-29,4088,23600
2033589,35,2026-08-30,4088,23600
2033589,35,2026-08-31,4088,23600
2033589,35,2026-09-01,4088,23600
2033589,35,2026-09-03,4088,23600
2033589,35,2026-09-07,4088,23600
2033589,35,2026-09-08,4088,23600
2033589,35,2026-09-09,4088,23600
2033589,35,2026-09-10,4088,23600
2033589,35,2026-09-15,4088,23600
2033589,35,2026-09-16,4088,23600
2033589,35,2026-09-17,4088,23600
2033589,35,2026-09-21,4088,23600
2033589,35,2026-09-22,4088,23600
2033589,35,2026-09-23,4088,23600
2033589,35,2026-09-25,4088,23600
2033589,35,2026-09-26,4088,23600
2033589,35,2026-09-27,4088,23600
2033589,35,2026-09-28,4088,23600
2033589,35,2026-09-29,4088,23600
2033589,35,2026-09-30,4088,23600
2033589,36,2026-08-28,4088,23600
2033589,36,2026-08-29,4088,23600
2033589,36,2026-08-30,4088,23600
2033589,36,2026-08-31,4088,23600
2033589,36,2026-09-01,4088,23600
2033589,36,2026-09-03,4088,23600
2033589,36,2026-09-07,4088,23600
2033589,36,2026-09-08,4088,23600
2033589,36,2026-09-09,4088,23600
2033589,36,2026-09-10,4088,23600
2033589,36,2026-09-15,4088,23600
2033589,36,2026-09-16,4088,23600
2033589,36,2026-09-17,4088,23600
2033589,36,2026-09-21,4088,23600
2033589,36,2026-09-22,4088,23600
2033589,36,2026-09-23,4088,23600
2033589,36,2026-09-25,4088,23600
2033589,36,2026-09-26,4088,23600
2033589,36,2026-09-27,4088,23600
2033589,36,2026-09-28,4088,23600
2033589,36,2026-09-29,4088,23600
2033589,36,2026-09-30,4088,23600
2033589,39,2027-08-21,2667,23600
2033589,40,2027-08-21,2805,23600
2033589,57,2026-09-11,3597,23600
2033589,57,2026-09-18,3606,23600
2033589,57,2026-09-19,3606,23600
2033589,83,2027-08-21,2667,23600
2052672,19,2026-08-27,1616,23600
2052672,20,2026-08-27,1616,23600
2053245,23,2026-08-27,1403,23600
2053245,24,2026-08-27,1403,23600
2053245,40,2026-08-27,1403,23600
2055589,19,2026-08-27,1707,23600
2055589,20,2026-08-27,1707,23600
2055589,51,2026-08-27,1707,23600
2057538,19,2026-08-26,1789,23600
2057538,20,2026-08-26,1789,23600
2057538,21,2026-08-26,1789,23600
2057538,22,2026-08-26,1789,23600
2057538,39,2026-08-26,1789,23600
2057538,83,2026-08-26,1789,23600
2059540,23,2026-08-25,1676,23600
2059540,23,2026-08-26,1676,23600
2059540,24,2026-08-25,1676,23600
2059540,24,2026-08-26,1676,23600
2059541,17,2026-08-26,1922,27848
2059541,18,2026-08-26,1922,27848
2059541,19,2026-08-26,2129,27848
2059541,20,2026-08-26,2129,27848
2059541,29,2026-08-27,3422,27848
2059541,30,2026-08-27,3422,27848
2059541,31,2026-08-27,3422,27848
2059541,50,2026-08-26,1922,27848
2059541,57,2026-08-27,3422,27848
2065286,21,2026-08-26,1758,23600
2065286,22,2026-08-26,1758,23600
2065286,39,2026-08-26,1758,23600
2065286,83,2026-08-26,1758,23600
2065286,97,2026-08-26,1758,23600
2065763,102,2026-08-22,1546,32861
2065763,103,2026-08-22,1546,32861
2065763,104,2026-08-22,1546,32861
2065763,113,2026-08-22,1546,32861
2065763,25,2026-08-22,1546,32861
2065763,26,2026-08-22,1546,32861
2065763,55,2026-08-22,1546,32861
2065763,95,2026-08-22,1546,32861
2066561,29,2026-08-27,2207,27848
2066561,30,2026-08-27,2207,27848
2066561,31,2026-08-27,2207,27848
2066561,32,2026-08-27,2207,27848
2066561,33,2026-08-27,2207,27848
2066561,34,2026-08-27,2207,27848
2066561,42,2026-08-27,2207,27848
2066561,43,2026-08-27,2207,27848
2066561,47,2026-08-27,2207,27848
2066561,48,2026-08-27,2207,27848
2066561,57,2026-08-27,2207,27848
2071224,21,2026-08-30,1274,23600
2071224,22,2026-08-30,1274,23600
2071224,23,2026-08-30,1343,23600
2071224,24,2026-08-30,1343,23600
2071224,27,2026-08-28,1688,23600
2071224,27,2026-08-29,1688,23600
2071224,28,2026-08-28,1688,23600
2071224,28,2026-08-29,1688,23600
2071224,39,2026-08-30,1274,23600
2071224,40,2026-08-30,1343,23600
2071224,83,2026-08-30,1274,23600
2077421,17,2026-11-19,1305,23600
2077421,18,2026-11-19,1305,23600
2077421,19,2026-08-22,1048,23600
2077421,19,2026-08-23,1048,23600
2077421,19,2026-11-19,1374,23600
2077421,20,2026-08-22,1048,23600
2077421,20,2026-08-23,1048,23600
2077421,20,2026-11-19,1374,23600
2077421,50,2026-11-19,1305,23600
2079707,17,2026-08-26,1268,23600
2079707,18,2026-08-26,1268,23600
2079707,19,2026-08-26,1337,23600
2079707,20,2026-08-26,1337,23600
2079707,25,2026-08-26,1268,23600
2079707,26,2026-08-26,1268,23600
2079707,50,2026-08-26,1268,23600
2083696,25,2026-08-27,1531,23600
2083696,26,2026-08-27,1531,23600
2267797,27,2026-08-27,1989,23600
2267797,28,2026-08-27,1989,23600
3002526,19,2026-09-04,1104,23600
3002526,20,2026-09-04,1104,23600
3002526,51,2026-09-04,1104,23600
4138782,19,2026-08-27,1770,23600
4138782,21,2026-08-27,1839,23600
4138782,22,2026-08-27,1839,23600
4138782,39,2026-08-27,1839,23600
4138782,83,2026-08-27,1839,23600
4477291,16,2026-08-28,1254,20000
4477291,16,2026-08-29,1254,20000
4477291,16,2026-08-30,1254,20000
4477291,16,2026-08-31,1254,20000
4477291,16,2026-09-01,1254,20000
4477291,16,2026-09-02,1254,20000
4477291,16,2026-09-03,1254,20000
4477291,16,2026-09-07,1254,20000
4477291,16,2026-09-08,1254,20000
4477291,16,2026-09-09,1254,20000
4477291,16,2026-09-10,1254,20000
4477291,16,2026-09-15,1254,20000
4477291,16,2026-09-16,1254,20000
4477291,16,2026-09-17,1254,20000
4477291,16,2026-09-20,1254,20000
4477291,16,2026-09-21,1254,20000
4477291,16,2026-09-22,1254,20000
4477291,16,2026-09-23,1254,20000
4477291,16,2026-09-24,1254,20000
4477291,16,2026-09-27,1254,20000
4477291,16,2026-09-28,1254,20000
4477291,16,2026-09-29,1254,20000
4477291,16,2026-09-30,1254,20000
4477291,16,2026-11-01,1254,20000
4477291,16,2026-11-02,1254,20000
4477291,16,2026-11-03,1254,20000
4477291,16,2026-11-04,1254,20000
4477291,16,2026-11-05,1254,20000
4477291,16,2026-11-11,1254,20000
4477291,16,2026-11-12,1254,20000
4477291,16,2026-11-17,1254,20000
4477291,16,2026-11-18,1254,20000
4477291,16,2026-11-19,1254,20000
4477291,52,2026-08-28,1254,20000
4477291,52,2026-08-29,1254,20000
4477291,52,2026-08-30,1254,20000
4477291,52,2026-08-31,1254,20000
4477291,52,2026-09-01,1254,20000
4477291,52,2026-09-02,1254,20000
4477291,52,2026-09-03,1254,20000
4477291,52,2026-09-07,1254,20000
4477291,52,2026-09-08,1254,20000
4477291,52,2026-09-09,1254,20000
4477291,52,2026-09-10,1254,20000
4477291,52,2026-09-15,1254,20000
4477291,52,2026-09-16,1254,20000
4477291,52,2026-09-17,1254,20000
4477291,52,2026-09-20,1254,20000
4477291,52,2026-09-21,1254,20000
4477291,52,2026-09-22,1254,20000
4477291,52,2026-09-23,1254,20000
4477291,52,2026-09-24,1254,20000
4477291,52,2026-09-27,1254,20000
4477291,52,2026-09-28,1254,20000
4477291,52,2026-09-29,1254,20000
4477291,52,2026-09-30,1254,20000
4477291,52,2026-11-01,1254,20000
4477291,52,2026-11-02,1254,20000
4477291,52,2026-11-03,1254,20000
4477291,52,2026-11-04,1254,20000
4477291,52,2026-11-05,1254,20000
4477291,52,2026-11-11,1254,20000
4477291,52,2026-11-12,1254,20000
4477291,52,2026-11-17,1254,20000
4477291,52,2026-11-18,1254,20000
4477291,52,2026-11-19,1254,20000
5000022,17,2026-11-19,1688,20000
5000022,18,2026-11-19,1688,20000
5000022,50,2026-11-19,1688,20000
9772256,17,2026-10-20,4209,23600
9772256,18,2026-10-20,4209,23600
9772256,19,2026-10-20,4209,23600
9772256,20,2026-10-20,4209,23600
9772256,21,2026-10-06,2737,23600
9772256,21,2026-10-07,2737,23600
9772256,21,2026-10-08,2737,23600
9772256,21,2026-10-27,2694,23600
9772256,21,2026-10-28,2694,23600
9772256,21,2026-10-29,2694,23600
9772256,21,2026-11-01,2814,23600
9772256,21,2026-11-02,2814,23600
9772256,21,2026-11-03,2814,23600
9772256,21,2026-11-04,2814,23600
9772256,21,2026-11-05,2814,23600
9772256,21,2026-11-12,2814,23600
9772256,21,2026-11-18,2814,23600
9772256,22,2026-10-06,2737,23600
9772256,22,2026-10-07,2737,23600
9772256,22,2026-10-08,2737,23600
9772256,22,2026-10-27,2694,23600
9772256,22,2026-10-28,2694,23600
9772256,22,2026-10-29,2694,23600
9772256,22,2026-11-01,2814,23600
9772256,22,2026-11-02,2814,23600
9772256,22,2026-11-03,2814,23600
9772256,22,2026-11-04,2814,23600
9772256,22,2026-11-05,2814,23600
9772256,22,2026-11-12,2814,23600
9772256,22,2026-11-18,2814,23600
9772256,23,2026-10-06,2737,23600
9772256,23,2026-10-07,2737,23600
9772256,23,2026-10-08,2737,23600
9772256,23,2026-10-27,2694,23600
9772256,23,2026-10-28,2694,23600
9772256,23,2026-10-29,2694,23600
9772256,23,2026-11-01,2814,23600
9772256,23,2026-11-02,2814,23600
9772256,23,2026-11-03,2814,23600
9772256,23,2026-11-04,2814,23600
9772256,23,2026-11-05,2814,23600
9772256,23,2026-11-12,2814,23600
9772256,23,2026-11-18,2814,23600
9772256,24,2026-10-06,2737,23600
9772256,24,2026-10-07,2737,23600
9772256,24,2026-10-08,2737,23600
9772256,24,2026-10-27,2694,23600
9772256,24,2026-10-28,2694,23600
9772256,24,2026-10-29,2694,23600
9772256,24,2026-11-01,2814,23600
9772256,24,2026-11-02,2814,23600
9772256,24,2026-11-03,2814,23600
9772256,24,2026-11-04,2814,23600
9772256,24,2026-11-05,2814,23600
9772256,24,2026-11-12,2814,23600
9772256,24,2026-11-18,2814,23600
9772256,27,2026-10-26,4489,23600
9772256,27,2026-10-30,4793,23600
9772256,27,2026-10-31,4793,23600
9772256,27,2026-11-11,4489,23600
9772256,27,2026-11-17,4489,23600
9772256,28,2026-10-26,4489,23600
9772256,28,2026-10-30,4793,23600
9772256,28,2026-10-31,4793,23600
9772256,28,2026-11-11,4489,23600
9772256,28,2026-11-17,4489,23600
9772256,29,2026-11-01,4263,23600
9772256,29,2026-11-02,4263,23600
9772256,29,2026-11-03,4263,23600
9772256,29,2026-11-04,4263,23600
9772256,29,2026-11-05,4263,23600
9772256,29,2026-11-12,4263,23600
9772256,29,2026-11-18,4263,23600
9772256,30,2026-11-01,4263,23600
9772256,30,2026-11-02,4263,23600
9772256,30,2026-11-03,4263,23600
9772256,30,2026-11-04,4263,23600
9772256,30,2026-11-05,4263,23600
9772256,30,2026-11-12,4263,23600
9772256,30,2026-11-18,4263,23600
9772256,31,2026-11-01,4263,23600
9772256,31,2026-11-02,4263,23600
9772256,31,2026-11-03,4263,23600
9772256,31,2026-11-04,4263,23600
9772256,31,2026-11-05,4263,23600
9772256,31,2026-11-12,4263,23600
9772256,31,2026-11-18,4263,23600
9772256,32,2026-11-01,4263,23600
9772256,32,2026-11-02,4263,23600
9772256,32,2026-11-03,4263,23600
9772256,32,2026-11-04,4263,23600
9772256,32,2026-11-05,4263,23600
9772256,32,2026-11-12,4263,23600
9772256,32,2026-11-18,4263,23600
9772256,33,2026-11-01,4263,23600
9772256,33,2026-11-02,4263,23600
9772256,33,2026-11-03,4263,23600
9772256,33,2026-11-04,4263,23600
9772256,33,2026-11-05,4263,23600
9772256,33,2026-11-12,4263,23600
9772256,33,2026-11-18,4263,23600
9772256,34,2026-11-01,4263,23600
9772256,34,2026-11-02,4263,23600
9772256,34,2026-11-03,4263,23600
9772256,34,2026-11-04,4263,23600
9772256,34,2026-11-05,4263,23600
9772256,34,2026-11-12,4263,23600
9772256,34,2026-11-18,4263,23600
9772256,35,2026-10-26,5938,23600
9772256,35,2026-11-11,5938,23600
9772256,35,2026-11-17,5938,23600
9772256,36,2026-10-26,5938,23600
9772256,36,2026-11-11,5938,23600
9772256,36,2026-11-17,5938,23600
9772256,37,2026-10-26,5938,23600
9772256,37,2026-11-11,5938,23600
9772256,37,2026-11-17,5938,23600
9772256,39,2026-10-06,2737,23600
9772256,39,2026-10-07,2737,23600
9772256,39,2026-10-08,2737,23600
9772256,39,2026-10-27,2694,23600
9772256,39,2026-10-28,2694,23600
9772256,39,2026-10-29,2694,23600
9772256,39,2026-11-01,2814,23600
9772256,39,2026-11-02,2814,23600
9772256,39,2026-11-03,2814,23600
9772256,39,2026-11-04,2814,23600
9772256,39,2026-11-05,2814,23600
9772256,39,2026-11-12,2814,23600
9772256,39,2026-11-18,2814,23600
9772256,40,2026-10-06,2737,23600
9772256,40,2026-10-07,2737,23600
9772256,40,2026-10-08,2737,23600
9772256,40,2026-10-27,2694,23600
9772256,40,2026-10-28,2694,23600
9772256,40,2026-10-29,2694,23600
9772256,40,2026-11-01,2814,23600
9772256,40,2026-11-02,2814,23600
9772256,40,2026-11-03,2814,23600
9772256,40,2026-11-04,2814,23600
9772256,40,2026-11-05,2814,23600
9772256,40,2026-11-12,2814,23600
9772256,40,2026-11-18,2814,23600
9772256,50,2026-10-20,4209,23600
9772256,51,2026-10-20,4209,23600
9772256,57,2026-11-01,4263,23600
9772256,57,2026-11-02,4263,23600
9772256,57,2026-11-03,4263,23600
9772256,57,2026-11-04,4263,23600
9772256,57,2026-11-05,4263,23600
9772256,57,2026-11-12,4263,23600
9772256,57,2026-11-18,4263,23600
9772256,58,2026-11-01,4263,23600
9772256,58,2026-11-02,4263,23600
9772256,58,2026-11-03,4263,23600
9772256,58,2026-11-04,4263,23600
9772256,58,2026-11-05,4263,23600
9772256,58,2026-11-12,4263,23600
9772256,58,2026-11-18,4263,23600
9772256,83,2026-10-06,2737,23600
9772256,83,2026-10-07,2737,23600
9772256,83,2026-10-08,2737,23600
9772256,83,2026-10-27,2694,23600
9772256,83,2026-10-28,2694,23600
9772256,83,2026-10-29,2694,23600
9772256,83,2026-11-01,2814,23600
9772256,83,2026-11-02,2814,23600
9772256,83,2026-11-03,2814,23600
9772256,83,2026-11-04,2814,23600
9772256,83,2026-11-05,2814,23600
9772256,83,2026-11-12,2814,23600
9772256,83,2026-11-18,2814,23600
9772256,87,2026-10-20,4209,23600
9772256,89,2026-11-01,4263,23600
9772256,89,2026-11-02,4263,23600
9772256,89,2026-11-03,4263,23600
9772256,89,2026-11-04,4263,23600
9772256,89,2026-11-05,4263,23600
9772256,89,2026-11-12,4263,23600
9772256,89,2026-11-18,4263,23600
0003211,15,2026-08-21,1285,23600
0003211,15,2026-08-22,1281,23600
0003211,15,2026-08-23,1281,23600
0003211,15,2026-08-24,1280,23600
0003211,15,2026-08-25,1279,23600
0003211,16,2026-08-26,1382,23600
0003211,16,2026-08-27,1382,23600
0003211,38,2026-08-21,1285,23600
0003211,38,2026-08-22,1281,23600
0003211,38,2026-08-23,1281,23600
0003211,38,2026-08-24,1280,23600
0003211,38,2026-08-25,1279,23600
0045959,32,2026-08-26,1890,23600
0045959,33,2026-08-26,1890,23600
0045959,34,2026-08-26,1890,23600
0191524,27,2026-08-24,2663,23600
0191524,27,2026-08-25,2663,23600
0191524,27,2026-08-26,2663,23600
0191524,28,2026-08-24,2663,23600
0191524,28,2026-08-25,2663,23600
0191524,28,2026-08-26,2663,23600
0243252,21,2026-08-24,2320,23600
0243252,21,2026-08-24,2320,23600
0243252,21,2026-08-25,2320,23600
0243252,21,2026-08-25,2320,23600
0243252,22,2026-08-24,2320,23600
0243252,22,2026-08-24,2320,23600
0243252,22,2026-08-25,2320,23600
0243252,22,2026-08-25,2320,23600
0243252,39,2026-08-24,2320,23600
0243252,39,2026-08-25,2320,23600
0243252,83,2026-08-24,2320,23600
0243252,83,2026-08-25,2320,23600
0256107,25,2026-11-19,1702,23600
0256107,26,2026-11-19,1702,23600
0325023,21,2027-08-21,1746,23600
0325023,22,2027-08-21,1746,23600
0325023,39,2027-08-21,1746,23600
0325023,83,2027-08-21,1746,23600
0327829,23,2026-09-04,1283,23600
0327829,24,2026-09-04,1283,23600
0327829,27,2026-10-27,1554,23600
0327829,27,2026-10-28,1554,23600
0327829,27,2026-10-29,1554,23600
0327829,27,2026-10-30,1570,23600
0327829,27,2026-10-31,1570,23600
0327829,28,2026-10-27,1554,23600
0327829,28,2026-10-28,1554,23600
0327829,28,2026-10-29,1554,23600
0327829,28,2026-10-30,1570,23600
0327829,28,2026-10-31,1570,23600
0327829,40,2026-09-04,1283,23600
0395630,15,2026-08-24,1555,35400
0395630,15,2026-08-26,1546,35400
0395630,21,2026-08-23,2122,35400
0395630,22,2026-08-23,2122,35400
0395630,23,2026-08-23,2226,35400
0395630,23,2026-08-25,2213,35400
0395630,24,2026-08-23,2226,35400
0395630,24,2026-08-25,2213,35400
0395630,39,2026-08-23,2122,35400
0395630,40,2026-08-23,2226,35400
0395630,40,2026-08-25,2213,35400
0395630,83,2026-08-23,2122,35400
0472129,27,2026-10-27,2185,23600
0472129,27,2026-10-28,2185,23600
0472129,27,2026-10-29,2185,23600
0472129,28,2026-10-27,2185,23600
0472129,28,2026-10-28,2185,23600
0472129,28,2026-10-29,2185,23600
0472129,29,2026-11-19,2184,23600
0472129,29,2026-11-19,2184,23600
0472129,30,2026-11-19,2184,23600
0472129,30,2026-11-19,2184,23600
0472129,31,2026-11-19,2184,23600
0472129,57,2026-11-19,2184,23600
1043825,19,2026-08-23,1509,23600
1043825,19,2026-08-24,1509,23600
1043825,19,2026-08-26,1509,23600
1043825,19,2026-08-27,1509,23600
1043825,19,2026-08-30,1509,23600
1043825,19,2026-08-31,1509,23600
1043825,19,2026-09-02,1509,23600
1043825,19,2026-11-19,1509,23600
1043825,20,2026-08-23,1509,23600
1043825,20,2026-08-24,1509,23600
1043825,20,2026-08-26,1509,23600
1043825,20,2026-08-27,1509,23600
1043825,20,2026-08-30,1509,23600
1043825,20,2026-08-31,1509,23600
1043825,20,2026-09-02,1509,23600
1043825,20,2026-11-19,1509,23600
1043825,21,2026-09-04,1854,23600
1043825,22,2026-09-04,1854,23600
1043825,27,2026-08-28,2268,23600
1043825,27,2026-08-29,2268,23600
1043825,28,2026-08-28,2268,23600
1043825,28,2026-08-29,2268,23600
1043825,29,2026-08-28,2199,23600
1043825,29,2026-08-29,2199,23600
1043825,30,2026-08-28,2199,23600
1043825,30,2026-08-29,2199,23600
1043825,31,2026-08-28,2199,23600
1043825,31,2026-08-29,2199,23600
1043825,32,2026-08-28,2199,23600
1043825,32,2026-08-29,2199,23600
1043825,33,2026-08-28,2199,23600
1043825,33,2026-08-29,2199,23600
1043825,34,2026-08-28,2199,23600
1043825,34,2026-08-29,2199,23600
1043825,39,2026-09-04,1854,23600
1043825,57,2026-08-28,2199,23600
1043825,57,2026-08-29,2199,23600
1043825,83,2026-09-04,1854,23600
1075048,21,2026-08-23,1263,23600
1075048,22,2026-08-23,1263,23600
1075048,23,2026-08-24,1373,23600
1075048,23,2026-08-27,1377,23600
1075048,23,2026-09-02,1581,23600
1075048,23,2026-09-04,1581,23600
1075048,23,2026-11-19,1581,23600
1075048,24,2026-08-24,1373,23600
1075048,24,2026-08-27,1377,23600
1075048,24,2026-09-02,1581,23600
1075048,24,2026-09-04,1581,23600
1075048,24,2026-11-19,1581,23600
1075048,29,2026-08-21,1496,23600
1075048,29,2026-08-22,1496,23600
1075048,29,2026-08-24,1511,23600
1075048,29,2026-08-25,1496,23600
1075048,29,2026-08-26,1496,23600
1075048,30,2026-08-21,1496,23600
1075048,30,2026-08-22,1496,23600
1075048,30,2026-08-24,1511,23600
1075048,30,2026-08-25,1496,23600
1075048,30,2026-08-26,1496,23600
1075048,31,2026-08-21,1496,23600
1075048,31,2026-08-22,1496,23600
1075048,31,2026-08-24,1511,23600
1075048,31,2026-08-25,1496,23600
1075048,31,2026-08-26,1496,23600
1075048,39,2026-08-23,1263,23600
1075048,40,2026-08-24,1373,23600
1075048,40,2026-08-27,1377,23600
1075048,40,2026-09-02,1581,23600
1075048,40,2026-09-04,1581,23600
1075048,40,2026-11-19,1581,23600
1075048,57,2026-08-21,1496,23600
1075048,57,2026-08-22,1496,23600
1075048,57,2026-08-24,1511,23600
1075048,57,2026-08-25,1496,23600
1075048,57,2026-08-26,1496,23600
1075048,83,2026-08-23,1263,23600
1125927,24179,2026-08-28,1428,23600
1125927,29,2026-08-28,1428,23600
1125927,30,2026-08-28,1428,23600
1125927,31,2026-08-28,1428,23600
1125927,32,2026-08-28,1428,23600
1125927,33,2026-08-28,1428,23600
1125927,34,2026-08-28,1428,23600
1125927,35,2026-09-06,1984,23600
1125927,35,2026-09-13,1984,23600
1125927,35,2026-10-30,1722,23600
1125927,35,2026-10-31,1722,23600
1125927,35,2026-11-01,1722,23600
1125927,35,2026-11-02,1722,23600
1125927,35,2026-11-03,1722,23600
1125927,35,2026-11-04,1722,23600
1125927,35,2026-11-05,1722,23600
1125927,35,2026-11-12,1722,23600
1125927,35,2026-11-18,1722,23600
1125927,36,2026-09-06,1984,23600
1125927,36,2026-09-13,1984,23600
1125927,36,2026-10-30,1722,23600
1125927,36,2026-10-31,1722,23600
1125927,36,2026-11-01,1722,23600
1125927,36,2026-11-02,1722,23600
1125927,36,2026-11-03,1722,23600
1125927,36,2026-11-04,1722,23600
1125927,36,2026-11-05,1722,23600
1125927,36,2026-11-12,1722,23600
1125927,36,2026-11-18,1722,23600
1125927,37,2026-09-06,1984,23600
1125927,37,2026-09-13,1984,23600
1125927,37,2026-10-30,1722,23600
1125927,37,2026-10-31,1722,23600
1125927,37,2026-11-01,1722,23600
1125927,37,2026-11-02,1722,23600
1125927,37,2026-11-03,1722,23600
1125927,37,2026-11-04,1722,23600
1125927,37,2026-11-05,1722,23600
1125927,37,2026-11-12,1722,23600
1125927,37,2026-11-18,1722,23600
1125927,57,2026-08-28,1428,23600
1125927,58,2026-08-28,1428,23600
1125927,59,2026-09-06,1984,23600
1125927,59,2026-09-13,1984,23600
1125927,59,2026-10-30,1722,23600
1125927,59,2026-10-31,1722,23600
1125927,59,2026-11-01,1722,23600
1125927,59,2026-11-02,1722,23600
1125927,59,2026-11-03,1722,23600
1125927,59,2026-11-04,1722,23600
1125927,59,2026-11-05,1722,23600
1125927,59,2026-11-12,1722,23600
1125927,59,2026-11-18,1722,23600
1125927,89,2026-08-28,1428,23600
1125927,90,2026-08-28,1428,23600
1127927,35,2026-08-26,2312,23600
1127927,35,2026-08-27,2328,23600
1127927,36,2026-08-26,2312,23600
1127927,36,2026-08-27,2328,23600
1131768,17,2026-08-27,1371,23600
1131768,18,2026-08-27,1371,23600
1131768,50,2026-08-27,1371,23600
1136669,27,2026-11-19,2429,23600
1136669,28,2026-11-19,2429,23600
1165642,27,2026-08-26,2369,23600
1165642,27,2026-08-27,2364,23600
1165642,28,2026-08-26,2369,23600
1165642,28,2026-08-27,2364,23600
1165837,45,2026-09-04,2614,23600
1165837,46,2026-09-04,2614,23600
1166122,29,2026-08-25,1962,23600
1166122,30,2026-08-25,1962,23600
1166122,31,2026-08-25,1962,23600
1166122,32,2026-08-25,1962,23600
1166122,33,2026-08-25,1962,23600
1166122,34,2026-08-25,1962,23600
1166122,57,2026-08-25,1962,23600
1168316,17,2026-11-19,1714,23600
1168316,18,2026-11-19,1714,23600
1168316,50,2026-11-19,1714,23600
1168316,87,2026-11-19,1714,23600
1176148,17,2026-08-27,1024,23600
1176148,18,2026-08-27,1024,23600
1176148,19,2026-08-27,1024,23600
1176148,20,2026-08-27,1024,23600
1176148,50,2026-08-27,1024,23600
1193381,29,2026-11-19,4298,23600
1193381,30,2026-11-19,4298,23600
1193381,31,2026-11-19,4298,23600
1193381,32,2026-11-19,4298,23600
1193381,33,2026-11-19,4298,23600
1193381,34,2026-11-19,4298,23600
1193381,57,2026-11-19,4298,23600
1197734,17,2026-08-23,1881,23600
1197734,18,2026-08-23,1881,23600
1197734,19,2026-08-23,1881,23600
1197734,20,2026-08-23,1881,23600
1197734,50,2026-08-23,1881,23600
1203621,25,2026-08-27,1480,23600
1203621,26,2026-08-27,1480,23600
1203621,27,2026-11-19,2040,23600
1203621,28,2026-11-19,2040,23600
1212380,23,2026-10-20,1952,20000
1212380,23,2026-10-22,1952,20000
1212380,23,2026-10-23,1952,20000
1212380,23,2026-10-24,1952,20000
1212380,23,2026-10-26,1952,20000
1212380,23,2026-10-27,1952,20000
1212380,23,2026-10-28,1952,20000
1212380,23,2026-10-29,1952,20000
1212380,23,2026-10-30,1952,20000
1212380,23,2026-10-31,1952,20000
1212380,23,2026-11-01,1952,20000
1212380,23,2026-11-02,1952,20000
1212380,23,2026-11-03,1952,20000
1212380,23,2026-11-04,1952,20000
1212380,23,2026-11-05,1952,20000
1212380,23,2026-11-06,1952,20000
1212380,23,2026-11-07,1952,20000
1212380,23,2026-11-08,1952,20000
1212380,23,2026-11-09,1952,20000
1212380,23,2026-11-10,1952,20000
1212380,23,2026-11-11,1952,20000
1212380,23,2026-11-12,1952,20000
1212380,23,2026-11-13,1952,20000
1212380,23,2026-11-14,1952,20000
1212380,23,2026-11-15,1952,20000
1212380,23,2026-11-16,1952,20000
1212380,23,2026-11-17,1952,20000
1212380,23,2026-11-18,1952,20000
1212380,23,2026-11-19,1952,20000
1212380,24,2026-10-20,1952,20000
1212380,24,2026-10-22,1952,20000
1212380,24,2026-10-23,1952,20000
1212380,24,2026-10-24,1952,20000
1212380,24,2026-10-26,1952,20000
1212380,24,2026-10-27,1952,20000
1212380,24,2026-10-28,1952,20000
1212380,24,2026-10-29,1952,20000
1212380,24,2026-10-30,1952,20000
1212380,24,2026-10-31,1952,20000
1212380,24,2026-11-01,1952,20000
1212380,24,2026-11-02,1952,20000
1212380,24,2026-11-03,1952,20000
1212380,24,2026-11-04,1952,20000
1212380,24,2026-11-05,1952,20000
1212380,24,2026-11-06,1952,20000
1212380,24,2026-11-07,1952,20000
1212380,24,2026-11-08,1952,20000
1212380,24,2026-11-09,1952,20000
1212380,24,2026-11-10,1952,20000
1212380,24,2026-11-11,1952,20000
1212380,24,2026-11-12,1952,20000
1212380,24,2026-11-13,1952,20000
1212380,24,2026-11-14,1952,20000
1212380,24,2026-11-15,1952,20000
1212380,24,2026-11-16,1952,20000
1212380,24,2026-11-17,1952,20000
1212380,24,2026-11-18,1952,20000
1212380,24,2026-11-19,1952,20000
1212380,40,2026-10-20,1952,20000
1212380,40,2026-10-22,1952,20000
1212380,40,2026-10-23,1952,20000
1212380,40,2026-10-24,1952,20000
1212380,40,2026-10-26,1952,20000
1212380,40,2026-10-27,1952,20000
1212380,40,2026-10-28,1952,20000
1212380,40,2026-10-29,1952,20000
1212380,40,2026-10-30,1952,20000
1212380,40,2026-10-31,1952,20000
1212380,40,2026-11-01,1952,20000
1212380,40,2026-11-02,1952,20000
1212380,40,2026-11-03,1952,20000
1212380,40,2026-11-04,1952,20000
1212380,40,2026-11-05,1952,20000
1212380,40,2026-11-06,1952,20000
1212380,40,2026-11-07,1952,20000
1212380,40,2026-11-08,1952,20000
1212380,40,2026-11-09,1952,20000
1212380,40,2026-11-10,1952,20000
1212380,40,2026-11-11,1952,20000
1212380,40,2026-11-12,1952,20000
1212380,40,2026-11-13,1952,20000
1212380,40,2026-11-14,1952,20000
1212380,40,2026-11-15,1952,20000
1212380,40,2026-11-16,1952,20000
1212380,40,2026-11-17,1952,20000
1212380,40,2026-11-18,1952,20000
1212380,40,2026-11-19,1952,20000
1212547,27,2026-08-27,3175,23600
1212547,28,2026-08-27,3175,23600
1213613,23,2027-08-21,2906,23600
1213613,24,2027-08-21,2906,23600
1213613,40,2027-08-21,2906,23600
1217501,17,2026-08-26,1992,27848
1217501,18,2026-08-26,1992,27848
1217501,19,2026-08-26,2026,27848
1217501,20,2026-08-26,2026,27848
1217501,50,2026-08-26,1992,27848
1217501,51,2026-08-26,2026,27848
1217501,87,2026-08-26,1992,27848
1218072,19,2026-08-27,2857,23600
1218072,20,2026-08-27,2857,23600
1218072,51,2026-08-27,2857,23600
1229511,17,2026-08-26,1032,23600
1229511,18,2026-08-26,1032,23600
1229511,19,2026-08-24,1117,23600
1229511,20,2026-08-24,1117,23600
1229511,23,2026-08-21,1416,23600
1229511,24,2026-08-21,1416,23600
1229511,27,2026-08-26,1963,23600
1229511,28,2026-08-26,1963,23600
1229511,40,2026-08-21,1416,23600
1229511,41,2026-08-26,1963,23600
1229511,50,2026-08-26,1032,23600
1229511,51,2026-08-24,1117,23600
1229511,84,2026-08-21,1416,23600
1229511,87,2026-08-26,1032,23600
1241638,25,2026-08-30,2904,23600
1241638,26,2026-08-30,2904,23600
1253600,19,2026-09-04,1655,23600
1253600,20,2026-09-04,1655,23600
1253600,21,2026-08-28,1828,23600
1253600,21,2026-08-29,1828,23600
1253600,22,2026-08-28,1828,23600
1253600,22,2026-08-29,1828,23600
1253600,39,2026-08-28,1828,23600
1253600,39,2026-08-29,1828,23600
1253706,17,2026-09-04,1428,23600
1253706,18,2026-09-04,1428,23600
1253706,29,2026-08-28,2968,23600
1253706,30,2026-08-28,2968,23600
1253706,31,2026-08-28,2968,23600
1253706,32,2026-08-28,3141,23600
1253706,32,2026-08-29,3119,23600
1253706,33,2026-08-28,3141,23600
1253706,33,2026-08-29,3119,23600
1253706,34,2026-08-28,3141,23600
1253706,34,2026-08-29,3119,23600
1253706,50,2026-09-04,1428,23600
1253706,57,2026-08-28,2968,23600
1256474,29,2026-08-29,1784,23600
1256474,30,2026-08-29,1784,23600
1256474,31,2026-08-29,1784,23600
1256474,57,2026-08-29,1784,23600
1257158,17,2026-09-04,1380,23600
1257158,18,2026-09-04,1380,23600
1257158,25,2026-08-27,1209,23600
1257158,26,2026-08-27,1209,23600
1257158,27,2026-08-21,2287,23600
1257158,28,2026-08-21,2287,23600
1257158,50,2026-09-04,1380,23600
1257158,87,2026-09-04,1380,23600
1259110,17,2026-08-21,1611,23600
1259110,18,2026-08-21,1611,23600
1259110,19,2026-08-21,1680,23600
1259110,20,2026-08-21,1680,23600
1259110,50,2026-08-21,1611,23600
1263729,19,2026-08-27,1185,20000
1263729,20,2026-08-27,1185,20000
1265433,17,2026-08-26,1598,23600
1265433,17,2026-08-27,1598,23600
1265433,18,2026-08-26,1598,23600
1265433,18,2026-08-27,1598,23600
1269686,19,2026-08-27,1519,23600
1269686,20,2026-08-27,1519,23600
1314078,16,2026-09-11,1665,23600
1314078,16,2026-09-18,1665,23600
1314078,16,2026-09-19,1665,23600
1314078,17,2026-08-21,1764,23600
1314078,17,2026-08-22,1761,23600
1314078,17,2026-08-23,1762,23600
1314078,17,2026-08-24,1761,23600
1314078,17,2026-08-25,1760,23600
1314078,17,2026-08-26,1760,23600
1314078,17,2026-08-27,1760,23600
1314078,17,2026-08-28,1760,23600
1314078,17,2026-08-29,1760,23600
1314078,17,2026-08-30,1760,23600
1314078,17,2026-08-31,1760,23600
1314078,17,2026-09-01,1760,23600
1314078,17,2026-09-09,1760,23600
1314078,17,2026-09-10,1760,23600
1314078,17,2026-09-16,1760,23600
1314078,17,2026-09-17,1760,23600
1314078,17,2026-10-06,1760,23600
1314078,17,2026-10-07,1760,23600
1314078,17,2026-10-08,1760,23600
1314078,18,2026-08-21,1764,23600
1314078,18,2026-08-22,1761,23600
1314078,18,2026-08-23,1762,23600
1314078,18,2026-08-24,1761,23600
1314078,18,2026-08-25,1760,23600
1314078,18,2026-08-26,1760,23600
1314078,18,2026-08-27,1760,23600
1314078,18,2026-08-28,1760,23600
1314078,18,2026-08-29,1760,23600
1314078,18,2026-08-30,1760,23600
1314078,18,2026-08-31,1760,23600
1314078,18,2026-09-01,1760,23600
1314078,18,2026-09-09,1760,23600
1314078,18,2026-09-10,1760,23600
1314078,18,2026-09-16,1760,23600
1314078,18,2026-09-17,1760,23600
1314078,18,2026-10-06,1760,23600
1314078,18,2026-10-07,1760,23600
1314078,18,2026-10-08,1760,23600
1314078,19,2026-08-22,1864,23600
1314078,19,2026-08-23,1865,23600
1314078,19,2026-08-24,1864,23600
1314078,19,2026-08-25,1863,23600
1314078,19,2026-08-26,1863,23600
1314078,19,2026-08-27,1863,23600
1314078,19,2026-08-28,1863,23600
1314078,19,2026-08-29,1863,23600
1314078,19,2026-08-30,1863,23600
1314078,19,2026-08-31,1863,23600
1314078,19,2026-09-01,1863,23600
1314078,19,2026-09-09,1863,23600
1314078,19,2026-09-10,1863,23600
1314078,19,2026-09-16,1863,23600
1314078,19,2026-09-17,1863,23600
1314078,19,2026-10-06,1863,23600
1314078,19,2026-10-07,1863,23600
1314078,19,2026-10-08,1863,23600
1314078,20,2026-08-22,1864,23600
1314078,20,2026-08-23,1865,23600
1314078,20,2026-08-24,1864,23600
1314078,20,2026-08-25,1863,23600
1314078,20,2026-08-26,1863,23600
1314078,20,2026-08-27,1863,23600
1314078,20,2026-08-28,1863,23600
1314078,20,2026-08-29,1863,23600
1314078,20,2026-08-30,1863,23600
1314078,20,2026-08-31,1863,23600
1314078,20,2026-09-01,1863,23600
1314078,20,2026-09-09,1863,23600
1314078,20,2026-09-10,1863,23600
1314078,20,2026-09-16,1863,23600
1314078,20,2026-09-17,1863,23600
1314078,20,2026-10-06,1863,23600
1314078,20,2026-10-07,1863,23600
1314078,20,2026-10-08,1863,23600
1314078,50,2026-08-21,1764,23600
1314078,50,2026-08-22,1761,23600
1314078,50,2026-08-23,1762,23600
1314078,50,2026-08-24,1761,23600
1314078,50,2026-08-25,1760,23600
1314078,50,2026-08-26,1760,23600
1314078,50,2026-08-27,1760,23600
1314078,50,2026-08-28,1760,23600
1314078,50,2026-08-29,1760,23600
1314078,50,2026-08-30,1760,23600
1314078,50,2026-08-31,1760,23600
1314078,50,2026-09-01,1760,23600
1314078,50,2026-09-09,1760,23600
1314078,50,2026-09-10,1760,23600
1314078,50,2026-09-16,1760,23600
1314078,50,2026-09-17,1760,23600
1314078,50,2026-10-06,1760,23600
1314078,50,2026-10-07,1760,23600
1314078,50,2026-10-08,1760,23600
1314078,52,2026-09-11,1665,23600
1314078,52,2026-09-18,1665,23600
1314078,52,2026-09-19,1665,23600
1327100,17,2026-11-19,2568,23600
1327100,18,2026-11-19,2568,23600
1327100,19,2026-11-19,2672,23600
1327100,20,2026-11-19,2672,23600
1327100,50,2026-11-19,2568,23600
1362285,15,2026-08-24,1430,23600
1362285,15,2026-08-25,1430,23600
1362285,21,2026-08-26,1671,23600
1362285,22,2026-08-26,1671,23600
1362285,23,2026-08-26,1740,23600
1362285,24,2026-08-26,1740,23600
1362285,38,2026-08-24,1430,23600
1362285,38,2026-08-25,1430,23600
1362285,39,2026-08-26,1671,23600
1362285,40,2026-08-26,1740,23600
1362285,83,2026-08-26,1671,23600
1368078,19,2026-08-25,1775,23600
1368078,20,2026-08-25,1775,23600
1368078,21,2026-08-25,1899,23600
1368078,22,2026-08-25,1899,23600
1368078,23,2026-08-23,1997,23600
1368078,23,2026-08-24,1997,23600
1368078,24,2026-08-23,1997,23600
1368078,24,2026-08-24,1997,23600
1368078,27,2026-08-26,2573,23600
1368078,27,2026-08-27,2545,23600
1368078,28,2026-08-26,2573,23600
1368078,28,2026-08-27,2545,23600
1368078,39,2026-08-25,1899,23600
1368078,40,2026-08-23,1997,23600
1368078,40,2026-08-24,1997,23600
1368078,83,2026-08-25,1899,23600
1373375,23,2026-08-27,2406,23600
1373375,24,2026-08-27,2406,23600
1373375,40,2026-08-27,2406,23600
1379624,27,2027-08-21,3813,23600
1379624,28,2027-08-21,3813,23600
1386481,17,2026-08-27,1539,23600
1386481,18,2026-08-27,1539,23600
1386481,50,2026-08-27,1539,23600
1386481,87,2026-08-27,1539,23600
1386944,19,2026-08-28,1589,23600
1386944,19,2026-08-29,1589,23600
1386944,20,2026-08-28,1589,23600
1386944,20,2026-08-29,1589,23600
1386944,21,2026-08-28,1624,23600
1386944,21,2026-08-29,1624,23600
1386944,22,2026-08-28,1624,23600
1386944,22,2026-08-29,1624,23600
1386944,39,2026-08-28,1624,23600
1386944,39,2026-08-29,1624,23600
1386944,83,2026-08-28,1624,23600
1386944,83,2026-08-29,1624,23600
1395021,45,2026-08-24,2397,23600
1395021,45,2026-08-26,2447,23600
1395021,45,2026-08-27,2447,23600
1395021,46,2026-08-24,2397,23600
1395021,46,2026-08-26,2447,23600
1395021,46,2026-08-27,2447,23600
1396947,16,2026-08-24,2099,23600
1396947,17,2026-08-24,2133,23600
1396947,17,2026-11-19,2870,23600
1396947,18,2026-08-24,2133,23600
1396947,18,2026-11-19,2870,23600
1396947,19,2026-08-25,2320,23600
1396947,19,2026-08-26,2320,23600
1396947,20,2026-08-25,2320,23600
1396947,20,2026-08-26,2320,23600
1396947,21,2026-08-25,2251,23600
1396947,21,2026-08-26,2251,23600
1396947,22,2026-08-25,2251,23600
1396947,22,2026-08-26,2251,23600
1396947,39,2026-08-25,2251,23600
1396947,39,2026-08-26,2251,23600
1396947,50,2026-08-24,2133,23600
1396947,50,2026-11-19,2870,23600
1396947,51,2026-08-25,2320,23600
1396947,51,2026-08-26,2320,23600
1396947,52,2026-08-24,2099,23600
1396947,83,2026-08-25,2251,23600
1396947,83,2026-08-26,2251,23600
1396947,87,2026-08-24,2133,23600
1396947,87,2026-11-19,2870,23600
1405295,27,2026-08-22,1509,23600
1405295,27,2026-08-23,1509,23600
1405295,27,2026-08-24,1509,23600
1405295,27,2026-08-25,1509,23600
1405295,27,2026-08-26,1509,23600
1405295,28,2026-08-22,1509,23600
1405295,28,2026-08-23,1509,23600
1405295,28,2026-08-24,1509,23600
1405295,28,2026-08-25,1509,23600
1405295,28,2026-08-26,1509,23600
1411710,19,2026-08-27,1774,23600
1411710,20,2026-08-27,1774,23600
1423815,17,2026-08-22,1429,23600
1423815,17,2026-08-23,1426,23600
1423815,17,2026-08-24,1426,23600
1423815,17,2026-08-25,1426,23600
1423815,18,2026-08-22,1429,23600
1423815,18,2026-08-23,1426,23600
1423815,18,2026-08-24,1426,23600
1423815,18,2026-08-25,1426,23600
1423815,23,2026-08-26,1771,23600
1423815,24,2026-08-26,1771,23600
1423815,40,2026-08-26,1771,23600
1423815,50,2026-08-22,1429,23600
1423815,50,2026-08-23,1426,23600
1423815,50,2026-08-24,1426,23600
1423815,50,2026-08-25,1426,23600
1434999,27,2026-08-27,2574,23600
1434999,28,2026-08-27,2574,23600
1438370,21,2026-10-20,1530,23600
1438370,21,2026-10-21,1530,23600
1438370,21,2026-10-22,1530,23600
1438370,21,2026-10-23,1530,23600
1438370,21,2026-10-24,1530,23600
1438370,21,2026-10-26,1530,23600
1438370,21,2026-10-27,1530,23600
1438370,21,2026-10-28,1530,23600
1438370,21,2026-10-29,1530,23600
1438370,21,2026-10-30,1530,23600
1438370,21,2026-10-31,1530,23600
1438370,21,2026-11-01,1530,23600
1438370,21,2026-11-02,1530,23600
1438370,21,2026-11-03,1530,23600
1438370,21,2026-11-04,1530,23600
1438370,21,2026-11-05,1530,23600
1438370,21,2026-11-06,1530,23600
1438370,21,2026-11-07,1530,23600
1438370,21,2026-11-08,1530,23600
1438370,21,2026-11-09,1530,23600
1438370,21,2026-11-10,1530,23600
1438370,21,2026-11-11,1530,23600
1438370,21,2026-11-12,1530,23600
1438370,21,2026-11-13,1530,23600
1438370,21,2026-11-14,1530,23600
1438370,21,2026-11-15,1530,23600
1438370,21,2026-11-16,1530,23600
1438370,21,2026-11-17,1530,23600
1438370,21,2026-11-18,1530,23600
1438370,21,2026-11-19,1530,23600
1438370,22,2026-10-20,1530,23600
1438370,22,2026-10-21,1530,23600
1438370,22,2026-10-22,1530,23600
1438370,22,2026-10-23,1530,23600
1438370,22,2026-10-24,1530,23600
1438370,22,2026-10-26,1530,23600
1438370,22,2026-10-27,1530,23600
1438370,22,2026-10-28,1530,23600
1438370,22,2026-10-29,1530,23600
1438370,22,2026-10-30,1530,23600
1438370,22,2026-10-31,1530,23600
1438370,22,2026-11-01,1530,23600
1438370,22,2026-11-02,1530,23600
1438370,22,2026-11-03,1530,23600
1438370,22,2026-11-04,1530,23600
1438370,22,2026-11-05,1530,23600
1438370,22,2026-11-06,1530,23600
1438370,22,2026-11-07,1530,23600
1438370,22,2026-11-08,1530,23600
1438370,22,2026-11-09,1530,23600
1438370,22,2026-11-10,1530,23600
1438370,22,2026-11-11,1530,23600
1438370,22,2026-11-12,1530,23600
1438370,22,2026-11-13,1530,23600
1438370,22,2026-11-14,1530,23600
1438370,22,2026-11-15,1530,23600
1438370,22,2026-11-16,1530,23600
1438370,22,2026-11-17,1530,23600
1438370,22,2026-11-18,1530,23600
1438370,22,2026-11-19,1530,23600
1438370,23,2026-10-20,1617,23600
1438370,23,2026-10-21,1617,23600
1438370,23,2026-10-22,1617,23600
1438370,23,2026-10-23,1617,23600
1438370,23,2026-10-24,1617,23600
1438370,23,2026-10-26,1617,23600
1438370,23,2026-10-27,1617,23600
1438370,23,2026-10-28,1617,23600
1438370,23,2026-10-29,1617,23600
1438370,23,2026-10-30,1617,23600
1438370,23,2026-10-31,1617,23600
1438370,23,2026-11-01,1617,23600
1438370,23,2026-11-02,1617,23600
1438370,23,2026-11-03,1617,23600
1438370,23,2026-11-04,1617,23600
1438370,23,2026-11-05,1617,23600
1438370,23,2026-11-06,1617,23600
1438370,23,2026-11-07,1617,23600
1438370,23,2026-11-08,1617,23600
1438370,23,2026-11-09,1617,23600
1438370,23,2026-11-10,1617,23600
1438370,23,2026-11-11,1617,23600
1438370,23,2026-11-12,1617,23600
1438370,23,2026-11-13,1617,23600
1438370,23,2026-11-14,1617,23600
1438370,23,2026-11-15,1617,23600
1438370,23,2026-11-16,1617,23600
1438370,23,2026-11-17,1617,23600
1438370,23,2026-11-18,1617,23600
1438370,23,2026-11-19,1617,23600
1438370,24,2026-10-20,1617,23600
1438370,24,2026-10-21,1617,23600
1438370,24,2026-10-22,1617,23600
1438370,24,2026-10-23,1617,23600
1438370,24,2026-10-24,1617,23600
1438370,24,2026-10-26,1617,23600
1438370,24,2026-10-27,1617,23600
1438370,24,2026-10-28,1617,23600
1438370,24,2026-10-29,1617,23600
1438370,24,2026-10-30,1617,23600
1438370,24,2026-10-31,1617,23600
1438370,24,2026-11-01,1617,23600
1438370,24,2026-11-02,1617,23600
1438370,24,2026-11-03,1617,23600
1438370,24,2026-11-04,1617,23600
1438370,24,2026-11-05,1617,23600
1438370,24,2026-11-06,1617,23600
1438370,24,2026-11-07,1617,23600
1438370,24,2026-11-08,1617,23600
1438370,24,2026-11-09,1617,23600
1438370,24,2026-11-10,1617,23600
1438370,24,2026-11-11,1617,23600
1438370,24,2026-11-12,1617,23600
1438370,24,2026-11-13,1617,23600
1438370,24,2026-11-14,1617,23600
1438370,24,2026-11-15,1617,23600
1438370,24,2026-11-16,1617,23600
1438370,24,2026-11-17,1617,23600
1438370,24,2026-11-18,1617,23600
1438370,24,2026-11-19,1617,23600
1438370,39,2026-10-20,1530,23600
1438370,39,2026-10-21,1530,23600
1438370,39,2026-10-22,1530,23600
1438370,39,2026-10-23,1530,23600
1438370,39,2026-10-24,1530,23600
1438370,39,2026-10-26,1530,23600
1438370,39,2026-10-27,1530,23600
1438370,39,2026-10-28,1530,23600
1438370,39,2026-10-29,1530,23600
1438370,39,2026-10-30,1530,23600
1438370,39,2026-10-31,1530,23600
1438370,39,2026-11-01,1530,23600
1438370,39,2026-11-02,1530,23600
1438370,39,2026-11-03,1530,23600
1438370,39,2026-11-04,1530,23600
1438370,39,2026-11-05,1530,23600
1438370,39,2026-11-06,1530,23600
1438370,39,2026-11-07,1530,23600
1438370,39,2026-11-08,1530,23600
1438370,39,2026-11-09,1530,23600
1438370,39,2026-11-10,1530,23600
1438370,39,2026-11-11,1530,23600
1438370,39,2026-11-12,1530,23600
1438370,39,2026-11-13,1530,23600
1438370,39,2026-11-14,1530,23600
1438370,39,2026-11-15,1530,23600
1438370,39,2026-11-16,1530,23600
1438370,39,2026-11-17,1530,23600
1438370,39,2026-11-18,1530,23600
1438370,39,2026-11-19,1530,23600
1438370,40,2026-10-20,1617,23600
1438370,40,2026-10-21,1617,23600
1438370,40,2026-10-22,1617,23600
1438370,40,2026-10-23,1617,23600
1438370,40,2026-10-24,1617,23600
1438370,40,2026-10-26,1617,23600
1438370,40,2026-10-27,1617,23600
1438370,40,2026-10-28,1617,23600
1438370,40,2026-10-29,1617,23600
1438370,40,2026-10-30,1617,23600
1438370,40,2026-10-31,1617,23600
1438370,40,2026-11-01,1617,23600
1438370,40,2026-11-02,1617,23600
1438370,40,2026-11-03,1617,23600
1438370,40,2026-11-04,1617,23600
1438370,40,2026-11-05,1617,23600
1438370,40,2026-11-06,1617,23600
1438370,40,2026-11-07,1617,23600
1438370,40,2026-11-08,1617,23600
1438370,40,2026-11-09,1617,23600
1438370,40,2026-11-10,1617,23600
1438370,40,2026-11-11,1617,23600
1438370,40,2026-11-12,1617,23600
1438370,40,2026-11-13,1617,23600
1438370,40,2026-11-14,1617,23600
1438370,40,2026-11-15,1617,23600
1438370,40,2026-11-16,1617,23600
1438370,40,2026-11-17,1617,23600
1438370,40,2026-11-18,1617,23600
1438370,40,2026-11-19,1617,23600
1438370,83,2026-10-20,1530,23600
1438370,83,2026-10-21,1530,23600
1438370,83,2026-10-22,1530,23600
1438370,83,2026-10-23,1530,23600
1438370,83,2026-10-24,1530,23600
1438370,83,2026-10-26,1530,23600
1438370,83,2026-10-27,1530,23600
1438370,83,2026-10-28,1530,23600
1438370,83,2026-10-29,1530,23600
1438370,83,2026-10-30,1530,23600
1438370,83,2026-10-31,1530,23600
1438370,83,2026-11-01,1530,23600
1438370,83,2026-11-02,1530,23600
1438370,83,2026-11-03,1530,23600
1438370,83,2026-11-04,1530,23600
1438370,83,2026-11-05,1530,23600
1438370,83,2026-11-06,1530,23600
1438370,83,2026-11-07,1530,23600
1438370,83,2026-11-08,1530,23600
1438370,83,2026-11-09,1530,23600
1438370,83,2026-11-10,1530,23600
1438370,83,2026-11-11,1530,23600
1438370,83,2026-11-12,1530,23600
1438370,83,2026-11-13,1530,23600
1438370,83,2026-11-14,1530,23600
1438370,83,2026-11-15,1530,23600
1438370,83,2026-11-16,1530,23600
1438370,83,2026-11-17,1530,23600
1438370,83,2026-11-18,1530,23600
1438370,83,2026-11-19,1530,23600
1444313,21,2026-09-01,2560,27848
1444313,21,2026-09-02,2560,27848
1444313,21,2026-09-03,2560,27848
1444313,22,2026-09-01,2560,27848
1444313,22,2026-09-02,2560,27848
1444313,22,2026-09-03,2560,27848
1444313,23,2026-09-01,2560,27848
1444313,23,2026-09-02,2560,27848
1444313,23,2026-09-03,2560,27848
1444313,24,2026-09-01,2560,27848
1444313,24,2026-09-02,2560,27848
1444313,24,2026-09-03,2560,27848
1444313,39,2026-09-01,2560,27848
1444313,39,2026-09-02,2560,27848
1444313,39,2026-09-03,2560,27848
1444313,40,2026-09-01,2560,27848
1444313,40,2026-09-02,2560,27848
1444313,40,2026-09-03,2560,27848
1444313,83,2026-09-01,2560,27848
1444313,83,2026-09-02,2560,27848
1444313,83,2026-09-03,2560,27848
1446609,17,2026-09-04,1248,23600
1446609,18,2026-09-04,1248,23600
1446609,19,2026-09-04,1248,23600
1446609,20,2026-09-04,1248,23600
1462197,27,2026-09-01,2661,23600
1462197,27,2026-09-02,2661,23600
1462197,27,2026-09-03,2661,23600
1462197,28,2026-09-01,2661,23600
1462197,28,2026-09-02,2661,23600
1462197,28,2026-09-03,2661,23600
1462197,35,2026-09-04,3144,23600
1462197,36,2026-09-04,3144,23600
1462197,37,2026-09-04,3144,23600
1472459,17,2026-08-25,1030,23600
1472459,17,2026-08-26,1030,23600
1472459,18,2026-08-25,1030,23600
1472459,18,2026-08-26,1030,23600
1472459,19,2026-08-25,1030,23600
1472459,19,2026-08-26,1030,23600
1472459,20,2026-08-25,1030,23600
1472459,20,2026-08-26,1030,23600
1472459,50,2026-08-25,1030,23600
1472459,50,2026-08-26,1030,23600
1472508,45,2026-08-29,3108,23600
1472508,46,2026-08-29,3108,23600
1473477,25,2026-09-02,1492,23600
1473477,26,2026-09-02,1492,23600
1475870,25,2026-09-04,2036,23600
1475870,26,2026-09-04,2036,23600
1476116,17,2026-09-04,1743,23600
1476116,18,2026-09-04,1743,23600
1476116,19,2026-09-04,1743,23600
1476116,20,2026-09-04,1743,23600
1476116,23,2026-08-29,2046,23600
1476116,24,2026-08-29,2046,23600
1476116,27,2026-09-01,2599,23600
1476116,27,2026-09-02,2599,23600
1476116,27,2026-09-03,2599,23600
1476116,28,2026-09-01,2599,23600
1476116,28,2026-09-02,2599,23600
1476116,28,2026-09-03,2599,23600
1476116,40,2026-08-29,2046,23600
1476116,41,2026-09-01,2599,23600
1476116,41,2026-09-02,2599,23600
1476116,41,2026-09-03,2599,23600
1476116,50,2026-09-04,1743,23600
1476116,51,2026-09-04,1743,23600
1476116,84,2026-08-29,2046,23600
1476116,87,2026-09-04,1743,23600
1484845,32,2026-08-27,2358,23600
1484845,33,2026-08-27,2358,23600
1484845,34,2026-08-27,2358,23600
1506055,17,2026-08-27,1339,23600
1506055,18,2026-08-27,1339,23600
1506055,50,2026-08-27,1339,23600
1522037,21,2026-08-27,1606,23600
1522037,22,2026-08-27,1606,23600
1522037,39,2026-08-27,1606,23600
1522037,83,2026-08-27,1606,23600
1534876,16,2026-08-27,1312,23600
1534876,17,2026-08-27,1312,23600
1534876,18,2026-08-27,1312,23600
1534876,50,2026-08-27,1312,23600
1534876,52,2026-08-27,1312,23600
1541487,23,2026-08-21,2192,20000
1541487,23,2026-08-30,2274,20000
1541487,24,2026-08-21,2192,20000
1541487,24,2026-08-30,2274,20000
1553206,17,2026-08-27,1477,23600
1553206,18,2026-08-27,1477,23600
1553206,23,2026-08-27,1995,23600
1553206,24,2026-08-27,1995,23600
1553206,40,2026-08-27,1995,23600
1553206,50,2026-08-27,1477,23600
1553206,87,2026-08-27,1477,23600
1556414,17,2027-08-21,1378,20000
1556414,18,2027-08-21,1378,20000
1556414,50,2027-08-21,1378,20000
1581295,21,2026-08-30,1333,27848
1581295,22,2026-08-30,1333,27848
1581295,27,2026-08-30,1678,27848
1581295,28,2026-08-30,1678,27848
1581295,32,2026-11-19,2013,27848
1581295,33,2026-11-19,2013,27848
1581295,39,2026-08-30,1333,27848
1581295,41,2026-08-30,1678,27848
1581295,83,2026-08-30,1333,27848
1581295,97,2026-08-30,1333,27848
1596319,19,2026-11-19,2212,27848
1596319,20,2026-11-19,2212,27848
1596319,27,2027-08-21,3257,27848
1596319,28,2027-08-21,3257,27848
1596716,21,2026-08-27,1446,23600
1596716,22,2026-08-27,1446,23600
1596716,23,2026-08-27,1550,23600
1596716,24,2026-08-27,1550,23600
1596716,39,2026-08-27,1446,23600
1596716,40,2026-08-27,1550,23600
1596716,83,2026-08-27,1446,23600
1598533,17,2026-08-21,1367,23600
1598533,17,2026-08-22,1367,23600
1598533,17,2026-08-23,1367,23600
1598533,17,2026-08-24,1367,23600
1598533,17,2026-08-25,1378,23600
1598533,17,2026-08-26,1367,23600
1598533,18,2026-08-21,1367,23600
1598533,18,2026-08-22,1367,23600
1598533,18,2026-08-23,1367,23600
1598533,18,2026-08-24,1367,23600
1598533,18,2026-08-25,1378,23600
1598533,18,2026-08-26,1367,23600
1598533,19,2026-08-21,1419,23600
1598533,19,2026-08-22,1419,23600
1598533,19,2026-08-23,1419,23600
1598533,19,2026-08-24,1419,23600
1598533,19,2026-08-25,1430,23600
1598533,19,2026-08-26,1419,23600
1598533,20,2026-08-21,1419,23600
1598533,20,2026-08-22,1419,23600
1598533,20,2026-08-23,1419,23600
1598533,20,2026-08-24,1419,23600
1598533,20,2026-08-25,1430,23600
1598533,20,2026-08-26,1419,23600
1598533,42,2026-08-25,3258,23600
1598533,43,2026-08-25,3258,23600
1598533,50,2026-08-21,1367,23600
1598533,50,2026-08-22,1367,23600
1598533,50,2026-08-23,1367,23600
1598533,50,2026-08-24,1367,23600
1598533,50,2026-08-25,1378,23600
1598533,50,2026-08-26,1367,23600
1603145,23,2026-08-30,1610,23600
1603145,24,2026-08-30,1610,23600
1603145,40,2026-08-30,1610,23600
1608379,21,2026-11-19,3811,23600
1608379,22,2026-11-19,3811,23600
1608379,23,2026-11-19,3811,23600
1608379,24,2026-11-19,3811,23600
1608379,39,2026-11-19,3811,23600
1608379,40,2026-11-19,3811,23600
1608379,83,2026-11-19,3811,23600
1618342,21,2026-08-27,1448,20000
1618342,22,2026-08-27,1448,20000
1618342,39,2026-08-27,1448,20000
1618342,83,2026-08-27,1448,20000
1619637,19,2026-08-23,1633,23600
1619637,19,2026-08-24,1633,23600
1619637,19,2026-08-27,1715,23600
1619637,20,2026-08-23,1633,23600
1619637,20,2026-08-24,1633,23600
1619637,20,2026-08-27,1715,23600
1702720,27,2026-09-04,3092,23600
1702720,27,2026-11-19,3092,23600
1702720,28,2026-09-04,3092,23600
1702720,28,2026-11-19,3092,23600
1702720,35,2026-09-02,3368,23600
1702720,36,2026-09-02,3368,23600
1755459,35,2026-08-27,2731,23600
1755459,36,2026-08-27,2731,23600
1759184,15,2026-08-26,1391,23600
1759184,16,2026-08-26,1442,23600
1759184,38,2026-08-26,1391,23600
1766640,45,2026-08-29,1621,23600
1766640,46,2026-08-29,1621,23600
1767140,45,2026-08-29,2276,23600
1767140,46,2026-08-29,2276,23600
1767140,64,2026-08-29,2276,23600
1767140,65,2026-08-29,2276,23600
1767649,27,2026-08-25,2248,23600
1767649,27,2026-08-26,2244,23600
1767649,28,2026-08-25,2248,23600
1767649,28,2026-08-26,2244,23600
1767649,29,2026-08-27,3880,23600
1767649,30,2026-08-27,3880,23600
1767649,31,2026-08-27,3880,23600
1767649,32,2026-08-27,3880,23600
1767649,33,2026-08-27,3880,23600
1767649,34,2026-08-27,3880,23600
1767649,57,2026-08-27,3880,23600
1837134,35,2026-09-04,4251,23600
1837134,35,2026-11-19,4251,23600
1837134,36,2026-09-04,4251,23600
1837134,36,2026-11-19,4251,23600
1884844,23,2026-08-27,1562,23600
1884844,24,2026-08-27,1562,23600
1884844,25,2026-08-27,1562,23600
1884844,26,2026-08-27,1562,23600
1978478,21,2026-08-27,1595,27848
1978478,22,2026-08-27,1595,27848
1978478,39,2026-08-27,1595,27848
1978478,83,2026-08-27,1595,27848
2010412,17,2026-08-28,1261,23600
2010412,17,2026-08-29,1261,23600
2010412,18,2026-08-28,1261,23600
2010412,18,2026-08-29,1261,23600
2010412,19,2026-08-28,1330,23600
2010412,19,2026-08-29,1330,23600
2010412,20,2026-08-28,1330,23600
2010412,20,2026-08-29,1330,23600
2010412,50,2026-08-28,1261,23600
2010412,50,2026-08-29,1261,23600
2010498,16,2026-08-27,1716,23600
2014478,17,2026-08-27,1082,27848
2014478,18,2026-08-27,1082,27848
2014478,50,2026-08-27,1082,27848
2014883,27,2026-09-02,2622,23600
2014883,27,2026-11-19,2622,23600
2014883,28,2026-09-02,2622,23600
2014883,28,2026-11-19,2622,23600
2015495,21,2026-08-28,1437,23600
2015495,22,2026-08-28,1437,23600
2015495,39,2026-08-28,1437,23600
2015495,83,2026-08-28,1437,23600
2024299,29,2026-08-23,2155,23600
2024299,29,2026-08-23,2155,23600
2024299,30,2026-08-23,2155,23600
2024299,30,2026-08-23,2155,23600
2024299,31,2026-08-23,2155,23600
2024299,32,2026-08-23,2155,23600
2024299,32,2026-08-23,2155,23600
2024299,33,2026-08-23,2155,23600
2024299,33,2026-08-23,2155,23600
2024299,34,2026-08-23,2155,23600
2024299,35,2026-08-24,2470,23600
2024299,35,2026-08-24,2470,23600
2024299,35,2026-08-25,2470,23600
2024299,35,2026-08-25,2470,23600
2024299,36,2026-08-24,2470,23600
2024299,36,2026-08-24,2470,23600
2024299,36,2026-08-25,2470,23600
2024299,36,2026-08-25,2470,23600
2024299,37,2026-08-24,2470,23600
2024299,37,2026-08-25,2470,23600
2024299,57,2026-08-23,2155,23600
2024299,58,2026-08-23,2155,23600
2024299,89,2026-08-23,2155,23600
2024354,19,2026-08-27,2002,23600
2024354,20,2026-08-27,2002,23600
2024867,19,2026-08-27,2898,23600
2024867,21,2026-08-27,3001,23600
2024867,22,2026-08-27,3001,23600
2024867,29,2026-08-27,3139,23600
2024867,30,2026-08-27,3139,23600
2024867,31,2026-08-27,3139,23600
2024867,39,2026-08-27,3001,23600
2024867,57,2026-08-27,3139,23600
2024867,83,2026-08-27,3001,23600
2025497,19,2026-08-28,1491,23600
2025497,19,2026-08-29,1491,23600
2025497,20,2026-08-28,1491,23600
2025497,20,2026-08-29,1491,23600
2025497,23,2026-08-21,1639,23600
2025497,24,2026-08-21,1639,23600
2025497,40,2026-08-21,1639,23600
2025675,32,2026-08-28,2130,20000
2025675,32,2026-08-29,2130,20000
2025675,33,2026-08-28,2130,20000
2025675,33,2026-08-29,2130,20000
2025675,34,2026-08-28,2130,20000
2025675,34,2026-08-29,2130,20000
2026607,19,2026-11-19,1781,20000
2026607,20,2026-11-19,1781,20000
2026607,21,2026-11-19,1781,20000
2026607,22,2026-11-19,1781,20000
2026607,39,2026-11-19,1781,20000
2026607,83,2026-11-19,1781,20000
2033589,17,2027-08-21,2322,23600
2033589,18,2027-08-21,2322,23600
2033589,19,2027-08-21,2391,23600
2033589,20,2027-08-21,2391,23600
2033589,29,2026-08-28,3571,23600
2033589,29,2026-08-29,3571,23600
2033589,29,2026-08-30,3571,23600
2033589,29,2026-08-31,3571,23600
2033589,29,2026-09-01,3571,23600
2033589,29,2026-09-03,3571,23600
2033589,29,2026-09-07,3571,23600
2033589,29,2026-09-08,3571,23600
2033589,29,2026-09-09,3571,23600
2033589,29,2026-09-10,3571,23600
2033589,29,2026-09-15,3571,23600
2033589,29,2026-09-16,3571,23600
2033589,29,2026-09-17,3571,23600
2033589,29,2026-09-21,3571,23600
2033589,29,2026-09-22,3571,23600
2033589,29,2026-09-23,3571,23600
2033589,29,2026-09-25,3571,23600
2033589,29,2026-09-26,3571,23600
2033589,29,2026-09-27,3571,23600
2033589,29,2026-09-28,3571,23600
2033589,29,2026-09-29,3571,23600
2033589,29,2026-09-30,3571,23600
2033589,30,2026-08-28,3571,23600
2033589,30,2026-08-29,3571,23600
2033589,30,2026-08-30,3571,23600
2033589,30,2026-08-31,3571,23600
2033589,30,2026-09-01,3571,23600
2033589,30,2026-09-03,3571,23600
2033589,30,2026-09-07,3571,23600
2033589,30,2026-09-08,3571,23600
2033589,30,2026-09-09,3571,23600
2033589,30,2026-09-10,3571,23600
2033589,30,2026-09-15,3571,23600
2033589,30,2026-09-16,3571,23600
2033589,30,2026-09-17,3571,23600
2033589,30,2026-09-21,3571,23600
2033589,30,2026-09-22,3571,23600
2033589,30,2026-09-23,3571,23600
2033589,30,2026-09-25,3571,23600
2033589,30,2026-09-26,3571,23600
2033589,30,2026-09-27,3571,23600
2033589,30,2026-09-28,3571,23600
2033589,30,2026-09-29,3571,23600
2033589,30,2026-09-30,3571,23600
2033589,31,2026-08-28,3571,23600
2033589,31,2026-08-29,3571,23600
2033589,31,2026-08-30,3571,23600
2033589,31,2026-08-31,3571,23600
2033589,31,2026-09-01,3571,23600
2033589,31,2026-09-03,3571,23600
2033589,31,2026-09-07,3571,23600
2033589,31,2026-09-08,3571,23600
2033589,31,2026-09-09,3571,23600
2033589,31,2026-09-10,3571,23600
2033589,31,2026-09-15,3571,23600
2033589,31,2026-09-16,3571,23600
2033589,31,2026-09-17,3571,23600
2033589,31,2026-09-21,3571,23600
2033589,31,2026-09-22,3571,23600
2033589,31,2026-09-23,3571,23600
2033589,31,2026-09-25,3571,23600
2033589,31,2026-09-26,3571,23600
2033589,31,2026-09-27,3571,23600
2033589,31,2026-09-28,3571,23600
2033589,31,2026-09-29,3571,23600
2033589,31,2026-09-30,3571,23600
2033589,32,2026-09-01,3743,23600
2033589,32,2026-09-03,3743,23600
2033589,32,2026-09-07,3743,23600
2033589,32,2026-09-08,3743,23600
2033589,32,2026-09-09,3743,23600
2033589,32,2026-09-10,3743,23600
2033589,32,2026-09-15,3743,23600
2033589,32,2026-09-16,3743,23600
2033589,32,2026-09-17,3743,23600
2033589,32,2026-09-21,3743,23600
2033589,32,2026-09-22,3743,23600
2033589,32,2026-09-23,3743,23600
2033589,32,2026-09-27,3743,23600
2033589,32,2026-09-28,3743,23600
2033589,32,2026-09-29,3743,23600
2033589,32,2026-09-30,3743,23600
2033589,32,2026-10-06,3743,23600
2033589,32,2026-10-07,3743,23600
2033589,32,2026-10-08,3743,23600
2033589,32,2026-10-27,3743,23600
2033589,32,2026-10-28,3743,23600
2033589,32,2026-10-29,3743,23600
2033589,33,2026-09-01,3743,23600
2033589,33,2026-09-03,3743,23600
2033589,33,2026-09-07,3743,23600
2033589,33,2026-09-08,3743,23600
2033589,33,2026-09-09,3743,23600
2033589,33,2026-09-10,3743,23600
2033589,33,2026-09-15,3743,23600
2033589,33,2026-09-16,3743,23600
2033589,33,2026-09-17,3743,23600
2033589,33,2026-09-21,3743,23600
2033589,33,2026-09-22,3743,23600
2033589,33,2026-09-23,3743,23600
2033589,33,2026-09-27,3743,23600
2033589,33,2026-09-28,3743,23600
2033589,33,2026-09-29,3743,23600
2033589,33,2026-09-30,3743,23600
2033589,33,2026-10-06,3743,23600
2033589,33,2026-10-07,3743,23600
2033589,33,2026-10-08,3743,23600
2033589,33,2026-10-27,3743,23600
2033589,33,2026-10-28,3743,23600
2033589,33,2026-10-29,3743,23600
2033589,34,2026-09-01,3743,23600
2033589,34,2026-09-03,3743,23600
2033589,34,2026-09-07,3743,23600
2033589,34,2026-09-08,3743,23600
2033589,34,2026-09-09,3743,23600
2033589,34,2026-09-10,3743,23600
2033589,34,2026-09-15,3743,23600
2033589,34,2026-09-16,3743,23600
2033589,34,2026-09-17,3743,23600
2033589,34,2026-09-21,3743,23600
2033589,34,2026-09-22,3743,23600
2033589,34,2026-09-23,3743,23600
2033589,34,2026-09-27,3743,23600
2033589,34,2026-09-28,3743,23600
2033589,34,2026-09-29,3743,23600
2033589,34,2026-09-30,3743,23600
2033589,34,2026-10-06,3743,23600
2033589,34,2026-10-07,3743,23600
2033589,34,2026-10-08,3743,23600
2033589,34,2026-10-27,3743,23600
2033589,34,2026-10-28,3743,23600
2033589,34,2026-10-29,3743,23600
2033589,35,2026-10-06,4088,23600
2033589,35,2026-10-07,4088,23600
2033589,35,2026-10-08,4088,23600
2033589,35,2026-10-27,4088,23600
2033589,35,2026-10-28,4088,23600
2033589,35,2026-10-29,4088,23600
2033589,35,2026-11-01,4088,23600
2033589,35,2026-11-02,4088,23600
2033589,35,2026-11-03,4088,23600
2033589,35,2026-11-04,4088,23600
2033589,35,2026-11-05,4088,23600
2033589,35,2026-11-12,4088,23600
2033589,35,2026-11-18,4088,23600
2033589,35,2026-11-19,4088,23600
2033589,36,2026-10-06,4088,23600
2033589,36,2026-10-07,4088,23600
2033589,36,2026-10-08,4088,23600
2033589,36,2026-10-27,4088,23600
2033589,36,2026-10-28,4088,23600
2033589,36,2026-10-29,4088,23600
2033589,36,2026-11-01,4088,23600
2033589,36,2026-11-02,4088,23600
2033589,36,2026-11-03,4088,23600
2033589,36,2026-11-04,4088,23600
2033589,36,2026-11-05,4088,23600
2033589,36,2026-11-12,4088,23600
2033589,36,2026-11-18,4088,23600
2033589,36,2026-11-19,4088,23600
2033589,50,2027-08-21,2322,23600
2033589,57,2026-08-28,3571,23600
2033589,57,2026-08-29,3571,23600
2033589,57,2026-08-30,3571,23600
2033589,57,2026-08-31,3571,23600
2033589,57,2026-09-01,3571,23600
2033589,57,2026-09-03,3571,23600
2033589,57,2026-09-07,3571,23600
2033589,57,2026-09-08,3571,23600
2033589,57,2026-09-09,3571,23600
2033589,57,2026-09-10,3571,23600
2033589,57,2026-09-15,3571,23600
2033589,57,2026-09-16,3571,23600
2033589,57,2026-09-17,3571,23600
2033589,57,2026-09-21,3571,23600
2033589,57,2026-09-22,3571,23600
2033589,57,2026-09-23,3571,23600
2033589,57,2026-09-25,3571,23600
2033589,57,2026-09-26,3571,23600
2033589,57,2026-09-27,3571,23600
2033589,57,2026-09-28,3571,23600
2033589,57,2026-09-29,3571,23600
2033589,57,2026-09-30,3571,23600
2057538,17,2026-08-26,1651,23600
2057538,18,2026-08-26,1651,23600
2057538,27,2026-08-22,2427,23600
2057538,27,2026-08-23,2422,23600
2057538,28,2026-08-22,2427,23600
2057538,28,2026-08-23,2422,23600
2057538,50,2026-08-26,1651,23600
2059540,21,2026-08-25,1503,23600
2059540,21,2026-08-26,1503,23600
2059540,22,2026-08-25,1503,23600
2059540,22,2026-08-26,1503,23600
2059540,27,2026-08-25,1503,23600
2059540,27,2026-08-26,1503,23600
2059540,28,2026-08-25,1503,23600
2059540,28,2026-08-26,1503,23600
2059540,39,2026-08-25,1503,23600
2059540,39,2026-08-26,1503,23600
2066561,19,2026-08-22,1275,27848
2066561,20,2026-08-22,1275,27848
2071224,17,2026-08-30,1136,23600
2071224,18,2026-08-30,1136,23600
2071224,19,2026-08-30,1205,23600
2071224,20,2026-08-30,1205,23600
2071224,25,2026-08-28,1550,23600
2071224,25,2026-08-29,1550,23600
2071224,26,2026-08-28,1550,23600
2071224,26,2026-08-29,1550,23600
2071224,50,2026-08-30,1136,23600
2071224,51,2026-08-30,1205,23600
2071224,87,2026-08-30,1136,23600
2077421,17,2026-08-22,979,23600
2077421,17,2026-08-23,979,23600
2077421,18,2026-08-22,979,23600
2077421,18,2026-08-23,979,23600
2077421,50,2026-08-22,979,23600
2077421,50,2026-08-23,979,23600
2079707,23,2026-08-27,1495,23600
2079707,24,2026-08-27,1495,23600
2079707,40,2026-08-27,1495,23600
2088875,23,2026-08-27,2264,23600
2088875,24,2026-08-27,2264,23600
2088875,40,2026-08-27,2264,23600
3001250,17,2026-08-27,1172,23600
3001250,18,2026-08-27,1172,23600
3001250,50,2026-08-27,1172,23600
3002526,17,2026-09-04,1035,23600
3002526,18,2026-09-04,1035,23600
3002526,50,2026-09-04,1035,23600
3002526,87,2026-09-04,1035,23600
4138782,17,2026-08-27,1632,23600
4138782,18,2026-08-27,1632,23600
5000022,19,2026-08-27,1727,20000
5000022,20,2026-08-27,1727,20000
5000022,21,2026-08-27,1727,20000
5000022,22,2026-08-27,1727,20000
5000022,39,2026-08-27,1727,20000
5000022,83,2026-08-27,1727,20000
6141453,17,2026-11-19,2022,23600
6141453,18,2026-11-19,2022,23600
6141453,19,2026-11-19,2022,23600
6141453,35,2026-11-19,3057,23600
6141453,36,2026-11-19,3057,23600
9772256,17,2026-10-26,3454,23600
9772256,17,2026-10-30,3758,23600
9772256,17,2026-10-31,3758,23600
9772256,17,2026-11-11,3454,23600
9772256,17,2026-11-17,3454,23600
9772256,18,2026-10-26,3454,23600
9772256,18,2026-10-30,3758,23600
9772256,18,2026-10-31,3758,23600
9772256,18,2026-11-11,3454,23600
9772256,18,2026-11-17,3454,23600
9772256,19,2026-10-26,3454,23600
9772256,19,2026-10-30,3758,23600
9772256,19,2026-10-31,3758,23600
9772256,19,2026-11-11,3454,23600
9772256,19,2026-11-17,3454,23600
9772256,20,2026-10-26,3454,23600
9772256,20,2026-10-30,3758,23600
9772256,20,2026-10-31,3758,23600
9772256,20,2026-11-11,3454,23600
9772256,20,2026-11-17,3454,23600
9772256,25,2026-10-21,4803,23600
9772256,25,2026-10-22,4803,23600
9772256,25,2026-10-23,4803,23600
9772256,25,2026-10-24,4803,23600
9772256,25,2026-10-25,4803,23600
9772256,25,2026-11-06,4803,23600
9772256,25,2026-11-07,4803,23600
9772256,25,2026-11-08,4803,23600
9772256,25,2026-11-09,4803,23600
9772256,25,2026-11-10,4803,23600
9772256,25,2026-11-13,4803,23600
9772256,25,2026-11-14,4803,23600
9772256,25,2026-11-15,4803,23600
9772256,25,2026-11-16,4803,23600
9772256,26,2026-10-21,4803,23600
9772256,26,2026-10-22,4803,23600
9772256,26,2026-10-23,4803,23600
9772256,26,2026-10-24,4803,23600
9772256,26,2026-10-25,4803,23600
9772256,26,2026-11-06,4803,23600
9772256,26,2026-11-07,4803,23600
9772256,26,2026-11-08,4803,23600
9772256,26,2026-11-09,4803,23600
9772256,26,2026-11-10,4803,23600
9772256,26,2026-11-13,4803,23600
9772256,26,2026-11-14,4803,23600
9772256,26,2026-11-15,4803,23600
9772256,26,2026-11-16,4803,23600
9772256,29,2026-10-26,5110,23600
9772256,29,2026-10-27,4143,23600
9772256,29,2026-10-28,4143,23600
9772256,29,2026-10-29,4143,23600
9772256,29,2026-11-11,5110,23600
9772256,29,2026-11-17,5110,23600
9772256,30,2026-10-26,5110,23600
9772256,30,2026-10-27,4143,23600
9772256,30,2026-10-28,4143,23600
9772256,30,2026-10-29,4143,23600
9772256,30,2026-11-11,5110,23600
9772256,30,2026-11-17,5110,23600
9772256,31,2026-10-26,5110,23600
9772256,31,2026-10-27,4143,23600
9772256,31,2026-10-28,4143,23600
9772256,31,2026-10-29,4143,23600
9772256,31,2026-11-11,5110,23600
9772256,31,2026-11-17,5110,23600
9772256,32,2026-10-26,5110,23600
9772256,32,2026-10-27,4143,23600
9772256,32,2026-10-28,4143,23600
9772256,32,2026-10-29,4143,23600
9772256,32,2026-11-11,5110,23600
9772256,32,2026-11-17,5110,23600
9772256,33,2026-10-26,5110,23600
9772256,33,2026-10-27,4143,23600
9772256,33,2026-10-28,4143,23600
9772256,33,2026-10-29,4143,23600
9772256,33,2026-11-11,5110,23600
9772256,33,2026-11-17,5110,23600
9772256,34,2026-10-26,5110,23600
9772256,34,2026-10-27,4143,23600
9772256,34,2026-10-28,4143,23600
9772256,34,2026-10-29,4143,23600
9772256,34,2026-11-11,5110,23600
9772256,34,2026-11-17,5110,23600
9772256,35,2026-10-20,6693,23600
9772256,36,2026-10-20,6693,23600
9772256,37,2026-10-20,6693,23600
9772256,50,2026-10-26,3454,23600
9772256,50,2026-10-30,3758,23600
9772256,50,2026-10-31,3758,23600
9772256,50,2026-11-11,3454,23600
9772256,50,2026-11-17,3454,23600
9772256,51,2026-10-26,3454,23600
9772256,51,2026-10-30,3758,23600
9772256,51,2026-10-31,3758,23600
9772256,51,2026-11-11,3454,23600
9772256,51,2026-11-17,3454,23600
9772256,57,2026-10-26,5110,23600
9772256,57,2026-10-27,4143,23600
9772256,57,2026-10-28,4143,23600
9772256,57,2026-10-29,4143,23600
9772256,57,2026-11-11,5110,23600
9772256,57,2026-11-17,5110,23600
9772256,58,2026-10-26,5110,23600
9772256,58,2026-10-27,4143,23600
9772256,58,2026-10-28,4143,23600
9772256,58,2026-10-29,4143,23600
9772256,58,2026-11-11,5110,23600
9772256,58,2026-11-17,5110,23600
9772256,87,2026-10-26,3454,23600
9772256,87,2026-10-30,3758,23600
9772256,87,2026-10-31,3758,23600
9772256,87,2026-11-11,3454,23600
9772256,87,2026-11-17,3454,23600
9772256,89,2026-10-26,5110,23600
9772256,89,2026-10-27,4143,23600
9772256,89,2026-10-28,4143,23600
9772256,89,2026-10-29,4143,23600
9772256,89,2026-11-11,5110,23600
9772256,89,2026-11-17,5110,23600
0003211,15,2026-08-26,1279,23600
0003211,15,2026-08-27,1279,23600
0003211,38,2026-08-26,1279,23600
0003211,38,2026-08-27,1279,23600
0045959,29,2026-08-26,1786,23600
0045959,30,2026-08-26,1786,23600
0045959,31,2026-08-26,1786,23600
0045959,57,2026-08-26,1786,23600
0191524,35,2026-08-23,2880,23600
0191524,36,2026-08-23,2880,23600
0325023,19,2027-08-21,1608,23600
0325023,20,2027-08-21,1608,23600
0395630,21,2026-08-25,2110,35400
0395630,22,2026-08-25,2110,35400
0395630,39,2026-08-25,2110,35400
0395630,83,2026-08-25,2110,35400
0471678,17,2026-08-24,2209,23600
0471678,17,2026-08-26,2518,23600
0471678,18,2026-08-24,2209,23600
0471678,18,2026-08-26,2518,23600
0471678,19,2026-08-24,2209,23600
0471678,19,2026-08-26,2518,23600
0471678,20,2026-08-24,2209,23600
0471678,20,2026-08-26,2518,23600
0471678,35,2026-08-27,4328,23600
0471678,36,2026-08-27,4328,23600
0471678,37,2026-08-27,4328,23600
0471678,50,2026-08-24,2209,23600
0471678,50,2026-08-26,2518,23600
0471678,51,2026-08-24,2209,23600
0471678,51,2026-08-26,2518,23600
0471678,87,2026-08-24,2209,23600
0471678,87,2026-08-26,2518,23600
0472129,21,2026-09-02,1597,23600
0472129,21,2026-09-02,1597,23600
0472129,22,2026-09-02,1597,23600
0472129,22,2026-09-02,1597,23600
0472129,23,2026-09-02,1597,23600
0472129,23,2026-09-02,1597,23600
0472129,24,2026-09-02,1597,23600
0472129,24,2026-09-02,1597,23600
0472129,27,2026-11-19,2115,23600
0472129,28,2026-11-19,2115,23600
0472129,39,2026-09-02,1597,23600
0472129,40,2026-09-02,1597,23600
0472129,83,2026-09-02,1597,23600
1043825,17,2026-08-23,1440,23600
1043825,17,2026-08-24,1440,23600
1043825,17,2026-08-26,1440,23600
1043825,17,2026-08-27,1440,23600
1043825,17,2026-08-30,1440,23600
1043825,17,2026-08-31,1440,23600
1043825,17,2026-09-02,1440,23600
1043825,17,2026-11-19,1440,23600
1043825,18,2026-08-23,1440,23600
1043825,18,2026-08-24,1440,23600
1043825,18,2026-08-26,1440,23600
1043825,18,2026-08-27,1440,23600
1043825,18,2026-08-30,1440,23600
1043825,18,2026-08-31,1440,23600
1043825,18,2026-09-02,1440,23600
1043825,18,2026-11-19,1440,23600
1075048,17,2026-08-23,1125,23600
1075048,18,2026-08-23,1125,23600
1075048,19,2026-08-23,1125,23600
1075048,20,2026-08-23,1125,23600
1075048,21,2026-08-27,1239,23600
1075048,21,2026-09-02,1443,23600
1075048,21,2026-09-04,1443,23600
1075048,21,2026-11-19,1443,23600
1075048,22,2026-08-27,1239,23600
1075048,22,2026-09-02,1443,23600
1075048,22,2026-09-04,1443,23600
1075048,22,2026-11-19,1443,23600
1075048,23,2026-08-21,1358,23600
1075048,23,2026-08-22,1358,23600
1075048,23,2026-08-25,1358,23600
1075048,23,2026-08-26,1358,23600
1075048,24,2026-08-21,1358,23600
1075048,24,2026-08-22,1358,23600
1075048,24,2026-08-25,1358,23600
1075048,24,2026-08-26,1358,23600
1075048,39,2026-08-27,1239,23600
1075048,39,2026-09-02,1443,23600
1075048,39,2026-09-04,1443,23600
1075048,39,2026-11-19,1443,23600
1075048,40,2026-08-21,1358,23600
1075048,40,2026-08-22,1358,23600
1075048,40,2026-08-25,1358,23600
1075048,40,2026-08-26,1358,23600
1075048,50,2026-08-23,1125,23600
1075048,83,2026-08-27,1239,23600
1075048,83,2026-09-02,1443,23600
1075048,83,2026-09-04,1443,23600
1075048,83,2026-11-19,1443,23600
1104342,23,2026-11-19,2000,32861
1104342,24,2026-11-19,2000,32861
1104342,40,2026-11-19,2000,32861
1125927,32,2026-11-08,1790,23600
1125927,32,2026-11-09,1790,23600
1125927,32,2026-11-10,1790,23600
1125927,32,2026-11-11,1790,23600
1125927,32,2026-11-15,1790,23600
1125927,32,2026-11-16,1790,23600
1125927,32,2026-11-17,1790,23600
1125927,33,2026-11-08,1790,23600
1125927,33,2026-11-09,1790,23600
1125927,33,2026-11-10,1790,23600
1125927,33,2026-11-11,1790,23600
1125927,33,2026-11-15,1790,23600
1125927,33,2026-11-16,1790,23600
1125927,33,2026-11-17,1790,23600
1125927,34,2026-11-08,1790,23600
1125927,34,2026-11-09,1790,23600
1125927,34,2026-11-10,1790,23600
1125927,34,2026-11-11,1790,23600
1125927,34,2026-11-15,1790,23600
1125927,34,2026-11-16,1790,23600
1125927,34,2026-11-17,1790,23600
1125927,35,2026-08-31,1704,23600
1125927,35,2026-09-01,1714,23600
1125927,35,2026-09-02,1714,23600
1125927,35,2026-09-03,1714,23600
1125927,35,2026-09-07,1704,23600
1125927,35,2026-09-08,1704,23600
1125927,35,2026-09-09,1704,23600
1125927,35,2026-09-10,1704,23600
1125927,35,2026-09-11,1788,23600
1125927,35,2026-09-15,1704,23600
1125927,35,2026-09-16,1704,23600
1125927,35,2026-09-17,1704,23600
1125927,35,2026-09-18,1788,23600
1125927,35,2026-09-20,1704,23600
1125927,35,2026-09-21,1704,23600
1125927,35,2026-09-22,1704,23600
1125927,35,2026-09-23,1704,23600
1125927,35,2026-09-24,1704,23600
1125927,35,2026-09-25,1761,23600
1125927,35,2026-09-26,1761,23600
1125927,35,2026-09-27,1704,23600
1125927,35,2026-09-28,1704,23600
1125927,35,2026-09-29,1704,23600
1125927,35,2026-09-30,1704,23600
1125927,35,2026-10-06,1704,23600
1125927,35,2026-10-07,1704,23600
1125927,35,2026-10-08,1704,23600
1125927,35,2026-10-09,1761,23600
1125927,35,2026-10-27,1704,23600
1125927,35,2026-10-28,1704,23600
1125927,35,2026-10-29,1704,23600
1125927,35,2026-11-06,1877,23600
1125927,35,2026-11-13,1877,23600
1125927,36,2026-08-31,1704,23600
1125927,36,2026-09-01,1714,23600
1125927,36,2026-09-02,1714,23600
1125927,36,2026-09-03,1714,23600
1125927,36,2026-09-07,1704,23600
1125927,36,2026-09-08,1704,23600
1125927,36,2026-09-09,1704,23600
1125927,36,2026-09-10,1704,23600
1125927,36,2026-09-11,1788,23600
1125927,36,2026-09-15,1704,23600
1125927,36,2026-09-16,1704,23600
1125927,36,2026-09-17,1704,23600
1125927,36,2026-09-18,1788,23600
1125927,36,2026-09-20,1704,23600
1125927,36,2026-09-21,1704,23600
1125927,36,2026-09-22,1704,23600
1125927,36,2026-09-23,1704,23600
1125927,36,2026-09-24,1704,23600
1125927,36,2026-09-25,1761,23600
1125927,36,2026-09-26,1761,23600
1125927,36,2026-09-27,1704,23600
1125927,36,2026-09-28,1704,23600
1125927,36,2026-09-29,1704,23600
1125927,36,2026-09-30,1704,23600
1125927,36,2026-10-06,1704,23600
1125927,36,2026-10-07,1704,23600
1125927,36,2026-10-08,1704,23600
1125927,36,2026-10-09,1761,23600
1125927,36,2026-10-27,1704,23600
1125927,36,2026-10-28,1704,23600
1125927,36,2026-10-29,1704,23600
1125927,36,2026-11-06,1877,23600
1125927,36,2026-11-13,1877,23600
1125927,37,2026-08-31,1704,23600
1125927,37,2026-09-01,1714,23600
1125927,37,2026-09-02,1714,23600
1125927,37,2026-09-03,1714,23600
1125927,37,2026-09-07,1704,23600
1125927,37,2026-09-08,1704,23600
1125927,37,2026-09-09,1704,23600
1125927,37,2026-09-10,1704,23600
1125927,37,2026-09-11,1788,23600
1125927,37,2026-09-15,1704,23600
1125927,37,2026-09-16,1704,23600
1125927,37,2026-09-17,1704,23600
1125927,37,2026-09-18,1788,23600
1125927,37,2026-09-20,1704,23600
1125927,37,2026-09-21,1704,23600
1125927,37,2026-09-22,1704,23600
1125927,37,2026-09-23,1704,23600
1125927,37,2026-09-24,1704,23600
1125927,37,2026-09-25,1761,23600
1125927,37,2026-09-26,1761,23600
1125927,37,2026-09-27,1704,23600
1125927,37,2026-09-28,1704,23600
1125927,37,2026-09-29,1704,23600
1125927,37,2026-09-30,1704,23600
1125927,37,2026-10-06,1704,23600
1125927,37,2026-10-07,1704,23600
1125927,37,2026-10-08,1704,23600
1125927,37,2026-10-09,1761,23600
1125927,37,2026-10-27,1704,23600
1125927,37,2026-10-28,1704,23600
1125927,37,2026-10-29,1704,23600
1125927,37,2026-11-06,1877,23600
1125927,37,2026-11-13,1877,23600
1125927,58,2026-11-08,1790,23600
1125927,58,2026-11-09,1790,23600
1125927,58,2026-11-10,1790,23600
1125927,58,2026-11-11,1790,23600
1125927,58,2026-11-15,1790,23600
1125927,58,2026-11-16,1790,23600
1125927,58,2026-11-17,1790,23600
1125927,59,2026-08-31,1704,23600
1125927,59,2026-09-01,1714,23600
1125927,59,2026-09-02,1714,23600
1125927,59,2026-09-03,1714,23600
1125927,59,2026-09-07,1704,23600
1125927,59,2026-09-08,1704,23600
1125927,59,2026-09-09,1704,23600
1125927,59,2026-09-10,1704,23600
1125927,59,2026-09-11,1788,23600
1125927,59,2026-09-15,1704,23600
1125927,59,2026-09-16,1704,23600
1125927,59,2026-09-17,1704,23600
1125927,59,2026-09-18,1788,23600
1125927,59,2026-09-20,1704,23600
1125927,59,2026-09-21,1704,23600
1125927,59,2026-09-22,1704,23600
1125927,59,2026-09-23,1704,23600
1125927,59,2026-09-24,1704,23600
1125927,59,2026-09-25,1761,23600
1125927,59,2026-09-26,1761,23600
1125927,59,2026-09-27,1704,23600
1125927,59,2026-09-28,1704,23600
1125927,59,2026-09-29,1704,23600
1125927,59,2026-09-30,1704,23600
1125927,59,2026-10-06,1704,23600
1125927,59,2026-10-07,1704,23600
1125927,59,2026-10-08,1704,23600
1125927,59,2026-10-09,1761,23600
1125927,59,2026-10-27,1704,23600
1125927,59,2026-10-28,1704,23600
1125927,59,2026-10-29,1704,23600
1125927,59,2026-11-06,1877,23600
1125927,59,2026-11-13,1877,23600
1125927,90,2026-11-08,1790,23600
1125927,90,2026-11-09,1790,23600
1125927,90,2026-11-10,1790,23600
1125927,90,2026-11-11,1790,23600
1125927,90,2026-11-15,1790,23600
1125927,90,2026-11-16,1790,23600
1125927,90,2026-11-17,1790,23600
1127927,27,2026-08-27,1983,23600
1127927,28,2026-08-27,1983,23600
1127927,32,2026-08-27,1914,23600
1127927,33,2026-08-27,1914,23600
1127927,34,2026-08-27,1914,23600
1148276,21,2026-11-19,2547,20000
1148276,22,2026-11-19,2547,20000
1148276,23,2026-11-19,2547,20000
1148276,24,2026-11-19,2547,20000
1148276,39,2026-11-19,2547,20000
1148276,40,2026-11-19,2547,20000
1148276,83,2026-11-19,2547,20000
1165642,23,2026-08-26,2024,23600
1165642,23,2026-08-27,2019,23600
1165642,24,2026-08-26,2024,23600
1165642,24,2026-08-27,2019,23600
1165642,40,2026-08-26,2024,23600
1165642,40,2026-08-27,2019,23600
1166252,17,2026-09-04,1419,23600
1166252,18,2026-09-04,1419,23600
1167277,19,2026-08-23,1121,23600
1167277,19,2026-08-24,1121,23600
1167277,19,2026-08-25,1121,23600
1167277,19,2026-08-26,1121,23600
1167277,20,2026-08-23,1121,23600
1167277,20,2026-08-24,1121,23600
1167277,20,2026-08-25,1121,23600
1167277,20,2026-08-26,1121,23600
1171648,19,2026-08-27,1661,23600
1176148,15,2026-08-27,886,23600
1176148,16,2026-08-27,886,23600
1176148,38,2026-08-27,886,23600
1176148,52,2026-08-27,886,23600
1176148,76,2026-08-27,886,23600
1197734,17,2026-08-25,1877,23600
1197734,17,2026-08-26,1877,23600
1197734,17,2026-08-27,1877,23600
1197734,18,2026-08-25,1877,23600
1197734,18,2026-08-26,1877,23600
1197734,18,2026-08-27,1877,23600
1197734,19,2026-08-25,1877,23600
1197734,19,2026-08-26,1877,23600
1197734,19,2026-08-27,1877,23600
1197734,20,2026-08-25,1877,23600
1197734,20,2026-08-26,1877,23600
1197734,20,2026-08-27,1877,23600
1197734,50,2026-08-25,1877,23600
1197734,50,2026-08-26,1877,23600
1197734,50,2026-08-27,1877,23600
1204840,25,2027-08-21,1470,27848
1204840,26,2027-08-21,1470,27848
1209749,15,2026-10-30,1396,38776
1209749,15,2026-10-31,1396,38776
1209749,16,2026-10-30,1396,38776
1209749,16,2026-10-31,1396,38776
1209749,17,2026-08-24,1365,38776
1209749,17,2026-08-25,1365,38776
1209749,18,2026-08-24,1365,38776
1209749,18,2026-08-25,1365,38776
1209749,19,2026-08-24,1365,38776
1209749,19,2026-08-25,1365,38776
1209749,20,2026-08-24,1365,38776
1209749,20,2026-08-25,1365,38776
1209749,21,2026-08-28,1853,38776
1209749,21,2026-08-30,1853,38776
1209749,21,2026-08-31,1853,38776
1209749,21,2026-09-01,1853,38776
1209749,21,2026-09-02,1853,38776
1209749,21,2026-09-03,1853,38776
1209749,21,2026-09-07,1852,38776
1209749,21,2026-09-08,1852,38776
1209749,21,2026-09-09,1852,38776
1209749,21,2026-09-10,1852,38776
1209749,21,2026-09-15,1852,38776
1209749,21,2026-09-16,1852,38776
1209749,21,2026-09-17,1852,38776
1209749,21,2026-09-20,1852,38776
1209749,21,2026-09-21,1852,38776
1209749,21,2026-09-22,1852,38776
1209749,21,2026-09-23,1852,38776
1209749,21,2026-09-24,1852,38776
1209749,21,2026-09-27,1852,38776
1209749,21,2026-09-28,1852,38776
1209749,21,2026-09-29,1852,38776
1209749,21,2026-09-30,1852,38776
1209749,21,2026-10-06,1852,38776
1209749,21,2026-10-07,1852,38776
1209749,21,2026-10-08,1852,38776
1209749,21,2026-10-27,1852,38776
1209749,21,2026-10-28,1852,38776
1209749,21,2026-10-29,1852,38776
1209749,21,2026-11-01,1852,38776
1209749,21,2026-11-02,1852,38776
1209749,21,2026-11-03,1852,38776
1209749,21,2026-11-04,1852,38776
1209749,21,2026-11-05,1852,38776
1209749,21,2026-11-12,1852,38776
1209749,21,2026-11-18,1852,38776
1209749,21,2026-11-19,1852,38776
1209749,22,2026-08-28,1853,38776
1209749,22,2026-08-30,1853,38776
1209749,22,2026-08-31,1853,38776
1209749,22,2026-09-01,1853,38776
1209749,22,2026-09-02,1853,38776
1209749,22,2026-09-03,1853,38776
1209749,22,2026-09-07,1852,38776
1209749,22,2026-09-08,1852,38776
1209749,22,2026-09-09,1852,38776
1209749,22,2026-09-10,1852,38776
1209749,22,2026-09-15,1852,38776
1209749,22,2026-09-16,1852,38776
1209749,22,2026-09-17,1852,38776
1209749,22,2026-09-20,1852,38776
1209749,22,2026-09-21,1852,38776
1209749,22,2026-09-22,1852,38776
1209749,22,2026-09-23,1852,38776
1209749,22,2026-09-24,1852,38776
1209749,22,2026-09-27,1852,38776
1209749,22,2026-09-28,1852,38776
1209749,22,2026-09-29,1852,38776
1209749,22,2026-09-30,1852,38776
1209749,22,2026-10-06,1852,38776
1209749,22,2026-10-07,1852,38776
1209749,22,2026-10-08,1852,38776
1209749,22,2026-10-27,1852,38776
1209749,22,2026-10-28,1852,38776
1209749,22,2026-10-29,1852,38776
1209749,22,2026-11-01,1852,38776
1209749,22,2026-11-02,1852,38776
1209749,22,2026-11-03,1852,38776
1209749,22,2026-11-04,1852,38776
1209749,22,2026-11-05,1852,38776
1209749,22,2026-11-12,1852,38776
1209749,22,2026-11-18,1852,38776
1209749,22,2026-11-19,1852,38776
1209749,23,2026-08-28,1853,38776
1209749,23,2026-08-30,1853,38776
1209749,23,2026-08-31,1853,38776
1209749,23,2026-09-01,1853,38776
1209749,23,2026-09-02,1853,38776
1209749,23,2026-09-03,1853,38776
1209749,23,2026-09-07,1852,38776
1209749,23,2026-09-08,1852,38776
1209749,23,2026-09-09,1852,38776
1209749,23,2026-09-10,1852,38776
1209749,23,2026-09-15,1852,38776
1209749,23,2026-09-16,1852,38776
1209749,23,2026-09-17,1852,38776
1209749,23,2026-09-20,1852,38776
1209749,23,2026-09-21,1852,38776
1209749,23,2026-09-22,1852,38776
1209749,23,2026-09-23,1852,38776
1209749,23,2026-09-24,1852,38776
1209749,23,2026-09-27,1852,38776
1209749,23,2026-09-28,1852,38776
1209749,23,2026-09-29,1852,38776
1209749,23,2026-09-30,1852,38776
1209749,23,2026-10-06,1852,38776
1209749,23,2026-10-07,1852,38776
1209749,23,2026-10-08,1852,38776
1209749,23,2026-10-27,1852,38776
1209749,23,2026-10-28,1852,38776
1209749,23,2026-10-29,1852,38776
1209749,23,2026-11-01,1852,38776
1209749,23,2026-11-02,1852,38776
1209749,23,2026-11-03,1852,38776
1209749,23,2026-11-04,1852,38776
1209749,23,2026-11-05,1852,38776
1209749,23,2026-11-12,1852,38776
1209749,23,2026-11-18,1852,38776
1209749,23,2026-11-19,1852,38776
1209749,24,2026-08-28,1853,38776
1209749,24,2026-08-30,1853,38776
1209749,24,2026-08-31,1853,38776
1209749,24,2026-09-01,1853,38776
1209749,24,2026-09-02,1853,38776
1209749,24,2026-09-03,1853,38776
1209749,24,2026-09-07,1852,38776
1209749,24,2026-09-08,1852,38776
1209749,24,2026-09-09,1852,38776
1209749,24,2026-09-10,1852,38776
1209749,24,2026-09-15,1852,38776
1209749,24,2026-09-16,1852,38776
1209749,24,2026-09-17,1852,38776
1209749,24,2026-09-20,1852,38776
1209749,24,2026-09-21,1852,38776
1209749,24,2026-09-22,1852,38776
1209749,24,2026-09-23,1852,38776
1209749,24,2026-09-24,1852,38776
1209749,24,2026-09-27,1852,38776
1209749,24,2026-09-28,1852,38776
1209749,24,2026-09-29,1852,38776
1209749,24,2026-09-30,1852,38776
1209749,24,2026-10-06,1852,38776
1209749,24,2026-10-07,1852,38776
1209749,24,2026-10-08,1852,38776
1209749,24,2026-10-27,1852,38776
1209749,24,2026-10-28,1852,38776
1209749,24,2026-10-29,1852,38776
1209749,24,2026-11-01,1852,38776
1209749,24,2026-11-02,1852,38776
1209749,24,2026-11-03,1852,38776
1209749,24,2026-11-04,1852,38776
1209749,24,2026-11-05,1852,38776
1209749,24,2026-11-12,1852,38776
1209749,24,2026-11-18,1852,38776
1209749,24,2026-11-19,1852,38776
1209749,38,2026-10-30,1396,38776
1209749,38,2026-10-31,1396,38776
1209749,39,2026-08-28,1853,38776
1209749,39,2026-08-30,1853,38776
1209749,39,2026-08-31,1853,38776
1209749,39,2026-09-01,1853,38776
1209749,39,2026-09-02,1853,38776
1209749,39,2026-09-03,1853,38776
1209749,39,2026-09-07,1852,38776
1209749,39,2026-09-08,1852,38776
1209749,39,2026-09-09,1852,38776
1209749,39,2026-09-10,1852,38776
1209749,39,2026-09-15,1852,38776
1209749,39,2026-09-16,1852,38776
1209749,39,2026-09-17,1852,38776
1209749,39,2026-09-20,1852,38776
1209749,39,2026-09-21,1852,38776
1209749,39,2026-09-22,1852,38776
1209749,39,2026-09-23,1852,38776
1209749,39,2026-09-24,1852,38776
1209749,39,2026-09-27,1852,38776
1209749,39,2026-09-28,1852,38776
1209749,39,2026-09-29,1852,38776
1209749,39,2026-09-30,1852,38776
1209749,39,2026-10-06,1852,38776
1209749,39,2026-10-07,1852,38776
1209749,39,2026-10-08,1852,38776
1209749,39,2026-10-27,1852,38776
1209749,39,2026-10-28,1852,38776
1209749,39,2026-10-29,1852,38776
1209749,39,2026-11-01,1852,38776
1209749,39,2026-11-02,1852,38776
1209749,39,2026-11-03,1852,38776
1209749,39,2026-11-04,1852,38776
1209749,39,2026-11-05,1852,38776
1209749,39,2026-11-12,1852,38776
1209749,39,2026-11-18,1852,38776
1209749,39,2026-11-19,1852,38776
1209749,40,2026-08-28,1853,38776
1209749,40,2026-08-30,1853,38776
1209749,40,2026-08-31,1853,38776
1209749,40,2026-09-01,1853,38776
1209749,40,2026-09-02,1853,38776
1209749,40,2026-09-03,1853,38776
1209749,40,2026-09-07,1852,38776
1209749,40,2026-09-08,1852,38776
1209749,40,2026-09-09,1852,38776
1209749,40,2026-09-10,1852,38776
1209749,40,2026-09-15,1852,38776
1209749,40,2026-09-16,1852,38776
1209749,40,2026-09-17,1852,38776
1209749,40,2026-09-20,1852,38776
1209749,40,2026-09-21,1852,38776
1209749,40,2026-09-22,1852,38776
1209749,40,2026-09-23,1852,38776
1209749,40,2026-09-24,1852,38776
1209749,40,2026-09-27,1852,38776
1209749,40,2026-09-28,1852,38776
1209749,40,2026-09-29,1852,38776
1209749,40,2026-09-30,1852,38776
1209749,40,2026-10-06,1852,38776
1209749,40,2026-10-07,1852,38776
1209749,40,2026-10-08,1852,38776
1209749,40,2026-10-27,1852,38776
1209749,40,2026-10-28,1852,38776
1209749,40,2026-10-29,1852,38776
1209749,40,2026-11-01,1852,38776
1209749,40,2026-11-02,1852,38776
1209749,40,2026-11-03,1852,38776
1209749,40,2026-11-04,1852,38776
1209749,40,2026-11-05,1852,38776
1209749,40,2026-11-12,1852,38776
1209749,40,2026-11-18,1852,38776
1209749,40,2026-11-19,1852,38776
1209749,83,2026-08-28,1853,38776
1209749,83,2026-08-30,1853,38776
1209749,83,2026-08-31,1853,38776
1209749,83,2026-09-01,1853,38776
1209749,83,2026-09-02,1853,38776
1209749,83,2026-09-03,1853,38776
1209749,83,2026-09-07,1852,38776
1209749,83,2026-09-08,1852,38776
1209749,83,2026-09-09,1852,38776
1209749,83,2026-09-10,1852,38776
1209749,83,2026-09-15,1852,38776
1209749,83,2026-09-16,1852,38776
1209749,83,2026-09-17,1852,38776
1209749,83,2026-09-20,1852,38776
1209749,83,2026-09-21,1852,38776
1209749,83,2026-09-22,1852,38776
1209749,83,2026-09-23,1852,38776
1209749,83,2026-09-24,1852,38776
1209749,83,2026-09-27,1852,38776
1209749,83,2026-09-28,1852,38776
1209749,83,2026-09-29,1852,38776
1209749,83,2026-09-30,1852,38776
1209749,83,2026-10-06,1852,38776
1209749,83,2026-10-07,1852,38776
1209749,83,2026-10-08,1852,38776
1209749,83,2026-10-27,1852,38776
1209749,83,2026-10-28,1852,38776
1209749,83,2026-10-29,1852,38776
1209749,83,2026-11-01,1852,38776
1209749,83,2026-11-02,1852,38776
1209749,83,2026-11-03,1852,38776
1209749,83,2026-11-04,1852,38776
1209749,83,2026-11-05,1852,38776
1209749,83,2026-11-12,1852,38776
1209749,83,2026-11-18,1852,38776
1209749,83,2026-11-19,1852,38776
1212380,21,2026-10-20,1849,20000
1212380,21,2026-10-22,1849,20000
1212380,21,2026-10-23,1849,20000
1212380,21,2026-10-24,1849,20000
1212380,21,2026-10-26,1849,20000
1212380,21,2026-10-27,1849,20000
1212380,21,2026-10-28,1849,20000
1212380,21,2026-10-29,1849,20000
1212380,21,2026-10-30,1849,20000
1212380,21,2026-10-31,1849,20000
1212380,21,2026-11-01,1849,20000
1212380,21,2026-11-02,1849,20000
1212380,21,2026-11-03,1849,20000
1212380,21,2026-11-04,1849,20000
1212380,21,2026-11-05,1849,20000
1212380,21,2026-11-06,1849,20000
1212380,21,2026-11-07,1849,20000
1212380,21,2026-11-08,1849,20000
1212380,21,2026-11-09,1849,20000
1212380,21,2026-11-10,1849,20000
1212380,21,2026-11-11,1849,20000
1212380,21,2026-11-12,1849,20000
1212380,21,2026-11-13,1849,20000
1212380,21,2026-11-14,1849,20000
1212380,21,2026-11-15,1849,20000
1212380,21,2026-11-16,1849,20000
1212380,21,2026-11-17,1849,20000
1212380,21,2026-11-18,1849,20000
1212380,21,2026-11-19,1849,20000
1212380,22,2026-10-20,1849,20000
1212380,22,2026-10-22,1849,20000
1212380,22,2026-10-23,1849,20000
1212380,22,2026-10-24,1849,20000
1212380,22,2026-10-26,1849,20000
1212380,22,2026-10-27,1849,20000
1212380,22,2026-10-28,1849,20000
1212380,22,2026-10-29,1849,20000
1212380,22,2026-10-30,1849,20000
1212380,22,2026-10-31,1849,20000
1212380,22,2026-11-01,1849,20000
1212380,22,2026-11-02,1849,20000
1212380,22,2026-11-03,1849,20000
1212380,22,2026-11-04,1849,20000
1212380,22,2026-11-05,1849,20000
1212380,22,2026-11-06,1849,20000
1212380,22,2026-11-07,1849,20000
1212380,22,2026-11-08,1849,20000
1212380,22,2026-11-09,1849,20000
1212380,22,2026-11-10,1849,20000
1212380,22,2026-11-11,1849,20000
1212380,22,2026-11-12,1849,20000
1212380,22,2026-11-13,1849,20000
1212380,22,2026-11-14,1849,20000
1212380,22,2026-11-15,1849,20000
1212380,22,2026-11-16,1849,20000
1212380,22,2026-11-17,1849,20000
1212380,22,2026-11-18,1849,20000
1212380,22,2026-11-19,1849,20000
1212380,39,2026-10-20,1849,20000
1212380,39,2026-10-22,1849,20000
1212380,39,2026-10-23,1849,20000
1212380,39,2026-10-24,1849,20000
1212380,39,2026-10-26,1849,20000
1212380,39,2026-10-27,1849,20000
1212380,39,2026-10-28,1849,20000
1212380,39,2026-10-29,1849,20000
1212380,39,2026-10-30,1849,20000
1212380,39,2026-10-31,1849,20000
1212380,39,2026-11-01,1849,20000
1212380,39,2026-11-02,1849,20000
1212380,39,2026-11-03,1849,20000
1212380,39,2026-11-04,1849,20000
1212380,39,2026-11-05,1849,20000
1212380,39,2026-11-06,1849,20000
1212380,39,2026-11-07,1849,20000
1212380,39,2026-11-08,1849,20000
1212380,39,2026-11-09,1849,20000
1212380,39,2026-11-10,1849,20000
1212380,39,2026-11-11,1849,20000
1212380,39,2026-11-12,1849,20000
1212380,39,2026-11-13,1849,20000
1212380,39,2026-11-14,1849,20000
1212380,39,2026-11-15,1849,20000
1212380,39,2026-11-16,1849,20000
1212380,39,2026-11-17,1849,20000
1212380,39,2026-11-18,1849,20000
1212380,39,2026-11-19,1849,20000
1212380,83,2026-10-20,1849,20000
1212380,83,2026-10-22,1849,20000
1212380,83,2026-10-23,1849,20000
1212380,83,2026-10-24,1849,20000
1212380,83,2026-10-26,1849,20000
1212380,83,2026-10-27,1849,20000
1212380,83,2026-10-28,1849,20000
1212380,83,2026-10-29,1849,20000
1212380,83,2026-10-30,1849,20000
1212380,83,2026-10-31,1849,20000
1212380,83,2026-11-01,1849,20000
1212380,83,2026-11-02,1849,20000
1212380,83,2026-11-03,1849,20000
1212380,83,2026-11-04,1849,20000
1212380,83,2026-11-05,1849,20000
1212380,83,2026-11-06,1849,20000
1212380,83,2026-11-07,1849,20000
1212380,83,2026-11-08,1849,20000
1212380,83,2026-11-09,1849,20000
1212380,83,2026-11-10,1849,20000
1212380,83,2026-11-11,1849,20000
1212380,83,2026-11-12,1849,20000
1212380,83,2026-11-13,1849,20000
1212380,83,2026-11-14,1849,20000
1212380,83,2026-11-15,1849,20000
1212380,83,2026-11-16,1849,20000
1212380,83,2026-11-17,1849,20000
1212380,83,2026-11-18,1849,20000
1212380,83,2026-11-19,1849,20000
1212547,23,2026-08-27,2830,23600
1212547,24,2026-08-27,2830,23600
1212547,40,2026-08-27,2830,23600
1213613,21,2027-08-21,2733,23600
1213613,22,2027-08-21,2733,23600
1213613,39,2027-08-21,2733,23600
1213613,83,2027-08-21,2733,23600
1218072,17,2026-08-27,2753,23600
1218072,18,2026-08-27,2753,23600
1218072,50,2026-08-27,2753,23600
1218072,87,2026-08-27,2753,23600
1229511,17,2026-08-24,1014,23600
1229511,18,2026-08-24,1014,23600
1229511,21,2026-08-21,1313,23600
1229511,22,2026-08-21,1313,23600
1229511,25,2026-08-25,1528,23600
1229511,26,2026-08-25,1528,23600
1229511,39,2026-08-21,1313,23600
1229511,50,2026-08-24,1014,23600
1229511,83,2026-08-21,1313,23600
1229511,87,2026-08-24,1014,23600
1229511,97,2026-08-21,1313,23600
1253600,17,2026-08-29,1552,23600
1253600,17,2026-09-04,1552,23600
1253600,18,2026-08-29,1552,23600
1253600,18,2026-09-04,1552,23600
1253600,19,2026-08-29,1655,23600
1253600,20,2026-08-29,1655,23600
1253600,50,2026-08-29,1552,23600
1253600,50,2026-09-04,1552,23600
1253706,29,2026-08-29,2946,23600
1253706,30,2026-08-29,2946,23600
1253706,31,2026-08-29,2946,23600
1253706,57,2026-08-29,2946,23600
1256474,23,2026-08-28,1525,23600
1256474,24,2026-08-28,1525,23600
1257158,23,2026-08-27,1590,23600
1257158,24,2026-08-27,1590,23600
1257158,40,2026-08-27,1590,23600
1259110,23,2026-08-28,1759,23600
1259110,23,2026-08-29,1759,23600
1259110,24,2026-08-28,1759,23600
1259110,24,2026-08-29,1759,23600
1259110,40,2026-08-28,1759,23600
1259110,40,2026-08-29,1759,23600
1263729,17,2026-08-27,1116,20000
1263729,18,2026-08-27,1116,20000
1263729,50,2026-08-27,1116,20000
1265433,27,2026-08-27,2254,23600
1265433,28,2026-08-27,2254,23600
1269686,17,2026-08-27,1416,23600
1269686,18,2026-08-27,1416,23600
1269686,50,2026-08-27,1416,23600
1269736,17,2026-08-27,1700,27848
1269736,18,2026-08-27,1700,27848
1314078,15,2026-09-11,1562,23600
1314078,15,2026-09-18,1562,23600
1314078,15,2026-09-19,1562,23600
1314078,38,2026-09-11,1562,23600
1314078,38,2026-09-18,1562,23600
1314078,38,2026-09-19,1562,23600
1314078,76,2026-09-11,1562,23600
1314078,76,2026-09-18,1562,23600
1314078,76,2026-09-19,1562,23600
1319620,21,2026-08-27,1330,23600
1319620,22,2026-08-27,1330,23600
1319620,23,2026-08-28,1626,23600
1319620,24,2026-08-28,1626,23600
1319620,39,2026-08-27,1330,23600
1326972,27,2026-08-27,1538,23600
1326972,28,2026-08-27,1538,23600
1362285,17,2026-08-26,1533,23600
1362285,18,2026-08-26,1533,23600
1362285,19,2026-08-26,1602,23600
1362285,20,2026-08-26,1602,23600
1362285,50,2026-08-26,1533,23600
1368078,17,2026-08-25,1637,23600
1368078,18,2026-08-25,1637,23600
1368078,21,2026-08-23,1859,23600
1368078,21,2026-08-24,1859,23600
1368078,22,2026-08-23,1859,23600
1368078,22,2026-08-24,1859,23600
1368078,39,2026-08-23,1859,23600
1368078,39,2026-08-24,1859,23600
1368078,50,2026-08-25,1637,23600
1368078,83,2026-08-23,1859,23600
1368078,83,2026-08-24,1859,23600
1373375,21,2026-08-27,2199,23600
1373375,22,2026-08-27,2199,23600
1373375,39,2026-08-27,2199,23600
1373375,83,2026-08-27,2199,23600
1379624,27,2026-11-19,3751,23600
1379624,28,2026-11-19,3751,23600
1386944,17,2026-08-28,1486,23600
1386944,17,2026-08-29,1486,23600
1386944,18,2026-08-28,1486,23600
1386944,18,2026-08-29,1486,23600
1386944,50,2026-08-28,1486,23600
1386944,50,2026-08-29,1486,23600
1395021,23,2026-08-25,1756,23600
1395021,24,2026-08-25,1756,23600
1395021,27,2026-08-24,2052,23600
1395021,28,2026-08-24,2052,23600
1395021,40,2026-08-25,1756,23600
1395021,41,2026-08-24,2052,23600
1395021,84,2026-08-25,1756,23600
1396947,15,2026-08-24,1926,23600
1396947,16,2026-08-25,2079,23600
1396947,16,2026-08-26,2078,23600
1396947,17,2026-08-25,2113,23600
1396947,17,2026-08-26,2113,23600
1396947,18,2026-08-25,2113,23600
1396947,18,2026-08-26,2113,23600
1396947,38,2026-08-24,1926,23600
1396947,50,2026-08-25,2113,23600
1396947,50,2026-08-26,2113,23600
1396947,52,2026-08-25,2079,23600
1396947,52,2026-08-26,2078,23600
1396947,76,2026-08-24,1926,23600
1396947,87,2026-08-25,2113,23600
1396947,87,2026-08-26,2113,23600
1405295,32,2026-08-22,1371,23600
1405295,32,2026-08-23,1371,23600
1405295,32,2026-08-24,1371,23600
1405295,32,2026-08-25,1371,23600
1405295,32,2026-08-26,1371,23600
1405295,33,2026-08-22,1371,23600
1405295,33,2026-08-23,1371,23600
1405295,33,2026-08-24,1371,23600
1405295,33,2026-08-25,1371,23600
1405295,33,2026-08-26,1371,23600
1405295,34,2026-08-22,1371,23600
1405295,34,2026-08-23,1371,23600
1405295,34,2026-08-24,1371,23600
1405295,34,2026-08-25,1371,23600
1405295,34,2026-08-26,1371,23600
1411710,17,2026-08-27,1636,23600
1411710,18,2026-08-27,1636,23600
1411710,50,2026-08-27,1636,23600
1412139,25,2027-08-21,1597,23600
1412139,26,2027-08-21,1597,23600
1419130,15,2026-08-27,1853,23600
1423815,19,2026-08-26,1564,23600
1423815,20,2026-08-26,1564,23600
1423815,21,2026-08-26,1633,23600
1423815,21,2026-08-27,1621,23600
1423815,22,2026-08-26,1633,23600
1423815,22,2026-08-27,1621,23600
1423815,23,2026-08-27,1759,23600
1423815,24,2026-08-27,1759,23600
1423815,39,2026-08-26,1633,23600
1423815,39,2026-08-27,1621,23600
1423815,40,2026-08-27,1759,23600
1423815,83,2026-08-26,1633,23600
1423815,83,2026-08-27,1621,23600
1435986,17,2026-10-20,1254,23600
1435986,17,2026-10-21,1254,23600
1435986,17,2026-10-22,1254,23600
1435986,17,2026-10-23,1254,23600
1435986,17,2026-10-24,1254,23600
1435986,17,2026-10-26,1254,23600
1435986,17,2026-10-27,1254,23600
1435986,17,2026-10-28,1254,23600
1435986,17,2026-10-29,1254,23600
1435986,17,2026-10-30,1254,23600
1435986,17,2026-10-31,1254,23600
1435986,17,2026-11-01,1254,23600
1435986,17,2026-11-02,1254,23600
1435986,17,2026-11-03,1254,23600
1435986,17,2026-11-04,1254,23600
1435986,17,2026-11-05,1254,23600
1435986,17,2026-11-06,1254,23600
1435986,17,2026-11-07,1254,23600
1435986,17,2026-11-08,1254,23600
1435986,17,2026-11-09,1254,23600
1435986,17,2026-11-10,1254,23600
1435986,17,2026-11-11,1254,23600
1435986,17,2026-11-12,1254,23600
1435986,17,2026-11-13,1254,23600
1435986,17,2026-11-14,1254,23600
1435986,17,2026-11-15,1254,23600
1435986,17,2026-11-16,1254,23600
1435986,17,2026-11-17,1254,23600
1435986,17,2026-11-18,1254,23600
1435986,17,2026-11-19,1254,23600
1435986,18,2026-10-20,1254,23600
1435986,18,2026-10-21,1254,23600
1435986,18,2026-10-22,1254,23600
1435986,18,2026-10-23,1254,23600
1435986,18,2026-10-24,1254,23600
1435986,18,2026-10-26,1254,23600
1435986,18,2026-10-27,1254,23600
1435986,18,2026-10-28,1254,23600
1435986,18,2026-10-29,1254,23600
1435986,18,2026-10-30,1254,23600
1435986,18,2026-10-31,1254,23600
1435986,18,2026-11-01,1254,23600
1435986,18,2026-11-02,1254,23600
1435986,18,2026-11-03,1254,23600
1435986,18,2026-11-04,1254,23600
1435986,18,2026-11-05,1254,23600
1435986,18,2026-11-06,1254,23600
1435986,18,2026-11-07,1254,23600
1435986,18,2026-11-08,1254,23600
1435986,18,2026-11-09,1254,23600
1435986,18,2026-11-10,1254,23600
1435986,18,2026-11-11,1254,23600
1435986,18,2026-11-12,1254,23600
1435986,18,2026-11-13,1254,23600
1435986,18,2026-11-14,1254,23600
1435986,18,2026-11-15,1254,23600
1435986,18,2026-11-16,1254,23600
1435986,18,2026-11-17,1254,23600
1435986,18,2026-11-18,1254,23600
1435986,18,2026-11-19,1254,23600
1435986,19,2026-10-20,1341,23600
1435986,19,2026-10-21,1341,23600
1435986,19,2026-10-22,1341,23600
1435986,19,2026-10-23,1341,23600
1435986,19,2026-10-24,1341,23600
1435986,19,2026-10-26,1341,23600
1435986,19,2026-10-27,1341,23600
1435986,19,2026-10-28,1341,23600
1435986,19,2026-10-29,1341,23600
1435986,19,2026-10-30,1341,23600
1435986,19,2026-10-31,1341,23600
1435986,19,2026-11-01,1341,23600
1435986,19,2026-11-02,1341,23600
1435986,19,2026-11-03,1341,23600
1435986,19,2026-11-04,1341,23600
1435986,19,2026-11-05,1341,23600
1435986,19,2026-11-06,1341,23600
1435986,19,2026-11-07,1341,23600
1435986,19,2026-11-08,1341,23600
1435986,19,2026-11-09,1341,23600
1435986,19,2026-11-10,1341,23600
1435986,19,2026-11-11,1341,23600
1435986,19,2026-11-12,1341,23600
1435986,19,2026-11-13,1341,23600
1435986,19,2026-11-14,1341,23600
1435986,19,2026-11-15,1341,23600
1435986,19,2026-11-16,1341,23600
1435986,19,2026-11-17,1341,23600
1435986,19,2026-11-18,1341,23600
1435986,19,2026-11-19,1341,23600
1435986,20,2026-10-20,1341,23600
1435986,20,2026-10-21,1341,23600
1435986,20,2026-10-22,1341,23600
1435986,20,2026-10-23,1341,23600
1435986,20,2026-10-24,1341,23600
1435986,20,2026-10-26,1341,23600
1435986,20,2026-10-27,1341,23600
1435986,20,2026-10-28,1341,23600
1435986,20,2026-10-29,1341,23600
1435986,20,2026-10-30,1341,23600
1435986,20,2026-10-31,1341,23600
1435986,20,2026-11-01,1341,23600
1435986,20,2026-11-02,1341,23600
1435986,20,2026-11-03,1341,23600
1435986,20,2026-11-04,1341,23600
1435986,20,2026-11-05,1341,23600
1435986,20,2026-11-06,1341,23600
1435986,20,2026-11-07,1341,23600
1435986,20,2026-11-08,1341,23600
1435986,20,2026-11-09,1341,23600
1435986,20,2026-11-10,1341,23600
1435986,20,2026-11-11,1341,23600
1435986,20,2026-11-12,1341,23600
1435986,20,2026-11-13,1341,23600
1435986,20,2026-11-14,1341,23600
1435986,20,2026-11-15,1341,23600
1435986,20,2026-11-16,1341,23600
1435986,20,2026-11-17,1341,23600
1435986,20,2026-11-18,1341,23600
1435986,20,2026-11-19,1341,23600
1435986,50,2026-10-20,1254,23600
1435986,50,2026-10-21,1254,23600
1435986,50,2026-10-22,1254,23600
1435986,50,2026-10-23,1254,23600
1435986,50,2026-10-24,1254,23600
1435986,50,2026-10-26,1254,23600
1435986,50,2026-10-27,1254,23600
1435986,50,2026-10-28,1254,23600
1435986,50,2026-10-29,1254,23600
1435986,50,2026-10-30,1254,23600
1435986,50,2026-10-31,1254,23600
1435986,50,2026-11-01,1254,23600
1435986,50,2026-11-02,1254,23600
1435986,50,2026-11-03,1254,23600
1435986,50,2026-11-04,1254,23600
1435986,50,2026-11-05,1254,23600
1435986,50,2026-11-06,1254,23600
1435986,50,2026-11-07,1254,23600
1435986,50,2026-11-08,1254,23600
1435986,50,2026-11-09,1254,23600
1435986,50,2026-11-10,1254,23600
1435986,50,2026-11-11,1254,23600
1435986,50,2026-11-12,1254,23600
1435986,50,2026-11-13,1254,23600
1435986,50,2026-11-14,1254,23600
1435986,50,2026-11-15,1254,23600
1435986,50,2026-11-16,1254,23600
1435986,50,2026-11-17,1254,23600
1435986,50,2026-11-18,1254,23600
1435986,50,2026-11-19,1254,23600
1438370,19,2026-10-20,1341,23600
1438370,19,2026-10-21,1341,23600
1438370,19,2026-10-22,1341,23600
1438370,19,2026-10-23,1341,23600
1438370,19,2026-10-24,1341,23600
1438370,19,2026-10-26,1341,23600
1438370,19,2026-10-27,1341,23600
1438370,19,2026-10-28,1341,23600
1438370,19,2026-10-29,1341,23600
1438370,19,2026-10-30,1341,23600
1438370,19,2026-10-31,1341,23600
1438370,19,2026-11-01,1341,23600
1438370,19,2026-11-02,1341,23600
1438370,19,2026-11-03,1341,23600
1438370,19,2026-11-04,1341,23600
1438370,19,2026-11-05,1341,23600
1438370,19,2026-11-06,1341,23600
1438370,19,2026-11-07,1341,23600
1438370,19,2026-11-08,1341,23600
1438370,19,2026-11-09,1341,23600
1438370,19,2026-11-10,1341,23600
1438370,19,2026-11-11,1341,23600
1438370,19,2026-11-12,1341,23600
1438370,19,2026-11-13,1341,23600
1438370,19,2026-11-14,1341,23600
1438370,19,2026-11-15,1341,23600
1438370,19,2026-11-16,1341,23600
1438370,19,2026-11-17,1341,23600
1438370,19,2026-11-18,1341,23600
1438370,19,2026-11-19,1341,23600
1438370,20,2026-10-20,1341,23600
1438370,20,2026-10-21,1341,23600
1438370,20,2026-10-22,1341,23600
1438370,20,2026-10-23,1341,23600
1438370,20,2026-10-24,1341,23600
1438370,20,2026-10-26,1341,23600
1438370,20,2026-10-27,1341,23600
1438370,20,2026-10-28,1341,23600
1438370,20,2026-10-29,1341,23600
1438370,20,2026-10-30,1341,23600
1438370,20,2026-10-31,1341,23600
1438370,20,2026-11-01,1341,23600
1438370,20,2026-11-02,1341,23600
1438370,20,2026-11-03,1341,23600
1438370,20,2026-11-04,1341,23600
1438370,20,2026-11-05,1341,23600
1438370,20,2026-11-06,1341,23600
1438370,20,2026-11-07,1341,23600
1438370,20,2026-11-08,1341,23600
1438370,20,2026-11-09,1341,23600
1438370,20,2026-11-10,1341,23600
1438370,20,2026-11-11,1341,23600
1438370,20,2026-11-12,1341,23600
1438370,20,2026-11-13,1341,23600
1438370,20,2026-11-14,1341,23600
1438370,20,2026-11-15,1341,23600
1438370,20,2026-11-16,1341,23600
1438370,20,2026-11-17,1341,23600
1438370,20,2026-11-18,1341,23600
1438370,20,2026-11-19,1341,23600
1446609,29,2026-08-29,1944,23600
1446609,30,2026-08-29,1944,23600
1446609,31,2026-08-29,1944,23600
1446609,32,2026-08-29,1944,23600
1446609,33,2026-08-29,1944,23600
1446609,34,2026-08-29,1944,23600
1446609,57,2026-08-29,1944,23600
1453534,27,2026-08-21,2491,23600
1453534,28,2026-08-21,2491,23600
1472376,27,2026-08-23,2174,23600
1472376,27,2026-08-24,2174,23600
1472376,27,2026-08-25,2174,23600
1472376,28,2026-08-23,2174,23600
1472376,28,2026-08-24,2174,23600
1472376,28,2026-08-25,2174,23600
1472459,29,2026-08-26,1513,23600
1472459,30,2026-08-26,1513,23600
1472459,31,2026-08-26,1513,23600
1472459,32,2026-08-26,1513,23600
1472459,33,2026-08-26,1513,23600
1472459,34,2026-08-26,1513,23600
1472459,57,2026-08-26,1513,23600
1472459,58,2026-08-26,1513,23600
1472459,89,2026-08-26,1513,23600
1472508,17,2026-08-29,1383,23600
1472508,18,2026-08-29,1383,23600
1472508,19,2026-08-29,1383,23600
1472508,20,2026-08-29,1383,23600
1472508,21,2026-08-27,1558,23600
1472508,22,2026-08-27,1558,23600
1472508,23,2026-08-27,1558,23600
1472508,24,2026-08-27,1558,23600
1472508,25,2026-08-29,1383,23600
1472508,26,2026-08-29,1383,23600
1472508,39,2026-08-27,1558,23600
1472508,40,2026-08-27,1558,23600
1472508,50,2026-08-29,1383,23600
1472508,83,2026-08-27,1558,23600
1472508,84,2026-08-27,1558,23600
1472508,97,2026-08-27,1558,23600
1472544,45,2026-09-03,1551,23600
1472544,46,2026-09-03,1551,23600
1474895,21,2026-10-30,1674,23600
1474895,21,2026-10-31,1674,23600
1474895,22,2026-10-30,1674,23600
1474895,22,2026-10-31,1674,23600
1474895,23,2026-10-30,1674,23600
1474895,23,2026-10-31,1674,23600
1474895,24,2026-10-30,1674,23600
1474895,24,2026-10-31,1674,23600
1474895,39,2026-10-30,1674,23600
1474895,39,2026-10-31,1674,23600
1474895,40,2026-10-30,1674,23600
1474895,40,2026-10-31,1674,23600
1474895,83,2026-10-30,1674,23600
1474895,83,2026-10-31,1674,23600
1476116,21,2026-08-29,1874,23600
1476116,22,2026-08-29,1874,23600
1476116,23,2026-09-04,2192,23600
1476116,24,2026-09-04,2192,23600
1476116,39,2026-08-29,1874,23600
1476116,40,2026-09-04,2192,23600
1476116,83,2026-08-29,1874,23600
1476116,84,2026-09-04,2192,23600
1476116,97,2026-08-29,1874,23600
1483392,27,2026-08-27,2067,27848
1483392,28,2026-08-27,2067,27848
1483392,32,2026-08-27,1998,27848
1483392,33,2026-08-27,1998,27848
1483392,34,2026-08-27,1998,27848
1483392,58,2026-08-27,1998,27848
1483392,90,2026-08-27,1998,27848
1483570,25,2026-08-27,1631,23600
1483570,26,2026-08-27,1631,23600
1484845,29,2026-08-27,2220,23600
1484845,30,2026-08-27,2220,23600
1484845,31,2026-08-27,2220,23600
1484845,57,2026-08-27,2220,23600
1503990,17,2026-08-27,1708,23600
1503990,18,2026-08-27,1708,23600
1503990,50,2026-08-27,1708,23600
1508506,21,2026-08-27,1644,23600
1508506,22,2026-08-27,1644,23600
1508506,39,2026-08-27,1644,23600
1508506,83,2026-08-27,1644,23600
1534876,15,2026-08-27,1243,23600
1534876,38,2026-08-27,1243,23600
1534876,76,2026-08-27,1243,23600
1541487,21,2026-08-21,2054,20000
1541487,21,2026-08-30,2136,20000
1541487,22,2026-08-21,2054,20000
1541487,22,2026-08-30,2136,20000
1541487,35,2026-08-30,2757,20000
1541487,36,2026-08-30,2757,20000
1541487,39,2026-08-21,2054,20000
1541487,39,2026-08-30,2136,20000
1552629,21,2026-08-27,2269,23600
1552629,22,2026-08-27,2269,23600
1552629,25,2026-08-27,1993,23600
1552629,26,2026-08-27,1993,23600
1552629,39,2026-08-27,2269,23600
1552629,83,2026-08-27,2269,23600
1553206,21,2026-08-27,1822,23600
1553206,22,2026-08-27,1822,23600
1553206,39,2026-08-27,1822,23600
1553206,83,2026-08-27,1822,23600
1553264,17,2026-08-27,1640,23600
1553264,18,2026-08-27,1640,23600
1553264,50,2026-08-27,1640,23600
1553264,87,2026-08-27,1640,23600
1556414,17,2026-11-19,1350,20000
1556414,18,2026-11-19,1350,20000
1556414,50,2026-11-19,1350,20000
1558817,17,2026-08-27,1552,23600
1558817,18,2026-08-27,1552,23600
1558817,50,2026-08-27,1552,23600
1581295,25,2026-08-30,1161,27848
1581295,26,2026-08-30,1161,27848
1593382,17,2026-08-27,1387,20000
1593382,18,2026-08-27,1387,20000
1595502,27,2026-08-30,1776,23600
1595502,28,2026-08-30,1776,23600
1597934,17,2026-08-27,1373,23600
1597934,18,2026-08-27,1373,23600
1597934,50,2026-08-27,1373,23600
1598533,35,2026-08-27,2686,23600
1598533,36,2026-08-27,2686,23600
1598533,37,2026-08-27,2686,23600
1603145,17,2026-08-30,1127,23600
1603145,18,2026-08-30,1127,23600
1603145,50,2026-08-30,1127,23600
1619637,15,2026-08-22,1068,23600
1619637,17,2026-08-27,1508,23600
1619637,18,2026-08-27,1508,23600
1619637,19,2026-08-25,1622,23600
1619637,20,2026-08-25,1622,23600
1619637,38,2026-08-22,1068,23600
1619637,50,2026-08-27,1508,23600
1702720,27,2026-09-02,3092,23600
1702720,28,2026-09-02,3092,23600
1702720,29,2026-09-04,2747,23600
1702720,29,2026-11-19,2747,23600
1702720,30,2026-09-04,2747,23600
1702720,30,2026-11-19,2747,23600
1702720,31,2026-09-04,2747,23600
1702720,31,2026-11-19,2747,23600
1702720,32,2026-09-04,2885,23600
1702720,32,2026-11-19,2885,23600
1702720,33,2026-09-04,2885,23600
1702720,33,2026-11-19,2885,23600
1702720,34,2026-09-04,2885,23600
1702720,34,2026-11-19,2885,23600
1702720,57,2026-09-04,2747,23600
1702720,57,2026-11-19,2747,23600
1767140,25,2026-09-04,1952,23600
1767140,26,2026-09-04,1952,23600
1767649,17,2026-08-27,1258,23600
1767649,18,2026-08-27,1258,23600
1767649,19,2026-08-27,1258,23600
1767649,20,2026-08-27,1258,23600
1767649,21,2026-08-23,1633,23600
1767649,22,2026-08-23,1633,23600
1767649,23,2026-08-23,1633,23600
1767649,24,2026-08-23,1633,23600
1767649,29,2026-08-26,3831,23600
1767649,30,2026-08-26,3831,23600
1767649,31,2026-08-26,3831,23600
1767649,32,2026-08-26,3831,23600
1767649,33,2026-08-26,3831,23600
1767649,34,2026-08-26,3831,23600
1767649,39,2026-08-23,1633,23600
1767649,40,2026-08-23,1633,23600
1767649,50,2026-08-27,1258,23600
1767649,57,2026-08-26,3831,23600
1767649,83,2026-08-23,1633,23600
1837134,29,2026-09-04,3630,23600
1837134,29,2026-11-19,3630,23600
1837134,30,2026-09-04,3630,23600
1837134,30,2026-11-19,3630,23600
1837134,31,2026-09-04,3630,23600
1837134,31,2026-11-19,3630,23600
1837134,32,2026-09-04,3768,23600
1837134,32,2026-11-19,3768,23600
1837134,33,2026-09-04,3768,23600
1837134,33,2026-11-19,3768,23600
1837134,34,2026-09-04,3768,23600
1837134,34,2026-11-19,3768,23600
1837134,57,2026-09-04,3630,23600
1837134,57,2026-11-19,3630,23600
1873520,25,2027-08-21,1929,23600
1873520,26,2027-08-21,1929,23600
1884844,21,2026-08-27,1458,23600
1884844,22,2026-08-27,1458,23600
1884844,39,2026-08-27,1458,23600
1916713,27,2027-08-21,2053,23600
1916713,28,2027-08-21,2053,23600
1929807,25,2026-08-30,1524,23600
1929807,26,2026-08-30,1524,23600
1978478,17,2026-08-27,1457,27848
1978478,18,2026-08-27,1457,27848
1978478,32,2026-08-27,1940,27848
1978478,33,2026-08-27,1940,27848
1978478,34,2026-08-27,1940,27848
1978478,50,2026-08-27,1457,27848
2010498,15,2026-08-27,1613,23600
2010498,16,2026-08-26,1703,23600
2010498,38,2026-08-27,1613,23600
2010531,23,2026-08-26,1337,23600
2010531,24,2026-08-26,1337,23600
2010531,40,2026-08-26,1337,23600
2011068,17,2026-08-27,1594,23600
2011068,18,2026-08-27,1594,23600
2011068,19,2026-08-27,1732,23600
2011068,20,2026-08-27,1732,23600
2011068,50,2026-08-27,1594,23600
2013518,23,2026-08-27,1151,23600
2013518,24,2026-08-27,1151,23600
2013518,40,2026-08-27,1151,23600
2024299,29,2026-08-24,2125,23600
2024299,29,2026-08-24,2125,23600
2024299,29,2026-08-25,2125,23600
2024299,29,2026-08-25,2125,23600
2024299,30,2026-08-24,2125,23600
2024299,30,2026-08-24,2125,23600
2024299,30,2026-08-25,2125,23600
2024299,30,2026-08-25,2125,23600
2024299,31,2026-08-24,2125,23600
2024299,31,2026-08-25,2125,23600
2024299,32,2026-08-24,2125,23600
2024299,32,2026-08-24,2125,23600
2024299,32,2026-08-25,2125,23600
2024299,32,2026-08-25,2125,23600
2024299,33,2026-08-24,2125,23600
2024299,33,2026-08-24,2125,23600
2024299,33,2026-08-25,2125,23600
2024299,33,2026-08-25,2125,23600
2024299,34,2026-08-24,2125,23600
2024299,34,2026-08-25,2125,23600
2024299,35,2026-08-26,2482,23600
2024299,35,2026-08-26,2482,23600
2024299,36,2026-08-26,2482,23600
2024299,36,2026-08-26,2482,23600
2024299,37,2026-08-26,2482,23600
2024299,42,2026-08-27,2776,23600
2024299,42,2026-08-27,2776,23600
2024299,43,2026-08-27,2776,23600
2024299,43,2026-08-27,2776,23600
2024299,57,2026-08-24,2125,23600
2024299,57,2026-08-25,2125,23600
2024299,58,2026-08-24,2125,23600
2024299,58,2026-08-25,2125,23600
2024299,89,2026-08-24,2125,23600
2024299,89,2026-08-25,2125,23600
2024354,17,2026-08-27,1864,23600
2024354,18,2026-08-27,1864,23600
2024354,50,2026-08-27,1864,23600
2024578,21,2026-10-20,1415,20000
2024578,22,2026-10-20,1415,20000
2024578,39,2026-10-20,1415,20000
2024867,17,2026-08-27,2622,23600
2024867,18,2026-08-27,2622,23600
2025497,17,2026-08-28,1457,23600
2025497,17,2026-08-29,1457,23600
2025497,18,2026-08-28,1457,23600
2025497,18,2026-08-29,1457,23600
2025497,21,2026-08-21,1570,23600
2025497,22,2026-08-21,1570,23600
2025497,39,2026-08-21,1570,23600
2025497,83,2026-08-21,1570,23600
2025675,23,2026-08-28,1889,20000
2025675,23,2026-08-29,1889,20000
2025675,24,2026-08-28,1889,20000
2025675,24,2026-08-29,1889,20000
2026607,17,2026-11-19,1643,20000
2026607,18,2026-11-19,1643,20000
2026607,50,2026-11-19,1643,20000
2031448,25,2027-08-21,1837,23600
2031448,26,2027-08-21,1837,23600
2031448,55,2027-08-21,1837,23600
2033589,29,2026-10-06,3571,23600
2033589,29,2026-10-07,3571,23600
2033589,29,2026-10-08,3571,23600
2033589,29,2026-10-27,3571,23600
2033589,29,2026-10-28,3571,23600
2033589,29,2026-10-29,3571,23600
2033589,30,2026-10-06,3571,23600
2033589,30,2026-10-07,3571,23600
2033589,30,2026-10-08,3571,23600
2033589,30,2026-10-27,3571,23600
2033589,30,2026-10-28,3571,23600
2033589,30,2026-10-29,3571,23600
2033589,31,2026-10-06,3571,23600
2033589,31,2026-10-07,3571,23600
2033589,31,2026-10-08,3571,23600
2033589,31,2026-10-27,3571,23600
2033589,31,2026-10-28,3571,23600
2033589,31,2026-10-29,3571,23600
2033589,32,2026-11-01,3743,23600
2033589,32,2026-11-02,3743,23600
2033589,32,2026-11-03,3743,23600
2033589,32,2026-11-04,3743,23600
2033589,32,2026-11-05,3743,23600
2033589,32,2026-11-12,3743,23600
2033589,32,2026-11-18,3743,23600
2033589,32,2026-11-19,3743,23600
2033589,33,2026-11-01,3743,23600
2033589,33,2026-11-02,3743,23600
2033589,33,2026-11-03,3743,23600
2033589,33,2026-11-04,3743,23600
2033589,33,2026-11-05,3743,23600
2033589,33,2026-11-12,3743,23600
2033589,33,2026-11-18,3743,23600
2033589,33,2026-11-19,3743,23600
2033589,34,2026-11-01,3743,23600
2033589,34,2026-11-02,3743,23600
2033589,34,2026-11-03,3743,23600
2033589,34,2026-11-04,3743,23600
2033589,34,2026-11-05,3743,23600
2033589,34,2026-11-12,3743,23600
2033589,34,2026-11-18,3743,23600
2033589,34,2026-11-19,3743,23600
2033589,57,2026-10-06,3571,23600
2033589,57,2026-10-07,3571,23600
2033589,57,2026-10-08,3571,23600
2033589,57,2026-10-27,3571,23600
2033589,57,2026-10-28,3571,23600
2033589,57,2026-10-29,3571,23600
2043442,23,2026-08-27,1518,23600
2043442,24,2026-08-27,1518,23600
2043442,40,2026-08-27,1518,23600
2043614,23,2026-08-27,1720,20000
2043614,24,2026-08-27,1720,20000
2043614,40,2026-08-27,1720,20000
2051467,17,2026-08-30,1010,20000
2051467,18,2026-08-30,1010,20000
2051467,50,2026-08-30,1010,20000
2051467,87,2026-08-30,1010,20000
2052672,17,2026-08-27,1409,23600
2052672,18,2026-08-27,1409,23600
2052672,21,2026-08-27,1478,23600
2052672,22,2026-08-27,1478,23600
2052672,39,2026-08-27,1478,23600
2052672,50,2026-08-27,1409,23600
2052672,83,2026-08-27,1478,23600
2053245,21,2026-08-27,1196,23600
2053245,22,2026-08-27,1196,23600
2053245,39,2026-08-27,1196,23600
2053245,83,2026-08-27,1196,23600
2055589,17,2026-08-27,1569,23600
2055589,18,2026-08-27,1569,23600
2055589,50,2026-08-27,1569,23600
2055589,87,2026-08-27,1569,23600
2057538,27,2026-08-24,2413,23600
2057538,27,2026-08-25,2412,23600
2057538,28,2026-08-24,2413,23600
2057538,28,2026-08-25,2412,23600
2059540,23,2026-08-23,1629,23600
2059540,24,2026-08-23,1629,23600
2059541,19,2026-08-27,2283,27848
2059541,20,2026-08-27,2283,27848
2066561,27,2026-08-27,1862,27848
2066561,28,2026-08-27,1862,27848
2066561,29,2026-11-19,2490,27848
2066561,30,2026-11-19,2490,27848
2066561,31,2026-11-19,2490,27848
2066561,57,2026-11-19,2490,27848
2071224,23,2026-08-28,1343,23600
2071224,23,2026-08-29,1343,23600
2071224,24,2026-08-28,1343,23600
2071224,24,2026-08-29,1343,23600
2071224,40,2026-08-28,1343,23600
2071224,40,2026-08-29,1343,23600
2079707,21,2026-08-27,1426,23600
2079707,22,2026-08-27,1426,23600
2079707,39,2026-08-27,1426,23600
2079707,83,2026-08-27,1426,23600
2088875,21,2026-08-27,2126,23600
2088875,22,2026-08-27,2126,23600
2088875,39,2026-08-27,2126,23600
2088875,83,2026-08-27,2126,23600
4477291,23,2026-09-25,1557,20000
4477291,23,2026-09-26,1557,20000
4477291,23,2026-11-06,1557,20000
4477291,23,2026-11-13,1557,20000
4477291,24,2026-09-25,1557,20000
4477291,24,2026-09-26,1557,20000
4477291,24,2026-11-06,1557,20000
4477291,24,2026-11-13,1557,20000
6141453,27,2026-11-19,2505,23600
6141453,28,2026-11-19,2505,23600
6141453,29,2026-11-19,2505,23600
6141453,30,2026-11-19,2505,23600
6141453,31,2026-11-19,2505,23600
6141453,32,2026-11-19,2505,23600
6141453,33,2026-11-19,2505,23600
6141453,34,2026-11-19,2505,23600
6141453,57,2026-11-19,2505,23600
6473852,15,2026-11-19,1333,23600
6473852,16,2026-11-19,1333,23600
6809984,21,2026-08-27,1115,20000
6809984,22,2026-08-27,1115,20000
6809984,23,2026-08-27,1115,20000
6809984,24,2026-08-27,1115,20000
6809984,39,2026-08-27,1115,20000
6809984,40,2026-08-27,1115,20000
6809984,83,2026-08-27,1115,20000
9772256,21,2026-10-21,4182,23600
9772256,21,2026-10-22,4182,23600
9772256,21,2026-10-23,4182,23600
9772256,21,2026-10-24,4182,23600
9772256,21,2026-10-25,4182,23600
9772256,21,2026-10-26,3661,23600
9772256,21,2026-10-30,3965,23600
9772256,21,2026-10-31,3965,23600
9772256,21,2026-11-06,4182,23600
9772256,21,2026-11-07,4182,23600
9772256,21,2026-11-08,4182,23600
9772256,21,2026-11-09,4182,23600
9772256,21,2026-11-10,4182,23600
9772256,21,2026-11-11,3661,23600
9772256,21,2026-11-13,4182,23600
9772256,21,2026-11-14,4182,23600
9772256,21,2026-11-15,4182,23600
9772256,21,2026-11-16,4182,23600
9772256,21,2026-11-17,3661,23600
9772256,22,2026-10-21,4182,23600
9772256,22,2026-10-22,4182,23600
9772256,22,2026-10-23,4182,23600
9772256,22,2026-10-24,4182,23600
9772256,22,2026-10-25,4182,23600
9772256,22,2026-10-26,3661,23600
9772256,22,2026-10-30,3965,23600
9772256,22,2026-10-31,3965,23600
9772256,22,2026-11-06,4182,23600
9772256,22,2026-11-07,4182,23600
9772256,22,2026-11-08,4182,23600
9772256,22,2026-11-09,4182,23600
9772256,22,2026-11-10,4182,23600
9772256,22,2026-11-11,3661,23600
9772256,22,2026-11-13,4182,23600
9772256,22,2026-11-14,4182,23600
9772256,22,2026-11-15,4182,23600
9772256,22,2026-11-16,4182,23600
9772256,22,2026-11-17,3661,23600
9772256,23,2026-10-21,4182,23600
9772256,23,2026-10-22,4182,23600
9772256,23,2026-10-23,4182,23600
9772256,23,2026-10-24,4182,23600
9772256,23,2026-10-25,4182,23600
9772256,23,2026-10-26,3661,23600
9772256,23,2026-10-30,3965,23600
9772256,23,2026-10-31,3965,23600
9772256,23,2026-11-06,4182,23600
9772256,23,2026-11-07,4182,23600
9772256,23,2026-11-08,4182,23600
9772256,23,2026-11-09,4182,23600
9772256,23,2026-11-10,4182,23600
9772256,23,2026-11-11,3661,23600
9772256,23,2026-11-13,4182,23600
9772256,23,2026-11-14,4182,23600
9772256,23,2026-11-15,4182,23600
9772256,23,2026-11-16,4182,23600
9772256,23,2026-11-17,3661,23600
9772256,24,2026-10-21,4182,23600
9772256,24,2026-10-22,4182,23600
9772256,24,2026-10-23,4182,23600
9772256,24,2026-10-24,4182,23600
9772256,24,2026-10-25,4182,23600
9772256,24,2026-10-26,3661,23600
9772256,24,2026-10-30,3965,23600
9772256,24,2026-10-31,3965,23600
9772256,24,2026-11-06,4182,23600
9772256,24,2026-11-07,4182,23600
9772256,24,2026-11-08,4182,23600
9772256,24,2026-11-09,4182,23600
9772256,24,2026-11-10,4182,23600
9772256,24,2026-11-11,3661,23600
9772256,24,2026-11-13,4182,23600
9772256,24,2026-11-14,4182,23600
9772256,24,2026-11-15,4182,23600
9772256,24,2026-11-16,4182,23600
9772256,24,2026-11-17,3661,23600
9772256,27,2026-10-20,5244,23600
9772256,28,2026-10-20,5244,23600
9772256,29,2026-10-30,5414,23600
9772256,29,2026-10-31,5414,23600
9772256,30,2026-10-30,5414,23600
9772256,30,2026-10-31,5414,23600
9772256,31,2026-10-30,5414,23600
9772256,31,2026-10-31,5414,23600
9772256,32,2026-10-30,5414,23600
9772256,32,2026-10-31,5414,23600
9772256,33,2026-10-30,5414,23600
9772256,33,2026-10-31,5414,23600
9772256,34,2026-10-30,5414,23600
9772256,34,2026-10-31,5414,23600
9772256,39,2026-10-21,4182,23600
9772256,39,2026-10-22,4182,23600
9772256,39,2026-10-23,4182,23600
9772256,39,2026-10-24,4182,23600
9772256,39,2026-10-25,4182,23600
9772256,39,2026-10-26,3661,23600
9772256,39,2026-10-30,3965,23600
9772256,39,2026-10-31,3965,23600
9772256,39,2026-11-06,4182,23600
9772256,39,2026-11-07,4182,23600
9772256,39,2026-11-08,4182,23600
9772256,39,2026-11-09,4182,23600
9772256,39,2026-11-10,4182,23600
9772256,39,2026-11-11,3661,23600
9772256,39,2026-11-13,4182,23600
9772256,39,2026-11-14,4182,23600
9772256,39,2026-11-15,4182,23600
9772256,39,2026-11-16,4182,23600
9772256,39,2026-11-17,3661,23600
9772256,40,2026-10-21,4182,23600
9772256,40,2026-10-22,4182,23600
9772256,40,2026-10-23,4182,23600
9772256,40,2026-10-24,4182,23600
9772256,40,2026-10-25,4182,23600
9772256,40,2026-10-26,3661,23600
9772256,40,2026-10-30,3965,23600
9772256,40,2026-10-31,3965,23600
9772256,40,2026-11-06,4182,23600
9772256,40,2026-11-07,4182,23600
9772256,40,2026-11-08,4182,23600
9772256,40,2026-11-09,4182,23600
9772256,40,2026-11-10,4182,23600
9772256,40,2026-11-11,3661,23600
9772256,40,2026-11-13,4182,23600
9772256,40,2026-11-14,4182,23600
9772256,40,2026-11-15,4182,23600
9772256,40,2026-11-16,4182,23600
9772256,40,2026-11-17,3661,23600
9772256,42,2026-10-21,7287,23600
9772256,42,2026-10-22,7287,23600
9772256,42,2026-10-23,7287,23600
9772256,42,2026-10-24,7287,23600
9772256,42,2026-10-25,7287,23600
9772256,42,2026-11-06,7287,23600
9772256,42,2026-11-07,7287,23600
9772256,42,2026-11-08,7287,23600
9772256,42,2026-11-09,7287,23600
9772256,42,2026-11-10,7287,23600
9772256,42,2026-11-13,7287,23600
9772256,42,2026-11-14,7287,23600
9772256,42,2026-11-15,7287,23600
9772256,42,2026-11-16,7287,23600
9772256,43,2026-10-21,7287,23600
9772256,43,2026-10-22,7287,23600
9772256,43,2026-10-23,7287,23600
9772256,43,2026-10-24,7287,23600
9772256,43,2026-10-25,7287,23600
9772256,43,2026-11-06,7287,23600
9772256,43,2026-11-07,7287,23600
9772256,43,2026-11-08,7287,23600
9772256,43,2026-11-09,7287,23600
9772256,43,2026-11-10,7287,23600
9772256,43,2026-11-13,7287,23600
9772256,43,2026-11-14,7287,23600
9772256,43,2026-11-15,7287,23600
9772256,43,2026-11-16,7287,23600
9772256,57,2026-10-30,5414,23600
9772256,57,2026-10-31,5414,23600
9772256,58,2026-10-30,5414,23600
9772256,58,2026-10-31,5414,23600
9772256,83,2026-10-21,4182,23600
9772256,83,2026-10-22,4182,23600
9772256,83,2026-10-23,4182,23600
9772256,83,2026-10-24,4182,23600
9772256,83,2026-10-25,4182,23600
9772256,83,2026-10-26,3661,23600
9772256,83,2026-10-30,3965,23600
9772256,83,2026-10-31,3965,23600
9772256,83,2026-11-06,4182,23600
9772256,83,2026-11-07,4182,23600
9772256,83,2026-11-08,4182,23600
9772256,83,2026-11-09,4182,23600
9772256,83,2026-11-10,4182,23600
9772256,83,2026-11-11,3661,23600
9772256,83,2026-11-13,4182,23600
9772256,83,2026-11-14,4182,23600
9772256,83,2026-11-15,4182,23600
9772256,83,2026-11-16,4182,23600
9772256,83,2026-11-17,3661,23600
9772256,89,2026-10-30,5414,23600
9772256,89,2026-10-31,5414,23600
0191524,27,2026-08-23,2535,23600
0191524,28,2026-08-23,2535,23600
0191524,35,2026-08-27,2880,23600
0191524,36,2026-08-27,2880,23600
0207833,21,2026-11-19,2578,27848
0207833,22,2026-11-19,2578,27848
0207833,23,2026-11-19,2578,27848
0207833,24,2026-11-19,2578,27848
0207833,39,2026-11-19,2578,27848
0207833,40,2026-11-19,2578,27848
0207833,83,2026-11-19,2578,27848
0243252,19,2026-08-24,2044,23600
0243252,19,2026-08-24,2044,23600
0243252,19,2026-08-25,2044,23600
0243252,19,2026-08-25,2044,23600
0243252,20,2026-08-24,2044,23600
0243252,20,2026-08-24,2044,23600
0243252,20,2026-08-25,2044,23600
0243252,20,2026-08-25,2044,23600
0243252,51,2026-08-24,2044,23600
0243252,51,2026-08-25,2044,23600
0325023,17,2027-08-21,1470,23600
0325023,18,2027-08-21,1470,23600
0325023,50,2027-08-21,1470,23600
0327829,21,2026-10-30,1225,23600
0327829,21,2026-10-31,1225,23600
0327829,22,2026-10-30,1225,23600
0327829,22,2026-10-31,1225,23600
0327829,23,2026-10-30,1294,23600
0327829,23,2026-10-31,1294,23600
0327829,24,2026-10-30,1294,23600
0327829,24,2026-10-31,1294,23600
0327829,27,2026-11-01,1626,23600
0327829,27,2026-11-02,1624,23600
0327829,27,2026-11-03,1624,23600
0327829,27,2026-11-04,1624,23600
0327829,27,2026-11-05,1624,23600
0327829,27,2026-11-06,1679,23600
0327829,27,2026-11-12,1624,23600
0327829,27,2026-11-13,1679,23600
0327829,27,2026-11-18,1624,23600
0327829,27,2026-11-19,1624,23600
0327829,28,2026-11-01,1626,23600
0327829,28,2026-11-02,1624,23600
0327829,28,2026-11-03,1624,23600
0327829,28,2026-11-04,1624,23600
0327829,28,2026-11-05,1624,23600
0327829,28,2026-11-06,1679,23600
0327829,28,2026-11-12,1624,23600
0327829,28,2026-11-13,1679,23600
0327829,28,2026-11-18,1624,23600
0327829,28,2026-11-19,1624,23600
0327829,39,2026-10-30,1225,23600
0327829,39,2026-10-31,1225,23600
0327829,40,2026-10-30,1294,23600
0327829,40,2026-10-31,1294,23600
0327829,83,2026-10-30,1225,23600
0327829,83,2026-10-31,1225,23600
0395630,19,2026-08-23,1708,35400
0395630,20,2026-08-23,1708,35400
0471678,21,2026-08-25,2914,23600
0471678,22,2026-08-25,2914,23600
0471678,23,2026-08-25,2914,23600
0471678,24,2026-08-25,2914,23600
0471678,25,2026-08-25,2914,23600
0471678,26,2026-08-25,2914,23600
0471678,39,2026-08-25,2914,23600
0471678,40,2026-08-25,2914,23600
0471678,83,2026-08-25,2914,23600
1043825,23,2026-08-28,1923,23600
1043825,23,2026-08-29,1923,23600
1043825,24,2026-08-28,1923,23600
1043825,24,2026-08-29,1923,23600
1043825,40,2026-08-28,1923,23600
1043825,40,2026-08-29,1923,23600
1075048,17,2026-09-02,1305,23600
1075048,17,2026-09-04,1305,23600
1075048,17,2026-11-19,1305,23600
1075048,18,2026-09-02,1305,23600
1075048,18,2026-09-04,1305,23600
1075048,18,2026-11-19,1305,23600
1075048,21,2026-08-24,1235,23600
1075048,22,2026-08-24,1235,23600
1075048,39,2026-08-24,1235,23600
1075048,50,2026-09-02,1305,23600
1075048,50,2026-09-04,1305,23600
1075048,50,2026-11-19,1305,23600
1075048,83,2026-08-24,1235,23600
1125927,24179,2026-09-19,1443,23600
1125927,29,2026-09-19,1443,23600
1125927,30,2026-09-19,1443,23600
1125927,31,2026-09-19,1443,23600
1125927,32,2026-09-19,1443,23600
1125927,33,2026-09-19,1443,23600
1125927,34,2026-09-19,1443,23600
1125927,47,2026-09-11,2478,23600
1125927,47,2026-09-18,2478,23600
1125927,47,2026-09-19,2478,23600
1125927,48,2026-09-11,2478,23600
1125927,48,2026-09-18,2478,23600
1125927,48,2026-09-19,2478,23600
1125927,57,2026-09-19,1443,23600
1125927,58,2026-09-19,1443,23600
1125927,89,2026-09-19,1443,23600
1125927,90,2026-09-19,1443,23600
1127927,29,2026-08-27,1845,23600
1127927,30,2026-08-27,1845,23600
1127927,31,2026-08-27,1845,23600
1127927,57,2026-08-27,1845,23600
1148276,17,2026-11-19,2340,20000
1148276,18,2026-11-19,2340,20000
1148276,19,2026-11-19,2340,20000
1148276,20,2026-11-19,2340,20000
1148276,50,2026-11-19,2340,20000
1148276,51,2026-11-19,2340,20000
1148276,87,2026-11-19,2340,20000
1165642,21,2026-08-27,1916,23600
1165642,22,2026-08-27,1916,23600
1165642,39,2026-08-27,1916,23600
1165642,83,2026-08-27,1916,23600
1166252,16,2026-09-04,1246,23600
1167277,17,2026-08-23,1052,23600
1167277,17,2026-08-24,1052,23600
1167277,17,2026-08-25,1052,23600
1167277,17,2026-08-26,1052,23600
1167277,18,2026-08-23,1052,23600
1167277,18,2026-08-24,1052,23600
1167277,18,2026-08-25,1052,23600
1167277,18,2026-08-26,1052,23600
1167277,19,2026-11-19,1350,23600
1167277,20,2026-11-19,1350,23600
1167277,50,2026-08-23,1052,23600
1167277,50,2026-08-24,1052,23600
1167277,50,2026-08-25,1052,23600
1167277,50,2026-08-26,1052,23600
1171648,17,2026-08-27,1592,23600
1171648,18,2026-08-27,1592,23600
1176148,25,2026-08-27,1438,23600
1176148,26,2026-08-27,1438,23600
1193381,21,2026-09-04,2359,23600
1193381,22,2026-09-04,2359,23600
1193381,23,2026-09-04,2359,23600
1193381,24,2026-09-04,2359,23600
1193381,39,2026-09-04,2359,23600
1193381,40,2026-09-04,2359,23600
1193381,83,2026-09-04,2359,23600
1212380,17,2026-10-20,1711,20000
1212380,17,2026-10-22,1711,20000
1212380,17,2026-10-23,1711,20000
1212380,17,2026-10-24,1711,20000
1212380,17,2026-10-26,1711,20000
1212380,17,2026-10-27,1711,20000
1212380,17,2026-10-28,1711,20000
1212380,17,2026-10-29,1711,20000
1212380,17,2026-10-30,1711,20000
1212380,17,2026-10-31,1711,20000
1212380,17,2026-11-01,1711,20000
1212380,17,2026-11-02,1711,20000
1212380,17,2026-11-03,1711,20000
1212380,17,2026-11-04,1711,20000
1212380,17,2026-11-05,1711,20000
1212380,17,2026-11-06,1711,20000
1212380,17,2026-11-07,1711,20000
1212380,17,2026-11-08,1711,20000
1212380,17,2026-11-09,1711,20000
1212380,17,2026-11-10,1711,20000
1212380,17,2026-11-11,1711,20000
1212380,17,2026-11-12,1711,20000
1212380,17,2026-11-13,1711,20000
1212380,17,2026-11-14,1711,20000
1212380,17,2026-11-15,1711,20000
1212380,17,2026-11-16,1711,20000
1212380,17,2026-11-17,1711,20000
1212380,17,2026-11-18,1711,20000
1212380,17,2026-11-19,1711,20000
1212380,18,2026-10-20,1711,20000
1212380,18,2026-10-22,1711,20000
1212380,18,2026-10-23,1711,20000
1212380,18,2026-10-24,1711,20000
1212380,18,2026-10-26,1711,20000
1212380,18,2026-10-27,1711,20000
1212380,18,2026-10-28,1711,20000
1212380,18,2026-10-29,1711,20000
1212380,18,2026-10-30,1711,20000
1212380,18,2026-10-31,1711,20000
1212380,18,2026-11-01,1711,20000
1212380,18,2026-11-02,1711,20000
1212380,18,2026-11-03,1711,20000
1212380,18,2026-11-04,1711,20000
1212380,18,2026-11-05,1711,20000
1212380,18,2026-11-06,1711,20000
1212380,18,2026-11-07,1711,20000
1212380,18,2026-11-08,1711,20000
1212380,18,2026-11-09,1711,20000
1212380,18,2026-11-10,1711,20000
1212380,18,2026-11-11,1711,20000
1212380,18,2026-11-12,1711,20000
1212380,18,2026-11-13,1711,20000
1212380,18,2026-11-14,1711,20000
1212380,18,2026-11-15,1711,20000
1212380,18,2026-11-16,1711,20000
1212380,18,2026-11-17,1711,20000
1212380,18,2026-11-18,1711,20000
1212380,18,2026-11-19,1711,20000
1212380,50,2026-10-20,1711,20000
1212380,50,2026-10-22,1711,20000
1212380,50,2026-10-23,1711,20000
1212380,50,2026-10-24,1711,20000
1212380,50,2026-10-26,1711,20000
1212380,50,2026-10-27,1711,20000
1212380,50,2026-10-28,1711,20000
1212380,50,2026-10-29,1711,20000
1212380,50,2026-10-30,1711,20000
1212380,50,2026-10-31,1711,20000
1212380,50,2026-11-01,1711,20000
1212380,50,2026-11-02,1711,20000
1212380,50,2026-11-03,1711,20000
1212380,50,2026-11-04,1711,20000
1212380,50,2026-11-05,1711,20000
1212380,50,2026-11-06,1711,20000
1212380,50,2026-11-07,1711,20000
1212380,50,2026-11-08,1711,20000
1212380,50,2026-11-09,1711,20000
1212380,50,2026-11-10,1711,20000
1212380,50,2026-11-11,1711,20000
1212380,50,2026-11-12,1711,20000
1212380,50,2026-11-13,1711,20000
1212380,50,2026-11-14,1711,20000
1212380,50,2026-11-15,1711,20000
1212380,50,2026-11-16,1711,20000
1212380,50,2026-11-17,1711,20000
1212380,50,2026-11-18,1711,20000
1212380,50,2026-11-19,1711,20000
1212547,21,2026-08-27,2692,23600
1212547,22,2026-08-27,2692,23600
1212547,39,2026-08-27,2692,23600
1212547,83,2026-08-27,2692,23600
1213613,19,2027-08-21,2561,23600
1213613,20,2027-08-21,2561,23600
1229511,23,2026-08-25,1390,23600
1229511,24,2026-08-25,1390,23600
1229511,25,2026-08-26,1618,23600
1229511,26,2026-08-26,1618,23600
1229511,40,2026-08-25,1390,23600
1229511,84,2026-08-25,1390,23600
1256474,19,2026-08-28,1387,23600
1256474,21,2026-08-28,1421,23600
1256474,22,2026-08-28,1421,23600
1256474,39,2026-08-28,1421,23600
1257158,21,2026-08-27,1452,23600
1257158,22,2026-08-27,1452,23600
1257158,25,2026-11-19,1803,23600
1257158,26,2026-11-19,1803,23600
1257158,27,2026-08-28,2244,23600
1257158,27,2026-08-29,2244,23600
1257158,28,2026-08-28,2244,23600
1257158,28,2026-08-29,2244,23600
1257158,39,2026-08-27,1452,23600
1257158,83,2026-08-27,1452,23600
1259110,21,2026-08-28,1690,23600
1259110,21,2026-08-29,1690,23600
1259110,22,2026-08-28,1690,23600
1259110,22,2026-08-29,1690,23600
1259110,39,2026-08-28,1690,23600
1259110,39,2026-08-29,1690,23600
1259110,83,2026-08-28,1690,23600
1259110,83,2026-08-29,1690,23600
1314078,16,2026-10-09,1631,23600
1314078,52,2026-10-09,1631,23600
1319620,17,2026-08-27,1192,23600
1319620,18,2026-08-27,1192,23600
1326972,32,2026-08-27,1504,23600
1326972,33,2026-08-27,1504,23600
1326972,34,2026-08-27,1504,23600
1326972,58,2026-08-27,1504,23600
1344052,25,2027-08-21,1356,23600
1344052,26,2027-08-21,1356,23600
1362285,15,2026-08-26,1430,23600
1362285,16,2026-08-26,1499,23600
1362285,27,2026-08-27,2047,23600
1362285,28,2026-08-27,2047,23600
1362285,38,2026-08-26,1430,23600
1362285,52,2026-08-26,1499,23600
1368078,19,2026-08-23,1735,23600
1368078,19,2026-08-24,1735,23600
1368078,20,2026-08-23,1735,23600
1368078,20,2026-08-24,1735,23600
1368078,23,2026-08-26,2055,23600
1368078,24,2026-08-26,2055,23600
1368078,40,2026-08-26,2055,23600
1395021,21,2026-08-25,1653,23600
1395021,22,2026-08-25,1653,23600
1395021,39,2026-08-25,1653,23600
1395021,83,2026-08-25,1653,23600
1395021,97,2026-08-25,1653,23600
1396947,15,2026-08-25,1906,23600
1396947,15,2026-08-26,1906,23600
1396947,38,2026-08-25,1906,23600
1396947,38,2026-08-26,1906,23600
1396947,76,2026-08-25,1906,23600
1396947,76,2026-08-26,1906,23600
1399581,27,2027-08-21,1507,27848
1399581,28,2027-08-21,1507,27848
1405295,29,2026-08-22,1285,23600
1405295,29,2026-08-23,1285,23600
1405295,29,2026-08-24,1285,23600
1405295,29,2026-08-25,1285,23600
1405295,29,2026-08-26,1285,23600
1405295,30,2026-08-22,1285,23600
1405295,30,2026-08-23,1285,23600
1405295,30,2026-08-24,1285,23600
1405295,30,2026-08-25,1285,23600
1405295,30,2026-08-26,1285,23600
1405295,31,2026-08-22,1285,23600
1405295,31,2026-08-23,1285,23600
1405295,31,2026-08-24,1285,23600
1405295,31,2026-08-25,1285,23600
1405295,31,2026-08-26,1285,23600
1405295,57,2026-08-22,1285,23600
1405295,57,2026-08-23,1285,23600
1405295,57,2026-08-24,1285,23600
1405295,57,2026-08-25,1285,23600
1405295,57,2026-08-26,1285,23600
1423815,17,2026-08-26,1426,23600
1423815,18,2026-08-26,1426,23600
1423815,19,2026-08-27,1552,23600
1423815,20,2026-08-27,1552,23600
1423815,50,2026-08-26,1426,23600
1434999,23,2026-08-27,2229,23600
1434999,24,2026-08-27,2229,23600
1434999,25,2026-08-27,2229,23600
1434999,26,2026-08-27,2229,23600
1434999,40,2026-08-27,2229,23600
1442173,19,2027-08-21,1553,20000
1442173,20,2027-08-21,1553,20000
1446609,29,2026-09-01,1730,23600
1446609,29,2026-09-02,1730,23600
1446609,29,2026-09-03,1730,23600
1446609,30,2026-09-01,1730,23600
1446609,30,2026-09-02,1730,23600
1446609,30,2026-09-03,1730,23600
1446609,31,2026-09-01,1730,23600
1446609,31,2026-09-02,1730,23600
1446609,31,2026-09-03,1730,23600
1446609,32,2026-09-01,1730,23600
1446609,32,2026-09-02,1730,23600
1446609,32,2026-09-03,1730,23600
1446609,33,2026-09-01,1730,23600
1446609,33,2026-09-02,1730,23600
1446609,33,2026-09-03,1730,23600
1446609,34,2026-09-01,1730,23600
1446609,34,2026-09-02,1730,23600
1446609,34,2026-09-03,1730,23600
1446609,57,2026-09-01,1730,23600
1446609,57,2026-09-02,1730,23600
1446609,57,2026-09-03,1730,23600
1458562,27,2027-08-21,1746,20000
1458562,28,2027-08-21,1746,20000
1462197,19,2026-11-19,1454,23600
1462197,20,2026-11-19,1454,23600
1462197,32,2026-09-02,2351,23600
1462197,33,2026-09-02,2351,23600
1462197,34,2026-09-02,2351,23600
1462197,58,2026-09-02,2351,23600
1472508,21,2026-09-04,1800,23600
1472508,21,2026-11-19,1647,23600
1472508,22,2026-09-04,1800,23600
1472508,22,2026-11-19,1647,23600
1472508,23,2026-09-04,1800,23600
1472508,23,2026-11-19,1647,23600
1472508,24,2026-09-04,1800,23600
1472508,24,2026-11-19,1647,23600
1472508,24179,2026-08-29,2625,23600
1472508,24180,2026-08-29,2625,23600
1472508,24181,2026-08-29,2625,23600
1472508,24182,2026-08-29,2625,23600
1472508,24183,2026-08-29,2625,23600
1472508,24184,2026-08-29,2625,23600
1472508,24185,2026-08-29,2625,23600
1472508,29,2026-08-29,2625,23600
1472508,30,2026-08-29,2625,23600
1472508,31,2026-08-29,2625,23600
1472508,32,2026-08-29,2625,23600
1472508,33,2026-08-29,2625,23600
1472508,34,2026-08-29,2625,23600
1472508,39,2026-09-04,1800,23600
1472508,39,2026-11-19,1647,23600
1472508,40,2026-09-04,1800,23600
1472508,40,2026-11-19,1647,23600
1472508,57,2026-08-29,2625,23600
1472508,58,2026-08-29,2625,23600
1472508,83,2026-09-04,1800,23600
1472508,83,2026-11-19,1647,23600
1472508,84,2026-09-04,1800,23600
1472508,84,2026-11-19,1647,23600
1472508,89,2026-08-29,2625,23600
1472508,90,2026-08-29,2625,23600
1472508,97,2026-09-04,1800,23600
1472508,97,2026-11-19,1647,23600
1474809,23,2026-08-26,1482,23600
1474809,24,2026-08-26,1482,23600
1474809,40,2026-08-26,1482,23600
1476116,21,2026-09-04,2019,23600
1476116,22,2026-09-04,2019,23600
1476116,39,2026-09-04,2019,23600
1476116,83,2026-09-04,2019,23600
1476116,97,2026-09-04,2019,23600
1483392,25,2026-08-27,1860,27848
1483392,26,2026-08-27,1860,27848
1483570,23,2026-08-27,1493,23600
1483570,24,2026-08-27,1493,23600
1483570,40,2026-08-27,1493,23600
1505609,27,2027-08-21,2788,23600
1505609,28,2027-08-21,2788,23600
1508506,16,2026-08-27,1541,23600
1522037,27,2026-08-27,1951,23600
1522037,28,2026-08-27,1951,23600
1553264,25,2026-08-27,1640,23600
1553264,26,2026-08-27,1640,23600
1558817,25,2026-08-27,1552,23600
1558817,26,2026-08-27,1552,23600
1559260,25,2027-08-21,2286,23600
1559260,26,2027-08-21,2286,23600
1581295,17,2026-08-30,1161,27848
1581295,18,2026-08-30,1161,27848
1581295,25,2026-11-19,1530,27848
1581295,26,2026-11-19,1530,27848
1581295,50,2026-08-30,1161,27848
1608379,17,2026-11-19,3121,23600
1608379,18,2026-11-19,3121,23600
1608379,19,2026-11-19,3121,23600
1608379,20,2026-11-19,3121,23600
1608379,25,2026-11-19,3121,20000
1608379,26,2026-11-19,3121,20000
1608379,50,2026-11-19,3121,23600
1608379,51,2026-11-19,3121,20000
1608379,87,2026-11-19,3121,20000
1618342,17,2026-08-27,1221,20000
1618342,18,2026-08-27,1221,20000
1618342,19,2026-08-27,1290,20000
1618342,20,2026-08-27,1290,20000
1618342,50,2026-08-27,1221,20000
1619452,23,2026-08-27,1579,23600
1619452,24,2026-08-27,1579,23600
1619452,40,2026-08-27,1579,23600
1619637,17,2026-08-23,1426,23600
1619637,17,2026-08-24,1426,23600
1619637,17,2026-08-25,1415,23600
1619637,18,2026-08-23,1426,23600
1619637,18,2026-08-24,1426,23600
1619637,18,2026-08-25,1415,23600
1619637,50,2026-08-23,1426,23600
1619637,50,2026-08-24,1426,23600
1619637,50,2026-08-25,1415,23600
1702720,21,2026-11-19,2471,23600
1702720,22,2026-11-19,2471,23600
1702720,23,2026-11-19,2609,23600
1702720,24,2026-11-19,2609,23600
1702720,29,2026-09-02,2747,23600
1702720,30,2026-09-02,2747,23600
1702720,31,2026-09-02,2747,23600
1702720,32,2026-09-02,2885,23600
1702720,33,2026-09-02,2885,23600
1702720,34,2026-09-02,2885,23600
1702720,39,2026-11-19,2471,23600
1702720,40,2026-11-19,2609,23600
1702720,57,2026-09-02,2747,23600
1702720,83,2026-11-19,2471,23600
1755459,27,2026-08-27,2386,23600
1755459,28,2026-08-27,2386,23600
1755459,29,2026-08-27,2299,23600
1755459,30,2026-08-27,2299,23600
1755459,31,2026-08-27,2299,23600
1755459,32,2026-08-27,2386,23600
1755459,33,2026-08-27,2386,23600
1755459,34,2026-08-27,2386,23600
1755459,57,2026-08-27,2299,23600
1766640,17,2026-08-28,1290,23600
1766640,18,2026-08-28,1290,23600
1766640,19,2026-08-28,1290,23600
1766640,20,2026-08-28,1290,23600
1766640,50,2026-08-28,1290,23600
1767140,25,2026-08-29,1793,23600
1767140,26,2026-08-29,1793,23600
1978478,35,2027-08-21,2197,27848
1978478,36,2027-08-21,2197,27848
2010412,25,2026-08-26,1261,23600
2010412,26,2026-08-26,1261,23600
2010498,15,2026-08-26,1600,23600
2010498,38,2026-08-26,1600,23600
2013518,21,2026-08-27,1082,23600
2013518,22,2026-08-27,1082,23600
2013518,39,2026-08-27,1082,23600
2013518,83,2026-08-27,1082,23600
2017292,25,2027-08-21,1745,23600
2017292,26,2027-08-21,1745,23600
2019978,19,2026-08-27,1853,20000
2019978,20,2026-08-27,1853,20000
2024299,29,2026-08-26,2137,23600
2024299,29,2026-08-26,2137,23600
2024299,30,2026-08-26,2137,23600
2024299,30,2026-08-26,2137,23600
2024299,31,2026-08-26,2137,23600
2024299,32,2026-08-26,2137,23600
2024299,32,2026-08-26,2137,23600
2024299,33,2026-08-26,2137,23600
2024299,33,2026-08-26,2137,23600
2024299,34,2026-08-26,2137,23600
2024299,35,2026-08-27,2431,23600
2024299,35,2026-08-27,2431,23600
2024299,36,2026-08-27,2431,23600
2024299,36,2026-08-27,2431,23600
2024299,37,2026-08-27,2431,23600
2024299,57,2026-08-26,2137,23600
2024299,58,2026-08-26,2137,23600
2024299,89,2026-08-26,2137,23600
2025675,29,2026-08-28,1854,20000
2025675,29,2026-08-29,1854,20000
2025675,30,2026-08-28,1854,20000
2025675,30,2026-08-29,1854,20000
2025675,31,2026-08-28,1854,20000
2025675,31,2026-08-29,1854,20000
2025675,57,2026-08-28,1854,20000
2025675,57,2026-08-29,1854,20000
2031351,27,2026-11-19,2594,23600
2031351,28,2026-11-19,2594,23600
2033589,29,2026-11-01,3571,23600
2033589,29,2026-11-02,3571,23600
2033589,29,2026-11-03,3571,23600
2033589,29,2026-11-04,3571,23600
2033589,29,2026-11-05,3571,23600
2033589,29,2026-11-12,3571,23600
2033589,29,2026-11-18,3571,23600
2033589,29,2026-11-19,3571,23600
2033589,30,2026-11-01,3571,23600
2033589,30,2026-11-02,3571,23600
2033589,30,2026-11-03,3571,23600
2033589,30,2026-11-04,3571,23600
2033589,30,2026-11-05,3571,23600
2033589,30,2026-11-12,3571,23600
2033589,30,2026-11-18,3571,23600
2033589,30,2026-11-19,3571,23600
2033589,31,2026-11-01,3571,23600
2033589,31,2026-11-02,3571,23600
2033589,31,2026-11-03,3571,23600
2033589,31,2026-11-04,3571,23600
2033589,31,2026-11-05,3571,23600
2033589,31,2026-11-12,3571,23600
2033589,31,2026-11-18,3571,23600
2033589,31,2026-11-19,3571,23600
2033589,57,2026-11-01,3571,23600
2033589,57,2026-11-02,3571,23600
2033589,57,2026-11-03,3571,23600
2033589,57,2026-11-04,3571,23600
2033589,57,2026-11-05,3571,23600
2033589,57,2026-11-12,3571,23600
2033589,57,2026-11-18,3571,23600
2033589,57,2026-11-19,3571,23600
2043442,21,2026-08-27,1432,23600
2043442,22,2026-08-27,1432,23600
2043442,39,2026-08-27,1432,23600
2043442,83,2026-08-27,1432,23600
2043614,19,2026-08-27,1564,20000
2043614,20,2026-08-27,1564,20000
2043614,21,2026-08-27,1616,20000
2043614,22,2026-08-27,1616,20000
2043614,39,2026-08-27,1616,20000
2043614,83,2026-08-27,1616,20000
2051409,16,2026-08-28,1826,23600
2057538,23,2026-08-22,2013,23600
2057538,23,2026-08-23,2008,23600
2057538,24,2026-08-22,2013,23600
2057538,24,2026-08-23,2008,23600
2057538,40,2026-08-22,2013,23600
2057538,40,2026-08-23,2008,23600
2059540,21,2026-08-23,1456,23600
2059540,22,2026-08-23,1456,23600
2059540,27,2026-08-23,1456,23600
2059540,28,2026-08-23,1456,23600
2059540,39,2026-08-23,1456,23600
2059541,17,2026-08-27,2076,27848
2059541,18,2026-08-27,2076,27848
2059541,50,2026-08-27,2076,27848
2066561,19,2026-11-19,1455,27848
2066561,20,2026-11-19,1455,27848
2066561,35,2026-11-19,3042,27848
2066561,36,2026-11-19,3042,27848
2071224,19,2026-08-28,1205,23600
2071224,20,2026-08-28,1205,23600
2071224,21,2026-08-28,1274,23600
2071224,21,2026-08-29,1274,23600
2071224,22,2026-08-28,1274,23600
2071224,22,2026-08-29,1274,23600
2071224,39,2026-08-28,1274,23600
2071224,39,2026-08-29,1274,23600
2071224,51,2026-08-28,1205,23600
2071224,83,2026-08-28,1274,23600
2071224,83,2026-08-29,1274,23600
2088875,19,2026-08-27,1988,23600
2088875,20,2026-08-27,1988,23600
2088875,25,2026-08-27,1781,23600
2088875,26,2026-08-27,1781,23600
2089527,27,2027-08-21,1786,23600
2089527,28,2027-08-21,1786,23600
2267797,23,2026-08-27,1644,23600
2267797,24,2026-08-27,1644,23600
2267797,40,2026-08-27,1644,23600
5000022,17,2026-08-27,1520,20000
5000022,18,2026-08-27,1520,20000
5000022,50,2026-08-27,1520,20000
9772256,29,2026-10-20,5865,23600
9772256,30,2026-10-20,5865,23600
9772256,31,2026-10-20,5865,23600
9772256,32,2026-10-20,5865,23600
9772256,33,2026-10-20,5865,23600
9772256,34,2026-10-20,5865,23600
9772256,57,2026-10-20,5865,23600
9772256,58,2026-10-20,5865,23600
9772256,89,2026-10-20,5865,23600
0191524,25,2026-08-23,2328,23600
0191524,26,2026-08-23,2328,23600
0243252,17,2026-08-24,1837,23600
0243252,17,2026-08-24,1837,23600
0243252,17,2026-08-25,1837,23600
0243252,17,2026-08-25,1837,23600
0243252,18,2026-08-24,1837,23600
0243252,18,2026-08-24,1837,23600
0243252,18,2026-08-25,1837,23600
0243252,18,2026-08-25,1837,23600
0243252,50,2026-08-24,1837,23600
0243252,50,2026-08-25,1837,23600
0243252,87,2026-08-24,1837,23600
0243252,87,2026-08-25,1837,23600
0265185,27,2027-08-21,2130,23600
0265185,28,2027-08-21,2130,23600
0327829,21,2026-10-27,1209,23600
0327829,21,2026-10-28,1209,23600
0327829,21,2026-10-29,1209,23600
0327829,22,2026-10-27,1209,23600
0327829,22,2026-10-28,1209,23600
0327829,22,2026-10-29,1209,23600
0327829,39,2026-10-27,1209,23600
0327829,39,2026-10-28,1209,23600
0327829,39,2026-10-29,1209,23600
0327829,83,2026-10-27,1209,23600
0327829,83,2026-10-28,1209,23600
0327829,83,2026-10-29,1209,23600
0395630,17,2026-08-23,1605,35400
0395630,18,2026-08-23,1605,35400
0395630,19,2026-08-25,1696,35400
0395630,20,2026-08-25,1696,35400
0395630,50,2026-08-23,1605,35400
0471678,27,2026-08-27,3638,23600
0471678,28,2026-08-27,3638,23600
0471678,29,2026-08-27,3638,23600
0471678,30,2026-08-27,3638,23600
0471678,31,2026-08-27,3638,23600
0471678,32,2026-08-27,3638,23600
0471678,33,2026-08-27,3638,23600
0471678,34,2026-08-27,3638,23600
0471678,57,2026-08-27,3638,23600
0471678,58,2026-08-27,3638,23600
0471678,89,2026-08-27,3638,23600
0472129,21,2026-09-04,1882,23600
0472129,21,2026-09-04,1882,23600
0472129,22,2026-09-04,1882,23600
0472129,22,2026-09-04,1882,23600
0472129,23,2026-09-04,1882,23600
0472129,23,2026-09-04,1882,23600
0472129,24,2026-09-04,1882,23600
0472129,24,2026-09-04,1882,23600
0472129,39,2026-09-04,1882,23600
0472129,40,2026-09-04,1882,23600
0472129,83,2026-09-04,1882,23600
1043825,19,2026-09-04,1509,23600
1043825,20,2026-09-04,1509,23600
1043825,21,2026-08-28,1854,23600
1043825,21,2026-08-29,1854,23600
1043825,22,2026-08-28,1854,23600
1043825,22,2026-08-29,1854,23600
1043825,39,2026-08-28,1854,23600
1043825,39,2026-08-29,1854,23600
1043825,83,2026-08-28,1854,23600
1043825,83,2026-08-29,1854,23600
1064211,21,2026-08-30,990,20000
1064211,22,2026-08-30,990,20000
1064211,23,2026-08-30,990,20000
1064211,24,2026-08-30,990,20000
1064211,39,2026-08-30,990,20000
1064211,40,2026-08-30,990,20000
1064211,83,2026-08-30,990,20000
1075048,17,2026-08-24,1097,23600
1075048,17,2026-08-27,1101,23600
1075048,18,2026-08-24,1097,23600
1075048,18,2026-08-27,1101,23600
1075048,19,2026-08-24,1097,23600
1075048,19,2026-08-27,1101,23600
1075048,20,2026-08-24,1097,23600
1075048,20,2026-08-27,1101,23600
1075048,21,2026-08-21,1220,23600
1075048,21,2026-08-22,1220,23600
1075048,21,2026-08-25,1220,23600
1075048,21,2026-08-26,1220,23600
1075048,22,2026-08-21,1220,23600
1075048,22,2026-08-22,1220,23600
1075048,22,2026-08-25,1220,23600
1075048,22,2026-08-26,1220,23600
1075048,27,2027-08-21,1662,23600
1075048,28,2027-08-21,1662,23600
1075048,39,2026-08-21,1220,23600
1075048,39,2026-08-22,1220,23600
1075048,39,2026-08-25,1220,23600
1075048,39,2026-08-26,1220,23600
1075048,50,2026-08-24,1097,23600
1075048,50,2026-08-27,1101,23600
1075048,83,2026-08-21,1220,23600
1075048,83,2026-08-22,1220,23600
1075048,83,2026-08-25,1220,23600
1075048,83,2026-08-26,1220,23600
1125927,24179,2026-09-01,1369,23600
1125927,24179,2026-09-02,1369,23600
1125927,24179,2026-09-03,1369,23600
1125927,24179,2026-09-25,1416,23600
1125927,24179,2026-09-26,1416,23600
1125927,24179,2026-10-09,1416,23600
1125927,24179,2026-10-30,1377,23600
1125927,24179,2026-10-31,1377,23600
1125927,24179,2026-11-01,1377,23600
1125927,24179,2026-11-02,1377,23600
1125927,24179,2026-11-03,1377,23600
1125927,24179,2026-11-04,1377,23600
1125927,24179,2026-11-05,1377,23600
1125927,24179,2026-11-06,1532,23600
1125927,24179,2026-11-12,1377,23600
1125927,24179,2026-11-13,1532,23600
1125927,24179,2026-11-18,1377,23600
1125927,29,2026-09-01,1369,23600
1125927,29,2026-09-02,1369,23600
1125927,29,2026-09-03,1369,23600
1125927,29,2026-09-25,1416,23600
1125927,29,2026-09-26,1416,23600
1125927,29,2026-10-09,1416,23600
1125927,29,2026-10-30,1377,23600
1125927,29,2026-10-31,1377,23600
1125927,29,2026-11-01,1377,23600
1125927,29,2026-11-02,1377,23600
1125927,29,2026-11-03,1377,23600
1125927,29,2026-11-04,1377,23600
1125927,29,2026-11-05,1377,23600
1125927,29,2026-11-06,1532,23600
1125927,29,2026-11-12,1377,23600
1125927,29,2026-11-13,1532,23600
1125927,29,2026-11-18,1377,23600
1125927,30,2026-09-01,1369,23600
1125927,30,2026-09-02,1369,23600
1125927,30,2026-09-03,1369,23600
1125927,30,2026-09-25,1416,23600
1125927,30,2026-09-26,1416,23600
1125927,30,2026-10-09,1416,23600
1125927,30,2026-10-30,1377,23600
1125927,30,2026-10-31,1377,23600
1125927,30,2026-11-01,1377,23600
1125927,30,2026-11-02,1377,23600
1125927,30,2026-11-03,1377,23600
1125927,30,2026-11-04,1377,23600
1125927,30,2026-11-05,1377,23600
1125927,30,2026-11-06,1532,23600
1125927,30,2026-11-12,1377,23600
1125927,30,2026-11-13,1532,23600
1125927,30,2026-11-18,1377,23600
1125927,31,2026-09-01,1369,23600
1125927,31,2026-09-02,1369,23600
1125927,31,2026-09-03,1369,23600
1125927,31,2026-09-25,1416,23600
1125927,31,2026-09-26,1416,23600
1125927,31,2026-10-09,1416,23600
1125927,31,2026-10-30,1377,23600
1125927,31,2026-10-31,1377,23600
1125927,31,2026-11-01,1377,23600
1125927,31,2026-11-02,1377,23600
1125927,31,2026-11-03,1377,23600
1125927,31,2026-11-04,1377,23600
1125927,31,2026-11-05,1377,23600
1125927,31,2026-11-06,1532,23600
1125927,31,2026-11-12,1377,23600
1125927,31,2026-11-13,1532,23600
1125927,31,2026-11-18,1377,23600
1125927,32,2026-09-01,1369,23600
1125927,32,2026-09-02,1369,23600
1125927,32,2026-09-03,1369,23600
1125927,32,2026-09-06,1639,23600
1125927,32,2026-09-11,1443,23600
1125927,32,2026-09-13,1639,23600
1125927,32,2026-09-18,1443,23600
1125927,32,2026-09-25,1416,23600
1125927,32,2026-09-26,1416,23600
1125927,32,2026-10-09,1416,23600
1125927,32,2026-10-30,1377,23600
1125927,32,2026-10-31,1377,23600
1125927,32,2026-11-01,1377,23600
1125927,32,2026-11-02,1377,23600
1125927,32,2026-11-03,1377,23600
1125927,32,2026-11-04,1377,23600
1125927,32,2026-11-05,1377,23600
1125927,32,2026-11-06,1532,23600
1125927,32,2026-11-12,1377,23600
1125927,32,2026-11-13,1532,23600
1125927,32,2026-11-18,1377,23600
1125927,33,2026-09-01,1369,23600
1125927,33,2026-09-02,1369,23600
1125927,33,2026-09-03,1369,23600
1125927,33,2026-09-06,1639,23600
1125927,33,2026-09-11,1443,23600
1125927,33,2026-09-13,1639,23600
1125927,33,2026-09-18,1443,23600
1125927,33,2026-09-25,1416,23600
1125927,33,2026-09-26,1416,23600
1125927,33,2026-10-09,1416,23600
1125927,33,2026-10-30,1377,23600
1125927,33,2026-10-31,1377,23600
1125927,33,2026-11-01,1377,23600
1125927,33,2026-11-02,1377,23600
1125927,33,2026-11-03,1377,23600
1125927,33,2026-11-04,1377,23600
1125927,33,2026-11-05,1377,23600
1125927,33,2026-11-06,1532,23600
1125927,33,2026-11-12,1377,23600
1125927,33,2026-11-13,1532,23600
1125927,33,2026-11-18,1377,23600
1125927,34,2026-09-01,1369,23600
1125927,34,2026-09-02,1369,23600
1125927,34,2026-09-03,1369,23600
1125927,34,2026-09-06,1639,23600
1125927,34,2026-09-11,1443,23600
1125927,34,2026-09-13,1639,23600
1125927,34,2026-09-18,1443,23600
1125927,34,2026-09-25,1416,23600
1125927,34,2026-09-26,1416,23600
1125927,34,2026-10-09,1416,23600
1125927,34,2026-10-30,1377,23600
1125927,34,2026-10-31,1377,23600
1125927,34,2026-11-01,1377,23600
1125927,34,2026-11-02,1377,23600
1125927,34,2026-11-03,1377,23600
1125927,34,2026-11-04,1377,23600
1125927,34,2026-11-05,1377,23600
1125927,34,2026-11-06,1532,23600
1125927,34,2026-11-12,1377,23600
1125927,34,2026-11-13,1532,23600
1125927,34,2026-11-18,1377,23600
1125927,47,2026-09-25,2451,23600
1125927,47,2026-09-26,2451,23600
1125927,47,2026-10-09,2451,23600
1125927,48,2026-09-25,2451,23600
1125927,48,2026-09-26,2451,23600
1125927,48,2026-10-09,2451,23600
1125927,57,2026-09-01,1369,23600
1125927,57,2026-09-02,1369,23600
1125927,57,2026-09-03,1369,23600
1125927,57,2026-09-25,1416,23600
1125927,57,2026-09-26,1416,23600
1125927,57,2026-10-09,1416,23600
1125927,57,2026-10-30,1377,23600
1125927,57,2026-10-31,1377,23600
1125927,57,2026-11-01,1377,23600
1125927,57,2026-11-02,1377,23600
1125927,57,2026-11-03,1377,23600
1125927,57,2026-11-04,1377,23600
1125927,57,2026-11-05,1377,23600
1125927,57,2026-11-06,1532,23600
1125927,57,2026-11-12,1377,23600
1125927,57,2026-11-13,1532,23600
1125927,57,2026-11-18,1377,23600
1125927,58,2026-09-01,1369,23600
1125927,58,2026-09-02,1369,23600
1125927,58,2026-09-03,1369,23600
1125927,58,2026-09-06,1639,23600
1125927,58,2026-09-11,1443,23600
1125927,58,2026-09-13,1639,23600
1125927,58,2026-09-18,1443,23600
1125927,58,2026-09-25,1416,23600
1125927,58,2026-09-26,1416,23600
1125927,58,2026-10-09,1416,23600
1125927,58,2026-10-30,1377,23600
1125927,58,2026-10-31,1377,23600
1125927,58,2026-11-01,1377,23600
1125927,58,2026-11-02,1377,23600
1125927,58,2026-11-03,1377,23600
1125927,58,2026-11-04,1377,23600
1125927,58,2026-11-05,1377,23600
1125927,58,2026-11-06,1532,23600
1125927,58,2026-11-12,1377,23600
1125927,58,2026-11-13,1532,23600
1125927,58,2026-11-18,1377,23600
1125927,89,2026-09-01,1369,23600
1125927,89,2026-09-02,1369,23600
1125927,89,2026-09-03,1369,23600
1125927,89,2026-09-25,1416,23600
1125927,89,2026-09-26,1416,23600
1125927,89,2026-10-09,1416,23600
1125927,89,2026-10-30,1377,23600
1125927,89,2026-10-31,1377,23600
1125927,89,2026-11-01,1377,23600
1125927,89,2026-11-02,1377,23600
1125927,89,2026-11-03,1377,23600
1125927,89,2026-11-04,1377,23600
1125927,89,2026-11-05,1377,23600
1125927,89,2026-11-06,1532,23600
1125927,89,2026-11-12,1377,23600
1125927,89,2026-11-13,1532,23600
1125927,89,2026-11-18,1377,23600
1125927,90,2026-09-01,1369,23600
1125927,90,2026-09-02,1369,23600
1125927,90,2026-09-03,1369,23600
1125927,90,2026-09-06,1639,23600
1125927,90,2026-09-11,1443,23600
1125927,90,2026-09-13,1639,23600
1125927,90,2026-09-18,1443,23600
1125927,90,2026-09-25,1416,23600
1125927,90,2026-09-26,1416,23600
1125927,90,2026-10-09,1416,23600
1125927,90,2026-10-30,1377,23600
1125927,90,2026-10-31,1377,23600
1125927,90,2026-11-01,1377,23600
1125927,90,2026-11-02,1377,23600
1125927,90,2026-11-03,1377,23600
1125927,90,2026-11-04,1377,23600
1125927,90,2026-11-05,1377,23600
1125927,90,2026-11-06,1532,23600
1125927,90,2026-11-12,1377,23600
1125927,90,2026-11-13,1532,23600
1125927,90,2026-11-18,1377,23600
1136293,23,2026-08-27,1705,23600
1136293,24,2026-08-27,1705,23600
1137116,19,2026-08-25,1130,23600
1137116,19,2026-08-26,1186,23600
1137116,20,2026-08-25,1130,23600
1137116,20,2026-08-26,1186,23600
1165837,25,2026-09-04,2062,23600
1165837,26,2026-09-04,2062,23600
1166122,21,2026-08-25,1569,23600
1166122,22,2026-08-25,1569,23600
1166122,23,2026-08-25,1569,23600
1166122,24,2026-08-25,1569,23600
1166122,39,2026-08-25,1569,23600
1166122,40,2026-08-25,1569,23600
1166122,83,2026-08-25,1569,23600
1166252,15,2026-09-04,1143,23600
1166252,38,2026-09-04,1143,23600
1167277,17,2026-11-19,1281,23600
1167277,18,2026-11-19,1281,23600
1167277,50,2026-11-19,1281,23600
1176148,29,2026-08-27,1369,23600
1176148,30,2026-08-27,1369,23600
1176148,31,2026-08-27,1369,23600
1176148,32,2026-08-27,1369,23600
1176148,33,2026-08-27,1369,23600
1176148,34,2026-08-27,1369,23600
1176148,57,2026-08-27,1369,23600
1203621,15,2026-08-27,1135,23600
1203621,25,2026-11-19,1695,23600
1203621,26,2026-11-19,1695,23600
1203621,38,2026-08-27,1135,23600
1212380,19,2026-10-20,1797,20000
1212380,19,2026-10-22,1797,20000
1212380,19,2026-10-23,1797,20000
1212380,19,2026-10-24,1797,20000
1212380,19,2026-10-26,1797,20000
1212380,19,2026-10-27,1797,20000
1212380,19,2026-10-28,1797,20000
1212380,19,2026-10-29,1797,20000
1212380,19,2026-10-30,1797,20000
1212380,19,2026-10-31,1797,20000
1212380,19,2026-11-01,1797,20000
1212380,19,2026-11-02,1797,20000
1212380,19,2026-11-03,1797,20000
1212380,19,2026-11-04,1797,20000
1212380,19,2026-11-05,1797,20000
1212380,19,2026-11-06,1797,20000
1212380,19,2026-11-07,1797,20000
1212380,19,2026-11-08,1797,20000
1212380,19,2026-11-09,1797,20000
1212380,19,2026-11-10,1797,20000
1212380,19,2026-11-11,1797,20000
1212380,19,2026-11-12,1797,20000
1212380,19,2026-11-13,1797,20000
1212380,19,2026-11-14,1797,20000
1212380,19,2026-11-15,1797,20000
1212380,19,2026-11-16,1797,20000
1212380,19,2026-11-17,1797,20000
1212380,19,2026-11-18,1797,20000
1212380,19,2026-11-19,1797,20000
1212380,20,2026-10-20,1797,20000
1212380,20,2026-10-22,1797,20000
1212380,20,2026-10-23,1797,20000
1212380,20,2026-10-24,1797,20000
1212380,20,2026-10-26,1797,20000
1212380,20,2026-10-27,1797,20000
1212380,20,2026-10-28,1797,20000
1212380,20,2026-10-29,1797,20000
1212380,20,2026-10-30,1797,20000
1212380,20,2026-10-31,1797,20000
1212380,20,2026-11-01,1797,20000
1212380,20,2026-11-02,1797,20000
1212380,20,2026-11-03,1797,20000
1212380,20,2026-11-04,1797,20000
1212380,20,2026-11-05,1797,20000
1212380,20,2026-11-06,1797,20000
1212380,20,2026-11-07,1797,20000
1212380,20,2026-11-08,1797,20000
1212380,20,2026-11-09,1797,20000
1212380,20,2026-11-10,1797,20000
1212380,20,2026-11-11,1797,20000
1212380,20,2026-11-12,1797,20000
1212380,20,2026-11-13,1797,20000
1212380,20,2026-11-14,1797,20000
1212380,20,2026-11-15,1797,20000
1212380,20,2026-11-16,1797,20000
1212380,20,2026-11-17,1797,20000
1212380,20,2026-11-18,1797,20000
1212380,20,2026-11-19,1797,20000
1212547,19,2026-08-27,2623,23600
1212547,20,2026-08-27,2623,23600
1213613,17,2027-08-21,2388,23600
1213613,18,2027-08-21,2388,23600
1213613,50,2027-08-21,2388,23600
1229511,19,2026-08-21,1071,23600
1229511,20,2026-08-21,1071,23600
1229511,21,2026-08-25,1287,23600
1229511,22,2026-08-25,1287,23600
1229511,39,2026-08-25,1287,23600
1229511,51,2026-08-21,1071,23600
1229511,83,2026-08-25,1287,23600
1229511,97,2026-08-25,1287,23600
1253706,27,2026-08-28,2175,23600
1253706,28,2026-08-28,2175,23600
1256474,17,2026-08-28,1283,23600
1256474,18,2026-08-28,1283,23600
1256474,23,2026-08-29,1474,23600
1256474,24,2026-08-29,1474,23600
1257158,19,2026-08-27,1347,23600
1257158,20,2026-08-27,1347,23600
1257158,51,2026-08-27,1347,23600
1259110,19,2026-08-28,1621,23600
1259110,19,2026-08-29,1621,23600
1259110,20,2026-08-28,1621,23600
1259110,20,2026-08-29,1621,23600
1314078,15,2026-10-09,1528,23600
1314078,38,2026-10-09,1528,23600
1314078,76,2026-10-09,1528,23600
1326972,29,2026-08-27,1400,23600
1326972,30,2026-08-27,1400,23600
1326972,31,2026-08-27,1400,23600
1326972,57,2026-08-27,1400,23600
1326972,89,2026-08-27,1400,23600
1336968,25,2026-09-04,1823,20000
1336968,26,2026-09-04,1823,20000
1368078,17,2026-08-23,1597,23600
1368078,17,2026-08-24,1597,23600
1368078,18,2026-08-23,1597,23600
1368078,18,2026-08-24,1597,23600
1368078,19,2026-08-26,1793,23600
1368078,20,2026-08-26,1793,23600
1368078,21,2026-08-26,1917,23600
1368078,22,2026-08-26,1917,23600
1368078,23,2026-08-27,2027,23600
1368078,24,2026-08-27,2027,23600
1368078,39,2026-08-26,1917,23600
1368078,40,2026-08-27,2027,23600
1368078,50,2026-08-23,1597,23600
1368078,50,2026-08-24,1597,23600
1368078,83,2026-08-26,1917,23600
1395021,27,2026-08-26,2102,23600
1395021,27,2026-08-27,2102,23600
1395021,28,2026-08-26,2102,23600
1395021,28,2026-08-27,2102,23600
1395021,41,2026-08-26,2102,23600
1395021,41,2026-08-27,2102,23600
1405295,23,2026-08-22,1164,23600
1405295,23,2026-08-23,1164,23600
1405295,23,2026-08-24,1164,23600
1405295,23,2026-08-25,1164,23600
1405295,23,2026-08-26,1164,23600
1405295,24,2026-08-22,1164,23600
1405295,24,2026-08-23,1164,23600
1405295,24,2026-08-24,1164,23600
1405295,24,2026-08-25,1164,23600
1405295,24,2026-08-26,1164,23600
1405295,40,2026-08-22,1164,23600
1405295,40,2026-08-23,1164,23600
1405295,40,2026-08-24,1164,23600
1405295,40,2026-08-25,1164,23600
1405295,40,2026-08-26,1164,23600
1411710,25,2026-08-27,1636,23600
1411710,26,2026-08-27,1636,23600
1423815,17,2026-08-27,1414,23600
1423815,18,2026-08-27,1414,23600
1423815,50,2026-08-27,1414,23600
1433791,27,2026-08-27,2900,23600
1433791,28,2026-08-27,2900,23600
1434999,21,2026-08-27,2056,23600
1434999,22,2026-08-27,2056,23600
1434999,39,2026-08-27,2056,23600
1434999,83,2026-08-27,2056,23600
1438370,17,2026-10-20,1254,23600
1438370,17,2026-10-21,1254,23600
1438370,17,2026-10-22,1254,23600
1438370,17,2026-10-23,1254,23600
1438370,17,2026-10-24,1254,23600
1438370,17,2026-10-26,1254,23600
1438370,17,2026-10-27,1254,23600
1438370,17,2026-10-28,1254,23600
1438370,17,2026-10-29,1254,23600
1438370,17,2026-10-30,1254,23600
1438370,17,2026-10-31,1254,23600
1438370,17,2026-11-01,1254,23600
1438370,17,2026-11-02,1254,23600
1438370,17,2026-11-03,1254,23600
1438370,17,2026-11-04,1254,23600
1438370,17,2026-11-05,1254,23600
1438370,17,2026-11-06,1254,23600
1438370,17,2026-11-07,1254,23600
1438370,17,2026-11-08,1254,23600
1438370,17,2026-11-09,1254,23600
1438370,17,2026-11-10,1254,23600
1438370,17,2026-11-11,1254,23600
1438370,17,2026-11-12,1254,23600
1438370,17,2026-11-13,1254,23600
1438370,17,2026-11-14,1254,23600
1438370,17,2026-11-15,1254,23600
1438370,17,2026-11-16,1254,23600
1438370,17,2026-11-17,1254,23600
1438370,17,2026-11-18,1254,23600
1438370,17,2026-11-19,1254,23600
1438370,18,2026-10-20,1254,23600
1438370,18,2026-10-21,1254,23600
1438370,18,2026-10-22,1254,23600
1438370,18,2026-10-23,1254,23600
1438370,18,2026-10-24,1254,23600
1438370,18,2026-10-26,1254,23600
1438370,18,2026-10-27,1254,23600
1438370,18,2026-10-28,1254,23600
1438370,18,2026-10-29,1254,23600
1438370,18,2026-10-30,1254,23600
1438370,18,2026-10-31,1254,23600
1438370,18,2026-11-01,1254,23600
1438370,18,2026-11-02,1254,23600
1438370,18,2026-11-03,1254,23600
1438370,18,2026-11-04,1254,23600
1438370,18,2026-11-05,1254,23600
1438370,18,2026-11-06,1254,23600
1438370,18,2026-11-07,1254,23600
1438370,18,2026-11-08,1254,23600
1438370,18,2026-11-09,1254,23600
1438370,18,2026-11-10,1254,23600
1438370,18,2026-11-11,1254,23600
1438370,18,2026-11-12,1254,23600
1438370,18,2026-11-13,1254,23600
1438370,18,2026-11-14,1254,23600
1438370,18,2026-11-15,1254,23600
1438370,18,2026-11-16,1254,23600
1438370,18,2026-11-17,1254,23600
1438370,18,2026-11-18,1254,23600
1438370,18,2026-11-19,1254,23600
1438370,50,2026-10-20,1254,23600
1438370,50,2026-10-21,1254,23600
1438370,50,2026-10-22,1254,23600
1438370,50,2026-10-23,1254,23600
1438370,50,2026-10-24,1254,23600
1438370,50,2026-10-26,1254,23600
1438370,50,2026-10-27,1254,23600
1438370,50,2026-10-28,1254,23600
1438370,50,2026-10-29,1254,23600
1438370,50,2026-10-30,1254,23600
1438370,50,2026-10-31,1254,23600
1438370,50,2026-11-01,1254,23600
1438370,50,2026-11-02,1254,23600
1438370,50,2026-11-03,1254,23600
1438370,50,2026-11-04,1254,23600
1438370,50,2026-11-05,1254,23600
1438370,50,2026-11-06,1254,23600
1438370,50,2026-11-07,1254,23600
1438370,50,2026-11-08,1254,23600
1438370,50,2026-11-09,1254,23600
1438370,50,2026-11-10,1254,23600
1438370,50,2026-11-11,1254,23600
1438370,50,2026-11-12,1254,23600
1438370,50,2026-11-13,1254,23600
1438370,50,2026-11-14,1254,23600
1438370,50,2026-11-15,1254,23600
1438370,50,2026-11-16,1254,23600
1438370,50,2026-11-17,1254,23600
1438370,50,2026-11-18,1254,23600
1438370,50,2026-11-19,1254,23600
1444313,15,2026-09-01,2008,27848
1444313,15,2026-09-02,2008,27848
1444313,15,2026-09-03,2008,27848
1444313,16,2026-09-01,2008,27848
1444313,16,2026-09-02,2008,27848
1444313,16,2026-09-03,2008,27848
1444313,38,2026-09-01,2008,27848
1444313,38,2026-09-02,2008,27848
1444313,38,2026-09-03,2008,27848
1444313,52,2026-09-01,2008,27848
1444313,52,2026-09-02,2008,27848
1444313,52,2026-09-03,2008,27848
1458562,21,2027-08-21,1332,20000
1458562,22,2027-08-21,1332,20000
1458562,39,2027-08-21,1332,20000
1458562,83,2027-08-21,1332,20000
1462197,17,2026-11-19,1350,23600
1462197,18,2026-11-19,1350,23600
1462197,27,2026-09-04,2661,23600
1462197,28,2026-09-04,2661,23600
1462197,29,2026-09-02,2178,23600
1462197,30,2026-09-02,2178,23600
1462197,31,2026-09-02,2178,23600
1462197,50,2026-11-19,1350,23600
1462197,57,2026-09-02,2178,23600
1462197,89,2026-09-02,2178,23600
1472376,21,2026-08-23,1829,23600
1472376,21,2026-08-24,1829,23600
1472376,21,2026-08-25,1829,23600
1472376,22,2026-08-23,1829,23600
1472376,22,2026-08-24,1829,23600
1472376,22,2026-08-25,1829,23600
1472376,23,2026-08-23,1829,23600
1472376,23,2026-08-24,1829,23600
1472376,23,2026-08-25,1829,23600
1472376,24,2026-08-23,1829,23600
1472376,24,2026-08-24,1829,23600
1472376,24,2026-08-25,1829,23600
1472376,39,2026-08-23,1829,23600
1472376,39,2026-08-24,1829,23600
1472376,39,2026-08-25,1829,23600
1472376,40,2026-08-23,1829,23600
1472376,40,2026-08-24,1829,23600
1472376,40,2026-08-25,1829,23600
1472376,83,2026-08-23,1829,23600
1472376,83,2026-08-24,1829,23600
1472376,83,2026-08-25,1829,23600
1472508,17,2026-08-27,1213,23600
1472508,18,2026-08-27,1213,23600
1472508,19,2026-08-27,1213,23600
1472508,20,2026-08-27,1213,23600
1472508,21,2026-09-01,1622,23600
1472508,21,2026-09-02,1622,23600
1472508,21,2026-09-03,1622,23600
1472508,22,2026-09-01,1622,23600
1472508,22,2026-09-02,1622,23600
1472508,22,2026-09-03,1622,23600
1472508,23,2026-09-01,1622,23600
1472508,23,2026-09-02,1622,23600
1472508,23,2026-09-03,1622,23600
1472508,24,2026-09-01,1622,23600
1472508,24,2026-09-02,1622,23600
1472508,24,2026-09-03,1622,23600
1472508,25,2026-09-01,1277,23600
1472508,25,2026-09-03,1277,23600
1472508,26,2026-09-01,1277,23600
1472508,26,2026-09-03,1277,23600
1472508,39,2026-09-01,1622,23600
1472508,39,2026-09-02,1622,23600
1472508,39,2026-09-03,1622,23600
1472508,40,2026-09-01,1622,23600
1472508,40,2026-09-02,1622,23600
1472508,40,2026-09-03,1622,23600
1472508,50,2026-08-27,1213,23600
1472508,83,2026-09-01,1622,23600
1472508,83,2026-09-02,1622,23600
1472508,83,2026-09-03,1622,23600
1472508,84,2026-09-01,1622,23600
1472508,84,2026-09-02,1622,23600
1472508,84,2026-09-03,1622,23600
1472508,97,2026-09-01,1622,23600
1472508,97,2026-09-02,1622,23600
1472508,97,2026-09-03,1622,23600
1472544,25,2026-09-03,1344,23600
1472544,26,2026-09-03,1344,23600
1474809,21,2026-08-26,1344,23600
1474809,22,2026-08-26,1344,23600
1474809,39,2026-08-26,1344,23600
1474809,83,2026-08-26,1344,23600
1475870,21,2026-08-21,1905,23600
1475870,21,2026-08-22,1905,23600
1475870,22,2026-08-21,1905,23600
1475870,22,2026-08-22,1905,23600
1475870,23,2026-08-21,1905,23600
1475870,23,2026-08-22,1905,23600
1475870,24,2026-08-21,1905,23600
1475870,24,2026-08-22,1905,23600
1475870,27,2026-08-21,1905,23600
1475870,27,2026-08-22,1905,23600
1475870,27,2026-11-19,2381,23600
1475870,28,2026-08-21,1905,23600
1475870,28,2026-08-22,1905,23600
1475870,28,2026-11-19,2381,23600
1475870,39,2026-08-21,1905,23600
1475870,39,2026-08-22,1905,23600
1476116,17,2026-08-29,1598,23600
1476116,17,2026-11-19,1460,23600
1476116,18,2026-08-29,1598,23600
1476116,18,2026-11-19,1460,23600
1476116,19,2026-08-29,1598,23600
1476116,19,2026-11-19,1460,23600
1476116,20,2026-08-29,1598,23600
1476116,20,2026-11-19,1460,23600
1476116,50,2026-08-29,1598,23600
1476116,50,2026-11-19,1460,23600
1476116,51,2026-08-29,1598,23600
1476116,51,2026-11-19,1460,23600
1476116,87,2026-08-29,1598,23600
1476116,87,2026-11-19,1460,23600
1479104,17,2026-08-26,1250,23600
1479104,18,2026-08-26,1250,23600
1479104,19,2026-08-26,1250,23600
1479104,20,2026-08-26,1250,23600
1479104,50,2026-08-26,1250,23600
1479104,51,2026-08-26,1250,23600
1479104,87,2026-08-26,1250,23600
1483570,21,2026-08-27,1424,23600
1483570,22,2026-08-27,1424,23600
1483570,39,2026-08-27,1424,23600
1483570,83,2026-08-27,1424,23600
1484845,23,2026-08-27,2013,23600
1484845,24,2026-08-27,2013,23600
1484845,40,2026-08-27,2013,23600
1535153,27,2026-08-22,1638,23600
1535153,27,2026-08-23,1642,23600
1535153,27,2026-08-24,1644,23600
1535153,27,2026-08-25,1638,23600
1535153,28,2026-08-22,1638,23600
1535153,28,2026-08-23,1642,23600
1535153,28,2026-08-24,1644,23600
1535153,28,2026-08-25,1638,23600
1541487,19,2026-08-21,1709,20000
1541487,19,2026-08-30,1791,20000
1541487,20,2026-08-21,1709,20000
1541487,20,2026-08-30,1791,20000
1541487,32,2026-11-19,2702,20000
1541487,33,2026-11-19,2702,20000
1541487,34,2026-11-19,2702,20000
1593321,25,2027-08-21,1494,27848
1596296,27,2026-11-19,2603,32861
1596296,28,2026-11-19,2603,32861
1596296,41,2026-11-19,2603,32861
1597119,25,2027-08-21,1837,23600
1597119,26,2027-08-21,1837,23600
1619452,21,2026-08-27,1510,23600
1619452,22,2026-08-27,1510,23600
1619452,39,2026-08-27,1510,23600
1619452,83,2026-08-27,1510,23600
1702720,21,2026-09-04,2471,23600
1702720,22,2026-09-04,2471,23600
1702720,23,2026-09-02,2609,23600
1702720,23,2026-09-04,2609,23600
1702720,24,2026-09-02,2609,23600
1702720,24,2026-09-04,2609,23600
1702720,39,2026-09-04,2471,23600
1702720,40,2026-09-02,2609,23600
1702720,40,2026-09-04,2609,23600
1702720,83,2026-09-04,2471,23600
1755459,23,2026-08-27,2041,23600
1755459,24,2026-08-27,2041,23600
1755459,40,2026-08-27,2041,23600
1766640,15,2026-08-28,1187,23600
1766640,16,2026-08-28,1187,23600
1766640,38,2026-08-28,1187,23600
1766640,52,2026-08-28,1187,23600
1767649,17,2026-08-24,1235,23600
1767649,18,2026-08-24,1235,23600
1767649,19,2026-08-24,1235,23600
1767649,20,2026-08-24,1235,23600
1767649,21,2026-08-24,1580,23600
1767649,22,2026-08-24,1580,23600
1767649,23,2026-08-24,1580,23600
1767649,24,2026-08-24,1580,23600
1767649,39,2026-08-24,1580,23600
1767649,40,2026-08-24,1580,23600
1767649,50,2026-08-24,1235,23600
1767649,83,2026-08-24,1580,23600
1873520,25,2026-11-19,1891,23600
1873520,26,2026-11-19,1891,23600
1884844,19,2026-08-27,1217,23600
1884844,20,2026-08-27,1217,23600
1912757,25,2027-08-21,1118,23600
1912757,26,2027-08-21,1118,23600
1978478,23,2026-08-27,1595,27848
1978478,24,2026-08-27,1595,27848
1978478,40,2026-08-27,1595,27848
2010531,19,2026-08-26,1164,23600
2010531,20,2026-08-26,1164,23600
2010531,51,2026-08-26,1164,23600
2013518,19,2026-08-27,1013,23600
2013518,20,2026-08-27,1013,23600
2016749,25,2026-11-19,1919,23600
2016749,26,2026-11-19,1919,23600
2019978,17,2026-08-27,1715,20000
2019978,18,2026-08-27,1715,20000
2019978,50,2026-08-27,1715,20000
2025497,21,2026-08-28,1526,23600
2025497,21,2026-08-29,1526,23600
2025497,22,2026-08-28,1526,23600
2025497,22,2026-08-29,1526,23600
2025497,23,2026-08-28,1595,23600
2025497,23,2026-08-29,1595,23600
2025497,24,2026-08-28,1595,23600
2025497,24,2026-08-29,1595,23600
2025497,39,2026-08-28,1526,23600
2025497,39,2026-08-29,1526,23600
2025497,40,2026-08-28,1595,23600
2025497,40,2026-08-29,1595,23600
2025497,83,2026-08-28,1526,23600
2025497,83,2026-08-29,1526,23600
2025675,21,2026-08-28,1647,20000
2025675,21,2026-08-29,1647,20000
2025675,22,2026-08-28,1647,20000
2025675,22,2026-08-29,1647,20000
2025675,39,2026-08-28,1647,20000
2025675,39,2026-08-29,1647,20000
2031351,23,2026-11-19,2249,23600
2031351,24,2026-11-19,2249,23600
2031351,40,2026-11-19,2249,23600
2043442,17,2026-08-27,1329,23600
2043442,18,2026-08-27,1329,23600
2043442,19,2026-08-27,1398,23600
2043442,20,2026-08-27,1398,23600
2043442,50,2026-08-27,1329,23600
2043614,17,2026-08-27,1478,20000
2043614,18,2026-08-27,1478,20000
2043614,50,2026-08-27,1478,20000
2057538,23,2026-08-24,1999,23600
2057538,23,2026-08-25,1998,23600
2057538,24,2026-08-24,1999,23600
2057538,24,2026-08-25,1998,23600
2057538,40,2026-08-24,1999,23600
2057538,40,2026-08-25,1998,23600
2066561,21,2026-08-27,1517,27848
2066561,22,2026-08-27,1517,27848
2066561,23,2026-08-27,1517,27848
2066561,24,2026-08-27,1517,27848
2066561,39,2026-08-27,1517,27848
2066561,40,2026-08-27,1517,27848
2066561,83,2026-08-27,1517,27848
2071224,17,2026-08-28,1136,23600
2071224,17,2026-08-29,1136,23600
2071224,18,2026-08-28,1136,23600
2071224,18,2026-08-29,1136,23600
2071224,19,2026-08-29,1205,23600
2071224,20,2026-08-29,1205,23600
2071224,50,2026-08-28,1136,23600
2071224,50,2026-08-29,1136,23600
2071224,51,2026-08-29,1205,23600
2071224,87,2026-08-28,1136,23600
2071224,87,2026-08-29,1136,23600
2072844,27,2026-11-19,1847,23600
2072844,28,2026-11-19,1847,23600
2072844,41,2026-11-19,1847,23600
2076663,25,2027-08-21,1312,23600
2076663,26,2027-08-21,1312,23600
2267797,21,2026-08-27,1540,23600
2267797,22,2026-08-27,1540,23600
2267797,39,2026-08-27,1540,23600
2267797,83,2026-08-27,1540,23600
3001862,25,2027-08-21,1803,23600
3001862,26,2027-08-21,1803,23600
3721182,25,2026-11-19,1603,23600
3721182,25,2027-08-21,1603,23600
3721182,26,2026-11-19,1603,23600
3721182,26,2027-08-21,1603,23600
6141453,21,2026-11-19,2160,23600
6141453,22,2026-11-19,2160,23600
6141453,23,2026-11-19,2160,23600
6141453,24,2026-11-19,2160,23600
6141453,39,2026-11-19,2160,23600
6141453,40,2026-11-19,2160,23600
6141453,83,2026-11-19,2160,23600
6473852,17,2026-11-19,1471,23600
6473852,18,2026-11-19,1471,23600
6473852,50,2026-11-19,1471,23600
9772256,17,2026-10-21,3975,23600
9772256,17,2026-10-22,3975,23600
9772256,17,2026-10-23,3975,23600
9772256,17,2026-10-24,3975,23600
9772256,17,2026-10-25,3975,23600
9772256,17,2026-11-06,3975,23600
9772256,17,2026-11-07,3975,23600
9772256,17,2026-11-08,3975,23600
9772256,17,2026-11-09,3975,23600
9772256,17,2026-11-10,3975,23600
9772256,17,2026-11-13,3975,23600
9772256,17,2026-11-14,3975,23600
9772256,17,2026-11-15,3975,23600
9772256,17,2026-11-16,3975,23600
9772256,18,2026-10-21,3975,23600
9772256,18,2026-10-22,3975,23600
9772256,18,2026-10-23,3975,23600
9772256,18,2026-10-24,3975,23600
9772256,18,2026-10-25,3975,23600
9772256,18,2026-11-06,3975,23600
9772256,18,2026-11-07,3975,23600
9772256,18,2026-11-08,3975,23600
9772256,18,2026-11-09,3975,23600
9772256,18,2026-11-10,3975,23600
9772256,18,2026-11-13,3975,23600
9772256,18,2026-11-14,3975,23600
9772256,18,2026-11-15,3975,23600
9772256,18,2026-11-16,3975,23600
9772256,19,2026-10-21,3975,23600
9772256,19,2026-10-22,3975,23600
9772256,19,2026-10-23,3975,23600
9772256,19,2026-10-24,3975,23600
9772256,19,2026-10-25,3975,23600
9772256,19,2026-11-06,3975,23600
9772256,19,2026-11-07,3975,23600
9772256,19,2026-11-08,3975,23600
9772256,19,2026-11-09,3975,23600
9772256,19,2026-11-10,3975,23600
9772256,19,2026-11-13,3975,23600
9772256,19,2026-11-14,3975,23600
9772256,19,2026-11-15,3975,23600
9772256,19,2026-11-16,3975,23600
9772256,20,2026-10-21,3975,23600
9772256,20,2026-10-22,3975,23600
9772256,20,2026-10-23,3975,23600
9772256,20,2026-10-24,3975,23600
9772256,20,2026-10-25,3975,23600
9772256,20,2026-11-06,3975,23600
9772256,20,2026-11-07,3975,23600
9772256,20,2026-11-08,3975,23600
9772256,20,2026-11-09,3975,23600
9772256,20,2026-11-10,3975,23600
9772256,20,2026-11-13,3975,23600
9772256,20,2026-11-14,3975,23600
9772256,20,2026-11-15,3975,23600
9772256,20,2026-11-16,3975,23600
9772256,35,2026-10-21,6459,23600
9772256,35,2026-10-22,6459,23600
9772256,35,2026-10-23,6459,23600
9772256,35,2026-10-24,6459,23600
9772256,35,2026-10-25,6459,23600
9772256,35,2026-11-06,6459,23600
9772256,35,2026-11-07,6459,23600
9772256,35,2026-11-08,6459,23600
9772256,35,2026-11-09,6459,23600
9772256,35,2026-11-10,6459,23600
9772256,35,2026-11-13,6459,23600
9772256,35,2026-11-14,6459,23600
9772256,35,2026-11-15,6459,23600
9772256,35,2026-11-16,6459,23600
9772256,36,2026-10-21,6459,23600
9772256,36,2026-10-22,6459,23600
9772256,36,2026-10-23,6459,23600
9772256,36,2026-10-24,6459,23600
9772256,36,2026-10-25,6459,23600
9772256,36,2026-11-06,6459,23600
9772256,36,2026-11-07,6459,23600
9772256,36,2026-11-08,6459,23600
9772256,36,2026-11-09,6459,23600
9772256,36,2026-11-10,6459,23600
9772256,36,2026-11-13,6459,23600
9772256,36,2026-11-14,6459,23600
9772256,36,2026-11-15,6459,23600
9772256,36,2026-11-16,6459,23600
9772256,37,2026-10-21,6459,23600
9772256,37,2026-10-22,6459,23600
9772256,37,2026-10-23,6459,23600
9772256,37,2026-10-24,6459,23600
9772256,37,2026-10-25,6459,23600
9772256,37,2026-11-06,6459,23600
9772256,37,2026-11-07,6459,23600
9772256,37,2026-11-08,6459,23600
9772256,37,2026-11-09,6459,23600
9772256,37,2026-11-10,6459,23600
9772256,37,2026-11-13,6459,23600
9772256,37,2026-11-14,6459,23600
9772256,37,2026-11-15,6459,23600
9772256,37,2026-11-16,6459,23600
9772256,42,2026-10-30,7070,23600
9772256,42,2026-10-31,7070,23600
9772256,43,2026-10-30,7070,23600
9772256,43,2026-10-31,7070,23600
9772256,50,2026-10-21,3975,23600
9772256,50,2026-10-22,3975,23600
9772256,50,2026-10-23,3975,23600
9772256,50,2026-10-24,3975,23600
9772256,50,2026-10-25,3975,23600
9772256,50,2026-11-06,3975,23600
9772256,50,2026-11-07,3975,23600
9772256,50,2026-11-08,3975,23600
9772256,50,2026-11-09,3975,23600
9772256,50,2026-11-10,3975,23600
9772256,50,2026-11-13,3975,23600
9772256,50,2026-11-14,3975,23600
9772256,50,2026-11-15,3975,23600
9772256,50,2026-11-16,3975,23600
9772256,51,2026-10-21,3975,23600
9772256,51,2026-10-22,3975,23600
9772256,51,2026-10-23,3975,23600
9772256,51,2026-10-24,3975,23600
9772256,51,2026-10-25,3975,23600
9772256,51,2026-11-06,3975,23600
9772256,51,2026-11-07,3975,23600
9772256,51,2026-11-08,3975,23600
9772256,51,2026-11-09,3975,23600
9772256,51,2026-11-10,3975,23600
9772256,51,2026-11-13,3975,23600
9772256,51,2026-11-14,3975,23600
9772256,51,2026-11-15,3975,23600
9772256,51,2026-11-16,3975,23600
9772256,87,2026-10-21,3975,23600
9772256,87,2026-10-22,3975,23600
9772256,87,2026-10-23,3975,23600
9772256,87,2026-10-24,3975,23600
9772256,87,2026-10-25,3975,23600
9772256,87,2026-11-06,3975,23600
9772256,87,2026-11-07,3975,23600
9772256,87,2026-11-08,3975,23600
9772256,87,2026-11-09,3975,23600
9772256,87,2026-11-10,3975,23600
9772256,87,2026-11-13,3975,23600
9772256,87,2026-11-14,3975,23600
9772256,87,2026-11-15,3975,23600
9772256,87,2026-11-16,3975,23600
0003211,25,2026-08-27,1900,23600
0191524,17,2026-08-23,1500,23600
0191524,18,2026-08-23,1500,23600
0191524,27,2026-08-27,2535,23600
0191524,28,2026-08-27,2535,23600
0191524,32,2026-08-23,2190,23600
0191524,33,2026-08-23,2190,23600
0191524,34,2026-08-23,2190,23600
0191524,50,2026-08-23,1500,23600
0191524,87,2026-08-23,1500,23600
0242206,25,2027-08-21,2939,23600
0265185,27,2026-11-19,2096,23600
0265185,28,2026-11-19,2096,23600
0327829,21,2026-11-01,1281,23600
0327829,21,2026-11-02,1279,23600
0327829,21,2026-11-03,1279,23600
0327829,21,2026-11-04,1279,23600
0327829,21,2026-11-05,1279,23600
0327829,21,2026-11-06,1334,23600
0327829,21,2026-11-12,1279,23600
0327829,21,2026-11-13,1334,23600
0327829,21,2026-11-18,1279,23600
0327829,21,2026-11-19,1279,23600
0327829,22,2026-11-01,1281,23600
0327829,22,2026-11-02,1279,23600
0327829,22,2026-11-03,1279,23600
0327829,22,2026-11-04,1279,23600
0327829,22,2026-11-05,1279,23600
0327829,22,2026-11-06,1334,23600
0327829,22,2026-11-12,1279,23600
0327829,22,2026-11-13,1334,23600
0327829,22,2026-11-18,1279,23600
0327829,22,2026-11-19,1279,23600
0327829,23,2026-10-27,1278,23600
0327829,23,2026-10-28,1278,23600
0327829,23,2026-10-29,1278,23600
0327829,24,2026-10-27,1278,23600
0327829,24,2026-10-28,1278,23600
0327829,24,2026-10-29,1278,23600
0327829,39,2026-11-01,1281,23600
0327829,39,2026-11-02,1279,23600
0327829,39,2026-11-03,1279,23600
0327829,39,2026-11-04,1279,23600
0327829,39,2026-11-05,1279,23600
0327829,39,2026-11-06,1334,23600
0327829,39,2026-11-12,1279,23600
0327829,39,2026-11-13,1334,23600
0327829,39,2026-11-18,1279,23600
0327829,39,2026-11-19,1279,23600
0327829,40,2026-10-27,1278,23600
0327829,40,2026-10-28,1278,23600
0327829,40,2026-10-29,1278,23600
0327829,83,2026-11-01,1281,23600
0327829,83,2026-11-02,1279,23600
0327829,83,2026-11-03,1279,23600
0327829,83,2026-11-04,1279,23600
0327829,83,2026-11-05,1279,23600
0327829,83,2026-11-06,1334,23600
0327829,83,2026-11-12,1279,23600
0327829,83,2026-11-13,1334,23600
0327829,83,2026-11-18,1279,23600
0327829,83,2026-11-19,1279,23600
0395630,17,2026-08-25,1592,35400
0395630,18,2026-08-25,1592,35400
0395630,27,2026-08-27,2579,35400
0395630,28,2026-08-27,2579,35400
0395630,50,2026-08-25,1592,35400
1043825,17,2026-09-04,1440,23600
1043825,18,2026-09-04,1440,23600
1064422,17,2026-08-30,1081,23600
1064422,18,2026-08-30,1081,23600
1064422,19,2026-08-30,1081,23600
1064422,20,2026-08-30,1081,23600
1064422,50,2026-08-30,1081,23600
1075048,17,2026-08-21,1082,23600
1075048,17,2026-08-22,1082,23600
1075048,17,2026-08-25,1082,23600
1075048,17,2026-08-26,1082,23600
1075048,18,2026-08-21,1082,23600
1075048,18,2026-08-22,1082,23600
1075048,18,2026-08-25,1082,23600
1075048,18,2026-08-26,1082,23600
1075048,19,2026-08-21,1082,23600
1075048,19,2026-08-22,1082,23600
1075048,19,2026-08-25,1082,23600
1075048,19,2026-08-26,1082,23600
1075048,20,2026-08-21,1082,23600
1075048,20,2026-08-22,1082,23600
1075048,20,2026-08-25,1082,23600
1075048,20,2026-08-26,1082,23600
1075048,50,2026-08-21,1082,23600
1075048,50,2026-08-22,1082,23600
1075048,50,2026-08-25,1082,23600
1075048,50,2026-08-26,1082,23600
1125927,17,2026-11-19,1136,23600
1125927,18,2026-11-19,1136,23600
1125927,24179,2026-08-31,1359,23600
1125927,24179,2026-09-07,1359,23600
1125927,24179,2026-09-08,1359,23600
1125927,24179,2026-09-09,1359,23600
1125927,24179,2026-09-10,1359,23600
1125927,24179,2026-09-15,1359,23600
1125927,24179,2026-09-16,1359,23600
1125927,24179,2026-09-17,1359,23600
1125927,24179,2026-09-20,1359,23600
1125927,24179,2026-09-21,1359,23600
1125927,24179,2026-09-22,1359,23600
1125927,24179,2026-09-23,1359,23600
1125927,24179,2026-09-24,1359,23600
1125927,24179,2026-09-27,1359,23600
1125927,24179,2026-09-28,1359,23600
1125927,24179,2026-09-29,1359,23600
1125927,24179,2026-09-30,1359,23600
1125927,24179,2026-10-06,1359,23600
1125927,24179,2026-10-07,1359,23600
1125927,24179,2026-10-08,1359,23600
1125927,24179,2026-10-27,1359,23600
1125927,24179,2026-10-28,1359,23600
1125927,24179,2026-10-29,1359,23600
1125927,29,2026-08-31,1359,23600
1125927,29,2026-09-07,1359,23600
1125927,29,2026-09-08,1359,23600
1125927,29,2026-09-09,1359,23600
1125927,29,2026-09-10,1359,23600
1125927,29,2026-09-15,1359,23600
1125927,29,2026-09-16,1359,23600
1125927,29,2026-09-17,1359,23600
1125927,29,2026-09-20,1359,23600
1125927,29,2026-09-21,1359,23600
1125927,29,2026-09-22,1359,23600
1125927,29,2026-09-23,1359,23600
1125927,29,2026-09-24,1359,23600
1125927,29,2026-09-27,1359,23600
1125927,29,2026-09-28,1359,23600
1125927,29,2026-09-29,1359,23600
1125927,29,2026-09-30,1359,23600
1125927,29,2026-10-06,1359,23600
1125927,29,2026-10-07,1359,23600
1125927,29,2026-10-08,1359,23600
1125927,29,2026-10-27,1359,23600
1125927,29,2026-10-28,1359,23600
1125927,29,2026-10-29,1359,23600
1125927,30,2026-08-31,1359,23600
1125927,30,2026-09-07,1359,23600
1125927,30,2026-09-08,1359,23600
1125927,30,2026-09-09,1359,23600
1125927,30,2026-09-10,1359,23600
1125927,30,2026-09-15,1359,23600
1125927,30,2026-09-16,1359,23600
1125927,30,2026-09-17,1359,23600
1125927,30,2026-09-20,1359,23600
1125927,30,2026-09-21,1359,23600
1125927,30,2026-09-22,1359,23600
1125927,30,2026-09-23,1359,23600
1125927,30,2026-09-24,1359,23600
1125927,30,2026-09-27,1359,23600
1125927,30,2026-09-28,1359,23600
1125927,30,2026-09-29,1359,23600
1125927,30,2026-09-30,1359,23600
1125927,30,2026-10-06,1359,23600
1125927,30,2026-10-07,1359,23600
1125927,30,2026-10-08,1359,23600
1125927,30,2026-10-27,1359,23600
1125927,30,2026-10-28,1359,23600
1125927,30,2026-10-29,1359,23600
1125927,31,2026-08-31,1359,23600
1125927,31,2026-09-07,1359,23600
1125927,31,2026-09-08,1359,23600
1125927,31,2026-09-09,1359,23600
1125927,31,2026-09-10,1359,23600
1125927,31,2026-09-15,1359,23600
1125927,31,2026-09-16,1359,23600
1125927,31,2026-09-17,1359,23600
1125927,31,2026-09-20,1359,23600
1125927,31,2026-09-21,1359,23600
1125927,31,2026-09-22,1359,23600
1125927,31,2026-09-23,1359,23600
1125927,31,2026-09-24,1359,23600
1125927,31,2026-09-27,1359,23600
1125927,31,2026-09-28,1359,23600
1125927,31,2026-09-29,1359,23600
1125927,31,2026-09-30,1359,23600
1125927,31,2026-10-06,1359,23600
1125927,31,2026-10-07,1359,23600
1125927,31,2026-10-08,1359,23600
1125927,31,2026-10-27,1359,23600
1125927,31,2026-10-28,1359,23600
1125927,31,2026-10-29,1359,23600
1125927,32,2026-08-31,1359,23600
1125927,32,2026-09-07,1359,23600
1125927,32,2026-09-08,1359,23600
1125927,32,2026-09-09,1359,23600
1125927,32,2026-09-10,1359,23600
1125927,32,2026-09-15,1359,23600
1125927,32,2026-09-16,1359,23600
1125927,32,2026-09-17,1359,23600
1125927,32,2026-09-20,1359,23600
1125927,32,2026-09-21,1359,23600
1125927,32,2026-09-22,1359,23600
1125927,32,2026-09-23,1359,23600
1125927,32,2026-09-24,1359,23600
1125927,32,2026-09-27,1359,23600
1125927,32,2026-09-28,1359,23600
1125927,32,2026-09-29,1359,23600
1125927,32,2026-09-30,1359,23600
1125927,32,2026-10-06,1359,23600
1125927,32,2026-10-07,1359,23600
1125927,32,2026-10-08,1359,23600
1125927,32,2026-10-27,1359,23600
1125927,32,2026-10-28,1359,23600
1125927,32,2026-10-29,1359,23600
1125927,33,2026-08-31,1359,23600
1125927,33,2026-09-07,1359,23600
1125927,33,2026-09-08,1359,23600
1125927,33,2026-09-09,1359,23600
1125927,33,2026-09-10,1359,23600
1125927,33,2026-09-15,1359,23600
1125927,33,2026-09-16,1359,23600
1125927,33,2026-09-17,1359,23600
1125927,33,2026-09-20,1359,23600
1125927,33,2026-09-21,1359,23600
1125927,33,2026-09-22,1359,23600
1125927,33,2026-09-23,1359,23600
1125927,33,2026-09-24,1359,23600
1125927,33,2026-09-27,1359,23600
1125927,33,2026-09-28,1359,23600
1125927,33,2026-09-29,1359,23600
1125927,33,2026-09-30,1359,23600
1125927,33,2026-10-06,1359,23600
1125927,33,2026-10-07,1359,23600
1125927,33,2026-10-08,1359,23600
1125927,33,2026-10-27,1359,23600
1125927,33,2026-10-28,1359,23600
1125927,33,2026-10-29,1359,23600
1125927,34,2026-08-31,1359,23600
1125927,34,2026-09-07,1359,23600
1125927,34,2026-09-08,1359,23600
1125927,34,2026-09-09,1359,23600
1125927,34,2026-09-10,1359,23600
1125927,34,2026-09-15,1359,23600
1125927,34,2026-09-16,1359,23600
1125927,34,2026-09-17,1359,23600
1125927,34,2026-09-20,1359,23600
1125927,34,2026-09-21,1359,23600
1125927,34,2026-09-22,1359,23600
1125927,34,2026-09-23,1359,23600
1125927,34,2026-09-24,1359,23600
1125927,34,2026-09-27,1359,23600
1125927,34,2026-09-28,1359,23600
1125927,34,2026-09-29,1359,23600
1125927,34,2026-09-30,1359,23600
1125927,34,2026-10-06,1359,23600
1125927,34,2026-10-07,1359,23600
1125927,34,2026-10-08,1359,23600
1125927,34,2026-10-27,1359,23600
1125927,34,2026-10-28,1359,23600
1125927,34,2026-10-29,1359,23600
1125927,50,2026-11-19,1136,23600
1125927,57,2026-08-31,1359,23600
1125927,57,2026-09-07,1359,23600
1125927,57,2026-09-08,1359,23600
1125927,57,2026-09-09,1359,23600
1125927,57,2026-09-10,1359,23600
1125927,57,2026-09-15,1359,23600
1125927,57,2026-09-16,1359,23600
1125927,57,2026-09-17,1359,23600
1125927,57,2026-09-20,1359,23600
1125927,57,2026-09-21,1359,23600
1125927,57,2026-09-22,1359,23600
1125927,57,2026-09-23,1359,23600
1125927,57,2026-09-24,1359,23600
1125927,57,2026-09-27,1359,23600
1125927,57,2026-09-28,1359,23600
1125927,57,2026-09-29,1359,23600
1125927,57,2026-09-30,1359,23600
1125927,57,2026-10-06,1359,23600
1125927,57,2026-10-07,1359,23600
1125927,57,2026-10-08,1359,23600
1125927,57,2026-10-27,1359,23600
1125927,57,2026-10-28,1359,23600
1125927,57,2026-10-29,1359,23600
1125927,58,2026-08-31,1359,23600
1125927,58,2026-09-07,1359,23600
1125927,58,2026-09-08,1359,23600
1125927,58,2026-09-09,1359,23600
1125927,58,2026-09-10,1359,23600
1125927,58,2026-09-15,1359,23600
1125927,58,2026-09-16,1359,23600
1125927,58,2026-09-17,1359,23600
1125927,58,2026-09-20,1359,23600
1125927,58,2026-09-21,1359,23600
1125927,58,2026-09-22,1359,23600
1125927,58,2026-09-23,1359,23600
1125927,58,2026-09-24,1359,23600
1125927,58,2026-09-27,1359,23600
1125927,58,2026-09-28,1359,23600
1125927,58,2026-09-29,1359,23600
1125927,58,2026-09-30,1359,23600
1125927,58,2026-10-06,1359,23600
1125927,58,2026-10-07,1359,23600
1125927,58,2026-10-08,1359,23600
1125927,58,2026-10-27,1359,23600
1125927,58,2026-10-28,1359,23600
1125927,58,2026-10-29,1359,23600
1125927,89,2026-08-31,1359,23600
1125927,89,2026-09-07,1359,23600
1125927,89,2026-09-08,1359,23600
1125927,89,2026-09-09,1359,23600
1125927,89,2026-09-10,1359,23600
1125927,89,2026-09-15,1359,23600
1125927,89,2026-09-16,1359,23600
1125927,89,2026-09-17,1359,23600
1125927,89,2026-09-20,1359,23600
1125927,89,2026-09-21,1359,23600
1125927,89,2026-09-22,1359,23600
1125927,89,2026-09-23,1359,23600
1125927,89,2026-09-24,1359,23600
1125927,89,2026-09-27,1359,23600
1125927,89,2026-09-28,1359,23600
1125927,89,2026-09-29,1359,23600
1125927,89,2026-09-30,1359,23600
1125927,89,2026-10-06,1359,23600
1125927,89,2026-10-07,1359,23600
1125927,89,2026-10-08,1359,23600
1125927,89,2026-10-27,1359,23600
1125927,89,2026-10-28,1359,23600
1125927,89,2026-10-29,1359,23600
1125927,90,2026-08-31,1359,23600
1125927,90,2026-09-07,1359,23600
1125927,90,2026-09-08,1359,23600
1125927,90,2026-09-09,1359,23600
1125927,90,2026-09-10,1359,23600
1125927,90,2026-09-15,1359,23600
1125927,90,2026-09-16,1359,23600
1125927,90,2026-09-17,1359,23600
1125927,90,2026-09-20,1359,23600
1125927,90,2026-09-21,1359,23600
1125927,90,2026-09-22,1359,23600
1125927,90,2026-09-23,1359,23600
1125927,90,2026-09-24,1359,23600
1125927,90,2026-09-27,1359,23600
1125927,90,2026-09-28,1359,23600
1125927,90,2026-09-29,1359,23600
1125927,90,2026-09-30,1359,23600
1125927,90,2026-10-06,1359,23600
1125927,90,2026-10-07,1359,23600
1125927,90,2026-10-08,1359,23600
1125927,90,2026-10-27,1359,23600
1125927,90,2026-10-28,1359,23600
1125927,90,2026-10-29,1359,23600
1127927,21,2026-08-27,1500,23600
1127927,22,2026-08-27,1500,23600
1127927,23,2026-08-27,1569,23600
1127927,24,2026-08-27,1569,23600
1127927,39,2026-08-27,1500,23600
1127927,40,2026-08-27,1569,23600
1127927,83,2026-08-27,1500,23600
1136293,21,2026-08-27,1636,23600
1136293,22,2026-08-27,1636,23600
1136293,39,2026-08-27,1636,23600
1136669,27,2026-09-02,2233,23600
1136669,28,2026-09-02,2233,23600
1137116,19,2026-08-24,1129,23600
1137116,20,2026-08-24,1129,23600
1165642,19,2026-08-27,1605,23600
1165642,20,2026-08-27,1605,23600
1165837,25,2026-09-02,2062,23600
1165837,26,2026-09-02,2062,23600
1166122,29,2026-08-26,1962,23600
1166122,29,2026-08-27,1962,23600
1166122,30,2026-08-26,1962,23600
1166122,30,2026-08-27,1962,23600
1166122,31,2026-08-26,1962,23600
1166122,31,2026-08-27,1962,23600
1166122,32,2026-08-26,1962,23600
1166122,32,2026-08-27,1962,23600
1166122,33,2026-08-26,1962,23600
1166122,33,2026-08-27,1962,23600
1166122,34,2026-08-26,1962,23600
1166122,34,2026-08-27,1962,23600
1166122,35,2027-08-21,2354,23600
1166122,36,2027-08-21,2354,23600
1166122,57,2026-08-26,1962,23600
1166122,57,2026-08-27,1962,23600
1204840,78,2026-11-19,1424,27848
1204840,79,2026-11-19,1424,27848
1212547,17,2026-08-27,2485,23600
1212547,18,2026-08-27,2485,23600
1212547,50,2026-08-27,2485,23600
1231999,35,2027-08-21,1941,20000
1231999,36,2027-08-21,1941,20000
1231999,37,2027-08-21,1941,20000
1234388,23,2026-08-27,2205,27848
1234388,24,2026-08-27,2205,27848
1234388,27,2027-08-21,2514,27848
1234388,28,2027-08-21,2514,27848
1234388,40,2026-08-27,2205,27848
1242933,27,2027-08-21,3491,23600
1242933,28,2027-08-21,3491,23600
1253706,27,2026-08-29,2153,23600
1253706,28,2026-08-29,2153,23600
1257158,23,2026-08-21,1804,23600
1257158,24,2026-08-21,1804,23600
1257158,40,2026-08-21,1804,23600
1259110,17,2026-08-28,1552,23600
1259110,17,2026-08-29,1552,23600
1259110,18,2026-08-28,1552,23600
1259110,18,2026-08-29,1552,23600
1259110,50,2026-08-28,1552,23600
1259110,50,2026-08-29,1552,23600
1265433,23,2026-08-27,1909,23600
1265433,24,2026-08-27,1909,23600
1265433,40,2026-08-27,1909,23600
1368078,17,2026-08-26,1655,23600
1368078,18,2026-08-26,1655,23600
1368078,21,2026-08-27,1889,23600
1368078,22,2026-08-27,1889,23600
1368078,39,2026-08-27,1889,23600
1368078,50,2026-08-26,1655,23600
1368078,83,2026-08-27,1889,23600
1373375,27,2027-08-21,2813,23600
1373375,28,2027-08-21,2813,23600
1379430,25,2026-08-26,2392,23600
1379430,25,2026-11-19,2392,23600
1379430,26,2026-08-26,2392,23600
1379430,26,2026-11-19,2392,23600
1395021,19,2026-08-25,1446,23600
1395021,20,2026-08-25,1446,23600
1395021,21,2026-08-24,1603,23600
1395021,22,2026-08-24,1603,23600
1395021,23,2026-08-24,1707,23600
1395021,24,2026-08-24,1707,23600
1395021,39,2026-08-24,1603,23600
1395021,40,2026-08-24,1707,23600
1395021,83,2026-08-24,1603,23600
1395021,84,2026-08-24,1707,23600
1395021,97,2026-08-24,1603,23600
1396947,35,2026-08-27,3233,23600
1396947,36,2026-08-27,3233,23600
1405295,21,2026-08-22,1078,23600
1405295,21,2026-08-23,1078,23600
1405295,21,2026-08-24,1078,23600
1405295,21,2026-08-25,1078,23600
1405295,21,2026-08-26,1078,23600
1405295,22,2026-08-22,1078,23600
1405295,22,2026-08-23,1078,23600
1405295,22,2026-08-24,1078,23600
1405295,22,2026-08-25,1078,23600
1405295,22,2026-08-26,1078,23600
1405295,39,2026-08-22,1078,23600
1405295,39,2026-08-23,1078,23600
1405295,39,2026-08-24,1078,23600
1405295,39,2026-08-25,1078,23600
1405295,39,2026-08-26,1078,23600
1405295,83,2026-08-22,1078,23600
1405295,83,2026-08-23,1078,23600
1405295,83,2026-08-24,1078,23600
1405295,83,2026-08-25,1078,23600
1405295,83,2026-08-26,1078,23600
1412139,25,2026-11-19,1548,23600
1412139,26,2026-11-19,1548,23600
1433791,25,2026-08-27,2624,23600
1433791,26,2026-08-27,2624,23600
1434999,19,2026-08-27,1987,23600
1434999,20,2026-08-27,1987,23600
1434999,51,2026-08-27,1987,23600
1446609,21,2026-09-01,1523,23600
1446609,21,2026-09-02,1523,23600
1446609,21,2026-09-03,1523,23600
1446609,22,2026-09-01,1523,23600
1446609,22,2026-09-02,1523,23600
1446609,22,2026-09-03,1523,23600
1446609,23,2026-09-01,1523,23600
1446609,23,2026-09-02,1523,23600
1446609,23,2026-09-03,1523,23600
1446609,24,2026-09-01,1523,23600
1446609,24,2026-09-02,1523,23600
1446609,24,2026-09-03,1523,23600
1446609,39,2026-09-01,1523,23600
1446609,39,2026-09-02,1523,23600
1446609,39,2026-09-03,1523,23600
1446609,40,2026-09-01,1523,23600
1446609,40,2026-09-02,1523,23600
1446609,40,2026-09-03,1523,23600
1446609,83,2026-09-01,1523,23600
1446609,83,2026-09-02,1523,23600
1446609,83,2026-09-03,1523,23600
1453534,27,2026-08-23,2305,23600
1453534,28,2026-08-23,2305,23600
1472459,21,2026-08-26,1306,23600
1472459,22,2026-08-26,1306,23600
1472459,23,2026-08-26,1306,23600
1472459,24,2026-08-26,1306,23600
1472459,39,2026-08-26,1306,23600
1472459,40,2026-08-26,1306,23600
1472459,83,2026-08-26,1306,23600
1472459,84,2026-08-26,1306,23600
1472459,97,2026-08-26,1306,23600
1472508,17,2026-09-04,1455,23600
1472508,18,2026-09-04,1455,23600
1472508,19,2026-09-04,1455,23600
1472508,20,2026-09-04,1455,23600
1472508,50,2026-09-04,1455,23600
1476116,23,2026-11-19,1909,23600
1476116,24,2026-11-19,1909,23600
1476116,40,2026-11-19,1909,23600
1476116,84,2026-11-19,1909,23600
1477779,27,2026-10-30,2178,23600
1477779,27,2026-10-31,2178,23600
1477779,28,2026-10-30,2178,23600
1477779,28,2026-10-31,2178,23600
1483392,23,2026-08-27,1722,27848
1483392,24,2026-08-27,1722,27848
1483392,24179,2026-08-27,1722,27848
1483392,29,2026-08-27,1722,27848
1483392,30,2026-08-27,1722,27848
1483392,31,2026-08-27,1722,27848
1483392,40,2026-08-27,1722,27848
1483392,57,2026-08-27,1722,27848
1483392,89,2026-08-27,1722,27848
1484845,21,2026-08-27,1875,23600
1484845,22,2026-08-27,1875,23600
1484845,39,2026-08-27,1875,23600
1484845,83,2026-08-27,1875,23600
