property_code,sku_code,date,min_price,max_price,region,city,original_min_price,pct_diff,alert
0045959,18,"September 22, 2026","1,619","20,000",South 2,Hyderabad,"1,635",-1,Need to Check
0045959,18,"September 22, 2026","1,619","20,000",South 2,Hyderabad,"1,635",-1,Need to Check
0045959,19,"September 22, 2026","1,723","20,000",South 2,Hyderabad,"1,738",-1,Need to Check
0045959,19,"September 22, 2026","1,723","20,000",South 2,Hyderabad,"1,738",-1,Need to Check
0045959,20,"September 22, 2026","1,723","20,000",South 2,Hyderabad,"1,738",-1,Need to Check
0045959,20,"September 22, 2026","1,723","20,000",South 2,Hyderabad,"1,738",-1,Need to Check
0045959,21,"September 22, 2026","1,861","20,000",South 2,Hyderabad,"1,876",-1,Need to Check
0045959,21,"September 22, 2026","1,861","20,000",South 2,Hyderabad,"1,876",-1,Need to Check
0045959,22,"September 22, 2026","1,861","20,000",South 2,Hyderabad,"1,876",-1,Need to Check
0045959,22,"September 22, 2026","1,861","20,000",South 2,Hyderabad,"1,876",-1,Need to Check
0045959,23,"September 22, 2026","1,964","20,000",South 2,Hyderabad,"1,980",-1,Need to Check
0045959,23,"September 22, 2026","1,964","20,000",South 2,Hyderabad,"1,980",-1,Need to Check
0045959,24,"September 22, 2026","1,964","20,000",South 2,Hyderabad,"1,980",-1,Need to Check
0045959,24,"September 22, 2026","1,964","20,000",South 2,Hyderabad,"1,980",-1,Need to Check
0045959,50,"September 22, 2026","1,619","20,000",South 2,Hyderabad,"1,635",-1,Need to Check
0045959,50,"September 22, 2026","1,619","20,000",South 2,Hyderabad,"1,635",-1,Need to Check
0045959,51,"September 22, 2026","1,723","20,000",South 2,Hyderabad,"1,738",-1,Need to Check
0045959,51,"September 22, 2026","1,723","20,000",South 2,Hyderabad,"1,738",-1,Need to Check
0191524,17,"September 29, 2026","2,036","23,600",South 1,Alleppey,"2,056",-1,Need to Check
0191524,18,"September 29, 2026","2,036","23,600",South 1,Alleppey,"2,056",-1,Need to Check
0191524,19,"September 29, 2026","2,174","23,600",South 1,Alleppey,"2,196",-1,Need to Check
0191524,20,"September 29, 2026","2,174","23,600",South 1,Alleppey,"2,196",-1,Need to Check
0191524,21,"September 29, 2026","2,243","23,600",South 1,Alleppey,"2,266",-1,Need to Check
0191524,22,"September 29, 2026","2,243","23,600",South 1,Alleppey,"2,266",-1,Need to Check
0191524,23,"September 29, 2026","2,381","23,600",South 1,Alleppey,"2,406",-1,Need to Check
0191524,24,"September 29, 2026","2,381","23,600",South 1,Alleppey,"2,406",-1,Need to Check
0191524,25,"September 29, 2026","2,864","23,600",South 1,Alleppey,"2,896",-1,Need to Check
0191524,26,"September 29, 2026","2,864","23,600",South 1,Alleppey,"2,896",-1,Need to Check
0191524,27,"September 29, 2026","3,071","23,600",South 1,Alleppey,"3,106",-1,Need to Check
0191524,28,"September 29, 2026","3,071","23,600",South 1,Alleppey,"3,106",-1,Need to Check
0191524,29,"September 29, 2026","2,588","23,600",South 1,Alleppey,"2,616",-1,Need to Check
0191524,30,"September 29, 2026","2,588","23,600",South 1,Alleppey,"2,616",-1,Need to Check
0191524,31,"September 29, 2026","2,588","23,600",South 1,Alleppey,"2,616",-1,Need to Check
0191524,32,"September 29, 2026","2,726","23,600",South 1,Alleppey,"2,756",-1,Need to Check
0191524,33,"September 29, 2026","2,726","23,600",South 1,Alleppey,"2,756",-1,Need to Check
0191524,34,"September 29, 2026","2,726","23,600",South 1,Alleppey,"2,756",-1,Need to Check
0191524,35,"September 29, 2026","3,416","23,600",South 1,Alleppey,"3,456",-1,Need to Check
0191524,36,"September 29, 2026","3,416","23,600",South 1,Alleppey,"3,456",-1,Need to Check
0191524,39,"September 29, 2026","2,243","23,600",South 1,Alleppey,"2,266",-1,Need to Check
0191524,40,"September 29, 2026","2,381","23,600",South 1,Alleppey,"2,406",-1,Need to Check
0191524,50,"September 29, 2026","2,036","23,600",South 1,Alleppey,"2,056",-1,Need to Check
0191524,51,"September 29, 2026","2,174","23,600",South 1,Alleppey,"2,196",-1,Need to Check
0191524,57,"September 29, 2026","2,588","23,600",South 1,Alleppey,"2,616",-1,Need to Check
0191524,83,"September 29, 2026","2,243","23,600",South 1,Alleppey,"2,266",-1,Need to Check
0191524,87,"September 29, 2026","2,036","23,600",South 1,Alleppey,"2,056",-1,Need to Check
0243252,25,"September 15, 2026","2,680","23,600",South 2,Chennai,"2,737",-1,Need to Check
0243252,26,"September 15, 2026","2,680","23,600",South 2,Chennai,"2,737",-1,Need to Check
0243252,27,"September 15, 2026","3,163","23,600",South 2,Chennai,"3,192",-1,Need to Check
0243252,28,"September 15, 2026","3,163","23,600",South 2,Chennai,"3,192",-1,Need to Check
0376508,35,"September 16, 2026","4,932","23,600",West,Mumbai,"5,033",-1,Need to Check
0376508,36,"September 16, 2026","4,932","23,600",West,Mumbai,"5,033",-1,Need to Check
0551475,19,"September 15, 2026","2,132","23,600",West,Nagpur,"2,171",-1,Need to Check
0551475,20,"September 15, 2026","2,132","23,600",West,Nagpur,"2,171",-1,Need to Check
0551475,23,"September 15, 2026","2,374","23,600",West,Nagpur,"2,399",-1,Need to Check
0551475,24,"September 15, 2026","2,374","23,600",West,Nagpur,"2,399",-1,Need to Check
1064211,24186,"September 16, 2026","2,713","20,000",North 2,Vrindavan,"2,733",-1,Need to Check
1064211,37,"September 16, 2026","2,713","20,000",North 2,Vrindavan,"2,733",-1,Need to Check
1064211,42,"September 16, 2026","3,058","20,000",North 2,Vrindavan,"3,083",-1,Need to Check
1064211,43,"September 16, 2026","3,058","20,000",North 2,Vrindavan,"3,083",-1,Need to Check
1064211,44,"September 16, 2026","3,058","20,000",North 2,Vrindavan,"3,083",-1,Need to Check
1064211,47,"September 16, 2026","3,403","20,000",North 2,Vrindavan,"3,433",-1,Need to Check
1064211,48,"September 16, 2026","3,403","20,000",North 2,Vrindavan,"3,433",-1,Need to Check
1064211,49,"September 16, 2026","3,403","20,000",North 2,Vrindavan,"3,433",-1,Need to Check
1064211,59,"September 16, 2026","2,713","20,000",North 2,Vrindavan,"2,733",-1,Need to Check
1064211,60,"September 16, 2026","3,058","20,000",North 2,Vrindavan,"3,083",-1,Need to Check
1064211,61,"September 16, 2026","3,403","20,000",North 2,Vrindavan,"3,433",-1,Need to Check
1064211,62,"September 16, 2026","3,748","20,000",North 2,Vrindavan,"3,783",-1,Need to Check
1064211,91,"September 16, 2026","2,713","20,000",North 2,Vrindavan,"2,733",-1,Need to Check
1064211,92,"September 16, 2026","3,058","20,000",North 2,Vrindavan,"3,083",-1,Need to Check
1104841,25,"September 15, 2026","1,362","27,848",North 2,Haridwar,"1,379",-1,Need to Check
1104841,26,"September 15, 2026","1,362","27,848",North 2,Haridwar,"1,379",-1,Need to Check
1107594,21,"September 27, 2026","1,851","23,600",South 1,Belgaum,"1,886",-1,Need to Check
1107594,21,"September 27, 2026","1,851","23,600",South 1,Belgaum,"1,886",-1,Need to Check
1107594,21,"September 28, 2026","1,851","23,600",South 1,Belgaum,"1,886",-1,Need to Check
1107594,21,"September 28, 2026","1,851","23,600",South 1,Belgaum,"1,886",-1,Need to Check
1107594,21,"September 29, 2026","1,851","23,600",South 1,Belgaum,"1,886",-1,Need to Check
1107594,21,"September 29, 2026","1,851","23,600",South 1,Belgaum,"1,886",-1,Need to Check
1107594,22,"September 27, 2026","1,851","23,600",South 1,Belgaum,"1,886",-1,Need to Check
1107594,22,"September 27, 2026","1,851","23,600",South 1,Belgaum,"1,886",-1,Need to Check
1107594,22,"September 28, 2026","1,851","23,600",South 1,Belgaum,"1,886",-1,Need to Check
1107594,22,"September 28, 2026","1,851","23,600",South 1,Belgaum,"1,886",-1,Need to Check
1107594,22,"September 29, 2026","1,851","23,600",South 1,Belgaum,"1,886",-1,Need to Check
1107594,22,"September 29, 2026","1,851","23,600",South 1,Belgaum,"1,886",-1,Need to Check
1107594,23,"September 27, 2026","1,920","23,600",South 1,Belgaum,"1,951",-1,Need to Check
1107594,23,"September 27, 2026","1,920","23,600",South 1,Belgaum,"1,951",-1,Need to Check
1107594,23,"September 28, 2026","1,920","23,600",South 1,Belgaum,"1,951",-1,Need to Check
1107594,23,"September 28, 2026","1,920","23,600",South 1,Belgaum,"1,951",-1,Need to Check
1107594,23,"September 29, 2026","1,920","23,600",South 1,Belgaum,"1,951",-1,Need to Check
1107594,23,"September 29, 2026","1,920","23,600",South 1,Belgaum,"1,951",-1,Need to Check
1107594,24,"September 27, 2026","1,920","23,600",South 1,Belgaum,"1,951",-1,Need to Check
1107594,24,"September 27, 2026","1,920","23,600",South 1,Belgaum,"1,951",-1,Need to Check
1107594,24,"September 28, 2026","1,920","23,600",South 1,Belgaum,"1,951",-1,Need to Check
1107594,24,"September 28, 2026","1,920","23,600",South 1,Belgaum,"1,951",-1,Need to Check
1107594,24,"September 29, 2026","1,920","23,600",South 1,Belgaum,"1,951",-1,Need to Check
1107594,24,"September 29, 2026","1,920","23,600",South 1,Belgaum,"1,951",-1,Need to Check
1107594,29,"September 25, 2026","2,305","23,600",South 1,Belgaum,"2,333",-1,Need to Check
1107594,29,"September 26, 2026","2,305","23,600",South 1,Belgaum,"2,333",-1,Need to Check
1107594,30,"September 25, 2026","2,305","23,600",South 1,Belgaum,"2,333",-1,Need to Check
1107594,30,"September 26, 2026","2,305","23,600",South 1,Belgaum,"2,333",-1,Need to Check
1107594,31,"September 25, 2026","2,305","23,600",South 1,Belgaum,"2,333",-1,Need to Check
1107594,31,"September 26, 2026","2,305","23,600",South 1,Belgaum,"2,333",-1,Need to Check
1107594,32,"September 25, 2026","2,397","23,600",South 1,Belgaum,"2,419",-1,Need to Check
1107594,32,"September 26, 2026","2,397","23,600",South 1,Belgaum,"2,419",-1,Need to Check
1107594,33,"September 25, 2026","2,397","23,600",South 1,Belgaum,"2,419",-1,Need to Check
1107594,33,"September 26, 2026","2,397","23,600",South 1,Belgaum,"2,419",-1,Need to Check
1107594,34,"September 25, 2026","2,397","23,600",South 1,Belgaum,"2,419",-1,Need to Check
1107594,34,"September 26, 2026","2,397","23,600",South 1,Belgaum,"2,419",-1,Need to Check
1107594,39,"September 27, 2026","1,851","23,600",South 1,Belgaum,"1,886",-1,Need to Check
1107594,39,"September 28, 2026","1,851","23,600",South 1,Belgaum,"1,886",-1,Need to Check
1107594,39,"September 29, 2026","1,851","23,600",South 1,Belgaum,"1,886",-1,Need to Check
1107594,57,"September 25, 2026","2,305","23,600",South 1,Belgaum,"2,333",-1,Need to Check
1107594,57,"September 26, 2026","2,305","23,600",South 1,Belgaum,"2,333",-1,Need to Check
1115459,27,"September 16, 2026","1,877","20,000",North 2,Nainital,"1,911",-1,Need to Check
1115459,28,"September 16, 2026","1,877","20,000",North 2,Nainital,"1,911",-1,Need to Check
1133570,17,"September 28, 2026","1,464","20,000",South 1,Thiruvananthapuram,"1,478",-1,Need to Check
1133570,18,"September 28, 2026","1,464","20,000",South 1,Thiruvananthapuram,"1,478",-1,Need to Check
1133570,50,"September 28, 2026","1,464","20,000",South 1,Thiruvananthapuram,"1,478",-1,Need to Check
1135897,17,"September 16, 2026","1,445","23,600",South 1,Thiruvananthapuram,"1,459",-1,Need to Check
1135897,18,"September 16, 2026","1,445","23,600",South 1,Thiruvananthapuram,"1,459",-1,Need to Check
1135897,21,"September 27, 2026","2,067","23,600",South 1,Thiruvananthapuram,"2,109",-1,Need to Check
1135897,21,"September 28, 2026","2,067","23,600",South 1,Thiruvananthapuram,"2,109",-1,Need to Check
1135897,21,"September 29, 2026","2,067","23,600",South 1,Thiruvananthapuram,"2,109",-1,Need to Check
1135897,22,"September 27, 2026","2,067","23,600",South 1,Thiruvananthapuram,"2,109",-1,Need to Check
1135897,22,"September 28, 2026","2,067","23,600",South 1,Thiruvananthapuram,"2,109",-1,Need to Check
1135897,22,"September 29, 2026","2,067","23,600",South 1,Thiruvananthapuram,"2,109",-1,Need to Check
1135897,23,"September 27, 2026","2,136","23,600",South 1,Thiruvananthapuram,"2,174",-1,Need to Check
1135897,23,"September 28, 2026","2,136","23,600",South 1,Thiruvananthapuram,"2,174",-1,Need to Check
1135897,23,"September 29, 2026","2,136","23,600",South 1,Thiruvananthapuram,"2,174",-1,Need to Check
1135897,24,"September 27, 2026","2,136","23,600",South 1,Thiruvananthapuram,"2,174",-1,Need to Check
1135897,24,"September 28, 2026","2,136","23,600",South 1,Thiruvananthapuram,"2,174",-1,Need to Check
1135897,24,"September 29, 2026","2,136","23,600",South 1,Thiruvananthapuram,"2,174",-1,Need to Check
1135897,27,"September 25, 2026","2,481","23,600",South 1,Thiruvananthapuram,"2,524",-1,Need to Check
1135897,27,"September 26, 2026","2,481","23,600",South 1,Thiruvananthapuram,"2,524",-1,Need to Check
1135897,27,"September 27, 2026","2,481","23,600",South 1,Thiruvananthapuram,"2,499",-1,Need to Check
1135897,27,"September 28, 2026","2,481","23,600",South 1,Thiruvananthapuram,"2,499",-1,Need to Check
1135897,27,"September 29, 2026","2,481","23,600",South 1,Thiruvananthapuram,"2,499",-1,Need to Check
1135897,28,"September 25, 2026","2,481","23,600",South 1,Thiruvananthapuram,"2,524",-1,Need to Check
1135897,28,"September 26, 2026","2,481","23,600",South 1,Thiruvananthapuram,"2,524",-1,Need to Check
1135897,28,"September 27, 2026","2,481","23,600",South 1,Thiruvananthapuram,"2,499",-1,Need to Check
1135897,28,"September 28, 2026","2,481","23,600",South 1,Thiruvananthapuram,"2,499",-1,Need to Check
1135897,28,"September 29, 2026","2,481","23,600",South 1,Thiruvananthapuram,"2,499",-1,Need to Check
1135897,39,"September 27, 2026","2,067","23,600",South 1,Thiruvananthapuram,"2,109",-1,Need to Check
1135897,39,"September 28, 2026","2,067","23,600",South 1,Thiruvananthapuram,"2,109",-1,Need to Check
1135897,39,"September 29, 2026","2,067","23,600",South 1,Thiruvananthapuram,"2,109",-1,Need to Check
1135897,40,"September 27, 2026","2,136","23,600",South 1,Thiruvananthapuram,"2,174",-1,Need to Check
1135897,40,"September 28, 2026","2,136","23,600",South 1,Thiruvananthapuram,"2,174",-1,Need to Check
1135897,40,"September 29, 2026","2,136","23,600",South 1,Thiruvananthapuram,"2,174",-1,Need to Check
1135897,50,"September 16, 2026","1,445","23,600",South 1,Thiruvananthapuram,"1,459",-1,Need to Check
1135897,83,"September 27, 2026","2,067","23,600",South 1,Thiruvananthapuram,"2,109",-1,Need to Check
1135897,83,"September 28, 2026","2,067","23,600",South 1,Thiruvananthapuram,"2,109",-1,Need to Check
1135897,83,"September 29, 2026","2,067","23,600",South 1,Thiruvananthapuram,"2,109",-1,Need to Check
1136798,17,"September 25, 2026","1,857","23,600",South 1,Thiruvananthapuram,"1,895",-1,Need to Check
1136798,17,"September 26, 2026","1,857","23,600",South 1,Thiruvananthapuram,"1,895",-1,Need to Check
1136798,18,"September 25, 2026","1,857","23,600",South 1,Thiruvananthapuram,"1,895",-1,Need to Check
1136798,18,"September 26, 2026","1,857","23,600",South 1,Thiruvananthapuram,"1,895",-1,Need to Check
1136798,19,"September 25, 2026","2,133","23,600",South 1,Thiruvananthapuram,"2,175",-1,Need to Check
1136798,19,"September 26, 2026","2,133","23,600",South 1,Thiruvananthapuram,"2,175",-1,Need to Check
1136798,20,"September 25, 2026","2,133","23,600",South 1,Thiruvananthapuram,"2,175",-1,Need to Check
1136798,20,"September 26, 2026","2,133","23,600",South 1,Thiruvananthapuram,"2,175",-1,Need to Check
1136798,50,"September 25, 2026","1,857","23,600",South 1,Thiruvananthapuram,"1,895",-1,Need to Check
1136798,50,"September 26, 2026","1,857","23,600",South 1,Thiruvananthapuram,"1,895",-1,Need to Check
1137116,17,"September 25, 2026","1,312","23,600",South 1,Thiruvananthapuram,"1,333",-1,Need to Check
1137116,17,"September 26, 2026","1,312","23,600",South 1,Thiruvananthapuram,"1,333",-1,Need to Check
1137116,18,"September 25, 2026","1,312","23,600",South 1,Thiruvananthapuram,"1,333",-1,Need to Check
1137116,18,"September 26, 2026","1,312","23,600",South 1,Thiruvananthapuram,"1,333",-1,Need to Check
1137116,19,"September 25, 2026","1,415","23,600",South 1,Thiruvananthapuram,"1,431",-1,Need to Check
1137116,19,"September 26, 2026","1,415","23,600",South 1,Thiruvananthapuram,"1,431",-1,Need to Check
1137116,20,"September 25, 2026","1,415","23,600",South 1,Thiruvananthapuram,"1,431",-1,Need to Check
1137116,20,"September 26, 2026","1,415","23,600",South 1,Thiruvananthapuram,"1,431",-1,Need to Check
1137116,50,"September 25, 2026","1,312","23,600",South 1,Thiruvananthapuram,"1,333",-1,Need to Check
1137116,50,"September 26, 2026","1,312","23,600",South 1,Thiruvananthapuram,"1,333",-1,Need to Check
1139087,17,"September 25, 2026","1,524","23,600",South 1,Thiruvananthapuram,"1,542",-1,Need to Check
1139087,17,"September 26, 2026","1,524","23,600",South 1,Thiruvananthapuram,"1,542",-1,Need to Check
1139087,17,"September 27, 2026","1,524","23,600",South 1,Thiruvananthapuram,"1,542",-1,Need to Check
1139087,17,"September 28, 2026","1,524","23,600",South 1,Thiruvananthapuram,"1,542",-1,Need to Check
1139087,17,"September 29, 2026","1,524","23,600",South 1,Thiruvananthapuram,"1,542",-1,Need to Check
1139087,18,"September 25, 2026","1,524","23,600",South 1,Thiruvananthapuram,"1,542",-1,Need to Check
1139087,18,"September 26, 2026","1,524","23,600",South 1,Thiruvananthapuram,"1,542",-1,Need to Check
1139087,18,"September 27, 2026","1,524","23,600",South 1,Thiruvananthapuram,"1,542",-1,Need to Check
1139087,18,"September 28, 2026","1,524","23,600",South 1,Thiruvananthapuram,"1,542",-1,Need to Check
1139087,18,"September 29, 2026","1,524","23,600",South 1,Thiruvananthapuram,"1,542",-1,Need to Check
1139087,19,"September 25, 2026","1,593","23,600",South 1,Thiruvananthapuram,"1,607",-1,Need to Check
1139087,19,"September 26, 2026","1,593","23,600",South 1,Thiruvananthapuram,"1,607",-1,Need to Check
1139087,19,"September 27, 2026","1,593","23,600",South 1,Thiruvananthapuram,"1,607",-1,Need to Check
1139087,19,"September 28, 2026","1,593","23,600",South 1,Thiruvananthapuram,"1,607",-1,Need to Check
1139087,19,"September 29, 2026","1,593","23,600",South 1,Thiruvananthapuram,"1,607",-1,Need to Check
1139087,20,"September 25, 2026","1,593","23,600",South 1,Thiruvananthapuram,"1,607",-1,Need to Check
1139087,20,"September 26, 2026","1,593","23,600",South 1,Thiruvananthapuram,"1,607",-1,Need to Check
1139087,20,"September 27, 2026","1,593","23,600",South 1,Thiruvananthapuram,"1,607",-1,Need to Check
1139087,20,"September 28, 2026","1,593","23,600",South 1,Thiruvananthapuram,"1,607",-1,Need to Check
1139087,20,"September 29, 2026","1,593","23,600",South 1,Thiruvananthapuram,"1,607",-1,Need to Check
1139087,50,"September 25, 2026","1,524","23,600",South 1,Thiruvananthapuram,"1,542",-1,Need to Check
1139087,50,"September 26, 2026","1,524","23,600",South 1,Thiruvananthapuram,"1,542",-1,Need to Check
1139087,50,"September 27, 2026","1,524","23,600",South 1,Thiruvananthapuram,"1,542",-1,Need to Check
1139087,50,"September 28, 2026","1,524","23,600",South 1,Thiruvananthapuram,"1,542",-1,Need to Check
1139087,50,"September 29, 2026","1,524","23,600",South 1,Thiruvananthapuram,"1,542",-1,Need to Check
1143227,21,"September 27, 2026","1,813","23,600",South 1,Munnar,"1,830",-1,Need to Check
1143227,21,"September 28, 2026","1,813","23,600",South 1,Munnar,"1,830",-1,Need to Check
1143227,22,"September 27, 2026","1,813","23,600",South 1,Munnar,"1,830",-1,Need to Check
1143227,22,"September 28, 2026","1,813","23,600",South 1,Munnar,"1,830",-1,Need to Check
1143227,23,"September 27, 2026","1,813","23,600",South 1,Munnar,"1,830",-1,Need to Check
1143227,23,"September 28, 2026","1,813","23,600",South 1,Munnar,"1,830",-1,Need to Check
1143227,24,"September 27, 2026","1,813","23,600",South 1,Munnar,"1,830",-1,Need to Check
1143227,24,"September 28, 2026","1,813","23,600",South 1,Munnar,"1,830",-1,Need to Check
1143227,39,"September 27, 2026","1,813","23,600",South 1,Munnar,"1,830",-1,Need to Check
1143227,39,"September 28, 2026","1,813","23,600",South 1,Munnar,"1,830",-1,Need to Check
1143227,40,"September 27, 2026","1,813","23,600",South 1,Munnar,"1,830",-1,Need to Check
1143227,40,"September 28, 2026","1,813","23,600",South 1,Munnar,"1,830",-1,Need to Check
1143227,83,"September 27, 2026","1,813","23,600",South 1,Munnar,"1,830",-1,Need to Check
1143227,83,"September 28, 2026","1,813","23,600",South 1,Munnar,"1,830",-1,Need to Check
1165642,24179,"September 25, 2026","4,034","23,600",South 1,Kochi,"4,069",-1,Need to Check
1165642,24179,"September 26, 2026","4,034","23,600",South 1,Kochi,"4,069",-1,Need to Check
1165642,29,"September 25, 2026","4,034","23,600",South 1,Kochi,"4,069",-1,Need to Check
1165642,29,"September 26, 2026","4,034","23,600",South 1,Kochi,"4,069",-1,Need to Check
1165642,30,"September 25, 2026","4,034","23,600",South 1,Kochi,"4,069",-1,Need to Check
1165642,30,"September 26, 2026","4,034","23,600",South 1,Kochi,"4,069",-1,Need to Check
1165642,31,"September 25, 2026","4,034","23,600",South 1,Kochi,"4,069",-1,Need to Check
1165642,31,"September 26, 2026","4,034","23,600",South 1,Kochi,"4,069",-1,Need to Check
1165642,32,"September 25, 2026","4,137","23,600",South 1,Kochi,"4,174",-1,Need to Check
1165642,32,"September 26, 2026","4,137","23,600",South 1,Kochi,"4,174",-1,Need to Check
1165642,33,"September 25, 2026","4,137","23,600",South 1,Kochi,"4,174",-1,Need to Check
1165642,33,"September 26, 2026","4,137","23,600",South 1,Kochi,"4,174",-1,Need to Check
1165642,34,"September 25, 2026","4,137","23,600",South 1,Kochi,"4,174",-1,Need to Check
1165642,34,"September 26, 2026","4,137","23,600",South 1,Kochi,"4,174",-1,Need to Check
1165642,35,"September 25, 2026","4,482","23,600",South 1,Kochi,"4,524",-1,Need to Check
1165642,35,"September 26, 2026","4,482","23,600",South 1,Kochi,"4,524",-1,Need to Check
1165642,36,"September 25, 2026","4,482","23,600",South 1,Kochi,"4,524",-1,Need to Check
1165642,36,"September 26, 2026","4,482","23,600",South 1,Kochi,"4,524",-1,Need to Check
1165642,37,"September 25, 2026","4,482","23,600",South 1,Kochi,"4,524",-1,Need to Check
1165642,37,"September 26, 2026","4,482","23,600",South 1,Kochi,"4,524",-1,Need to Check
1165642,42,"September 25, 2026","4,827","23,600",South 1,Kochi,"4,874",-1,Need to Check
1165642,42,"September 26, 2026","4,827","23,600",South 1,Kochi,"4,874",-1,Need to Check
1165642,43,"September 25, 2026","4,827","23,600",South 1,Kochi,"4,874",-1,Need to Check
1165642,43,"September 26, 2026","4,827","23,600",South 1,Kochi,"4,874",-1,Need to Check
1165642,44,"September 25, 2026","4,827","23,600",South 1,Kochi,"4,874",-1,Need to Check
1165642,44,"September 26, 2026","4,827","23,600",South 1,Kochi,"4,874",-1,Need to Check
1165642,57,"September 25, 2026","4,034","23,600",South 1,Kochi,"4,069",-1,Need to Check
1165642,57,"September 26, 2026","4,034","23,600",South 1,Kochi,"4,069",-1,Need to Check
1165642,58,"September 25, 2026","4,137","23,600",South 1,Kochi,"4,174",-1,Need to Check
1165642,58,"September 26, 2026","4,137","23,600",South 1,Kochi,"4,174",-1,Need to Check
1165642,59,"September 25, 2026","4,482","23,600",South 1,Kochi,"4,524",-1,Need to Check
1165642,59,"September 26, 2026","4,482","23,600",South 1,Kochi,"4,524",-1,Need to Check
1165642,89,"September 25, 2026","4,034","23,600",South 1,Kochi,"4,069",-1,Need to Check
1165642,89,"September 26, 2026","4,034","23,600",South 1,Kochi,"4,069",-1,Need to Check
1165642,90,"September 25, 2026","4,137","23,600",South 1,Kochi,"4,174",-1,Need to Check
1165642,90,"September 26, 2026","4,137","23,600",South 1,Kochi,"4,174",-1,Need to Check
1165837,19,"September 25, 2026","1,878","23,600",South 1,Kochi,"1,905",-1,Need to Check
1165837,19,"September 26, 2026","1,878","23,600",South 1,Kochi,"1,905",-1,Need to Check
1165837,20,"September 25, 2026","1,878","23,600",South 1,Kochi,"1,905",-1,Need to Check
1165837,20,"September 26, 2026","1,878","23,600",South 1,Kochi,"1,905",-1,Need to Check
1166076,27,"September 25, 2026","2,471","23,600",South 1,Kochi,"2,516",-1,Need to Check
1166076,27,"September 26, 2026","2,471","23,600",South 1,Kochi,"2,516",-1,Need to Check
1166076,28,"September 25, 2026","2,471","23,600",South 1,Kochi,"2,516",-1,Need to Check
1166076,28,"September 26, 2026","2,471","23,600",South 1,Kochi,"2,516",-1,Need to Check
1166076,32,"September 25, 2026","2,402","23,600",South 1,Kochi,"2,451",-1,Need to Check
1166076,32,"September 26, 2026","2,402","23,600",South 1,Kochi,"2,451",-1,Need to Check
1166076,33,"September 25, 2026","2,402","23,600",South 1,Kochi,"2,451",-1,Need to Check
1166076,33,"September 26, 2026","2,402","23,600",South 1,Kochi,"2,451",-1,Need to Check
1166076,34,"September 25, 2026","2,402","23,600",South 1,Kochi,"2,451",-1,Need to Check
1166076,34,"September 26, 2026","2,402","23,600",South 1,Kochi,"2,451",-1,Need to Check
1166076,35,"September 25, 2026","2,747","23,600",South 1,Kochi,"2,776",-1,Need to Check
1166076,35,"September 26, 2026","2,747","23,600",South 1,Kochi,"2,776",-1,Need to Check
1166076,36,"September 25, 2026","2,747","23,600",South 1,Kochi,"2,776",-1,Need to Check
1166076,36,"September 26, 2026","2,747","23,600",South 1,Kochi,"2,776",-1,Need to Check
1169924,17,"September 28, 2026","1,556","23,600",South 1,Kochi,"1,577",-1,Need to Check
1169924,17,"September 29, 2026","1,529","23,600",South 1,Kochi,"1,548",-1,Need to Check
1169924,18,"September 28, 2026","1,556","23,600",South 1,Kochi,"1,577",-1,Need to Check
1169924,18,"September 29, 2026","1,529","23,600",South 1,Kochi,"1,548",-1,Need to Check
1169924,19,"September 28, 2026","1,625","23,600",South 1,Kochi,"1,646",-1,Need to Check
1169924,19,"September 29, 2026","1,598","23,600",South 1,Kochi,"1,617",-1,Need to Check
1169924,20,"September 28, 2026","1,625","23,600",South 1,Kochi,"1,646",-1,Need to Check
1169924,20,"September 29, 2026","1,598","23,600",South 1,Kochi,"1,617",-1,Need to Check
1169924,21,"September 28, 2026","1,936","23,600",South 1,Kochi,"1,956",-1,Need to Check
1169924,21,"September 29, 2026","1,908","23,600",South 1,Kochi,"1,927",-1,Need to Check
1169924,22,"September 28, 2026","1,936","23,600",South 1,Kochi,"1,956",-1,Need to Check
1169924,22,"September 29, 2026","1,908","23,600",South 1,Kochi,"1,927",-1,Need to Check
1169924,23,"September 28, 2026","2,143","23,600",South 1,Kochi,"2,163",-1,Need to Check
1169924,23,"September 29, 2026","2,115","23,600",South 1,Kochi,"2,134",-1,Need to Check
1169924,24,"September 28, 2026","2,143","23,600",South 1,Kochi,"2,163",-1,Need to Check
1169924,24,"September 29, 2026","2,115","23,600",South 1,Kochi,"2,134",-1,Need to Check
1169924,27,"September 28, 2026","2,350","23,600",South 1,Kochi,"2,370",-1,Need to Check
1169924,27,"September 29, 2026","2,322","23,600",South 1,Kochi,"2,341",-1,Need to Check
1169924,28,"September 28, 2026","2,350","23,600",South 1,Kochi,"2,370",-1,Need to Check
1169924,28,"September 29, 2026","2,322","23,600",South 1,Kochi,"2,341",-1,Need to Check
1169924,39,"September 28, 2026","1,936","23,600",South 1,Kochi,"1,956",-1,Need to Check
1169924,39,"September 29, 2026","1,908","23,600",South 1,Kochi,"1,927",-1,Need to Check
1169924,40,"September 28, 2026","2,143","23,600",South 1,Kochi,"2,163",-1,Need to Check
1169924,40,"September 29, 2026","2,115","23,600",South 1,Kochi,"2,134",-1,Need to Check
1169924,50,"September 28, 2026","1,556","23,600",South 1,Kochi,"1,577",-1,Need to Check
1169924,50,"September 29, 2026","1,529","23,600",South 1,Kochi,"1,548",-1,Need to Check
1169924,83,"September 28, 2026","1,936","23,600",South 1,Kochi,"1,956",-1,Need to Check
1169924,83,"September 29, 2026","1,908","23,600",South 1,Kochi,"1,927",-1,Need to Check
1172490,35,"September 15, 2026","2,086","27,848",North 2,Manali,"2,106",-1,Need to Check
1172490,35,"September 23, 2026","2,076","27,848",North 2,Manali,"2,106",-1,Need to Check
1172490,35,"September 24, 2026","2,076","27,848",North 2,Manali,"2,106",-1,Need to Check
1172490,35,"September 27, 2026","2,076","27,848",North 2,Manali,"2,106",-1,Need to Check
1172490,35,"September 28, 2026","2,076","27,848",North 2,Manali,"2,106",-1,Need to Check
1172490,35,"September 29, 2026","2,076","27,848",North 2,Manali,"2,106",-1,Need to Check
1172490,35,"September 30, 2026","2,076","27,848",North 2,Manali,"2,106",-1,Need to Check
1172490,36,"September 15, 2026","2,086","27,848",North 2,Manali,"2,106",-1,Need to Check
1172490,36,"September 23, 2026","2,076","27,848",North 2,Manali,"2,106",-1,Need to Check
1172490,36,"September 24, 2026","2,076","27,848",North 2,Manali,"2,106",-1,Need to Check
1172490,36,"September 27, 2026","2,076","27,848",North 2,Manali,"2,106",-1,Need to Check
1172490,36,"September 28, 2026","2,076","27,848",North 2,Manali,"2,106",-1,Need to Check
1172490,36,"September 29, 2026","2,076","27,848",North 2,Manali,"2,106",-1,Need to Check
1172490,36,"September 30, 2026","2,076","27,848",North 2,Manali,"2,106",-1,Need to Check
1191684,17,"September 27, 2026","1,643","20,000",South 1,Alleppey,"1,663",-1,Need to Check
1191684,17,"September 28, 2026","1,643","20,000",South 1,Alleppey,"1,663",-1,Need to Check
1191684,18,"September 27, 2026","1,643","20,000",South 1,Alleppey,"1,663",-1,Need to Check
1191684,18,"September 28, 2026","1,643","20,000",South 1,Alleppey,"1,663",-1,Need to Check
1191684,19,"September 27, 2026","1,712","20,000",South 1,Alleppey,"1,728",-1,Need to Check
1191684,19,"September 28, 2026","1,712","20,000",South 1,Alleppey,"1,728",-1,Need to Check
1191684,20,"September 27, 2026","1,712","20,000",South 1,Alleppey,"1,728",-1,Need to Check
1191684,20,"September 28, 2026","1,712","20,000",South 1,Alleppey,"1,728",-1,Need to Check
1191684,24179,"September 25, 2026","2,747","20,000",South 1,Alleppey,"2,788",-1,Need to Check
1191684,24179,"September 26, 2026","2,747","20,000",South 1,Alleppey,"2,788",-1,Need to Check
1191684,29,"September 25, 2026","2,747","20,000",South 1,Alleppey,"2,788",-1,Need to Check
1191684,29,"September 26, 2026","2,747","20,000",South 1,Alleppey,"2,788",-1,Need to Check
1191684,30,"September 25, 2026","2,747","20,000",South 1,Alleppey,"2,788",-1,Need to Check
1191684,30,"September 26, 2026","2,747","20,000",South 1,Alleppey,"2,788",-1,Need to Check
1191684,31,"September 25, 2026","2,747","20,000",South 1,Alleppey,"2,788",-1,Need to Check
1191684,31,"September 26, 2026","2,747","20,000",South 1,Alleppey,"2,788",-1,Need to Check
1191684,32,"September 25, 2026","2,747","20,000",South 1,Alleppey,"2,788",-1,Need to Check
1191684,32,"September 26, 2026","2,747","20,000",South 1,Alleppey,"2,788",-1,Need to Check
1191684,33,"September 25, 2026","2,747","20,000",South 1,Alleppey,"2,788",-1,Need to Check
1191684,33,"September 26, 2026","2,747","20,000",South 1,Alleppey,"2,788",-1,Need to Check
1191684,34,"September 25, 2026","2,747","20,000",South 1,Alleppey,"2,788",-1,Need to Check
1191684,34,"September 26, 2026","2,747","20,000",South 1,Alleppey,"2,788",-1,Need to Check
1191684,50,"September 27, 2026","1,643","20,000",South 1,Alleppey,"1,663",-1,Need to Check
1191684,50,"September 28, 2026","1,643","20,000",South 1,Alleppey,"1,663",-1,Need to Check
1191684,57,"September 25, 2026","2,747","20,000",South 1,Alleppey,"2,788",-1,Need to Check
1191684,57,"September 26, 2026","2,747","20,000",South 1,Alleppey,"2,788",-1,Need to Check
1191684,58,"September 25, 2026","2,747","20,000",South 1,Alleppey,"2,788",-1,Need to Check
1191684,58,"September 26, 2026","2,747","20,000",South 1,Alleppey,"2,788",-1,Need to Check
1191684,89,"September 25, 2026","2,747","20,000",South 1,Alleppey,"2,788",-1,Need to Check
1191684,89,"September 26, 2026","2,747","20,000",South 1,Alleppey,"2,788",-1,Need to Check
1191684,90,"September 25, 2026","2,747","20,000",South 1,Alleppey,"2,788",-1,Need to Check
1191684,90,"September 26, 2026","2,747","20,000",South 1,Alleppey,"2,788",-1,Need to Check
1193381,21,"September 25, 2026","2,184","23,600",South 1,Alleppey,"2,228",-1,Need to Check
1193381,21,"September 26, 2026","2,184","23,600",South 1,Alleppey,"2,228",-1,Need to Check
1193381,22,"September 25, 2026","2,184","23,600",South 1,Alleppey,"2,228",-1,Need to Check
1193381,22,"September 26, 2026","2,184","23,600",South 1,Alleppey,"2,228",-1,Need to Check
1193381,23,"September 25, 2026","2,184","23,600",South 1,Alleppey,"2,228",-1,Need to Check
1193381,23,"September 26, 2026","2,184","23,600",South 1,Alleppey,"2,228",-1,Need to Check
1193381,24,"September 25, 2026","2,184","23,600",South 1,Alleppey,"2,228",-1,Need to Check
1193381,24,"September 26, 2026","2,184","23,600",South 1,Alleppey,"2,228",-1,Need to Check
1193381,27,"September 25, 2026","2,874","23,600",South 1,Alleppey,"2,918",-1,Need to Check
1193381,27,"September 26, 2026","2,874","23,600",South 1,Alleppey,"2,918",-1,Need to Check
1193381,28,"September 25, 2026","2,874","23,600",South 1,Alleppey,"2,918",-1,Need to Check
1193381,28,"September 26, 2026","2,874","23,600",South 1,Alleppey,"2,918",-1,Need to Check
1193381,29,"September 25, 2026","4,254","23,600",South 1,Alleppey,"4,298",-1,Need to Check
1193381,29,"September 26, 2026","4,254","23,600",South 1,Alleppey,"4,298",-1,Need to Check
1193381,30,"September 25, 2026","4,254","23,600",South 1,Alleppey,"4,298",-1,Need to Check
1193381,30,"September 26, 2026","4,254","23,600",South 1,Alleppey,"4,298",-1,Need to Check
1193381,31,"September 25, 2026","4,254","23,600",South 1,Alleppey,"4,298",-1,Need to Check
1193381,31,"September 26, 2026","4,254","23,600",South 1,Alleppey,"4,298",-1,Need to Check
1193381,32,"September 25, 2026","4,254","23,600",South 1,Alleppey,"4,298",-1,Need to Check
1193381,32,"September 26, 2026","4,254","23,600",South 1,Alleppey,"4,298",-1,Need to Check
1193381,33,"September 25, 2026","4,254","23,600",South 1,Alleppey,"4,298",-1,Need to Check
1193381,33,"September 26, 2026","4,254","23,600",South 1,Alleppey,"4,298",-1,Need to Check
1193381,34,"September 25, 2026","4,254","23,600",South 1,Alleppey,"4,298",-1,Need to Check
1193381,34,"September 26, 2026","4,254","23,600",South 1,Alleppey,"4,298",-1,Need to Check
1193381,35,"September 25, 2026","4,944","23,600",South 1,Alleppey,"4,988",-1,Need to Check
1193381,35,"September 26, 2026","4,944","23,600",South 1,Alleppey,"4,988",-1,Need to Check
1193381,36,"September 25, 2026","4,944","23,600",South 1,Alleppey,"4,988",-1,Need to Check
1193381,36,"September 26, 2026","4,944","23,600",South 1,Alleppey,"4,988",-1,Need to Check
1193381,39,"September 25, 2026","2,184","23,600",South 1,Alleppey,"2,228",-1,Need to Check
1193381,39,"September 26, 2026","2,184","23,600",South 1,Alleppey,"2,228",-1,Need to Check
1193381,40,"September 25, 2026","2,184","23,600",South 1,Alleppey,"2,228",-1,Need to Check
1193381,40,"September 26, 2026","2,184","23,600",South 1,Alleppey,"2,228",-1,Need to Check
1193381,57,"September 25, 2026","4,254","23,600",South 1,Alleppey,"4,298",-1,Need to Check
1193381,57,"September 26, 2026","4,254","23,600",South 1,Alleppey,"4,298",-1,Need to Check
1193381,83,"September 25, 2026","2,184","23,600",South 1,Alleppey,"2,228",-1,Need to Check
1193381,83,"September 26, 2026","2,184","23,600",South 1,Alleppey,"2,228",-1,Need to Check
1197734,21,"September 27, 2026","4,375","23,600",South 1,Alleppey,"4,416",-1,Need to Check
1197734,22,"September 27, 2026","4,375","23,600",South 1,Alleppey,"4,416",-1,Need to Check
1197734,23,"September 27, 2026","4,375","23,600",South 1,Alleppey,"4,416",-1,Need to Check
1197734,24,"September 27, 2026","4,375","23,600",South 1,Alleppey,"4,416",-1,Need to Check
1197734,27,"September 27, 2026","4,927","23,600",South 1,Alleppey,"4,976",-1,Need to Check
1197734,28,"September 27, 2026","4,927","23,600",South 1,Alleppey,"4,976",-1,Need to Check
1197734,29,"September 27, 2026","5,341","23,600",South 1,Alleppey,"5,396",-1,Need to Check
1197734,30,"September 27, 2026","5,341","23,600",South 1,Alleppey,"5,396",-1,Need to Check
1197734,31,"September 27, 2026","5,341","23,600",South 1,Alleppey,"5,396",-1,Need to Check
1197734,32,"September 27, 2026","5,341","23,600",South 1,Alleppey,"5,396",-1,Need to Check
1197734,33,"September 27, 2026","5,341","23,600",South 1,Alleppey,"5,396",-1,Need to Check
1197734,34,"September 27, 2026","5,341","23,600",South 1,Alleppey,"5,396",-1,Need to Check
1197734,35,"September 27, 2026","6,031","23,600",South 1,Alleppey,"6,096",-1,Need to Check
1197734,36,"September 27, 2026","6,031","23,600",South 1,Alleppey,"6,096",-1,Need to Check
1197734,37,"September 27, 2026","6,031","23,600",South 1,Alleppey,"6,096",-1,Need to Check
1197734,39,"September 27, 2026","4,375","23,600",South 1,Alleppey,"4,416",-1,Need to Check
1197734,40,"September 27, 2026","4,375","23,600",South 1,Alleppey,"4,416",-1,Need to Check
1197734,57,"September 27, 2026","5,341","23,600",South 1,Alleppey,"5,396",-1,Need to Check
1197734,58,"September 27, 2026","5,341","23,600",South 1,Alleppey,"5,396",-1,Need to Check
1197734,83,"September 27, 2026","4,375","23,600",South 1,Alleppey,"4,416",-1,Need to Check
1197734,89,"September 27, 2026","5,341","23,600",South 1,Alleppey,"5,396",-1,Need to Check
1205898,16,"September 15, 2026","1,495","23,600",North 2,Prayagraj,"1,510",-1,Need to Check
1205898,27,"September 15, 2026","2,047","23,600",North 2,Prayagraj,"2,062",-1,Need to Check
1205898,28,"September 15, 2026","2,047","23,600",North 2,Prayagraj,"2,062",-1,Need to Check
1205898,32,"September 15, 2026","2,012","23,600",North 2,Prayagraj,"2,027",-1,Need to Check
1205898,33,"September 15, 2026","2,012","23,600",North 2,Prayagraj,"2,027",-1,Need to Check
1205898,34,"September 15, 2026","2,012","23,600",North 2,Prayagraj,"2,027",-1,Need to Check
1205898,52,"September 15, 2026","1,495","23,600",North 2,Prayagraj,"1,510",-1,Need to Check
1205898,58,"September 15, 2026","2,012","23,600",North 2,Prayagraj,"2,027",-1,Need to Check
1206897,27,"September 16, 2026","1,908","23,600",North 2,Shimla,"1,935",-1,Need to Check
1206897,28,"September 16, 2026","1,908","23,600",North 2,Shimla,"1,935",-1,Need to Check
1209749,29,"September 16, 2026","3,073","38,776",North 2,Shimla,"3,097",-1,Need to Check
1209749,30,"September 16, 2026","3,073","38,776",North 2,Shimla,"3,097",-1,Need to Check
1209749,31,"September 16, 2026","3,073","38,776",North 2,Shimla,"3,097",-1,Need to Check
1209749,32,"September 16, 2026","3,073","38,776",North 2,Shimla,"3,097",-1,Need to Check
1209749,33,"September 16, 2026","3,073","38,776",North 2,Shimla,"3,097",-1,Need to Check
1209749,34,"September 16, 2026","3,073","38,776",North 2,Shimla,"3,097",-1,Need to Check
1209749,57,"September 16, 2026","3,073","38,776",North 2,Shimla,"3,097",-1,Need to Check
1209749,58,"September 16, 2026","3,073","38,776",North 2,Shimla,"3,097",-1,Need to Check
1209749,89,"September 16, 2026","3,073","38,776",North 2,Shimla,"3,097",-1,Need to Check
1213613,17,"September 16, 2026","2,965","23,600",North 1,New Delhi,"2,999",-1,Need to Check
1213613,18,"September 16, 2026","2,965","23,600",North 1,New Delhi,"2,999",-1,Need to Check
1213613,19,"September 16, 2026","3,137","23,600",North 1,New Delhi,"3,162",-1,Need to Check
1213613,20,"September 16, 2026","3,137","23,600",North 1,New Delhi,"3,162",-1,Need to Check
1213613,50,"September 16, 2026","2,965","23,600",North 1,New Delhi,"2,999",-1,Need to Check
1215728,27,"September 15, 2026","4,944","23,600",North 1,New Delhi,"5,005",-1,Need to Check
1215728,27,"September 16, 2026","4,944","23,600",North 1,New Delhi,"5,005",-1,Need to Check
1215728,28,"September 15, 2026","4,944","23,600",North 1,New Delhi,"5,005",-1,Need to Check
1215728,28,"September 16, 2026","4,944","23,600",North 1,New Delhi,"5,005",-1,Need to Check
1215728,35,"September 15, 2026","5,151","23,600",North 1,New Delhi,"5,215",-1,Need to Check
1215728,35,"September 16, 2026","5,151","23,600",North 1,New Delhi,"5,215",-1,Need to Check
1215728,36,"September 15, 2026","5,151","23,600",North 1,New Delhi,"5,215",-1,Need to Check
1215728,36,"September 16, 2026","5,151","23,600",North 1,New Delhi,"5,215",-1,Need to Check
1215728,37,"September 15, 2026","5,151","23,600",North 1,New Delhi,"5,215",-1,Need to Check
1215728,37,"September 16, 2026","5,151","23,600",North 1,New Delhi,"5,215",-1,Need to Check
1229040,17,"September 16, 2026","1,026","20,000",North 2,Varanasi,"1,040",-1,Need to Check
1229040,18,"September 16, 2026","1,026","20,000",North 2,Varanasi,"1,040",-1,Need to Check
1229040,19,"September 16, 2026","1,164","20,000",North 2,Varanasi,"1,178",-1,Need to Check
1229040,20,"September 16, 2026","1,164","20,000",North 2,Varanasi,"1,178",-1,Need to Check
1229040,25,"September 16, 2026","1,578","20,000",North 2,Varanasi,"1,592",-1,Need to Check
1229040,26,"September 16, 2026","1,578","20,000",North 2,Varanasi,"1,592",-1,Need to Check
1229040,50,"September 16, 2026","1,026","20,000",North 2,Varanasi,"1,040",-1,Need to Check
1229040,51,"September 16, 2026","1,164","20,000",North 2,Varanasi,"1,178",-1,Need to Check
1229040,87,"September 16, 2026","1,026","20,000",North 2,Varanasi,"1,040",-1,Need to Check
1248477,21,"September 15, 2026","2,948","23,600",South 2,Chennai,"3,000",-1,Need to Check
1248477,22,"September 15, 2026","2,948","23,600",South 2,Chennai,"3,000",-1,Need to Check
1248477,23,"September 15, 2026","3,086","23,600",South 2,Chennai,"3,130",-1,Need to Check
1248477,24,"September 15, 2026","3,086","23,600",South 2,Chennai,"3,130",-1,Need to Check
1248477,39,"September 15, 2026","2,948","23,600",South 2,Chennai,"3,000",-1,Need to Check
1257158,25,"September 15, 2026","1,504","23,600",South 2,Puducherry,"1,528",-1,Need to Check
1257158,26,"September 15, 2026","1,504","23,600",South 2,Puducherry,"1,528",-1,Need to Check
1298362,21,"September 15, 2026","2,244","23,600",South 2,Visakhapatnam,"2,281",-1,Need to Check
1298362,22,"September 15, 2026","2,244","23,600",South 2,Visakhapatnam,"2,281",-1,Need to Check
1298362,23,"September 15, 2026","2,382","23,600",South 2,Visakhapatnam,"2,411",-1,Need to Check
1298362,24,"September 15, 2026","2,382","23,600",South 2,Visakhapatnam,"2,411",-1,Need to Check
1298362,39,"September 15, 2026","2,244","23,600",South 2,Visakhapatnam,"2,281",-1,Need to Check
1298362,40,"September 15, 2026","2,382","23,600",South 2,Visakhapatnam,"2,411",-1,Need to Check
1298362,83,"September 15, 2026","2,244","23,600",South 2,Visakhapatnam,"2,281",-1,Need to Check
1324743,35,"September 16, 2026","2,958","27,848",North 1,Jaipur,"2,981",-1,Need to Check
1324743,36,"September 16, 2026","2,958","27,848",North 1,Jaipur,"2,981",-1,Need to Check
1365790,17,"September 15, 2026","1,810","23,600",North 1,Jodhpur,"1,841",-1,Need to Check
1365790,18,"September 15, 2026","1,810","23,600",North 1,Jodhpur,"1,841",-1,Need to Check
1365790,19,"September 15, 2026","1,879","23,600",North 1,Jodhpur,"1,910",-1,Need to Check
1365790,20,"September 15, 2026","1,879","23,600",North 1,Jodhpur,"1,910",-1,Need to Check
1365790,21,"September 15, 2026","2,086","23,600",North 1,Jodhpur,"2,117",-1,Need to Check
1365790,22,"September 15, 2026","2,086","23,600",North 1,Jodhpur,"2,117",-1,Need to Check
1365790,23,"September 15, 2026","2,224","23,600",North 1,Jodhpur,"2,255",-1,Need to Check
1365790,24,"September 15, 2026","2,224","23,600",North 1,Jodhpur,"2,255",-1,Need to Check
1365790,39,"September 15, 2026","2,086","23,600",North 1,Jodhpur,"2,117",-1,Need to Check
1365790,40,"September 15, 2026","2,224","23,600",North 1,Jodhpur,"2,255",-1,Need to Check
1365790,50,"September 15, 2026","1,810","23,600",North 1,Jodhpur,"1,841",-1,Need to Check
1374088,17,"September 15, 2026","2,293","23,600",West,Mumbai,"2,340",-1,Need to Check
1374088,18,"September 15, 2026","2,293","23,600",West,Mumbai,"2,340",-1,Need to Check
1374088,19,"September 15, 2026","2,500","23,600",West,Mumbai,"2,535",-1,Need to Check
1374088,19,"September 16, 2026","2,482","23,600",West,Mumbai,"2,535",-1,Need to Check
1374088,20,"September 15, 2026","2,500","23,600",West,Mumbai,"2,535",-1,Need to Check
1374088,20,"September 16, 2026","2,482","23,600",West,Mumbai,"2,535",-1,Need to Check
1374088,29,"September 16, 2026","2,896","23,600",West,Mumbai,"2,925",-1,Need to Check
1374088,30,"September 16, 2026","2,896","23,600",West,Mumbai,"2,925",-1,Need to Check
1374088,31,"September 16, 2026","2,896","23,600",West,Mumbai,"2,925",-1,Need to Check
1374088,50,"September 15, 2026","2,293","23,600",West,Mumbai,"2,340",-1,Need to Check
1374088,57,"September 16, 2026","2,896","23,600",West,Mumbai,"2,925",-1,Need to Check
1374678,15,"September 16, 2026","1,898","27,848",West,Mumbai,"1,923",-1,Need to Check
1374678,17,"September 16, 2026","2,036","27,848",West,Mumbai,"2,053",-1,Need to Check
1374678,18,"September 16, 2026","2,036","27,848",West,Mumbai,"2,053",-1,Need to Check
1374678,38,"September 16, 2026","1,898","27,848",West,Mumbai,"1,923",-1,Need to Check
1374678,50,"September 16, 2026","2,036","27,848",West,Mumbai,"2,053",-1,Need to Check
1377622,21,"September 15, 2026","3,210","23,600",West,Mumbai,"3,271",-1,Need to Check
1377622,22,"September 15, 2026","3,210","23,600",West,Mumbai,"3,271",-1,Need to Check
1377622,23,"September 15, 2026","3,555","23,600",West,Mumbai,"3,596",-1,Need to Check
1377622,24,"September 15, 2026","3,555","23,600",West,Mumbai,"3,596",-1,Need to Check
1377622,39,"September 15, 2026","3,210","23,600",West,Mumbai,"3,271",-1,Need to Check
1377622,40,"September 15, 2026","3,555","23,600",West,Mumbai,"3,596",-1,Need to Check
1377622,83,"September 15, 2026","3,210","23,600",West,Mumbai,"3,271",-1,Need to Check
1378391,27,"September 15, 2026","4,736","23,600",West,Mumbai,"4,832",-1,Need to Check
1378391,28,"September 15, 2026","4,736","23,600",West,Mumbai,"4,832",-1,Need to Check
1385678,21,"September 16, 2026","1,394","20,000",West,Goa,"1,420",-1,Need to Check
1385678,22,"September 16, 2026","1,394","20,000",West,Goa,"1,420",-1,Need to Check
1385678,23,"September 16, 2026","1,463","20,000",West,Goa,"1,485",-1,Need to Check
1385678,24,"September 16, 2026","1,463","20,000",West,Goa,"1,485",-1,Need to Check
1385678,39,"September 16, 2026","1,394","20,000",West,Goa,"1,420",-1,Need to Check
1385678,40,"September 16, 2026","1,463","20,000",West,Goa,"1,485",-1,Need to Check
1385678,83,"September 16, 2026","1,394","20,000",West,Goa,"1,420",-1,Need to Check
1396947,25,"September 15, 2026","3,202","23,600",North 1,Ahmedabad,"3,271",-1,Need to Check
1396947,25,"September 16, 2026","3,202","23,600",North 1,Ahmedabad,"3,271",-1,Need to Check
1396947,26,"September 15, 2026","3,202","23,600",North 1,Ahmedabad,"3,271",-1,Need to Check
1396947,26,"September 16, 2026","3,202","23,600",North 1,Ahmedabad,"3,271",-1,Need to Check
1396947,27,"September 15, 2026","3,340","23,600",North 1,Ahmedabad,"3,409",-1,Need to Check
1396947,27,"September 16, 2026","3,340","23,600",North 1,Ahmedabad,"3,409",-1,Need to Check
1396947,28,"September 15, 2026","3,340","23,600",North 1,Ahmedabad,"3,409",-1,Need to Check
1396947,28,"September 16, 2026","3,340","23,600",North 1,Ahmedabad,"3,409",-1,Need to Check
1396947,32,"September 15, 2026","3,478","23,600",North 1,Ahmedabad,"3,547",-1,Need to Check
1396947,32,"September 16, 2026","3,478","23,600",North 1,Ahmedabad,"3,547",-1,Need to Check
1396947,33,"September 15, 2026","3,478","23,600",North 1,Ahmedabad,"3,547",-1,Need to Check
1396947,33,"September 16, 2026","3,478","23,600",North 1,Ahmedabad,"3,547",-1,Need to Check
1396947,34,"September 15, 2026","3,478","23,600",North 1,Ahmedabad,"3,547",-1,Need to Check
1396947,34,"September 16, 2026","3,478","23,600",North 1,Ahmedabad,"3,547",-1,Need to Check
1396947,35,"September 15, 2026","3,823","23,600",North 1,Ahmedabad,"3,892",-1,Need to Check
1396947,35,"September 16, 2026","3,823","23,600",North 1,Ahmedabad,"3,892",-1,Need to Check
1396947,36,"September 15, 2026","3,823","23,600",North 1,Ahmedabad,"3,892",-1,Need to Check
1396947,36,"September 16, 2026","3,823","23,600",North 1,Ahmedabad,"3,892",-1,Need to Check
1398875,21,"September 15, 2026","2,010","23,600",North 1,Ahmedabad,"2,025",-1,Need to Check
1398875,22,"September 15, 2026","2,010","23,600",North 1,Ahmedabad,"2,025",-1,Need to Check
1398875,39,"September 15, 2026","2,010","23,600",North 1,Ahmedabad,"2,025",-1,Need to Check
1398875,83,"September 15, 2026","2,010","23,600",North 1,Ahmedabad,"2,025",-1,Need to Check
1438071,23,"September 15, 2026","2,062","23,600",North 1,Noida,"2,103",-1,Need to Check
1438071,24,"September 15, 2026","2,062","23,600",North 1,Noida,"2,103",-1,Need to Check
1442173,27,"September 27, 2026","2,691","23,600",South 1,Ooty,"2,714",-1,Need to Check
1442173,27,"September 27, 2026","2,691","23,600",South 1,Ooty,"2,714",-1,Need to Check
1442173,27,"September 29, 2026","2,691","23,600",South 1,Ooty,"2,714",-1,Need to Check
1442173,27,"September 29, 2026","2,691","23,600",South 1,Ooty,"2,714",-1,Need to Check
1442173,28,"September 27, 2026","2,691","23,600",South 1,Ooty,"2,714",-1,Need to Check
1442173,28,"September 27, 2026","2,691","23,600",South 1,Ooty,"2,714",-1,Need to Check
1442173,28,"September 29, 2026","2,691","23,600",South 1,Ooty,"2,714",-1,Need to Check
1442173,28,"September 29, 2026","2,691","23,600",South 1,Ooty,"2,714",-1,Need to Check
1446075,17,"September 29, 2026","2,511","23,600",South 1,Ooty,"2,538",-1,Need to Check
1446075,18,"September 29, 2026","2,511","23,600",South 1,Ooty,"2,538",-1,Need to Check
1446075,50,"September 29, 2026","2,511","23,600",South 1,Ooty,"2,538",-1,Need to Check
1446075,87,"September 29, 2026","2,511","23,600",South 1,Ooty,"2,538",-1,Need to Check
1446609,29,"September 25, 2026","2,042","23,600",South 1,Ooty,"2,081",-1,Need to Check
1446609,30,"September 25, 2026","2,042","23,600",South 1,Ooty,"2,081",-1,Need to Check
1446609,31,"September 25, 2026","2,042","23,600",South 1,Ooty,"2,081",-1,Need to Check
1446609,32,"September 25, 2026","2,042","23,600",South 1,Ooty,"2,081",-1,Need to Check
1446609,33,"September 25, 2026","2,042","23,600",South 1,Ooty,"2,081",-1,Need to Check
1446609,34,"September 25, 2026","2,042","23,600",South 1,Ooty,"2,081",-1,Need to Check
1446609,57,"September 25, 2026","2,042","23,600",South 1,Ooty,"2,081",-1,Need to Check
1456807,15,"September 25, 2026","1,259","23,600",South 1,Manipal,"1,274",-1,Need to Check
1456807,16,"September 25, 2026","1,311","23,600",South 1,Manipal,"1,323",-1,Need to Check
1456807,38,"September 25, 2026","1,259","23,600",South 1,Manipal,"1,274",-1,Need to Check
1456807,52,"September 25, 2026","1,311","23,600",South 1,Manipal,"1,323",-1,Need to Check
1456807,76,"September 25, 2026","1,259","23,600",South 1,Manipal,"1,274",-1,Need to Check
1464454,27,"September 25, 2026","2,914","23,600",South 1,Mysore,"2,967",-1,Need to Check
1464454,28,"September 25, 2026","2,914","23,600",South 1,Mysore,"2,967",-1,Need to Check
1464876,21,"September 25, 2026","2,298","23,600",South 1,Mysore,"2,344",-1,Need to Check
1464876,21,"September 26, 2026","2,298","23,600",South 1,Mysore,"2,340",-1,Need to Check
1464876,22,"September 25, 2026","2,298","23,600",South 1,Mysore,"2,344",-1,Need to Check
1464876,22,"September 26, 2026","2,298","23,600",South 1,Mysore,"2,340",-1,Need to Check
1464876,23,"September 25, 2026","2,436","23,600",South 1,Mysore,"2,482",-1,Need to Check
1464876,23,"September 26, 2026","2,436","23,600",South 1,Mysore,"2,478",-1,Need to Check
1464876,24,"September 25, 2026","2,436","23,600",South 1,Mysore,"2,482",-1,Need to Check
1464876,24,"September 26, 2026","2,436","23,600",South 1,Mysore,"2,478",-1,Need to Check
1464876,27,"September 25, 2026","2,953","23,600",South 1,Mysore,"2,999",-1,Need to Check
1464876,27,"September 26, 2026","2,953","23,600",South 1,Mysore,"2,996",-1,Need to Check
1464876,28,"September 25, 2026","2,953","23,600",South 1,Mysore,"2,999",-1,Need to Check
1464876,28,"September 26, 2026","2,953","23,600",South 1,Mysore,"2,996",-1,Need to Check
1464876,29,"September 25, 2026","2,401","23,600",South 1,Mysore,"2,447",-1,Need to Check
1464876,29,"September 26, 2026","2,401","23,600",South 1,Mysore,"2,444",-1,Need to Check
1464876,30,"September 25, 2026","2,401","23,600",South 1,Mysore,"2,447",-1,Need to Check
1464876,30,"September 26, 2026","2,401","23,600",South 1,Mysore,"2,444",-1,Need to Check
1464876,31,"September 25, 2026","2,401","23,600",South 1,Mysore,"2,447",-1,Need to Check
1464876,31,"September 26, 2026","2,401","23,600",South 1,Mysore,"2,444",-1,Need to Check
1464876,32,"September 25, 2026","2,539","23,600",South 1,Mysore,"2,585",-1,Need to Check
1464876,32,"September 26, 2026","2,539","23,600",South 1,Mysore,"2,582",-1,Need to Check
1464876,33,"September 25, 2026","2,539","23,600",South 1,Mysore,"2,585",-1,Need to Check
1464876,33,"September 26, 2026","2,539","23,600",South 1,Mysore,"2,582",-1,Need to Check
1464876,34,"September 25, 2026","2,539","23,600",South 1,Mysore,"2,585",-1,Need to Check
1464876,34,"September 26, 2026","2,539","23,600",South 1,Mysore,"2,582",-1,Need to Check
1464876,35,"September 25, 2026","3,057","23,600",South 1,Mysore,"3,103",-1,Need to Check
1464876,35,"September 26, 2026","3,057","23,600",South 1,Mysore,"3,099",-1,Need to Check
1464876,36,"September 25, 2026","3,057","23,600",South 1,Mysore,"3,103",-1,Need to Check
1464876,36,"September 26, 2026","3,057","23,600",South 1,Mysore,"3,099",-1,Need to Check
1464876,39,"September 25, 2026","2,298","23,600",South 1,Mysore,"2,344",-1,Need to Check
1464876,39,"September 26, 2026","2,298","23,600",South 1,Mysore,"2,340",-1,Need to Check
1464876,40,"September 25, 2026","2,436","23,600",South 1,Mysore,"2,482",-1,Need to Check
1464876,40,"September 26, 2026","2,436","23,600",South 1,Mysore,"2,478",-1,Need to Check
1464876,57,"September 25, 2026","2,401","23,600",South 1,Mysore,"2,447",-1,Need to Check
1464876,57,"September 26, 2026","2,401","23,600",South 1,Mysore,"2,444",-1,Need to Check
1464876,83,"September 25, 2026","2,298","23,600",South 1,Mysore,"2,344",-1,Need to Check
1464876,83,"September 26, 2026","2,298","23,600",South 1,Mysore,"2,340",-1,Need to Check
1466884,35,"September 27, 2026","3,641","23,600",South 1,Mysore,"3,671",-1,Need to Check
1466884,35,"September 28, 2026","3,641","23,600",South 1,Mysore,"3,671",-1,Need to Check
1466884,35,"September 29, 2026","3,641","23,600",South 1,Mysore,"3,671",-1,Need to Check
1466884,36,"September 27, 2026","3,641","23,600",South 1,Mysore,"3,671",-1,Need to Check
1466884,36,"September 28, 2026","3,641","23,600",South 1,Mysore,"3,671",-1,Need to Check
1466884,36,"September 29, 2026","3,641","23,600",South 1,Mysore,"3,671",-1,Need to Check
1475870,21,"September 25, 2026","2,381","23,600",South 1,Coorg,"2,429",-1,Need to Check
1475870,21,"September 26, 2026","2,381","23,600",South 1,Coorg,"2,429",-1,Need to Check
1475870,22,"September 25, 2026","2,381","23,600",South 1,Coorg,"2,429",-1,Need to Check
1475870,22,"September 26, 2026","2,381","23,600",South 1,Coorg,"2,429",-1,Need to Check
1475870,23,"September 25, 2026","2,381","23,600",South 1,Coorg,"2,429",-1,Need to Check
1475870,23,"September 26, 2026","2,381","23,600",South 1,Coorg,"2,429",-1,Need to Check
1475870,24,"September 25, 2026","2,381","23,600",South 1,Coorg,"2,429",-1,Need to Check
1475870,24,"September 26, 2026","2,381","23,600",South 1,Coorg,"2,429",-1,Need to Check
1475870,27,"September 25, 2026","2,381","23,600",South 1,Coorg,"2,429",-1,Need to Check
1475870,27,"September 26, 2026","2,381","23,600",South 1,Coorg,"2,429",-1,Need to Check
1475870,28,"September 25, 2026","2,381","23,600",South 1,Coorg,"2,429",-1,Need to Check
1475870,28,"September 26, 2026","2,381","23,600",South 1,Coorg,"2,429",-1,Need to Check
1475870,39,"September 25, 2026","2,381","23,600",South 1,Coorg,"2,429",-1,Need to Check
1475870,39,"September 26, 2026","2,381","23,600",South 1,Coorg,"2,429",-1,Need to Check
1477699,17,"September 27, 2026","1,170","23,600",South 1,Coorg,"1,180",-1,Need to Check
1477699,17,"September 28, 2026","1,170","23,600",South 1,Coorg,"1,180",-1,Need to Check
1477699,17,"September 29, 2026","1,170","23,600",South 1,Coorg,"1,180",-1,Need to Check
1477699,18,"September 27, 2026","1,170","23,600",South 1,Coorg,"1,180",-1,Need to Check
1477699,18,"September 28, 2026","1,170","23,600",South 1,Coorg,"1,180",-1,Need to Check
1477699,18,"September 29, 2026","1,170","23,600",South 1,Coorg,"1,180",-1,Need to Check
1477699,50,"September 27, 2026","1,170","23,600",South 1,Coorg,"1,180",-1,Need to Check
1477699,50,"September 28, 2026","1,170","23,600",South 1,Coorg,"1,180",-1,Need to Check
1477699,50,"September 29, 2026","1,170","23,600",South 1,Coorg,"1,180",-1,Need to Check
1477699,87,"September 27, 2026","1,170","23,600",South 1,Coorg,"1,180",-1,Need to Check
1477699,87,"September 28, 2026","1,170","23,600",South 1,Coorg,"1,180",-1,Need to Check
1477699,87,"September 29, 2026","1,170","23,600",South 1,Coorg,"1,180",-1,Need to Check
1479104,17,"September 27, 2026","1,460","23,600",South 1,Coorg,"1,472",-1,Need to Check
1479104,17,"September 28, 2026","1,460","23,600",South 1,Coorg,"1,472",-1,Need to Check
1479104,17,"September 29, 2026","1,460","23,600",South 1,Coorg,"1,472",-1,Need to Check
1479104,18,"September 27, 2026","1,460","23,600",South 1,Coorg,"1,472",-1,Need to Check
1479104,18,"September 28, 2026","1,460","23,600",South 1,Coorg,"1,472",-1,Need to Check
1479104,18,"September 29, 2026","1,460","23,600",South 1,Coorg,"1,472",-1,Need to Check
1479104,19,"September 27, 2026","1,460","23,600",South 1,Coorg,"1,472",-1,Need to Check
1479104,19,"September 28, 2026","1,460","23,600",South 1,Coorg,"1,472",-1,Need to Check
1479104,19,"September 29, 2026","1,460","23,600",South 1,Coorg,"1,472",-1,Need to Check
1479104,20,"September 27, 2026","1,460","23,600",South 1,Coorg,"1,472",-1,Need to Check
1479104,20,"September 28, 2026","1,460","23,600",South 1,Coorg,"1,472",-1,Need to Check
1479104,20,"September 29, 2026","1,460","23,600",South 1,Coorg,"1,472",-1,Need to Check
1479104,50,"September 27, 2026","1,460","23,600",South 1,Coorg,"1,472",-1,Need to Check
1479104,50,"September 28, 2026","1,460","23,600",South 1,Coorg,"1,472",-1,Need to Check
1479104,50,"September 29, 2026","1,460","23,600",South 1,Coorg,"1,472",-1,Need to Check
1479104,51,"September 27, 2026","1,460","23,600",South 1,Coorg,"1,472",-1,Need to Check
1479104,51,"September 28, 2026","1,460","23,600",South 1,Coorg,"1,472",-1,Need to Check
1479104,51,"September 29, 2026","1,460","23,600",South 1,Coorg,"1,472",-1,Need to Check
1479104,87,"September 27, 2026","1,460","23,600",South 1,Coorg,"1,472",-1,Need to Check
1479104,87,"September 28, 2026","1,460","23,600",South 1,Coorg,"1,472",-1,Need to Check
1479104,87,"September 29, 2026","1,460","23,600",South 1,Coorg,"1,472",-1,Need to Check
1479897,25,"September 28, 2026","1,695","23,600",South 1,Coorg,"1,729",-1,Need to Check
1479897,25,"September 29, 2026","1,695","23,600",South 1,Coorg,"1,729",-1,Need to Check
1479897,26,"September 28, 2026","1,695","23,600",South 1,Coorg,"1,729",-1,Need to Check
1479897,26,"September 29, 2026","1,695","23,600",South 1,Coorg,"1,729",-1,Need to Check
1486131,17,"September 15, 2026","1,666","23,600",West,Kolhapur,"1,679",-1,Need to Check
1486131,18,"September 15, 2026","1,666","23,600",West,Kolhapur,"1,679",-1,Need to Check
1486131,19,"September 15, 2026","1,735","23,600",West,Kolhapur,"1,748",-1,Need to Check
1486131,20,"September 15, 2026","1,735","23,600",West,Kolhapur,"1,748",-1,Need to Check
1486131,25,"September 15, 2026","1,666","23,600",West,Kolhapur,"1,679",-1,Need to Check
1486131,50,"September 15, 2026","1,666","23,600",West,Kolhapur,"1,679",-1,Need to Check
1486131,78,"September 15, 2026","1,459","23,600",West,Kolhapur,"1,472",-1,Need to Check
1501649,17,"September 16, 2026","1,619","20,000",West,Pune,"1,633",-1,Need to Check
1501649,18,"September 16, 2026","1,619","20,000",West,Pune,"1,633",-1,Need to Check
1501649,19,"September 15, 2026","1,735","20,000",West,Pune,"1,763",-1,Need to Check
1501649,20,"September 15, 2026","1,735","20,000",West,Pune,"1,763",-1,Need to Check
1501649,27,"September 16, 2026","2,240","20,000",West,Pune,"2,288",-1,Need to Check
1501649,28,"September 16, 2026","2,240","20,000",West,Pune,"2,288",-1,Need to Check
1501649,50,"September 16, 2026","1,619","20,000",West,Pune,"1,633",-1,Need to Check
1506055,27,"September 16, 2026","2,012","23,600",West,Pune,"2,039",-1,Need to Check
1506055,28,"September 16, 2026","2,012","23,600",West,Pune,"2,039",-1,Need to Check
1511929,29,"September 16, 2026","2,109","23,600",West,Nashik,"2,140",-1,Need to Check
1511929,30,"September 16, 2026","2,109","23,600",West,Nashik,"2,140",-1,Need to Check
1511929,31,"September 16, 2026","2,109","23,600",West,Nashik,"2,140",-1,Need to Check
1511929,57,"September 16, 2026","2,109","23,600",West,Nashik,"2,140",-1,Need to Check
1511929,89,"September 16, 2026","2,109","23,600",West,Nashik,"2,140",-1,Need to Check
1552629,17,"September 16, 2026","2,062","23,600",West,Nagpur,"2,092",-1,Need to Check
1552629,18,"September 16, 2026","2,062","23,600",West,Nagpur,"2,092",-1,Need to Check
1552629,19,"September 16, 2026","2,269","23,600",West,Nagpur,"2,311",-1,Need to Check
1552629,20,"September 16, 2026","2,269","23,600",West,Nagpur,"2,311",-1,Need to Check
1552629,21,"September 16, 2026","2,269","23,600",West,Nagpur,"2,311",-1,Need to Check
1552629,22,"September 16, 2026","2,269","23,600",West,Nagpur,"2,311",-1,Need to Check
1552629,23,"September 16, 2026","2,476","23,600",West,Nagpur,"2,518",-1,Need to Check
1552629,24,"September 16, 2026","2,476","23,600",West,Nagpur,"2,518",-1,Need to Check
1552629,25,"September 16, 2026","2,062","23,600",West,Nagpur,"2,104",-1,Need to Check
1552629,26,"September 16, 2026","2,062","23,600",West,Nagpur,"2,104",-1,Need to Check
1552629,29,"September 16, 2026","2,614","23,600",West,Nagpur,"2,656",-1,Need to Check
1552629,30,"September 16, 2026","2,614","23,600",West,Nagpur,"2,656",-1,Need to Check
1552629,31,"September 16, 2026","2,614","23,600",West,Nagpur,"2,656",-1,Need to Check
1552629,32,"September 15, 2026","2,821","23,600",West,Nagpur,"2,880",-1,Need to Check
1552629,32,"September 16, 2026","2,821","23,600",West,Nagpur,"2,863",-1,Need to Check
1552629,33,"September 15, 2026","2,821","23,600",West,Nagpur,"2,880",-1,Need to Check
1552629,33,"September 16, 2026","2,821","23,600",West,Nagpur,"2,863",-1,Need to Check
1552629,34,"September 15, 2026","2,821","23,600",West,Nagpur,"2,880",-1,Need to Check
1552629,34,"September 16, 2026","2,821","23,600",West,Nagpur,"2,863",-1,Need to Check
1552629,39,"September 16, 2026","2,269","23,600",West,Nagpur,"2,311",-1,Need to Check
1552629,40,"September 16, 2026","2,476","23,600",West,Nagpur,"2,518",-1,Need to Check
1552629,57,"September 16, 2026","2,614","23,600",West,Nagpur,"2,656",-1,Need to Check
1552629,83,"September 16, 2026","2,269","23,600",West,Nagpur,"2,311",-1,Need to Check
1558691,19,"September 16, 2026","1,992","23,600",West,Nagpur,"2,033",-1,Need to Check
1558691,20,"September 16, 2026","1,992","23,600",West,Nagpur,"2,033",-1,Need to Check
1558691,23,"September 16, 2026","2,268","23,600",West,Nagpur,"2,293",-1,Need to Check
1558691,24,"September 16, 2026","2,268","23,600",West,Nagpur,"2,293",-1,Need to Check
1558691,25,"September 16, 2026","2,372","23,600",West,Nagpur,"2,391",-1,Need to Check
1558691,26,"September 16, 2026","2,372","23,600",West,Nagpur,"2,391",-1,Need to Check
1558691,40,"September 16, 2026","2,268","23,600",West,Nagpur,"2,293",-1,Need to Check
1558691,51,"September 16, 2026","1,992","23,600",West,Nagpur,"2,033",-1,Need to Check
1593685,27,"September 20, 2026","1,748","23,600",South 2,Hyderabad,"1,776",-1,Need to Check
1593685,27,"September 21, 2026","1,748","23,600",South 2,Hyderabad,"1,776",-1,Need to Check
1593685,27,"September 22, 2026","1,748","23,600",South 2,Hyderabad,"1,776",-1,Need to Check
1593685,27,"September 23, 2026","1,748","23,600",South 2,Hyderabad,"1,776",-1,Need to Check
1593685,27,"September 24, 2026","1,748","23,600",South 2,Hyderabad,"1,776",-1,Need to Check
1593685,27,"September 25, 2026","1,748","23,600",South 2,Hyderabad,"1,776",-1,Need to Check
1593685,27,"September 26, 2026","1,748","23,600",South 2,Hyderabad,"1,776",-1,Need to Check
1593685,27,"September 27, 2026","1,748","23,600",South 2,Hyderabad,"1,776",-1,Need to Check
1593685,27,"September 28, 2026","1,748","23,600",South 2,Hyderabad,"1,776",-1,Need to Check
1593685,27,"September 29, 2026","1,748","23,600",South 2,Hyderabad,"1,776",-1,Need to Check
1593685,27,"September 30, 2026","1,748","23,600",South 2,Hyderabad,"1,776",-1,Need to Check
1593685,27,"October 2, 2026","1,748","23,600",South 2,Hyderabad,"1,776",-1,Need to Check
1593685,27,"October 4, 2026","1,748","23,600",South 2,Hyderabad,"1,776",-1,Need to Check
1593685,27,"October 5, 2026","1,748","23,600",South 2,Hyderabad,"1,776",-1,Need to Check
1593685,27,"October 6, 2026","1,748","23,600",South 2,Hyderabad,"1,776",-1,Need to Check
1593685,27,"October 7, 2026","1,748","23,600",South 2,Hyderabad,"1,776",-1,Need to Check
1593685,27,"October 8, 2026","1,748","23,600",South 2,Hyderabad,"1,776",-1,Need to Check
1593685,27,"October 9, 2026","1,748","23,600",South 2,Hyderabad,"1,776",-1,Need to Check
1593685,27,"October 10, 2026","1,748","23,600",South 2,Hyderabad,"1,776",-1,Need to Check
1593685,27,"October 11, 2026","1,748","23,600",South 2,Hyderabad,"1,776",-1,Need to Check
1593685,27,"October 12, 2026","1,748","23,600",South 2,Hyderabad,"1,776",-1,Need to Check
1593685,27,"October 13, 2026","1,748","23,600",South 2,Hyderabad,"1,776",-1,Need to Check
1593685,27,"October 14, 2026","1,748","23,600",South 2,Hyderabad,"1,776",-1,Need to Check
1593685,27,"October 15, 2026","1,748","23,600",South 2,Hyderabad,"1,776",-1,Need to Check
1593685,28,"September 20, 2026","1,748","23,600",South 2,Hyderabad,"1,776",-1,Need to Check
1593685,28,"September 21, 2026","1,748","23,600",South 2,Hyderabad,"1,776",-1,Need to Check
1593685,28,"September 22, 2026","1,748","23,600",South 2,Hyderabad,"1,776",-1,Need to Check
1593685,28,"September 23, 2026","1,748","23,600",South 2,Hyderabad,"1,776",-1,Need to Check
1593685,28,"September 24, 2026","1,748","23,600",South 2,Hyderabad,"1,776",-1,Need to Check
1593685,28,"September 25, 2026","1,748","23,600",South 2,Hyderabad,"1,776",-1,Need to Check
1593685,28,"September 26, 2026","1,748","23,600",South 2,Hyderabad,"1,776",-1,Need to Check
1593685,28,"September 27, 2026","1,748","23,600",South 2,Hyderabad,"1,776",-1,Need to Check
1593685,28,"September 28, 2026","1,748","23,600",South 2,Hyderabad,"1,776",-1,Need to Check
1593685,28,"September 29, 2026","1,748","23,600",South 2,Hyderabad,"1,776",-1,Need to Check
1593685,28,"September 30, 2026","1,748","23,600",South 2,Hyderabad,"1,776",-1,Need to Check
1593685,28,"October 2, 2026","1,748","23,600",South 2,Hyderabad,"1,776",-1,Need to Check
1593685,28,"October 4, 2026","1,748","23,600",South 2,Hyderabad,"1,776",-1,Need to Check
1593685,28,"October 5, 2026","1,748","23,600",South 2,Hyderabad,"1,776",-1,Need to Check
1593685,28,"October 6, 2026","1,748","23,600",South 2,Hyderabad,"1,776",-1,Need to Check
1593685,28,"October 7, 2026","1,748","23,600",South 2,Hyderabad,"1,776",-1,Need to Check
1593685,28,"October 8, 2026","1,748","23,600",South 2,Hyderabad,"1,776",-1,Need to Check
1593685,28,"October 9, 2026","1,748","23,600",South 2,Hyderabad,"1,776",-1,Need to Check
1593685,28,"October 10, 2026","1,748","23,600",South 2,Hyderabad,"1,776",-1,Need to Check
1593685,28,"October 11, 2026","1,748","23,600",South 2,Hyderabad,"1,776",-1,Need to Check
1593685,28,"October 12, 2026","1,748","23,600",South 2,Hyderabad,"1,776",-1,Need to Check
1593685,28,"October 13, 2026","1,748","23,600",South 2,Hyderabad,"1,776",-1,Need to Check
1593685,28,"October 14, 2026","1,748","23,600",South 2,Hyderabad,"1,776",-1,Need to Check
1593685,28,"October 15, 2026","1,748","23,600",South 2,Hyderabad,"1,776",-1,Need to Check
1593685,35,"September 20, 2026","1,852","23,600",South 2,Hyderabad,"1,873",-1,Need to Check
1593685,35,"September 21, 2026","1,852","23,600",South 2,Hyderabad,"1,873",-1,Need to Check
1593685,35,"September 22, 2026","1,852","23,600",South 2,Hyderabad,"1,873",-1,Need to Check
1593685,35,"September 23, 2026","1,852","23,600",South 2,Hyderabad,"1,873",-1,Need to Check
1593685,35,"September 24, 2026","1,852","23,600",South 2,Hyderabad,"1,873",-1,Need to Check
1593685,35,"September 25, 2026","1,852","23,600",South 2,Hyderabad,"1,873",-1,Need to Check
1593685,35,"September 26, 2026","1,852","23,600",South 2,Hyderabad,"1,873",-1,Need to Check
1593685,35,"September 27, 2026","1,852","23,600",South 2,Hyderabad,"1,873",-1,Need to Check
1593685,35,"September 28, 2026","1,852","23,600",South 2,Hyderabad,"1,873",-1,Need to Check
1593685,35,"September 29, 2026","1,852","23,600",South 2,Hyderabad,"1,873",-1,Need to Check
1593685,35,"September 30, 2026","1,852","23,600",South 2,Hyderabad,"1,873",-1,Need to Check
1593685,35,"October 2, 2026","1,852","23,600",South 2,Hyderabad,"1,873",-1,Need to Check
1593685,35,"October 4, 2026","1,852","23,600",South 2,Hyderabad,"1,873",-1,Need to Check
1593685,35,"October 5, 2026","1,852","23,600",South 2,Hyderabad,"1,873",-1,Need to Check
1593685,35,"October 6, 2026","1,852","23,600",South 2,Hyderabad,"1,873",-1,Need to Check
1593685,35,"October 7, 2026","1,852","23,600",South 2,Hyderabad,"1,873",-1,Need to Check
1593685,35,"October 8, 2026","1,852","23,600",South 2,Hyderabad,"1,873",-1,Need to Check
1593685,35,"October 9, 2026","1,852","23,600",South 2,Hyderabad,"1,873",-1,Need to Check
1593685,35,"October 10, 2026","1,852","23,600",South 2,Hyderabad,"1,873",-1,Need to Check
1593685,35,"October 11, 2026","1,852","23,600",South 2,Hyderabad,"1,873",-1,Need to Check
1593685,35,"October 12, 2026","1,852","23,600",South 2,Hyderabad,"1,873",-1,Need to Check
1593685,35,"October 13, 2026","1,852","23,600",South 2,Hyderabad,"1,873",-1,Need to Check
1593685,35,"October 14, 2026","1,852","23,600",South 2,Hyderabad,"1,873",-1,Need to Check
1593685,35,"October 15, 2026","1,852","23,600",South 2,Hyderabad,"1,873",-1,Need to Check
1593685,36,"September 20, 2026","1,852","23,600",South 2,Hyderabad,"1,873",-1,Need to Check
1593685,36,"September 21, 2026","1,852","23,600",South 2,Hyderabad,"1,873",-1,Need to Check
1593685,36,"September 22, 2026","1,852","23,600",South 2,Hyderabad,"1,873",-1,Need to Check
1593685,36,"September 23, 2026","1,852","23,600",South 2,Hyderabad,"1,873",-1,Need to Check
1593685,36,"September 24, 2026","1,852","23,600",South 2,Hyderabad,"1,873",-1,Need to Check
1593685,36,"September 25, 2026","1,852","23,600",South 2,Hyderabad,"1,873",-1,Need to Check
1593685,36,"September 26, 2026","1,852","23,600",South 2,Hyderabad,"1,873",-1,Need to Check
1593685,36,"September 27, 2026","1,852","23,600",South 2,Hyderabad,"1,873",-1,Need to Check
1593685,36,"September 28, 2026","1,852","23,600",South 2,Hyderabad,"1,873",-1,Need to Check
1593685,36,"September 29, 2026","1,852","23,600",South 2,Hyderabad,"1,873",-1,Need to Check
1593685,36,"September 30, 2026","1,852","23,600",South 2,Hyderabad,"1,873",-1,Need to Check
1593685,36,"October 2, 2026","1,852","23,600",South 2,Hyderabad,"1,873",-1,Need to Check
1593685,36,"October 4, 2026","1,852","23,600",South 2,Hyderabad,"1,873",-1,Need to Check
1593685,36,"October 5, 2026","1,852","23,600",South 2,Hyderabad,"1,873",-1,Need to Check
1593685,36,"October 6, 2026","1,852","23,600",South 2,Hyderabad,"1,873",-1,Need to Check
1593685,36,"October 7, 2026","1,852","23,600",South 2,Hyderabad,"1,873",-1,Need to Check
1593685,36,"October 8, 2026","1,852","23,600",South 2,Hyderabad,"1,873",-1,Need to Check
1593685,36,"October 9, 2026","1,852","23,600",South 2,Hyderabad,"1,873",-1,Need to Check
1593685,36,"October 10, 2026","1,852","23,600",South 2,Hyderabad,"1,873",-1,Need to Check
1593685,36,"October 11, 2026","1,852","23,600",South 2,Hyderabad,"1,873",-1,Need to Check
1593685,36,"October 12, 2026","1,852","23,600",South 2,Hyderabad,"1,873",-1,Need to Check
1593685,36,"October 13, 2026","1,852","23,600",South 2,Hyderabad,"1,873",-1,Need to Check
1593685,36,"October 14, 2026","1,852","23,600",South 2,Hyderabad,"1,873",-1,Need to Check
1593685,36,"October 15, 2026","1,852","23,600",South 2,Hyderabad,"1,873",-1,Need to Check
1593685,37,"September 20, 2026","1,852","23,600",South 2,Hyderabad,"1,873",-1,Need to Check
1593685,37,"September 21, 2026","1,852","23,600",South 2,Hyderabad,"1,873",-1,Need to Check
1593685,37,"September 22, 2026","1,852","23,600",South 2,Hyderabad,"1,873",-1,Need to Check
1593685,37,"September 23, 2026","1,852","23,600",South 2,Hyderabad,"1,873",-1,Need to Check
1593685,37,"September 24, 2026","1,852","23,600",South 2,Hyderabad,"1,873",-1,Need to Check
1593685,37,"September 25, 2026","1,852","23,600",South 2,Hyderabad,"1,873",-1,Need to Check
1593685,37,"September 26, 2026","1,852","23,600",South 2,Hyderabad,"1,873",-1,Need to Check
1593685,37,"September 27, 2026","1,852","23,600",South 2,Hyderabad,"1,873",-1,Need to Check
1593685,37,"September 28, 2026","1,852","23,600",South 2,Hyderabad,"1,873",-1,Need to Check
1593685,37,"September 29, 2026","1,852","23,600",South 2,Hyderabad,"1,873",-1,Need to Check
1593685,37,"September 30, 2026","1,852","23,600",South 2,Hyderabad,"1,873",-1,Need to Check
1593685,37,"October 2, 2026","1,852","23,600",South 2,Hyderabad,"1,873",-1,Need to Check
1593685,37,"October 4, 2026","1,852","23,600",South 2,Hyderabad,"1,873",-1,Need to Check
1593685,37,"October 5, 2026","1,852","23,600",South 2,Hyderabad,"1,873",-1,Need to Check
1593685,37,"October 6, 2026","1,852","23,600",South 2,Hyderabad,"1,873",-1,Need to Check
1593685,37,"October 7, 2026","1,852","23,600",South 2,Hyderabad,"1,873",-1,Need to Check
1593685,37,"October 8, 2026","1,852","23,600",South 2,Hyderabad,"1,873",-1,Need to Check
1593685,37,"October 9, 2026","1,852","23,600",South 2,Hyderabad,"1,873",-1,Need to Check
1593685,37,"October 10, 2026","1,852","23,600",South 2,Hyderabad,"1,873",-1,Need to Check
1593685,37,"October 11, 2026","1,852","23,600",South 2,Hyderabad,"1,873",-1,Need to Check
1593685,37,"October 12, 2026","1,852","23,600",South 2,Hyderabad,"1,873",-1,Need to Check
1593685,37,"October 13, 2026","1,852","23,600",South 2,Hyderabad,"1,873",-1,Need to Check
1593685,37,"October 14, 2026","1,852","23,600",South 2,Hyderabad,"1,873",-1,Need to Check
1593685,37,"October 15, 2026","1,852","23,600",South 2,Hyderabad,"1,873",-1,Need to Check
1593867,17,"September 15, 2026","1,797","23,600",South 2,Hyderabad,"1,831",-1,Need to Check
1593867,18,"September 15, 2026","1,797","23,600",South 2,Hyderabad,"1,831",-1,Need to Check
1593867,19,"September 15, 2026","1,942","23,600",South 2,Hyderabad,"1,976",-1,Need to Check
1593867,20,"September 15, 2026","1,942","23,600",South 2,Hyderabad,"1,976",-1,Need to Check
1593867,21,"September 15, 2026","2,004","23,600",South 2,Hyderabad,"2,038",-1,Need to Check
1593867,22,"September 15, 2026","2,004","23,600",South 2,Hyderabad,"2,038",-1,Need to Check
1593867,29,"September 15, 2026","2,107","23,600",South 2,Hyderabad,"2,142",-1,Need to Check
1593867,30,"September 15, 2026","2,107","23,600",South 2,Hyderabad,"2,142",-1,Need to Check
1593867,31,"September 15, 2026","2,107","23,600",South 2,Hyderabad,"2,142",-1,Need to Check
1593867,32,"September 15, 2026","2,383","23,600",South 2,Hyderabad,"2,418",-1,Need to Check
1593867,33,"September 15, 2026","2,383","23,600",South 2,Hyderabad,"2,418",-1,Need to Check
1593867,34,"September 15, 2026","2,383","23,600",South 2,Hyderabad,"2,418",-1,Need to Check
1593867,35,"September 15, 2026","2,728","23,600",South 2,Hyderabad,"2,763",-1,Need to Check
1593867,36,"September 15, 2026","2,728","23,600",South 2,Hyderabad,"2,763",-1,Need to Check
1593867,39,"September 15, 2026","2,004","23,600",South 2,Hyderabad,"2,038",-1,Need to Check
1593867,50,"September 15, 2026","1,797","23,600",South 2,Hyderabad,"1,831",-1,Need to Check
1593867,57,"September 15, 2026","2,107","23,600",South 2,Hyderabad,"2,142",-1,Need to Check
1596716,23,"September 15, 2026","1,675","23,600",South 2,Hyderabad,"1,710",-1,Need to Check
1596716,23,"September 16, 2026","1,675","23,600",South 2,Hyderabad,"1,710",-1,Need to Check
1596716,23,"September 21, 2026","1,675","23,600",South 2,Hyderabad,"1,709",-1,Need to Check
1596716,24,"September 15, 2026","1,675","23,600",South 2,Hyderabad,"1,710",-1,Need to Check
1596716,24,"September 16, 2026","1,675","23,600",South 2,Hyderabad,"1,710",-1,Need to Check
1596716,24,"September 21, 2026","1,675","23,600",South 2,Hyderabad,"1,709",-1,Need to Check
1596716,40,"September 15, 2026","1,675","23,600",South 2,Hyderabad,"1,710",-1,Need to Check
1596716,40,"September 16, 2026","1,675","23,600",South 2,Hyderabad,"1,710",-1,Need to Check
1596716,40,"September 21, 2026","1,675","23,600",South 2,Hyderabad,"1,709",-1,Need to Check
1598533,23,"September 15, 2026","1,839","23,600",South 2,Hyderabad,"1,874",-1,Need to Check
1598533,24,"September 15, 2026","1,839","23,600",South 2,Hyderabad,"1,874",-1,Need to Check
1598533,29,"September 15, 2026","2,046","23,600",South 2,Hyderabad,"2,069",-1,Need to Check
1598533,29,"September 16, 2026","2,040","23,600",South 2,Hyderabad,"2,069",-1,Need to Check
1598533,30,"September 15, 2026","2,046","23,600",South 2,Hyderabad,"2,069",-1,Need to Check
1598533,30,"September 16, 2026","2,040","23,600",South 2,Hyderabad,"2,069",-1,Need to Check
1598533,31,"September 15, 2026","2,046","23,600",South 2,Hyderabad,"2,069",-1,Need to Check
1598533,31,"September 16, 2026","2,040","23,600",South 2,Hyderabad,"2,069",-1,Need to Check
1598533,32,"September 15, 2026","2,132","23,600",South 2,Hyderabad,"2,150",-1,Need to Check
1598533,32,"September 16, 2026","2,126","23,600",South 2,Hyderabad,"2,150",-1,Need to Check
1598533,33,"September 15, 2026","2,132","23,600",South 2,Hyderabad,"2,150",-1,Need to Check
1598533,33,"September 16, 2026","2,126","23,600",South 2,Hyderabad,"2,150",-1,Need to Check
1598533,34,"September 15, 2026","2,132","23,600",South 2,Hyderabad,"2,150",-1,Need to Check
1598533,34,"September 16, 2026","2,126","23,600",South 2,Hyderabad,"2,150",-1,Need to Check
1598533,57,"September 15, 2026","2,046","23,600",South 2,Hyderabad,"2,069",-1,Need to Check
1598533,57,"September 16, 2026","2,040","23,600",South 2,Hyderabad,"2,069",-1,Need to Check
1598533,58,"September 15, 2026","2,132","23,600",South 2,Hyderabad,"2,150",-1,Need to Check
1598533,58,"September 16, 2026","2,126","23,600",South 2,Hyderabad,"2,150",-1,Need to Check
1598533,89,"September 15, 2026","2,046","23,600",South 2,Hyderabad,"2,069",-1,Need to Check
1598533,89,"September 16, 2026","2,040","23,600",South 2,Hyderabad,"2,069",-1,Need to Check
1604662,29,"September 16, 2026","2,071","20,000",North 2,Mussoorie,"2,113",-1,Need to Check
1604662,30,"September 16, 2026","2,071","20,000",North 2,Mussoorie,"2,113",-1,Need to Check
1604662,31,"September 16, 2026","2,071","20,000",North 2,Mussoorie,"2,113",-1,Need to Check
1604662,32,"September 16, 2026","2,071","20,000",North 2,Mussoorie,"2,113",-1,Need to Check
1604662,33,"September 16, 2026","2,071","20,000",North 2,Mussoorie,"2,113",-1,Need to Check
1604662,34,"September 16, 2026","2,071","20,000",North 2,Mussoorie,"2,113",-1,Need to Check
1604662,35,"September 16, 2026","2,623","20,000",North 2,Mussoorie,"2,665",-1,Need to Check
1604662,36,"September 16, 2026","2,623","20,000",North 2,Mussoorie,"2,665",-1,Need to Check
1604662,57,"September 16, 2026","2,071","20,000",North 2,Mussoorie,"2,113",-1,Need to Check
1708941,17,"September 25, 2026","1,350","27,848",South 1,Kozhikode,"1,367",-1,Need to Check
1708941,17,"September 26, 2026","1,350","27,848",South 1,Kozhikode,"1,367",-1,Need to Check
1708941,18,"September 25, 2026","1,350","27,848",South 1,Kozhikode,"1,367",-1,Need to Check
1708941,18,"September 26, 2026","1,350","27,848",South 1,Kozhikode,"1,367",-1,Need to Check
1708941,19,"September 25, 2026","1,419","27,848",South 1,Kozhikode,"1,432",-1,Need to Check
1708941,19,"September 26, 2026","1,419","27,848",South 1,Kozhikode,"1,432",-1,Need to Check
1708941,20,"September 25, 2026","1,419","27,848",South 1,Kozhikode,"1,432",-1,Need to Check
1708941,20,"September 26, 2026","1,419","27,848",South 1,Kozhikode,"1,432",-1,Need to Check
1708941,50,"September 25, 2026","1,350","27,848",South 1,Kozhikode,"1,367",-1,Need to Check
1708941,50,"September 26, 2026","1,350","27,848",South 1,Kozhikode,"1,367",-1,Need to Check
1767649,29,"September 27, 2026","4,373","23,600",South 1,Chikmagalur,"4,464",-1,Need to Check
1767649,29,"September 28, 2026","4,373","23,600",South 1,Chikmagalur,"4,464",-1,Need to Check
1767649,30,"September 27, 2026","4,373","23,600",South 1,Chikmagalur,"4,464",-1,Need to Check
1767649,30,"September 28, 2026","4,373","23,600",South 1,Chikmagalur,"4,464",-1,Need to Check
1767649,31,"September 27, 2026","4,373","23,600",South 1,Chikmagalur,"4,464",-1,Need to Check
1767649,31,"September 28, 2026","4,373","23,600",South 1,Chikmagalur,"4,464",-1,Need to Check
1767649,32,"September 27, 2026","4,373","23,600",South 1,Chikmagalur,"4,464",-1,Need to Check
1767649,32,"September 28, 2026","4,373","23,600",South 1,Chikmagalur,"4,464",-1,Need to Check
1767649,33,"September 27, 2026","4,373","23,600",South 1,Chikmagalur,"4,464",-1,Need to Check
1767649,33,"September 28, 2026","4,373","23,600",South 1,Chikmagalur,"4,464",-1,Need to Check
1767649,34,"September 27, 2026","4,373","23,600",South 1,Chikmagalur,"4,464",-1,Need to Check
1767649,34,"September 28, 2026","4,373","23,600",South 1,Chikmagalur,"4,464",-1,Need to Check
1767649,35,"September 27, 2026","5,063","23,600",South 1,Chikmagalur,"5,164",-1,Need to Check
1767649,35,"September 28, 2026","5,063","23,600",South 1,Chikmagalur,"5,164",-1,Need to Check
1767649,36,"September 27, 2026","5,063","23,600",South 1,Chikmagalur,"5,164",-1,Need to Check
1767649,36,"September 28, 2026","5,063","23,600",South 1,Chikmagalur,"5,164",-1,Need to Check
1767649,57,"September 27, 2026","4,373","23,600",South 1,Chikmagalur,"4,464",-1,Need to Check
1767649,57,"September 28, 2026","4,373","23,600",South 1,Chikmagalur,"4,464",-1,Need to Check
1767878,17,"September 27, 2026","1,280","23,600",South 1,Chikmagalur,"1,298",-1,Need to Check
1767878,18,"September 27, 2026","1,280","23,600",South 1,Chikmagalur,"1,298",-1,Need to Check
1767878,19,"September 27, 2026","1,280","23,600",South 1,Chikmagalur,"1,298",-1,Need to Check
1767878,20,"September 27, 2026","1,280","23,600",South 1,Chikmagalur,"1,298",-1,Need to Check
1767878,50,"September 27, 2026","1,280","23,600",South 1,Chikmagalur,"1,298",-1,Need to Check
1767878,51,"September 27, 2026","1,280","23,600",South 1,Chikmagalur,"1,298",-1,Need to Check
1767878,87,"September 27, 2026","1,280","23,600",South 1,Chikmagalur,"1,298",-1,Need to Check
1776233,19,"September 25, 2026","1,979","23,600",South 1,Guruvayur,"2,016",-1,Need to Check
1776233,20,"September 25, 2026","1,979","23,600",South 1,Guruvayur,"2,016",-1,Need to Check
1837134,21,"September 25, 2026","1,905","23,600",South 1,Thekkady,"1,944",-1,Need to Check
1837134,21,"September 26, 2026","1,905","23,600",South 1,Thekkady,"1,943",-1,Need to Check
1837134,22,"September 25, 2026","1,905","23,600",South 1,Thekkady,"1,944",-1,Need to Check
1837134,22,"September 26, 2026","1,905","23,600",South 1,Thekkady,"1,943",-1,Need to Check
1837134,23,"September 25, 2026","1,905","23,600",South 1,Thekkady,"1,944",-1,Need to Check
1837134,23,"September 26, 2026","1,905","23,600",South 1,Thekkady,"1,943",-1,Need to Check
1837134,24,"September 25, 2026","1,905","23,600",South 1,Thekkady,"1,944",-1,Need to Check
1837134,24,"September 26, 2026","1,905","23,600",South 1,Thekkady,"1,943",-1,Need to Check
1837134,27,"September 25, 2026","2,388","23,600",South 1,Thekkady,"2,427",-1,Need to Check
1837134,27,"September 26, 2026","2,388","23,600",South 1,Thekkady,"2,426",-1,Need to Check
1837134,28,"September 25, 2026","2,388","23,600",South 1,Thekkady,"2,427",-1,Need to Check
1837134,28,"September 26, 2026","2,388","23,600",South 1,Thekkady,"2,426",-1,Need to Check
1837134,29,"September 25, 2026","3,630","23,600",South 1,Thekkady,"3,669",-1,Need to Check
1837134,29,"September 26, 2026","3,630","23,600",South 1,Thekkady,"3,668",-1,Need to Check
1837134,30,"September 25, 2026","3,630","23,600",South 1,Thekkady,"3,669",-1,Need to Check
1837134,30,"September 26, 2026","3,630","23,600",South 1,Thekkady,"3,668",-1,Need to Check
1837134,31,"September 25, 2026","3,630","23,600",South 1,Thekkady,"3,669",-1,Need to Check
1837134,31,"September 26, 2026","3,630","23,600",South 1,Thekkady,"3,668",-1,Need to Check
1837134,32,"September 25, 2026","3,768","23,600",South 1,Thekkady,"3,807",-1,Need to Check
1837134,32,"September 26, 2026","3,768","23,600",South 1,Thekkady,"3,806",-1,Need to Check
1837134,33,"September 25, 2026","3,768","23,600",South 1,Thekkady,"3,807",-1,Need to Check
1837134,33,"September 26, 2026","3,768","23,600",South 1,Thekkady,"3,806",-1,Need to Check
1837134,34,"September 25, 2026","3,768","23,600",South 1,Thekkady,"3,807",-1,Need to Check
1837134,34,"September 26, 2026","3,768","23,600",South 1,Thekkady,"3,806",-1,Need to Check
1837134,35,"September 25, 2026","4,251","23,600",South 1,Thekkady,"4,290",-1,Need to Check
1837134,35,"September 26, 2026","4,251","23,600",South 1,Thekkady,"4,289",-1,Need to Check
1837134,36,"September 25, 2026","4,251","23,600",South 1,Thekkady,"4,290",-1,Need to Check
1837134,36,"September 26, 2026","4,251","23,600",South 1,Thekkady,"4,289",-1,Need to Check
1837134,39,"September 25, 2026","1,905","23,600",South 1,Thekkady,"1,944",-1,Need to Check
1837134,39,"September 26, 2026","1,905","23,600",South 1,Thekkady,"1,943",-1,Need to Check
1837134,40,"September 25, 2026","1,905","23,600",South 1,Thekkady,"1,944",-1,Need to Check
1837134,40,"September 26, 2026","1,905","23,600",South 1,Thekkady,"1,943",-1,Need to Check
1837134,57,"September 25, 2026","3,630","23,600",South 1,Thekkady,"3,669",-1,Need to Check
1837134,57,"September 26, 2026","3,630","23,600",South 1,Thekkady,"3,668",-1,Need to Check
1837134,83,"September 25, 2026","1,905","23,600",South 1,Thekkady,"1,944",-1,Need to Check
1837134,83,"September 26, 2026","1,905","23,600",South 1,Thekkady,"1,943",-1,Need to Check
1879480,21,"September 16, 2026","1,232","23,600",North 2,Katra,"1,252",-1,Need to Check
1879480,22,"September 16, 2026","1,232","23,600",North 2,Katra,"1,252",-1,Need to Check
1879480,23,"September 16, 2026","1,232","23,600",North 2,Katra,"1,252",-1,Need to Check
1879480,24,"September 16, 2026","1,232","23,600",North 2,Katra,"1,252",-1,Need to Check
1879480,27,"September 16, 2026","1,577","23,600",North 2,Katra,"1,597",-1,Need to Check
1879480,28,"September 16, 2026","1,577","23,600",North 2,Katra,"1,597",-1,Need to Check
1879480,29,"September 16, 2026","1,404","23,600",North 2,Katra,"1,424",-1,Need to Check
1879480,30,"September 16, 2026","1,404","23,600",North 2,Katra,"1,424",-1,Need to Check
1879480,31,"September 16, 2026","1,404","23,600",North 2,Katra,"1,424",-1,Need to Check
1879480,32,"September 16, 2026","1,404","23,600",North 2,Katra,"1,424",-1,Need to Check
1879480,33,"September 16, 2026","1,404","23,600",North 2,Katra,"1,424",-1,Need to Check
1879480,34,"September 16, 2026","1,404","23,600",North 2,Katra,"1,424",-1,Need to Check
1879480,35,"September 16, 2026","1,749","23,600",North 2,Katra,"1,769",-1,Need to Check
1879480,36,"September 16, 2026","1,749","23,600",North 2,Katra,"1,769",-1,Need to Check
1879480,37,"September 16, 2026","1,749","23,600",North 2,Katra,"1,769",-1,Need to Check
1879480,39,"September 16, 2026","1,232","23,600",North 2,Katra,"1,252",-1,Need to Check
1879480,40,"September 16, 2026","1,232","23,600",North 2,Katra,"1,252",-1,Need to Check
1879480,42,"September 16, 2026","2,094","23,600",North 2,Katra,"2,114",-1,Need to Check
1879480,43,"September 16, 2026","2,094","23,600",North 2,Katra,"2,114",-1,Need to Check
1879480,57,"September 16, 2026","1,404","23,600",North 2,Katra,"1,424",-1,Need to Check
1879480,58,"September 16, 2026","1,404","23,600",North 2,Katra,"1,424",-1,Need to Check
1879480,83,"September 16, 2026","1,232","23,600",North 2,Katra,"1,252",-1,Need to Check
1879480,89,"September 16, 2026","1,404","23,600",North 2,Katra,"1,424",-1,Need to Check
1894945,17,"September 26, 2026","1,783","23,600",South 1,Hassan,"1,805",-1,Need to Check
1894945,18,"September 26, 2026","1,783","23,600",South 1,Hassan,"1,805",-1,Need to Check
1894945,19,"September 26, 2026","1,818","23,600",South 1,Hassan,"1,840",-1,Need to Check
1894945,20,"September 26, 2026","1,818","23,600",South 1,Hassan,"1,840",-1,Need to Check
1894945,21,"September 26, 2026","2,335","23,600",South 1,Hassan,"2,365",-1,Need to Check
1894945,22,"September 26, 2026","2,335","23,600",South 1,Hassan,"2,365",-1,Need to Check
1894945,23,"September 26, 2026","2,370","23,600",South 1,Hassan,"2,400",-1,Need to Check
1894945,24,"September 26, 2026","2,370","23,600",South 1,Hassan,"2,400",-1,Need to Check
1894945,27,"September 25, 2026","2,901","23,600",South 1,Hassan,"2,960",-1,Need to Check
1894945,27,"September 26, 2026","2,922","23,600",South 1,Hassan,"2,960",-1,Need to Check
1894945,28,"September 25, 2026","2,901","23,600",South 1,Hassan,"2,960",-1,Need to Check
1894945,28,"September 26, 2026","2,922","23,600",South 1,Hassan,"2,960",-1,Need to Check
1894945,39,"September 26, 2026","2,335","23,600",South 1,Hassan,"2,365",-1,Need to Check
1894945,40,"September 26, 2026","2,370","23,600",South 1,Hassan,"2,400",-1,Need to Check
1894945,50,"September 26, 2026","1,783","23,600",South 1,Hassan,"1,805",-1,Need to Check
1894945,83,"September 26, 2026","2,335","23,600",South 1,Hassan,"2,365",-1,Need to Check
2010412,17,"September 27, 2026","1,261","23,600",South 1,Wayanad,"1,283",-1,Need to Check
2010412,17,"September 28, 2026","1,261","23,600",South 1,Wayanad,"1,283",-1,Need to Check
2010412,17,"September 29, 2026","1,261","23,600",South 1,Wayanad,"1,283",-1,Need to Check
2010412,18,"September 27, 2026","1,261","23,600",South 1,Wayanad,"1,283",-1,Need to Check
2010412,18,"September 28, 2026","1,261","23,600",South 1,Wayanad,"1,283",-1,Need to Check
2010412,18,"September 29, 2026","1,261","23,600",South 1,Wayanad,"1,283",-1,Need to Check
2010412,19,"September 27, 2026","1,330","23,600",South 1,Wayanad,"1,352",-1,Need to Check
2010412,19,"September 28, 2026","1,330","23,600",South 1,Wayanad,"1,352",-1,Need to Check
2010412,19,"September 29, 2026","1,330","23,600",South 1,Wayanad,"1,352",-1,Need to Check
2010412,20,"September 27, 2026","1,330","23,600",South 1,Wayanad,"1,352",-1,Need to Check
2010412,20,"September 28, 2026","1,330","23,600",South 1,Wayanad,"1,352",-1,Need to Check
2010412,20,"September 29, 2026","1,330","23,600",South 1,Wayanad,"1,352",-1,Need to Check
2010412,21,"September 27, 2026","1,606","23,600",South 1,Wayanad,"1,639",-1,Need to Check
2010412,21,"September 28, 2026","1,606","23,600",South 1,Wayanad,"1,639",-1,Need to Check
2010412,21,"September 29, 2026","1,606","23,600",South 1,Wayanad,"1,639",-1,Need to Check
2010412,22,"September 27, 2026","1,606","23,600",South 1,Wayanad,"1,639",-1,Need to Check
2010412,22,"September 28, 2026","1,606","23,600",South 1,Wayanad,"1,639",-1,Need to Check
2010412,22,"September 29, 2026","1,606","23,600",South 1,Wayanad,"1,639",-1,Need to Check
2010412,23,"September 27, 2026","1,709","23,600",South 1,Wayanad,"1,737",-1,Need to Check
2010412,23,"September 28, 2026","1,709","23,600",South 1,Wayanad,"1,737",-1,Need to Check
2010412,23,"September 29, 2026","1,709","23,600",South 1,Wayanad,"1,737",-1,Need to Check
2010412,24,"September 27, 2026","1,709","23,600",South 1,Wayanad,"1,737",-1,Need to Check
2010412,24,"September 28, 2026","1,709","23,600",South 1,Wayanad,"1,737",-1,Need to Check
2010412,24,"September 29, 2026","1,709","23,600",South 1,Wayanad,"1,737",-1,Need to Check
2010412,39,"September 27, 2026","1,606","23,600",South 1,Wayanad,"1,639",-1,Need to Check
2010412,39,"September 28, 2026","1,606","23,600",South 1,Wayanad,"1,639",-1,Need to Check
2010412,39,"September 29, 2026","1,606","23,600",South 1,Wayanad,"1,639",-1,Need to Check
2010412,40,"September 27, 2026","1,709","23,600",South 1,Wayanad,"1,737",-1,Need to Check
2010412,40,"September 28, 2026","1,709","23,600",South 1,Wayanad,"1,737",-1,Need to Check
2010412,40,"September 29, 2026","1,709","23,600",South 1,Wayanad,"1,737",-1,Need to Check
2010412,50,"September 27, 2026","1,261","23,600",South 1,Wayanad,"1,283",-1,Need to Check
2010412,50,"September 28, 2026","1,261","23,600",South 1,Wayanad,"1,283",-1,Need to Check
2010412,50,"September 29, 2026","1,261","23,600",South 1,Wayanad,"1,283",-1,Need to Check
2010412,83,"September 27, 2026","1,606","23,600",South 1,Wayanad,"1,639",-1,Need to Check
2010412,83,"September 28, 2026","1,606","23,600",South 1,Wayanad,"1,639",-1,Need to Check
2010412,83,"September 29, 2026","1,606","23,600",South 1,Wayanad,"1,639",-1,Need to Check
2011302,19,"September 16, 2026","1,552","23,600",North 2,Nainital,"1,570",-1,Need to Check
2011302,20,"September 16, 2026","1,552","23,600",North 2,Nainital,"1,570",-1,Need to Check
2013518,17,"September 27, 2026","1,141","23,600",South 1,Thiruvananthapuram,"1,159",-1,Need to Check
2013518,17,"September 28, 2026","1,141","23,600",South 1,Thiruvananthapuram,"1,159",-1,Need to Check
2013518,17,"September 29, 2026","1,141","23,600",South 1,Thiruvananthapuram,"1,159",-1,Need to Check
2013518,18,"September 27, 2026","1,141","23,600",South 1,Thiruvananthapuram,"1,159",-1,Need to Check
2013518,18,"September 28, 2026","1,141","23,600",South 1,Thiruvananthapuram,"1,159",-1,Need to Check
2013518,18,"September 29, 2026","1,141","23,600",South 1,Thiruvananthapuram,"1,159",-1,Need to Check
2013518,19,"September 27, 2026","1,210","23,600",South 1,Thiruvananthapuram,"1,224",-1,Need to Check
2013518,19,"September 28, 2026","1,210","23,600",South 1,Thiruvananthapuram,"1,224",-1,Need to Check
2013518,19,"September 29, 2026","1,210","23,600",South 1,Thiruvananthapuram,"1,224",-1,Need to Check
2013518,20,"September 27, 2026","1,210","23,600",South 1,Thiruvananthapuram,"1,224",-1,Need to Check
2013518,20,"September 28, 2026","1,210","23,600",South 1,Thiruvananthapuram,"1,224",-1,Need to Check
2013518,20,"September 29, 2026","1,210","23,600",South 1,Thiruvananthapuram,"1,224",-1,Need to Check
2013518,21,"September 27, 2026","1,279","23,600",South 1,Thiruvananthapuram,"1,289",-1,Need to Check
2013518,21,"September 28, 2026","1,279","23,600",South 1,Thiruvananthapuram,"1,289",-1,Need to Check
2013518,21,"September 29, 2026","1,279","23,600",South 1,Thiruvananthapuram,"1,289",-1,Need to Check
2013518,22,"September 27, 2026","1,279","23,600",South 1,Thiruvananthapuram,"1,289",-1,Need to Check
2013518,22,"September 28, 2026","1,279","23,600",South 1,Thiruvananthapuram,"1,289",-1,Need to Check
2013518,22,"September 29, 2026","1,279","23,600",South 1,Thiruvananthapuram,"1,289",-1,Need to Check
2013518,39,"September 27, 2026","1,279","23,600",South 1,Thiruvananthapuram,"1,289",-1,Need to Check
2013518,39,"September 28, 2026","1,279","23,600",South 1,Thiruvananthapuram,"1,289",-1,Need to Check
2013518,39,"September 29, 2026","1,279","23,600",South 1,Thiruvananthapuram,"1,289",-1,Need to Check
2013518,50,"September 27, 2026","1,141","23,600",South 1,Thiruvananthapuram,"1,159",-1,Need to Check
2013518,50,"September 28, 2026","1,141","23,600",South 1,Thiruvananthapuram,"1,159",-1,Need to Check
2013518,50,"September 29, 2026","1,141","23,600",South 1,Thiruvananthapuram,"1,159",-1,Need to Check
2013518,83,"September 27, 2026","1,279","23,600",South 1,Thiruvananthapuram,"1,289",-1,Need to Check
2013518,83,"September 28, 2026","1,279","23,600",South 1,Thiruvananthapuram,"1,289",-1,Need to Check
2013518,83,"September 29, 2026","1,279","23,600",South 1,Thiruvananthapuram,"1,289",-1,Need to Check
2014917,17,"September 16, 2026","1,717","20,000",South 1,Bangalore,"1,753",-1,Need to Check
2014917,18,"September 16, 2026","1,717","20,000",South 1,Bangalore,"1,753",-1,Need to Check
2018835,17,"September 16, 2026","2,314","23,600",South 1,Bangalore,"2,335",-1,Need to Check
2018835,18,"September 16, 2026","2,314","23,600",South 1,Bangalore,"2,335",-1,Need to Check
2018835,19,"September 16, 2026","2,521","23,600",South 1,Bangalore,"2,542",-1,Need to Check
2018835,20,"September 16, 2026","2,521","23,600",South 1,Bangalore,"2,542",-1,Need to Check
2018835,27,"September 16, 2026","3,556","23,600",South 1,Bangalore,"3,604",-1,Need to Check
2018835,28,"September 16, 2026","3,556","23,600",South 1,Bangalore,"3,604",-1,Need to Check
2018835,32,"September 16, 2026","3,487","23,600",South 1,Bangalore,"3,535",-1,Need to Check
2018835,33,"September 16, 2026","3,487","23,600",South 1,Bangalore,"3,535",-1,Need to Check
2018835,35,"September 16, 2026","3,970","23,600",South 1,Bangalore,"4,018",-1,Need to Check
2018835,36,"September 16, 2026","3,970","23,600",South 1,Bangalore,"4,018",-1,Need to Check
2027305,17,"September 15, 2026","1,530","23,600",South 1,Mangalore,"1,557",-1,Need to Check
2027305,17,"September 26, 2026","1,859","23,600",South 1,Mangalore,"1,877",-1,Need to Check
2027305,18,"September 15, 2026","1,530","23,600",South 1,Mangalore,"1,557",-1,Need to Check
2027305,18,"September 26, 2026","1,859","23,600",South 1,Mangalore,"1,877",-1,Need to Check
2027305,19,"September 15, 2026","1,668","23,600",South 1,Mangalore,"1,695",-1,Need to Check
2027305,20,"September 15, 2026","1,668","23,600",South 1,Mangalore,"1,695",-1,Need to Check
2027305,21,"September 15, 2026","1,737","23,600",South 1,Mangalore,"1,764",-1,Need to Check
2027305,22,"September 15, 2026","1,737","23,600",South 1,Mangalore,"1,764",-1,Need to Check
2027305,23,"September 15, 2026","1,875","23,600",South 1,Mangalore,"1,902",-1,Need to Check
2027305,24,"September 15, 2026","1,875","23,600",South 1,Mangalore,"1,902",-1,Need to Check
2027305,25,"September 15, 2026","2,013","23,600",South 1,Mangalore,"2,040",-1,Need to Check
2027305,25,"September 16, 2026","2,086","23,600",South 1,Mangalore,"2,125",-1,Need to Check
2027305,26,"September 15, 2026","2,013","23,600",South 1,Mangalore,"2,040",-1,Need to Check
2027305,26,"September 16, 2026","2,086","23,600",South 1,Mangalore,"2,125",-1,Need to Check
2027305,27,"September 15, 2026","2,220","23,600",South 1,Mangalore,"2,247",-1,Need to Check
2027305,27,"September 16, 2026","2,293","23,600",South 1,Mangalore,"2,320",-1,Need to Check
2027305,28,"September 15, 2026","2,220","23,600",South 1,Mangalore,"2,247",-1,Need to Check
2027305,28,"September 16, 2026","2,293","23,600",South 1,Mangalore,"2,320",-1,Need to Check
2027305,29,"September 15, 2026","2,013","23,600",South 1,Mangalore,"2,040",-1,Need to Check
2027305,29,"September 16, 2026","2,086","23,600",South 1,Mangalore,"2,125",-1,Need to Check
2027305,30,"September 15, 2026","2,013","23,600",South 1,Mangalore,"2,040",-1,Need to Check
2027305,30,"September 16, 2026","2,086","23,600",South 1,Mangalore,"2,125",-1,Need to Check
2027305,31,"September 15, 2026","2,013","23,600",South 1,Mangalore,"2,040",-1,Need to Check
2027305,31,"September 16, 2026","2,086","23,600",South 1,Mangalore,"2,125",-1,Need to Check
2027305,32,"September 15, 2026","2,151","23,600",South 1,Mangalore,"2,178",-1,Need to Check
2027305,32,"September 16, 2026","2,224","23,600",South 1,Mangalore,"2,255",-1,Need to Check
2027305,33,"September 15, 2026","2,151","23,600",South 1,Mangalore,"2,178",-1,Need to Check
2027305,33,"September 16, 2026","2,224","23,600",South 1,Mangalore,"2,255",-1,Need to Check
2027305,34,"September 15, 2026","2,151","23,600",South 1,Mangalore,"2,178",-1,Need to Check
2027305,34,"September 16, 2026","2,224","23,600",South 1,Mangalore,"2,255",-1,Need to Check
2027305,35,"September 15, 2026","2,496","23,600",South 1,Mangalore,"2,523",-1,Need to Check
2027305,36,"September 15, 2026","2,496","23,600",South 1,Mangalore,"2,523",-1,Need to Check
2027305,37,"September 15, 2026","2,496","23,600",South 1,Mangalore,"2,523",-1,Need to Check
2027305,39,"September 15, 2026","1,737","23,600",South 1,Mangalore,"1,764",-1,Need to Check
2027305,40,"September 15, 2026","1,875","23,600",South 1,Mangalore,"1,902",-1,Need to Check
2027305,41,"September 15, 2026","2,220","23,600",South 1,Mangalore,"2,247",-1,Need to Check
2027305,41,"September 16, 2026","2,293","23,600",South 1,Mangalore,"2,320",-1,Need to Check
2027305,42,"September 15, 2026","2,841","23,600",South 1,Mangalore,"2,868",-1,Need to Check
2027305,42,"September 25, 2026","3,068","23,600",South 1,Mangalore,"3,112",-1,Need to Check
2027305,43,"September 15, 2026","2,841","23,600",South 1,Mangalore,"2,868",-1,Need to Check
2027305,43,"September 25, 2026","3,068","23,600",South 1,Mangalore,"3,112",-1,Need to Check
2027305,45,"September 15, 2026","2,565","23,600",South 1,Mangalore,"2,592",-1,Need to Check
2027305,45,"September 25, 2026","2,792","23,600",South 1,Mangalore,"2,852",-1,Need to Check
2027305,46,"September 15, 2026","2,565","23,600",South 1,Mangalore,"2,592",-1,Need to Check
2027305,46,"September 25, 2026","2,792","23,600",South 1,Mangalore,"2,852",-1,Need to Check
2027305,50,"September 15, 2026","1,530","23,600",South 1,Mangalore,"1,557",-1,Need to Check
2027305,50,"September 26, 2026","1,859","23,600",South 1,Mangalore,"1,877",-1,Need to Check
2027305,51,"September 15, 2026","1,668","23,600",South 1,Mangalore,"1,695",-1,Need to Check
2027305,57,"September 15, 2026","2,013","23,600",South 1,Mangalore,"2,040",-1,Need to Check
2027305,57,"September 16, 2026","2,086","23,600",South 1,Mangalore,"2,125",-1,Need to Check
2027305,58,"September 15, 2026","2,151","23,600",South 1,Mangalore,"2,178",-1,Need to Check
2027305,58,"September 16, 2026","2,224","23,600",South 1,Mangalore,"2,255",-1,Need to Check
2027305,83,"September 15, 2026","1,737","23,600",South 1,Mangalore,"1,764",-1,Need to Check
2027305,84,"September 15, 2026","1,875","23,600",South 1,Mangalore,"1,902",-1,Need to Check
2027305,87,"September 15, 2026","1,530","23,600",South 1,Mangalore,"1,557",-1,Need to Check
2027305,87,"September 26, 2026","1,859","23,600",South 1,Mangalore,"1,877",-1,Need to Check
2027305,89,"September 15, 2026","2,013","23,600",South 1,Mangalore,"2,040",-1,Need to Check
2027305,89,"September 16, 2026","2,086","23,600",South 1,Mangalore,"2,125",-1,Need to Check
2027305,97,"September 15, 2026","1,737","23,600",South 1,Mangalore,"1,764",-1,Need to Check
2031448,25,"September 16, 2026","1,661","23,600",North 1,Udaipur,"1,685",-1,Need to Check
2031448,26,"September 16, 2026","1,661","23,600",North 1,Udaipur,"1,685",-1,Need to Check
2031448,55,"September 16, 2026","1,661","23,600",North 1,Udaipur,"1,685",-1,Need to Check
2034103,29,"September 16, 2026","1,898","23,600",North 2,Chandigarh,"1,936",-1,Need to Check
2034103,30,"September 16, 2026","1,898","23,600",North 2,Chandigarh,"1,936",-1,Need to Check
2034103,31,"September 16, 2026","1,898","23,600",North 2,Chandigarh,"1,936",-1,Need to Check
2034103,32,"September 16, 2026","1,967","23,600",North 2,Chandigarh,"2,005",-1,Need to Check
2034103,33,"September 16, 2026","1,967","23,600",North 2,Chandigarh,"2,005",-1,Need to Check
2034103,34,"September 16, 2026","1,967","23,600",North 2,Chandigarh,"2,005",-1,Need to Check
2034103,35,"September 16, 2026","2,312","23,600",North 2,Chandigarh,"2,350",-1,Need to Check
2034103,36,"September 16, 2026","2,312","23,600",North 2,Chandigarh,"2,350",-1,Need to Check
2034103,37,"September 16, 2026","2,312","23,600",North 2,Chandigarh,"2,350",-1,Need to Check
2034103,42,"September 16, 2026","2,657","23,600",North 2,Chandigarh,"2,699",-1,Need to Check
2034103,43,"September 16, 2026","2,657","23,600",North 2,Chandigarh,"2,699",-1,Need to Check
2034103,57,"September 16, 2026","1,898","23,600",North 2,Chandigarh,"1,936",-1,Need to Check
2034103,58,"September 16, 2026","1,967","23,600",North 2,Chandigarh,"2,005",-1,Need to Check
2034103,89,"September 16, 2026","1,898","23,600",North 2,Chandigarh,"1,936",-1,Need to Check
2051409,15,"September 15, 2026","1,681","23,600",West,Nashik,"1,717",-1,Need to Check
2051409,16,"September 15, 2026","1,681","23,600",West,Nashik,"1,717",-1,Need to Check
2051409,21,"September 15, 2026","2,026","23,600",West,Nashik,"2,062",-1,Need to Check
2051409,22,"September 15, 2026","2,026","23,600",West,Nashik,"2,062",-1,Need to Check
2051409,23,"September 15, 2026","2,164","23,600",West,Nashik,"2,200",-1,Need to Check
2051409,24,"September 15, 2026","2,164","23,600",West,Nashik,"2,200",-1,Need to Check
2051409,27,"September 15, 2026","2,509","23,600",West,Nashik,"2,545",-1,Need to Check
2051409,28,"September 15, 2026","2,509","23,600",West,Nashik,"2,545",-1,Need to Check
2051409,39,"September 15, 2026","2,026","23,600",West,Nashik,"2,062",-1,Need to Check
2051409,40,"September 15, 2026","2,164","23,600",West,Nashik,"2,200",-1,Need to Check
2051409,83,"September 15, 2026","2,026","23,600",West,Nashik,"2,062",-1,Need to Check
2055589,17,"September 15, 2026","1,677","23,600",West,Nagpur,"1,709",-1,Need to Check
2055589,18,"September 15, 2026","1,677","23,600",West,Nagpur,"1,709",-1,Need to Check
2055589,19,"September 15, 2026","1,815","23,600",West,Nagpur,"1,839",-1,Need to Check
2055589,20,"September 15, 2026","1,815","23,600",West,Nagpur,"1,839",-1,Need to Check
2055589,21,"September 15, 2026","1,953","23,600",West,Nagpur,"1,969",-1,Need to Check
2055589,22,"September 15, 2026","1,953","23,600",West,Nagpur,"1,969",-1,Need to Check
2055589,27,"September 16, 2026","2,383","23,600",West,Nagpur,"2,424",-1,Need to Check
2055589,28,"September 16, 2026","2,383","23,600",West,Nagpur,"2,424",-1,Need to Check
2055589,39,"September 15, 2026","1,953","23,600",West,Nagpur,"1,969",-1,Need to Check
2055589,50,"September 15, 2026","1,677","23,600",West,Nagpur,"1,709",-1,Need to Check
2055589,51,"September 15, 2026","1,815","23,600",West,Nagpur,"1,839",-1,Need to Check
2055589,83,"September 15, 2026","1,953","23,600",West,Nagpur,"1,969",-1,Need to Check
2055589,87,"September 15, 2026","1,677","23,600",West,Nagpur,"1,709",-1,Need to Check
2057538,19,"September 20, 2026","2,465","23,600",North 2,Prayagraj,"2,491",-1,Need to Check
2057538,20,"September 20, 2026","2,465","23,600",North 2,Prayagraj,"2,491",-1,Need to Check
2057538,23,"September 20, 2026","2,637","23,600",North 2,Prayagraj,"2,663",-1,Need to Check
2057538,24,"September 20, 2026","2,637","23,600",North 2,Prayagraj,"2,663",-1,Need to Check
2057538,27,"September 20, 2026","3,051","23,600",North 2,Prayagraj,"3,077",-1,Need to Check
2057538,28,"September 20, 2026","3,051","23,600",North 2,Prayagraj,"3,077",-1,Need to Check
2057538,40,"September 20, 2026","2,637","23,600",North 2,Prayagraj,"2,663",-1,Need to Check
2058082,19,"September 16, 2026","1,803","23,600",North 1,Gurgaon,"1,837",-1,Need to Check
2058082,20,"September 16, 2026","1,803","23,600",North 1,Gurgaon,"1,837",-1,Need to Check
2058082,23,"September 16, 2026","1,941","23,600",North 1,Gurgaon,"1,967",-1,Need to Check
2058082,24,"September 16, 2026","1,941","23,600",North 1,Gurgaon,"1,967",-1,Need to Check
2058082,40,"September 16, 2026","1,941","23,600",North 1,Gurgaon,"1,967",-1,Need to Check
2071352,15,"September 16, 2026","1,440","23,600",North 2,Dharamshala,"1,470",-1,Need to Check
2071352,16,"September 16, 2026","1,440","23,600",North 2,Dharamshala,"1,470",-1,Need to Check
2071352,17,"September 16, 2026","1,647","23,600",North 2,Dharamshala,"1,677",-1,Need to Check
2071352,18,"September 16, 2026","1,647","23,600",North 2,Dharamshala,"1,677",-1,Need to Check
2071352,19,"September 16, 2026","1,647","23,600",North 2,Dharamshala,"1,677",-1,Need to Check
2071352,20,"September 16, 2026","1,647","23,600",North 2,Dharamshala,"1,677",-1,Need to Check
2071352,21,"September 16, 2026","1,854","23,600",North 2,Dharamshala,"1,884",-1,Need to Check
2071352,22,"September 16, 2026","1,854","23,600",North 2,Dharamshala,"1,884",-1,Need to Check
2071352,23,"September 16, 2026","1,854","23,600",North 2,Dharamshala,"1,884",-1,Need to Check
2071352,24,"September 16, 2026","1,854","23,600",North 2,Dharamshala,"1,884",-1,Need to Check
2071352,25,"September 16, 2026","2,130","23,600",North 2,Dharamshala,"2,160",-1,Need to Check
2071352,26,"September 16, 2026","2,130","23,600",North 2,Dharamshala,"2,160",-1,Need to Check
2071352,27,"September 16, 2026","2,406","23,600",North 2,Dharamshala,"2,436",-1,Need to Check
2071352,28,"September 16, 2026","2,406","23,600",North 2,Dharamshala,"2,436",-1,Need to Check
2071352,38,"September 16, 2026","1,440","23,600",North 2,Dharamshala,"1,470",-1,Need to Check
2071352,39,"September 16, 2026","1,854","23,600",North 2,Dharamshala,"1,884",-1,Need to Check
2071352,40,"September 16, 2026","1,854","23,600",North 2,Dharamshala,"1,884",-1,Need to Check
2071352,50,"September 16, 2026","1,647","23,600",North 2,Dharamshala,"1,677",-1,Need to Check
2071352,51,"September 16, 2026","1,647","23,600",North 2,Dharamshala,"1,677",-1,Need to Check
2071352,52,"September 16, 2026","1,440","23,600",North 2,Dharamshala,"1,470",-1,Need to Check
2071352,76,"September 16, 2026","1,440","23,600",North 2,Dharamshala,"1,470",-1,Need to Check
2071352,83,"September 16, 2026","1,854","23,600",North 2,Dharamshala,"1,884",-1,Need to Check
2071352,87,"September 16, 2026","1,647","23,600",North 2,Dharamshala,"1,677",-1,Need to Check
2098048,17,"September 16, 2026",839,"23,600",North 2,Rishikesh,853,-1,Need to Check
2098048,18,"September 16, 2026",839,"23,600",North 2,Rishikesh,853,-1,Need to Check
2098048,19,"September 16, 2026",839,"23,600",North 2,Rishikesh,853,-1,Need to Check
2098048,20,"September 16, 2026",839,"23,600",North 2,Rishikesh,853,-1,Need to Check
2098048,21,"September 16, 2026",977,"23,600",North 2,Rishikesh,991,-1,Need to Check
2098048,22,"September 16, 2026",977,"23,600",North 2,Rishikesh,991,-1,Need to Check
2098048,23,"September 16, 2026",977,"23,600",North 2,Rishikesh,991,-1,Need to Check
2098048,24,"September 16, 2026",977,"23,600",North 2,Rishikesh,991,-1,Need to Check
2098048,29,"September 16, 2026","1,184","23,600",North 2,Rishikesh,"1,198",-1,Need to Check
2098048,30,"September 16, 2026","1,184","23,600",North 2,Rishikesh,"1,198",-1,Need to Check
2098048,31,"September 16, 2026","1,184","23,600",North 2,Rishikesh,"1,198",-1,Need to Check
2098048,32,"September 16, 2026","1,184","23,600",North 2,Rishikesh,"1,198",-1,Need to Check
2098048,33,"September 16, 2026","1,184","23,600",North 2,Rishikesh,"1,198",-1,Need to Check
2098048,34,"September 16, 2026","1,184","23,600",North 2,Rishikesh,"1,198",-1,Need to Check
2098048,35,"September 16, 2026","1,529","23,600",North 2,Rishikesh,"1,543",-1,Need to Check
2098048,36,"September 16, 2026","1,529","23,600",North 2,Rishikesh,"1,543",-1,Need to Check
2098048,39,"September 16, 2026",977,"23,600",North 2,Rishikesh,991,-1,Need to Check
2098048,50,"September 16, 2026",839,"23,600",North 2,Rishikesh,853,-1,Need to Check
2098048,57,"September 16, 2026","1,184","23,600",North 2,Rishikesh,"1,198",-1,Need to Check
3009824,21,"September 16, 2026","1,087","23,600",North 2,Rishikesh,"1,108",-1,Need to Check
3009824,22,"September 16, 2026","1,087","23,600",North 2,Rishikesh,"1,108",-1,Need to Check
3009824,23,"September 16, 2026","1,087","23,600",North 2,Rishikesh,"1,108",-1,Need to Check
3009824,24,"September 16, 2026","1,087","23,600",North 2,Rishikesh,"1,108",-1,Need to Check
3009824,27,"September 16, 2026","1,432","23,600",North 2,Rishikesh,"1,453",-1,Need to Check
3009824,28,"September 16, 2026","1,432","23,600",North 2,Rishikesh,"1,453",-1,Need to Check
3009824,39,"September 16, 2026","1,087","23,600",North 2,Rishikesh,"1,108",-1,Need to Check
3009824,40,"September 16, 2026","1,087","23,600",North 2,Rishikesh,"1,108",-1,Need to Check
3009824,83,"September 16, 2026","1,087","23,600",North 2,Rishikesh,"1,108",-1,Need to Check
6474322,17,"September 25, 2026","1,600","23,600",South 1,Kannur,"1,632",-1,Need to Check
6474322,17,"September 26, 2026","1,600","23,600",South 1,Kannur,"1,632",-1,Need to Check
6474322,18,"September 25, 2026","1,600","23,600",South 1,Kannur,"1,632",-1,Need to Check
6474322,18,"September 26, 2026","1,600","23,600",South 1,Kannur,"1,632",-1,Need to Check
6474322,19,"September 25, 2026","1,738","23,600",South 1,Kannur,"1,770",-1,Need to Check
6474322,19,"September 26, 2026","1,738","23,600",South 1,Kannur,"1,770",-1,Need to Check
6474322,20,"September 25, 2026","1,738","23,600",South 1,Kannur,"1,770",-1,Need to Check
6474322,20,"September 26, 2026","1,738","23,600",South 1,Kannur,"1,770",-1,Need to Check
6474322,21,"September 25, 2026","1,945","23,600",South 1,Kannur,"1,977",-1,Need to Check
6474322,21,"September 26, 2026","1,945","23,600",South 1,Kannur,"1,977",-1,Need to Check
6474322,22,"September 25, 2026","1,945","23,600",South 1,Kannur,"1,977",-1,Need to Check
6474322,22,"September 26, 2026","1,945","23,600",South 1,Kannur,"1,977",-1,Need to Check
6474322,23,"September 25, 2026","2,014","23,600",South 1,Kannur,"2,046",-1,Need to Check
6474322,23,"September 26, 2026","2,014","23,600",South 1,Kannur,"2,046",-1,Need to Check
6474322,24,"September 25, 2026","2,014","23,600",South 1,Kannur,"2,046",-1,Need to Check
6474322,24,"September 26, 2026","2,014","23,600",South 1,Kannur,"2,046",-1,Need to Check
6474322,27,"September 25, 2026","2,359","23,600",South 1,Kannur,"2,391",-1,Need to Check
6474322,27,"September 26, 2026","2,359","23,600",South 1,Kannur,"2,391",-1,Need to Check
6474322,28,"September 25, 2026","2,359","23,600",South 1,Kannur,"2,391",-1,Need to Check
6474322,28,"September 26, 2026","2,359","23,600",South 1,Kannur,"2,391",-1,Need to Check
6474322,39,"September 25, 2026","1,945","23,600",South 1,Kannur,"1,977",-1,Need to Check
6474322,39,"September 26, 2026","1,945","23,600",South 1,Kannur,"1,977",-1,Need to Check
6474322,40,"September 25, 2026","2,014","23,600",South 1,Kannur,"2,046",-1,Need to Check
6474322,40,"September 26, 2026","2,014","23,600",South 1,Kannur,"2,046",-1,Need to Check
6474322,50,"September 25, 2026","1,600","23,600",South 1,Kannur,"1,632",-1,Need to Check
6474322,50,"September 26, 2026","1,600","23,600",South 1,Kannur,"1,632",-1,Need to Check
6474322,83,"September 25, 2026","1,945","23,600",South 1,Kannur,"1,977",-1,Need to Check
6474322,83,"September 26, 2026","1,945","23,600",South 1,Kannur,"1,977",-1,Need to Check
9772256,21,"September 15, 2026","2,922","23,600",North 2,Jispa,"2,985",-1,Need to Check
9772256,22,"September 15, 2026","2,922","23,600",North 2,Jispa,"2,985",-1,Need to Check
9772256,23,"September 15, 2026","2,922","23,600",North 2,Jispa,"2,985",-1,Need to Check
9772256,24,"September 15, 2026","2,922","23,600",North 2,Jispa,"2,985",-1,Need to Check
9772256,25,"September 15, 2026","3,543","23,600",North 2,Jispa,"3,606",-1,Need to Check
9772256,26,"September 15, 2026","3,543","23,600",North 2,Jispa,"3,606",-1,Need to Check
9772256,27,"September 15, 2026","3,750","23,600",North 2,Jispa,"3,813",-1,Need to Check
9772256,28,"September 15, 2026","3,750","23,600",North 2,Jispa,"3,813",-1,Need to Check
9772256,29,"September 15, 2026","4,371","23,600",North 2,Jispa,"4,434",-1,Need to Check
9772256,30,"September 15, 2026","4,371","23,600",North 2,Jispa,"4,434",-1,Need to Check
9772256,31,"September 15, 2026","4,371","23,600",North 2,Jispa,"4,434",-1,Need to Check
9772256,32,"September 15, 2026","4,371","23,600",North 2,Jispa,"4,434",-1,Need to Check
9772256,33,"September 15, 2026","4,371","23,600",North 2,Jispa,"4,434",-1,Need to Check
9772256,34,"September 15, 2026","4,371","23,600",North 2,Jispa,"4,434",-1,Need to Check
9772256,35,"September 15, 2026","5,199","23,600",North 2,Jispa,"5,262",-1,Need to Check
9772256,36,"September 15, 2026","5,199","23,600",North 2,Jispa,"5,262",-1,Need to Check
9772256,37,"September 15, 2026","5,199","23,600",North 2,Jispa,"5,262",-1,Need to Check
9772256,39,"September 15, 2026","2,922","23,600",North 2,Jispa,"2,985",-1,Need to Check
9772256,40,"September 15, 2026","2,922","23,600",North 2,Jispa,"2,985",-1,Need to Check
9772256,42,"September 15, 2026","6,027","23,600",North 2,Jispa,"6,090",-1,Need to Check
9772256,43,"September 15, 2026","6,027","23,600",North 2,Jispa,"6,090",-1,Need to Check
9772256,57,"September 15, 2026","4,371","23,600",North 2,Jispa,"4,434",-1,Need to Check
9772256,58,"September 15, 2026","4,371","23,600",North 2,Jispa,"4,434",-1,Need to Check
9772256,83,"September 15, 2026","2,922","23,600",North 2,Jispa,"2,985",-1,Need to Check
9772256,89,"September 15, 2026","4,371","23,600",North 2,Jispa,"4,434",-1,Need to Check
0243252,29,"September 15, 2026","3,301","20,000",South 2,Chennai,"3,405",-2,Need to Check
0243252,29,"September 15, 2026","3,301","20,000",South 2,Chennai,"3,405",-2,Need to Check
0243252,30,"September 15, 2026","3,301","20,000",South 2,Chennai,"3,405",-2,Need to Check
0243252,30,"September 15, 2026","3,301","20,000",South 2,Chennai,"3,405",-2,Need to Check
0243252,32,"September 15, 2026","3,646","20,000",South 2,Chennai,"3,750",-2,Need to Check
0243252,32,"September 15, 2026","3,646","20,000",South 2,Chennai,"3,750",-2,Need to Check
0243252,33,"September 15, 2026","3,646","20,000",South 2,Chennai,"3,750",-2,Need to Check
0243252,33,"September 15, 2026","3,646","20,000",South 2,Chennai,"3,750",-2,Need to Check
0243252,40,"September 15, 2026","2,611","23,600",South 2,Chennai,"2,672",-2,Need to Check
0376508,32,"September 16, 2026","4,242","23,600",West,Mumbai,"4,383",-2,Need to Check
0376508,33,"September 16, 2026","4,242","23,600",West,Mumbai,"4,383",-2,Need to Check
0376508,34,"September 16, 2026","4,242","23,600",West,Mumbai,"4,383",-2,Need to Check
0551475,17,"September 15, 2026","1,787","23,600",West,Nagpur,"1,846",-2,Need to Check
0551475,18,"September 15, 2026","1,787","23,600",West,Nagpur,"1,846",-2,Need to Check
0551475,21,"September 15, 2026","2,029","23,600",West,Nagpur,"2,074",-2,Need to Check
0551475,22,"September 15, 2026","2,029","23,600",West,Nagpur,"2,074",-2,Need to Check
0551475,39,"September 15, 2026","2,029","23,600",West,Nagpur,"2,074",-2,Need to Check
0551475,50,"September 15, 2026","1,787","23,600",West,Nagpur,"1,846",-2,Need to Check
1107594,17,"September 27, 2026","1,575","23,600",South 1,Belgaum,"1,626",-2,Need to Check
1107594,17,"September 27, 2026","1,575","23,600",South 1,Belgaum,"1,626",-2,Need to Check
1107594,17,"September 28, 2026","1,575","23,600",South 1,Belgaum,"1,626",-2,Need to Check
1107594,17,"September 28, 2026","1,575","23,600",South 1,Belgaum,"1,626",-2,Need to Check
1107594,17,"September 29, 2026","1,575","23,600",South 1,Belgaum,"1,626",-2,Need to Check
1107594,17,"September 29, 2026","1,575","23,600",South 1,Belgaum,"1,626",-2,Need to Check
1107594,18,"September 27, 2026","1,575","23,600",South 1,Belgaum,"1,626",-2,Need to Check
1107594,18,"September 28, 2026","1,575","23,600",South 1,Belgaum,"1,626",-2,Need to Check
1107594,18,"September 29, 2026","1,575","23,600",South 1,Belgaum,"1,626",-2,Need to Check
1107594,19,"September 27, 2026","1,644","23,600",South 1,Belgaum,"1,691",-2,Need to Check
1107594,19,"September 27, 2026","1,644","23,600",South 1,Belgaum,"1,691",-2,Need to Check
1107594,19,"September 28, 2026","1,644","23,600",South 1,Belgaum,"1,691",-2,Need to Check
1107594,19,"September 28, 2026","1,644","23,600",South 1,Belgaum,"1,691",-2,Need to Check
1107594,19,"September 29, 2026","1,644","23,600",South 1,Belgaum,"1,691",-2,Need to Check
1107594,19,"September 29, 2026","1,644","23,600",South 1,Belgaum,"1,691",-2,Need to Check
1107594,20,"September 27, 2026","1,644","23,600",South 1,Belgaum,"1,691",-2,Need to Check
1107594,20,"September 28, 2026","1,644","23,600",South 1,Belgaum,"1,691",-2,Need to Check
1107594,20,"September 29, 2026","1,644","23,600",South 1,Belgaum,"1,691",-2,Need to Check
1107594,21,"September 25, 2026","1,851","23,600",South 1,Belgaum,"1,905",-2,Need to Check
1107594,21,"September 25, 2026","1,851","23,600",South 1,Belgaum,"1,905",-2,Need to Check
1107594,21,"September 26, 2026","1,851","23,600",South 1,Belgaum,"1,905",-2,Need to Check
1107594,21,"September 26, 2026","1,851","23,600",South 1,Belgaum,"1,905",-2,Need to Check
1107594,22,"September 25, 2026","1,851","23,600",South 1,Belgaum,"1,905",-2,Need to Check
1107594,22,"September 25, 2026","1,851","23,600",South 1,Belgaum,"1,905",-2,Need to Check
1107594,22,"September 26, 2026","1,851","23,600",South 1,Belgaum,"1,905",-2,Need to Check
1107594,22,"September 26, 2026","1,851","23,600",South 1,Belgaum,"1,905",-2,Need to Check
1107594,23,"September 25, 2026","1,920","23,600",South 1,Belgaum,"1,970",-2,Need to Check
1107594,23,"September 25, 2026","1,920","23,600",South 1,Belgaum,"1,970",-2,Need to Check
1107594,23,"September 26, 2026","1,920","23,600",South 1,Belgaum,"1,970",-2,Need to Check
1107594,23,"September 26, 2026","1,920","23,600",South 1,Belgaum,"1,970",-2,Need to Check
1107594,24,"September 25, 2026","1,920","23,600",South 1,Belgaum,"1,970",-2,Need to Check
1107594,24,"September 25, 2026","1,920","23,600",South 1,Belgaum,"1,970",-2,Need to Check
1107594,24,"September 26, 2026","1,920","23,600",South 1,Belgaum,"1,970",-2,Need to Check
1107594,24,"September 26, 2026","1,920","23,600",South 1,Belgaum,"1,970",-2,Need to Check
1107594,39,"September 25, 2026","1,851","23,600",South 1,Belgaum,"1,905",-2,Need to Check
1107594,39,"September 26, 2026","1,851","23,600",South 1,Belgaum,"1,905",-2,Need to Check
1107594,50,"September 27, 2026","1,575","23,600",South 1,Belgaum,"1,626",-2,Need to Check
1107594,50,"September 28, 2026","1,575","23,600",South 1,Belgaum,"1,626",-2,Need to Check
1107594,50,"September 29, 2026","1,575","23,600",South 1,Belgaum,"1,626",-2,Need to Check
1115459,23,"September 16, 2026","1,532","20,000",North 2,Nainital,"1,586",-2,Need to Check
1115459,24,"September 16, 2026","1,532","20,000",North 2,Nainital,"1,586",-2,Need to Check
1115459,40,"September 16, 2026","1,532","20,000",North 2,Nainital,"1,586",-2,Need to Check
1135897,21,"September 25, 2026","2,067","23,600",South 1,Thiruvananthapuram,"2,134",-2,Need to Check
1135897,21,"September 26, 2026","2,067","23,600",South 1,Thiruvananthapuram,"2,134",-2,Need to Check
1135897,22,"September 25, 2026","2,067","23,600",South 1,Thiruvananthapuram,"2,134",-2,Need to Check
1135897,22,"September 26, 2026","2,067","23,600",South 1,Thiruvananthapuram,"2,134",-2,Need to Check
1135897,23,"September 25, 2026","2,136","23,600",South 1,Thiruvananthapuram,"2,199",-2,Need to Check
1135897,23,"September 26, 2026","2,136","23,600",South 1,Thiruvananthapuram,"2,199",-2,Need to Check
1135897,24,"September 25, 2026","2,136","23,600",South 1,Thiruvananthapuram,"2,199",-2,Need to Check
1135897,24,"September 26, 2026","2,136","23,600",South 1,Thiruvananthapuram,"2,199",-2,Need to Check
1135897,39,"September 25, 2026","2,067","23,600",South 1,Thiruvananthapuram,"2,134",-2,Need to Check
1135897,39,"September 26, 2026","2,067","23,600",South 1,Thiruvananthapuram,"2,134",-2,Need to Check
1135897,40,"September 25, 2026","2,136","23,600",South 1,Thiruvananthapuram,"2,199",-2,Need to Check
1135897,40,"September 26, 2026","2,136","23,600",South 1,Thiruvananthapuram,"2,199",-2,Need to Check
1135897,83,"September 25, 2026","2,067","23,600",South 1,Thiruvananthapuram,"2,134",-2,Need to Check
1135897,83,"September 26, 2026","2,067","23,600",South 1,Thiruvananthapuram,"2,134",-2,Need to Check
1143227,27,"September 27, 2026","2,227","23,600",South 1,Munnar,"2,285",-2,Need to Check
1143227,27,"September 28, 2026","2,227","23,600",South 1,Munnar,"2,285",-2,Need to Check
1143227,28,"September 27, 2026","2,227","23,600",South 1,Munnar,"2,285",-2,Need to Check
1143227,28,"September 28, 2026","2,227","23,600",South 1,Munnar,"2,285",-2,Need to Check
1152305,27,"September 26, 2026","2,562","23,600",South 1,Kochi,"2,648",-2,Need to Check
1152305,28,"September 26, 2026","2,562","23,600",South 1,Kochi,"2,648",-2,Need to Check
1165811,17,"September 27, 2026","1,300","23,600",South 1,Kochi,"1,330",-2,Need to Check
1165811,17,"September 28, 2026","1,300","23,600",South 1,Kochi,"1,330",-2,Need to Check
1165811,18,"September 27, 2026","1,300","23,600",South 1,Kochi,"1,330",-2,Need to Check
1165811,18,"September 28, 2026","1,300","23,600",South 1,Kochi,"1,330",-2,Need to Check
1165811,19,"September 27, 2026","1,369","23,600",South 1,Kochi,"1,400",-2,Need to Check
1165811,19,"September 28, 2026","1,369","23,600",South 1,Kochi,"1,400",-2,Need to Check
1165811,20,"September 27, 2026","1,369","23,600",South 1,Kochi,"1,400",-2,Need to Check
1165811,20,"September 28, 2026","1,369","23,600",South 1,Kochi,"1,400",-2,Need to Check
1165811,50,"September 27, 2026","1,300","23,600",South 1,Kochi,"1,330",-2,Need to Check
1165811,50,"September 28, 2026","1,300","23,600",South 1,Kochi,"1,330",-2,Need to Check
1166076,23,"September 25, 2026","2,126","23,600",South 1,Kochi,"2,191",-2,Need to Check
1166076,23,"September 26, 2026","2,126","23,600",South 1,Kochi,"2,191",-2,Need to Check
1166076,24,"September 25, 2026","2,126","23,600",South 1,Kochi,"2,191",-2,Need to Check
1166076,24,"September 26, 2026","2,126","23,600",South 1,Kochi,"2,191",-2,Need to Check
1166076,29,"September 25, 2026","2,264","23,600",South 1,Kochi,"2,321",-2,Need to Check
1166076,29,"September 26, 2026","2,264","23,600",South 1,Kochi,"2,321",-2,Need to Check
1166076,30,"September 25, 2026","2,264","23,600",South 1,Kochi,"2,321",-2,Need to Check
1166076,30,"September 26, 2026","2,264","23,600",South 1,Kochi,"2,321",-2,Need to Check
1166076,31,"September 25, 2026","2,264","23,600",South 1,Kochi,"2,321",-2,Need to Check
1166076,31,"September 26, 2026","2,264","23,600",South 1,Kochi,"2,321",-2,Need to Check
1166076,40,"September 25, 2026","2,126","23,600",South 1,Kochi,"2,191",-2,Need to Check
1166076,40,"September 26, 2026","2,126","23,600",South 1,Kochi,"2,191",-2,Need to Check
1166076,57,"September 25, 2026","2,264","23,600",South 1,Kochi,"2,321",-2,Need to Check
1166076,57,"September 26, 2026","2,264","23,600",South 1,Kochi,"2,321",-2,Need to Check
1171648,19,"September 15, 2026","1,815","23,600",North 1,Faridabad,"1,869",-2,Need to Check
1171648,19,"September 16, 2026","1,815","23,600",North 1,Faridabad,"1,869",-2,Need to Check
1171648,21,"September 15, 2026","2,022","23,600",North 1,Faridabad,"2,076",-2,Need to Check
1171648,21,"September 16, 2026","2,022","23,600",North 1,Faridabad,"2,076",-2,Need to Check
1171648,22,"September 15, 2026","2,022","23,600",North 1,Faridabad,"2,076",-2,Need to Check
1171648,22,"September 16, 2026","2,022","23,600",North 1,Faridabad,"2,076",-2,Need to Check
1171648,23,"September 15, 2026","2,091","23,600",North 1,Faridabad,"2,145",-2,Need to Check
1171648,23,"September 16, 2026","2,091","23,600",North 1,Faridabad,"2,145",-2,Need to Check
1171648,24,"September 15, 2026","2,091","23,600",North 1,Faridabad,"2,145",-2,Need to Check
1171648,24,"September 16, 2026","2,091","23,600",North 1,Faridabad,"2,145",-2,Need to Check
1171648,39,"September 15, 2026","2,022","23,600",North 1,Faridabad,"2,076",-2,Need to Check
1171648,39,"September 16, 2026","2,022","23,600",North 1,Faridabad,"2,076",-2,Need to Check
1172490,29,"September 23, 2026","1,662","27,848",North 2,Manali,"1,716",-2,Need to Check
1172490,29,"September 24, 2026","1,662","27,848",North 2,Manali,"1,716",-2,Need to Check
1172490,29,"September 27, 2026","1,662","27,848",North 2,Manali,"1,716",-2,Need to Check
1172490,29,"September 28, 2026","1,662","27,848",North 2,Manali,"1,716",-2,Need to Check
1172490,29,"September 29, 2026","1,662","27,848",North 2,Manali,"1,716",-2,Need to Check
1172490,29,"September 30, 2026","1,662","27,848",North 2,Manali,"1,716",-2,Need to Check
1172490,30,"September 23, 2026","1,662","27,848",North 2,Manali,"1,716",-2,Need to Check
1172490,30,"September 24, 2026","1,662","27,848",North 2,Manali,"1,716",-2,Need to Check
1172490,30,"September 27, 2026","1,662","27,848",North 2,Manali,"1,716",-2,Need to Check
1172490,30,"September 28, 2026","1,662","27,848",North 2,Manali,"1,716",-2,Need to Check
1172490,30,"September 29, 2026","1,662","27,848",North 2,Manali,"1,716",-2,Need to Check
1172490,30,"September 30, 2026","1,662","27,848",North 2,Manali,"1,716",-2,Need to Check
1172490,31,"September 23, 2026","1,662","27,848",North 2,Manali,"1,716",-2,Need to Check
1172490,31,"September 24, 2026","1,662","27,848",North 2,Manali,"1,716",-2,Need to Check
1172490,31,"September 27, 2026","1,662","27,848",North 2,Manali,"1,716",-2,Need to Check
1172490,31,"September 28, 2026","1,662","27,848",North 2,Manali,"1,716",-2,Need to Check
1172490,31,"September 29, 2026","1,662","27,848",North 2,Manali,"1,716",-2,Need to Check
1172490,31,"September 30, 2026","1,662","27,848",North 2,Manali,"1,716",-2,Need to Check
1172490,32,"September 23, 2026","1,662","27,848",North 2,Manali,"1,716",-2,Need to Check
1172490,32,"September 24, 2026","1,662","27,848",North 2,Manali,"1,716",-2,Need to Check
1172490,32,"September 27, 2026","1,662","27,848",North 2,Manali,"1,716",-2,Need to Check
1172490,32,"September 28, 2026","1,662","27,848",North 2,Manali,"1,716",-2,Need to Check
1172490,32,"September 29, 2026","1,662","27,848",North 2,Manali,"1,716",-2,Need to Check
1172490,32,"September 30, 2026","1,662","27,848",North 2,Manali,"1,716",-2,Need to Check
1172490,33,"September 23, 2026","1,662","27,848",North 2,Manali,"1,716",-2,Need to Check
1172490,33,"September 24, 2026","1,662","27,848",North 2,Manali,"1,716",-2,Need to Check
1172490,33,"September 27, 2026","1,662","27,848",North 2,Manali,"1,716",-2,Need to Check
1172490,33,"September 28, 2026","1,662","27,848",North 2,Manali,"1,716",-2,Need to Check
1172490,33,"September 29, 2026","1,662","27,848",North 2,Manali,"1,716",-2,Need to Check
1172490,33,"September 30, 2026","1,662","27,848",North 2,Manali,"1,716",-2,Need to Check
1172490,34,"September 23, 2026","1,662","27,848",North 2,Manali,"1,716",-2,Need to Check
1172490,34,"September 24, 2026","1,662","27,848",North 2,Manali,"1,716",-2,Need to Check
1172490,34,"September 27, 2026","1,662","27,848",North 2,Manali,"1,716",-2,Need to Check
1172490,34,"September 28, 2026","1,662","27,848",North 2,Manali,"1,716",-2,Need to Check
1172490,34,"September 29, 2026","1,662","27,848",North 2,Manali,"1,716",-2,Need to Check
1172490,34,"September 30, 2026","1,662","27,848",North 2,Manali,"1,716",-2,Need to Check
1172490,57,"September 23, 2026","1,662","27,848",North 2,Manali,"1,716",-2,Need to Check
1172490,57,"September 24, 2026","1,662","27,848",North 2,Manali,"1,716",-2,Need to Check
1172490,57,"September 27, 2026","1,662","27,848",North 2,Manali,"1,716",-2,Need to Check
1172490,57,"September 28, 2026","1,662","27,848",North 2,Manali,"1,716",-2,Need to Check
1172490,57,"September 29, 2026","1,662","27,848",North 2,Manali,"1,716",-2,Need to Check
1172490,57,"September 30, 2026","1,662","27,848",North 2,Manali,"1,716",-2,Need to Check
1197734,21,"September 25, 2026","4,344","23,600",South 1,Alleppey,"4,490",-2,Need to Check
1197734,21,"September 26, 2026","4,375","23,600",South 1,Alleppey,"4,490",-2,Need to Check
1197734,22,"September 25, 2026","4,344","23,600",South 1,Alleppey,"4,490",-2,Need to Check
1197734,22,"September 26, 2026","4,375","23,600",South 1,Alleppey,"4,490",-2,Need to Check
1197734,23,"September 25, 2026","4,344","23,600",South 1,Alleppey,"4,490",-2,Need to Check
1197734,23,"September 26, 2026","4,375","23,600",South 1,Alleppey,"4,490",-2,Need to Check
1197734,24,"September 25, 2026","4,344","23,600",South 1,Alleppey,"4,490",-2,Need to Check
1197734,24,"September 26, 2026","4,375","23,600",South 1,Alleppey,"4,490",-2,Need to Check
1197734,27,"September 25, 2026","4,896","23,600",South 1,Alleppey,"5,050",-2,Need to Check
1197734,27,"September 26, 2026","4,927","23,600",South 1,Alleppey,"5,050",-2,Need to Check
1197734,28,"September 25, 2026","4,896","23,600",South 1,Alleppey,"5,050",-2,Need to Check
1197734,28,"September 26, 2026","4,927","23,600",South 1,Alleppey,"5,050",-2,Need to Check
1197734,29,"September 25, 2026","5,310","23,600",South 1,Alleppey,"5,470",-2,Need to Check
1197734,29,"September 26, 2026","5,341","23,600",South 1,Alleppey,"5,470",-2,Need to Check
1197734,30,"September 25, 2026","5,310","23,600",South 1,Alleppey,"5,470",-2,Need to Check
1197734,30,"September 26, 2026","5,341","23,600",South 1,Alleppey,"5,470",-2,Need to Check
1197734,31,"September 25, 2026","5,310","23,600",South 1,Alleppey,"5,470",-2,Need to Check
1197734,31,"September 26, 2026","5,341","23,600",South 1,Alleppey,"5,470",-2,Need to Check
1197734,32,"September 25, 2026","5,310","23,600",South 1,Alleppey,"5,470",-2,Need to Check
1197734,32,"September 26, 2026","5,341","23,600",South 1,Alleppey,"5,470",-2,Need to Check
1197734,33,"September 25, 2026","5,310","23,600",South 1,Alleppey,"5,470",-2,Need to Check
1197734,33,"September 26, 2026","5,341","23,600",South 1,Alleppey,"5,470",-2,Need to Check
1197734,34,"September 25, 2026","5,310","23,600",South 1,Alleppey,"5,470",-2,Need to Check
1197734,34,"September 26, 2026","5,341","23,600",South 1,Alleppey,"5,470",-2,Need to Check
1197734,35,"September 25, 2026","6,000","23,600",South 1,Alleppey,"6,170",-2,Need to Check
1197734,35,"September 26, 2026","6,031","23,600",South 1,Alleppey,"6,170",-2,Need to Check
1197734,35,"September 28, 2026","5,894","23,600",South 1,Alleppey,"6,096",-2,Need to Check
1197734,35,"September 29, 2026","5,894","23,600",South 1,Alleppey,"6,096",-2,Need to Check
1197734,36,"September 25, 2026","6,000","23,600",South 1,Alleppey,"6,170",-2,Need to Check
1197734,36,"September 26, 2026","6,031","23,600",South 1,Alleppey,"6,170",-2,Need to Check
1197734,36,"September 28, 2026","5,894","23,600",South 1,Alleppey,"6,096",-2,Need to Check
1197734,36,"September 29, 2026","5,894","23,600",South 1,Alleppey,"6,096",-2,Need to Check
1197734,37,"September 25, 2026","6,000","23,600",South 1,Alleppey,"6,170",-2,Need to Check
1197734,37,"September 26, 2026","6,031","23,600",South 1,Alleppey,"6,170",-2,Need to Check
1197734,37,"September 28, 2026","5,894","23,600",South 1,Alleppey,"6,096",-2,Need to Check
1197734,37,"September 29, 2026","5,894","23,600",South 1,Alleppey,"6,096",-2,Need to Check
1197734,39,"September 25, 2026","4,344","23,600",South 1,Alleppey,"4,490",-2,Need to Check
1197734,39,"September 26, 2026","4,375","23,600",South 1,Alleppey,"4,490",-2,Need to Check
1197734,40,"September 25, 2026","4,344","23,600",South 1,Alleppey,"4,490",-2,Need to Check
1197734,40,"September 26, 2026","4,375","23,600",South 1,Alleppey,"4,490",-2,Need to Check
1197734,57,"September 25, 2026","5,310","23,600",South 1,Alleppey,"5,470",-2,Need to Check
1197734,57,"September 26, 2026","5,341","23,600",South 1,Alleppey,"5,470",-2,Need to Check
1197734,58,"September 25, 2026","5,310","23,600",South 1,Alleppey,"5,470",-2,Need to Check
1197734,58,"September 26, 2026","5,341","23,600",South 1,Alleppey,"5,470",-2,Need to Check
1197734,83,"September 25, 2026","4,344","23,600",South 1,Alleppey,"4,490",-2,Need to Check
1197734,83,"September 26, 2026","4,375","23,600",South 1,Alleppey,"4,490",-2,Need to Check
1197734,89,"September 25, 2026","5,310","23,600",South 1,Alleppey,"5,470",-2,Need to Check
1197734,89,"September 26, 2026","5,341","23,600",South 1,Alleppey,"5,470",-2,Need to Check
1241638,25,"October 28, 2026","3,270","23,600",South 2,Chennai,"3,349",-2,Need to Check
1241638,26,"October 28, 2026","3,270","23,600",South 2,Chennai,"3,349",-2,Need to Check
1298362,17,"September 15, 2026","1,899","23,600",South 2,Visakhapatnam,"1,956",-2,Need to Check
1298362,18,"September 15, 2026","1,899","23,600",South 2,Visakhapatnam,"1,956",-2,Need to Check
1298362,19,"September 15, 2026","2,037","23,600",South 2,Visakhapatnam,"2,086",-2,Need to Check
1298362,20,"September 15, 2026","2,037","23,600",South 2,Visakhapatnam,"2,086",-2,Need to Check
1298362,50,"September 15, 2026","1,899","23,600",South 2,Visakhapatnam,"1,956",-2,Need to Check
1298362,51,"September 15, 2026","2,037","23,600",South 2,Visakhapatnam,"2,086",-2,Need to Check
1298362,87,"September 15, 2026","1,899","23,600",South 2,Visakhapatnam,"1,956",-2,Need to Check
1374088,17,"September 16, 2026","2,275","23,600",West,Mumbai,"2,340",-2,Need to Check
1374088,18,"September 16, 2026","2,275","23,600",West,Mumbai,"2,340",-2,Need to Check
1374088,50,"September 16, 2026","2,275","23,600",West,Mumbai,"2,340",-2,Need to Check
1374678,17,"September 15, 2026","1,982","27,848",West,Mumbai,"2,053",-2,Need to Check
1374678,18,"September 15, 2026","1,982","27,848",West,Mumbai,"2,053",-2,Need to Check
1374678,19,"September 15, 2026","2,120","27,848",West,Mumbai,"2,183",-2,Need to Check
1374678,20,"September 15, 2026","2,120","27,848",West,Mumbai,"2,183",-2,Need to Check
1374678,50,"September 15, 2026","1,982","27,848",West,Mumbai,"2,053",-2,Need to Check
1375831,42,"September 16, 2026","3,841","23,600",West,Mumbai,"3,972",-2,Need to Check
1375831,43,"September 16, 2026","3,841","23,600",West,Mumbai,"3,972",-2,Need to Check
1377622,17,"September 15, 2026","2,796","23,600",West,Mumbai,"2,881",-2,Need to Check
1377622,18,"September 15, 2026","2,796","23,600",West,Mumbai,"2,881",-2,Need to Check
1377622,19,"September 15, 2026","3,003","23,600",West,Mumbai,"3,076",-2,Need to Check
1377622,20,"September 15, 2026","3,003","23,600",West,Mumbai,"3,076",-2,Need to Check
1377622,21,"September 16, 2026","3,166","23,600",West,Mumbai,"3,271",-2,Need to Check
1377622,22,"September 16, 2026","3,166","23,600",West,Mumbai,"3,271",-2,Need to Check
1377622,23,"September 16, 2026","3,511","23,600",West,Mumbai,"3,596",-2,Need to Check
1377622,24,"September 16, 2026","3,511","23,600",West,Mumbai,"3,596",-2,Need to Check
1377622,39,"September 16, 2026","3,166","23,600",West,Mumbai,"3,271",-2,Need to Check
1377622,40,"September 16, 2026","3,511","23,600",West,Mumbai,"3,596",-2,Need to Check
1377622,50,"September 15, 2026","2,796","23,600",West,Mumbai,"2,881",-2,Need to Check
1377622,83,"September 16, 2026","3,166","23,600",West,Mumbai,"3,271",-2,Need to Check
1378391,23,"September 15, 2026","4,046","23,600",West,Mumbai,"4,182",-2,Need to Check
1378391,24,"September 15, 2026","4,046","23,600",West,Mumbai,"4,182",-2,Need to Check
1378391,40,"September 15, 2026","4,046","23,600",West,Mumbai,"4,182",-2,Need to Check
1385678,17,"September 16, 2026","1,187","20,000",West,Goa,"1,225",-2,Need to Check
1385678,18,"September 16, 2026","1,187","20,000",West,Goa,"1,225",-2,Need to Check
1385678,19,"September 16, 2026","1,256","20,000",West,Goa,"1,290",-2,Need to Check
1385678,20,"September 16, 2026","1,256","20,000",West,Goa,"1,290",-2,Need to Check
1385678,50,"September 16, 2026","1,187","20,000",West,Goa,"1,225",-2,Need to Check
1396947,15,"September 15, 2026","2,581","23,600",North 1,Ahmedabad,"2,650",-2,Need to Check
1396947,15,"September 16, 2026","2,581","23,600",North 1,Ahmedabad,"2,650",-2,Need to Check
1396947,16,"September 15, 2026","2,754","23,600",North 1,Ahmedabad,"2,823",-2,Need to Check
1396947,16,"September 16, 2026","2,754","23,600",North 1,Ahmedabad,"2,823",-2,Need to Check
1396947,17,"September 15, 2026","2,788","23,600",North 1,Ahmedabad,"2,857",-2,Need to Check
1396947,17,"September 16, 2026","2,788","23,600",North 1,Ahmedabad,"2,857",-2,Need to Check
1396947,18,"September 15, 2026","2,788","23,600",North 1,Ahmedabad,"2,857",-2,Need to Check
1396947,18,"September 16, 2026","2,788","23,600",North 1,Ahmedabad,"2,857",-2,Need to Check
1396947,19,"September 15, 2026","2,995","23,600",North 1,Ahmedabad,"3,064",-2,Need to Check
1396947,19,"September 16, 2026","2,995","23,600",North 1,Ahmedabad,"3,064",-2,Need to Check
1396947,20,"September 15, 2026","2,995","23,600",North 1,Ahmedabad,"3,064",-2,Need to Check
1396947,20,"September 16, 2026","2,995","23,600",North 1,Ahmedabad,"3,064",-2,Need to Check
1396947,21,"September 15, 2026","2,926","23,600",North 1,Ahmedabad,"2,995",-2,Need to Check
1396947,21,"September 16, 2026","2,926","23,600",North 1,Ahmedabad,"2,995",-2,Need to Check
1396947,22,"September 15, 2026","2,926","23,600",North 1,Ahmedabad,"2,995",-2,Need to Check
1396947,22,"September 16, 2026","2,926","23,600",North 1,Ahmedabad,"2,995",-2,Need to Check
1396947,23,"September 15, 2026","3,133","23,600",North 1,Ahmedabad,"3,202",-2,Need to Check
1396947,23,"September 16, 2026","3,133","23,600",North 1,Ahmedabad,"3,202",-2,Need to Check
1396947,24,"September 15, 2026","3,133","23,600",North 1,Ahmedabad,"3,202",-2,Need to Check
1396947,24,"September 16, 2026","3,133","23,600",North 1,Ahmedabad,"3,202",-2,Need to Check
1396947,29,"September 15, 2026","3,133","23,600",North 1,Ahmedabad,"3,202",-2,Need to Check
1396947,29,"September 16, 2026","3,133","23,600",North 1,Ahmedabad,"3,202",-2,Need to Check
1396947,30,"September 15, 2026","3,133","23,600",North 1,Ahmedabad,"3,202",-2,Need to Check
1396947,30,"September 16, 2026","3,133","23,600",North 1,Ahmedabad,"3,202",-2,Need to Check
1396947,31,"September 15, 2026","3,133","23,600",North 1,Ahmedabad,"3,202",-2,Need to Check
1396947,31,"September 16, 2026","3,133","23,600",North 1,Ahmedabad,"3,202",-2,Need to Check
1396947,38,"September 15, 2026","2,581","23,600",North 1,Ahmedabad,"2,650",-2,Need to Check
1396947,38,"September 16, 2026","2,581","23,600",North 1,Ahmedabad,"2,650",-2,Need to Check
1396947,39,"September 15, 2026","2,926","23,600",North 1,Ahmedabad,"2,995",-2,Need to Check
1396947,39,"September 16, 2026","2,926","23,600",North 1,Ahmedabad,"2,995",-2,Need to Check
1396947,40,"September 15, 2026","3,133","23,600",North 1,Ahmedabad,"3,202",-2,Need to Check
1396947,40,"September 16, 2026","3,133","23,600",North 1,Ahmedabad,"3,202",-2,Need to Check
1396947,50,"September 15, 2026","2,788","23,600",North 1,Ahmedabad,"2,857",-2,Need to Check
1396947,50,"September 16, 2026","2,788","23,600",North 1,Ahmedabad,"2,857",-2,Need to Check
1396947,51,"September 15, 2026","2,995","23,600",North 1,Ahmedabad,"3,064",-2,Need to Check
1396947,51,"September 16, 2026","2,995","23,600",North 1,Ahmedabad,"3,064",-2,Need to Check
1396947,52,"September 15, 2026","2,754","23,600",North 1,Ahmedabad,"2,823",-2,Need to Check
1396947,52,"September 16, 2026","2,754","23,600",North 1,Ahmedabad,"2,823",-2,Need to Check
1396947,57,"September 15, 2026","3,133","23,600",North 1,Ahmedabad,"3,202",-2,Need to Check
1396947,57,"September 16, 2026","3,133","23,600",North 1,Ahmedabad,"3,202",-2,Need to Check
1396947,76,"September 15, 2026","2,581","23,600",North 1,Ahmedabad,"2,650",-2,Need to Check
1396947,76,"September 16, 2026","2,581","23,600",North 1,Ahmedabad,"2,650",-2,Need to Check
1396947,83,"September 15, 2026","2,926","23,600",North 1,Ahmedabad,"2,995",-2,Need to Check
1396947,83,"September 16, 2026","2,926","23,600",North 1,Ahmedabad,"2,995",-2,Need to Check
1396947,87,"September 15, 2026","2,788","23,600",North 1,Ahmedabad,"2,857",-2,Need to Check
1396947,87,"September 16, 2026","2,788","23,600",North 1,Ahmedabad,"2,857",-2,Need to Check
1438071,21,"September 15, 2026","1,890","23,600",North 1,Noida,"1,941",-2,Need to Check
1438071,22,"September 15, 2026","1,890","23,600",North 1,Noida,"1,941",-2,Need to Check
1438071,39,"September 15, 2026","1,890","23,600",North 1,Noida,"1,941",-2,Need to Check
1442173,21,"September 27, 2026","2,001","23,600",South 1,Ooty,"2,064",-2,Need to Check
1442173,21,"September 27, 2026","2,001","23,600",South 1,Ooty,"2,064",-2,Need to Check
1442173,21,"September 29, 2026","2,001","23,600",South 1,Ooty,"2,064",-2,Need to Check
1442173,21,"September 29, 2026","2,001","23,600",South 1,Ooty,"2,064",-2,Need to Check
1442173,22,"September 27, 2026","2,001","23,600",South 1,Ooty,"2,064",-2,Need to Check
1442173,22,"September 27, 2026","2,001","23,600",South 1,Ooty,"2,064",-2,Need to Check
1442173,22,"September 29, 2026","2,001","23,600",South 1,Ooty,"2,064",-2,Need to Check
1442173,22,"September 29, 2026","2,001","23,600",South 1,Ooty,"2,064",-2,Need to Check
1442173,23,"September 27, 2026","2,001","23,600",South 1,Ooty,"2,064",-2,Need to Check
1442173,23,"September 27, 2026","2,001","23,600",South 1,Ooty,"2,064",-2,Need to Check
1442173,23,"September 29, 2026","2,001","23,600",South 1,Ooty,"2,064",-2,Need to Check
1442173,23,"September 29, 2026","2,001","23,600",South 1,Ooty,"2,064",-2,Need to Check
1442173,24,"September 27, 2026","2,001","23,600",South 1,Ooty,"2,064",-2,Need to Check
1442173,24,"September 27, 2026","2,001","23,600",South 1,Ooty,"2,064",-2,Need to Check
1442173,24,"September 29, 2026","2,001","23,600",South 1,Ooty,"2,064",-2,Need to Check
1442173,24,"September 29, 2026","2,001","23,600",South 1,Ooty,"2,064",-2,Need to Check
1442173,39,"September 27, 2026","2,001","23,600",South 1,Ooty,"2,064",-2,Need to Check
1442173,39,"September 29, 2026","2,001","23,600",South 1,Ooty,"2,064",-2,Need to Check
1442173,40,"September 27, 2026","2,001","23,600",South 1,Ooty,"2,064",-2,Need to Check
1442173,40,"September 29, 2026","2,001","23,600",South 1,Ooty,"2,064",-2,Need to Check
1442173,83,"September 27, 2026","2,001","23,600",South 1,Ooty,"2,064",-2,Need to Check
1442173,83,"September 29, 2026","2,001","23,600",South 1,Ooty,"2,064",-2,Need to Check
1446609,21,"September 25, 2026","1,835","23,600",South 1,Ooty,"1,886",-2,Need to Check
1446609,22,"September 25, 2026","1,835","23,600",South 1,Ooty,"1,886",-2,Need to Check
1446609,23,"September 25, 2026","1,835","23,600",South 1,Ooty,"1,886",-2,Need to Check
1446609,24,"September 25, 2026","1,835","23,600",South 1,Ooty,"1,886",-2,Need to Check
1446609,39,"September 25, 2026","1,835","23,600",South 1,Ooty,"1,886",-2,Need to Check
1446609,40,"September 25, 2026","1,835","23,600",South 1,Ooty,"1,886",-2,Need to Check
1446609,83,"September 25, 2026","1,835","23,600",South 1,Ooty,"1,886",-2,Need to Check
1462197,27,"September 28, 2026","2,661","23,600",South 1,Mysore,"2,737",-2,Need to Check
1462197,27,"September 29, 2026","2,661","23,600",South 1,Mysore,"2,737",-2,Need to Check
1462197,28,"September 28, 2026","2,661","23,600",South 1,Mysore,"2,737",-2,Need to Check
1462197,28,"September 29, 2026","2,661","23,600",South 1,Mysore,"2,737",-2,Need to Check
1462197,29,"September 28, 2026","2,178","23,600",South 1,Mysore,"2,254",-2,Need to Check
1462197,29,"September 29, 2026","2,178","23,600",South 1,Mysore,"2,254",-2,Need to Check
1462197,30,"September 28, 2026","2,178","23,600",South 1,Mysore,"2,254",-2,Need to Check
1462197,30,"September 29, 2026","2,178","23,600",South 1,Mysore,"2,254",-2,Need to Check
1462197,31,"September 28, 2026","2,178","23,600",South 1,Mysore,"2,254",-2,Need to Check
1462197,31,"September 29, 2026","2,178","23,600",South 1,Mysore,"2,254",-2,Need to Check
1462197,32,"September 28, 2026","2,351","23,600",South 1,Mysore,"2,427",-2,Need to Check
1462197,32,"September 29, 2026","2,351","23,600",South 1,Mysore,"2,427",-2,Need to Check
1462197,33,"September 28, 2026","2,351","23,600",South 1,Mysore,"2,427",-2,Need to Check
1462197,33,"September 29, 2026","2,351","23,600",South 1,Mysore,"2,427",-2,Need to Check
1462197,34,"September 28, 2026","2,351","23,600",South 1,Mysore,"2,427",-2,Need to Check
1462197,34,"September 29, 2026","2,351","23,600",South 1,Mysore,"2,427",-2,Need to Check
1462197,35,"September 28, 2026","3,144","23,600",South 1,Mysore,"3,220",-2,Need to Check
1462197,35,"September 29, 2026","3,144","23,600",South 1,Mysore,"3,220",-2,Need to Check
1462197,36,"September 28, 2026","3,144","23,600",South 1,Mysore,"3,220",-2,Need to Check
1462197,36,"September 29, 2026","3,144","23,600",South 1,Mysore,"3,220",-2,Need to Check
1462197,37,"September 28, 2026","3,144","23,600",South 1,Mysore,"3,220",-2,Need to Check
1462197,37,"September 29, 2026","3,144","23,600",South 1,Mysore,"3,220",-2,Need to Check
1462197,57,"September 28, 2026","2,178","23,600",South 1,Mysore,"2,254",-2,Need to Check
1462197,57,"September 29, 2026","2,178","23,600",South 1,Mysore,"2,254",-2,Need to Check
1462197,58,"September 28, 2026","2,351","23,600",South 1,Mysore,"2,427",-2,Need to Check
1462197,58,"September 29, 2026","2,351","23,600",South 1,Mysore,"2,427",-2,Need to Check
1462197,89,"September 28, 2026","2,178","23,600",South 1,Mysore,"2,254",-2,Need to Check
1462197,89,"September 29, 2026","2,178","23,600",South 1,Mysore,"2,254",-2,Need to Check
1464901,21,"September 21, 2026","1,989","23,600",South 1,Mysore,"2,057",-2,Need to Check
1464901,22,"September 21, 2026","1,989","23,600",South 1,Mysore,"2,057",-2,Need to Check
1464901,23,"September 21, 2026","2,127","23,600",South 1,Mysore,"2,197",-2,Need to Check
1464901,24,"September 21, 2026","2,127","23,600",South 1,Mysore,"2,197",-2,Need to Check
1464901,27,"September 21, 2026","2,645","23,600",South 1,Mysore,"2,722",-2,Need to Check
1464901,28,"September 21, 2026","2,645","23,600",South 1,Mysore,"2,722",-2,Need to Check
1464901,29,"September 21, 2026","3,093","23,600",South 1,Mysore,"3,177",-2,Need to Check
1464901,30,"September 21, 2026","3,093","23,600",South 1,Mysore,"3,177",-2,Need to Check
1464901,31,"September 21, 2026","3,093","23,600",South 1,Mysore,"3,177",-2,Need to Check
1464901,32,"September 21, 2026","3,266","23,600",South 1,Mysore,"3,352",-2,Need to Check
1464901,33,"September 21, 2026","3,266","23,600",South 1,Mysore,"3,352",-2,Need to Check
1464901,34,"September 21, 2026","3,266","23,600",South 1,Mysore,"3,352",-2,Need to Check
1464901,35,"September 21, 2026","3,783","23,600",South 1,Mysore,"3,877",-2,Need to Check
1464901,36,"September 21, 2026","3,783","23,600",South 1,Mysore,"3,877",-2,Need to Check
1464901,37,"September 21, 2026","3,783","23,600",South 1,Mysore,"3,877",-2,Need to Check
1464901,39,"September 21, 2026","1,989","23,600",South 1,Mysore,"2,057",-2,Need to Check
1464901,40,"September 21, 2026","2,127","23,600",South 1,Mysore,"2,197",-2,Need to Check
1464901,42,"September 21, 2026","4,301","23,600",South 1,Mysore,"4,402",-2,Need to Check
1464901,43,"September 21, 2026","4,301","23,600",South 1,Mysore,"4,402",-2,Need to Check
1464901,57,"September 21, 2026","3,093","23,600",South 1,Mysore,"3,177",-2,Need to Check
1464901,58,"September 21, 2026","3,266","23,600",South 1,Mysore,"3,352",-2,Need to Check
1464901,83,"September 21, 2026","1,989","23,600",South 1,Mysore,"2,057",-2,Need to Check
1464901,89,"September 21, 2026","3,093","23,600",South 1,Mysore,"3,177",-2,Need to Check
1472508,24179,"September 27, 2026","2,519","23,600",South 1,Coorg,"2,598",-2,Need to Check
1472508,24179,"September 28, 2026","2,519","23,600",South 1,Coorg,"2,598",-2,Need to Check
1472508,24179,"September 29, 2026","2,519","23,600",South 1,Coorg,"2,598",-2,Need to Check
1472508,24180,"September 27, 2026","2,519","23,600",South 1,Coorg,"2,598",-2,Need to Check
1472508,24180,"September 28, 2026","2,519","23,600",South 1,Coorg,"2,598",-2,Need to Check
1472508,24180,"September 29, 2026","2,519","23,600",South 1,Coorg,"2,598",-2,Need to Check
1472508,24181,"September 27, 2026","2,519","23,600",South 1,Coorg,"2,598",-2,Need to Check
1472508,24181,"September 28, 2026","2,519","23,600",South 1,Coorg,"2,598",-2,Need to Check
1472508,24181,"September 29, 2026","2,519","23,600",South 1,Coorg,"2,598",-2,Need to Check
1472508,24182,"September 27, 2026","2,519","23,600",South 1,Coorg,"2,598",-2,Need to Check
1472508,24182,"September 28, 2026","2,519","23,600",South 1,Coorg,"2,598",-2,Need to Check
1472508,24182,"September 29, 2026","2,519","23,600",South 1,Coorg,"2,598",-2,Need to Check
1472508,24183,"September 27, 2026","2,519","23,600",South 1,Coorg,"2,598",-2,Need to Check
1472508,24183,"September 28, 2026","2,519","23,600",South 1,Coorg,"2,598",-2,Need to Check
1472508,24183,"September 29, 2026","2,519","23,600",South 1,Coorg,"2,598",-2,Need to Check
1472508,24184,"September 27, 2026","2,519","23,600",South 1,Coorg,"2,598",-2,Need to Check
1472508,24184,"September 28, 2026","2,519","23,600",South 1,Coorg,"2,598",-2,Need to Check
1472508,24184,"September 29, 2026","2,519","23,600",South 1,Coorg,"2,598",-2,Need to Check
1472508,24185,"September 27, 2026","2,519","23,600",South 1,Coorg,"2,598",-2,Need to Check
1472508,24185,"September 28, 2026","2,519","23,600",South 1,Coorg,"2,598",-2,Need to Check
1472508,24185,"September 29, 2026","2,519","23,600",South 1,Coorg,"2,598",-2,Need to Check
1472508,27,"September 27, 2026","2,312","23,600",South 1,Coorg,"2,391",-2,Need to Check
1472508,27,"September 28, 2026","2,312","23,600",South 1,Coorg,"2,391",-2,Need to Check
1472508,27,"September 29, 2026","2,312","23,600",South 1,Coorg,"2,391",-2,Need to Check
1472508,28,"September 27, 2026","2,312","23,600",South 1,Coorg,"2,391",-2,Need to Check
1472508,28,"September 28, 2026","2,312","23,600",South 1,Coorg,"2,391",-2,Need to Check
1472508,28,"September 29, 2026","2,312","23,600",South 1,Coorg,"2,391",-2,Need to Check
1472508,29,"September 27, 2026","2,519","23,600",South 1,Coorg,"2,598",-2,Need to Check
1472508,29,"September 28, 2026","2,519","23,600",South 1,Coorg,"2,598",-2,Need to Check
1472508,29,"September 29, 2026","2,519","23,600",South 1,Coorg,"2,598",-2,Need to Check
1472508,30,"September 27, 2026","2,519","23,600",South 1,Coorg,"2,598",-2,Need to Check
1472508,30,"September 28, 2026","2,519","23,600",South 1,Coorg,"2,598",-2,Need to Check
1472508,30,"September 29, 2026","2,519","23,600",South 1,Coorg,"2,598",-2,Need to Check
1472508,31,"September 27, 2026","2,519","23,600",South 1,Coorg,"2,598",-2,Need to Check
1472508,31,"September 28, 2026","2,519","23,600",South 1,Coorg,"2,598",-2,Need to Check
1472508,31,"September 29, 2026","2,519","23,600",South 1,Coorg,"2,598",-2,Need to Check
1472508,32,"September 27, 2026","2,519","23,600",South 1,Coorg,"2,598",-2,Need to Check
1472508,32,"September 28, 2026","2,519","23,600",South 1,Coorg,"2,598",-2,Need to Check
1472508,32,"September 29, 2026","2,519","23,600",South 1,Coorg,"2,598",-2,Need to Check
1472508,33,"September 27, 2026","2,519","23,600",South 1,Coorg,"2,598",-2,Need to Check
1472508,33,"September 28, 2026","2,519","23,600",South 1,Coorg,"2,598",-2,Need to Check
1472508,33,"September 29, 2026","2,519","23,600",South 1,Coorg,"2,598",-2,Need to Check
1472508,34,"September 27, 2026","2,519","23,600",South 1,Coorg,"2,598",-2,Need to Check
1472508,34,"September 28, 2026","2,519","23,600",South 1,Coorg,"2,598",-2,Need to Check
1472508,34,"September 29, 2026","2,519","23,600",South 1,Coorg,"2,598",-2,Need to Check
1472508,41,"September 27, 2026","2,312","23,600",South 1,Coorg,"2,391",-2,Need to Check
1472508,41,"September 28, 2026","2,312","23,600",South 1,Coorg,"2,391",-2,Need to Check
1472508,41,"September 29, 2026","2,312","23,600",South 1,Coorg,"2,391",-2,Need to Check
1472508,57,"September 27, 2026","2,519","23,600",South 1,Coorg,"2,598",-2,Need to Check
1472508,57,"September 28, 2026","2,519","23,600",South 1,Coorg,"2,598",-2,Need to Check
1472508,57,"September 29, 2026","2,519","23,600",South 1,Coorg,"2,598",-2,Need to Check
1472508,58,"September 27, 2026","2,519","23,600",South 1,Coorg,"2,598",-2,Need to Check
1472508,58,"September 28, 2026","2,519","23,600",South 1,Coorg,"2,598",-2,Need to Check
1472508,58,"September 29, 2026","2,519","23,600",South 1,Coorg,"2,598",-2,Need to Check
1472508,62,"September 25, 2026","5,578","23,600",South 1,Coorg,"5,760",-2,Need to Check
1472508,62,"September 26, 2026","5,578","23,600",South 1,Coorg,"5,760",-2,Need to Check
1472508,63,"September 25, 2026","5,578","23,600",South 1,Coorg,"5,760",-2,Need to Check
1472508,63,"September 26, 2026","5,578","23,600",South 1,Coorg,"5,760",-2,Need to Check
1472508,67,"September 25, 2026","6,268","23,600",South 1,Coorg,"6,450",-2,Need to Check
1472508,67,"September 26, 2026","6,268","23,600",South 1,Coorg,"6,450",-2,Need to Check
1472508,68,"September 25, 2026","6,268","23,600",South 1,Coorg,"6,450",-2,Need to Check
1472508,68,"September 26, 2026","6,268","23,600",South 1,Coorg,"6,450",-2,Need to Check
1472508,69,"September 25, 2026","6,268","23,600",South 1,Coorg,"6,450",-2,Need to Check
1472508,69,"September 26, 2026","6,268","23,600",South 1,Coorg,"6,450",-2,Need to Check
1472508,70,"September 25, 2026","6,958","23,600",South 1,Coorg,"7,140",-2,Need to Check
1472508,70,"September 26, 2026","6,958","23,600",South 1,Coorg,"7,140",-2,Need to Check
1472508,70,"September 27, 2026","6,659","23,600",South 1,Coorg,"6,898",-2,Need to Check
1472508,70,"September 28, 2026","6,659","23,600",South 1,Coorg,"6,898",-2,Need to Check
1472508,70,"September 29, 2026","6,659","23,600",South 1,Coorg,"6,898",-2,Need to Check
1472508,71,"September 25, 2026","6,958","23,600",South 1,Coorg,"7,140",-2,Need to Check
1472508,71,"September 26, 2026","6,958","23,600",South 1,Coorg,"7,140",-2,Need to Check
1472508,71,"September 27, 2026","6,659","23,600",South 1,Coorg,"6,898",-2,Need to Check
1472508,71,"September 28, 2026","6,659","23,600",South 1,Coorg,"6,898",-2,Need to Check
1472508,71,"September 29, 2026","6,659","23,600",South 1,Coorg,"6,898",-2,Need to Check
1472508,89,"September 27, 2026","2,519","23,600",South 1,Coorg,"2,598",-2,Need to Check
1472508,89,"September 28, 2026","2,519","23,600",South 1,Coorg,"2,598",-2,Need to Check
1472508,89,"September 29, 2026","2,519","23,600",South 1,Coorg,"2,598",-2,Need to Check
1472508,90,"September 27, 2026","2,519","23,600",South 1,Coorg,"2,598",-2,Need to Check
1472508,90,"September 28, 2026","2,519","23,600",South 1,Coorg,"2,598",-2,Need to Check
1472508,90,"September 29, 2026","2,519","23,600",South 1,Coorg,"2,598",-2,Need to Check
1475870,25,"September 25, 2026","2,036","23,600",South 1,Coorg,"2,084",-2,Need to Check
1475870,25,"September 26, 2026","2,036","23,600",South 1,Coorg,"2,084",-2,Need to Check
1475870,26,"September 25, 2026","2,036","23,600",South 1,Coorg,"2,084",-2,Need to Check
1475870,26,"September 26, 2026","2,036","23,600",South 1,Coorg,"2,084",-2,Need to Check
1476116,21,"September 29, 2026","1,869","23,600",South 1,Coorg,"1,927",-2,Need to Check
1476116,22,"September 29, 2026","1,869","23,600",South 1,Coorg,"1,927",-2,Need to Check
1476116,23,"September 29, 2026","2,042","23,600",South 1,Coorg,"2,100",-2,Need to Check
1476116,24,"September 29, 2026","2,042","23,600",South 1,Coorg,"2,100",-2,Need to Check
1476116,39,"September 29, 2026","1,869","23,600",South 1,Coorg,"1,927",-2,Need to Check
1476116,40,"September 29, 2026","2,042","23,600",South 1,Coorg,"2,100",-2,Need to Check
1476116,83,"September 29, 2026","1,869","23,600",South 1,Coorg,"1,927",-2,Need to Check
1476116,84,"September 29, 2026","2,042","23,600",South 1,Coorg,"2,100",-2,Need to Check
1476116,97,"September 29, 2026","1,869","23,600",South 1,Coorg,"1,927",-2,Need to Check
1477779,27,"September 27, 2026","2,186","23,600",South 1,Coorg,"2,255",-2,Need to Check
1477779,27,"September 28, 2026","2,178","23,600",South 1,Coorg,"2,255",-2,Need to Check
1477779,27,"September 29, 2026","2,178","23,600",South 1,Coorg,"2,255",-2,Need to Check
1477779,28,"September 27, 2026","2,186","23,600",South 1,Coorg,"2,255",-2,Need to Check
1477779,28,"September 28, 2026","2,178","23,600",South 1,Coorg,"2,255",-2,Need to Check
1477779,28,"September 29, 2026","2,178","23,600",South 1,Coorg,"2,255",-2,Need to Check
1501649,17,"September 15, 2026","1,597","20,000",West,Pune,"1,633",-2,Need to Check
1501649,18,"September 15, 2026","1,597","20,000",West,Pune,"1,633",-2,Need to Check
1501649,27,"September 15, 2026","2,218","20,000",West,Pune,"2,288",-2,Need to Check
1501649,28,"September 15, 2026","2,218","20,000",West,Pune,"2,288",-2,Need to Check
1501649,50,"September 15, 2026","1,597","20,000",West,Pune,"1,633",-2,Need to Check
1512806,21,"September 15, 2026","1,818","23,600",West,Nashik,"1,872",-2,Need to Check
1512806,21,"September 16, 2026","1,818","23,600",West,Nashik,"1,872",-2,Need to Check
1512806,22,"September 15, 2026","1,818","23,600",West,Nashik,"1,872",-2,Need to Check
1512806,22,"September 16, 2026","1,818","23,600",West,Nashik,"1,872",-2,Need to Check
1512806,23,"September 15, 2026","1,887","23,600",West,Nashik,"1,941",-2,Need to Check
1512806,23,"September 16, 2026","1,887","23,600",West,Nashik,"1,941",-2,Need to Check
1512806,24,"September 15, 2026","1,887","23,600",West,Nashik,"1,941",-2,Need to Check
1512806,24,"September 16, 2026","1,887","23,600",West,Nashik,"1,941",-2,Need to Check
1512806,24178,"September 15, 2026","1,818","23,600",West,Nashik,"1,872",-2,Need to Check
1512806,24178,"September 16, 2026","1,818","23,600",West,Nashik,"1,872",-2,Need to Check
1512806,24179,"September 15, 2026","2,508","23,600",West,Nashik,"2,576",-2,Need to Check
1512806,24179,"September 16, 2026","2,508","23,600",West,Nashik,"2,581",-2,Need to Check
1512806,24180,"September 15, 2026","2,508","23,600",West,Nashik,"2,576",-2,Need to Check
1512806,24180,"September 16, 2026","2,508","23,600",West,Nashik,"2,581",-2,Need to Check
1512806,29,"September 15, 2026","2,508","23,600",West,Nashik,"2,576",-2,Need to Check
1512806,29,"September 16, 2026","2,508","23,600",West,Nashik,"2,581",-2,Need to Check
1512806,30,"September 15, 2026","2,508","23,600",West,Nashik,"2,576",-2,Need to Check
1512806,30,"September 16, 2026","2,508","23,600",West,Nashik,"2,581",-2,Need to Check
1512806,31,"September 15, 2026","2,508","23,600",West,Nashik,"2,576",-2,Need to Check
1512806,31,"September 16, 2026","2,508","23,600",West,Nashik,"2,581",-2,Need to Check
1512806,39,"September 15, 2026","1,818","23,600",West,Nashik,"1,872",-2,Need to Check
1512806,39,"September 16, 2026","1,818","23,600",West,Nashik,"1,872",-2,Need to Check
1512806,40,"September 15, 2026","1,887","23,600",West,Nashik,"1,941",-2,Need to Check
1512806,40,"September 16, 2026","1,887","23,600",West,Nashik,"1,941",-2,Need to Check
1512806,57,"September 15, 2026","2,508","23,600",West,Nashik,"2,576",-2,Need to Check
1512806,57,"September 16, 2026","2,508","23,600",West,Nashik,"2,581",-2,Need to Check
1512806,83,"September 15, 2026","1,818","23,600",West,Nashik,"1,872",-2,Need to Check
1512806,83,"September 16, 2026","1,818","23,600",West,Nashik,"1,872",-2,Need to Check
1512806,84,"September 15, 2026","1,887","23,600",West,Nashik,"1,941",-2,Need to Check
1512806,84,"September 16, 2026","1,887","23,600",West,Nashik,"1,941",-2,Need to Check
1512806,89,"September 15, 2026","2,508","23,600",West,Nashik,"2,576",-2,Need to Check
1512806,89,"September 16, 2026","2,508","23,600",West,Nashik,"2,581",-2,Need to Check
1512806,97,"September 15, 2026","1,818","23,600",West,Nashik,"1,872",-2,Need to Check
1512806,97,"September 16, 2026","1,818","23,600",West,Nashik,"1,872",-2,Need to Check
1512806,98,"September 15, 2026","1,887","23,600",West,Nashik,"1,941",-2,Need to Check
1512806,98,"September 16, 2026","1,887","23,600",West,Nashik,"1,941",-2,Need to Check
1516017,35,"September 15, 2026","2,829","23,600",West,Nashik,"2,922",-2,Need to Check
1516017,35,"September 16, 2026","2,829","23,600",West,Nashik,"2,922",-2,Need to Check
1516017,36,"September 15, 2026","2,829","23,600",West,Nashik,"2,922",-2,Need to Check
1516017,36,"September 16, 2026","2,829","23,600",West,Nashik,"2,922",-2,Need to Check
1552629,21,"September 15, 2026","2,269","23,600",West,Nagpur,"2,328",-2,Need to Check
1552629,22,"September 15, 2026","2,269","23,600",West,Nagpur,"2,328",-2,Need to Check
1552629,23,"September 15, 2026","2,476","23,600",West,Nagpur,"2,535",-2,Need to Check
1552629,24,"September 15, 2026","2,476","23,600",West,Nagpur,"2,535",-2,Need to Check
1552629,25,"September 15, 2026","2,062","23,600",West,Nagpur,"2,121",-2,Need to Check
1552629,26,"September 15, 2026","2,062","23,600",West,Nagpur,"2,121",-2,Need to Check
1552629,29,"September 15, 2026","2,614","23,600",West,Nagpur,"2,673",-2,Need to Check
1552629,30,"September 15, 2026","2,614","23,600",West,Nagpur,"2,673",-2,Need to Check
1552629,31,"September 15, 2026","2,614","23,600",West,Nagpur,"2,673",-2,Need to Check
1552629,39,"September 15, 2026","2,269","23,600",West,Nagpur,"2,328",-2,Need to Check
1552629,40,"September 15, 2026","2,476","23,600",West,Nagpur,"2,535",-2,Need to Check
1552629,57,"September 15, 2026","2,614","23,600",West,Nagpur,"2,673",-2,Need to Check
1552629,83,"September 15, 2026","2,269","23,600",West,Nagpur,"2,328",-2,Need to Check
1558691,21,"September 16, 2026","1,923","23,600",West,Nagpur,"1,968",-2,Need to Check
1558691,22,"September 16, 2026","1,923","23,600",West,Nagpur,"1,968",-2,Need to Check
1558691,39,"September 16, 2026","1,923","23,600",West,Nagpur,"1,968",-2,Need to Check
1558691,83,"September 16, 2026","1,923","23,600",West,Nagpur,"1,968",-2,Need to Check
1596716,21,"September 15, 2026","1,571","23,600",South 2,Hyderabad,"1,606",-2,Need to Check
1596716,21,"September 16, 2026","1,571","23,600",South 2,Hyderabad,"1,606",-2,Need to Check
1596716,21,"September 17, 2026","1,571","23,600",South 2,Hyderabad,"1,619",-2,Need to Check
1596716,21,"September 18, 2026","1,571","23,600",South 2,Hyderabad,"1,619",-2,Need to Check
1596716,21,"September 19, 2026","1,571","23,600",South 2,Hyderabad,"1,619",-2,Need to Check
1596716,21,"September 20, 2026","1,571","23,600",South 2,Hyderabad,"1,619",-2,Need to Check
1596716,21,"September 21, 2026","1,571","23,600",South 2,Hyderabad,"1,606",-2,Need to Check
1596716,21,"September 22, 2026","1,571","23,600",South 2,Hyderabad,"1,619",-2,Need to Check
1596716,21,"September 23, 2026","1,571","23,600",South 2,Hyderabad,"1,619",-2,Need to Check
1596716,21,"September 24, 2026","1,571","23,600",South 2,Hyderabad,"1,619",-2,Need to Check
1596716,21,"September 25, 2026","1,571","23,600",South 2,Hyderabad,"1,619",-2,Need to Check
1596716,21,"September 26, 2026","1,571","23,600",South 2,Hyderabad,"1,619",-2,Need to Check
1596716,21,"September 27, 2026","1,571","23,600",South 2,Hyderabad,"1,619",-2,Need to Check
1596716,21,"September 28, 2026","1,571","23,600",South 2,Hyderabad,"1,619",-2,Need to Check
1596716,21,"September 29, 2026","1,571","23,600",South 2,Hyderabad,"1,619",-2,Need to Check
1596716,21,"September 30, 2026","1,571","23,600",South 2,Hyderabad,"1,619",-2,Need to Check
1596716,21,"October 2, 2026","1,571","23,600",South 2,Hyderabad,"1,619",-2,Need to Check
1596716,21,"October 4, 2026","1,571","23,600",South 2,Hyderabad,"1,619",-2,Need to Check
1596716,21,"October 5, 2026","1,571","23,600",South 2,Hyderabad,"1,619",-2,Need to Check
1596716,21,"October 6, 2026","1,571","23,600",South 2,Hyderabad,"1,619",-2,Need to Check
1596716,21,"October 7, 2026","1,571","23,600",South 2,Hyderabad,"1,619",-2,Need to Check
1596716,21,"October 8, 2026","1,571","23,600",South 2,Hyderabad,"1,619",-2,Need to Check
1596716,21,"October 9, 2026","1,571","23,600",South 2,Hyderabad,"1,619",-2,Need to Check
1596716,21,"October 10, 2026","1,571","23,600",South 2,Hyderabad,"1,619",-2,Need to Check
1596716,21,"October 11, 2026","1,571","23,600",South 2,Hyderabad,"1,619",-2,Need to Check
1596716,21,"October 12, 2026","1,571","23,600",South 2,Hyderabad,"1,619",-2,Need to Check
1596716,21,"October 13, 2026","1,571","23,600",South 2,Hyderabad,"1,619",-2,Need to Check
1596716,21,"October 14, 2026","1,571","23,600",South 2,Hyderabad,"1,619",-2,Need to Check
1596716,21,"October 15, 2026","1,571","23,600",South 2,Hyderabad,"1,619",-2,Need to Check
1596716,22,"September 15, 2026","1,571","23,600",South 2,Hyderabad,"1,606",-2,Need to Check
1596716,22,"September 16, 2026","1,571","23,600",South 2,Hyderabad,"1,606",-2,Need to Check
1596716,22,"September 17, 2026","1,571","23,600",South 2,Hyderabad,"1,619",-2,Need to Check
1596716,22,"September 18, 2026","1,571","23,600",South 2,Hyderabad,"1,619",-2,Need to Check
1596716,22,"September 19, 2026","1,571","23,600",South 2,Hyderabad,"1,619",-2,Need to Check
1596716,22,"September 20, 2026","1,571","23,600",South 2,Hyderabad,"1,619",-2,Need to Check
1596716,22,"September 21, 2026","1,571","23,600",South 2,Hyderabad,"1,606",-2,Need to Check
1596716,22,"September 22, 2026","1,571","23,600",South 2,Hyderabad,"1,619",-2,Need to Check
1596716,22,"September 23, 2026","1,571","23,600",South 2,Hyderabad,"1,619",-2,Need to Check
1596716,22,"September 24, 2026","1,571","23,600",South 2,Hyderabad,"1,619",-2,Need to Check
1596716,22,"September 25, 2026","1,571","23,600",South 2,Hyderabad,"1,619",-2,Need to Check
1596716,22,"September 26, 2026","1,571","23,600",South 2,Hyderabad,"1,619",-2,Need to Check
1596716,22,"September 27, 2026","1,571","23,600",South 2,Hyderabad,"1,619",-2,Need to Check
1596716,22,"September 28, 2026","1,571","23,600",South 2,Hyderabad,"1,619",-2,Need to Check
1596716,22,"September 29, 2026","1,571","23,600",South 2,Hyderabad,"1,619",-2,Need to Check
1596716,22,"September 30, 2026","1,571","23,600",South 2,Hyderabad,"1,619",-2,Need to Check
1596716,22,"October 2, 2026","1,571","23,600",South 2,Hyderabad,"1,619",-2,Need to Check
1596716,22,"October 4, 2026","1,571","23,600",South 2,Hyderabad,"1,619",-2,Need to Check
1596716,22,"October 5, 2026","1,571","23,600",South 2,Hyderabad,"1,619",-2,Need to Check
1596716,22,"October 6, 2026","1,571","23,600",South 2,Hyderabad,"1,619",-2,Need to Check
1596716,22,"October 7, 2026","1,571","23,600",South 2,Hyderabad,"1,619",-2,Need to Check
1596716,22,"October 8, 2026","1,571","23,600",South 2,Hyderabad,"1,619",-2,Need to Check
1596716,22,"October 9, 2026","1,571","23,600",South 2,Hyderabad,"1,619",-2,Need to Check
1596716,22,"October 10, 2026","1,571","23,600",South 2,Hyderabad,"1,619",-2,Need to Check
1596716,22,"October 11, 2026","1,571","23,600",South 2,Hyderabad,"1,619",-2,Need to Check
1596716,22,"October 12, 2026","1,571","23,600",South 2,Hyderabad,"1,619",-2,Need to Check
1596716,22,"October 13, 2026","1,571","23,600",South 2,Hyderabad,"1,619",-2,Need to Check
1596716,22,"October 14, 2026","1,571","23,600",South 2,Hyderabad,"1,619",-2,Need to Check
1596716,22,"October 15, 2026","1,571","23,600",South 2,Hyderabad,"1,619",-2,Need to Check
1596716,23,"September 17, 2026","1,675","23,600",South 2,Hyderabad,"1,724",-2,Need to Check
1596716,23,"September 18, 2026","1,675","23,600",South 2,Hyderabad,"1,724",-2,Need to Check
1596716,23,"September 19, 2026","1,675","23,600",South 2,Hyderabad,"1,724",-2,Need to Check
1596716,23,"September 20, 2026","1,675","23,600",South 2,Hyderabad,"1,724",-2,Need to Check
1596716,23,"September 22, 2026","1,675","23,600",South 2,Hyderabad,"1,724",-2,Need to Check
1596716,23,"September 23, 2026","1,675","23,600",South 2,Hyderabad,"1,724",-2,Need to Check
1596716,23,"September 24, 2026","1,675","23,600",South 2,Hyderabad,"1,724",-2,Need to Check
1596716,23,"September 25, 2026","1,675","23,600",South 2,Hyderabad,"1,724",-2,Need to Check
1596716,23,"September 26, 2026","1,675","23,600",South 2,Hyderabad,"1,724",-2,Need to Check
1596716,23,"September 27, 2026","1,675","23,600",South 2,Hyderabad,"1,724",-2,Need to Check
1596716,23,"September 28, 2026","1,675","23,600",South 2,Hyderabad,"1,724",-2,Need to Check
1596716,23,"September 29, 2026","1,675","23,600",South 2,Hyderabad,"1,724",-2,Need to Check
1596716,23,"September 30, 2026","1,675","23,600",South 2,Hyderabad,"1,724",-2,Need to Check
1596716,23,"October 2, 2026","1,675","23,600",South 2,Hyderabad,"1,724",-2,Need to Check
1596716,23,"October 4, 2026","1,675","23,600",South 2,Hyderabad,"1,724",-2,Need to Check
1596716,23,"October 5, 2026","1,675","23,600",South 2,Hyderabad,"1,724",-2,Need to Check
1596716,23,"October 6, 2026","1,675","23,600",South 2,Hyderabad,"1,724",-2,Need to Check
1596716,23,"October 7, 2026","1,675","23,600",South 2,Hyderabad,"1,724",-2,Need to Check
1596716,23,"October 8, 2026","1,675","23,600",South 2,Hyderabad,"1,724",-2,Need to Check
1596716,23,"October 9, 2026","1,675","23,600",South 2,Hyderabad,"1,724",-2,Need to Check
1596716,23,"October 10, 2026","1,675","23,600",South 2,Hyderabad,"1,724",-2,Need to Check
1596716,23,"October 11, 2026","1,675","23,600",South 2,Hyderabad,"1,724",-2,Need to Check
1596716,23,"October 12, 2026","1,675","23,600",South 2,Hyderabad,"1,724",-2,Need to Check
1596716,23,"October 13, 2026","1,675","23,600",South 2,Hyderabad,"1,724",-2,Need to Check
1596716,23,"October 14, 2026","1,675","23,600",South 2,Hyderabad,"1,724",-2,Need to Check
1596716,23,"October 15, 2026","1,675","23,600",South 2,Hyderabad,"1,724",-2,Need to Check
1596716,24,"September 17, 2026","1,675","23,600",South 2,Hyderabad,"1,724",-2,Need to Check
1596716,24,"September 18, 2026","1,675","23,600",South 2,Hyderabad,"1,724",-2,Need to Check
1596716,24,"September 19, 2026","1,675","23,600",South 2,Hyderabad,"1,724",-2,Need to Check
1596716,24,"September 20, 2026","1,675","23,600",South 2,Hyderabad,"1,724",-2,Need to Check
1596716,24,"September 22, 2026","1,675","23,600",South 2,Hyderabad,"1,724",-2,Need to Check
1596716,24,"September 23, 2026","1,675","23,600",South 2,Hyderabad,"1,724",-2,Need to Check
1596716,24,"September 24, 2026","1,675","23,600",South 2,Hyderabad,"1,724",-2,Need to Check
1596716,24,"September 25, 2026","1,675","23,600",South 2,Hyderabad,"1,724",-2,Need to Check
1596716,24,"September 26, 2026","1,675","23,600",South 2,Hyderabad,"1,724",-2,Need to Check
1596716,24,"September 27, 2026","1,675","23,600",South 2,Hyderabad,"1,724",-2,Need to Check
1596716,24,"September 28, 2026","1,675","23,600",South 2,Hyderabad,"1,724",-2,Need to Check
1596716,24,"September 29, 2026","1,675","23,600",South 2,Hyderabad,"1,724",-2,Need to Check
1596716,24,"September 30, 2026","1,675","23,600",South 2,Hyderabad,"1,724",-2,Need to Check
1596716,24,"October 2, 2026","1,675","23,600",South 2,Hyderabad,"1,724",-2,Need to Check
1596716,24,"October 4, 2026","1,675","23,600",South 2,Hyderabad,"1,724",-2,Need to Check
1596716,24,"October 5, 2026","1,675","23,600",South 2,Hyderabad,"1,724",-2,Need to Check
1596716,24,"October 6, 2026","1,675","23,600",South 2,Hyderabad,"1,724",-2,Need to Check
1596716,24,"October 7, 2026","1,675","23,600",South 2,Hyderabad,"1,724",-2,Need to Check
1596716,24,"October 8, 2026","1,675","23,600",South 2,Hyderabad,"1,724",-2,Need to Check
1596716,24,"October 9, 2026","1,675","23,600",South 2,Hyderabad,"1,724",-2,Need to Check
1596716,24,"October 10, 2026","1,675","23,600",South 2,Hyderabad,"1,724",-2,Need to Check
1596716,24,"October 11, 2026","1,675","23,600",South 2,Hyderabad,"1,724",-2,Need to Check
1596716,24,"October 12, 2026","1,675","23,600",South 2,Hyderabad,"1,724",-2,Need to Check
1596716,24,"October 13, 2026","1,675","23,600",South 2,Hyderabad,"1,724",-2,Need to Check
1596716,24,"October 14, 2026","1,675","23,600",South 2,Hyderabad,"1,724",-2,Need to Check
1596716,24,"October 15, 2026","1,675","23,600",South 2,Hyderabad,"1,724",-2,Need to Check
1596716,39,"September 15, 2026","1,571","23,600",South 2,Hyderabad,"1,606",-2,Need to Check
1596716,39,"September 16, 2026","1,571","23,600",South 2,Hyderabad,"1,606",-2,Need to Check
1596716,39,"September 17, 2026","1,571","23,600",South 2,Hyderabad,"1,619",-2,Need to Check
1596716,39,"September 18, 2026","1,571","23,600",South 2,Hyderabad,"1,619",-2,Need to Check
1596716,39,"September 19, 2026","1,571","23,600",South 2,Hyderabad,"1,619",-2,Need to Check
1596716,39,"September 20, 2026","1,571","23,600",South 2,Hyderabad,"1,619",-2,Need to Check
1596716,39,"September 21, 2026","1,571","23,600",South 2,Hyderabad,"1,606",-2,Need to Check
1596716,39,"September 22, 2026","1,571","23,600",South 2,Hyderabad,"1,619",-2,Need to Check
1596716,39,"September 23, 2026","1,571","23,600",South 2,Hyderabad,"1,619",-2,Need to Check
1596716,39,"September 24, 2026","1,571","23,600",South 2,Hyderabad,"1,619",-2,Need to Check
1596716,39,"September 25, 2026","1,571","23,600",South 2,Hyderabad,"1,619",-2,Need to Check
1596716,39,"September 26, 2026","1,571","23,600",South 2,Hyderabad,"1,619",-2,Need to Check
1596716,39,"September 27, 2026","1,571","23,600",South 2,Hyderabad,"1,619",-2,Need to Check
1596716,39,"September 28, 2026","1,571","23,600",South 2,Hyderabad,"1,619",-2,Need to Check
1596716,39,"September 29, 2026","1,571","23,600",South 2,Hyderabad,"1,619",-2,Need to Check
1596716,39,"September 30, 2026","1,571","23,600",South 2,Hyderabad,"1,619",-2,Need to Check
1596716,39,"October 2, 2026","1,571","23,600",South 2,Hyderabad,"1,619",-2,Need to Check
1596716,39,"October 4, 2026","1,571","23,600",South 2,Hyderabad,"1,619",-2,Need to Check
1596716,39,"October 5, 2026","1,571","23,600",South 2,Hyderabad,"1,619",-2,Need to Check
1596716,39,"October 6, 2026","1,571","23,600",South 2,Hyderabad,"1,619",-2,Need to Check
1596716,39,"October 7, 2026","1,571","23,600",South 2,Hyderabad,"1,619",-2,Need to Check
1596716,39,"October 8, 2026","1,571","23,600",South 2,Hyderabad,"1,619",-2,Need to Check
1596716,39,"October 9, 2026","1,571","23,600",South 2,Hyderabad,"1,619",-2,Need to Check
1596716,39,"October 10, 2026","1,571","23,600",South 2,Hyderabad,"1,619",-2,Need to Check
1596716,39,"October 11, 2026","1,571","23,600",South 2,Hyderabad,"1,619",-2,Need to Check
1596716,39,"October 12, 2026","1,571","23,600",South 2,Hyderabad,"1,619",-2,Need to Check
1596716,39,"October 13, 2026","1,571","23,600",South 2,Hyderabad,"1,619",-2,Need to Check
1596716,39,"October 14, 2026","1,571","23,600",South 2,Hyderabad,"1,619",-2,Need to Check
1596716,39,"October 15, 2026","1,571","23,600",South 2,Hyderabad,"1,619",-2,Need to Check
1596716,40,"September 17, 2026","1,675","23,600",South 2,Hyderabad,"1,724",-2,Need to Check
1596716,40,"September 18, 2026","1,675","23,600",South 2,Hyderabad,"1,724",-2,Need to Check
1596716,40,"September 19, 2026","1,675","23,600",South 2,Hyderabad,"1,724",-2,Need to Check
1596716,40,"September 20, 2026","1,675","23,600",South 2,Hyderabad,"1,724",-2,Need to Check
1596716,40,"September 22, 2026","1,675","23,600",South 2,Hyderabad,"1,724",-2,Need to Check
1596716,40,"September 23, 2026","1,675","23,600",South 2,Hyderabad,"1,724",-2,Need to Check
1596716,40,"September 24, 2026","1,675","23,600",South 2,Hyderabad,"1,724",-2,Need to Check
1596716,40,"September 25, 2026","1,675","23,600",South 2,Hyderabad,"1,724",-2,Need to Check
1596716,40,"September 26, 2026","1,675","23,600",South 2,Hyderabad,"1,724",-2,Need to Check
1596716,40,"September 27, 2026","1,675","23,600",South 2,Hyderabad,"1,724",-2,Need to Check
1596716,40,"September 28, 2026","1,675","23,600",South 2,Hyderabad,"1,724",-2,Need to Check
1596716,40,"September 29, 2026","1,675","23,600",South 2,Hyderabad,"1,724",-2,Need to Check
1596716,40,"September 30, 2026","1,675","23,600",South 2,Hyderabad,"1,724",-2,Need to Check
1596716,40,"October 2, 2026","1,675","23,600",South 2,Hyderabad,"1,724",-2,Need to Check
1596716,40,"October 4, 2026","1,675","23,600",South 2,Hyderabad,"1,724",-2,Need to Check
1596716,40,"October 5, 2026","1,675","23,600",South 2,Hyderabad,"1,724",-2,Need to Check
1596716,40,"October 6, 2026","1,675","23,600",South 2,Hyderabad,"1,724",-2,Need to Check
1596716,40,"October 7, 2026","1,675","23,600",South 2,Hyderabad,"1,724",-2,Need to Check
1596716,40,"October 8, 2026","1,675","23,600",South 2,Hyderabad,"1,724",-2,Need to Check
1596716,40,"October 9, 2026","1,675","23,600",South 2,Hyderabad,"1,724",-2,Need to Check
1596716,40,"October 10, 2026","1,675","23,600",South 2,Hyderabad,"1,724",-2,Need to Check
1596716,40,"October 11, 2026","1,675","23,600",South 2,Hyderabad,"1,724",-2,Need to Check
1596716,40,"October 12, 2026","1,675","23,600",South 2,Hyderabad,"1,724",-2,Need to Check
1596716,40,"October 13, 2026","1,675","23,600",South 2,Hyderabad,"1,724",-2,Need to Check
1596716,40,"October 14, 2026","1,675","23,600",South 2,Hyderabad,"1,724",-2,Need to Check
1596716,40,"October 15, 2026","1,675","23,600",South 2,Hyderabad,"1,724",-2,Need to Check
1596716,83,"September 15, 2026","1,571","23,600",South 2,Hyderabad,"1,606",-2,Need to Check
1596716,83,"September 16, 2026","1,571","23,600",South 2,Hyderabad,"1,606",-2,Need to Check
1596716,83,"September 17, 2026","1,571","23,600",South 2,Hyderabad,"1,619",-2,Need to Check
1596716,83,"September 18, 2026","1,571","23,600",South 2,Hyderabad,"1,619",-2,Need to Check
1596716,83,"September 19, 2026","1,571","23,600",South 2,Hyderabad,"1,619",-2,Need to Check
1596716,83,"September 20, 2026","1,571","23,600",South 2,Hyderabad,"1,619",-2,Need to Check
1596716,83,"September 21, 2026","1,571","23,600",South 2,Hyderabad,"1,606",-2,Need to Check
1596716,83,"September 22, 2026","1,571","23,600",South 2,Hyderabad,"1,619",-2,Need to Check
1596716,83,"September 23, 2026","1,571","23,600",South 2,Hyderabad,"1,619",-2,Need to Check
1596716,83,"September 24, 2026","1,571","23,600",South 2,Hyderabad,"1,619",-2,Need to Check
1596716,83,"September 25, 2026","1,571","23,600",South 2,Hyderabad,"1,619",-2,Need to Check
1596716,83,"September 26, 2026","1,571","23,600",South 2,Hyderabad,"1,619",-2,Need to Check
1596716,83,"September 27, 2026","1,571","23,600",South 2,Hyderabad,"1,619",-2,Need to Check
1596716,83,"September 28, 2026","1,571","23,600",South 2,Hyderabad,"1,619",-2,Need to Check
1596716,83,"September 29, 2026","1,571","23,600",South 2,Hyderabad,"1,619",-2,Need to Check
1596716,83,"September 30, 2026","1,571","23,600",South 2,Hyderabad,"1,619",-2,Need to Check
1596716,83,"October 2, 2026","1,571","23,600",South 2,Hyderabad,"1,619",-2,Need to Check
1596716,83,"October 4, 2026","1,571","23,600",South 2,Hyderabad,"1,619",-2,Need to Check
1596716,83,"October 5, 2026","1,571","23,600",South 2,Hyderabad,"1,619",-2,Need to Check
1596716,83,"October 6, 2026","1,571","23,600",South 2,Hyderabad,"1,619",-2,Need to Check
1596716,83,"October 7, 2026","1,571","23,600",South 2,Hyderabad,"1,619",-2,Need to Check
1596716,83,"October 8, 2026","1,571","23,600",South 2,Hyderabad,"1,619",-2,Need to Check
1596716,83,"October 9, 2026","1,571","23,600",South 2,Hyderabad,"1,619",-2,Need to Check
1596716,83,"October 10, 2026","1,571","23,600",South 2,Hyderabad,"1,619",-2,Need to Check
1596716,83,"October 11, 2026","1,571","23,600",South 2,Hyderabad,"1,619",-2,Need to Check
1596716,83,"October 12, 2026","1,571","23,600",South 2,Hyderabad,"1,619",-2,Need to Check
1596716,83,"October 13, 2026","1,571","23,600",South 2,Hyderabad,"1,619",-2,Need to Check
1596716,83,"October 14, 2026","1,571","23,600",South 2,Hyderabad,"1,619",-2,Need to Check
1596716,83,"October 15, 2026","1,571","23,600",South 2,Hyderabad,"1,619",-2,Need to Check
1597119,25,"September 16, 2026","1,617","23,600",South 2,Hyderabad,"1,659",-2,Need to Check
1597119,26,"September 16, 2026","1,617","23,600",South 2,Hyderabad,"1,659",-2,Need to Check
1598533,17,"September 15, 2026","1,632","23,600",South 2,Hyderabad,"1,679",-2,Need to Check
1598533,17,"September 16, 2026","1,626","23,600",South 2,Hyderabad,"1,679",-2,Need to Check
1598533,18,"September 15, 2026","1,632","23,600",South 2,Hyderabad,"1,679",-2,Need to Check
1598533,18,"September 16, 2026","1,626","23,600",South 2,Hyderabad,"1,679",-2,Need to Check
1598533,19,"September 15, 2026","1,684","23,600",South 2,Hyderabad,"1,728",-2,Need to Check
1598533,19,"September 16, 2026","1,677","23,600",South 2,Hyderabad,"1,728",-2,Need to Check
1598533,20,"September 15, 2026","1,684","23,600",South 2,Hyderabad,"1,728",-2,Need to Check
1598533,20,"September 16, 2026","1,677","23,600",South 2,Hyderabad,"1,728",-2,Need to Check
1598533,21,"September 15, 2026","1,770","23,600",South 2,Hyderabad,"1,809",-2,Need to Check
1598533,21,"September 16, 2026","1,764","23,600",South 2,Hyderabad,"1,809",-2,Need to Check
1598533,22,"September 15, 2026","1,770","23,600",South 2,Hyderabad,"1,809",-2,Need to Check
1598533,22,"September 16, 2026","1,764","23,600",South 2,Hyderabad,"1,809",-2,Need to Check
1598533,23,"September 16, 2026","1,833","23,600",South 2,Hyderabad,"1,874",-2,Need to Check
1598533,24,"September 16, 2026","1,833","23,600",South 2,Hyderabad,"1,874",-2,Need to Check
1598533,39,"September 15, 2026","1,770","23,600",South 2,Hyderabad,"1,809",-2,Need to Check
1598533,39,"September 16, 2026","1,764","23,600",South 2,Hyderabad,"1,809",-2,Need to Check
1598533,50,"September 15, 2026","1,632","23,600",South 2,Hyderabad,"1,679",-2,Need to Check
1598533,50,"September 16, 2026","1,626","23,600",South 2,Hyderabad,"1,679",-2,Need to Check
1604662,21,"September 16, 2026","1,588","20,000",North 2,Mussoorie,"1,630",-2,Need to Check
1604662,22,"September 16, 2026","1,588","20,000",North 2,Mussoorie,"1,630",-2,Need to Check
1604662,23,"September 16, 2026","1,588","20,000",North 2,Mussoorie,"1,630",-2,Need to Check
1604662,24,"September 16, 2026","1,588","20,000",North 2,Mussoorie,"1,630",-2,Need to Check
1604662,39,"September 16, 2026","1,588","20,000",North 2,Mussoorie,"1,630",-2,Need to Check
1702720,17,"September 25, 2026","2,126","23,600",South 1,Kozhikode,"2,200",-2,Need to Check
1702720,17,"September 26, 2026","2,126","23,600",South 1,Kozhikode,"2,200",-2,Need to Check
1702720,18,"September 25, 2026","2,126","23,600",South 1,Kozhikode,"2,200",-2,Need to Check
1702720,18,"September 26, 2026","2,126","23,600",South 1,Kozhikode,"2,200",-2,Need to Check
1702720,19,"September 25, 2026","2,126","23,600",South 1,Kozhikode,"2,200",-2,Need to Check
1702720,19,"September 26, 2026","2,126","23,600",South 1,Kozhikode,"2,200",-2,Need to Check
1702720,20,"September 25, 2026","2,126","23,600",South 1,Kozhikode,"2,200",-2,Need to Check
1702720,20,"September 26, 2026","2,126","23,600",South 1,Kozhikode,"2,200",-2,Need to Check
1702720,50,"September 25, 2026","2,126","23,600",South 1,Kozhikode,"2,200",-2,Need to Check
1702720,50,"September 26, 2026","2,126","23,600",South 1,Kozhikode,"2,200",-2,Need to Check
1767649,21,"September 27, 2026","2,096","23,600",South 1,Chikmagalur,"2,154",-2,Need to Check
1767649,21,"September 28, 2026","2,096","23,600",South 1,Chikmagalur,"2,154",-2,Need to Check
1767649,22,"September 27, 2026","2,096","23,600",South 1,Chikmagalur,"2,154",-2,Need to Check
1767649,22,"September 28, 2026","2,096","23,600",South 1,Chikmagalur,"2,154",-2,Need to Check
1767649,23,"September 27, 2026","2,096","23,600",South 1,Chikmagalur,"2,154",-2,Need to Check
1767649,23,"September 28, 2026","2,096","23,600",South 1,Chikmagalur,"2,154",-2,Need to Check
1767649,24,"September 27, 2026","2,096","23,600",South 1,Chikmagalur,"2,154",-2,Need to Check
1767649,24,"September 28, 2026","2,096","23,600",South 1,Chikmagalur,"2,154",-2,Need to Check
1767649,27,"September 27, 2026","2,786","23,600",South 1,Chikmagalur,"2,854",-2,Need to Check
1767649,27,"September 28, 2026","2,786","23,600",South 1,Chikmagalur,"2,854",-2,Need to Check
1767649,28,"September 27, 2026","2,786","23,600",South 1,Chikmagalur,"2,854",-2,Need to Check
1767649,28,"September 28, 2026","2,786","23,600",South 1,Chikmagalur,"2,854",-2,Need to Check
1767649,39,"September 27, 2026","2,096","23,600",South 1,Chikmagalur,"2,154",-2,Need to Check
1767649,39,"September 28, 2026","2,096","23,600",South 1,Chikmagalur,"2,154",-2,Need to Check
1767649,40,"September 27, 2026","2,096","23,600",South 1,Chikmagalur,"2,154",-2,Need to Check
1767649,40,"September 28, 2026","2,096","23,600",South 1,Chikmagalur,"2,154",-2,Need to Check
1767649,83,"September 27, 2026","2,096","23,600",South 1,Chikmagalur,"2,154",-2,Need to Check
1767649,83,"September 28, 2026","2,096","23,600",South 1,Chikmagalur,"2,154",-2,Need to Check
1776233,17,"September 25, 2026","1,893","23,600",South 1,Guruvayur,"1,935",-2,Need to Check
1776233,18,"September 25, 2026","1,893","23,600",South 1,Guruvayur,"1,935",-2,Need to Check
1776233,50,"September 25, 2026","1,893","23,600",South 1,Guruvayur,"1,935",-2,Need to Check
1894945,17,"September 25, 2026","1,762","23,600",South 1,Hassan,"1,805",-2,Need to Check
1894945,18,"September 25, 2026","1,762","23,600",South 1,Hassan,"1,805",-2,Need to Check
1894945,19,"September 25, 2026","1,797","23,600",South 1,Hassan,"1,840",-2,Need to Check
1894945,20,"September 25, 2026","1,797","23,600",South 1,Hassan,"1,840",-2,Need to Check
1894945,21,"September 25, 2026","2,314","23,600",South 1,Hassan,"2,365",-2,Need to Check
1894945,22,"September 25, 2026","2,314","23,600",South 1,Hassan,"2,365",-2,Need to Check
1894945,23,"September 25, 2026","2,349","23,600",South 1,Hassan,"2,400",-2,Need to Check
1894945,24,"September 25, 2026","2,349","23,600",South 1,Hassan,"2,400",-2,Need to Check
1894945,39,"September 25, 2026","2,314","23,600",South 1,Hassan,"2,365",-2,Need to Check
1894945,40,"September 25, 2026","2,349","23,600",South 1,Hassan,"2,400",-2,Need to Check
1894945,50,"September 25, 2026","1,762","23,600",South 1,Hassan,"1,805",-2,Need to Check
1894945,83,"September 25, 2026","2,314","23,600",South 1,Hassan,"2,365",-2,Need to Check
2013518,19,"September 25, 2026","1,210","23,600",South 1,Thiruvananthapuram,"1,247",-2,Need to Check
2013518,19,"September 26, 2026","1,210","23,600",South 1,Thiruvananthapuram,"1,247",-2,Need to Check
2013518,20,"September 25, 2026","1,210","23,600",South 1,Thiruvananthapuram,"1,247",-2,Need to Check
2013518,20,"September 26, 2026","1,210","23,600",South 1,Thiruvananthapuram,"1,247",-2,Need to Check
2013518,21,"September 25, 2026","1,279","23,600",South 1,Thiruvananthapuram,"1,312",-2,Need to Check
2013518,21,"September 26, 2026","1,279","23,600",South 1,Thiruvananthapuram,"1,312",-2,Need to Check
2013518,22,"September 25, 2026","1,279","23,600",South 1,Thiruvananthapuram,"1,312",-2,Need to Check
2013518,22,"September 26, 2026","1,279","23,600",South 1,Thiruvananthapuram,"1,312",-2,Need to Check
2013518,23,"September 25, 2026","1,348","23,600",South 1,Thiruvananthapuram,"1,377",-2,Need to Check
2013518,23,"September 26, 2026","1,348","23,600",South 1,Thiruvananthapuram,"1,377",-2,Need to Check
2013518,24,"September 25, 2026","1,348","23,600",South 1,Thiruvananthapuram,"1,377",-2,Need to Check
2013518,24,"September 26, 2026","1,348","23,600",South 1,Thiruvananthapuram,"1,377",-2,Need to Check
2013518,39,"September 25, 2026","1,279","23,600",South 1,Thiruvananthapuram,"1,312",-2,Need to Check
2013518,39,"September 26, 2026","1,279","23,600",South 1,Thiruvananthapuram,"1,312",-2,Need to Check
2013518,40,"September 25, 2026","1,348","23,600",South 1,Thiruvananthapuram,"1,377",-2,Need to Check
2013518,40,"September 26, 2026","1,348","23,600",South 1,Thiruvananthapuram,"1,377",-2,Need to Check
2013518,83,"September 25, 2026","1,279","23,600",South 1,Thiruvananthapuram,"1,312",-2,Need to Check
2013518,83,"September 26, 2026","1,279","23,600",South 1,Thiruvananthapuram,"1,312",-2,Need to Check
2014917,25,"September 16, 2026","2,131","20,000",South 1,Bangalore,"2,208",-2,Need to Check
2014917,26,"September 16, 2026","2,131","20,000",South 1,Bangalore,"2,208",-2,Need to Check
2022899,23,"September 16, 2026","1,403","23,600",North 2,Varanasi,"1,444",-2,Need to Check
2022899,24,"September 16, 2026","1,403","23,600",North 2,Varanasi,"1,444",-2,Need to Check
2022899,27,"September 16, 2026","1,817","23,600",North 2,Varanasi,"1,857",-2,Need to Check
2022899,28,"September 16, 2026","1,817","23,600",North 2,Varanasi,"1,857",-2,Need to Check
2022899,40,"September 16, 2026","1,403","23,600",North 2,Varanasi,"1,444",-2,Need to Check
2022899,41,"September 16, 2026","1,817","23,600",North 2,Varanasi,"1,857",-2,Need to Check
2022899,84,"September 16, 2026","1,403","23,600",North 2,Varanasi,"1,444",-2,Need to Check
2027305,19,"September 16, 2026","1,741","23,600",South 1,Mangalore,"1,800",-2,Need to Check
2027305,20,"September 16, 2026","1,741","23,600",South 1,Mangalore,"1,800",-2,Need to Check
2027305,21,"September 16, 2026","1,810","23,600",South 1,Mangalore,"1,865",-2,Need to Check
2027305,22,"September 16, 2026","1,810","23,600",South 1,Mangalore,"1,865",-2,Need to Check
2027305,23,"September 16, 2026","1,948","23,600",South 1,Mangalore,"1,995",-2,Need to Check
2027305,24,"September 16, 2026","1,948","23,600",South 1,Mangalore,"1,995",-2,Need to Check
2027305,27,"September 25, 2026","2,447","23,600",South 1,Mangalore,"2,527",-2,Need to Check
2027305,28,"September 25, 2026","2,447","23,600",South 1,Mangalore,"2,527",-2,Need to Check
2027305,32,"September 25, 2026","2,378","23,600",South 1,Mangalore,"2,462",-2,Need to Check
2027305,33,"September 25, 2026","2,378","23,600",South 1,Mangalore,"2,462",-2,Need to Check
2027305,34,"September 25, 2026","2,378","23,600",South 1,Mangalore,"2,462",-2,Need to Check
2027305,35,"September 25, 2026","2,723","23,600",South 1,Mangalore,"2,787",-2,Need to Check
2027305,36,"September 25, 2026","2,723","23,600",South 1,Mangalore,"2,787",-2,Need to Check
2027305,37,"September 25, 2026","2,723","23,600",South 1,Mangalore,"2,787",-2,Need to Check
2027305,39,"September 16, 2026","1,810","23,600",South 1,Mangalore,"1,865",-2,Need to Check
2027305,40,"September 16, 2026","1,948","23,600",South 1,Mangalore,"1,995",-2,Need to Check
2027305,41,"September 25, 2026","2,447","23,600",South 1,Mangalore,"2,527",-2,Need to Check
2027305,51,"September 16, 2026","1,741","23,600",South 1,Mangalore,"1,800",-2,Need to Check
2027305,58,"September 25, 2026","2,378","23,600",South 1,Mangalore,"2,462",-2,Need to Check
2027305,83,"September 16, 2026","1,810","23,600",South 1,Mangalore,"1,865",-2,Need to Check
2027305,84,"September 16, 2026","1,948","23,600",South 1,Mangalore,"1,995",-2,Need to Check
2027305,97,"September 16, 2026","1,810","23,600",South 1,Mangalore,"1,865",-2,Need to Check
2051409,15,"September 16, 2026","1,658","23,600",West,Nashik,"1,717",-2,Need to Check
2051409,16,"September 16, 2026","1,658","23,600",West,Nashik,"1,717",-2,Need to Check
2051409,21,"September 16, 2026","2,003","23,600",West,Nashik,"2,062",-2,Need to Check
2051409,22,"September 16, 2026","2,003","23,600",West,Nashik,"2,062",-2,Need to Check
2051409,23,"September 16, 2026","2,141","23,600",West,Nashik,"2,200",-2,Need to Check
2051409,24,"September 16, 2026","2,141","23,600",West,Nashik,"2,200",-2,Need to Check
2051409,27,"September 16, 2026","2,486","23,600",West,Nashik,"2,545",-2,Need to Check
2051409,28,"September 16, 2026","2,486","23,600",West,Nashik,"2,545",-2,Need to Check
2051409,39,"September 16, 2026","2,003","23,600",West,Nashik,"2,062",-2,Need to Check
2051409,40,"September 16, 2026","2,141","23,600",West,Nashik,"2,200",-2,Need to Check
2051409,83,"September 16, 2026","2,003","23,600",West,Nashik,"2,062",-2,Need to Check
2055589,23,"September 16, 2026","2,038","23,600",West,Nagpur,"2,099",-2,Need to Check
2055589,24,"September 16, 2026","2,038","23,600",West,Nagpur,"2,099",-2,Need to Check
2055589,25,"September 16, 2026","2,107","23,600",West,Nagpur,"2,164",-2,Need to Check
2055589,26,"September 16, 2026","2,107","23,600",West,Nagpur,"2,164",-2,Need to Check
2055589,40,"September 16, 2026","2,038","23,600",West,Nagpur,"2,099",-2,Need to Check
2057538,19,"September 19, 2026","2,467","23,600",North 2,Prayagraj,"2,521",-2,Need to Check
2057538,20,"September 19, 2026","2,467","23,600",North 2,Prayagraj,"2,521",-2,Need to Check
2057538,23,"September 19, 2026","2,639","23,600",North 2,Prayagraj,"2,731",-2,Need to Check
2057538,24,"September 19, 2026","2,639","23,600",North 2,Prayagraj,"2,731",-2,Need to Check
2057538,27,"September 19, 2026","3,053","23,600",North 2,Prayagraj,"3,151",-2,Need to Check
2057538,28,"September 19, 2026","3,053","23,600",North 2,Prayagraj,"3,151",-2,Need to Check
2057538,40,"September 19, 2026","2,639","23,600",North 2,Prayagraj,"2,731",-2,Need to Check
2058082,27,"September 16, 2026","2,286","23,600",North 1,Gurgaon,"2,357",-2,Need to Check
2058082,28,"September 16, 2026","2,286","23,600",North 1,Gurgaon,"2,357",-2,Need to Check
2074839,42,"September 15, 2026","2,221","20,000",East,Gangtok,"2,301",-2,Need to Check
2074839,42,"September 16, 2026","2,221","20,000",East,Gangtok,"2,301",-2,Need to Check
2074839,43,"September 15, 2026","2,221","20,000",East,Gangtok,"2,301",-2,Need to Check
2074839,43,"September 16, 2026","2,221","20,000",East,Gangtok,"2,301",-2,Need to Check
2074839,44,"September 15, 2026","2,221","20,000",East,Gangtok,"2,301",-2,Need to Check
2074839,44,"September 16, 2026","2,221","20,000",East,Gangtok,"2,301",-2,Need to Check
3009824,17,"September 16, 2026",880,"23,600",North 2,Rishikesh,901,-2,Need to Check
3009824,18,"September 16, 2026",880,"23,600",North 2,Rishikesh,901,-2,Need to Check
3009824,19,"September 16, 2026",880,"23,600",North 2,Rishikesh,901,-2,Need to Check
3009824,20,"September 16, 2026",880,"23,600",North 2,Rishikesh,901,-2,Need to Check
3009824,21,"September 17, 2026","1,125","23,600",North 2,Rishikesh,"1,161",-2,Need to Check
3009824,21,"September 18, 2026","1,125","23,600",North 2,Rishikesh,"1,161",-2,Need to Check
3009824,22,"September 17, 2026","1,125","23,600",North 2,Rishikesh,"1,161",-2,Need to Check
3009824,22,"September 18, 2026","1,125","23,600",North 2,Rishikesh,"1,161",-2,Need to Check
3009824,23,"September 17, 2026","1,125","23,600",North 2,Rishikesh,"1,161",-2,Need to Check
3009824,23,"September 18, 2026","1,125","23,600",North 2,Rishikesh,"1,161",-2,Need to Check
3009824,24,"September 17, 2026","1,125","23,600",North 2,Rishikesh,"1,161",-2,Need to Check
3009824,24,"September 18, 2026","1,125","23,600",North 2,Rishikesh,"1,161",-2,Need to Check
3009824,27,"September 17, 2026","1,470","23,600",North 2,Rishikesh,"1,506",-2,Need to Check
3009824,27,"September 18, 2026","1,470","23,600",North 2,Rishikesh,"1,506",-2,Need to Check
3009824,28,"September 17, 2026","1,470","23,600",North 2,Rishikesh,"1,506",-2,Need to Check
3009824,28,"September 18, 2026","1,470","23,600",North 2,Rishikesh,"1,506",-2,Need to Check
3009824,39,"September 17, 2026","1,125","23,600",North 2,Rishikesh,"1,161",-2,Need to Check
3009824,39,"September 18, 2026","1,125","23,600",North 2,Rishikesh,"1,161",-2,Need to Check
3009824,40,"September 17, 2026","1,125","23,600",North 2,Rishikesh,"1,161",-2,Need to Check
3009824,40,"September 18, 2026","1,125","23,600",North 2,Rishikesh,"1,161",-2,Need to Check
3009824,50,"September 16, 2026",880,"23,600",North 2,Rishikesh,901,-2,Need to Check
3009824,83,"September 17, 2026","1,125","23,600",North 2,Rishikesh,"1,161",-2,Need to Check
3009824,83,"September 18, 2026","1,125","23,600",North 2,Rishikesh,"1,161",-2,Need to Check
9772256,17,"September 15, 2026","2,715","23,600",North 2,Jispa,"2,778",-2,Need to Check
9772256,18,"September 15, 2026","2,715","23,600",North 2,Jispa,"2,778",-2,Need to Check
9772256,19,"September 15, 2026","2,715","23,600",North 2,Jispa,"2,778",-2,Need to Check
9772256,20,"September 15, 2026","2,715","23,600",North 2,Jispa,"2,778",-2,Need to Check
9772256,50,"September 15, 2026","2,715","23,600",North 2,Jispa,"2,778",-2,Need to Check
9772256,51,"September 15, 2026","2,715","23,600",North 2,Jispa,"2,778",-2,Need to Check
9772256,87,"September 15, 2026","2,715","23,600",North 2,Jispa,"2,778",-2,Need to Check
0191524,27,"September 25, 2026","3,086","23,600",South 1,Alleppey,"3,242",-3,Need to Check
0191524,28,"September 25, 2026","3,086","23,600",South 1,Alleppey,"3,242",-3,Need to Check
0191524,35,"September 25, 2026","3,431","23,600",South 1,Alleppey,"3,592",-3,Need to Check
0191524,36,"September 25, 2026","3,431","23,600",South 1,Alleppey,"3,592",-3,Need to Check
0243252,17,"September 15, 2026","1,921","23,600",South 2,Chennai,"2,012",-3,Need to Check
0243252,17,"September 15, 2026","1,921","23,600",South 2,Chennai,"2,012",-3,Need to Check
0243252,18,"September 15, 2026","1,921","23,600",South 2,Chennai,"2,012",-3,Need to Check
0243252,18,"September 15, 2026","1,921","23,600",South 2,Chennai,"2,012",-3,Need to Check
0243252,19,"September 15, 2026","2,128","23,600",South 2,Chennai,"2,219",-3,Need to Check
0243252,19,"September 15, 2026","2,128","23,600",South 2,Chennai,"2,219",-3,Need to Check
0243252,20,"September 15, 2026","2,128","23,600",South 2,Chennai,"2,219",-3,Need to Check
0243252,20,"September 15, 2026","2,128","23,600",South 2,Chennai,"2,219",-3,Need to Check
0243252,21,"September 15, 2026","2,404","23,600",South 2,Chennai,"2,495",-3,Need to Check
0243252,21,"September 15, 2026","2,404","23,600",South 2,Chennai,"2,495",-3,Need to Check
0243252,22,"September 15, 2026","2,404","23,600",South 2,Chennai,"2,495",-3,Need to Check
0243252,22,"September 15, 2026","2,404","23,600",South 2,Chennai,"2,495",-3,Need to Check
0243252,23,"September 15, 2026","2,611","20,000",South 2,Chennai,"2,715",-3,Need to Check
0243252,23,"September 15, 2026","2,611","20,000",South 2,Chennai,"2,715",-3,Need to Check
0243252,24,"September 15, 2026","2,611","20,000",South 2,Chennai,"2,715",-3,Need to Check
0243252,24,"September 15, 2026","2,611","20,000",South 2,Chennai,"2,715",-3,Need to Check
0243252,39,"September 15, 2026","2,404","23,600",South 2,Chennai,"2,495",-3,Need to Check
0243252,50,"September 15, 2026","1,921","23,600",South 2,Chennai,"2,012",-3,Need to Check
0243252,51,"September 15, 2026","2,128","23,600",South 2,Chennai,"2,219",-3,Need to Check
0243252,83,"September 15, 2026","2,404","23,600",South 2,Chennai,"2,495",-3,Need to Check
0243252,87,"September 15, 2026","1,921","23,600",South 2,Chennai,"2,012",-3,Need to Check
0376508,29,"September 16, 2026","3,897","23,600",West,Mumbai,"4,058",-3,Need to Check
0376508,30,"September 16, 2026","3,897","23,600",West,Mumbai,"4,058",-3,Need to Check
0376508,31,"September 16, 2026","3,897","23,600",West,Mumbai,"4,058",-3,Need to Check
0376508,35,"September 15, 2026","4,844","23,600",West,Mumbai,"5,033",-3,Need to Check
0376508,36,"September 15, 2026","4,844","23,600",West,Mumbai,"5,033",-3,Need to Check
0376508,57,"September 16, 2026","3,897","23,600",West,Mumbai,"4,058",-3,Need to Check
0551475,27,"September 16, 2026","2,731","23,600",West,Nagpur,"2,854",-3,Need to Check
0551475,28,"September 16, 2026","2,731","23,600",West,Nagpur,"2,854",-3,Need to Check
1107594,17,"September 25, 2026","1,575","23,600",South 1,Belgaum,"1,645",-3,Need to Check
1107594,17,"September 25, 2026","1,575","23,600",South 1,Belgaum,"1,645",-3,Need to Check
1107594,17,"September 26, 2026","1,575","23,600",South 1,Belgaum,"1,645",-3,Need to Check
1107594,17,"September 26, 2026","1,575","23,600",South 1,Belgaum,"1,645",-3,Need to Check
1107594,18,"September 25, 2026","1,575","23,600",South 1,Belgaum,"1,645",-3,Need to Check
1107594,18,"September 26, 2026","1,575","23,600",South 1,Belgaum,"1,645",-3,Need to Check
1107594,19,"September 25, 2026","1,644","23,600",South 1,Belgaum,"1,710",-3,Need to Check
1107594,19,"September 25, 2026","1,644","23,600",South 1,Belgaum,"1,710",-3,Need to Check
1107594,19,"September 26, 2026","1,644","23,600",South 1,Belgaum,"1,710",-3,Need to Check
1107594,19,"September 26, 2026","1,644","23,600",South 1,Belgaum,"1,710",-3,Need to Check
1107594,20,"September 25, 2026","1,644","23,600",South 1,Belgaum,"1,710",-3,Need to Check
1107594,20,"September 26, 2026","1,644","23,600",South 1,Belgaum,"1,710",-3,Need to Check
1107594,27,"September 27, 2026","1,851","23,600",South 1,Belgaum,"1,940",-3,Need to Check
1107594,27,"September 27, 2026","1,851","23,600",South 1,Belgaum,"1,940",-3,Need to Check
1107594,27,"September 28, 2026","1,851","23,600",South 1,Belgaum,"1,940",-3,Need to Check
1107594,27,"September 28, 2026","1,851","23,600",South 1,Belgaum,"1,940",-3,Need to Check
1107594,27,"September 29, 2026","1,851","23,600",South 1,Belgaum,"1,940",-3,Need to Check
1107594,27,"September 29, 2026","1,851","23,600",South 1,Belgaum,"1,940",-3,Need to Check
1107594,28,"September 27, 2026","1,851","23,600",South 1,Belgaum,"1,940",-3,Need to Check
1107594,28,"September 27, 2026","1,851","23,600",South 1,Belgaum,"1,940",-3,Need to Check
1107594,28,"September 28, 2026","1,851","23,600",South 1,Belgaum,"1,940",-3,Need to Check
1107594,28,"September 28, 2026","1,851","23,600",South 1,Belgaum,"1,940",-3,Need to Check
1107594,28,"September 29, 2026","1,851","23,600",South 1,Belgaum,"1,940",-3,Need to Check
1107594,28,"September 29, 2026","1,851","23,600",South 1,Belgaum,"1,940",-3,Need to Check
1107594,50,"September 25, 2026","1,575","23,600",South 1,Belgaum,"1,645",-3,Need to Check
1107594,50,"September 26, 2026","1,575","23,600",South 1,Belgaum,"1,645",-3,Need to Check
1115459,15,"September 16, 2026","1,118","20,000",North 2,Nainital,"1,163",-3,Need to Check
1115459,17,"September 16, 2026","1,394","20,000",North 2,Nainital,"1,463",-3,Need to Check
1115459,18,"September 16, 2026","1,394","20,000",North 2,Nainital,"1,463",-3,Need to Check
1115459,19,"September 16, 2026","1,394","20,000",North 2,Nainital,"1,463",-3,Need to Check
1115459,20,"September 16, 2026","1,394","20,000",North 2,Nainital,"1,463",-3,Need to Check
1115459,25,"September 16, 2026","1,739","20,000",North 2,Nainital,"1,808",-3,Need to Check
1115459,26,"September 16, 2026","1,739","20,000",North 2,Nainital,"1,808",-3,Need to Check
1115459,38,"September 16, 2026","1,118","20,000",North 2,Nainital,"1,163",-3,Need to Check
1115459,50,"September 16, 2026","1,394","20,000",North 2,Nainital,"1,463",-3,Need to Check
1115459,51,"September 16, 2026","1,394","20,000",North 2,Nainital,"1,463",-3,Need to Check
1115459,76,"September 16, 2026","1,118","20,000",North 2,Nainital,"1,163",-3,Need to Check
1115459,87,"September 16, 2026","1,394","20,000",North 2,Nainital,"1,463",-3,Need to Check
1135897,17,"September 27, 2026","1,377","23,600",South 1,Thiruvananthapuram,"1,443",-3,Need to Check
1135897,17,"September 28, 2026","1,377","23,600",South 1,Thiruvananthapuram,"1,440",-3,Need to Check
1135897,17,"September 29, 2026","1,377","23,600",South 1,Thiruvananthapuram,"1,440",-3,Need to Check
1135897,18,"September 27, 2026","1,377","23,600",South 1,Thiruvananthapuram,"1,443",-3,Need to Check
1135897,18,"September 28, 2026","1,377","23,600",South 1,Thiruvananthapuram,"1,440",-3,Need to Check
1135897,18,"September 29, 2026","1,377","23,600",South 1,Thiruvananthapuram,"1,440",-3,Need to Check
1135897,19,"September 27, 2026","1,446","23,600",South 1,Thiruvananthapuram,"1,512",-3,Need to Check
1135897,19,"September 28, 2026","1,446","23,600",South 1,Thiruvananthapuram,"1,509",-3,Need to Check
1135897,19,"September 29, 2026","1,446","23,600",South 1,Thiruvananthapuram,"1,509",-3,Need to Check
1135897,20,"September 27, 2026","1,446","23,600",South 1,Thiruvananthapuram,"1,512",-3,Need to Check
1135897,20,"September 28, 2026","1,446","23,600",South 1,Thiruvananthapuram,"1,509",-3,Need to Check
1135897,20,"September 29, 2026","1,446","23,600",South 1,Thiruvananthapuram,"1,509",-3,Need to Check
1135897,50,"September 27, 2026","1,377","23,600",South 1,Thiruvananthapuram,"1,443",-3,Need to Check
1135897,50,"September 28, 2026","1,377","23,600",South 1,Thiruvananthapuram,"1,440",-3,Need to Check
1135897,50,"September 29, 2026","1,377","23,600",South 1,Thiruvananthapuram,"1,440",-3,Need to Check
1136517,27,"September 26, 2026","2,189","23,600",South 1,Thiruvananthapuram,"2,291",-3,Need to Check
1136517,27,"September 27, 2026","2,189","23,600",South 1,Thiruvananthapuram,"2,272",-3,Need to Check
1136517,27,"September 28, 2026","2,189","23,600",South 1,Thiruvananthapuram,"2,272",-3,Need to Check
1136517,27,"September 29, 2026","2,189","23,600",South 1,Thiruvananthapuram,"2,272",-3,Need to Check
1136517,28,"September 26, 2026","2,189","23,600",South 1,Thiruvananthapuram,"2,291",-3,Need to Check
1136517,28,"September 27, 2026","2,189","23,600",South 1,Thiruvananthapuram,"2,272",-3,Need to Check
1136517,28,"September 28, 2026","2,189","23,600",South 1,Thiruvananthapuram,"2,272",-3,Need to Check
1136517,28,"September 29, 2026","2,189","23,600",South 1,Thiruvananthapuram,"2,272",-3,Need to Check
1152305,23,"September 26, 2026","2,217","23,600",South 1,Kochi,"2,323",-3,Need to Check
1152305,23,"September 26, 2026","2,217","23,600",South 1,Kochi,"2,323",-3,Need to Check
1152305,24,"September 26, 2026","2,217","23,600",South 1,Kochi,"2,323",-3,Need to Check
1152305,24,"September 26, 2026","2,217","23,600",South 1,Kochi,"2,323",-3,Need to Check
1152305,40,"September 26, 2026","2,217","23,600",South 1,Kochi,"2,323",-3,Need to Check
1164752,29,"September 24, 2026","2,696","27,848",South 1,Kochi,"2,813",-3,Need to Check
1164752,30,"September 24, 2026","2,696","27,848",South 1,Kochi,"2,813",-3,Need to Check
1164752,31,"September 24, 2026","2,696","27,848",South 1,Kochi,"2,813",-3,Need to Check
1164752,32,"September 24, 2026","2,834","27,848",South 1,Kochi,"2,951",-3,Need to Check
1164752,33,"September 24, 2026","2,834","27,848",South 1,Kochi,"2,951",-3,Need to Check
1164752,34,"September 24, 2026","2,834","27,848",South 1,Kochi,"2,951",-3,Need to Check
1164752,35,"September 24, 2026","3,179","27,848",South 1,Kochi,"3,296",-3,Need to Check
1164752,36,"September 24, 2026","3,179","27,848",South 1,Kochi,"3,296",-3,Need to Check
1164752,37,"September 24, 2026","3,179","27,848",South 1,Kochi,"3,296",-3,Need to Check
1164752,57,"September 24, 2026","2,696","27,848",South 1,Kochi,"2,813",-3,Need to Check
1164752,58,"September 24, 2026","2,834","27,848",South 1,Kochi,"2,951",-3,Need to Check
1164752,89,"September 24, 2026","2,696","27,848",South 1,Kochi,"2,813",-3,Need to Check
1165811,17,"September 29, 2026","1,279","23,600",South 1,Kochi,"1,330",-3,Need to Check
1165811,18,"September 29, 2026","1,279","23,600",South 1,Kochi,"1,330",-3,Need to Check
1165811,19,"September 29, 2026","1,348","23,600",South 1,Kochi,"1,400",-3,Need to Check
1165811,20,"September 29, 2026","1,348","23,600",South 1,Kochi,"1,400",-3,Need to Check
1165811,50,"September 29, 2026","1,279","23,600",South 1,Kochi,"1,330",-3,Need to Check
1166076,19,"September 25, 2026","1,884","23,600",South 1,Kochi,"1,963",-3,Need to Check
1166076,19,"September 26, 2026","1,884","23,600",South 1,Kochi,"1,963",-3,Need to Check
1166076,20,"September 25, 2026","1,884","23,600",South 1,Kochi,"1,963",-3,Need to Check
1166076,20,"September 26, 2026","1,884","23,600",South 1,Kochi,"1,963",-3,Need to Check
1166076,21,"September 25, 2026","1,988","23,600",South 1,Kochi,"2,061",-3,Need to Check
1166076,21,"September 26, 2026","1,988","23,600",South 1,Kochi,"2,061",-3,Need to Check
1166076,22,"September 25, 2026","1,988","23,600",South 1,Kochi,"2,061",-3,Need to Check
1166076,22,"September 26, 2026","1,988","23,600",South 1,Kochi,"2,061",-3,Need to Check
1166076,39,"September 25, 2026","1,988","23,600",South 1,Kochi,"2,061",-3,Need to Check
1166076,39,"September 26, 2026","1,988","23,600",South 1,Kochi,"2,061",-3,Need to Check
1166076,83,"September 25, 2026","1,988","23,600",South 1,Kochi,"2,061",-3,Need to Check
1166076,83,"September 26, 2026","1,988","23,600",South 1,Kochi,"2,061",-3,Need to Check
1168316,35,"September 25, 2026","2,852","23,600",South 1,Kochi,"2,983",-3,Need to Check
1168316,36,"September 25, 2026","2,852","23,600",South 1,Kochi,"2,983",-3,Need to Check
1168384,25,"September 25, 2026","1,174","23,600",South 1,Kochi,"1,220",-3,Need to Check
1168384,25,"September 26, 2026","1,174","23,600",South 1,Kochi,"1,220",-3,Need to Check
1168384,26,"September 25, 2026","1,174","23,600",South 1,Kochi,"1,220",-3,Need to Check
1168384,26,"September 26, 2026","1,174","23,600",South 1,Kochi,"1,220",-3,Need to Check
1169924,17,"September 27, 2026","1,614","23,600",South 1,Kochi,"1,694",-3,Need to Check
1169924,18,"September 27, 2026","1,614","23,600",South 1,Kochi,"1,694",-3,Need to Check
1169924,50,"September 27, 2026","1,614","23,600",South 1,Kochi,"1,694",-3,Need to Check
1172490,27,"September 23, 2026","1,593","27,848",North 2,Manali,"1,651",-3,Need to Check
1172490,27,"September 24, 2026","1,593","27,848",North 2,Manali,"1,651",-3,Need to Check
1172490,27,"September 27, 2026","1,593","27,848",North 2,Manali,"1,651",-3,Need to Check
1172490,27,"September 28, 2026","1,593","27,848",North 2,Manali,"1,651",-3,Need to Check
1172490,27,"September 29, 2026","1,593","27,848",North 2,Manali,"1,651",-3,Need to Check
1172490,27,"September 30, 2026","1,593","27,848",North 2,Manali,"1,651",-3,Need to Check
1172490,28,"September 23, 2026","1,593","27,848",North 2,Manali,"1,651",-3,Need to Check
1172490,28,"September 24, 2026","1,593","27,848",North 2,Manali,"1,651",-3,Need to Check
1172490,28,"September 27, 2026","1,593","27,848",North 2,Manali,"1,651",-3,Need to Check
1172490,28,"September 28, 2026","1,593","27,848",North 2,Manali,"1,651",-3,Need to Check
1172490,28,"September 29, 2026","1,593","27,848",North 2,Manali,"1,651",-3,Need to Check
1172490,28,"September 30, 2026","1,593","27,848",North 2,Manali,"1,651",-3,Need to Check
1197734,17,"September 25, 2026","2,314","23,600",South 1,Alleppey,"2,431",-3,Need to Check
1197734,17,"September 26, 2026","2,345","23,600",South 1,Alleppey,"2,431",-3,Need to Check
1197734,18,"September 25, 2026","2,314","23,600",South 1,Alleppey,"2,431",-3,Need to Check
1197734,18,"September 26, 2026","2,345","23,600",South 1,Alleppey,"2,431",-3,Need to Check
1197734,19,"September 25, 2026","2,314","23,600",South 1,Alleppey,"2,431",-3,Need to Check
1197734,19,"September 26, 2026","2,345","23,600",South 1,Alleppey,"2,431",-3,Need to Check
1197734,20,"September 25, 2026","2,314","23,600",South 1,Alleppey,"2,431",-3,Need to Check
1197734,20,"September 26, 2026","2,345","23,600",South 1,Alleppey,"2,431",-3,Need to Check
1197734,21,"September 28, 2026","4,238","23,600",South 1,Alleppey,"4,416",-3,Need to Check
1197734,21,"September 29, 2026","4,238","23,600",South 1,Alleppey,"4,416",-3,Need to Check
1197734,22,"September 28, 2026","4,238","23,600",South 1,Alleppey,"4,416",-3,Need to Check
1197734,22,"September 29, 2026","4,238","23,600",South 1,Alleppey,"4,416",-3,Need to Check
1197734,23,"September 28, 2026","4,238","23,600",South 1,Alleppey,"4,416",-3,Need to Check
1197734,23,"September 29, 2026","4,238","23,600",South 1,Alleppey,"4,416",-3,Need to Check
1197734,24,"September 28, 2026","4,238","23,600",South 1,Alleppey,"4,416",-3,Need to Check
1197734,24,"September 29, 2026","4,238","23,600",South 1,Alleppey,"4,416",-3,Need to Check
1197734,27,"September 28, 2026","4,790","23,600",South 1,Alleppey,"4,976",-3,Need to Check
1197734,27,"September 29, 2026","4,790","23,600",South 1,Alleppey,"4,976",-3,Need to Check
1197734,28,"September 28, 2026","4,790","23,600",South 1,Alleppey,"4,976",-3,Need to Check
1197734,28,"September 29, 2026","4,790","23,600",South 1,Alleppey,"4,976",-3,Need to Check
1197734,29,"September 28, 2026","5,204","23,600",South 1,Alleppey,"5,396",-3,Need to Check
1197734,29,"September 29, 2026","5,204","23,600",South 1,Alleppey,"5,396",-3,Need to Check
1197734,30,"September 28, 2026","5,204","23,600",South 1,Alleppey,"5,396",-3,Need to Check
1197734,30,"September 29, 2026","5,204","23,600",South 1,Alleppey,"5,396",-3,Need to Check
1197734,31,"September 28, 2026","5,204","23,600",South 1,Alleppey,"5,396",-3,Need to Check
1197734,31,"September 29, 2026","5,204","23,600",South 1,Alleppey,"5,396",-3,Need to Check
1197734,32,"September 28, 2026","5,204","23,600",South 1,Alleppey,"5,396",-3,Need to Check
1197734,32,"September 29, 2026","5,204","23,600",South 1,Alleppey,"5,396",-3,Need to Check
1197734,33,"September 28, 2026","5,204","23,600",South 1,Alleppey,"5,396",-3,Need to Check
1197734,33,"September 29, 2026","5,204","23,600",South 1,Alleppey,"5,396",-3,Need to Check
1197734,34,"September 28, 2026","5,204","23,600",South 1,Alleppey,"5,396",-3,Need to Check
1197734,34,"September 29, 2026","5,204","23,600",South 1,Alleppey,"5,396",-3,Need to Check
1197734,39,"September 28, 2026","4,238","23,600",South 1,Alleppey,"4,416",-3,Need to Check
1197734,39,"September 29, 2026","4,238","23,600",South 1,Alleppey,"4,416",-3,Need to Check
1197734,40,"September 28, 2026","4,238","23,600",South 1,Alleppey,"4,416",-3,Need to Check
1197734,40,"September 29, 2026","4,238","23,600",South 1,Alleppey,"4,416",-3,Need to Check
1197734,50,"September 25, 2026","2,314","23,600",South 1,Alleppey,"2,431",-3,Need to Check
1197734,50,"September 26, 2026","2,345","23,600",South 1,Alleppey,"2,431",-3,Need to Check
1197734,57,"September 28, 2026","5,204","23,600",South 1,Alleppey,"5,396",-3,Need to Check
1197734,57,"September 29, 2026","5,204","23,600",South 1,Alleppey,"5,396",-3,Need to Check
1197734,58,"September 28, 2026","5,204","23,600",South 1,Alleppey,"5,396",-3,Need to Check
1197734,58,"September 29, 2026","5,204","23,600",South 1,Alleppey,"5,396",-3,Need to Check
1197734,83,"September 28, 2026","4,238","23,600",South 1,Alleppey,"4,416",-3,Need to Check
1197734,83,"September 29, 2026","4,238","23,600",South 1,Alleppey,"4,416",-3,Need to Check
1197734,89,"September 28, 2026","5,204","23,600",South 1,Alleppey,"5,396",-3,Need to Check
1197734,89,"September 29, 2026","5,204","23,600",South 1,Alleppey,"5,396",-3,Need to Check
1229040,25,"September 15, 2026","1,629","20,000",North 2,Varanasi,"1,706",-3,Need to Check
1229040,26,"September 15, 2026","1,629","20,000",North 2,Varanasi,"1,706",-3,Need to Check
1374678,15,"September 15, 2026","1,844","27,848",West,Mumbai,"1,923",-3,Need to Check
1374678,38,"September 15, 2026","1,844","27,848",West,Mumbai,"1,923",-3,Need to Check
1375831,27,"September 16, 2026","2,219","23,600",West,Mumbai,"2,317",-3,Need to Check
1375831,28,"September 16, 2026","2,219","23,600",West,Mumbai,"2,317",-3,Need to Check
1375831,29,"September 16, 2026","2,633","23,600",West,Mumbai,"2,765",-3,Need to Check
1375831,30,"September 16, 2026","2,633","23,600",West,Mumbai,"2,765",-3,Need to Check
1375831,31,"September 16, 2026","2,633","23,600",West,Mumbai,"2,765",-3,Need to Check
1375831,32,"September 16, 2026","2,806","23,600",West,Mumbai,"2,937",-3,Need to Check
1375831,33,"September 16, 2026","2,806","23,600",West,Mumbai,"2,937",-3,Need to Check
1375831,34,"September 16, 2026","2,806","23,600",West,Mumbai,"2,937",-3,Need to Check
1375831,35,"September 16, 2026","3,323","23,600",West,Mumbai,"3,455",-3,Need to Check
1375831,36,"September 16, 2026","3,323","23,600",West,Mumbai,"3,455",-3,Need to Check
1375831,37,"September 16, 2026","3,323","23,600",West,Mumbai,"3,455",-3,Need to Check
1375831,57,"September 16, 2026","2,633","23,600",West,Mumbai,"2,765",-3,Need to Check
1375831,58,"September 16, 2026","2,806","23,600",West,Mumbai,"2,937",-3,Need to Check
1375831,89,"September 16, 2026","2,633","23,600",West,Mumbai,"2,765",-3,Need to Check
1377622,17,"September 16, 2026","2,752","23,600",West,Mumbai,"2,881",-3,Need to Check
1377622,18,"September 16, 2026","2,752","23,600",West,Mumbai,"2,881",-3,Need to Check
1377622,19,"September 16, 2026","2,959","23,600",West,Mumbai,"3,076",-3,Need to Check
1377622,20,"September 16, 2026","2,959","23,600",West,Mumbai,"3,076",-3,Need to Check
1377622,50,"September 16, 2026","2,752","23,600",West,Mumbai,"2,881",-3,Need to Check
1378391,21,"September 15, 2026","3,701","23,600",West,Mumbai,"3,857",-3,Need to Check
1378391,22,"September 15, 2026","3,701","23,600",West,Mumbai,"3,857",-3,Need to Check
1378391,39,"September 15, 2026","3,701","23,600",West,Mumbai,"3,857",-3,Need to Check
1378391,83,"September 15, 2026","3,701","23,600",West,Mumbai,"3,857",-3,Need to Check
1386481,27,"September 16, 2026","2,195","23,600",West,Goa,"2,286",-3,Need to Check
1386481,28,"September 16, 2026","2,195","23,600",West,Goa,"2,286",-3,Need to Check
1444313,35,"September 24, 2026","3,526","27,848",South 1,Ooty,"3,698",-3,Need to Check
1444313,36,"September 24, 2026","3,526","27,848",South 1,Ooty,"3,698",-3,Need to Check
1444313,37,"September 24, 2026","3,526","27,848",South 1,Ooty,"3,698",-3,Need to Check
1444313,42,"September 24, 2026","4,216","27,848",South 1,Ooty,"4,388",-3,Need to Check
1444313,43,"September 24, 2026","4,216","27,848",South 1,Ooty,"4,388",-3,Need to Check
1462197,21,"September 26, 2026","1,994","23,600",South 1,Mysore,"2,088",-3,Need to Check
1462197,21,"September 28, 2026","1,764","23,600",South 1,Mysore,"1,840",-3,Need to Check
1462197,21,"September 29, 2026","1,764","23,600",South 1,Mysore,"1,840",-3,Need to Check
1462197,22,"September 26, 2026","1,994","23,600",South 1,Mysore,"2,088",-3,Need to Check
1462197,22,"September 28, 2026","1,764","23,600",South 1,Mysore,"1,840",-3,Need to Check
1462197,22,"September 29, 2026","1,764","23,600",South 1,Mysore,"1,840",-3,Need to Check
1462197,23,"September 26, 2026","2,098","23,600",South 1,Mysore,"2,192",-3,Need to Check
1462197,23,"September 28, 2026","1,868","23,600",South 1,Mysore,"1,944",-3,Need to Check
1462197,23,"September 29, 2026","1,868","23,600",South 1,Mysore,"1,944",-3,Need to Check
1462197,24,"September 26, 2026","2,098","23,600",South 1,Mysore,"2,192",-3,Need to Check
1462197,24,"September 28, 2026","1,868","23,600",South 1,Mysore,"1,944",-3,Need to Check
1462197,24,"September 29, 2026","1,868","23,600",South 1,Mysore,"1,944",-3,Need to Check
1462197,29,"September 26, 2026","2,408","23,600",South 1,Mysore,"2,502",-3,Need to Check
1462197,30,"September 26, 2026","2,408","23,600",South 1,Mysore,"2,502",-3,Need to Check
1462197,31,"September 26, 2026","2,408","23,600",South 1,Mysore,"2,502",-3,Need to Check
1462197,39,"September 26, 2026","1,994","23,600",South 1,Mysore,"2,088",-3,Need to Check
1462197,39,"September 28, 2026","1,764","23,600",South 1,Mysore,"1,840",-3,Need to Check
1462197,39,"September 29, 2026","1,764","23,600",South 1,Mysore,"1,840",-3,Need to Check
1462197,40,"September 26, 2026","2,098","23,600",South 1,Mysore,"2,192",-3,Need to Check
1462197,40,"September 28, 2026","1,868","23,600",South 1,Mysore,"1,944",-3,Need to Check
1462197,40,"September 29, 2026","1,868","23,600",South 1,Mysore,"1,944",-3,Need to Check
1462197,42,"September 26, 2026","4,168","23,600",South 1,Mysore,"4,362",-3,Need to Check
1462197,42,"September 28, 2026","3,938","23,600",South 1,Mysore,"4,096",-3,Need to Check
1462197,42,"September 29, 2026","3,938","23,600",South 1,Mysore,"4,093",-3,Need to Check
1462197,43,"September 26, 2026","4,168","23,600",South 1,Mysore,"4,362",-3,Need to Check
1462197,43,"September 28, 2026","3,938","23,600",South 1,Mysore,"4,096",-3,Need to Check
1462197,43,"September 29, 2026","3,938","23,600",South 1,Mysore,"4,093",-3,Need to Check
1462197,57,"September 26, 2026","2,408","23,600",South 1,Mysore,"2,502",-3,Need to Check
1462197,83,"September 26, 2026","1,994","23,600",South 1,Mysore,"2,088",-3,Need to Check
1462197,83,"September 28, 2026","1,764","23,600",South 1,Mysore,"1,840",-3,Need to Check
1462197,83,"September 29, 2026","1,764","23,600",South 1,Mysore,"1,840",-3,Need to Check
1462197,89,"September 26, 2026","2,408","23,600",South 1,Mysore,"2,502",-3,Need to Check
1464454,21,"September 25, 2026","2,086","23,600",South 1,Mysore,"2,187",-3,Need to Check
1464454,22,"September 25, 2026","2,086","23,600",South 1,Mysore,"2,187",-3,Need to Check
1464454,23,"September 25, 2026","2,224","23,600",South 1,Mysore,"2,317",-3,Need to Check
1464454,24,"September 25, 2026","2,224","23,600",South 1,Mysore,"2,317",-3,Need to Check
1464454,39,"September 25, 2026","2,086","23,600",South 1,Mysore,"2,187",-3,Need to Check
1464454,40,"September 25, 2026","2,224","23,600",South 1,Mysore,"2,317",-3,Need to Check
1464454,83,"September 25, 2026","2,086","23,600",South 1,Mysore,"2,187",-3,Need to Check
1472508,21,"September 27, 2026","1,622","23,600",South 1,Coorg,"1,701",-3,Need to Check
1472508,21,"September 28, 2026","1,622","23,600",South 1,Coorg,"1,701",-3,Need to Check
1472508,21,"September 29, 2026","1,622","23,600",South 1,Coorg,"1,701",-3,Need to Check
1472508,22,"September 27, 2026","1,622","23,600",South 1,Coorg,"1,701",-3,Need to Check
1472508,22,"September 28, 2026","1,622","23,600",South 1,Coorg,"1,701",-3,Need to Check
1472508,22,"September 29, 2026","1,622","23,600",South 1,Coorg,"1,701",-3,Need to Check
1472508,23,"September 27, 2026","1,622","23,600",South 1,Coorg,"1,701",-3,Need to Check
1472508,23,"September 28, 2026","1,622","23,600",South 1,Coorg,"1,701",-3,Need to Check
1472508,23,"September 29, 2026","1,622","23,600",South 1,Coorg,"1,701",-3,Need to Check
1472508,24,"September 27, 2026","1,622","23,600",South 1,Coorg,"1,701",-3,Need to Check
1472508,24,"September 28, 2026","1,622","23,600",South 1,Coorg,"1,701",-3,Need to Check
1472508,24,"September 29, 2026","1,622","23,600",South 1,Coorg,"1,701",-3,Need to Check
1472508,24188,"September 25, 2026","4,198","23,600",South 1,Coorg,"4,380",-3,Need to Check
1472508,24188,"September 26, 2026","4,198","23,600",South 1,Coorg,"4,380",-3,Need to Check
1472508,24189,"September 25, 2026","4,888","23,600",South 1,Coorg,"5,070",-3,Need to Check
1472508,24189,"September 26, 2026","4,888","23,600",South 1,Coorg,"5,070",-3,Need to Check
1472508,39,"September 27, 2026","1,622","23,600",South 1,Coorg,"1,701",-3,Need to Check
1472508,39,"September 28, 2026","1,622","23,600",South 1,Coorg,"1,701",-3,Need to Check
1472508,39,"September 29, 2026","1,622","23,600",South 1,Coorg,"1,701",-3,Need to Check
1472508,40,"September 27, 2026","1,622","23,600",South 1,Coorg,"1,701",-3,Need to Check
1472508,40,"September 28, 2026","1,622","23,600",South 1,Coorg,"1,701",-3,Need to Check
1472508,40,"September 29, 2026","1,622","23,600",South 1,Coorg,"1,701",-3,Need to Check
1472508,42,"September 25, 2026","4,198","23,600",South 1,Coorg,"4,380",-3,Need to Check
1472508,42,"September 26, 2026","4,198","23,600",South 1,Coorg,"4,380",-3,Need to Check
1472508,43,"September 25, 2026","4,198","23,600",South 1,Coorg,"4,380",-3,Need to Check
1472508,43,"September 26, 2026","4,198","23,600",South 1,Coorg,"4,380",-3,Need to Check
1472508,44,"September 25, 2026","4,198","23,600",South 1,Coorg,"4,380",-3,Need to Check
1472508,44,"September 26, 2026","4,198","23,600",South 1,Coorg,"4,380",-3,Need to Check
1472508,47,"September 25, 2026","4,888","23,600",South 1,Coorg,"5,070",-3,Need to Check
1472508,47,"September 26, 2026","4,888","23,600",South 1,Coorg,"5,070",-3,Need to Check
1472508,48,"September 25, 2026","4,888","23,600",South 1,Coorg,"5,070",-3,Need to Check
1472508,48,"September 26, 2026","4,888","23,600",South 1,Coorg,"5,070",-3,Need to Check
1472508,49,"September 25, 2026","4,888","23,600",South 1,Coorg,"5,070",-3,Need to Check
1472508,49,"September 26, 2026","4,888","23,600",South 1,Coorg,"5,070",-3,Need to Check
1472508,60,"September 25, 2026","4,198","23,600",South 1,Coorg,"4,380",-3,Need to Check
1472508,60,"September 26, 2026","4,198","23,600",South 1,Coorg,"4,380",-3,Need to Check
1472508,61,"September 25, 2026","4,888","23,600",South 1,Coorg,"5,070",-3,Need to Check
1472508,61,"September 26, 2026","4,888","23,600",South 1,Coorg,"5,070",-3,Need to Check
1472508,62,"September 27, 2026","5,279","23,600",South 1,Coorg,"5,518",-3,Need to Check
1472508,62,"September 28, 2026","5,279","23,600",South 1,Coorg,"5,518",-3,Need to Check
1472508,62,"September 29, 2026","5,279","23,600",South 1,Coorg,"5,518",-3,Need to Check
1472508,63,"September 27, 2026","5,279","23,600",South 1,Coorg,"5,518",-3,Need to Check
1472508,63,"September 28, 2026","5,279","23,600",South 1,Coorg,"5,518",-3,Need to Check
1472508,63,"September 29, 2026","5,279","23,600",South 1,Coorg,"5,518",-3,Need to Check
1472508,67,"September 27, 2026","5,969","23,600",South 1,Coorg,"6,208",-3,Need to Check
1472508,67,"September 28, 2026","5,969","23,600",South 1,Coorg,"6,208",-3,Need to Check
1472508,67,"September 29, 2026","5,969","23,600",South 1,Coorg,"6,208",-3,Need to Check
1472508,68,"September 27, 2026","5,969","23,600",South 1,Coorg,"6,208",-3,Need to Check
1472508,68,"September 28, 2026","5,969","23,600",South 1,Coorg,"6,208",-3,Need to Check
1472508,68,"September 29, 2026","5,969","23,600",South 1,Coorg,"6,208",-3,Need to Check
1472508,69,"September 27, 2026","5,969","23,600",South 1,Coorg,"6,208",-3,Need to Check
1472508,69,"September 28, 2026","5,969","23,600",South 1,Coorg,"6,208",-3,Need to Check
1472508,69,"September 29, 2026","5,969","23,600",South 1,Coorg,"6,208",-3,Need to Check
1472508,83,"September 27, 2026","1,622","23,600",South 1,Coorg,"1,701",-3,Need to Check
1472508,83,"September 28, 2026","1,622","23,600",South 1,Coorg,"1,701",-3,Need to Check
1472508,83,"September 29, 2026","1,622","23,600",South 1,Coorg,"1,701",-3,Need to Check
1472508,84,"September 27, 2026","1,622","23,600",South 1,Coorg,"1,701",-3,Need to Check
1472508,84,"September 28, 2026","1,622","23,600",South 1,Coorg,"1,701",-3,Need to Check
1472508,84,"September 29, 2026","1,622","23,600",South 1,Coorg,"1,701",-3,Need to Check
1472508,92,"September 25, 2026","4,198","23,600",South 1,Coorg,"4,380",-3,Need to Check
1472508,92,"September 26, 2026","4,198","23,600",South 1,Coorg,"4,380",-3,Need to Check
1472508,97,"September 27, 2026","1,622","23,600",South 1,Coorg,"1,701",-3,Need to Check
1472508,97,"September 28, 2026","1,622","23,600",South 1,Coorg,"1,701",-3,Need to Check
1472508,97,"September 29, 2026","1,622","23,600",South 1,Coorg,"1,701",-3,Need to Check
1477779,21,"September 27, 2026","1,841","23,600",South 1,Coorg,"1,930",-3,Need to Check
1477779,22,"September 27, 2026","1,841","23,600",South 1,Coorg,"1,930",-3,Need to Check
1477779,23,"September 27, 2026","1,841","23,600",South 1,Coorg,"1,930",-3,Need to Check
1477779,24,"September 27, 2026","1,841","23,600",South 1,Coorg,"1,930",-3,Need to Check
1477779,25,"September 27, 2026","1,910","23,600",South 1,Coorg,"1,995",-3,Need to Check
1477779,25,"September 28, 2026","1,902","23,600",South 1,Coorg,"1,995",-3,Need to Check
1477779,25,"September 29, 2026","1,902","23,600",South 1,Coorg,"1,995",-3,Need to Check
1477779,26,"September 27, 2026","1,910","23,600",South 1,Coorg,"1,995",-3,Need to Check
1477779,26,"September 28, 2026","1,902","23,600",South 1,Coorg,"1,995",-3,Need to Check
1477779,26,"September 29, 2026","1,902","23,600",South 1,Coorg,"1,995",-3,Need to Check
1477779,39,"September 27, 2026","1,841","23,600",South 1,Coorg,"1,930",-3,Need to Check
1477779,40,"September 27, 2026","1,841","23,600",South 1,Coorg,"1,930",-3,Need to Check
1477779,83,"September 27, 2026","1,841","23,600",South 1,Coorg,"1,930",-3,Need to Check
1479897,17,"September 28, 2026","1,350","23,600",South 1,Coorg,"1,404",-3,Need to Check
1479897,17,"September 29, 2026","1,350","23,600",South 1,Coorg,"1,404",-3,Need to Check
1479897,18,"September 28, 2026","1,350","23,600",South 1,Coorg,"1,404",-3,Need to Check
1479897,18,"September 29, 2026","1,350","23,600",South 1,Coorg,"1,404",-3,Need to Check
1479897,19,"September 28, 2026","1,350","23,600",South 1,Coorg,"1,404",-3,Need to Check
1479897,19,"September 29, 2026","1,350","23,600",South 1,Coorg,"1,404",-3,Need to Check
1479897,20,"September 28, 2026","1,350","23,600",South 1,Coorg,"1,404",-3,Need to Check
1479897,20,"September 29, 2026","1,350","23,600",South 1,Coorg,"1,404",-3,Need to Check
1479897,50,"September 28, 2026","1,350","23,600",South 1,Coorg,"1,404",-3,Need to Check
1479897,50,"September 29, 2026","1,350","23,600",South 1,Coorg,"1,404",-3,Need to Check
1479897,51,"September 28, 2026","1,350","23,600",South 1,Coorg,"1,404",-3,Need to Check
1479897,51,"September 29, 2026","1,350","23,600",South 1,Coorg,"1,404",-3,Need to Check
1479897,87,"September 28, 2026","1,350","23,600",South 1,Coorg,"1,404",-3,Need to Check
1479897,87,"September 29, 2026","1,350","23,600",South 1,Coorg,"1,404",-3,Need to Check
1501004,27,"September 15, 2026","1,921","23,600",West,Pune,"2,004",-3,Need to Check
1501004,28,"September 15, 2026","1,921","23,600",West,Pune,"2,004",-3,Need to Check
1501649,21,"September 16, 2026","1,688","20,000",West,Pune,"1,768",-3,Need to Check
1501649,22,"September 16, 2026","1,688","20,000",West,Pune,"1,768",-3,Need to Check
1501649,23,"September 16, 2026","1,826","20,000",West,Pune,"1,898",-3,Need to Check
1501649,24,"September 16, 2026","1,826","20,000",West,Pune,"1,898",-3,Need to Check
1501649,25,"September 16, 2026","1,619","20,000",West,Pune,"1,699",-3,Need to Check
1501649,26,"September 16, 2026","1,619","20,000",West,Pune,"1,699",-3,Need to Check
1501649,39,"September 16, 2026","1,688","20,000",West,Pune,"1,768",-3,Need to Check
1501649,40,"September 16, 2026","1,826","20,000",West,Pune,"1,898",-3,Need to Check
1501649,83,"September 16, 2026","1,688","20,000",West,Pune,"1,768",-3,Need to Check
1505657,23,"September 15, 2026","2,936","23,600",West,Pune,"3,074",-3,Need to Check
1505657,24,"September 15, 2026","2,936","23,600",West,Pune,"3,074",-3,Need to Check
1505657,27,"September 15, 2026","3,488","23,600",West,Pune,"3,626",-3,Need to Check
1505657,28,"September 15, 2026","3,488","23,600",West,Pune,"3,626",-3,Need to Check
1505657,40,"September 15, 2026","2,936","23,600",West,Pune,"3,074",-3,Need to Check
1516017,29,"September 15, 2026","2,173","23,600",West,Nashik,"2,267",-3,Need to Check
1516017,29,"September 16, 2026","2,173","23,600",West,Nashik,"2,267",-3,Need to Check
1516017,30,"September 15, 2026","2,173","23,600",West,Nashik,"2,267",-3,Need to Check
1516017,30,"September 16, 2026","2,173","23,600",West,Nashik,"2,267",-3,Need to Check
1516017,31,"September 15, 2026","2,173","23,600",West,Nashik,"2,267",-3,Need to Check
1516017,31,"September 16, 2026","2,173","23,600",West,Nashik,"2,267",-3,Need to Check
1516017,32,"September 15, 2026","2,346","23,600",West,Nashik,"2,439",-3,Need to Check
1516017,32,"September 16, 2026","2,346","23,600",West,Nashik,"2,439",-3,Need to Check
1516017,33,"September 15, 2026","2,346","23,600",West,Nashik,"2,439",-3,Need to Check
1516017,33,"September 16, 2026","2,346","23,600",West,Nashik,"2,439",-3,Need to Check
1516017,34,"September 15, 2026","2,346","23,600",West,Nashik,"2,439",-3,Need to Check
1516017,34,"September 16, 2026","2,346","23,600",West,Nashik,"2,439",-3,Need to Check
1516017,57,"September 15, 2026","2,173","23,600",West,Nashik,"2,267",-3,Need to Check
1516017,57,"September 16, 2026","2,173","23,600",West,Nashik,"2,267",-3,Need to Check
1593685,35,"September 15, 2026","1,787","23,600",South 2,Hyderabad,"1,873",-3,Need to Check
1593685,35,"September 16, 2026","1,787","23,600",South 2,Hyderabad,"1,873",-3,Need to Check
1593685,35,"September 17, 2026","1,787","23,600",South 2,Hyderabad,"1,873",-3,Need to Check
1593685,35,"September 18, 2026","1,787","23,600",South 2,Hyderabad,"1,873",-3,Need to Check
1593685,35,"September 19, 2026","1,787","23,600",South 2,Hyderabad,"1,873",-3,Need to Check
1593685,36,"September 15, 2026","1,787","23,600",South 2,Hyderabad,"1,873",-3,Need to Check
1593685,36,"September 16, 2026","1,787","23,600",South 2,Hyderabad,"1,873",-3,Need to Check
1593685,36,"September 17, 2026","1,787","23,600",South 2,Hyderabad,"1,873",-3,Need to Check
1593685,36,"September 18, 2026","1,787","23,600",South 2,Hyderabad,"1,873",-3,Need to Check
1593685,36,"September 19, 2026","1,787","23,600",South 2,Hyderabad,"1,873",-3,Need to Check
1593685,37,"September 15, 2026","1,787","23,600",South 2,Hyderabad,"1,873",-3,Need to Check
1593685,37,"September 16, 2026","1,787","23,600",South 2,Hyderabad,"1,873",-3,Need to Check
1593685,37,"September 17, 2026","1,787","23,600",South 2,Hyderabad,"1,873",-3,Need to Check
1593685,37,"September 18, 2026","1,787","23,600",South 2,Hyderabad,"1,873",-3,Need to Check
1593685,37,"September 19, 2026","1,787","23,600",South 2,Hyderabad,"1,873",-3,Need to Check
2013518,17,"September 25, 2026","1,141","23,600",South 1,Thiruvananthapuram,"1,182",-3,Need to Check
2013518,17,"September 26, 2026","1,141","23,600",South 1,Thiruvananthapuram,"1,182",-3,Need to Check
2013518,18,"September 25, 2026","1,141","23,600",South 1,Thiruvananthapuram,"1,182",-3,Need to Check
2013518,18,"September 26, 2026","1,141","23,600",South 1,Thiruvananthapuram,"1,182",-3,Need to Check
2013518,50,"September 25, 2026","1,141","23,600",South 1,Thiruvananthapuram,"1,182",-3,Need to Check
2013518,50,"September 26, 2026","1,141","23,600",South 1,Thiruvananthapuram,"1,182",-3,Need to Check
2026607,27,"September 25, 2026","2,107","20,000",South 1,Mangalore,"2,205",-3,Need to Check
2026607,27,"September 26, 2026","2,107","20,000",South 1,Mangalore,"2,205",-3,Need to Check
2026607,28,"September 25, 2026","2,107","20,000",South 1,Mangalore,"2,205",-3,Need to Check
2026607,28,"September 26, 2026","2,107","20,000",South 1,Mangalore,"2,205",-3,Need to Check
2026607,35,"September 25, 2026","2,245","20,000",South 1,Mangalore,"2,343",-3,Need to Check
2026607,35,"September 26, 2026","2,245","20,000",South 1,Mangalore,"2,343",-3,Need to Check
2026607,36,"September 25, 2026","2,245","20,000",South 1,Mangalore,"2,343",-3,Need to Check
2026607,36,"September 26, 2026","2,245","20,000",South 1,Mangalore,"2,343",-3,Need to Check
2026607,37,"September 25, 2026","2,245","20,000",South 1,Mangalore,"2,343",-3,Need to Check
2026607,37,"September 26, 2026","2,245","20,000",South 1,Mangalore,"2,343",-3,Need to Check
2026607,42,"September 25, 2026","2,590","20,000",South 1,Mangalore,"2,688",-3,Need to Check
2026607,42,"September 26, 2026","2,590","20,000",South 1,Mangalore,"2,688",-3,Need to Check
2026607,43,"September 25, 2026","2,590","20,000",South 1,Mangalore,"2,688",-3,Need to Check
2026607,43,"September 26, 2026","2,590","20,000",South 1,Mangalore,"2,688",-3,Need to Check
2027305,17,"September 16, 2026","1,603","23,600",South 1,Mangalore,"1,670",-3,Need to Check
2027305,18,"September 16, 2026","1,603","23,600",South 1,Mangalore,"1,670",-3,Need to Check
2027305,23,"September 25, 2026","2,102","23,600",South 1,Mangalore,"2,202",-3,Need to Check
2027305,24,"September 25, 2026","2,102","23,600",South 1,Mangalore,"2,202",-3,Need to Check
2027305,25,"September 25, 2026","2,240","23,600",South 1,Mangalore,"2,332",-3,Need to Check
2027305,26,"September 25, 2026","2,240","23,600",South 1,Mangalore,"2,332",-3,Need to Check
2027305,29,"September 25, 2026","2,240","23,600",South 1,Mangalore,"2,332",-3,Need to Check
2027305,30,"September 25, 2026","2,240","23,600",South 1,Mangalore,"2,332",-3,Need to Check
2027305,31,"September 25, 2026","2,240","23,600",South 1,Mangalore,"2,332",-3,Need to Check
2027305,40,"September 25, 2026","2,102","23,600",South 1,Mangalore,"2,202",-3,Need to Check
2027305,50,"September 16, 2026","1,603","23,600",South 1,Mangalore,"1,670",-3,Need to Check
2027305,57,"September 25, 2026","2,240","23,600",South 1,Mangalore,"2,332",-3,Need to Check
2027305,84,"September 25, 2026","2,102","23,600",South 1,Mangalore,"2,202",-3,Need to Check
2027305,87,"September 16, 2026","1,603","23,600",South 1,Mangalore,"1,670",-3,Need to Check
2027305,89,"September 25, 2026","2,240","23,600",South 1,Mangalore,"2,332",-3,Need to Check
2055589,19,"September 16, 2026","1,762","23,600",West,Nagpur,"1,839",-3,Need to Check
2055589,20,"September 16, 2026","1,762","23,600",West,Nagpur,"1,839",-3,Need to Check
2055589,21,"September 16, 2026","1,900","23,600",West,Nagpur,"1,969",-3,Need to Check
2055589,22,"September 16, 2026","1,900","23,600",West,Nagpur,"1,969",-3,Need to Check
2055589,39,"September 16, 2026","1,900","23,600",West,Nagpur,"1,969",-3,Need to Check
2055589,51,"September 16, 2026","1,762","23,600",West,Nagpur,"1,839",-3,Need to Check
2055589,83,"September 16, 2026","1,900","23,600",West,Nagpur,"1,969",-3,Need to Check
3009824,17,"September 17, 2026",918,"23,600",North 2,Rishikesh,954,-3,Need to Check
3009824,17,"September 18, 2026",918,"23,600",North 2,Rishikesh,954,-3,Need to Check
3009824,18,"September 17, 2026",918,"23,600",North 2,Rishikesh,954,-3,Need to Check
3009824,18,"September 18, 2026",918,"23,600",North 2,Rishikesh,954,-3,Need to Check
3009824,19,"September 17, 2026",918,"23,600",North 2,Rishikesh,954,-3,Need to Check
3009824,19,"September 18, 2026",918,"23,600",North 2,Rishikesh,954,-3,Need to Check
3009824,20,"September 17, 2026",918,"23,600",North 2,Rishikesh,954,-3,Need to Check
3009824,20,"September 18, 2026",918,"23,600",North 2,Rishikesh,954,-3,Need to Check
3009824,21,"September 19, 2026","1,107","23,600",North 2,Rishikesh,"1,161",-3,Need to Check
3009824,21,"September 20, 2026","1,107","23,600",North 2,Rishikesh,"1,161",-3,Need to Check
3009824,21,"September 21, 2026","1,107","23,600",North 2,Rishikesh,"1,161",-3,Need to Check
3009824,21,"September 22, 2026","1,107","23,600",North 2,Rishikesh,"1,161",-3,Need to Check
3009824,21,"September 23, 2026","1,107","23,600",North 2,Rishikesh,"1,161",-3,Need to Check
3009824,21,"September 24, 2026","1,107","23,600",North 2,Rishikesh,"1,161",-3,Need to Check
3009824,22,"September 19, 2026","1,107","23,600",North 2,Rishikesh,"1,161",-3,Need to Check
3009824,22,"September 20, 2026","1,107","23,600",North 2,Rishikesh,"1,161",-3,Need to Check
3009824,22,"September 21, 2026","1,107","23,600",North 2,Rishikesh,"1,161",-3,Need to Check
3009824,22,"September 22, 2026","1,107","23,600",North 2,Rishikesh,"1,161",-3,Need to Check
3009824,22,"September 23, 2026","1,107","23,600",North 2,Rishikesh,"1,161",-3,Need to Check
3009824,22,"September 24, 2026","1,107","23,600",North 2,Rishikesh,"1,161",-3,Need to Check
3009824,23,"September 19, 2026","1,107","23,600",North 2,Rishikesh,"1,161",-3,Need to Check
3009824,23,"September 20, 2026","1,107","23,600",North 2,Rishikesh,"1,161",-3,Need to Check
3009824,23,"September 21, 2026","1,107","23,600",North 2,Rishikesh,"1,161",-3,Need to Check
3009824,23,"September 22, 2026","1,107","23,600",North 2,Rishikesh,"1,161",-3,Need to Check
3009824,23,"September 23, 2026","1,107","23,600",North 2,Rishikesh,"1,161",-3,Need to Check
3009824,23,"September 24, 2026","1,107","23,600",North 2,Rishikesh,"1,161",-3,Need to Check
3009824,24,"September 19, 2026","1,107","23,600",North 2,Rishikesh,"1,161",-3,Need to Check
3009824,24,"September 20, 2026","1,107","23,600",North 2,Rishikesh,"1,161",-3,Need to Check
3009824,24,"September 21, 2026","1,107","23,600",North 2,Rishikesh,"1,161",-3,Need to Check
3009824,24,"September 22, 2026","1,107","23,600",North 2,Rishikesh,"1,161",-3,Need to Check
3009824,24,"September 23, 2026","1,107","23,600",North 2,Rishikesh,"1,161",-3,Need to Check
3009824,24,"September 24, 2026","1,107","23,600",North 2,Rishikesh,"1,161",-3,Need to Check
3009824,27,"September 19, 2026","1,452","23,600",North 2,Rishikesh,"1,506",-3,Need to Check
3009824,27,"September 20, 2026","1,452","23,600",North 2,Rishikesh,"1,506",-3,Need to Check
3009824,27,"September 21, 2026","1,452","23,600",North 2,Rishikesh,"1,506",-3,Need to Check
3009824,27,"September 22, 2026","1,452","23,600",North 2,Rishikesh,"1,506",-3,Need to Check
3009824,27,"September 23, 2026","1,452","23,600",North 2,Rishikesh,"1,506",-3,Need to Check
3009824,27,"September 24, 2026","1,452","23,600",North 2,Rishikesh,"1,506",-3,Need to Check
3009824,28,"September 19, 2026","1,452","23,600",North 2,Rishikesh,"1,506",-3,Need to Check
3009824,28,"September 20, 2026","1,452","23,600",North 2,Rishikesh,"1,506",-3,Need to Check
3009824,28,"September 21, 2026","1,452","23,600",North 2,Rishikesh,"1,506",-3,Need to Check
3009824,28,"September 22, 2026","1,452","23,600",North 2,Rishikesh,"1,506",-3,Need to Check
3009824,28,"September 23, 2026","1,452","23,600",North 2,Rishikesh,"1,506",-3,Need to Check
3009824,28,"September 24, 2026","1,452","23,600",North 2,Rishikesh,"1,506",-3,Need to Check
3009824,39,"September 19, 2026","1,107","23,600",North 2,Rishikesh,"1,161",-3,Need to Check
3009824,39,"September 20, 2026","1,107","23,600",North 2,Rishikesh,"1,161",-3,Need to Check
3009824,39,"September 21, 2026","1,107","23,600",North 2,Rishikesh,"1,161",-3,Need to Check
3009824,39,"September 22, 2026","1,107","23,600",North 2,Rishikesh,"1,161",-3,Need to Check
3009824,39,"September 23, 2026","1,107","23,600",North 2,Rishikesh,"1,161",-3,Need to Check
3009824,39,"September 24, 2026","1,107","23,600",North 2,Rishikesh,"1,161",-3,Need to Check
3009824,40,"September 19, 2026","1,107","23,600",North 2,Rishikesh,"1,161",-3,Need to Check
3009824,40,"September 20, 2026","1,107","23,600",North 2,Rishikesh,"1,161",-3,Need to Check
3009824,40,"September 21, 2026","1,107","23,600",North 2,Rishikesh,"1,161",-3,Need to Check
3009824,40,"September 22, 2026","1,107","23,600",North 2,Rishikesh,"1,161",-3,Need to Check
3009824,40,"September 23, 2026","1,107","23,600",North 2,Rishikesh,"1,161",-3,Need to Check
3009824,40,"September 24, 2026","1,107","23,600",North 2,Rishikesh,"1,161",-3,Need to Check
3009824,50,"September 17, 2026",918,"23,600",North 2,Rishikesh,954,-3,Need to Check
3009824,50,"September 18, 2026",918,"23,600",North 2,Rishikesh,954,-3,Need to Check
3009824,83,"September 19, 2026","1,107","23,600",North 2,Rishikesh,"1,161",-3,Need to Check
3009824,83,"September 20, 2026","1,107","23,600",North 2,Rishikesh,"1,161",-3,Need to Check
3009824,83,"September 21, 2026","1,107","23,600",North 2,Rishikesh,"1,161",-3,Need to Check
3009824,83,"September 22, 2026","1,107","23,600",North 2,Rishikesh,"1,161",-3,Need to Check
3009824,83,"September 23, 2026","1,107","23,600",North 2,Rishikesh,"1,161",-3,Need to Check
3009824,83,"September 24, 2026","1,107","23,600",North 2,Rishikesh,"1,161",-3,Need to Check
0002365,25,"September 27, 2026","2,127","23,600",South 1,Mangalore,"2,237",-4,Need to Check
0002365,25,"September 28, 2026","2,127","23,600",South 1,Mangalore,"2,237",-4,Need to Check
0002365,25,"September 29, 2026","2,127","23,600",South 1,Mangalore,"2,237",-4,Need to Check
0002365,26,"September 27, 2026","2,127","23,600",South 1,Mangalore,"2,237",-4,Need to Check
0002365,26,"September 28, 2026","2,127","23,600",South 1,Mangalore,"2,237",-4,Need to Check
0002365,26,"September 29, 2026","2,127","23,600",South 1,Mangalore,"2,237",-4,Need to Check
0045959,18,"September 28, 2026","1,619","20,000",South 2,Hyderabad,"1,723",-4,Need to Check
0045959,18,"September 28, 2026","1,619","20,000",South 2,Hyderabad,"1,723",-4,Need to Check
0045959,18,"September 29, 2026","1,619","20,000",South 2,Hyderabad,"1,723",-4,Need to Check
0045959,18,"September 29, 2026","1,619","20,000",South 2,Hyderabad,"1,723",-4,Need to Check
0045959,18,"September 30, 2026","1,619","20,000",South 2,Hyderabad,"1,723",-4,Need to Check
0045959,18,"September 30, 2026","1,619","20,000",South 2,Hyderabad,"1,723",-4,Need to Check
0045959,18,"October 2, 2026","1,619","20,000",South 2,Hyderabad,"1,723",-4,Need to Check
0045959,18,"October 2, 2026","1,619","20,000",South 2,Hyderabad,"1,723",-4,Need to Check
0045959,18,"October 4, 2026","1,619","20,000",South 2,Hyderabad,"1,723",-4,Need to Check
0045959,18,"October 4, 2026","1,619","20,000",South 2,Hyderabad,"1,723",-4,Need to Check
0045959,18,"October 9, 2026","1,619","20,000",South 2,Hyderabad,"1,723",-4,Need to Check
0045959,18,"October 9, 2026","1,619","20,000",South 2,Hyderabad,"1,723",-4,Need to Check
0045959,18,"October 10, 2026","1,619","20,000",South 2,Hyderabad,"1,723",-4,Need to Check
0045959,18,"October 10, 2026","1,619","20,000",South 2,Hyderabad,"1,723",-4,Need to Check
0045959,18,"October 11, 2026","1,619","20,000",South 2,Hyderabad,"1,723",-4,Need to Check
0045959,18,"October 11, 2026","1,619","20,000",South 2,Hyderabad,"1,723",-4,Need to Check
0045959,18,"October 12, 2026","1,619","20,000",South 2,Hyderabad,"1,723",-4,Need to Check
0045959,18,"October 12, 2026","1,619","20,000",South 2,Hyderabad,"1,723",-4,Need to Check
0045959,19,"September 26, 2026","1,723","20,000",South 2,Hyderabad,"1,834",-4,Need to Check
0045959,19,"September 26, 2026","1,723","20,000",South 2,Hyderabad,"1,834",-4,Need to Check
0045959,19,"September 27, 2026","1,723","20,000",South 2,Hyderabad,"1,829",-4,Need to Check
0045959,19,"September 27, 2026","1,723","20,000",South 2,Hyderabad,"1,829",-4,Need to Check
0045959,19,"September 28, 2026","1,723","20,000",South 2,Hyderabad,"1,827",-4,Need to Check
0045959,19,"September 28, 2026","1,723","20,000",South 2,Hyderabad,"1,827",-4,Need to Check
0045959,19,"September 29, 2026","1,723","20,000",South 2,Hyderabad,"1,827",-4,Need to Check
0045959,19,"September 29, 2026","1,723","20,000",South 2,Hyderabad,"1,827",-4,Need to Check
0045959,19,"September 30, 2026","1,723","20,000",South 2,Hyderabad,"1,827",-4,Need to Check
0045959,19,"September 30, 2026","1,723","20,000",South 2,Hyderabad,"1,827",-4,Need to Check
0045959,19,"October 2, 2026","1,723","20,000",South 2,Hyderabad,"1,827",-4,Need to Check
0045959,19,"October 2, 2026","1,723","20,000",South 2,Hyderabad,"1,827",-4,Need to Check
0045959,19,"October 4, 2026","1,723","20,000",South 2,Hyderabad,"1,827",-4,Need to Check
0045959,19,"October 4, 2026","1,723","20,000",South 2,Hyderabad,"1,827",-4,Need to Check
0045959,19,"October 5, 2026","1,723","20,000",South 2,Hyderabad,"1,829",-4,Need to Check
0045959,19,"October 5, 2026","1,723","20,000",South 2,Hyderabad,"1,829",-4,Need to Check
0045959,19,"October 6, 2026","1,723","20,000",South 2,Hyderabad,"1,829",-4,Need to Check
0045959,19,"October 6, 2026","1,723","20,000",South 2,Hyderabad,"1,829",-4,Need to Check
0045959,19,"October 7, 2026","1,723","20,000",South 2,Hyderabad,"1,829",-4,Need to Check
0045959,19,"October 7, 2026","1,723","20,000",South 2,Hyderabad,"1,829",-4,Need to Check
0045959,19,"October 8, 2026","1,723","20,000",South 2,Hyderabad,"1,829",-4,Need to Check
0045959,19,"October 8, 2026","1,723","20,000",South 2,Hyderabad,"1,829",-4,Need to Check
0045959,19,"October 9, 2026","1,723","20,000",South 2,Hyderabad,"1,827",-4,Need to Check
0045959,19,"October 9, 2026","1,723","20,000",South 2,Hyderabad,"1,827",-4,Need to Check
0045959,19,"October 10, 2026","1,723","20,000",South 2,Hyderabad,"1,827",-4,Need to Check
0045959,19,"October 10, 2026","1,723","20,000",South 2,Hyderabad,"1,827",-4,Need to Check
0045959,19,"October 11, 2026","1,723","20,000",South 2,Hyderabad,"1,827",-4,Need to Check
0045959,19,"October 11, 2026","1,723","20,000",South 2,Hyderabad,"1,827",-4,Need to Check
0045959,19,"October 12, 2026","1,723","20,000",South 2,Hyderabad,"1,827",-4,Need to Check
0045959,19,"October 12, 2026","1,723","20,000",South 2,Hyderabad,"1,827",-4,Need to Check
0045959,19,"October 13, 2026","1,723","20,000",South 2,Hyderabad,"1,829",-4,Need to Check
0045959,19,"October 13, 2026","1,723","20,000",South 2,Hyderabad,"1,829",-4,Need to Check
0045959,19,"October 14, 2026","1,723","20,000",South 2,Hyderabad,"1,829",-4,Need to Check
0045959,19,"October 14, 2026","1,723","20,000",South 2,Hyderabad,"1,829",-4,Need to Check
0045959,19,"October 15, 2026","1,723","20,000",South 2,Hyderabad,"1,829",-4,Need to Check
0045959,19,"October 15, 2026","1,723","20,000",South 2,Hyderabad,"1,829",-4,Need to Check
0045959,20,"September 26, 2026","1,723","20,000",South 2,Hyderabad,"1,834",-4,Need to Check
0045959,20,"September 26, 2026","1,723","20,000",South 2,Hyderabad,"1,834",-4,Need to Check
0045959,20,"September 27, 2026","1,723","20,000",South 2,Hyderabad,"1,829",-4,Need to Check
0045959,20,"September 27, 2026","1,723","20,000",South 2,Hyderabad,"1,829",-4,Need to Check
0045959,20,"September 28, 2026","1,723","20,000",South 2,Hyderabad,"1,827",-4,Need to Check
0045959,20,"September 28, 2026","1,723","20,000",South 2,Hyderabad,"1,827",-4,Need to Check
0045959,20,"September 29, 2026","1,723","20,000",South 2,Hyderabad,"1,827",-4,Need to Check
0045959,20,"September 29, 2026","1,723","20,000",South 2,Hyderabad,"1,827",-4,Need to Check
0045959,20,"September 30, 2026","1,723","20,000",South 2,Hyderabad,"1,827",-4,Need to Check
0045959,20,"September 30, 2026","1,723","20,000",South 2,Hyderabad,"1,827",-4,Need to Check
0045959,20,"October 2, 2026","1,723","20,000",South 2,Hyderabad,"1,827",-4,Need to Check
0045959,20,"October 2, 2026","1,723","20,000",South 2,Hyderabad,"1,827",-4,Need to Check
0045959,20,"October 4, 2026","1,723","20,000",South 2,Hyderabad,"1,827",-4,Need to Check
0045959,20,"October 4, 2026","1,723","20,000",South 2,Hyderabad,"1,827",-4,Need to Check
0045959,20,"October 5, 2026","1,723","20,000",South 2,Hyderabad,"1,829",-4,Need to Check
0045959,20,"October 5, 2026","1,723","20,000",South 2,Hyderabad,"1,829",-4,Need to Check
0045959,20,"October 6, 2026","1,723","20,000",South 2,Hyderabad,"1,829",-4,Need to Check
0045959,20,"October 6, 2026","1,723","20,000",South 2,Hyderabad,"1,829",-4,Need to Check
0045959,20,"October 7, 2026","1,723","20,000",South 2,Hyderabad,"1,829",-4,Need to Check
0045959,20,"October 7, 2026","1,723","20,000",South 2,Hyderabad,"1,829",-4,Need to Check
0045959,20,"October 8, 2026","1,723","20,000",South 2,Hyderabad,"1,829",-4,Need to Check
0045959,20,"October 8, 2026","1,723","20,000",South 2,Hyderabad,"1,829",-4,Need to Check
0045959,20,"October 9, 2026","1,723","20,000",South 2,Hyderabad,"1,827",-4,Need to Check
0045959,20,"October 9, 2026","1,723","20,000",South 2,Hyderabad,"1,827",-4,Need to Check
0045959,20,"October 10, 2026","1,723","20,000",South 2,Hyderabad,"1,827",-4,Need to Check
0045959,20,"October 10, 2026","1,723","20,000",South 2,Hyderabad,"1,827",-4,Need to Check
0045959,20,"October 11, 2026","1,723","20,000",South 2,Hyderabad,"1,827",-4,Need to Check
0045959,20,"October 11, 2026","1,723","20,000",South 2,Hyderabad,"1,827",-4,Need to Check
0045959,20,"October 12, 2026","1,723","20,000",South 2,Hyderabad,"1,827",-4,Need to Check
0045959,20,"October 12, 2026","1,723","20,000",South 2,Hyderabad,"1,827",-4,Need to Check
0045959,20,"October 13, 2026","1,723","20,000",South 2,Hyderabad,"1,829",-4,Need to Check
0045959,20,"October 13, 2026","1,723","20,000",South 2,Hyderabad,"1,829",-4,Need to Check
0045959,20,"October 14, 2026","1,723","20,000",South 2,Hyderabad,"1,829",-4,Need to Check
0045959,20,"October 14, 2026","1,723","20,000",South 2,Hyderabad,"1,829",-4,Need to Check
0045959,20,"October 15, 2026","1,723","20,000",South 2,Hyderabad,"1,829",-4,Need to Check
0045959,20,"October 15, 2026","1,723","20,000",South 2,Hyderabad,"1,829",-4,Need to Check
0045959,21,"September 25, 2026","1,861","20,000",South 2,Hyderabad,"1,980",-4,Need to Check
0045959,21,"September 26, 2026","1,861","20,000",South 2,Hyderabad,"1,980",-4,Need to Check
0045959,21,"September 27, 2026","1,861","20,000",South 2,Hyderabad,"1,980",-4,Need to Check
0045959,21,"September 28, 2026","1,861","20,000",South 2,Hyderabad,"1,965",-4,Need to Check
0045959,21,"September 28, 2026","1,861","20,000",South 2,Hyderabad,"1,965",-4,Need to Check
0045959,21,"September 29, 2026","1,861","20,000",South 2,Hyderabad,"1,965",-4,Need to Check
0045959,21,"September 29, 2026","1,861","20,000",South 2,Hyderabad,"1,965",-4,Need to Check
0045959,21,"September 30, 2026","1,861","20,000",South 2,Hyderabad,"1,965",-4,Need to Check
0045959,21,"September 30, 2026","1,861","20,000",South 2,Hyderabad,"1,965",-4,Need to Check
0045959,21,"October 2, 2026","1,861","20,000",South 2,Hyderabad,"1,965",-4,Need to Check
0045959,21,"October 2, 2026","1,861","20,000",South 2,Hyderabad,"1,965",-4,Need to Check
0045959,21,"October 4, 2026","1,861","20,000",South 2,Hyderabad,"1,965",-4,Need to Check
0045959,21,"October 4, 2026","1,861","20,000",South 2,Hyderabad,"1,965",-4,Need to Check
0045959,21,"October 5, 2026","1,861","20,000",South 2,Hyderabad,"1,980",-4,Need to Check
0045959,21,"October 6, 2026","1,861","20,000",South 2,Hyderabad,"1,980",-4,Need to Check
0045959,21,"October 7, 2026","1,861","20,000",South 2,Hyderabad,"1,980",-4,Need to Check
0045959,21,"October 8, 2026","1,861","20,000",South 2,Hyderabad,"1,980",-4,Need to Check
0045959,21,"October 9, 2026","1,861","20,000",South 2,Hyderabad,"1,965",-4,Need to Check
0045959,21,"October 9, 2026","1,861","20,000",South 2,Hyderabad,"1,965",-4,Need to Check
0045959,21,"October 10, 2026","1,861","20,000",South 2,Hyderabad,"1,965",-4,Need to Check
0045959,21,"October 10, 2026","1,861","20,000",South 2,Hyderabad,"1,965",-4,Need to Check
0045959,21,"October 11, 2026","1,861","20,000",South 2,Hyderabad,"1,965",-4,Need to Check
0045959,21,"October 11, 2026","1,861","20,000",South 2,Hyderabad,"1,965",-4,Need to Check
0045959,21,"October 12, 2026","1,861","20,000",South 2,Hyderabad,"1,965",-4,Need to Check
0045959,21,"October 12, 2026","1,861","20,000",South 2,Hyderabad,"1,965",-4,Need to Check
0045959,21,"October 13, 2026","1,861","20,000",South 2,Hyderabad,"1,980",-4,Need to Check
0045959,21,"October 14, 2026","1,861","20,000",South 2,Hyderabad,"1,980",-4,Need to Check
0045959,21,"October 15, 2026","1,861","20,000",South 2,Hyderabad,"1,980",-4,Need to Check
0045959,22,"September 25, 2026","1,861","20,000",South 2,Hyderabad,"1,980",-4,Need to Check
0045959,22,"September 26, 2026","1,861","20,000",South 2,Hyderabad,"1,980",-4,Need to Check
0045959,22,"September 27, 2026","1,861","20,000",South 2,Hyderabad,"1,980",-4,Need to Check
0045959,22,"September 28, 2026","1,861","20,000",South 2,Hyderabad,"1,965",-4,Need to Check
0045959,22,"September 28, 2026","1,861","20,000",South 2,Hyderabad,"1,965",-4,Need to Check
0045959,22,"September 29, 2026","1,861","20,000",South 2,Hyderabad,"1,965",-4,Need to Check
0045959,22,"September 29, 2026","1,861","20,000",South 2,Hyderabad,"1,965",-4,Need to Check
0045959,22,"September 30, 2026","1,861","20,000",South 2,Hyderabad,"1,965",-4,Need to Check
0045959,22,"September 30, 2026","1,861","20,000",South 2,Hyderabad,"1,965",-4,Need to Check
0045959,22,"October 2, 2026","1,861","20,000",South 2,Hyderabad,"1,965",-4,Need to Check
0045959,22,"October 2, 2026","1,861","20,000",South 2,Hyderabad,"1,965",-4,Need to Check
0045959,22,"October 4, 2026","1,861","20,000",South 2,Hyderabad,"1,965",-4,Need to Check
0045959,22,"October 4, 2026","1,861","20,000",South 2,Hyderabad,"1,965",-4,Need to Check
0045959,22,"October 5, 2026","1,861","20,000",South 2,Hyderabad,"1,980",-4,Need to Check
0045959,22,"October 6, 2026","1,861","20,000",South 2,Hyderabad,"1,980",-4,Need to Check
0045959,22,"October 7, 2026","1,861","20,000",South 2,Hyderabad,"1,980",-4,Need to Check
0045959,22,"October 8, 2026","1,861","20,000",South 2,Hyderabad,"1,980",-4,Need to Check
0045959,22,"October 9, 2026","1,861","20,000",South 2,Hyderabad,"1,965",-4,Need to Check
0045959,22,"October 9, 2026","1,861","20,000",South 2,Hyderabad,"1,965",-4,Need to Check
0045959,22,"October 10, 2026","1,861","20,000",South 2,Hyderabad,"1,965",-4,Need to Check
0045959,22,"October 10, 2026","1,861","20,000",South 2,Hyderabad,"1,965",-4,Need to Check
0045959,22,"October 11, 2026","1,861","20,000",South 2,Hyderabad,"1,965",-4,Need to Check
0045959,22,"October 11, 2026","1,861","20,000",South 2,Hyderabad,"1,965",-4,Need to Check
0045959,22,"October 12, 2026","1,861","20,000",South 2,Hyderabad,"1,965",-4,Need to Check
0045959,22,"October 12, 2026","1,861","20,000",South 2,Hyderabad,"1,965",-4,Need to Check
0045959,22,"October 13, 2026","1,861","20,000",South 2,Hyderabad,"1,980",-4,Need to Check
0045959,22,"October 14, 2026","1,861","20,000",South 2,Hyderabad,"1,980",-4,Need to Check
0045959,22,"October 15, 2026","1,861","20,000",South 2,Hyderabad,"1,980",-4,Need to Check
0045959,23,"September 25, 2026","1,964","20,000",South 2,Hyderabad,"2,078",-4,Need to Check
0045959,23,"September 25, 2026","1,964","20,000",South 2,Hyderabad,"2,078",-4,Need to Check
0045959,23,"September 26, 2026","1,964","20,000",South 2,Hyderabad,"2,075",-4,Need to Check
0045959,23,"September 26, 2026","1,964","20,000",South 2,Hyderabad,"2,075",-4,Need to Check
0045959,23,"September 27, 2026","1,964","20,000",South 2,Hyderabad,"2,071",-4,Need to Check
0045959,23,"September 27, 2026","1,964","20,000",South 2,Hyderabad,"2,071",-4,Need to Check
0045959,23,"September 28, 2026","1,964","20,000",South 2,Hyderabad,"2,068",-4,Need to Check
0045959,23,"September 28, 2026","1,964","20,000",South 2,Hyderabad,"2,068",-4,Need to Check
0045959,23,"September 29, 2026","1,964","20,000",South 2,Hyderabad,"2,068",-4,Need to Check
0045959,23,"September 29, 2026","1,964","20,000",South 2,Hyderabad,"2,068",-4,Need to Check
0045959,23,"September 30, 2026","1,964","20,000",South 2,Hyderabad,"2,068",-4,Need to Check
0045959,23,"September 30, 2026","1,964","20,000",South 2,Hyderabad,"2,068",-4,Need to Check
0045959,23,"October 2, 2026","1,964","20,000",South 2,Hyderabad,"2,068",-4,Need to Check
0045959,23,"October 2, 2026","1,964","20,000",South 2,Hyderabad,"2,068",-4,Need to Check
0045959,23,"October 4, 2026","1,964","20,000",South 2,Hyderabad,"2,068",-4,Need to Check
0045959,23,"October 4, 2026","1,964","20,000",South 2,Hyderabad,"2,068",-4,Need to Check
0045959,23,"October 5, 2026","1,964","20,000",South 2,Hyderabad,"2,071",-4,Need to Check
0045959,23,"October 5, 2026","1,964","20,000",South 2,Hyderabad,"2,071",-4,Need to Check
0045959,23,"October 6, 2026","1,964","20,000",South 2,Hyderabad,"2,071",-4,Need to Check
0045959,23,"October 6, 2026","1,964","20,000",South 2,Hyderabad,"2,071",-4,Need to Check
0045959,23,"October 7, 2026","1,964","20,000",South 2,Hyderabad,"2,071",-4,Need to Check
0045959,23,"October 7, 2026","1,964","20,000",South 2,Hyderabad,"2,071",-4,Need to Check
0045959,23,"October 8, 2026","1,964","20,000",South 2,Hyderabad,"2,071",-4,Need to Check
0045959,23,"October 8, 2026","1,964","20,000",South 2,Hyderabad,"2,071",-4,Need to Check
0045959,23,"October 9, 2026","1,964","20,000",South 2,Hyderabad,"2,068",-4,Need to Check
0045959,23,"October 9, 2026","1,964","20,000",South 2,Hyderabad,"2,068",-4,Need to Check
0045959,23,"October 10, 2026","1,964","20,000",South 2,Hyderabad,"2,068",-4,Need to Check
0045959,23,"October 10, 2026","1,964","20,000",South 2,Hyderabad,"2,068",-4,Need to Check
0045959,23,"October 11, 2026","1,964","20,000",South 2,Hyderabad,"2,068",-4,Need to Check
0045959,23,"October 11, 2026","1,964","20,000",South 2,Hyderabad,"2,068",-4,Need to Check
0045959,23,"October 12, 2026","1,964","20,000",South 2,Hyderabad,"2,068",-4,Need to Check
0045959,23,"October 12, 2026","1,964","20,000",South 2,Hyderabad,"2,068",-4,Need to Check
0045959,23,"October 13, 2026","1,964","20,000",South 2,Hyderabad,"2,071",-4,Need to Check
0045959,23,"October 13, 2026","1,964","20,000",South 2,Hyderabad,"2,071",-4,Need to Check
0045959,23,"October 14, 2026","1,964","20,000",South 2,Hyderabad,"2,071",-4,Need to Check
0045959,23,"October 14, 2026","1,964","20,000",South 2,Hyderabad,"2,071",-4,Need to Check
0045959,23,"October 15, 2026","1,964","20,000",South 2,Hyderabad,"2,071",-4,Need to Check
0045959,23,"October 15, 2026","1,964","20,000",South 2,Hyderabad,"2,071",-4,Need to Check
0045959,24,"September 25, 2026","1,964","20,000",South 2,Hyderabad,"2,078",-4,Need to Check
0045959,24,"September 25, 2026","1,964","20,000",South 2,Hyderabad,"2,078",-4,Need to Check
0045959,24,"September 26, 2026","1,964","20,000",South 2,Hyderabad,"2,075",-4,Need to Check
0045959,24,"September 26, 2026","1,964","20,000",South 2,Hyderabad,"2,075",-4,Need to Check
0045959,24,"September 27, 2026","1,964","20,000",South 2,Hyderabad,"2,071",-4,Need to Check
0045959,24,"September 27, 2026","1,964","20,000",South 2,Hyderabad,"2,071",-4,Need to Check
0045959,24,"September 28, 2026","1,964","20,000",South 2,Hyderabad,"2,068",-4,Need to Check
0045959,24,"September 28, 2026","1,964","20,000",South 2,Hyderabad,"2,068",-4,Need to Check
0045959,24,"September 29, 2026","1,964","20,000",South 2,Hyderabad,"2,068",-4,Need to Check
0045959,24,"September 29, 2026","1,964","20,000",South 2,Hyderabad,"2,068",-4,Need to Check
0045959,24,"September 30, 2026","1,964","20,000",South 2,Hyderabad,"2,068",-4,Need to Check
0045959,24,"September 30, 2026","1,964","20,000",South 2,Hyderabad,"2,068",-4,Need to Check
0045959,24,"October 2, 2026","1,964","20,000",South 2,Hyderabad,"2,068",-4,Need to Check
0045959,24,"October 2, 2026","1,964","20,000",South 2,Hyderabad,"2,068",-4,Need to Check
0045959,24,"October 4, 2026","1,964","20,000",South 2,Hyderabad,"2,068",-4,Need to Check
0045959,24,"October 4, 2026","1,964","20,000",South 2,Hyderabad,"2,068",-4,Need to Check
0045959,24,"October 5, 2026","1,964","20,000",South 2,Hyderabad,"2,071",-4,Need to Check
0045959,24,"October 5, 2026","1,964","20,000",South 2,Hyderabad,"2,071",-4,Need to Check
0045959,24,"October 6, 2026","1,964","20,000",South 2,Hyderabad,"2,071",-4,Need to Check
0045959,24,"October 6, 2026","1,964","20,000",South 2,Hyderabad,"2,071",-4,Need to Check
0045959,24,"October 7, 2026","1,964","20,000",South 2,Hyderabad,"2,071",-4,Need to Check
0045959,24,"October 7, 2026","1,964","20,000",South 2,Hyderabad,"2,071",-4,Need to Check
0045959,24,"October 8, 2026","1,964","20,000",South 2,Hyderabad,"2,071",-4,Need to Check
0045959,24,"October 8, 2026","1,964","20,000",South 2,Hyderabad,"2,071",-4,Need to Check
0045959,24,"October 9, 2026","1,964","20,000",South 2,Hyderabad,"2,068",-4,Need to Check
0045959,24,"October 9, 2026","1,964","20,000",South 2,Hyderabad,"2,068",-4,Need to Check
0045959,24,"October 10, 2026","1,964","20,000",South 2,Hyderabad,"2,068",-4,Need to Check
0045959,24,"October 10, 2026","1,964","20,000",South 2,Hyderabad,"2,068",-4,Need to Check
0045959,24,"October 11, 2026","1,964","20,000",South 2,Hyderabad,"2,068",-4,Need to Check
0045959,24,"October 11, 2026","1,964","20,000",South 2,Hyderabad,"2,068",-4,Need to Check
0045959,24,"October 12, 2026","1,964","20,000",South 2,Hyderabad,"2,068",-4,Need to Check
0045959,24,"October 12, 2026","1,964","20,000",South 2,Hyderabad,"2,068",-4,Need to Check
0045959,24,"October 13, 2026","1,964","20,000",South 2,Hyderabad,"2,071",-4,Need to Check
0045959,24,"October 13, 2026","1,964","20,000",South 2,Hyderabad,"2,071",-4,Need to Check
0045959,24,"October 14, 2026","1,964","20,000",South 2,Hyderabad,"2,071",-4,Need to Check
0045959,24,"October 14, 2026","1,964","20,000",South 2,Hyderabad,"2,071",-4,Need to Check
0045959,24,"October 15, 2026","1,964","20,000",South 2,Hyderabad,"2,071",-4,Need to Check
0045959,24,"October 15, 2026","1,964","20,000",South 2,Hyderabad,"2,071",-4,Need to Check
0045959,27,"September 25, 2026","2,378","20,000",South 2,Hyderabad,"2,500",-4,Need to Check
0045959,27,"September 26, 2026","2,378","20,000",South 2,Hyderabad,"2,500",-4,Need to Check
0045959,27,"September 27, 2026","2,378","20,000",South 2,Hyderabad,"2,500",-4,Need to Check
0045959,27,"September 28, 2026","2,378","20,000",South 2,Hyderabad,"2,500",-4,Need to Check
0045959,27,"September 29, 2026","2,378","20,000",South 2,Hyderabad,"2,500",-4,Need to Check
0045959,27,"September 30, 2026","2,378","20,000",South 2,Hyderabad,"2,500",-4,Need to Check
0045959,27,"October 2, 2026","2,378","20,000",South 2,Hyderabad,"2,500",-4,Need to Check
0045959,27,"October 4, 2026","2,378","20,000",South 2,Hyderabad,"2,500",-4,Need to Check
0045959,27,"October 5, 2026","2,378","20,000",South 2,Hyderabad,"2,500",-4,Need to Check
0045959,27,"October 6, 2026","2,378","20,000",South 2,Hyderabad,"2,500",-4,Need to Check
0045959,27,"October 7, 2026","2,378","20,000",South 2,Hyderabad,"2,500",-4,Need to Check
0045959,27,"October 8, 2026","2,378","20,000",South 2,Hyderabad,"2,500",-4,Need to Check
0045959,27,"October 9, 2026","2,378","20,000",South 2,Hyderabad,"2,500",-4,Need to Check
0045959,27,"October 10, 2026","2,378","20,000",South 2,Hyderabad,"2,500",-4,Need to Check
0045959,27,"October 11, 2026","2,378","20,000",South 2,Hyderabad,"2,500",-4,Need to Check
0045959,27,"October 12, 2026","2,378","20,000",South 2,Hyderabad,"2,500",-4,Need to Check
0045959,27,"October 13, 2026","2,378","20,000",South 2,Hyderabad,"2,500",-4,Need to Check
0045959,27,"October 14, 2026","2,378","20,000",South 2,Hyderabad,"2,500",-4,Need to Check
0045959,27,"October 15, 2026","2,378","20,000",South 2,Hyderabad,"2,500",-4,Need to Check
0045959,28,"September 25, 2026","2,378","20,000",South 2,Hyderabad,"2,500",-4,Need to Check
0045959,28,"September 26, 2026","2,378","20,000",South 2,Hyderabad,"2,500",-4,Need to Check
0045959,28,"September 27, 2026","2,378","20,000",South 2,Hyderabad,"2,500",-4,Need to Check
0045959,28,"September 28, 2026","2,378","20,000",South 2,Hyderabad,"2,500",-4,Need to Check
0045959,28,"September 29, 2026","2,378","20,000",South 2,Hyderabad,"2,500",-4,Need to Check
0045959,28,"September 30, 2026","2,378","20,000",South 2,Hyderabad,"2,500",-4,Need to Check
0045959,28,"October 2, 2026","2,378","20,000",South 2,Hyderabad,"2,500",-4,Need to Check
0045959,28,"October 4, 2026","2,378","20,000",South 2,Hyderabad,"2,500",-4,Need to Check
0045959,28,"October 5, 2026","2,378","20,000",South 2,Hyderabad,"2,500",-4,Need to Check
0045959,28,"October 6, 2026","2,378","20,000",South 2,Hyderabad,"2,500",-4,Need to Check
0045959,28,"October 7, 2026","2,378","20,000",South 2,Hyderabad,"2,500",-4,Need to Check
0045959,28,"October 8, 2026","2,378","20,000",South 2,Hyderabad,"2,500",-4,Need to Check
0045959,28,"October 9, 2026","2,378","20,000",South 2,Hyderabad,"2,500",-4,Need to Check
0045959,28,"October 10, 2026","2,378","20,000",South 2,Hyderabad,"2,500",-4,Need to Check
0045959,28,"October 11, 2026","2,378","20,000",South 2,Hyderabad,"2,500",-4,Need to Check
0045959,28,"October 12, 2026","2,378","20,000",South 2,Hyderabad,"2,500",-4,Need to Check
0045959,28,"October 13, 2026","2,378","20,000",South 2,Hyderabad,"2,500",-4,Need to Check
0045959,28,"October 14, 2026","2,378","20,000",South 2,Hyderabad,"2,500",-4,Need to Check
0045959,28,"October 15, 2026","2,378","20,000",South 2,Hyderabad,"2,500",-4,Need to Check
0045959,50,"September 28, 2026","1,619","20,000",South 2,Hyderabad,"1,723",-4,Need to Check
0045959,50,"September 28, 2026","1,619","20,000",South 2,Hyderabad,"1,723",-4,Need to Check
0045959,50,"September 29, 2026","1,619","20,000",South 2,Hyderabad,"1,723",-4,Need to Check
0045959,50,"September 29, 2026","1,619","20,000",South 2,Hyderabad,"1,723",-4,Need to Check
0045959,50,"September 30, 2026","1,619","20,000",South 2,Hyderabad,"1,723",-4,Need to Check
0045959,50,"September 30, 2026","1,619","20,000",South 2,Hyderabad,"1,723",-4,Need to Check
0045959,50,"October 2, 2026","1,619","20,000",South 2,Hyderabad,"1,723",-4,Need to Check
0045959,50,"October 2, 2026","1,619","20,000",South 2,Hyderabad,"1,723",-4,Need to Check
0045959,50,"October 4, 2026","1,619","20,000",South 2,Hyderabad,"1,723",-4,Need to Check
0045959,50,"October 4, 2026","1,619","20,000",South 2,Hyderabad,"1,723",-4,Need to Check
0045959,50,"October 9, 2026","1,619","20,000",South 2,Hyderabad,"1,723",-4,Need to Check
0045959,50,"October 9, 2026","1,619","20,000",South 2,Hyderabad,"1,723",-4,Need to Check
0045959,50,"October 10, 2026","1,619","20,000",South 2,Hyderabad,"1,723",-4,Need to Check
0045959,50,"October 10, 2026","1,619","20,000",South 2,Hyderabad,"1,723",-4,Need to Check
0045959,50,"October 11, 2026","1,619","20,000",South 2,Hyderabad,"1,723",-4,Need to Check
0045959,50,"October 11, 2026","1,619","20,000",South 2,Hyderabad,"1,723",-4,Need to Check
0045959,50,"October 12, 2026","1,619","20,000",South 2,Hyderabad,"1,723",-4,Need to Check
0045959,50,"October 12, 2026","1,619","20,000",South 2,Hyderabad,"1,723",-4,Need to Check
0045959,51,"September 26, 2026","1,723","20,000",South 2,Hyderabad,"1,834",-4,Need to Check
0045959,51,"September 26, 2026","1,723","20,000",South 2,Hyderabad,"1,834",-4,Need to Check
0045959,51,"September 27, 2026","1,723","20,000",South 2,Hyderabad,"1,829",-4,Need to Check
0045959,51,"September 27, 2026","1,723","20,000",South 2,Hyderabad,"1,829",-4,Need to Check
0045959,51,"September 28, 2026","1,723","20,000",South 2,Hyderabad,"1,827",-4,Need to Check
0045959,51,"September 28, 2026","1,723","20,000",South 2,Hyderabad,"1,827",-4,Need to Check
0045959,51,"September 29, 2026","1,723","20,000",South 2,Hyderabad,"1,827",-4,Need to Check
0045959,51,"September 29, 2026","1,723","20,000",South 2,Hyderabad,"1,827",-4,Need to Check
0045959,51,"September 30, 2026","1,723","20,000",South 2,Hyderabad,"1,827",-4,Need to Check
0045959,51,"September 30, 2026","1,723","20,000",South 2,Hyderabad,"1,827",-4,Need to Check
0045959,51,"October 2, 2026","1,723","20,000",South 2,Hyderabad,"1,827",-4,Need to Check
0045959,51,"October 2, 2026","1,723","20,000",South 2,Hyderabad,"1,827",-4,Need to Check
0045959,51,"October 4, 2026","1,723","20,000",South 2,Hyderabad,"1,827",-4,Need to Check
0045959,51,"October 4, 2026","1,723","20,000",South 2,Hyderabad,"1,827",-4,Need to Check
0045959,51,"October 5, 2026","1,723","20,000",South 2,Hyderabad,"1,829",-4,Need to Check
0045959,51,"October 5, 2026","1,723","20,000",South 2,Hyderabad,"1,829",-4,Need to Check
0045959,51,"October 6, 2026","1,723","20,000",South 2,Hyderabad,"1,829",-4,Need to Check
0045959,51,"October 6, 2026","1,723","20,000",South 2,Hyderabad,"1,829",-4,Need to Check
0045959,51,"October 7, 2026","1,723","20,000",South 2,Hyderabad,"1,829",-4,Need to Check
0045959,51,"October 7, 2026","1,723","20,000",South 2,Hyderabad,"1,829",-4,Need to Check
0045959,51,"October 8, 2026","1,723","20,000",South 2,Hyderabad,"1,829",-4,Need to Check
0045959,51,"October 8, 2026","1,723","20,000",South 2,Hyderabad,"1,829",-4,Need to Check
0045959,51,"October 9, 2026","1,723","20,000",South 2,Hyderabad,"1,827",-4,Need to Check
0045959,51,"October 9, 2026","1,723","20,000",South 2,Hyderabad,"1,827",-4,Need to Check
0045959,51,"October 10, 2026","1,723","20,000",South 2,Hyderabad,"1,827",-4,Need to Check
0045959,51,"October 10, 2026","1,723","20,000",South 2,Hyderabad,"1,827",-4,Need to Check
0045959,51,"October 11, 2026","1,723","20,000",South 2,Hyderabad,"1,827",-4,Need to Check
0045959,51,"October 11, 2026","1,723","20,000",South 2,Hyderabad,"1,827",-4,Need to Check
0045959,51,"October 12, 2026","1,723","20,000",South 2,Hyderabad,"1,827",-4,Need to Check
0045959,51,"October 12, 2026","1,723","20,000",South 2,Hyderabad,"1,827",-4,Need to Check
0045959,51,"October 13, 2026","1,723","20,000",South 2,Hyderabad,"1,829",-4,Need to Check
0045959,51,"October 13, 2026","1,723","20,000",South 2,Hyderabad,"1,829",-4,Need to Check
0045959,51,"October 14, 2026","1,723","20,000",South 2,Hyderabad,"1,829",-4,Need to Check
0045959,51,"October 14, 2026","1,723","20,000",South 2,Hyderabad,"1,829",-4,Need to Check
0045959,51,"October 15, 2026","1,723","20,000",South 2,Hyderabad,"1,829",-4,Need to Check
0045959,51,"October 15, 2026","1,723","20,000",South 2,Hyderabad,"1,829",-4,Need to Check
0191524,21,"September 25, 2026","2,258","23,600",South 1,Alleppey,"2,402",-4,Need to Check
0191524,22,"September 25, 2026","2,258","23,600",South 1,Alleppey,"2,402",-4,Need to Check
0191524,23,"September 25, 2026","2,396","23,600",South 1,Alleppey,"2,542",-4,Need to Check
0191524,24,"September 25, 2026","2,396","23,600",South 1,Alleppey,"2,542",-4,Need to Check
0191524,25,"September 25, 2026","2,879","23,600",South 1,Alleppey,"3,032",-4,Need to Check
0191524,25,"September 26, 2026","2,849","23,600",South 1,Alleppey,"3,032",-4,Need to Check
0191524,26,"September 25, 2026","2,879","23,600",South 1,Alleppey,"3,032",-4,Need to Check
0191524,26,"September 26, 2026","2,849","23,600",South 1,Alleppey,"3,032",-4,Need to Check
0191524,27,"September 26, 2026","3,056","23,600",South 1,Alleppey,"3,242",-4,Need to Check
0191524,28,"September 26, 2026","3,056","23,600",South 1,Alleppey,"3,242",-4,Need to Check
0191524,29,"September 25, 2026","2,603","23,600",South 1,Alleppey,"2,752",-4,Need to Check
0191524,30,"September 25, 2026","2,603","23,600",South 1,Alleppey,"2,752",-4,Need to Check
0191524,31,"September 25, 2026","2,603","23,600",South 1,Alleppey,"2,752",-4,Need to Check
0191524,32,"September 25, 2026","2,741","23,600",South 1,Alleppey,"2,892",-4,Need to Check
0191524,33,"September 25, 2026","2,741","23,600",South 1,Alleppey,"2,892",-4,Need to Check
0191524,34,"September 25, 2026","2,741","23,600",South 1,Alleppey,"2,892",-4,Need to Check
0191524,35,"September 26, 2026","3,401","23,600",South 1,Alleppey,"3,592",-4,Need to Check
0191524,36,"September 26, 2026","3,401","23,600",South 1,Alleppey,"3,592",-4,Need to Check
0191524,39,"September 25, 2026","2,258","23,600",South 1,Alleppey,"2,402",-4,Need to Check
0191524,40,"September 25, 2026","2,396","23,600",South 1,Alleppey,"2,542",-4,Need to Check
0191524,57,"September 25, 2026","2,603","23,600",South 1,Alleppey,"2,752",-4,Need to Check
0191524,83,"September 25, 2026","2,258","23,600",South 1,Alleppey,"2,402",-4,Need to Check
0376508,29,"September 15, 2026","3,809","23,600",West,Mumbai,"4,020",-4,Need to Check
0376508,29,"September 15, 2026","3,809","23,600",West,Mumbai,"4,020",-4,Need to Check
0376508,30,"September 15, 2026","3,809","23,600",West,Mumbai,"4,020",-4,Need to Check
0376508,30,"September 15, 2026","3,809","23,600",West,Mumbai,"4,020",-4,Need to Check
0376508,31,"September 15, 2026","3,809","23,600",West,Mumbai,"4,020",-4,Need to Check
0376508,32,"September 15, 2026","4,154","23,600",West,Mumbai,"4,383",-4,Need to Check
0376508,33,"September 15, 2026","4,154","23,600",West,Mumbai,"4,383",-4,Need to Check
0376508,34,"September 15, 2026","4,154","23,600",West,Mumbai,"4,383",-4,Need to Check
0376508,57,"September 15, 2026","3,809","23,600",West,Mumbai,"4,020",-4,Need to Check
0551475,25,"September 16, 2026","2,489","23,600",West,Nagpur,"2,626",-4,Need to Check
1107594,25,"September 27, 2026","1,575","23,600",South 1,Belgaum,"1,664",-4,Need to Check
1107594,25,"September 27, 2026","1,575","23,600",South 1,Belgaum,"1,664",-4,Need to Check
1107594,25,"September 28, 2026","1,575","23,600",South 1,Belgaum,"1,664",-4,Need to Check
1107594,25,"September 28, 2026","1,575","23,600",South 1,Belgaum,"1,664",-4,Need to Check
1107594,25,"September 29, 2026","1,575","23,600",South 1,Belgaum,"1,664",-4,Need to Check
1107594,25,"September 29, 2026","1,575","23,600",South 1,Belgaum,"1,664",-4,Need to Check
1115459,16,"September 16, 2026","1,118","20,000",North 2,Nainital,"1,187",-4,Need to Check
1115459,52,"September 16, 2026","1,118","20,000",North 2,Nainital,"1,187",-4,Need to Check
1136517,23,"September 27, 2026","1,740","23,600",South 1,Thiruvananthapuram,"1,850",-4,Need to Check
1136517,23,"September 28, 2026","1,740","23,600",South 1,Thiruvananthapuram,"1,850",-4,Need to Check
1136517,23,"September 29, 2026","1,740","23,600",South 1,Thiruvananthapuram,"1,850",-4,Need to Check
1136517,24,"September 27, 2026","1,740","23,600",South 1,Thiruvananthapuram,"1,850",-4,Need to Check
1136517,24,"September 28, 2026","1,740","23,600",South 1,Thiruvananthapuram,"1,850",-4,Need to Check
1136517,24,"September 29, 2026","1,740","23,600",South 1,Thiruvananthapuram,"1,850",-4,Need to Check
1136517,40,"September 27, 2026","1,740","23,600",South 1,Thiruvananthapuram,"1,850",-4,Need to Check
1136517,40,"September 28, 2026","1,740","23,600",South 1,Thiruvananthapuram,"1,850",-4,Need to Check
1136517,40,"September 29, 2026","1,740","23,600",South 1,Thiruvananthapuram,"1,850",-4,Need to Check
1143227,17,"September 29, 2026","1,480","23,600",South 1,Munnar,"1,570",-4,Need to Check
1143227,18,"September 29, 2026","1,480","23,600",South 1,Munnar,"1,570",-4,Need to Check
1143227,19,"September 29, 2026","1,480","23,600",South 1,Munnar,"1,570",-4,Need to Check
1143227,20,"September 29, 2026","1,480","23,600",South 1,Munnar,"1,570",-4,Need to Check
1143227,50,"September 29, 2026","1,480","23,600",South 1,Munnar,"1,570",-4,Need to Check
1143227,51,"September 29, 2026","1,480","23,600",South 1,Munnar,"1,570",-4,Need to Check
1143227,87,"September 29, 2026","1,480","23,600",South 1,Munnar,"1,570",-4,Need to Check
1152305,17,"September 26, 2026","1,803","23,600",South 1,Kochi,"1,914",-4,Need to Check
1152305,17,"September 26, 2026","1,803","23,600",South 1,Kochi,"1,914",-4,Need to Check
1152305,18,"September 26, 2026","1,803","23,600",South 1,Kochi,"1,914",-4,Need to Check
1152305,18,"September 26, 2026","1,803","23,600",South 1,Kochi,"1,914",-4,Need to Check
1152305,19,"September 26, 2026","1,872","23,600",South 1,Kochi,"1,983",-4,Need to Check
1152305,19,"September 26, 2026","1,872","23,600",South 1,Kochi,"1,983",-4,Need to Check
1152305,20,"September 26, 2026","1,872","23,600",South 1,Kochi,"1,983",-4,Need to Check
1152305,20,"September 26, 2026","1,872","23,600",South 1,Kochi,"1,983",-4,Need to Check
1152305,21,"September 26, 2026","2,010","23,600",South 1,Kochi,"2,128",-4,Need to Check
1152305,21,"September 26, 2026","2,010","23,600",South 1,Kochi,"2,128",-4,Need to Check
1152305,22,"September 26, 2026","2,010","23,600",South 1,Kochi,"2,128",-4,Need to Check
1152305,22,"September 26, 2026","2,010","23,600",South 1,Kochi,"2,128",-4,Need to Check
1152305,39,"September 26, 2026","2,010","23,600",South 1,Kochi,"2,128",-4,Need to Check
1152305,50,"September 26, 2026","1,803","23,600",South 1,Kochi,"1,914",-4,Need to Check
1152305,83,"September 26, 2026","2,010","23,600",South 1,Kochi,"2,128",-4,Need to Check
1164752,23,"September 24, 2026","1,964","27,848",South 1,Kochi,"2,082",-4,Need to Check
1164752,24,"September 24, 2026","1,964","27,848",South 1,Kochi,"2,082",-4,Need to Check
1164752,27,"September 24, 2026","2,309","27,848",South 1,Kochi,"2,427",-4,Need to Check
1164752,28,"September 24, 2026","2,309","27,848",South 1,Kochi,"2,427",-4,Need to Check
1164752,40,"September 24, 2026","1,964","27,848",South 1,Kochi,"2,082",-4,Need to Check
1165811,19,"September 25, 2026","1,348","23,600",South 1,Kochi,"1,432",-4,Need to Check
1165811,19,"September 26, 2026","1,348","23,600",South 1,Kochi,"1,432",-4,Need to Check
1165811,20,"September 25, 2026","1,348","23,600",South 1,Kochi,"1,432",-4,Need to Check
1165811,20,"September 26, 2026","1,348","23,600",South 1,Kochi,"1,432",-4,Need to Check
1166076,17,"September 25, 2026","1,677","23,600",South 1,Kochi,"1,768",-4,Need to Check
1166076,17,"September 26, 2026","1,677","23,600",South 1,Kochi,"1,768",-4,Need to Check
1166076,18,"September 25, 2026","1,677","23,600",South 1,Kochi,"1,768",-4,Need to Check
1166076,18,"September 26, 2026","1,677","23,600",South 1,Kochi,"1,768",-4,Need to Check
1166076,50,"September 25, 2026","1,677","23,600",South 1,Kochi,"1,768",-4,Need to Check
1166076,50,"September 26, 2026","1,677","23,600",South 1,Kochi,"1,768",-4,Need to Check
1166122,29,"September 25, 2026","2,354","23,600",South 1,Kochi,"2,497",-4,Need to Check
1166122,29,"September 26, 2026","2,354","23,600",South 1,Kochi,"2,497",-4,Need to Check
1166122,30,"September 25, 2026","2,354","23,600",South 1,Kochi,"2,497",-4,Need to Check
1166122,30,"September 26, 2026","2,354","23,600",South 1,Kochi,"2,497",-4,Need to Check
1166122,31,"September 25, 2026","2,354","23,600",South 1,Kochi,"2,497",-4,Need to Check
1166122,31,"September 26, 2026","2,354","23,600",South 1,Kochi,"2,497",-4,Need to Check
1166122,32,"September 25, 2026","2,354","23,600",South 1,Kochi,"2,497",-4,Need to Check
1166122,32,"September 26, 2026","2,354","23,600",South 1,Kochi,"2,497",-4,Need to Check
1166122,33,"September 25, 2026","2,354","23,600",South 1,Kochi,"2,497",-4,Need to Check
1166122,33,"September 26, 2026","2,354","23,600",South 1,Kochi,"2,497",-4,Need to Check
1166122,34,"September 25, 2026","2,354","23,600",South 1,Kochi,"2,497",-4,Need to Check
1166122,34,"September 26, 2026","2,354","23,600",South 1,Kochi,"2,497",-4,Need to Check
1166122,57,"September 25, 2026","2,354","23,600",South 1,Kochi,"2,497",-4,Need to Check
1166122,57,"September 26, 2026","2,354","23,600",South 1,Kochi,"2,497",-4,Need to Check
1166252,21,"September 27, 2026","1,971","23,600",South 1,Kochi,"2,092",-4,Need to Check
1166252,21,"September 28, 2026","1,971","23,600",South 1,Kochi,"2,092",-4,Need to Check
1166252,21,"September 29, 2026","1,971","23,600",South 1,Kochi,"2,092",-4,Need to Check
1166252,22,"September 27, 2026","1,971","23,600",South 1,Kochi,"2,092",-4,Need to Check
1166252,22,"September 28, 2026","1,971","23,600",South 1,Kochi,"2,092",-4,Need to Check
1166252,22,"September 29, 2026","1,971","23,600",South 1,Kochi,"2,092",-4,Need to Check
1166252,23,"September 27, 2026","2,178","23,600",South 1,Kochi,"2,302",-4,Need to Check
1166252,23,"September 28, 2026","2,178","23,600",South 1,Kochi,"2,302",-4,Need to Check
1166252,23,"September 29, 2026","2,178","23,600",South 1,Kochi,"2,302",-4,Need to Check
1166252,24,"September 27, 2026","2,178","23,600",South 1,Kochi,"2,302",-4,Need to Check
1166252,24,"September 28, 2026","2,178","23,600",South 1,Kochi,"2,302",-4,Need to Check
1166252,24,"September 29, 2026","2,178","23,600",South 1,Kochi,"2,302",-4,Need to Check
1166252,27,"September 27, 2026","2,523","23,600",South 1,Kochi,"2,652",-4,Need to Check
1166252,27,"September 28, 2026","2,523","23,600",South 1,Kochi,"2,652",-4,Need to Check
1166252,27,"September 29, 2026","2,523","23,600",South 1,Kochi,"2,652",-4,Need to Check
1166252,28,"September 27, 2026","2,523","23,600",South 1,Kochi,"2,652",-4,Need to Check
1166252,28,"September 28, 2026","2,523","23,600",South 1,Kochi,"2,652",-4,Need to Check
1166252,28,"September 29, 2026","2,523","23,600",South 1,Kochi,"2,652",-4,Need to Check
1166252,39,"September 27, 2026","1,971","23,600",South 1,Kochi,"2,092",-4,Need to Check
1166252,39,"September 28, 2026","1,971","23,600",South 1,Kochi,"2,092",-4,Need to Check
1166252,39,"September 29, 2026","1,971","23,600",South 1,Kochi,"2,092",-4,Need to Check
1166252,40,"September 27, 2026","2,178","23,600",South 1,Kochi,"2,302",-4,Need to Check
1166252,40,"September 28, 2026","2,178","23,600",South 1,Kochi,"2,302",-4,Need to Check
1166252,40,"September 29, 2026","2,178","23,600",South 1,Kochi,"2,302",-4,Need to Check
1166252,83,"September 27, 2026","1,971","23,600",South 1,Kochi,"2,092",-4,Need to Check
1166252,83,"September 28, 2026","1,971","23,600",South 1,Kochi,"2,092",-4,Need to Check
1166252,83,"September 29, 2026","1,971","23,600",South 1,Kochi,"2,092",-4,Need to Check
1168316,35,"September 26, 2026","2,892","23,600",South 1,Kochi,"3,060",-4,Need to Check
1168316,36,"September 26, 2026","2,892","23,600",South 1,Kochi,"3,060",-4,Need to Check
1169924,21,"September 25, 2026","1,881","23,600",South 1,Kochi,"2,001",-4,Need to Check
1169924,22,"September 25, 2026","1,881","23,600",South 1,Kochi,"2,001",-4,Need to Check
1169924,23,"September 25, 2026","2,088","23,600",South 1,Kochi,"2,208",-4,Need to Check
1169924,24,"September 25, 2026","2,088","23,600",South 1,Kochi,"2,208",-4,Need to Check
1169924,27,"September 25, 2026","2,295","23,600",South 1,Kochi,"2,415",-4,Need to Check
1169924,28,"September 25, 2026","2,295","23,600",South 1,Kochi,"2,415",-4,Need to Check
1169924,39,"September 25, 2026","1,881","23,600",South 1,Kochi,"2,001",-4,Need to Check
1169924,40,"September 25, 2026","2,088","23,600",South 1,Kochi,"2,208",-4,Need to Check
1169924,83,"September 25, 2026","1,881","23,600",South 1,Kochi,"2,001",-4,Need to Check
1191684,17,"September 25, 2026","1,643","20,000",South 1,Alleppey,"1,748",-4,Need to Check
1191684,17,"September 26, 2026","1,643","20,000",South 1,Alleppey,"1,748",-4,Need to Check
1191684,18,"September 25, 2026","1,643","20,000",South 1,Alleppey,"1,748",-4,Need to Check
1191684,18,"September 26, 2026","1,643","20,000",South 1,Alleppey,"1,748",-4,Need to Check
1191684,19,"September 25, 2026","1,712","20,000",South 1,Alleppey,"1,813",-4,Need to Check
1191684,19,"September 26, 2026","1,712","20,000",South 1,Alleppey,"1,813",-4,Need to Check
1191684,20,"September 25, 2026","1,712","20,000",South 1,Alleppey,"1,813",-4,Need to Check
1191684,20,"September 26, 2026","1,712","20,000",South 1,Alleppey,"1,813",-4,Need to Check
1191684,50,"September 25, 2026","1,643","20,000",South 1,Alleppey,"1,748",-4,Need to Check
1191684,50,"September 26, 2026","1,643","20,000",South 1,Alleppey,"1,748",-4,Need to Check
1375831,16,"September 16, 2026","2,116","23,600",West,Mumbai,"2,247",-4,Need to Check
1375831,21,"September 16, 2026","2,219","23,600",West,Mumbai,"2,351",-4,Need to Check
1375831,22,"September 16, 2026","2,219","23,600",West,Mumbai,"2,351",-4,Need to Check
1375831,23,"September 16, 2026","2,392","23,600",West,Mumbai,"2,523",-4,Need to Check
1375831,24,"September 16, 2026","2,392","23,600",West,Mumbai,"2,523",-4,Need to Check
1375831,39,"September 16, 2026","2,219","23,600",West,Mumbai,"2,351",-4,Need to Check
1375831,40,"September 16, 2026","2,392","23,600",West,Mumbai,"2,523",-4,Need to Check
1375831,83,"September 16, 2026","2,219","23,600",West,Mumbai,"2,351",-4,Need to Check
1442173,17,"September 27, 2026","1,518","23,600",South 1,Ooty,"1,609",-4,Need to Check
1442173,17,"September 29, 2026","1,518","23,600",South 1,Ooty,"1,609",-4,Need to Check
1442173,18,"September 27, 2026","1,518","23,600",South 1,Ooty,"1,609",-4,Need to Check
1442173,18,"September 27, 2026","1,518","23,600",South 1,Ooty,"1,609",-4,Need to Check
1442173,18,"September 29, 2026","1,518","23,600",South 1,Ooty,"1,609",-4,Need to Check
1442173,18,"September 29, 2026","1,518","23,600",South 1,Ooty,"1,609",-4,Need to Check
1442173,19,"September 27, 2026","1,518","23,600",South 1,Ooty,"1,609",-4,Need to Check
1442173,19,"September 27, 2026","1,518","23,600",South 1,Ooty,"1,609",-4,Need to Check
1442173,19,"September 29, 2026","1,518","23,600",South 1,Ooty,"1,609",-4,Need to Check
1442173,19,"September 29, 2026","1,518","23,600",South 1,Ooty,"1,609",-4,Need to Check
1442173,20,"September 27, 2026","1,518","23,600",South 1,Ooty,"1,609",-4,Need to Check
1442173,20,"September 27, 2026","1,518","23,600",South 1,Ooty,"1,609",-4,Need to Check
1442173,20,"September 29, 2026","1,518","23,600",South 1,Ooty,"1,609",-4,Need to Check
1442173,20,"September 29, 2026","1,518","23,600",South 1,Ooty,"1,609",-4,Need to Check
1442173,50,"September 27, 2026","1,518","23,600",South 1,Ooty,"1,609",-4,Need to Check
1442173,50,"September 29, 2026","1,518","23,600",South 1,Ooty,"1,609",-4,Need to Check
1444313,27,"September 24, 2026","3,250","27,848",South 1,Ooty,"3,422",-4,Need to Check
1444313,27,"September 29, 2026","3,416","27,848",South 1,Ooty,"3,637",-4,Need to Check
1444313,28,"September 24, 2026","3,250","27,848",South 1,Ooty,"3,422",-4,Need to Check
1444313,28,"September 29, 2026","3,416","27,848",South 1,Ooty,"3,637",-4,Need to Check
1444313,29,"September 24, 2026","2,836","27,848",South 1,Ooty,"3,008",-4,Need to Check
1444313,30,"September 24, 2026","2,836","27,848",South 1,Ooty,"3,008",-4,Need to Check
1444313,31,"September 24, 2026","2,836","27,848",South 1,Ooty,"3,008",-4,Need to Check
1444313,32,"September 24, 2026","2,836","27,848",South 1,Ooty,"3,008",-4,Need to Check
1444313,33,"September 24, 2026","2,836","27,848",South 1,Ooty,"3,008",-4,Need to Check
1444313,34,"September 24, 2026","2,836","27,848",South 1,Ooty,"3,008",-4,Need to Check
1444313,35,"September 29, 2026","3,692","27,848",South 1,Ooty,"3,917",-4,Need to Check
1444313,36,"September 29, 2026","3,692","27,848",South 1,Ooty,"3,917",-4,Need to Check
1444313,37,"September 29, 2026","3,692","27,848",South 1,Ooty,"3,917",-4,Need to Check
1444313,42,"September 29, 2026","4,382","27,848",South 1,Ooty,"4,617",-4,Need to Check
1444313,43,"September 29, 2026","4,382","27,848",South 1,Ooty,"4,617",-4,Need to Check
1444313,57,"September 24, 2026","2,836","27,848",South 1,Ooty,"3,008",-4,Need to Check
1444313,58,"September 24, 2026","2,836","27,848",South 1,Ooty,"3,008",-4,Need to Check
1444313,89,"September 24, 2026","2,836","27,848",South 1,Ooty,"3,008",-4,Need to Check
1446609,17,"September 25, 2026","1,352","23,600",South 1,Ooty,"1,431",-4,Need to Check
1446609,18,"September 25, 2026","1,352","23,600",South 1,Ooty,"1,431",-4,Need to Check
1446609,19,"September 25, 2026","1,352","23,600",South 1,Ooty,"1,431",-4,Need to Check
1446609,20,"September 25, 2026","1,352","23,600",South 1,Ooty,"1,431",-4,Need to Check
1462197,17,"September 26, 2026","1,580","23,600",South 1,Mysore,"1,674",-4,Need to Check
1462197,17,"September 28, 2026","1,350","23,600",South 1,Mysore,"1,426",-4,Need to Check
1462197,17,"September 29, 2026","1,350","23,600",South 1,Mysore,"1,426",-4,Need to Check
1462197,18,"September 26, 2026","1,580","23,600",South 1,Mysore,"1,674",-4,Need to Check
1462197,18,"September 28, 2026","1,350","23,600",South 1,Mysore,"1,426",-4,Need to Check
1462197,18,"September 29, 2026","1,350","23,600",South 1,Mysore,"1,426",-4,Need to Check
1462197,19,"September 26, 2026","1,684","23,600",South 1,Mysore,"1,778",-4,Need to Check
1462197,19,"September 28, 2026","1,454","23,600",South 1,Mysore,"1,530",-4,Need to Check
1462197,19,"September 29, 2026","1,454","23,600",South 1,Mysore,"1,530",-4,Need to Check
1462197,20,"September 26, 2026","1,684","23,600",South 1,Mysore,"1,778",-4,Need to Check
1462197,20,"September 28, 2026","1,454","23,600",South 1,Mysore,"1,530",-4,Need to Check
1462197,20,"September 29, 2026","1,454","23,600",South 1,Mysore,"1,530",-4,Need to Check
1462197,35,"September 26, 2026","3,374","23,600",South 1,Mysore,"3,571",-4,Need to Check
1462197,36,"September 26, 2026","3,374","23,600",South 1,Mysore,"3,571",-4,Need to Check
1462197,37,"September 26, 2026","3,374","23,600",South 1,Mysore,"3,571",-4,Need to Check
1462197,50,"September 26, 2026","1,580","23,600",South 1,Mysore,"1,674",-4,Need to Check
1462197,50,"September 28, 2026","1,350","23,600",South 1,Mysore,"1,426",-4,Need to Check
1462197,50,"September 29, 2026","1,350","23,600",South 1,Mysore,"1,426",-4,Need to Check
1464454,19,"September 25, 2026","1,879","23,600",South 1,Mysore,"1,992",-4,Need to Check
1464454,20,"September 25, 2026","1,879","23,600",South 1,Mysore,"1,992",-4,Need to Check
1464454,51,"September 25, 2026","1,879","23,600",South 1,Mysore,"1,992",-4,Need to Check
1465445,17,"September 25, 2026","1,498","20,000",South 1,Mysore,"1,582",-4,Need to Check
1465445,18,"September 25, 2026","1,498","20,000",South 1,Mysore,"1,582",-4,Need to Check
1465445,19,"September 25, 2026","1,567","20,000",South 1,Mysore,"1,647",-4,Need to Check
1465445,20,"September 25, 2026","1,567","20,000",South 1,Mysore,"1,647",-4,Need to Check
1465445,50,"September 25, 2026","1,498","20,000",South 1,Mysore,"1,582",-4,Need to Check
1465445,51,"September 25, 2026","1,567","20,000",South 1,Mysore,"1,647",-4,Need to Check
1465445,87,"September 25, 2026","1,498","20,000",South 1,Mysore,"1,582",-4,Need to Check
1472508,17,"September 27, 2026","1,277","23,600",South 1,Coorg,"1,356",-4,Need to Check
1472508,17,"September 28, 2026","1,277","23,600",South 1,Coorg,"1,356",-4,Need to Check
1472508,17,"September 29, 2026","1,277","23,600",South 1,Coorg,"1,356",-4,Need to Check
1472508,18,"September 27, 2026","1,277","23,600",South 1,Coorg,"1,356",-4,Need to Check
1472508,18,"September 28, 2026","1,277","23,600",South 1,Coorg,"1,356",-4,Need to Check
1472508,18,"September 29, 2026","1,277","23,600",South 1,Coorg,"1,356",-4,Need to Check
1472508,19,"September 27, 2026","1,277","23,600",South 1,Coorg,"1,356",-4,Need to Check
1472508,19,"September 28, 2026","1,277","23,600",South 1,Coorg,"1,356",-4,Need to Check
1472508,19,"September 29, 2026","1,277","23,600",South 1,Coorg,"1,356",-4,Need to Check
1472508,20,"September 27, 2026","1,277","23,600",South 1,Coorg,"1,356",-4,Need to Check
1472508,20,"September 28, 2026","1,277","23,600",South 1,Coorg,"1,356",-4,Need to Check
1472508,20,"September 29, 2026","1,277","23,600",South 1,Coorg,"1,356",-4,Need to Check
1472508,24186,"September 25, 2026","3,508","23,600",South 1,Coorg,"3,714",-4,Need to Check
1472508,24186,"September 26, 2026","3,508","23,600",South 1,Coorg,"3,714",-4,Need to Check
1472508,24187,"September 25, 2026","3,508","23,600",South 1,Coorg,"3,714",-4,Need to Check
1472508,24187,"September 26, 2026","3,508","23,600",South 1,Coorg,"3,714",-4,Need to Check
1472508,24188,"September 27, 2026","3,899","23,600",South 1,Coorg,"4,138",-4,Need to Check
1472508,24188,"September 28, 2026","3,899","23,600",South 1,Coorg,"4,138",-4,Need to Check
1472508,24188,"September 29, 2026","3,899","23,600",South 1,Coorg,"4,138",-4,Need to Check
1472508,24189,"September 27, 2026","4,589","23,600",South 1,Coorg,"4,828",-4,Need to Check
1472508,24189,"September 28, 2026","4,589","23,600",South 1,Coorg,"4,828",-4,Need to Check
1472508,24189,"September 29, 2026","4,589","23,600",South 1,Coorg,"4,828",-4,Need to Check
1472508,25,"September 27, 2026","1,277","23,600",South 1,Coorg,"1,356",-4,Need to Check
1472508,25,"September 28, 2026","1,277","23,600",South 1,Coorg,"1,356",-4,Need to Check
1472508,25,"September 29, 2026","1,277","23,600",South 1,Coorg,"1,356",-4,Need to Check
1472508,26,"September 27, 2026","1,277","23,600",South 1,Coorg,"1,356",-4,Need to Check
1472508,26,"September 28, 2026","1,277","23,600",South 1,Coorg,"1,356",-4,Need to Check
1472508,26,"September 29, 2026","1,277","23,600",South 1,Coorg,"1,356",-4,Need to Check
1472508,35,"September 25, 2026","3,508","23,600",South 1,Coorg,"3,714",-4,Need to Check
1472508,35,"September 26, 2026","3,508","23,600",South 1,Coorg,"3,714",-4,Need to Check
1472508,36,"September 25, 2026","3,508","23,600",South 1,Coorg,"3,714",-4,Need to Check
1472508,36,"September 26, 2026","3,508","23,600",South 1,Coorg,"3,714",-4,Need to Check
1472508,37,"September 25, 2026","3,508","23,600",South 1,Coorg,"3,714",-4,Need to Check
1472508,37,"September 26, 2026","3,508","23,600",South 1,Coorg,"3,714",-4,Need to Check
1472508,42,"September 27, 2026","3,899","23,600",South 1,Coorg,"4,138",-4,Need to Check
1472508,42,"September 28, 2026","3,899","23,600",South 1,Coorg,"4,138",-4,Need to Check
1472508,42,"September 29, 2026","3,899","23,600",South 1,Coorg,"4,138",-4,Need to Check
1472508,43,"September 27, 2026","3,899","23,600",South 1,Coorg,"4,138",-4,Need to Check
1472508,43,"September 28, 2026","3,899","23,600",South 1,Coorg,"4,138",-4,Need to Check
1472508,43,"September 29, 2026","3,899","23,600",South 1,Coorg,"4,138",-4,Need to Check
1472508,44,"September 27, 2026","3,899","23,600",South 1,Coorg,"4,138",-4,Need to Check
1472508,44,"September 28, 2026","3,899","23,600",South 1,Coorg,"4,138",-4,Need to Check
1472508,44,"September 29, 2026","3,899","23,600",South 1,Coorg,"4,138",-4,Need to Check
1472508,45,"September 25, 2026","3,301","23,600",South 1,Coorg,"3,504",-4,Need to Check
1472508,45,"September 26, 2026","3,301","23,600",South 1,Coorg,"3,504",-4,Need to Check
1472508,46,"September 25, 2026","3,301","23,600",South 1,Coorg,"3,504",-4,Need to Check
1472508,46,"September 26, 2026","3,301","23,600",South 1,Coorg,"3,504",-4,Need to Check
1472508,47,"September 27, 2026","4,589","23,600",South 1,Coorg,"4,828",-4,Need to Check
1472508,47,"September 28, 2026","4,589","23,600",South 1,Coorg,"4,828",-4,Need to Check
1472508,47,"September 29, 2026","4,589","23,600",South 1,Coorg,"4,828",-4,Need to Check
1472508,48,"September 27, 2026","4,589","23,600",South 1,Coorg,"4,828",-4,Need to Check
1472508,48,"September 28, 2026","4,589","23,600",South 1,Coorg,"4,828",-4,Need to Check
1472508,48,"September 29, 2026","4,589","23,600",South 1,Coorg,"4,828",-4,Need to Check
1472508,49,"September 27, 2026","4,589","23,600",South 1,Coorg,"4,828",-4,Need to Check
1472508,49,"September 28, 2026","4,589","23,600",South 1,Coorg,"4,828",-4,Need to Check
1472508,49,"September 29, 2026","4,589","23,600",South 1,Coorg,"4,828",-4,Need to Check
1472508,50,"September 27, 2026","1,277","23,600",South 1,Coorg,"1,356",-4,Need to Check
1472508,50,"September 28, 2026","1,277","23,600",South 1,Coorg,"1,356",-4,Need to Check
1472508,50,"September 29, 2026","1,277","23,600",South 1,Coorg,"1,356",-4,Need to Check
1472508,59,"September 25, 2026","3,508","23,600",South 1,Coorg,"3,714",-4,Need to Check
1472508,59,"September 26, 2026","3,508","23,600",South 1,Coorg,"3,714",-4,Need to Check
1472508,60,"September 27, 2026","3,899","23,600",South 1,Coorg,"4,138",-4,Need to Check
1472508,60,"September 28, 2026","3,899","23,600",South 1,Coorg,"4,138",-4,Need to Check
1472508,60,"September 29, 2026","3,899","23,600",South 1,Coorg,"4,138",-4,Need to Check
1472508,61,"September 27, 2026","4,589","23,600",South 1,Coorg,"4,828",-4,Need to Check
1472508,61,"September 28, 2026","4,589","23,600",South 1,Coorg,"4,828",-4,Need to Check
1472508,61,"September 29, 2026","4,589","23,600",South 1,Coorg,"4,828",-4,Need to Check
1472508,91,"September 25, 2026","3,508","23,600",South 1,Coorg,"3,714",-4,Need to Check
1472508,91,"September 26, 2026","3,508","23,600",South 1,Coorg,"3,714",-4,Need to Check
1472508,92,"September 27, 2026","3,899","23,600",South 1,Coorg,"4,138",-4,Need to Check
1472508,92,"September 28, 2026","3,899","23,600",South 1,Coorg,"4,138",-4,Need to Check
1472508,92,"September 29, 2026","3,899","23,600",South 1,Coorg,"4,138",-4,Need to Check
1474895,21,"September 27, 2026","1,554","23,600",South 1,Coorg,"1,651",-4,Need to Check
1474895,21,"September 28, 2026","1,554","23,600",South 1,Coorg,"1,645",-4,Need to Check
1474895,21,"September 29, 2026","1,554","23,600",South 1,Coorg,"1,645",-4,Need to Check
1474895,22,"September 27, 2026","1,554","23,600",South 1,Coorg,"1,651",-4,Need to Check
1474895,22,"September 28, 2026","1,554","23,600",South 1,Coorg,"1,645",-4,Need to Check
1474895,22,"September 29, 2026","1,554","23,600",South 1,Coorg,"1,645",-4,Need to Check
1474895,23,"September 27, 2026","1,554","23,600",South 1,Coorg,"1,651",-4,Need to Check
1474895,23,"September 28, 2026","1,554","23,600",South 1,Coorg,"1,645",-4,Need to Check
1474895,23,"September 29, 2026","1,554","23,600",South 1,Coorg,"1,645",-4,Need to Check
1474895,24,"September 27, 2026","1,554","23,600",South 1,Coorg,"1,651",-4,Need to Check
1474895,24,"September 28, 2026","1,554","23,600",South 1,Coorg,"1,645",-4,Need to Check
1474895,24,"September 29, 2026","1,554","23,600",South 1,Coorg,"1,645",-4,Need to Check
1474895,39,"September 27, 2026","1,554","23,600",South 1,Coorg,"1,651",-4,Need to Check
1474895,39,"September 28, 2026","1,554","23,600",South 1,Coorg,"1,645",-4,Need to Check
1474895,39,"September 29, 2026","1,554","23,600",South 1,Coorg,"1,645",-4,Need to Check
1474895,40,"September 27, 2026","1,554","23,600",South 1,Coorg,"1,651",-4,Need to Check
1474895,40,"September 28, 2026","1,554","23,600",South 1,Coorg,"1,645",-4,Need to Check
1474895,40,"September 29, 2026","1,554","23,600",South 1,Coorg,"1,645",-4,Need to Check
1474895,83,"September 27, 2026","1,554","23,600",South 1,Coorg,"1,651",-4,Need to Check
1474895,83,"September 28, 2026","1,554","23,600",South 1,Coorg,"1,645",-4,Need to Check
1474895,83,"September 29, 2026","1,554","23,600",South 1,Coorg,"1,645",-4,Need to Check
1476116,25,"September 29, 2026","2,283","23,600",South 1,Coorg,"2,424",-4,Need to Check
1476116,26,"September 29, 2026","2,283","23,600",South 1,Coorg,"2,424",-4,Need to Check
1476116,45,"September 27, 2026","3,289","23,600",South 1,Coorg,"3,480",-4,Need to Check
1476116,45,"September 28, 2026","3,289","23,600",South 1,Coorg,"3,480",-4,Need to Check
1476116,45,"September 29, 2026","3,422","23,600",South 1,Coorg,"3,627",-4,Need to Check
1476116,46,"September 27, 2026","3,289","23,600",South 1,Coorg,"3,480",-4,Need to Check
1476116,46,"September 28, 2026","3,289","23,600",South 1,Coorg,"3,480",-4,Need to Check
1476116,46,"September 29, 2026","3,422","23,600",South 1,Coorg,"3,627",-4,Need to Check
1477779,21,"September 28, 2026","1,833","23,600",South 1,Coorg,"1,930",-4,Need to Check
1477779,21,"September 29, 2026","1,833","23,600",South 1,Coorg,"1,930",-4,Need to Check
1477779,22,"September 28, 2026","1,833","23,600",South 1,Coorg,"1,930",-4,Need to Check
1477779,22,"September 29, 2026","1,833","23,600",South 1,Coorg,"1,930",-4,Need to Check
1477779,23,"September 28, 2026","1,833","23,600",South 1,Coorg,"1,930",-4,Need to Check
1477779,23,"September 29, 2026","1,833","23,600",South 1,Coorg,"1,930",-4,Need to Check
1477779,24,"September 28, 2026","1,833","23,600",South 1,Coorg,"1,930",-4,Need to Check
1477779,24,"September 29, 2026","1,833","23,600",South 1,Coorg,"1,930",-4,Need to Check
1477779,39,"September 28, 2026","1,833","23,600",South 1,Coorg,"1,930",-4,Need to Check
1477779,39,"September 29, 2026","1,833","23,600",South 1,Coorg,"1,930",-4,Need to Check
1477779,40,"September 28, 2026","1,833","23,600",South 1,Coorg,"1,930",-4,Need to Check
1477779,40,"September 29, 2026","1,833","23,600",South 1,Coorg,"1,930",-4,Need to Check
1477779,83,"September 28, 2026","1,833","23,600",South 1,Coorg,"1,930",-4,Need to Check
1477779,83,"September 29, 2026","1,833","23,600",South 1,Coorg,"1,930",-4,Need to Check
1479075,25,"September 25, 2026","1,764","23,600",South 1,Coorg,"1,866",-4,Need to Check
1479075,26,"September 25, 2026","1,764","23,600",South 1,Coorg,"1,866",-4,Need to Check
1516017,21,"September 15, 2026","1,621","23,600",West,Nashik,"1,715",-4,Need to Check
1516017,21,"September 16, 2026","1,621","23,600",West,Nashik,"1,715",-4,Need to Check
1516017,22,"September 15, 2026","1,621","23,600",West,Nashik,"1,715",-4,Need to Check
1516017,22,"September 16, 2026","1,621","23,600",West,Nashik,"1,715",-4,Need to Check
1516017,23,"September 15, 2026","1,794","23,600",West,Nashik,"1,887",-4,Need to Check
1516017,23,"September 16, 2026","1,794","23,600",West,Nashik,"1,887",-4,Need to Check
1516017,24,"September 15, 2026","1,794","23,600",West,Nashik,"1,887",-4,Need to Check
1516017,24,"September 16, 2026","1,794","23,600",West,Nashik,"1,887",-4,Need to Check
1516017,39,"September 15, 2026","1,621","23,600",West,Nashik,"1,715",-4,Need to Check
1516017,39,"September 16, 2026","1,621","23,600",West,Nashik,"1,715",-4,Need to Check
1516017,40,"September 15, 2026","1,794","23,600",West,Nashik,"1,887",-4,Need to Check
1516017,40,"September 16, 2026","1,794","23,600",West,Nashik,"1,887",-4,Need to Check
1516017,83,"September 15, 2026","1,621","23,600",West,Nashik,"1,715",-4,Need to Check
1516017,83,"September 16, 2026","1,621","23,600",West,Nashik,"1,715",-4,Need to Check
1552629,19,"September 15, 2026","2,269","23,600",West,Nagpur,"2,405",-4,Need to Check
1552629,20,"September 15, 2026","2,269","23,600",West,Nagpur,"2,405",-4,Need to Check
1556414,19,"September 16, 2026","1,569","20,000",West,Nagpur,"1,669",-4,Need to Check
1556414,19,"September 16, 2026","1,569","20,000",West,Nagpur,"1,669",-4,Need to Check
1556414,20,"September 16, 2026","1,569","20,000",West,Nagpur,"1,669",-4,Need to Check
1556414,20,"September 16, 2026","1,569","20,000",West,Nagpur,"1,669",-4,Need to Check
1556414,51,"September 16, 2026","1,569","20,000",West,Nagpur,"1,669",-4,Need to Check
1556414,51,"September 16, 2026","1,569","20,000",West,Nagpur,"1,669",-4,Need to Check
1593685,27,"September 15, 2026","1,683","23,600",South 2,Hyderabad,"1,776",-4,Need to Check
1593685,27,"September 16, 2026","1,683","23,600",South 2,Hyderabad,"1,776",-4,Need to Check
1593685,27,"September 17, 2026","1,683","23,600",South 2,Hyderabad,"1,776",-4,Need to Check
1593685,27,"September 18, 2026","1,683","23,600",South 2,Hyderabad,"1,776",-4,Need to Check
1593685,27,"September 19, 2026","1,683","23,600",South 2,Hyderabad,"1,776",-4,Need to Check
1593685,28,"September 15, 2026","1,683","23,600",South 2,Hyderabad,"1,776",-4,Need to Check
1593685,28,"September 16, 2026","1,683","23,600",South 2,Hyderabad,"1,776",-4,Need to Check
1593685,28,"September 17, 2026","1,683","23,600",South 2,Hyderabad,"1,776",-4,Need to Check
1593685,28,"September 18, 2026","1,683","23,600",South 2,Hyderabad,"1,776",-4,Need to Check
1593685,28,"September 19, 2026","1,683","23,600",South 2,Hyderabad,"1,776",-4,Need to Check
1868924,21,"September 16, 2026","2,100","23,600",West,Ujjain,"2,231",-4,Need to Check
1868924,22,"September 16, 2026","2,100","23,600",West,Ujjain,"2,231",-4,Need to Check
1868924,23,"September 16, 2026","2,221","23,600",West,Ujjain,"2,352",-4,Need to Check
1868924,24,"September 16, 2026","2,221","23,600",West,Ujjain,"2,352",-4,Need to Check
1868924,39,"September 16, 2026","2,100","23,600",West,Ujjain,"2,231",-4,Need to Check
1894945,29,"September 25, 2026","2,797","23,600",South 1,Hassan,"2,973",-4,Need to Check
1894945,29,"September 26, 2026","2,818","23,600",South 1,Hassan,"2,996",-4,Need to Check
1894945,30,"September 25, 2026","2,797","23,600",South 1,Hassan,"2,973",-4,Need to Check
1894945,30,"September 26, 2026","2,818","23,600",South 1,Hassan,"2,996",-4,Need to Check
1894945,31,"September 25, 2026","2,797","23,600",South 1,Hassan,"2,973",-4,Need to Check
1894945,31,"September 26, 2026","2,818","23,600",South 1,Hassan,"2,996",-4,Need to Check
1894945,32,"September 25, 2026","2,901","23,600",South 1,Hassan,"3,077",-4,Need to Check
1894945,32,"September 26, 2026","2,922","23,600",South 1,Hassan,"3,100",-4,Need to Check
1894945,33,"September 25, 2026","2,901","23,600",South 1,Hassan,"3,077",-4,Need to Check
1894945,33,"September 26, 2026","2,922","23,600",South 1,Hassan,"3,100",-4,Need to Check
1894945,34,"September 25, 2026","2,901","23,600",South 1,Hassan,"3,077",-4,Need to Check
1894945,34,"September 26, 2026","2,922","23,600",South 1,Hassan,"3,100",-4,Need to Check
1894945,35,"September 25, 2026","3,453","23,600",South 1,Hassan,"3,629",-4,Need to Check
1894945,35,"September 26, 2026","3,474","23,600",South 1,Hassan,"3,652",-4,Need to Check
1894945,36,"September 25, 2026","3,453","23,600",South 1,Hassan,"3,629",-4,Need to Check
1894945,36,"September 26, 2026","3,474","23,600",South 1,Hassan,"3,652",-4,Need to Check
1894945,37,"September 25, 2026","3,453","23,600",South 1,Hassan,"3,629",-4,Need to Check
1894945,37,"September 26, 2026","3,474","23,600",South 1,Hassan,"3,652",-4,Need to Check
1894945,57,"September 25, 2026","2,797","23,600",South 1,Hassan,"2,973",-4,Need to Check
1894945,57,"September 26, 2026","2,818","23,600",South 1,Hassan,"2,996",-4,Need to Check
1894945,58,"September 25, 2026","2,901","23,600",South 1,Hassan,"3,077",-4,Need to Check
1894945,58,"September 26, 2026","2,922","23,600",South 1,Hassan,"3,100",-4,Need to Check
1894945,89,"September 25, 2026","2,797","23,600",South 1,Hassan,"2,973",-4,Need to Check
1894945,89,"September 26, 2026","2,818","23,600",South 1,Hassan,"2,996",-4,Need to Check
2026607,19,"September 25, 2026","1,624","20,000",South 1,Mangalore,"1,722",-4,Need to Check
2026607,19,"September 26, 2026","1,624","20,000",South 1,Mangalore,"1,722",-4,Need to Check
2026607,20,"September 25, 2026","1,624","20,000",South 1,Mangalore,"1,722",-4,Need to Check
2026607,20,"September 26, 2026","1,624","20,000",South 1,Mangalore,"1,722",-4,Need to Check
2026607,21,"September 25, 2026","1,624","20,000",South 1,Mangalore,"1,722",-4,Need to Check
2026607,21,"September 26, 2026","1,624","20,000",South 1,Mangalore,"1,722",-4,Need to Check
2026607,22,"September 25, 2026","1,624","20,000",South 1,Mangalore,"1,722",-4,Need to Check
2026607,22,"September 26, 2026","1,624","20,000",South 1,Mangalore,"1,722",-4,Need to Check
2026607,23,"September 25, 2026","1,762","20,000",South 1,Mangalore,"1,860",-4,Need to Check
2026607,23,"September 26, 2026","1,762","20,000",South 1,Mangalore,"1,860",-4,Need to Check
2026607,24,"September 25, 2026","1,762","20,000",South 1,Mangalore,"1,860",-4,Need to Check
2026607,24,"September 26, 2026","1,762","20,000",South 1,Mangalore,"1,860",-4,Need to Check
2026607,29,"September 25, 2026","1,762","20,000",South 1,Mangalore,"1,860",-4,Need to Check
2026607,29,"September 26, 2026","1,762","20,000",South 1,Mangalore,"1,860",-4,Need to Check
2026607,30,"September 25, 2026","1,762","20,000",South 1,Mangalore,"1,860",-4,Need to Check
2026607,30,"September 26, 2026","1,762","20,000",South 1,Mangalore,"1,860",-4,Need to Check
2026607,31,"September 25, 2026","1,762","20,000",South 1,Mangalore,"1,860",-4,Need to Check
2026607,31,"September 26, 2026","1,762","20,000",South 1,Mangalore,"1,860",-4,Need to Check
2026607,32,"September 25, 2026","1,900","20,000",South 1,Mangalore,"1,998",-4,Need to Check
2026607,32,"September 26, 2026","1,900","20,000",South 1,Mangalore,"1,998",-4,Need to Check
2026607,33,"September 25, 2026","1,900","20,000",South 1,Mangalore,"1,998",-4,Need to Check
2026607,33,"September 26, 2026","1,900","20,000",South 1,Mangalore,"1,998",-4,Need to Check
2026607,34,"September 25, 2026","1,900","20,000",South 1,Mangalore,"1,998",-4,Need to Check
2026607,34,"September 26, 2026","1,900","20,000",South 1,Mangalore,"1,998",-4,Need to Check
2026607,39,"September 25, 2026","1,624","20,000",South 1,Mangalore,"1,722",-4,Need to Check
2026607,39,"September 26, 2026","1,624","20,000",South 1,Mangalore,"1,722",-4,Need to Check
2026607,40,"September 25, 2026","1,762","20,000",South 1,Mangalore,"1,860",-4,Need to Check
2026607,40,"September 26, 2026","1,762","20,000",South 1,Mangalore,"1,860",-4,Need to Check
2026607,57,"September 25, 2026","1,762","20,000",South 1,Mangalore,"1,860",-4,Need to Check
2026607,57,"September 26, 2026","1,762","20,000",South 1,Mangalore,"1,860",-4,Need to Check
2026607,58,"September 25, 2026","1,900","20,000",South 1,Mangalore,"1,998",-4,Need to Check
2026607,58,"September 26, 2026","1,900","20,000",South 1,Mangalore,"1,998",-4,Need to Check
2026607,83,"September 25, 2026","1,624","20,000",South 1,Mangalore,"1,722",-4,Need to Check
2026607,83,"September 26, 2026","1,624","20,000",South 1,Mangalore,"1,722",-4,Need to Check
2026607,89,"September 25, 2026","1,762","20,000",South 1,Mangalore,"1,860",-4,Need to Check
2026607,89,"September 26, 2026","1,762","20,000",South 1,Mangalore,"1,860",-4,Need to Check
2027305,19,"September 25, 2026","1,895","23,600",South 1,Mangalore,"2,007",-4,Need to Check
2027305,20,"September 25, 2026","1,895","23,600",South 1,Mangalore,"2,007",-4,Need to Check
2027305,21,"September 25, 2026","1,964","23,600",South 1,Mangalore,"2,072",-4,Need to Check
2027305,22,"September 25, 2026","1,964","23,600",South 1,Mangalore,"2,072",-4,Need to Check
2027305,39,"September 25, 2026","1,964","23,600",South 1,Mangalore,"2,072",-4,Need to Check
2027305,51,"September 25, 2026","1,895","23,600",South 1,Mangalore,"2,007",-4,Need to Check
2027305,83,"September 25, 2026","1,964","23,600",South 1,Mangalore,"2,072",-4,Need to Check
2027305,97,"September 25, 2026","1,964","23,600",South 1,Mangalore,"2,072",-4,Need to Check
2055589,17,"September 16, 2026","1,624","23,600",West,Nagpur,"1,709",-4,Need to Check
2055589,18,"September 16, 2026","1,624","23,600",West,Nagpur,"1,709",-4,Need to Check
2055589,50,"September 16, 2026","1,624","23,600",West,Nagpur,"1,709",-4,Need to Check
2055589,87,"September 16, 2026","1,624","23,600",West,Nagpur,"1,709",-4,Need to Check
3009824,17,"September 19, 2026",900,"23,600",North 2,Rishikesh,954,-4,Need to Check
3009824,17,"September 20, 2026",900,"23,600",North 2,Rishikesh,954,-4,Need to Check
3009824,17,"September 21, 2026",900,"23,600",North 2,Rishikesh,954,-4,Need to Check
3009824,17,"September 22, 2026",900,"23,600",North 2,Rishikesh,954,-4,Need to Check
3009824,17,"September 23, 2026",900,"23,600",North 2,Rishikesh,954,-4,Need to Check
3009824,17,"September 24, 2026",900,"23,600",North 2,Rishikesh,954,-4,Need to Check
3009824,18,"September 19, 2026",900,"23,600",North 2,Rishikesh,954,-4,Need to Check
3009824,18,"September 20, 2026",900,"23,600",North 2,Rishikesh,954,-4,Need to Check
3009824,18,"September 21, 2026",900,"23,600",North 2,Rishikesh,954,-4,Need to Check
3009824,18,"September 22, 2026",900,"23,600",North 2,Rishikesh,954,-4,Need to Check
3009824,18,"September 23, 2026",900,"23,600",North 2,Rishikesh,954,-4,Need to Check
3009824,18,"September 24, 2026",900,"23,600",North 2,Rishikesh,954,-4,Need to Check
3009824,19,"September 19, 2026",900,"23,600",North 2,Rishikesh,954,-4,Need to Check
3009824,19,"September 20, 2026",900,"23,600",North 2,Rishikesh,954,-4,Need to Check
3009824,19,"September 21, 2026",900,"23,600",North 2,Rishikesh,954,-4,Need to Check
3009824,19,"September 22, 2026",900,"23,600",North 2,Rishikesh,954,-4,Need to Check
3009824,19,"September 23, 2026",900,"23,600",North 2,Rishikesh,954,-4,Need to Check
3009824,19,"September 24, 2026",900,"23,600",North 2,Rishikesh,954,-4,Need to Check
3009824,20,"September 19, 2026",900,"23,600",North 2,Rishikesh,954,-4,Need to Check
3009824,20,"September 20, 2026",900,"23,600",North 2,Rishikesh,954,-4,Need to Check
3009824,20,"September 21, 2026",900,"23,600",North 2,Rishikesh,954,-4,Need to Check
3009824,20,"September 22, 2026",900,"23,600",North 2,Rishikesh,954,-4,Need to Check
3009824,20,"September 23, 2026",900,"23,600",North 2,Rishikesh,954,-4,Need to Check
3009824,20,"September 24, 2026",900,"23,600",North 2,Rishikesh,954,-4,Need to Check
3009824,50,"September 19, 2026",900,"23,600",North 2,Rishikesh,954,-4,Need to Check
3009824,50,"September 20, 2026",900,"23,600",North 2,Rishikesh,954,-4,Need to Check
3009824,50,"September 21, 2026",900,"23,600",North 2,Rishikesh,954,-4,Need to Check
3009824,50,"September 22, 2026",900,"23,600",North 2,Rishikesh,954,-4,Need to Check
3009824,50,"September 23, 2026",900,"23,600",North 2,Rishikesh,954,-4,Need to Check
3009824,50,"September 24, 2026",900,"23,600",North 2,Rishikesh,954,-4,Need to Check
0002365,19,"September 27, 2026","1,782","23,600",South 1,Mangalore,"1,912",-5,Need to Check
0002365,19,"September 28, 2026","1,782","23,600",South 1,Mangalore,"1,912",-5,Need to Check
0002365,19,"September 29, 2026","1,782","23,600",South 1,Mangalore,"1,912",-5,Need to Check
0002365,20,"September 27, 2026","1,782","23,600",South 1,Mangalore,"1,912",-5,Need to Check
0002365,20,"September 28, 2026","1,782","23,600",South 1,Mangalore,"1,912",-5,Need to Check
0002365,20,"September 29, 2026","1,782","23,600",South 1,Mangalore,"1,912",-5,Need to Check
0002365,51,"September 27, 2026","1,782","23,600",South 1,Mangalore,"1,912",-5,Need to Check
0002365,51,"September 28, 2026","1,782","23,600",South 1,Mangalore,"1,912",-5,Need to Check
0002365,51,"September 29, 2026","1,782","23,600",South 1,Mangalore,"1,912",-5,Need to Check
0045959,18,"September 25, 2026","1,619","20,000",South 2,Hyderabad,"1,733",-5,Need to Check
0045959,18,"September 25, 2026","1,619","20,000",South 2,Hyderabad,"1,733",-5,Need to Check
0045959,18,"September 26, 2026","1,619","20,000",South 2,Hyderabad,"1,730",-5,Need to Check
0045959,18,"September 26, 2026","1,619","20,000",South 2,Hyderabad,"1,730",-5,Need to Check
0045959,18,"September 27, 2026","1,619","20,000",South 2,Hyderabad,"1,726",-5,Need to Check
0045959,18,"September 27, 2026","1,619","20,000",South 2,Hyderabad,"1,726",-5,Need to Check
0045959,18,"October 5, 2026","1,619","20,000",South 2,Hyderabad,"1,726",-5,Need to Check
0045959,18,"October 5, 2026","1,619","20,000",South 2,Hyderabad,"1,726",-5,Need to Check
0045959,18,"October 6, 2026","1,619","20,000",South 2,Hyderabad,"1,726",-5,Need to Check
0045959,18,"October 6, 2026","1,619","20,000",South 2,Hyderabad,"1,726",-5,Need to Check
0045959,18,"October 7, 2026","1,619","20,000",South 2,Hyderabad,"1,726",-5,Need to Check
0045959,18,"October 7, 2026","1,619","20,000",South 2,Hyderabad,"1,726",-5,Need to Check
0045959,18,"October 8, 2026","1,619","20,000",South 2,Hyderabad,"1,726",-5,Need to Check
0045959,18,"October 8, 2026","1,619","20,000",South 2,Hyderabad,"1,726",-5,Need to Check
0045959,18,"October 13, 2026","1,619","20,000",South 2,Hyderabad,"1,726",-5,Need to Check
0045959,18,"October 13, 2026","1,619","20,000",South 2,Hyderabad,"1,726",-5,Need to Check
0045959,18,"October 14, 2026","1,619","20,000",South 2,Hyderabad,"1,726",-5,Need to Check
0045959,18,"October 14, 2026","1,619","20,000",South 2,Hyderabad,"1,726",-5,Need to Check
0045959,18,"October 15, 2026","1,619","20,000",South 2,Hyderabad,"1,726",-5,Need to Check
0045959,18,"October 15, 2026","1,619","20,000",South 2,Hyderabad,"1,726",-5,Need to Check
0045959,19,"September 25, 2026","1,723","20,000",South 2,Hyderabad,"1,837",-5,Need to Check
0045959,19,"September 25, 2026","1,723","20,000",South 2,Hyderabad,"1,837",-5,Need to Check
0045959,20,"September 25, 2026","1,723","20,000",South 2,Hyderabad,"1,837",-5,Need to Check
0045959,20,"September 25, 2026","1,723","20,000",South 2,Hyderabad,"1,837",-5,Need to Check
0045959,50,"September 25, 2026","1,619","20,000",South 2,Hyderabad,"1,733",-5,Need to Check
0045959,50,"September 25, 2026","1,619","20,000",South 2,Hyderabad,"1,733",-5,Need to Check
0045959,50,"September 26, 2026","1,619","20,000",South 2,Hyderabad,"1,730",-5,Need to Check
0045959,50,"September 26, 2026","1,619","20,000",South 2,Hyderabad,"1,730",-5,Need to Check
0045959,50,"September 27, 2026","1,619","20,000",South 2,Hyderabad,"1,726",-5,Need to Check
0045959,50,"September 27, 2026","1,619","20,000",South 2,Hyderabad,"1,726",-5,Need to Check
0045959,50,"October 5, 2026","1,619","20,000",South 2,Hyderabad,"1,726",-5,Need to Check
0045959,50,"October 5, 2026","1,619","20,000",South 2,Hyderabad,"1,726",-5,Need to Check
0045959,50,"October 6, 2026","1,619","20,000",South 2,Hyderabad,"1,726",-5,Need to Check
0045959,50,"October 6, 2026","1,619","20,000",South 2,Hyderabad,"1,726",-5,Need to Check
0045959,50,"October 7, 2026","1,619","20,000",South 2,Hyderabad,"1,726",-5,Need to Check
0045959,50,"October 7, 2026","1,619","20,000",South 2,Hyderabad,"1,726",-5,Need to Check
0045959,50,"October 8, 2026","1,619","20,000",South 2,Hyderabad,"1,726",-5,Need to Check
0045959,50,"October 8, 2026","1,619","20,000",South 2,Hyderabad,"1,726",-5,Need to Check
0045959,50,"October 13, 2026","1,619","20,000",South 2,Hyderabad,"1,726",-5,Need to Check
0045959,50,"October 13, 2026","1,619","20,000",South 2,Hyderabad,"1,726",-5,Need to Check
0045959,50,"October 14, 2026","1,619","20,000",South 2,Hyderabad,"1,726",-5,Need to Check
0045959,50,"October 14, 2026","1,619","20,000",South 2,Hyderabad,"1,726",-5,Need to Check
0045959,50,"October 15, 2026","1,619","20,000",South 2,Hyderabad,"1,726",-5,Need to Check
0045959,50,"October 15, 2026","1,619","20,000",South 2,Hyderabad,"1,726",-5,Need to Check
0045959,51,"September 25, 2026","1,723","20,000",South 2,Hyderabad,"1,837",-5,Need to Check
0045959,51,"September 25, 2026","1,723","20,000",South 2,Hyderabad,"1,837",-5,Need to Check
0124913,35,"September 16, 2026","2,525","23,600",North 2,Dehradun,"2,719",-5,Need to Check
0124913,36,"September 16, 2026","2,525","23,600",North 2,Dehradun,"2,719",-5,Need to Check
0191524,17,"September 25, 2026","2,051","23,600",South 1,Alleppey,"2,192",-5,Need to Check
0191524,18,"September 25, 2026","2,051","23,600",South 1,Alleppey,"2,192",-5,Need to Check
0191524,19,"September 25, 2026","2,189","23,600",South 1,Alleppey,"2,332",-5,Need to Check
0191524,20,"September 25, 2026","2,189","23,600",South 1,Alleppey,"2,332",-5,Need to Check
0191524,21,"September 26, 2026","2,228","23,600",South 1,Alleppey,"2,402",-5,Need to Check
0191524,22,"September 26, 2026","2,228","23,600",South 1,Alleppey,"2,402",-5,Need to Check
0191524,23,"September 26, 2026","2,366","23,600",South 1,Alleppey,"2,542",-5,Need to Check
0191524,24,"September 26, 2026","2,366","23,600",South 1,Alleppey,"2,542",-5,Need to Check
0191524,29,"September 26, 2026","2,573","23,600",South 1,Alleppey,"2,752",-5,Need to Check
0191524,30,"September 26, 2026","2,573","23,600",South 1,Alleppey,"2,752",-5,Need to Check
0191524,31,"September 26, 2026","2,573","23,600",South 1,Alleppey,"2,752",-5,Need to Check
0191524,32,"September 26, 2026","2,711","23,600",South 1,Alleppey,"2,892",-5,Need to Check
0191524,33,"September 26, 2026","2,711","23,600",South 1,Alleppey,"2,892",-5,Need to Check
0191524,34,"September 26, 2026","2,711","23,600",South 1,Alleppey,"2,892",-5,Need to Check
0191524,39,"September 26, 2026","2,228","23,600",South 1,Alleppey,"2,402",-5,Need to Check
0191524,40,"September 26, 2026","2,366","23,600",South 1,Alleppey,"2,542",-5,Need to Check
0191524,50,"September 25, 2026","2,051","23,600",South 1,Alleppey,"2,192",-5,Need to Check
0191524,51,"September 25, 2026","2,189","23,600",South 1,Alleppey,"2,332",-5,Need to Check
0191524,57,"September 26, 2026","2,573","23,600",South 1,Alleppey,"2,752",-5,Need to Check
0191524,83,"September 26, 2026","2,228","23,600",South 1,Alleppey,"2,402",-5,Need to Check
0191524,87,"September 25, 2026","2,051","23,600",South 1,Alleppey,"2,192",-5,Need to Check
0468785,27,"September 16, 2026","2,851","23,600",South 1,Mysore,"3,074",-5,Need to Check
0468785,28,"September 16, 2026","2,851","23,600",South 1,Mysore,"3,074",-5,Need to Check
0551475,23,"September 16, 2026","2,248","23,600",West,Nagpur,"2,399",-5,Need to Check
0551475,24,"September 16, 2026","2,248","23,600",West,Nagpur,"2,399",-5,Need to Check
1135897,17,"September 25, 2026","1,377","23,600",South 1,Thiruvananthapuram,"1,484",-5,Need to Check
1135897,17,"September 26, 2026","1,377","23,600",South 1,Thiruvananthapuram,"1,484",-5,Need to Check
1135897,18,"September 25, 2026","1,377","23,600",South 1,Thiruvananthapuram,"1,484",-5,Need to Check
1135897,18,"September 26, 2026","1,377","23,600",South 1,Thiruvananthapuram,"1,484",-5,Need to Check
1135897,19,"September 25, 2026","1,446","23,600",South 1,Thiruvananthapuram,"1,549",-5,Need to Check
1135897,19,"September 26, 2026","1,446","23,600",South 1,Thiruvananthapuram,"1,549",-5,Need to Check
1135897,20,"September 25, 2026","1,446","23,600",South 1,Thiruvananthapuram,"1,549",-5,Need to Check
1135897,20,"September 26, 2026","1,446","23,600",South 1,Thiruvananthapuram,"1,549",-5,Need to Check
1135897,50,"September 25, 2026","1,377","23,600",South 1,Thiruvananthapuram,"1,484",-5,Need to Check
1135897,50,"September 26, 2026","1,377","23,600",South 1,Thiruvananthapuram,"1,484",-5,Need to Check
1136517,21,"September 27, 2026","1,619","23,600",South 1,Thiruvananthapuram,"1,736",-5,Need to Check
1136517,21,"September 28, 2026","1,619","23,600",South 1,Thiruvananthapuram,"1,736",-5,Need to Check
1136517,21,"September 29, 2026","1,619","23,600",South 1,Thiruvananthapuram,"1,736",-5,Need to Check
1136517,22,"September 27, 2026","1,619","23,600",South 1,Thiruvananthapuram,"1,736",-5,Need to Check
1136517,22,"September 28, 2026","1,619","23,600",South 1,Thiruvananthapuram,"1,736",-5,Need to Check
1136517,22,"September 29, 2026","1,619","23,600",South 1,Thiruvananthapuram,"1,736",-5,Need to Check
1136517,23,"September 26, 2026","1,740","23,600",South 1,Thiruvananthapuram,"1,869",-5,Need to Check
1136517,24,"September 26, 2026","1,740","23,600",South 1,Thiruvananthapuram,"1,869",-5,Need to Check
1136517,39,"September 27, 2026","1,619","23,600",South 1,Thiruvananthapuram,"1,736",-5,Need to Check
1136517,39,"September 28, 2026","1,619","23,600",South 1,Thiruvananthapuram,"1,736",-5,Need to Check
1136517,39,"September 29, 2026","1,619","23,600",South 1,Thiruvananthapuram,"1,736",-5,Need to Check
1136517,40,"September 26, 2026","1,740","23,600",South 1,Thiruvananthapuram,"1,869",-5,Need to Check
1136517,83,"September 27, 2026","1,619","23,600",South 1,Thiruvananthapuram,"1,736",-5,Need to Check
1136517,83,"September 28, 2026","1,619","23,600",South 1,Thiruvananthapuram,"1,736",-5,Need to Check
1136517,83,"September 29, 2026","1,619","23,600",South 1,Thiruvananthapuram,"1,736",-5,Need to Check
1143227,25,"September 29, 2026","1,894","23,600",South 1,Munnar,"2,025",-5,Need to Check
1143227,26,"September 29, 2026","1,894","23,600",South 1,Munnar,"2,025",-5,Need to Check
1164752,17,"September 24, 2026","1,602","27,848",South 1,Kochi,"1,719",-5,Need to Check
1164752,18,"September 24, 2026","1,602","27,848",South 1,Kochi,"1,719",-5,Need to Check
1164752,19,"September 24, 2026","1,747","27,848",South 1,Kochi,"1,864",-5,Need to Check
1164752,20,"September 24, 2026","1,747","27,848",South 1,Kochi,"1,864",-5,Need to Check
1164752,21,"September 24, 2026","1,747","27,848",South 1,Kochi,"1,864",-5,Need to Check
1164752,22,"September 24, 2026","1,747","27,848",South 1,Kochi,"1,864",-5,Need to Check
1164752,39,"September 24, 2026","1,747","27,848",South 1,Kochi,"1,864",-5,Need to Check
1164752,50,"September 24, 2026","1,602","27,848",South 1,Kochi,"1,719",-5,Need to Check
1164752,83,"September 24, 2026","1,747","27,848",South 1,Kochi,"1,864",-5,Need to Check
1165811,17,"September 25, 2026","1,279","23,600",South 1,Kochi,"1,362",-5,Need to Check
1165811,17,"September 26, 2026","1,279","23,600",South 1,Kochi,"1,362",-5,Need to Check
1165811,18,"September 25, 2026","1,279","23,600",South 1,Kochi,"1,362",-5,Need to Check
1165811,18,"September 26, 2026","1,279","23,600",South 1,Kochi,"1,362",-5,Need to Check
1165811,50,"September 25, 2026","1,279","23,600",South 1,Kochi,"1,362",-5,Need to Check
1165811,50,"September 26, 2026","1,279","23,600",South 1,Kochi,"1,362",-5,Need to Check
1166122,21,"September 25, 2026","1,962","23,600",South 1,Kochi,"2,099",-5,Need to Check
1166122,21,"September 26, 2026","1,962","23,600",South 1,Kochi,"2,099",-5,Need to Check
1166122,22,"September 25, 2026","1,962","23,600",South 1,Kochi,"2,099",-5,Need to Check
1166122,22,"September 26, 2026","1,962","23,600",South 1,Kochi,"2,099",-5,Need to Check
1166122,23,"September 25, 2026","1,962","23,600",South 1,Kochi,"2,099",-5,Need to Check
1166122,23,"September 26, 2026","1,962","23,600",South 1,Kochi,"2,099",-5,Need to Check
1166122,24,"September 25, 2026","1,962","23,600",South 1,Kochi,"2,099",-5,Need to Check
1166122,24,"September 26, 2026","1,962","23,600",South 1,Kochi,"2,099",-5,Need to Check
1166122,39,"September 25, 2026","1,962","23,600",South 1,Kochi,"2,099",-5,Need to Check
1166122,39,"September 26, 2026","1,962","23,600",South 1,Kochi,"2,099",-5,Need to Check
1166122,40,"September 25, 2026","1,962","23,600",South 1,Kochi,"2,099",-5,Need to Check
1166122,40,"September 26, 2026","1,962","23,600",South 1,Kochi,"2,099",-5,Need to Check
1166122,83,"September 25, 2026","1,962","23,600",South 1,Kochi,"2,099",-5,Need to Check
1166122,83,"September 26, 2026","1,962","23,600",South 1,Kochi,"2,099",-5,Need to Check
1166252,19,"September 27, 2026","1,626","23,600",South 1,Kochi,"1,742",-5,Need to Check
1166252,19,"September 28, 2026","1,626","23,600",South 1,Kochi,"1,742",-5,Need to Check
1166252,19,"September 29, 2026","1,626","23,600",South 1,Kochi,"1,742",-5,Need to Check
1167277,19,"September 25, 2026","1,307","23,600",South 1,Kochi,"1,406",-5,Need to Check
1167277,19,"September 26, 2026","1,307","23,600",South 1,Kochi,"1,406",-5,Need to Check
1167277,19,"September 27, 2026","1,307","23,600",South 1,Kochi,"1,406",-5,Need to Check
1167277,19,"September 28, 2026","1,307","23,600",South 1,Kochi,"1,406",-5,Need to Check
1167277,19,"September 29, 2026","1,307","23,600",South 1,Kochi,"1,406",-5,Need to Check
1167277,20,"September 25, 2026","1,307","23,600",South 1,Kochi,"1,406",-5,Need to Check
1167277,20,"September 26, 2026","1,307","23,600",South 1,Kochi,"1,406",-5,Need to Check
1167277,20,"September 27, 2026","1,307","23,600",South 1,Kochi,"1,406",-5,Need to Check
1167277,20,"September 28, 2026","1,307","23,600",South 1,Kochi,"1,406",-5,Need to Check
1167277,20,"September 29, 2026","1,307","23,600",South 1,Kochi,"1,406",-5,Need to Check
1169924,19,"September 25, 2026","1,571","23,600",South 1,Kochi,"1,691",-5,Need to Check
1169924,20,"September 25, 2026","1,571","23,600",South 1,Kochi,"1,691",-5,Need to Check
1169924,23,"September 26, 2026","2,115","23,600",South 1,Kochi,"2,268",-5,Need to Check
1169924,24,"September 26, 2026","2,115","23,600",South 1,Kochi,"2,268",-5,Need to Check
1169924,27,"September 26, 2026","2,322","23,600",South 1,Kochi,"2,475",-5,Need to Check
1169924,28,"September 26, 2026","2,322","23,600",South 1,Kochi,"2,475",-5,Need to Check
1169924,40,"September 26, 2026","2,115","23,600",South 1,Kochi,"2,268",-5,Need to Check
1197734,17,"September 28, 2026","2,208","23,600",South 1,Alleppey,"2,357",-5,Need to Check
1197734,17,"September 29, 2026","2,208","23,600",South 1,Alleppey,"2,357",-5,Need to Check
1197734,18,"September 28, 2026","2,208","23,600",South 1,Alleppey,"2,357",-5,Need to Check
1197734,18,"September 29, 2026","2,208","23,600",South 1,Alleppey,"2,357",-5,Need to Check
1197734,19,"September 28, 2026","2,208","23,600",South 1,Alleppey,"2,357",-5,Need to Check
1197734,19,"September 29, 2026","2,208","23,600",South 1,Alleppey,"2,357",-5,Need to Check
1197734,20,"September 28, 2026","2,208","23,600",South 1,Alleppey,"2,357",-5,Need to Check
1197734,20,"September 29, 2026","2,208","23,600",South 1,Alleppey,"2,357",-5,Need to Check
1197734,50,"September 28, 2026","2,208","23,600",South 1,Alleppey,"2,357",-5,Need to Check
1197734,50,"September 29, 2026","2,208","23,600",South 1,Alleppey,"2,357",-5,Need to Check
1229040,17,"September 15, 2026","1,077","20,000",North 2,Varanasi,"1,154",-5,Need to Check
1229040,18,"September 15, 2026","1,077","20,000",North 2,Varanasi,"1,154",-5,Need to Check
1229040,50,"September 15, 2026","1,077","20,000",North 2,Varanasi,"1,154",-5,Need to Check
1229040,87,"September 15, 2026","1,077","20,000",North 2,Varanasi,"1,154",-5,Need to Check
1375831,15,"September 16, 2026","1,943","23,600",West,Mumbai,"2,075",-5,Need to Check
1375831,38,"September 16, 2026","1,943","23,600",West,Mumbai,"2,075",-5,Need to Check
1444313,21,"September 24, 2026","2,560","27,848",South 1,Ooty,"2,732",-5,Need to Check
1444313,21,"September 29, 2026","2,726","27,848",South 1,Ooty,"2,937",-5,Need to Check
1444313,22,"September 24, 2026","2,560","27,848",South 1,Ooty,"2,732",-5,Need to Check
1444313,22,"September 29, 2026","2,726","27,848",South 1,Ooty,"2,937",-5,Need to Check
1444313,23,"September 24, 2026","2,560","27,848",South 1,Ooty,"2,732",-5,Need to Check
1444313,23,"September 29, 2026","2,726","27,848",South 1,Ooty,"2,937",-5,Need to Check
1444313,24,"September 24, 2026","2,560","27,848",South 1,Ooty,"2,732",-5,Need to Check
1444313,24,"September 29, 2026","2,726","27,848",South 1,Ooty,"2,937",-5,Need to Check
1444313,29,"September 29, 2026","3,002","27,848",South 1,Ooty,"3,217",-5,Need to Check
1444313,30,"September 29, 2026","3,002","27,848",South 1,Ooty,"3,217",-5,Need to Check
1444313,31,"September 29, 2026","3,002","27,848",South 1,Ooty,"3,217",-5,Need to Check
1444313,32,"September 29, 2026","3,002","27,848",South 1,Ooty,"3,217",-5,Need to Check
1444313,33,"September 29, 2026","3,002","27,848",South 1,Ooty,"3,217",-5,Need to Check
1444313,34,"September 29, 2026","3,002","27,848",South 1,Ooty,"3,217",-5,Need to Check
1444313,39,"September 24, 2026","2,560","27,848",South 1,Ooty,"2,732",-5,Need to Check
1444313,39,"September 29, 2026","2,726","27,848",South 1,Ooty,"2,937",-5,Need to Check
1444313,40,"September 24, 2026","2,560","27,848",South 1,Ooty,"2,732",-5,Need to Check
1444313,40,"September 29, 2026","2,726","27,848",South 1,Ooty,"2,937",-5,Need to Check
1444313,57,"September 29, 2026","3,002","27,848",South 1,Ooty,"3,217",-5,Need to Check
1444313,58,"September 29, 2026","3,002","27,848",South 1,Ooty,"3,217",-5,Need to Check
1444313,83,"September 24, 2026","2,560","27,848",South 1,Ooty,"2,732",-5,Need to Check
1444313,83,"September 29, 2026","2,726","27,848",South 1,Ooty,"2,937",-5,Need to Check
1444313,89,"September 29, 2026","3,002","27,848",South 1,Ooty,"3,217",-5,Need to Check
1446609,42,"September 27, 2026","3,119","23,600",South 1,Ooty,"3,333",-5,Need to Check
1446609,42,"September 28, 2026","3,115","23,600",South 1,Ooty,"3,333",-5,Need to Check
1446609,42,"September 29, 2026","3,115","23,600",South 1,Ooty,"3,333",-5,Need to Check
1446609,43,"September 27, 2026","3,119","23,600",South 1,Ooty,"3,333",-5,Need to Check
1446609,43,"September 28, 2026","3,115","23,600",South 1,Ooty,"3,333",-5,Need to Check
1446609,43,"September 29, 2026","3,115","23,600",South 1,Ooty,"3,333",-5,Need to Check
1446609,44,"September 27, 2026","3,119","23,600",South 1,Ooty,"3,333",-5,Need to Check
1446609,44,"September 28, 2026","3,115","23,600",South 1,Ooty,"3,333",-5,Need to Check
1446609,44,"September 29, 2026","3,115","23,600",South 1,Ooty,"3,333",-5,Need to Check
1462197,27,"September 26, 2026","2,891","23,600",South 1,Mysore,"3,088",-5,Need to Check
1462197,28,"September 26, 2026","2,891","23,600",South 1,Mysore,"3,088",-5,Need to Check
1462197,32,"September 26, 2026","2,581","23,600",South 1,Mysore,"2,778",-5,Need to Check
1462197,33,"September 26, 2026","2,581","23,600",South 1,Mysore,"2,778",-5,Need to Check
1462197,34,"September 26, 2026","2,581","23,600",South 1,Mysore,"2,778",-5,Need to Check
1462197,58,"September 26, 2026","2,581","23,600",South 1,Mysore,"2,778",-5,Need to Check
1464454,17,"September 25, 2026","1,741","23,600",South 1,Mysore,"1,862",-5,Need to Check
1464454,18,"September 25, 2026","1,741","23,600",South 1,Mysore,"1,862",-5,Need to Check
1464454,27,"September 27, 2026","2,679","23,600",South 1,Mysore,"2,858",-5,Need to Check
1464454,27,"September 28, 2026","2,679","23,600",South 1,Mysore,"2,858",-5,Need to Check
1464454,27,"September 29, 2026","2,679","23,600",South 1,Mysore,"2,858",-5,Need to Check
1464454,28,"September 27, 2026","2,679","23,600",South 1,Mysore,"2,858",-5,Need to Check
1464454,28,"September 28, 2026","2,679","23,600",South 1,Mysore,"2,858",-5,Need to Check
1464454,28,"September 29, 2026","2,679","23,600",South 1,Mysore,"2,858",-5,Need to Check
1464454,50,"September 25, 2026","1,741","23,600",South 1,Mysore,"1,862",-5,Need to Check
1464454,87,"September 25, 2026","1,741","23,600",South 1,Mysore,"1,862",-5,Need to Check
1472508,24179,"September 25, 2026","2,818","23,600",South 1,Coorg,"3,014",-5,Need to Check
1472508,24179,"September 26, 2026","2,818","23,600",South 1,Coorg,"3,014",-5,Need to Check
1472508,24180,"September 25, 2026","2,818","23,600",South 1,Coorg,"3,014",-5,Need to Check
1472508,24180,"September 26, 2026","2,818","23,600",South 1,Coorg,"3,014",-5,Need to Check
1472508,24181,"September 25, 2026","2,818","23,600",South 1,Coorg,"3,014",-5,Need to Check
1472508,24181,"September 26, 2026","2,818","23,600",South 1,Coorg,"3,014",-5,Need to Check
1472508,24182,"September 25, 2026","2,818","23,600",South 1,Coorg,"3,014",-5,Need to Check
1472508,24182,"September 26, 2026","2,818","23,600",South 1,Coorg,"3,014",-5,Need to Check
1472508,24183,"September 25, 2026","2,818","23,600",South 1,Coorg,"3,014",-5,Need to Check
1472508,24183,"September 26, 2026","2,818","23,600",South 1,Coorg,"3,014",-5,Need to Check
1472508,24184,"September 25, 2026","2,818","23,600",South 1,Coorg,"3,014",-5,Need to Check
1472508,24184,"September 26, 2026","2,818","23,600",South 1,Coorg,"3,014",-5,Need to Check
1472508,24185,"September 25, 2026","2,818","23,600",South 1,Coorg,"3,014",-5,Need to Check
1472508,24185,"September 26, 2026","2,818","23,600",South 1,Coorg,"3,014",-5,Need to Check
1472508,24186,"September 27, 2026","3,209","23,600",South 1,Coorg,"3,448",-5,Need to Check
1472508,24186,"September 28, 2026","3,209","23,600",South 1,Coorg,"3,448",-5,Need to Check
1472508,24186,"September 29, 2026","3,209","23,600",South 1,Coorg,"3,448",-5,Need to Check
1472508,24187,"September 27, 2026","3,209","23,600",South 1,Coorg,"3,448",-5,Need to Check
1472508,24187,"September 28, 2026","3,209","23,600",South 1,Coorg,"3,448",-5,Need to Check
1472508,24187,"September 29, 2026","3,209","23,600",South 1,Coorg,"3,448",-5,Need to Check
1472508,27,"September 25, 2026","2,611","23,600",South 1,Coorg,"2,804",-5,Need to Check
1472508,27,"September 26, 2026","2,611","23,600",South 1,Coorg,"2,804",-5,Need to Check
1472508,28,"September 25, 2026","2,611","23,600",South 1,Coorg,"2,804",-5,Need to Check
1472508,28,"September 26, 2026","2,611","23,600",South 1,Coorg,"2,804",-5,Need to Check
1472508,29,"September 25, 2026","2,818","23,600",South 1,Coorg,"3,014",-5,Need to Check
1472508,29,"September 26, 2026","2,818","23,600",South 1,Coorg,"3,014",-5,Need to Check
1472508,30,"September 25, 2026","2,818","23,600",South 1,Coorg,"3,014",-5,Need to Check
1472508,30,"September 26, 2026","2,818","23,600",South 1,Coorg,"3,014",-5,Need to Check
1472508,31,"September 25, 2026","2,818","23,600",South 1,Coorg,"3,014",-5,Need to Check
1472508,31,"September 26, 2026","2,818","23,600",South 1,Coorg,"3,014",-5,Need to Check
1472508,32,"September 25, 2026","2,818","23,600",South 1,Coorg,"3,014",-5,Need to Check
1472508,32,"September 26, 2026","2,818","23,600",South 1,Coorg,"3,014",-5,Need to Check
1472508,33,"September 25, 2026","2,818","23,600",South 1,Coorg,"3,014",-5,Need to Check
1472508,33,"September 26, 2026","2,818","23,600",South 1,Coorg,"3,014",-5,Need to Check
1472508,34,"September 25, 2026","2,818","23,600",South 1,Coorg,"3,014",-5,Need to Check
1472508,34,"September 26, 2026","2,818","23,600",South 1,Coorg,"3,014",-5,Need to Check
1472508,35,"September 27, 2026","3,209","23,600",South 1,Coorg,"3,448",-5,Need to Check
1472508,35,"September 28, 2026","3,209","23,600",South 1,Coorg,"3,448",-5,Need to Check
1472508,35,"September 29, 2026","3,209","23,600",South 1,Coorg,"3,448",-5,Need to Check
1472508,36,"September 27, 2026","3,209","23,600",South 1,Coorg,"3,448",-5,Need to Check
1472508,36,"September 28, 2026","3,209","23,600",South 1,Coorg,"3,448",-5,Need to Check
1472508,36,"September 29, 2026","3,209","23,600",South 1,Coorg,"3,448",-5,Need to Check
1472508,37,"September 27, 2026","3,209","23,600",South 1,Coorg,"3,448",-5,Need to Check
1472508,37,"September 28, 2026","3,209","23,600",South 1,Coorg,"3,448",-5,Need to Check
1472508,37,"September 29, 2026","3,209","23,600",South 1,Coorg,"3,448",-5,Need to Check
1472508,41,"September 25, 2026","2,611","23,600",South 1,Coorg,"2,804",-5,Need to Check
1472508,41,"September 26, 2026","2,611","23,600",South 1,Coorg,"2,804",-5,Need to Check
1472508,57,"September 25, 2026","2,818","23,600",South 1,Coorg,"3,014",-5,Need to Check
1472508,57,"September 26, 2026","2,818","23,600",South 1,Coorg,"3,014",-5,Need to Check
1472508,58,"September 25, 2026","2,818","23,600",South 1,Coorg,"3,014",-5,Need to Check
1472508,58,"September 26, 2026","2,818","23,600",South 1,Coorg,"3,014",-5,Need to Check
1472508,59,"September 27, 2026","3,209","23,600",South 1,Coorg,"3,448",-5,Need to Check
1472508,59,"September 28, 2026","3,209","23,600",South 1,Coorg,"3,448",-5,Need to Check
1472508,59,"September 29, 2026","3,209","23,600",South 1,Coorg,"3,448",-5,Need to Check
1472508,89,"September 25, 2026","2,818","23,600",South 1,Coorg,"3,014",-5,Need to Check
1472508,89,"September 26, 2026","2,818","23,600",South 1,Coorg,"3,014",-5,Need to Check
1472508,90,"September 25, 2026","2,818","23,600",South 1,Coorg,"3,014",-5,Need to Check
1472508,90,"September 26, 2026","2,818","23,600",South 1,Coorg,"3,014",-5,Need to Check
1472508,91,"September 27, 2026","3,209","23,600",South 1,Coorg,"3,448",-5,Need to Check
1472508,91,"September 28, 2026","3,209","23,600",South 1,Coorg,"3,448",-5,Need to Check
1472508,91,"September 29, 2026","3,209","23,600",South 1,Coorg,"3,448",-5,Need to Check
1474895,17,"September 27, 2026","1,278","23,600",South 1,Coorg,"1,375",-5,Need to Check
1474895,17,"September 28, 2026","1,278","23,600",South 1,Coorg,"1,369",-5,Need to Check
1474895,17,"September 29, 2026","1,278","23,600",South 1,Coorg,"1,369",-5,Need to Check
1474895,18,"September 27, 2026","1,278","23,600",South 1,Coorg,"1,375",-5,Need to Check
1474895,18,"September 28, 2026","1,278","23,600",South 1,Coorg,"1,369",-5,Need to Check
1474895,18,"September 29, 2026","1,278","23,600",South 1,Coorg,"1,369",-5,Need to Check
1474895,19,"September 27, 2026","1,278","23,600",South 1,Coorg,"1,375",-5,Need to Check
1474895,19,"September 28, 2026","1,278","23,600",South 1,Coorg,"1,369",-5,Need to Check
1474895,19,"September 29, 2026","1,278","23,600",South 1,Coorg,"1,369",-5,Need to Check
1474895,20,"September 27, 2026","1,278","23,600",South 1,Coorg,"1,375",-5,Need to Check
1474895,20,"September 28, 2026","1,278","23,600",South 1,Coorg,"1,369",-5,Need to Check
1474895,20,"September 29, 2026","1,278","23,600",South 1,Coorg,"1,369",-5,Need to Check
1474895,50,"September 27, 2026","1,278","23,600",South 1,Coorg,"1,375",-5,Need to Check
1474895,50,"September 28, 2026","1,278","23,600",South 1,Coorg,"1,369",-5,Need to Check
1474895,50,"September 29, 2026","1,278","23,600",South 1,Coorg,"1,369",-5,Need to Check
1476116,27,"September 27, 2026","2,599","23,600",South 1,Coorg,"2,790",-5,Need to Check
1476116,27,"September 28, 2026","2,599","23,600",South 1,Coorg,"2,790",-5,Need to Check
1476116,28,"September 27, 2026","2,599","23,600",South 1,Coorg,"2,790",-5,Need to Check
1476116,28,"September 28, 2026","2,599","23,600",South 1,Coorg,"2,790",-5,Need to Check
1476116,41,"September 27, 2026","2,599","23,600",South 1,Coorg,"2,790",-5,Need to Check
1476116,41,"September 28, 2026","2,599","23,600",South 1,Coorg,"2,790",-5,Need to Check
1477779,17,"September 27, 2026","1,565","23,600",South 1,Coorg,"1,670",-5,Need to Check
1477779,17,"September 28, 2026","1,557","23,600",South 1,Coorg,"1,670",-5,Need to Check
1477779,17,"September 29, 2026","1,557","23,600",South 1,Coorg,"1,670",-5,Need to Check
1477779,18,"September 27, 2026","1,565","23,600",South 1,Coorg,"1,670",-5,Need to Check
1477779,18,"September 28, 2026","1,557","23,600",South 1,Coorg,"1,670",-5,Need to Check
1477779,18,"September 29, 2026","1,557","23,600",South 1,Coorg,"1,670",-5,Need to Check
1477779,19,"September 27, 2026","1,565","23,600",South 1,Coorg,"1,670",-5,Need to Check
1477779,19,"September 28, 2026","1,557","23,600",South 1,Coorg,"1,670",-5,Need to Check
1477779,19,"September 29, 2026","1,557","23,600",South 1,Coorg,"1,670",-5,Need to Check
1477779,20,"September 27, 2026","1,565","23,600",South 1,Coorg,"1,670",-5,Need to Check
1477779,20,"September 28, 2026","1,557","23,600",South 1,Coorg,"1,670",-5,Need to Check
1477779,20,"September 29, 2026","1,557","23,600",South 1,Coorg,"1,670",-5,Need to Check
1477779,50,"September 27, 2026","1,565","23,600",South 1,Coorg,"1,670",-5,Need to Check
1477779,50,"September 28, 2026","1,557","23,600",South 1,Coorg,"1,670",-5,Need to Check
1477779,50,"September 29, 2026","1,557","23,600",South 1,Coorg,"1,670",-5,Need to Check
1477779,51,"September 27, 2026","1,565","23,600",South 1,Coorg,"1,670",-5,Need to Check
1477779,51,"September 28, 2026","1,557","23,600",South 1,Coorg,"1,670",-5,Need to Check
1477779,51,"September 29, 2026","1,557","23,600",South 1,Coorg,"1,670",-5,Need to Check
1477779,87,"September 27, 2026","1,565","23,600",South 1,Coorg,"1,670",-5,Need to Check
1477779,87,"September 28, 2026","1,557","23,600",South 1,Coorg,"1,670",-5,Need to Check
1477779,87,"September 29, 2026","1,557","23,600",South 1,Coorg,"1,670",-5,Need to Check
1479075,25,"September 26, 2026","1,748","23,600",South 1,Coorg,"1,866",-5,Need to Check
1479075,26,"September 26, 2026","1,748","23,600",South 1,Coorg,"1,866",-5,Need to Check
1501004,27,"September 16, 2026","1,921","23,600",West,Pune,"2,052",-5,Need to Check
1501004,28,"September 16, 2026","1,921","23,600",West,Pune,"2,052",-5,Need to Check
1552629,17,"September 15, 2026","2,062","23,600",West,Nagpur,"2,198",-5,Need to Check
1552629,18,"September 15, 2026","2,062","23,600",West,Nagpur,"2,198",-5,Need to Check
1868924,17,"September 16, 2026","1,893","23,600",West,Ujjain,"2,024",-5,Need to Check
1868924,18,"September 16, 2026","1,893","23,600",West,Ujjain,"2,024",-5,Need to Check
1868924,19,"September 16, 2026","1,997","23,600",West,Ujjain,"2,127",-5,Need to Check
1868924,20,"September 16, 2026","1,997","23,600",West,Ujjain,"2,127",-5,Need to Check
1868924,50,"September 16, 2026","1,893","23,600",West,Ujjain,"2,024",-5,Need to Check
2011351,25,"September 24, 2026","1,824","23,600",South 1,Bangalore,"1,968",-5,Need to Check
2011351,26,"September 24, 2026","1,824","23,600",South 1,Bangalore,"1,968",-5,Need to Check
2026607,17,"September 25, 2026","1,486","20,000",South 1,Mangalore,"1,584",-5,Need to Check
2026607,17,"September 26, 2026","1,486","20,000",South 1,Mangalore,"1,584",-5,Need to Check
2026607,18,"September 25, 2026","1,486","20,000",South 1,Mangalore,"1,584",-5,Need to Check
2026607,18,"September 26, 2026","1,486","20,000",South 1,Mangalore,"1,584",-5,Need to Check
2026607,50,"September 25, 2026","1,486","20,000",South 1,Mangalore,"1,584",-5,Need to Check
2026607,50,"September 26, 2026","1,486","20,000",South 1,Mangalore,"1,584",-5,Need to Check
2027305,17,"September 25, 2026","1,757","23,600",South 1,Mangalore,"1,877",-5,Need to Check
2027305,18,"September 25, 2026","1,757","23,600",South 1,Mangalore,"1,877",-5,Need to Check
2027305,50,"September 25, 2026","1,757","23,600",South 1,Mangalore,"1,877",-5,Need to Check
2027305,87,"September 25, 2026","1,757","23,600",South 1,Mangalore,"1,877",-5,Need to Check
5000022,27,"September 16, 2026","2,159","20,000",South 1,Mangalore,"2,314",-5,Need to Check
5000022,28,"September 16, 2026","2,159","20,000",South 1,Mangalore,"2,314",-5,Need to Check
