property_code,sku_code,date,min_price,max_price,region,city,original_min_price,pct_diff,alert
0002365,17,"September 19, 2026","1,848","23,600",South 1,Mangalore,"1,878",-1,Need to Check
0002365,18,"September 19, 2026","1,848","23,600",South 1,Mangalore,"1,878",-1,Need to Check
0002365,19,"September 19, 2026","2,055","23,600",South 1,Mangalore,"2,073",-1,Need to Check
0002365,20,"September 19, 2026","2,055","23,600",South 1,Mangalore,"2,073",-1,Need to Check
0002365,50,"September 19, 2026","1,848","23,600",South 1,Mangalore,"1,878",-1,Need to Check
0002365,51,"September 19, 2026","2,055","23,600",South 1,Mangalore,"2,073",-1,Need to Check
0002365,87,"September 19, 2026","1,848","23,600",South 1,Mangalore,"1,878",-1,Need to Check
0325023,19,"September 27, 2026","1,938","23,600",North 1,Jaipur,"1,974",-1,Need to Check
0325023,19,"September 28, 2026","1,938","23,600",North 1,Jaipur,"1,974",-1,Need to Check
0325023,19,"September 29, 2026","1,938","23,600",North 1,Jaipur,"1,974",-1,Need to Check
0325023,20,"September 27, 2026","1,938","23,600",North 1,Jaipur,"1,974",-1,Need to Check
0325023,20,"September 28, 2026","1,938","23,600",North 1,Jaipur,"1,974",-1,Need to Check
0325023,20,"September 29, 2026","1,938","23,600",North 1,Jaipur,"1,974",-1,Need to Check
0325023,21,"September 27, 2026","2,076","23,600",North 1,Jaipur,"2,104",-1,Need to Check
0325023,21,"September 28, 2026","2,076","23,600",North 1,Jaipur,"2,104",-1,Need to Check
0325023,21,"September 29, 2026","2,076","23,600",North 1,Jaipur,"2,104",-1,Need to Check
0325023,22,"September 27, 2026","2,076","23,600",North 1,Jaipur,"2,104",-1,Need to Check
0325023,22,"September 28, 2026","2,076","23,600",North 1,Jaipur,"2,104",-1,Need to Check
0325023,22,"September 29, 2026","2,076","23,600",North 1,Jaipur,"2,104",-1,Need to Check
0325023,25,"September 27, 2026","2,214","23,600",North 1,Jaipur,"2,234",-1,Need to Check
0325023,25,"September 28, 2026","2,214","23,600",North 1,Jaipur,"2,234",-1,Need to Check
0325023,25,"September 29, 2026","2,214","23,600",North 1,Jaipur,"2,234",-1,Need to Check
0325023,27,"September 26, 2026","2,628","23,600",North 1,Jaipur,"2,660",-1,Need to Check
0325023,28,"September 26, 2026","2,628","23,600",North 1,Jaipur,"2,660",-1,Need to Check
0325023,29,"September 26, 2026","2,352","23,600",North 1,Jaipur,"2,400",-1,Need to Check
0325023,30,"September 26, 2026","2,352","23,600",North 1,Jaipur,"2,400",-1,Need to Check
0325023,31,"September 26, 2026","2,352","23,600",North 1,Jaipur,"2,400",-1,Need to Check
0325023,32,"September 26, 2026","2,559","23,600",North 1,Jaipur,"2,595",-1,Need to Check
0325023,33,"September 26, 2026","2,559","23,600",North 1,Jaipur,"2,595",-1,Need to Check
0325023,34,"September 26, 2026","2,559","23,600",North 1,Jaipur,"2,595",-1,Need to Check
0325023,39,"September 27, 2026","2,076","23,600",North 1,Jaipur,"2,104",-1,Need to Check
0325023,39,"September 28, 2026","2,076","23,600",North 1,Jaipur,"2,104",-1,Need to Check
0325023,39,"September 29, 2026","2,076","23,600",North 1,Jaipur,"2,104",-1,Need to Check
0325023,57,"September 26, 2026","2,352","23,600",North 1,Jaipur,"2,400",-1,Need to Check
0325023,83,"September 27, 2026","2,076","23,600",North 1,Jaipur,"2,104",-1,Need to Check
0325023,83,"September 28, 2026","2,076","23,600",North 1,Jaipur,"2,104",-1,Need to Check
0325023,83,"September 29, 2026","2,076","23,600",North 1,Jaipur,"2,104",-1,Need to Check
1043825,35,"September 18, 2026","2,721","23,600",South 1,Wayanad,"2,764",-1,Need to Check
1043825,36,"September 18, 2026","2,721","23,600",South 1,Wayanad,"2,764",-1,Need to Check
1107176,23,"September 20, 2026","1,476","23,600",South 2,Yercaud,"1,505",-1,Need to Check
1107176,24,"September 20, 2026","1,476","23,600",South 2,Yercaud,"1,505",-1,Need to Check
1107176,29,"September 20, 2026","1,683","23,600",South 2,Yercaud,"1,700",-1,Need to Check
1107176,30,"September 20, 2026","1,683","23,600",South 2,Yercaud,"1,700",-1,Need to Check
1107176,31,"September 20, 2026","1,683","23,600",South 2,Yercaud,"1,700",-1,Need to Check
1107176,57,"September 20, 2026","1,683","23,600",South 2,Yercaud,"1,700",-1,Need to Check
1107594,17,"September 17, 2026","1,575","23,600",South 1,Belgaum,"1,609",-1,Need to Check
1107594,17,"September 17, 2026","1,575","23,600",South 1,Belgaum,"1,609",-1,Need to Check
1107594,18,"September 17, 2026","1,575","23,600",South 1,Belgaum,"1,609",-1,Need to Check
1107594,19,"September 17, 2026","1,644","23,600",South 1,Belgaum,"1,678",-1,Need to Check
1107594,19,"September 17, 2026","1,644","23,600",South 1,Belgaum,"1,678",-1,Need to Check
1107594,20,"September 17, 2026","1,644","23,600",South 1,Belgaum,"1,678",-1,Need to Check
1107594,21,"September 17, 2026","1,851","23,600",South 1,Belgaum,"1,886",-1,Need to Check
1107594,21,"September 17, 2026","1,851","23,600",South 1,Belgaum,"1,886",-1,Need to Check
1107594,21,"September 18, 2026","1,851","23,600",South 1,Belgaum,"1,888",-1,Need to Check
1107594,21,"September 18, 2026","1,851","23,600",South 1,Belgaum,"1,888",-1,Need to Check
1107594,22,"September 17, 2026","1,851","23,600",South 1,Belgaum,"1,886",-1,Need to Check
1107594,22,"September 17, 2026","1,851","23,600",South 1,Belgaum,"1,886",-1,Need to Check
1107594,22,"September 18, 2026","1,851","23,600",South 1,Belgaum,"1,888",-1,Need to Check
1107594,22,"September 18, 2026","1,851","23,600",South 1,Belgaum,"1,888",-1,Need to Check
1107594,23,"September 17, 2026","1,920","23,600",South 1,Belgaum,"1,951",-1,Need to Check
1107594,23,"September 17, 2026","1,920","23,600",South 1,Belgaum,"1,951",-1,Need to Check
1107594,24,"September 17, 2026","1,920","23,600",South 1,Belgaum,"1,951",-1,Need to Check
1107594,24,"September 17, 2026","1,920","23,600",South 1,Belgaum,"1,951",-1,Need to Check
1107594,29,"September 18, 2026","2,305","23,600",South 1,Belgaum,"2,333",-1,Need to Check
1107594,30,"September 18, 2026","2,305","23,600",South 1,Belgaum,"2,333",-1,Need to Check
1107594,31,"September 18, 2026","2,305","23,600",South 1,Belgaum,"2,333",-1,Need to Check
1107594,32,"September 18, 2026","2,397","23,600",South 1,Belgaum,"2,419",-1,Need to Check
1107594,33,"September 18, 2026","2,397","23,600",South 1,Belgaum,"2,419",-1,Need to Check
1107594,34,"September 18, 2026","2,397","23,600",South 1,Belgaum,"2,419",-1,Need to Check
1107594,39,"September 17, 2026","1,851","23,600",South 1,Belgaum,"1,886",-1,Need to Check
1107594,39,"September 18, 2026","1,851","23,600",South 1,Belgaum,"1,888",-1,Need to Check
1107594,50,"September 17, 2026","1,575","23,600",South 1,Belgaum,"1,609",-1,Need to Check
1107594,57,"September 18, 2026","2,305","23,600",South 1,Belgaum,"2,333",-1,Need to Check
1115459,17,"September 19, 2026","1,556","20,000",North 2,Nainital,"1,577",-1,Need to Check
1115459,18,"September 19, 2026","1,556","20,000",North 2,Nainital,"1,577",-1,Need to Check
1115459,27,"September 23, 2026","1,886","20,000",North 2,Nainital,"1,911",-1,Need to Check
1115459,27,"September 24, 2026","1,886","20,000",North 2,Nainital,"1,911",-1,Need to Check
1115459,28,"September 23, 2026","1,886","20,000",North 2,Nainital,"1,911",-1,Need to Check
1115459,28,"September 24, 2026","1,886","20,000",North 2,Nainital,"1,911",-1,Need to Check
1115459,50,"September 19, 2026","1,556","20,000",North 2,Nainital,"1,577",-1,Need to Check
1115459,87,"September 19, 2026","1,556","20,000",North 2,Nainital,"1,577",-1,Need to Check
1166076,17,"September 20, 2026","1,682","23,600",South 1,Kochi,"1,698",-1,Need to Check
1166076,18,"September 20, 2026","1,682","23,600",South 1,Kochi,"1,698",-1,Need to Check
1166076,19,"September 20, 2026","1,889","23,600",South 1,Kochi,"1,905",-1,Need to Check
1166076,20,"September 20, 2026","1,889","23,600",South 1,Kochi,"1,905",-1,Need to Check
1166076,21,"September 20, 2026","1,993","23,600",South 1,Kochi,"2,021",-1,Need to Check
1166076,22,"September 20, 2026","1,993","23,600",South 1,Kochi,"2,021",-1,Need to Check
1166076,23,"September 20, 2026","2,131","23,600",South 1,Kochi,"2,151",-1,Need to Check
1166076,23,"September 21, 2026","2,130","23,600",South 1,Kochi,"2,151",-1,Need to Check
1166076,23,"September 22, 2026","2,128","23,600",South 1,Kochi,"2,151",-1,Need to Check
1166076,24,"September 20, 2026","2,131","23,600",South 1,Kochi,"2,151",-1,Need to Check
1166076,24,"September 21, 2026","2,130","23,600",South 1,Kochi,"2,151",-1,Need to Check
1166076,24,"September 22, 2026","2,128","23,600",South 1,Kochi,"2,151",-1,Need to Check
1166076,39,"September 20, 2026","1,993","23,600",South 1,Kochi,"2,021",-1,Need to Check
1166076,40,"September 20, 2026","2,131","23,600",South 1,Kochi,"2,151",-1,Need to Check
1166076,40,"September 21, 2026","2,130","23,600",South 1,Kochi,"2,151",-1,Need to Check
1166076,40,"September 22, 2026","2,128","23,600",South 1,Kochi,"2,151",-1,Need to Check
1166076,50,"September 20, 2026","1,682","23,600",South 1,Kochi,"1,698",-1,Need to Check
1166076,83,"September 20, 2026","1,993","23,600",South 1,Kochi,"2,021",-1,Need to Check
1168316,25,"September 18, 2026","2,402","23,600",South 1,Kochi,"2,430",-1,Need to Check
1168316,26,"September 18, 2026","2,402","23,600",South 1,Kochi,"2,430",-1,Need to Check
1168316,29,"September 18, 2026","2,506","23,600",South 1,Kochi,"2,535",-1,Need to Check
1168316,30,"September 18, 2026","2,506","23,600",South 1,Kochi,"2,535",-1,Need to Check
1168316,31,"September 18, 2026","2,506","23,600",South 1,Kochi,"2,535",-1,Need to Check
1168316,32,"September 18, 2026","2,575","23,600",South 1,Kochi,"2,605",-1,Need to Check
1168316,33,"September 18, 2026","2,575","23,600",South 1,Kochi,"2,605",-1,Need to Check
1168316,34,"September 18, 2026","2,575","23,600",South 1,Kochi,"2,605",-1,Need to Check
1168316,35,"September 18, 2026","3,023","23,600",South 1,Kochi,"3,060",-1,Need to Check
1168316,36,"September 18, 2026","3,023","23,600",South 1,Kochi,"3,060",-1,Need to Check
1168316,57,"September 18, 2026","2,506","23,600",South 1,Kochi,"2,535",-1,Need to Check
1197734,17,"September 17, 2026","2,229","23,600",South 1,Alleppey,"2,277",-1,Need to Check
1197734,17,"September 20, 2026","2,213","23,600",South 1,Alleppey,"2,231",-1,Need to Check
1197734,17,"September 24, 2026","2,314","23,600",South 1,Alleppey,"2,357",-1,Need to Check
1197734,18,"September 17, 2026","2,229","23,600",South 1,Alleppey,"2,277",-1,Need to Check
1197734,18,"September 20, 2026","2,213","23,600",South 1,Alleppey,"2,231",-1,Need to Check
1197734,18,"September 24, 2026","2,314","23,600",South 1,Alleppey,"2,357",-1,Need to Check
1197734,19,"September 17, 2026","2,229","23,600",South 1,Alleppey,"2,277",-1,Need to Check
1197734,19,"September 20, 2026","2,213","23,600",South 1,Alleppey,"2,231",-1,Need to Check
1197734,19,"September 24, 2026","2,314","23,600",South 1,Alleppey,"2,357",-1,Need to Check
1197734,20,"September 17, 2026","2,229","23,600",South 1,Alleppey,"2,277",-1,Need to Check
1197734,20,"September 20, 2026","2,213","23,600",South 1,Alleppey,"2,231",-1,Need to Check
1197734,20,"September 24, 2026","2,314","23,600",South 1,Alleppey,"2,357",-1,Need to Check
1197734,21,"September 17, 2026","4,259","23,600",South 1,Alleppey,"4,307",-1,Need to Check
1197734,21,"September 21, 2026","4,254","23,600",South 1,Alleppey,"4,307",-1,Need to Check
1197734,21,"September 22, 2026","4,259","23,600",South 1,Alleppey,"4,330",-1,Need to Check
1197734,21,"September 24, 2026","4,344","23,600",South 1,Alleppey,"4,416",-1,Need to Check
1197734,22,"September 17, 2026","4,259","23,600",South 1,Alleppey,"4,307",-1,Need to Check
1197734,22,"September 21, 2026","4,254","23,600",South 1,Alleppey,"4,307",-1,Need to Check
1197734,22,"September 22, 2026","4,259","23,600",South 1,Alleppey,"4,330",-1,Need to Check
1197734,22,"September 24, 2026","4,344","23,600",South 1,Alleppey,"4,416",-1,Need to Check
1197734,23,"September 17, 2026","4,259","23,600",South 1,Alleppey,"4,307",-1,Need to Check
1197734,23,"September 21, 2026","4,254","23,600",South 1,Alleppey,"4,307",-1,Need to Check
1197734,23,"September 22, 2026","4,259","23,600",South 1,Alleppey,"4,330",-1,Need to Check
1197734,23,"September 24, 2026","4,344","23,600",South 1,Alleppey,"4,416",-1,Need to Check
1197734,24,"September 17, 2026","4,259","23,600",South 1,Alleppey,"4,307",-1,Need to Check
1197734,24,"September 21, 2026","4,254","23,600",South 1,Alleppey,"4,307",-1,Need to Check
1197734,24,"September 22, 2026","4,259","23,600",South 1,Alleppey,"4,330",-1,Need to Check
1197734,24,"September 24, 2026","4,344","23,600",South 1,Alleppey,"4,416",-1,Need to Check
1197734,27,"September 17, 2026","4,811","23,600",South 1,Alleppey,"4,859",-1,Need to Check
1197734,27,"September 21, 2026","4,806","23,600",South 1,Alleppey,"4,859",-1,Need to Check
1197734,27,"September 22, 2026","4,811","23,600",South 1,Alleppey,"4,882",-1,Need to Check
1197734,27,"September 24, 2026","4,896","23,600",South 1,Alleppey,"4,976",-1,Need to Check
1197734,28,"September 17, 2026","4,811","23,600",South 1,Alleppey,"4,859",-1,Need to Check
1197734,28,"September 21, 2026","4,806","23,600",South 1,Alleppey,"4,859",-1,Need to Check
1197734,28,"September 22, 2026","4,811","23,600",South 1,Alleppey,"4,882",-1,Need to Check
1197734,28,"September 24, 2026","4,896","23,600",South 1,Alleppey,"4,976",-1,Need to Check
1197734,29,"September 17, 2026","5,225","23,600",South 1,Alleppey,"5,273",-1,Need to Check
1197734,29,"September 21, 2026","5,220","23,600",South 1,Alleppey,"5,273",-1,Need to Check
1197734,29,"September 22, 2026","5,225","23,600",South 1,Alleppey,"5,296",-1,Need to Check
1197734,29,"September 24, 2026","5,310","23,600",South 1,Alleppey,"5,396",-1,Need to Check
1197734,30,"September 17, 2026","5,225","23,600",South 1,Alleppey,"5,273",-1,Need to Check
1197734,30,"September 21, 2026","5,220","23,600",South 1,Alleppey,"5,273",-1,Need to Check
1197734,30,"September 22, 2026","5,225","23,600",South 1,Alleppey,"5,296",-1,Need to Check
1197734,30,"September 24, 2026","5,310","23,600",South 1,Alleppey,"5,396",-1,Need to Check
1197734,31,"September 17, 2026","5,225","23,600",South 1,Alleppey,"5,273",-1,Need to Check
1197734,31,"September 21, 2026","5,220","23,600",South 1,Alleppey,"5,273",-1,Need to Check
1197734,31,"September 22, 2026","5,225","23,600",South 1,Alleppey,"5,296",-1,Need to Check
1197734,31,"September 24, 2026","5,310","23,600",South 1,Alleppey,"5,396",-1,Need to Check
1197734,32,"September 17, 2026","5,225","23,600",South 1,Alleppey,"5,273",-1,Need to Check
1197734,32,"September 21, 2026","5,220","23,600",South 1,Alleppey,"5,273",-1,Need to Check
1197734,32,"September 22, 2026","5,225","23,600",South 1,Alleppey,"5,296",-1,Need to Check
1197734,32,"September 24, 2026","5,310","23,600",South 1,Alleppey,"5,396",-1,Need to Check
1197734,33,"September 17, 2026","5,225","23,600",South 1,Alleppey,"5,273",-1,Need to Check
1197734,33,"September 21, 2026","5,220","23,600",South 1,Alleppey,"5,273",-1,Need to Check
1197734,33,"September 22, 2026","5,225","23,600",South 1,Alleppey,"5,296",-1,Need to Check
1197734,33,"September 24, 2026","5,310","23,600",South 1,Alleppey,"5,396",-1,Need to Check
1197734,34,"September 17, 2026","5,225","23,600",South 1,Alleppey,"5,273",-1,Need to Check
1197734,34,"September 21, 2026","5,220","23,600",South 1,Alleppey,"5,273",-1,Need to Check
1197734,34,"September 22, 2026","5,225","23,600",South 1,Alleppey,"5,296",-1,Need to Check
1197734,34,"September 24, 2026","5,310","23,600",South 1,Alleppey,"5,396",-1,Need to Check
1197734,35,"September 17, 2026","5,915","23,600",South 1,Alleppey,"5,963",-1,Need to Check
1197734,35,"September 21, 2026","5,910","23,600",South 1,Alleppey,"5,963",-1,Need to Check
1197734,35,"September 22, 2026","5,915","23,600",South 1,Alleppey,"5,986",-1,Need to Check
1197734,35,"September 24, 2026","6,000","23,600",South 1,Alleppey,"6,096",-1,Need to Check
1197734,36,"September 17, 2026","5,915","23,600",South 1,Alleppey,"5,963",-1,Need to Check
1197734,36,"September 21, 2026","5,910","23,600",South 1,Alleppey,"5,963",-1,Need to Check
1197734,36,"September 22, 2026","5,915","23,600",South 1,Alleppey,"5,986",-1,Need to Check
1197734,36,"September 24, 2026","6,000","23,600",South 1,Alleppey,"6,096",-1,Need to Check
1197734,37,"September 17, 2026","5,915","23,600",South 1,Alleppey,"5,963",-1,Need to Check
1197734,37,"September 21, 2026","5,910","23,600",South 1,Alleppey,"5,963",-1,Need to Check
1197734,37,"September 22, 2026","5,915","23,600",South 1,Alleppey,"5,986",-1,Need to Check
1197734,37,"September 24, 2026","6,000","23,600",South 1,Alleppey,"6,096",-1,Need to Check
1197734,39,"September 17, 2026","4,259","23,600",South 1,Alleppey,"4,307",-1,Need to Check
1197734,39,"September 21, 2026","4,254","23,600",South 1,Alleppey,"4,307",-1,Need to Check
1197734,39,"September 22, 2026","4,259","23,600",South 1,Alleppey,"4,330",-1,Need to Check
1197734,39,"September 24, 2026","4,344","23,600",South 1,Alleppey,"4,416",-1,Need to Check
1197734,40,"September 17, 2026","4,259","23,600",South 1,Alleppey,"4,307",-1,Need to Check
1197734,40,"September 21, 2026","4,254","23,600",South 1,Alleppey,"4,307",-1,Need to Check
1197734,40,"September 22, 2026","4,259","23,600",South 1,Alleppey,"4,330",-1,Need to Check
1197734,40,"September 24, 2026","4,344","23,600",South 1,Alleppey,"4,416",-1,Need to Check
1197734,50,"September 17, 2026","2,229","23,600",South 1,Alleppey,"2,277",-1,Need to Check
1197734,50,"September 20, 2026","2,213","23,600",South 1,Alleppey,"2,231",-1,Need to Check
1197734,50,"September 24, 2026","2,314","23,600",South 1,Alleppey,"2,357",-1,Need to Check
1197734,57,"September 17, 2026","5,225","23,600",South 1,Alleppey,"5,273",-1,Need to Check
1197734,57,"September 21, 2026","5,220","23,600",South 1,Alleppey,"5,273",-1,Need to Check
1197734,57,"September 22, 2026","5,225","23,600",South 1,Alleppey,"5,296",-1,Need to Check
1197734,57,"September 24, 2026","5,310","23,600",South 1,Alleppey,"5,396",-1,Need to Check
1197734,58,"September 17, 2026","5,225","23,600",South 1,Alleppey,"5,273",-1,Need to Check
1197734,58,"September 21, 2026","5,220","23,600",South 1,Alleppey,"5,273",-1,Need to Check
1197734,58,"September 22, 2026","5,225","23,600",South 1,Alleppey,"5,296",-1,Need to Check
1197734,58,"September 24, 2026","5,310","23,600",South 1,Alleppey,"5,396",-1,Need to Check
1197734,83,"September 17, 2026","4,259","23,600",South 1,Alleppey,"4,307",-1,Need to Check
1197734,83,"September 21, 2026","4,254","23,600",South 1,Alleppey,"4,307",-1,Need to Check
1197734,83,"September 22, 2026","4,259","23,600",South 1,Alleppey,"4,330",-1,Need to Check
1197734,83,"September 24, 2026","4,344","23,600",South 1,Alleppey,"4,416",-1,Need to Check
1197734,89,"September 17, 2026","5,225","23,600",South 1,Alleppey,"5,273",-1,Need to Check
1197734,89,"September 21, 2026","5,220","23,600",South 1,Alleppey,"5,273",-1,Need to Check
1197734,89,"September 22, 2026","5,225","23,600",South 1,Alleppey,"5,296",-1,Need to Check
1197734,89,"September 24, 2026","5,310","23,600",South 1,Alleppey,"5,396",-1,Need to Check
1213613,17,"September 18, 2026","2,942","23,600",North 1,New Delhi,"2,999",-1,Need to Check
1213613,18,"September 18, 2026","2,942","23,600",North 1,New Delhi,"2,999",-1,Need to Check
1213613,19,"September 18, 2026","3,115","23,600",North 1,New Delhi,"3,162",-1,Need to Check
1213613,19,"September 19, 2026","3,135","23,600",North 1,New Delhi,"3,162",-1,Need to Check
1213613,20,"September 18, 2026","3,115","23,600",North 1,New Delhi,"3,162",-1,Need to Check
1213613,20,"September 19, 2026","3,135","23,600",North 1,New Delhi,"3,162",-1,Need to Check
1213613,21,"September 18, 2026","3,287","23,600",North 1,New Delhi,"3,324",-1,Need to Check
1213613,22,"September 18, 2026","3,287","23,600",North 1,New Delhi,"3,324",-1,Need to Check
1213613,23,"September 18, 2026","3,460","23,600",North 1,New Delhi,"3,487",-1,Need to Check
1213613,24,"September 18, 2026","3,460","23,600",North 1,New Delhi,"3,487",-1,Need to Check
1213613,39,"September 18, 2026","3,287","23,600",North 1,New Delhi,"3,324",-1,Need to Check
1213613,40,"September 18, 2026","3,460","23,600",North 1,New Delhi,"3,487",-1,Need to Check
1213613,50,"September 18, 2026","2,942","23,600",North 1,New Delhi,"2,999",-1,Need to Check
1213613,83,"September 18, 2026","3,287","23,600",North 1,New Delhi,"3,324",-1,Need to Check
1246851,17,"September 17, 2026","1,872","23,600",South 2,Chennai,"1,891",-1,Need to Check
1246851,18,"September 17, 2026","1,872","23,600",South 2,Chennai,"1,891",-1,Need to Check
1246851,50,"September 17, 2026","1,872","23,600",South 2,Chennai,"1,891",-1,Need to Check
1256474,17,"September 20, 2026","1,194","23,600",South 2,Pondicherry,"1,207",-1,Need to Check
1256474,18,"September 20, 2026","1,194","23,600",South 2,Pondicherry,"1,207",-1,Need to Check
1256474,19,"September 20, 2026","1,298","23,600",South 2,Pondicherry,"1,311",-1,Need to Check
1256474,21,"September 20, 2026","1,332","23,600",South 2,Pondicherry,"1,345",-1,Need to Check
1256474,22,"September 20, 2026","1,332","23,600",South 2,Pondicherry,"1,345",-1,Need to Check
1256474,23,"September 20, 2026","1,436","23,600",South 2,Pondicherry,"1,449",-1,Need to Check
1256474,24,"September 20, 2026","1,436","23,600",South 2,Pondicherry,"1,449",-1,Need to Check
1256474,27,"September 21, 2026","1,886","23,600",South 2,Pondicherry,"1,915",-1,Need to Check
1256474,32,"September 21, 2026","1,852","23,600",South 2,Pondicherry,"1,882",-1,Need to Check
1256474,33,"September 21, 2026","1,852","23,600",South 2,Pondicherry,"1,882",-1,Need to Check
1256474,34,"September 21, 2026","1,852","23,600",South 2,Pondicherry,"1,882",-1,Need to Check
1256474,39,"September 20, 2026","1,332","23,600",South 2,Pondicherry,"1,345",-1,Need to Check
1257158,27,"September 22, 2026","2,244","23,600",South 2,Puducherry,"2,274",-1,Need to Check
1257158,27,"September 23, 2026","2,244","23,600",South 2,Puducherry,"2,274",-1,Need to Check
1257158,27,"September 24, 2026","2,244","23,600",South 2,Puducherry,"2,274",-1,Need to Check
1257158,28,"September 22, 2026","2,244","23,600",South 2,Puducherry,"2,274",-1,Need to Check
1257158,28,"September 23, 2026","2,244","23,600",South 2,Puducherry,"2,274",-1,Need to Check
1257158,28,"September 24, 2026","2,244","23,600",South 2,Puducherry,"2,274",-1,Need to Check
1314078,15,"September 20, 2026","2,447","23,600",North 1,Udaipur,"2,478",-1,Need to Check
1314078,15,"September 26, 2026","1,501","23,600",North 1,Udaipur,"1,514",-1,Need to Check
1314078,16,"September 20, 2026","2,551","23,600",North 1,Udaipur,"2,582",-1,Need to Check
1314078,16,"September 26, 2026","1,604","23,600",North 1,Udaipur,"1,617",-1,Need to Check
1314078,17,"September 20, 2026","2,792","23,600",North 1,Udaipur,"2,823",-1,Need to Check
1314078,17,"September 26, 2026","1,846","23,600",North 1,Udaipur,"1,859",-1,Need to Check
1314078,18,"September 20, 2026","2,792","23,600",North 1,Udaipur,"2,823",-1,Need to Check
1314078,18,"September 26, 2026","1,846","23,600",North 1,Udaipur,"1,859",-1,Need to Check
1314078,19,"September 20, 2026","2,896","23,600",North 1,Udaipur,"2,927",-1,Need to Check
1314078,20,"September 20, 2026","2,896","23,600",North 1,Udaipur,"2,927",-1,Need to Check
1314078,21,"September 20, 2026","3,137","23,600",North 1,Udaipur,"3,168",-1,Need to Check
1314078,21,"September 26, 2026","2,191","23,600",North 1,Udaipur,"2,229",-1,Need to Check
1314078,22,"September 20, 2026","3,137","23,600",North 1,Udaipur,"3,168",-1,Need to Check
1314078,22,"September 26, 2026","2,191","23,600",North 1,Udaipur,"2,229",-1,Need to Check
1314078,23,"September 20, 2026","3,275","23,600",North 1,Udaipur,"3,306",-1,Need to Check
1314078,23,"September 26, 2026","2,329","23,600",North 1,Udaipur,"2,369",-1,Need to Check
1314078,24,"September 20, 2026","3,275","23,600",North 1,Udaipur,"3,306",-1,Need to Check
1314078,24,"September 26, 2026","2,329","23,600",North 1,Udaipur,"2,369",-1,Need to Check
1314078,27,"September 20, 2026","3,689","23,600",North 1,Udaipur,"3,720",-1,Need to Check
1314078,27,"September 26, 2026","2,743","23,600",North 1,Udaipur,"2,789",-1,Need to Check
1314078,28,"September 20, 2026","3,689","23,600",North 1,Udaipur,"3,720",-1,Need to Check
1314078,28,"September 26, 2026","2,743","23,600",North 1,Udaipur,"2,789",-1,Need to Check
1314078,29,"September 20, 2026","3,827","23,600",North 1,Udaipur,"3,858",-1,Need to Check
1314078,30,"September 20, 2026","3,827","23,600",North 1,Udaipur,"3,858",-1,Need to Check
1314078,31,"September 20, 2026","3,827","23,600",North 1,Udaipur,"3,858",-1,Need to Check
1314078,32,"September 20, 2026","3,965","23,600",North 1,Udaipur,"3,996",-1,Need to Check
1314078,33,"September 20, 2026","3,965","23,600",North 1,Udaipur,"3,996",-1,Need to Check
1314078,34,"September 20, 2026","3,965","23,600",North 1,Udaipur,"3,996",-1,Need to Check
1314078,38,"September 20, 2026","2,447","23,600",North 1,Udaipur,"2,478",-1,Need to Check
1314078,38,"September 26, 2026","1,501","23,600",North 1,Udaipur,"1,514",-1,Need to Check
1314078,39,"September 20, 2026","3,137","23,600",North 1,Udaipur,"3,168",-1,Need to Check
1314078,39,"September 26, 2026","2,191","23,600",North 1,Udaipur,"2,229",-1,Need to Check
1314078,40,"September 20, 2026","3,275","23,600",North 1,Udaipur,"3,306",-1,Need to Check
1314078,40,"September 26, 2026","2,329","23,600",North 1,Udaipur,"2,369",-1,Need to Check
1314078,50,"September 20, 2026","2,792","23,600",North 1,Udaipur,"2,823",-1,Need to Check
1314078,50,"September 26, 2026","1,846","23,600",North 1,Udaipur,"1,859",-1,Need to Check
1314078,52,"September 20, 2026","2,551","23,600",North 1,Udaipur,"2,582",-1,Need to Check
1314078,52,"September 26, 2026","1,604","23,600",North 1,Udaipur,"1,617",-1,Need to Check
1314078,57,"September 20, 2026","3,827","23,600",North 1,Udaipur,"3,858",-1,Need to Check
1314078,76,"September 20, 2026","2,447","23,600",North 1,Udaipur,"2,478",-1,Need to Check
1314078,76,"September 26, 2026","1,501","23,600",North 1,Udaipur,"1,514",-1,Need to Check
1314078,83,"September 20, 2026","3,137","23,600",North 1,Udaipur,"3,168",-1,Need to Check
1314078,83,"September 26, 2026","2,191","23,600",North 1,Udaipur,"2,229",-1,Need to Check
1319620,32,"September 16, 2026","1,755","23,600",North 1,Udaipur,"1,773",-1,Need to Check
1319620,32,"September 17, 2026","1,755","23,600",North 1,Udaipur,"1,773",-1,Need to Check
1319620,33,"September 16, 2026","1,755","23,600",North 1,Udaipur,"1,773",-1,Need to Check
1319620,33,"September 17, 2026","1,755","23,600",North 1,Udaipur,"1,773",-1,Need to Check
1319620,34,"September 16, 2026","1,755","23,600",North 1,Udaipur,"1,773",-1,Need to Check
1319620,34,"September 17, 2026","1,755","23,600",North 1,Udaipur,"1,773",-1,Need to Check
1319620,58,"September 16, 2026","1,755","23,600",North 1,Udaipur,"1,773",-1,Need to Check
1319620,58,"September 17, 2026","1,755","23,600",North 1,Udaipur,"1,773",-1,Need to Check
1322829,27,"September 27, 2026","2,082","20,000",North 1,Jaipur,"2,119",-1,Need to Check
1322829,27,"September 28, 2026","2,082","20,000",North 1,Jaipur,"2,119",-1,Need to Check
1322829,27,"September 29, 2026","2,082","20,000",North 1,Jaipur,"2,119",-1,Need to Check
1322829,28,"September 27, 2026","2,082","20,000",North 1,Jaipur,"2,119",-1,Need to Check
1322829,28,"September 28, 2026","2,082","20,000",North 1,Jaipur,"2,119",-1,Need to Check
1322829,28,"September 29, 2026","2,082","20,000",North 1,Jaipur,"2,119",-1,Need to Check
1344712,21,"September 22, 2026","2,111","23,600",West,Satara,"2,154",-1,Need to Check
1344712,21,"September 23, 2026","2,111","23,600",West,Satara,"2,154",-1,Need to Check
1344712,22,"September 22, 2026","2,111","23,600",West,Satara,"2,154",-1,Need to Check
1344712,22,"September 23, 2026","2,111","23,600",West,Satara,"2,154",-1,Need to Check
1344712,23,"September 22, 2026","2,111","23,600",West,Satara,"2,154",-1,Need to Check
1344712,23,"September 23, 2026","2,111","23,600",West,Satara,"2,154",-1,Need to Check
1344712,24,"September 22, 2026","2,111","23,600",West,Satara,"2,154",-1,Need to Check
1344712,24,"September 23, 2026","2,111","23,600",West,Satara,"2,154",-1,Need to Check
1344712,27,"September 22, 2026","2,594","23,600",West,Satara,"2,644",-1,Need to Check
1344712,27,"September 23, 2026","2,594","23,600",West,Satara,"2,644",-1,Need to Check
1344712,28,"September 22, 2026","2,594","23,600",West,Satara,"2,644",-1,Need to Check
1344712,28,"September 23, 2026","2,594","23,600",West,Satara,"2,644",-1,Need to Check
1344712,29,"September 22, 2026","2,801","23,600",West,Satara,"2,854",-1,Need to Check
1344712,29,"September 23, 2026","2,801","23,600",West,Satara,"2,854",-1,Need to Check
1344712,30,"September 22, 2026","2,801","23,600",West,Satara,"2,854",-1,Need to Check
1344712,30,"September 23, 2026","2,801","23,600",West,Satara,"2,854",-1,Need to Check
1344712,31,"September 22, 2026","2,801","23,600",West,Satara,"2,854",-1,Need to Check
1344712,31,"September 23, 2026","2,801","23,600",West,Satara,"2,854",-1,Need to Check
1344712,32,"September 22, 2026","2,801","23,600",West,Satara,"2,854",-1,Need to Check
1344712,32,"September 23, 2026","2,801","23,600",West,Satara,"2,854",-1,Need to Check
1344712,33,"September 22, 2026","2,801","23,600",West,Satara,"2,854",-1,Need to Check
1344712,33,"September 23, 2026","2,801","23,600",West,Satara,"2,854",-1,Need to Check
1344712,34,"September 22, 2026","2,801","23,600",West,Satara,"2,854",-1,Need to Check
1344712,34,"September 23, 2026","2,801","23,600",West,Satara,"2,854",-1,Need to Check
1344712,35,"September 22, 2026","3,284","23,600",West,Satara,"3,344",-1,Need to Check
1344712,35,"September 23, 2026","3,284","23,600",West,Satara,"3,344",-1,Need to Check
1344712,36,"September 22, 2026","3,284","23,600",West,Satara,"3,344",-1,Need to Check
1344712,36,"September 23, 2026","3,284","23,600",West,Satara,"3,344",-1,Need to Check
1344712,37,"September 22, 2026","3,284","23,600",West,Satara,"3,344",-1,Need to Check
1344712,37,"September 23, 2026","3,284","23,600",West,Satara,"3,344",-1,Need to Check
1344712,39,"September 22, 2026","2,111","23,600",West,Satara,"2,154",-1,Need to Check
1344712,39,"September 23, 2026","2,111","23,600",West,Satara,"2,154",-1,Need to Check
1344712,40,"September 22, 2026","2,111","23,600",West,Satara,"2,154",-1,Need to Check
1344712,40,"September 23, 2026","2,111","23,600",West,Satara,"2,154",-1,Need to Check
1344712,57,"September 22, 2026","2,801","23,600",West,Satara,"2,854",-1,Need to Check
1344712,57,"September 23, 2026","2,801","23,600",West,Satara,"2,854",-1,Need to Check
1344712,58,"September 22, 2026","2,801","23,600",West,Satara,"2,854",-1,Need to Check
1344712,58,"September 23, 2026","2,801","23,600",West,Satara,"2,854",-1,Need to Check
1344712,59,"September 22, 2026","3,284","23,600",West,Satara,"3,344",-1,Need to Check
1344712,59,"September 23, 2026","3,284","23,600",West,Satara,"3,344",-1,Need to Check
1344712,83,"September 22, 2026","2,111","23,600",West,Satara,"2,154",-1,Need to Check
1344712,83,"September 23, 2026","2,111","23,600",West,Satara,"2,154",-1,Need to Check
1393411,27,"September 20, 2026","2,577","23,600",North 1,Ahmedabad,"2,605",-1,Need to Check
1393411,28,"September 20, 2026","2,577","23,600",North 1,Ahmedabad,"2,605",-1,Need to Check
1432626,17,"September 20, 2026","1,600","23,600",North 1,Noida,"1,622",-1,Need to Check
1432626,18,"September 20, 2026","1,600","23,600",North 1,Noida,"1,622",-1,Need to Check
1432626,19,"September 20, 2026","1,669","23,600",North 1,Noida,"1,687",-1,Need to Check
1432626,20,"September 20, 2026","1,669","23,600",North 1,Noida,"1,687",-1,Need to Check
1432626,50,"September 20, 2026","1,600","23,600",North 1,Noida,"1,622",-1,Need to Check
1437251,15,"October 17, 2026","1,242","23,600",North 1,Noida,"1,260",-1,Need to Check
1437251,15,"October 18, 2026","1,242","23,600",North 1,Noida,"1,260",-1,Need to Check
1437251,15,"October 19, 2026","1,242","23,600",North 1,Noida,"1,260",-1,Need to Check
1437251,15,"October 20, 2026","1,242","23,600",North 1,Noida,"1,260",-1,Need to Check
1437251,15,"October 21, 2026","1,242","23,600",North 1,Noida,"1,260",-1,Need to Check
1437251,15,"October 22, 2026","1,242","23,600",North 1,Noida,"1,260",-1,Need to Check
1437251,15,"October 23, 2026","1,242","23,600",North 1,Noida,"1,260",-1,Need to Check
1437251,15,"October 24, 2026","1,242","23,600",North 1,Noida,"1,260",-1,Need to Check
1437251,15,"October 26, 2026","1,242","23,600",North 1,Noida,"1,260",-1,Need to Check
1437251,15,"October 27, 2026","1,242","23,600",North 1,Noida,"1,260",-1,Need to Check
1437251,15,"October 28, 2026","1,242","23,600",North 1,Noida,"1,260",-1,Need to Check
1437251,15,"October 29, 2026","1,242","23,600",North 1,Noida,"1,260",-1,Need to Check
1437251,15,"October 30, 2026","1,242","23,600",North 1,Noida,"1,260",-1,Need to Check
1437251,15,"October 31, 2026","1,242","23,600",North 1,Noida,"1,260",-1,Need to Check
1437251,15,"November 1, 2026","1,242","23,600",North 1,Noida,"1,260",-1,Need to Check
1437251,15,"November 2, 2026","1,242","23,600",North 1,Noida,"1,260",-1,Need to Check
1437251,15,"November 3, 2026","1,242","23,600",North 1,Noida,"1,260",-1,Need to Check
1437251,15,"November 4, 2026","1,242","23,600",North 1,Noida,"1,260",-1,Need to Check
1437251,15,"November 5, 2026","1,242","23,600",North 1,Noida,"1,260",-1,Need to Check
1437251,15,"November 6, 2026","1,242","23,600",North 1,Noida,"1,260",-1,Need to Check
1437251,15,"November 7, 2026","1,242","23,600",North 1,Noida,"1,260",-1,Need to Check
1437251,15,"November 8, 2026","1,242","23,600",North 1,Noida,"1,260",-1,Need to Check
1437251,15,"November 9, 2026","1,242","23,600",North 1,Noida,"1,260",-1,Need to Check
1437251,15,"November 13, 2026","1,242","23,600",North 1,Noida,"1,260",-1,Need to Check
1437251,15,"November 14, 2026","1,242","23,600",North 1,Noida,"1,260",-1,Need to Check
1437251,15,"November 15, 2026","1,242","23,600",North 1,Noida,"1,260",-1,Need to Check
1437251,15,"November 16, 2026","1,242","23,600",North 1,Noida,"1,260",-1,Need to Check
1437251,15,"November 17, 2026","1,242","23,600",North 1,Noida,"1,260",-1,Need to Check
1437251,15,"November 18, 2026","1,242","23,600",North 1,Noida,"1,260",-1,Need to Check
1437251,15,"November 19, 2026","1,242","23,600",North 1,Noida,"1,260",-1,Need to Check
1437251,15,"November 29, 2026","1,242","23,600",North 1,Noida,"1,260",-1,Need to Check
1437251,15,"November 30, 2026","1,242","23,600",North 1,Noida,"1,260",-1,Need to Check
1437251,15,"December 1, 2026","1,242","23,600",North 1,Noida,"1,260",-1,Need to Check
1437251,15,"December 7, 2026","1,242","23,600",North 1,Noida,"1,260",-1,Need to Check
1437251,15,"December 8, 2026","1,242","23,600",North 1,Noida,"1,260",-1,Need to Check
1437251,15,"December 9, 2026","1,242","23,600",North 1,Noida,"1,260",-1,Need to Check
1437251,15,"December 10, 2026","1,242","23,600",North 1,Noida,"1,260",-1,Need to Check
1437251,15,"December 13, 2026","1,242","23,600",North 1,Noida,"1,260",-1,Need to Check
1437251,15,"December 14, 2026","1,242","23,600",North 1,Noida,"1,260",-1,Need to Check
1437251,27,"November 10, 2026","2,014","23,600",North 1,Noida,"2,050",-1,Need to Check
1437251,27,"November 11, 2026","2,014","23,600",North 1,Noida,"2,050",-1,Need to Check
1437251,27,"November 12, 2026","2,014","23,600",North 1,Noida,"2,050",-1,Need to Check
1437251,28,"November 10, 2026","2,014","23,600",North 1,Noida,"2,050",-1,Need to Check
1437251,28,"November 11, 2026","2,014","23,600",North 1,Noida,"2,050",-1,Need to Check
1437251,28,"November 12, 2026","2,014","23,600",North 1,Noida,"2,050",-1,Need to Check
1437251,32,"November 10, 2026","1,945","23,600",North 1,Noida,"1,985",-1,Need to Check
1437251,32,"November 11, 2026","1,945","23,600",North 1,Noida,"1,985",-1,Need to Check
1437251,32,"November 12, 2026","1,945","23,600",North 1,Noida,"1,985",-1,Need to Check
1437251,33,"November 10, 2026","1,945","23,600",North 1,Noida,"1,985",-1,Need to Check
1437251,33,"November 11, 2026","1,945","23,600",North 1,Noida,"1,985",-1,Need to Check
1437251,33,"November 12, 2026","1,945","23,600",North 1,Noida,"1,985",-1,Need to Check
1437251,34,"November 10, 2026","1,945","23,600",North 1,Noida,"1,985",-1,Need to Check
1437251,34,"November 11, 2026","1,945","23,600",North 1,Noida,"1,985",-1,Need to Check
1437251,34,"November 12, 2026","1,945","23,600",North 1,Noida,"1,985",-1,Need to Check
1437251,35,"November 10, 2026","2,290","23,600",North 1,Noida,"2,310",-1,Need to Check
1437251,35,"November 11, 2026","2,290","23,600",North 1,Noida,"2,310",-1,Need to Check
1437251,35,"November 12, 2026","2,290","23,600",North 1,Noida,"2,310",-1,Need to Check
1437251,36,"November 10, 2026","2,290","23,600",North 1,Noida,"2,310",-1,Need to Check
1437251,36,"November 11, 2026","2,290","23,600",North 1,Noida,"2,310",-1,Need to Check
1437251,36,"November 12, 2026","2,290","23,600",North 1,Noida,"2,310",-1,Need to Check
1437251,38,"October 17, 2026","1,242","23,600",North 1,Noida,"1,260",-1,Need to Check
1437251,38,"October 18, 2026","1,242","23,600",North 1,Noida,"1,260",-1,Need to Check
1437251,38,"October 19, 2026","1,242","23,600",North 1,Noida,"1,260",-1,Need to Check
1437251,38,"October 20, 2026","1,242","23,600",North 1,Noida,"1,260",-1,Need to Check
1437251,38,"October 21, 2026","1,242","23,600",North 1,Noida,"1,260",-1,Need to Check
1437251,38,"October 22, 2026","1,242","23,600",North 1,Noida,"1,260",-1,Need to Check
1437251,38,"October 23, 2026","1,242","23,600",North 1,Noida,"1,260",-1,Need to Check
1437251,38,"October 24, 2026","1,242","23,600",North 1,Noida,"1,260",-1,Need to Check
1437251,38,"October 26, 2026","1,242","23,600",North 1,Noida,"1,260",-1,Need to Check
1437251,38,"October 27, 2026","1,242","23,600",North 1,Noida,"1,260",-1,Need to Check
1437251,38,"October 28, 2026","1,242","23,600",North 1,Noida,"1,260",-1,Need to Check
1437251,38,"October 29, 2026","1,242","23,600",North 1,Noida,"1,260",-1,Need to Check
1437251,38,"October 30, 2026","1,242","23,600",North 1,Noida,"1,260",-1,Need to Check
1437251,38,"October 31, 2026","1,242","23,600",North 1,Noida,"1,260",-1,Need to Check
1437251,38,"November 1, 2026","1,242","23,600",North 1,Noida,"1,260",-1,Need to Check
1437251,38,"November 2, 2026","1,242","23,600",North 1,Noida,"1,260",-1,Need to Check
1437251,38,"November 3, 2026","1,242","23,600",North 1,Noida,"1,260",-1,Need to Check
1437251,38,"November 4, 2026","1,242","23,600",North 1,Noida,"1,260",-1,Need to Check
1437251,38,"November 5, 2026","1,242","23,600",North 1,Noida,"1,260",-1,Need to Check
1437251,38,"November 6, 2026","1,242","23,600",North 1,Noida,"1,260",-1,Need to Check
1437251,38,"November 7, 2026","1,242","23,600",North 1,Noida,"1,260",-1,Need to Check
1437251,38,"November 8, 2026","1,242","23,600",North 1,Noida,"1,260",-1,Need to Check
1437251,38,"November 9, 2026","1,242","23,600",North 1,Noida,"1,260",-1,Need to Check
1437251,38,"November 13, 2026","1,242","23,600",North 1,Noida,"1,260",-1,Need to Check
1437251,38,"November 14, 2026","1,242","23,600",North 1,Noida,"1,260",-1,Need to Check
1437251,38,"November 15, 2026","1,242","23,600",North 1,Noida,"1,260",-1,Need to Check
1437251,38,"November 16, 2026","1,242","23,600",North 1,Noida,"1,260",-1,Need to Check
1437251,38,"November 17, 2026","1,242","23,600",North 1,Noida,"1,260",-1,Need to Check
1437251,38,"November 18, 2026","1,242","23,600",North 1,Noida,"1,260",-1,Need to Check
1437251,38,"November 19, 2026","1,242","23,600",North 1,Noida,"1,260",-1,Need to Check
1437251,38,"November 29, 2026","1,242","23,600",North 1,Noida,"1,260",-1,Need to Check
1437251,38,"November 30, 2026","1,242","23,600",North 1,Noida,"1,260",-1,Need to Check
1437251,38,"December 1, 2026","1,242","23,600",North 1,Noida,"1,260",-1,Need to Check
1437251,38,"December 7, 2026","1,242","23,600",North 1,Noida,"1,260",-1,Need to Check
1437251,38,"December 8, 2026","1,242","23,600",North 1,Noida,"1,260",-1,Need to Check
1437251,38,"December 9, 2026","1,242","23,600",North 1,Noida,"1,260",-1,Need to Check
1437251,38,"December 10, 2026","1,242","23,600",North 1,Noida,"1,260",-1,Need to Check
1437251,38,"December 13, 2026","1,242","23,600",North 1,Noida,"1,260",-1,Need to Check
1437251,38,"December 14, 2026","1,242","23,600",North 1,Noida,"1,260",-1,Need to Check
1441289,17,"September 20, 2026","2,819","23,600",South 1,Ooty,"2,869",-1,Need to Check
1441289,18,"September 20, 2026","2,819","23,600",South 1,Ooty,"2,869",-1,Need to Check
1441289,19,"September 20, 2026","3,164","23,600",South 1,Ooty,"3,194",-1,Need to Check
1441289,20,"September 20, 2026","3,164","23,600",South 1,Ooty,"3,194",-1,Need to Check
1441289,21,"September 20, 2026","3,164","23,600",South 1,Ooty,"3,194",-1,Need to Check
1441289,22,"September 20, 2026","3,164","23,600",South 1,Ooty,"3,194",-1,Need to Check
1441289,39,"September 20, 2026","3,164","23,600",South 1,Ooty,"3,194",-1,Need to Check
1441289,50,"September 20, 2026","2,819","23,600",South 1,Ooty,"2,869",-1,Need to Check
1441289,51,"September 20, 2026","3,164","23,600",South 1,Ooty,"3,194",-1,Need to Check
1441289,83,"September 20, 2026","3,164","23,600",South 1,Ooty,"3,194",-1,Need to Check
1441289,87,"September 20, 2026","2,819","23,600",South 1,Ooty,"2,869",-1,Need to Check
1452205,19,"September 23, 2026","1,523","23,600",South 2,Tirupati,"1,551",-1,Need to Check
1452205,20,"September 23, 2026","1,523","23,600",South 2,Tirupati,"1,551",-1,Need to Check
1452205,21,"September 23, 2026","1,626","23,600",South 2,Tirupati,"1,648",-1,Need to Check
1452205,22,"September 23, 2026","1,626","23,600",South 2,Tirupati,"1,648",-1,Need to Check
1452205,39,"September 23, 2026","1,626","23,600",South 2,Tirupati,"1,648",-1,Need to Check
1452205,83,"September 23, 2026","1,626","23,600",South 2,Tirupati,"1,648",-1,Need to Check
1453106,17,"September 21, 2026","1,241","23,600",South 2,Tirupati,"1,251",-1,Need to Check
1453106,18,"September 21, 2026","1,241","23,600",South 2,Tirupati,"1,251",-1,Need to Check
1453106,19,"September 21, 2026","1,310","23,600",South 2,Tirupati,"1,320",-1,Need to Check
1453106,20,"September 21, 2026","1,310","23,600",South 2,Tirupati,"1,320",-1,Need to Check
1453106,27,"September 21, 2026","1,931","23,600",South 2,Tirupati,"1,949",-1,Need to Check
1453106,28,"September 21, 2026","1,931","23,600",South 2,Tirupati,"1,949",-1,Need to Check
1453106,50,"September 21, 2026","1,241","23,600",South 2,Tirupati,"1,251",-1,Need to Check
1453534,27,"September 21, 2026","2,862","23,600",South 2,Tirupati,"2,901",-1,Need to Check
1453534,27,"September 22, 2026","2,862","23,600",South 2,Tirupati,"2,901",-1,Need to Check
1453534,28,"September 21, 2026","2,862","23,600",South 2,Tirupati,"2,901",-1,Need to Check
1453534,28,"September 22, 2026","2,862","23,600",South 2,Tirupati,"2,901",-1,Need to Check
1457772,21,"September 23, 2026","1,280","23,600",South 2,Tirupati,"1,300",-1,Need to Check
1457772,21,"September 24, 2026","1,281","23,600",South 2,Tirupati,"1,300",-1,Need to Check
1457772,22,"September 23, 2026","1,280","23,600",South 2,Tirupati,"1,300",-1,Need to Check
1457772,22,"September 24, 2026","1,281","23,600",South 2,Tirupati,"1,300",-1,Need to Check
1457772,39,"September 23, 2026","1,280","23,600",South 2,Tirupati,"1,300",-1,Need to Check
1457772,39,"September 24, 2026","1,281","23,600",South 2,Tirupati,"1,300",-1,Need to Check
1457772,83,"September 23, 2026","1,280","23,600",South 2,Tirupati,"1,300",-1,Need to Check
1457772,83,"September 24, 2026","1,281","23,600",South 2,Tirupati,"1,300",-1,Need to Check
1462197,23,"September 18, 2026","1,846","23,600",South 1,Mysore,"1,885",-1,Need to Check
1462197,23,"September 20, 2026","1,845","23,600",South 1,Mysore,"1,884",-1,Need to Check
1462197,24,"September 18, 2026","1,846","23,600",South 1,Mysore,"1,885",-1,Need to Check
1462197,24,"September 20, 2026","1,845","23,600",South 1,Mysore,"1,884",-1,Need to Check
1462197,27,"September 18, 2026","2,639","23,600",South 1,Mysore,"2,679",-1,Need to Check
1462197,27,"September 20, 2026","2,638","23,600",South 1,Mysore,"2,677",-1,Need to Check
1462197,28,"September 18, 2026","2,639","23,600",South 1,Mysore,"2,679",-1,Need to Check
1462197,28,"September 20, 2026","2,638","23,600",South 1,Mysore,"2,677",-1,Need to Check
1462197,29,"September 18, 2026","2,156","23,600",South 1,Mysore,"2,196",-1,Need to Check
1462197,29,"September 20, 2026","2,155","23,600",South 1,Mysore,"2,194",-1,Need to Check
1462197,30,"September 18, 2026","2,156","23,600",South 1,Mysore,"2,196",-1,Need to Check
1462197,30,"September 20, 2026","2,155","23,600",South 1,Mysore,"2,194",-1,Need to Check
1462197,31,"September 18, 2026","2,156","23,600",South 1,Mysore,"2,196",-1,Need to Check
1462197,31,"September 20, 2026","2,155","23,600",South 1,Mysore,"2,194",-1,Need to Check
1462197,32,"September 18, 2026","2,329","23,600",South 1,Mysore,"2,368",-1,Need to Check
1462197,32,"September 20, 2026","2,328","23,600",South 1,Mysore,"2,367",-1,Need to Check
1462197,33,"September 18, 2026","2,329","23,600",South 1,Mysore,"2,368",-1,Need to Check
1462197,33,"September 20, 2026","2,328","23,600",South 1,Mysore,"2,367",-1,Need to Check
1462197,34,"September 18, 2026","2,329","23,600",South 1,Mysore,"2,368",-1,Need to Check
1462197,34,"September 20, 2026","2,328","23,600",South 1,Mysore,"2,367",-1,Need to Check
1462197,35,"September 18, 2026","3,122","23,600",South 1,Mysore,"3,162",-1,Need to Check
1462197,35,"September 19, 2026","3,178","23,600",South 1,Mysore,"3,237",-1,Need to Check
1462197,35,"September 20, 2026","3,121","23,600",South 1,Mysore,"3,160",-1,Need to Check
1462197,36,"September 18, 2026","3,122","23,600",South 1,Mysore,"3,162",-1,Need to Check
1462197,36,"September 19, 2026","3,178","23,600",South 1,Mysore,"3,237",-1,Need to Check
1462197,36,"September 20, 2026","3,121","23,600",South 1,Mysore,"3,160",-1,Need to Check
1462197,37,"September 18, 2026","3,122","23,600",South 1,Mysore,"3,162",-1,Need to Check
1462197,37,"September 19, 2026","3,178","23,600",South 1,Mysore,"3,237",-1,Need to Check
1462197,37,"September 20, 2026","3,121","23,600",South 1,Mysore,"3,160",-1,Need to Check
1462197,40,"September 18, 2026","1,846","23,600",South 1,Mysore,"1,885",-1,Need to Check
1462197,40,"September 20, 2026","1,845","23,600",South 1,Mysore,"1,884",-1,Need to Check
1462197,42,"September 18, 2026","3,916","23,600",South 1,Mysore,"3,955",-1,Need to Check
1462197,42,"September 19, 2026","3,972","23,600",South 1,Mysore,"4,030",-1,Need to Check
1462197,42,"September 20, 2026","3,915","23,600",South 1,Mysore,"3,954",-1,Need to Check
1462197,43,"September 18, 2026","3,916","23,600",South 1,Mysore,"3,955",-1,Need to Check
1462197,43,"September 19, 2026","3,972","23,600",South 1,Mysore,"4,030",-1,Need to Check
1462197,43,"September 20, 2026","3,915","23,600",South 1,Mysore,"3,954",-1,Need to Check
1462197,57,"September 18, 2026","2,156","23,600",South 1,Mysore,"2,196",-1,Need to Check
1462197,57,"September 20, 2026","2,155","23,600",South 1,Mysore,"2,194",-1,Need to Check
1462197,58,"September 18, 2026","2,329","23,600",South 1,Mysore,"2,368",-1,Need to Check
1462197,58,"September 20, 2026","2,328","23,600",South 1,Mysore,"2,367",-1,Need to Check
1462197,89,"September 18, 2026","2,156","23,600",South 1,Mysore,"2,196",-1,Need to Check
1462197,89,"September 20, 2026","2,155","23,600",South 1,Mysore,"2,194",-1,Need to Check
1472508,17,"September 18, 2026","1,350","23,600",South 1,Coorg,"1,367",-1,Need to Check
1472508,18,"September 18, 2026","1,350","23,600",South 1,Coorg,"1,367",-1,Need to Check
1472508,19,"September 18, 2026","1,350","23,600",South 1,Coorg,"1,367",-1,Need to Check
1472508,20,"September 18, 2026","1,350","23,600",South 1,Coorg,"1,367",-1,Need to Check
1472508,21,"September 18, 2026","1,695","23,600",South 1,Coorg,"1,712",-1,Need to Check
1472508,22,"September 18, 2026","1,695","23,600",South 1,Coorg,"1,712",-1,Need to Check
1472508,23,"September 18, 2026","1,695","23,600",South 1,Coorg,"1,712",-1,Need to Check
1472508,24,"September 18, 2026","1,695","23,600",South 1,Coorg,"1,712",-1,Need to Check
1472508,24186,"September 19, 2026","3,253","23,600",South 1,Coorg,"3,321",-1,Need to Check
1472508,24187,"September 19, 2026","3,253","23,600",South 1,Coorg,"3,321",-1,Need to Check
1472508,24188,"September 19, 2026","3,943","23,600",South 1,Coorg,"4,011",-1,Need to Check
1472508,24189,"September 19, 2026","4,633","23,600",South 1,Coorg,"4,701",-1,Need to Check
1472508,25,"September 18, 2026","1,350","23,600",South 1,Coorg,"1,367",-1,Need to Check
1472508,26,"September 18, 2026","1,350","23,600",South 1,Coorg,"1,367",-1,Need to Check
1472508,35,"September 19, 2026","3,253","23,600",South 1,Coorg,"3,321",-1,Need to Check
1472508,36,"September 19, 2026","3,253","23,600",South 1,Coorg,"3,321",-1,Need to Check
1472508,37,"September 19, 2026","3,253","23,600",South 1,Coorg,"3,321",-1,Need to Check
1472508,39,"September 18, 2026","1,695","23,600",South 1,Coorg,"1,712",-1,Need to Check
1472508,40,"September 18, 2026","1,695","23,600",South 1,Coorg,"1,712",-1,Need to Check
1472508,42,"September 19, 2026","3,943","23,600",South 1,Coorg,"4,011",-1,Need to Check
1472508,43,"September 19, 2026","3,943","23,600",South 1,Coorg,"4,011",-1,Need to Check
1472508,44,"September 19, 2026","3,943","23,600",South 1,Coorg,"4,011",-1,Need to Check
1472508,47,"September 19, 2026","4,633","23,600",South 1,Coorg,"4,701",-1,Need to Check
1472508,48,"September 19, 2026","4,633","23,600",South 1,Coorg,"4,701",-1,Need to Check
1472508,49,"September 19, 2026","4,633","23,600",South 1,Coorg,"4,701",-1,Need to Check
1472508,50,"September 18, 2026","1,350","23,600",South 1,Coorg,"1,367",-1,Need to Check
1472508,59,"September 19, 2026","3,253","23,600",South 1,Coorg,"3,321",-1,Need to Check
1472508,60,"September 19, 2026","3,943","23,600",South 1,Coorg,"4,011",-1,Need to Check
1472508,61,"September 19, 2026","4,633","23,600",South 1,Coorg,"4,701",-1,Need to Check
1472508,62,"September 19, 2026","5,323","23,600",South 1,Coorg,"5,391",-1,Need to Check
1472508,63,"September 19, 2026","5,323","23,600",South 1,Coorg,"5,391",-1,Need to Check
1472508,67,"September 18, 2026","6,042","23,600",South 1,Coorg,"6,154",-1,Need to Check
1472508,67,"September 19, 2026","6,013","23,600",South 1,Coorg,"6,081",-1,Need to Check
1472508,68,"September 18, 2026","6,042","23,600",South 1,Coorg,"6,154",-1,Need to Check
1472508,68,"September 19, 2026","6,013","23,600",South 1,Coorg,"6,081",-1,Need to Check
1472508,69,"September 18, 2026","6,042","23,600",South 1,Coorg,"6,154",-1,Need to Check
1472508,69,"September 19, 2026","6,013","23,600",South 1,Coorg,"6,081",-1,Need to Check
1472508,70,"September 18, 2026","6,732","23,600",South 1,Coorg,"6,844",-1,Need to Check
1472508,70,"September 19, 2026","6,703","23,600",South 1,Coorg,"6,771",-1,Need to Check
1472508,71,"September 18, 2026","6,732","23,600",South 1,Coorg,"6,844",-1,Need to Check
1472508,71,"September 19, 2026","6,703","23,600",South 1,Coorg,"6,771",-1,Need to Check
1472508,83,"September 18, 2026","1,695","23,600",South 1,Coorg,"1,712",-1,Need to Check
1472508,84,"September 18, 2026","1,695","23,600",South 1,Coorg,"1,712",-1,Need to Check
1472508,91,"September 19, 2026","3,253","23,600",South 1,Coorg,"3,321",-1,Need to Check
1472508,92,"September 19, 2026","3,943","23,600",South 1,Coorg,"4,011",-1,Need to Check
1472508,97,"September 18, 2026","1,695","23,600",South 1,Coorg,"1,712",-1,Need to Check
1474895,17,"September 19, 2026","1,406","23,600",South 1,Coorg,"1,421",-1,Need to Check
1474895,18,"September 19, 2026","1,406","23,600",South 1,Coorg,"1,421",-1,Need to Check
1474895,19,"September 19, 2026","1,406","23,600",South 1,Coorg,"1,421",-1,Need to Check
1474895,20,"September 19, 2026","1,406","23,600",South 1,Coorg,"1,421",-1,Need to Check
1474895,21,"September 19, 2026","1,682","23,600",South 1,Coorg,"1,697",-1,Need to Check
1474895,22,"September 19, 2026","1,682","23,600",South 1,Coorg,"1,697",-1,Need to Check
1474895,23,"September 19, 2026","1,682","23,600",South 1,Coorg,"1,697",-1,Need to Check
1474895,24,"September 19, 2026","1,682","23,600",South 1,Coorg,"1,697",-1,Need to Check
1474895,27,"September 19, 2026","2,027","23,600",South 1,Coorg,"2,042",-1,Need to Check
1474895,28,"September 19, 2026","2,027","23,600",South 1,Coorg,"2,042",-1,Need to Check
1474895,39,"September 19, 2026","1,682","23,600",South 1,Coorg,"1,697",-1,Need to Check
1474895,40,"September 19, 2026","1,682","23,600",South 1,Coorg,"1,697",-1,Need to Check
1474895,50,"September 19, 2026","1,406","23,600",South 1,Coorg,"1,421",-1,Need to Check
1474895,83,"September 19, 2026","1,682","23,600",South 1,Coorg,"1,697",-1,Need to Check
1476116,17,"September 15, 2026","1,401","23,600",South 1,Coorg,"1,423",-1,Need to Check
1476116,18,"September 15, 2026","1,401","23,600",South 1,Coorg,"1,423",-1,Need to Check
1476116,19,"September 15, 2026","1,408","23,600",South 1,Coorg,"1,423",-1,Need to Check
1476116,20,"September 15, 2026","1,408","23,600",South 1,Coorg,"1,423",-1,Need to Check
1476116,21,"September 15, 2026","1,684","23,600",South 1,Coorg,"1,699",-1,Need to Check
1476116,22,"September 15, 2026","1,684","23,600",South 1,Coorg,"1,699",-1,Need to Check
1476116,23,"September 15, 2026","1,856","23,600",South 1,Coorg,"1,871",-1,Need to Check
1476116,24,"September 15, 2026","1,856","23,600",South 1,Coorg,"1,871",-1,Need to Check
1476116,25,"September 15, 2026","2,098","23,600",South 1,Coorg,"2,113",-1,Need to Check
1476116,26,"September 15, 2026","2,098","23,600",South 1,Coorg,"2,113",-1,Need to Check
1476116,27,"September 19, 2026","2,640","23,600",South 1,Coorg,"2,693",-1,Need to Check
1476116,28,"September 19, 2026","2,640","23,600",South 1,Coorg,"2,693",-1,Need to Check
1476116,39,"September 15, 2026","1,684","23,600",South 1,Coorg,"1,699",-1,Need to Check
1476116,40,"September 15, 2026","1,856","23,600",South 1,Coorg,"1,871",-1,Need to Check
1476116,41,"September 19, 2026","2,640","23,600",South 1,Coorg,"2,693",-1,Need to Check
1476116,45,"September 19, 2026","3,330","23,600",South 1,Coorg,"3,383",-1,Need to Check
1476116,46,"September 19, 2026","3,330","23,600",South 1,Coorg,"3,383",-1,Need to Check
1476116,50,"September 15, 2026","1,401","23,600",South 1,Coorg,"1,423",-1,Need to Check
1476116,51,"September 15, 2026","1,408","23,600",South 1,Coorg,"1,423",-1,Need to Check
1476116,83,"September 15, 2026","1,684","23,600",South 1,Coorg,"1,699",-1,Need to Check
1476116,84,"September 15, 2026","1,856","23,600",South 1,Coorg,"1,871",-1,Need to Check
1476116,87,"September 15, 2026","1,401","23,600",South 1,Coorg,"1,423",-1,Need to Check
1476116,97,"September 15, 2026","1,684","23,600",South 1,Coorg,"1,699",-1,Need to Check
1477779,17,"September 19, 2026","1,565","23,600",South 1,Coorg,"1,595",-1,Need to Check
1477779,18,"September 19, 2026","1,565","23,600",South 1,Coorg,"1,595",-1,Need to Check
1477779,19,"September 19, 2026","1,565","23,600",South 1,Coorg,"1,595",-1,Need to Check
1477779,20,"September 19, 2026","1,565","23,600",South 1,Coorg,"1,595",-1,Need to Check
1477779,21,"September 19, 2026","1,841","23,600",South 1,Coorg,"1,871",-1,Need to Check
1477779,22,"September 19, 2026","1,841","23,600",South 1,Coorg,"1,871",-1,Need to Check
1477779,23,"September 19, 2026","1,841","23,600",South 1,Coorg,"1,871",-1,Need to Check
1477779,24,"September 19, 2026","1,841","23,600",South 1,Coorg,"1,871",-1,Need to Check
1477779,25,"September 19, 2026","1,910","23,600",South 1,Coorg,"1,940",-1,Need to Check
1477779,26,"September 19, 2026","1,910","23,600",South 1,Coorg,"1,940",-1,Need to Check
1477779,27,"September 19, 2026","2,186","23,600",South 1,Coorg,"2,216",-1,Need to Check
1477779,28,"September 19, 2026","2,186","23,600",South 1,Coorg,"2,216",-1,Need to Check
1477779,39,"September 19, 2026","1,841","23,600",South 1,Coorg,"1,871",-1,Need to Check
1477779,40,"September 19, 2026","1,841","23,600",South 1,Coorg,"1,871",-1,Need to Check
1477779,50,"September 19, 2026","1,565","23,600",South 1,Coorg,"1,595",-1,Need to Check
1477779,51,"September 19, 2026","1,565","23,600",South 1,Coorg,"1,595",-1,Need to Check
1477779,83,"September 19, 2026","1,841","23,600",South 1,Coorg,"1,871",-1,Need to Check
1477779,87,"September 19, 2026","1,565","23,600",South 1,Coorg,"1,595",-1,Need to Check
1479035,42,"September 19, 2026","5,501","20,000",South 1,Coorg,"5,545",-1,Need to Check
1479035,43,"September 19, 2026","5,501","20,000",South 1,Coorg,"5,545",-1,Need to Check
1505657,23,"September 15, 2026","3,074","23,600",West,Pune,"3,133",-1,Need to Check
1505657,23,"September 17, 2026","3,074","23,600",West,Pune,"3,133",-1,Need to Check
1505657,23,"September 18, 2026","3,074","23,600",West,Pune,"3,133",-1,Need to Check
1505657,23,"September 19, 2026","3,074","23,600",West,Pune,"3,133",-1,Need to Check
1505657,23,"September 20, 2026","3,074","23,600",West,Pune,"3,133",-1,Need to Check
1505657,24,"September 15, 2026","3,074","23,600",West,Pune,"3,133",-1,Need to Check
1505657,24,"September 17, 2026","3,074","23,600",West,Pune,"3,133",-1,Need to Check
1505657,24,"September 18, 2026","3,074","23,600",West,Pune,"3,133",-1,Need to Check
1505657,24,"September 19, 2026","3,074","23,600",West,Pune,"3,133",-1,Need to Check
1505657,24,"September 20, 2026","3,074","23,600",West,Pune,"3,133",-1,Need to Check
1505657,27,"September 15, 2026","3,626","23,600",West,Pune,"3,653",-1,Need to Check
1505657,27,"September 17, 2026","3,626","23,600",West,Pune,"3,653",-1,Need to Check
1505657,27,"September 18, 2026","3,626","23,600",West,Pune,"3,653",-1,Need to Check
1505657,27,"September 19, 2026","3,626","23,600",West,Pune,"3,653",-1,Need to Check
1505657,27,"September 20, 2026","3,626","23,600",West,Pune,"3,653",-1,Need to Check
1505657,28,"September 15, 2026","3,626","23,600",West,Pune,"3,653",-1,Need to Check
1505657,28,"September 17, 2026","3,626","23,600",West,Pune,"3,653",-1,Need to Check
1505657,28,"September 18, 2026","3,626","23,600",West,Pune,"3,653",-1,Need to Check
1505657,28,"September 19, 2026","3,626","23,600",West,Pune,"3,653",-1,Need to Check
1505657,28,"September 20, 2026","3,626","23,600",West,Pune,"3,653",-1,Need to Check
1505657,40,"September 15, 2026","3,074","23,600",West,Pune,"3,133",-1,Need to Check
1505657,40,"September 17, 2026","3,074","23,600",West,Pune,"3,133",-1,Need to Check
1505657,40,"September 18, 2026","3,074","23,600",West,Pune,"3,133",-1,Need to Check
1505657,40,"September 19, 2026","3,074","23,600",West,Pune,"3,133",-1,Need to Check
1505657,40,"September 20, 2026","3,074","23,600",West,Pune,"3,133",-1,Need to Check
1591753,15,"September 18, 2026","1,432","23,600",South 2,Hyderabad,"1,457",-1,Need to Check
1591753,17,"September 18, 2026","1,570","23,600",South 2,Hyderabad,"1,595",-1,Need to Check
1591753,18,"September 18, 2026","1,570","23,600",South 2,Hyderabad,"1,595",-1,Need to Check
1591753,19,"September 18, 2026","1,777","23,600",South 2,Hyderabad,"1,802",-1,Need to Check
1591753,20,"September 18, 2026","1,777","23,600",South 2,Hyderabad,"1,802",-1,Need to Check
1591753,21,"September 18, 2026","1,708","23,600",South 2,Hyderabad,"1,733",-1,Need to Check
1591753,22,"September 18, 2026","1,708","23,600",South 2,Hyderabad,"1,733",-1,Need to Check
1591753,23,"September 18, 2026","1,915","23,600",South 2,Hyderabad,"1,940",-1,Need to Check
1591753,24,"September 18, 2026","1,915","23,600",South 2,Hyderabad,"1,940",-1,Need to Check
1591753,27,"September 18, 2026","2,398","23,600",South 2,Hyderabad,"2,423",-1,Need to Check
1591753,28,"September 18, 2026","2,398","23,600",South 2,Hyderabad,"2,423",-1,Need to Check
1591753,38,"September 18, 2026","1,432","23,600",South 2,Hyderabad,"1,457",-1,Need to Check
1591753,39,"September 18, 2026","1,708","23,600",South 2,Hyderabad,"1,733",-1,Need to Check
1591753,40,"September 18, 2026","1,915","23,600",South 2,Hyderabad,"1,940",-1,Need to Check
1591753,50,"September 18, 2026","1,570","23,600",South 2,Hyderabad,"1,595",-1,Need to Check
1591753,83,"September 18, 2026","1,708","23,600",South 2,Hyderabad,"1,733",-1,Need to Check
1711113,27,"September 26, 2026","2,172","23,600",North 1,Faridabad,"2,219",-1,Need to Check
1711113,27,"September 27, 2026","2,172","23,600",North 1,Faridabad,"2,219",-1,Need to Check
1711113,27,"September 28, 2026","2,172","23,600",North 1,Faridabad,"2,219",-1,Need to Check
1711113,27,"September 29, 2026","2,172","23,600",North 1,Faridabad,"2,219",-1,Need to Check
1711113,28,"September 26, 2026","2,172","23,600",North 1,Faridabad,"2,219",-1,Need to Check
1711113,28,"September 27, 2026","2,172","23,600",North 1,Faridabad,"2,219",-1,Need to Check
1711113,28,"September 28, 2026","2,172","23,600",North 1,Faridabad,"2,219",-1,Need to Check
1711113,28,"September 29, 2026","2,172","23,600",North 1,Faridabad,"2,219",-1,Need to Check
1727724,17,"September 24, 2026","1,758","23,600",South 1,Udupi,"1,780",-1,Need to Check
1727724,17,"October 6, 2026","1,970","23,600",South 1,Udupi,"2,012",-1,Need to Check
1727724,17,"October 7, 2026","1,970","23,600",South 1,Udupi,"2,012",-1,Need to Check
1727724,17,"October 8, 2026","1,978","23,600",South 1,Udupi,"2,012",-1,Need to Check
1727724,18,"September 24, 2026","1,758","23,600",South 1,Udupi,"1,780",-1,Need to Check
1727724,18,"October 6, 2026","1,970","23,600",South 1,Udupi,"2,012",-1,Need to Check
1727724,18,"October 7, 2026","1,970","23,600",South 1,Udupi,"2,012",-1,Need to Check
1727724,18,"October 8, 2026","1,978","23,600",South 1,Udupi,"2,012",-1,Need to Check
1727724,19,"September 24, 2026","1,827","23,600",South 1,Udupi,"1,849",-1,Need to Check
1727724,19,"October 6, 2026","2,039","23,600",South 1,Udupi,"2,077",-1,Need to Check
1727724,19,"October 7, 2026","2,039","23,600",South 1,Udupi,"2,077",-1,Need to Check
1727724,19,"October 8, 2026","2,047","23,600",South 1,Udupi,"2,077",-1,Need to Check
1727724,20,"September 24, 2026","1,827","23,600",South 1,Udupi,"1,849",-1,Need to Check
1727724,20,"October 6, 2026","2,039","23,600",South 1,Udupi,"2,077",-1,Need to Check
1727724,20,"October 7, 2026","2,039","23,600",South 1,Udupi,"2,077",-1,Need to Check
1727724,20,"October 8, 2026","2,047","23,600",South 1,Udupi,"2,077",-1,Need to Check
1727724,21,"September 24, 2026","1,965","23,600",South 1,Udupi,"1,987",-1,Need to Check
1727724,21,"October 6, 2026","2,177","23,600",South 1,Udupi,"2,207",-1,Need to Check
1727724,21,"October 7, 2026","2,177","23,600",South 1,Udupi,"2,207",-1,Need to Check
1727724,21,"October 8, 2026","2,185","23,600",South 1,Udupi,"2,207",-1,Need to Check
1727724,22,"September 24, 2026","1,965","23,600",South 1,Udupi,"1,987",-1,Need to Check
1727724,22,"October 6, 2026","2,177","23,600",South 1,Udupi,"2,207",-1,Need to Check
1727724,22,"October 7, 2026","2,177","23,600",South 1,Udupi,"2,207",-1,Need to Check
1727724,22,"October 8, 2026","2,185","23,600",South 1,Udupi,"2,207",-1,Need to Check
1727724,23,"September 24, 2026","2,068","23,600",South 1,Udupi,"2,090",-1,Need to Check
1727724,23,"October 6, 2026","2,280","23,600",South 1,Udupi,"2,305",-1,Need to Check
1727724,23,"October 7, 2026","2,280","23,600",South 1,Udupi,"2,305",-1,Need to Check
1727724,24,"September 24, 2026","2,068","23,600",South 1,Udupi,"2,090",-1,Need to Check
1727724,24,"October 6, 2026","2,280","23,600",South 1,Udupi,"2,305",-1,Need to Check
1727724,24,"October 7, 2026","2,280","23,600",South 1,Udupi,"2,305",-1,Need to Check
1727724,27,"September 24, 2026","2,413","23,600",South 1,Udupi,"2,444",-1,Need to Check
1727724,28,"September 24, 2026","2,413","23,600",South 1,Udupi,"2,444",-1,Need to Check
1727724,39,"September 24, 2026","1,965","23,600",South 1,Udupi,"1,987",-1,Need to Check
1727724,39,"October 6, 2026","2,177","23,600",South 1,Udupi,"2,207",-1,Need to Check
1727724,39,"October 7, 2026","2,177","23,600",South 1,Udupi,"2,207",-1,Need to Check
1727724,39,"October 8, 2026","2,185","23,600",South 1,Udupi,"2,207",-1,Need to Check
1727724,40,"September 24, 2026","2,068","23,600",South 1,Udupi,"2,090",-1,Need to Check
1727724,40,"October 6, 2026","2,280","23,600",South 1,Udupi,"2,305",-1,Need to Check
1727724,40,"October 7, 2026","2,280","23,600",South 1,Udupi,"2,305",-1,Need to Check
1727724,50,"September 24, 2026","1,758","23,600",South 1,Udupi,"1,780",-1,Need to Check
1727724,50,"October 6, 2026","1,970","23,600",South 1,Udupi,"2,012",-1,Need to Check
1727724,50,"October 7, 2026","1,970","23,600",South 1,Udupi,"2,012",-1,Need to Check
1727724,50,"October 8, 2026","1,978","23,600",South 1,Udupi,"2,012",-1,Need to Check
1727724,83,"September 24, 2026","1,965","23,600",South 1,Udupi,"1,987",-1,Need to Check
1727724,83,"October 6, 2026","2,177","23,600",South 1,Udupi,"2,207",-1,Need to Check
1727724,83,"October 7, 2026","2,177","23,600",South 1,Udupi,"2,207",-1,Need to Check
1727724,83,"October 8, 2026","2,185","23,600",South 1,Udupi,"2,207",-1,Need to Check
1766640,21,"September 19, 2026","1,669","23,600",South 1,Chikmagalur,"1,702",-1,Need to Check
1766640,22,"September 19, 2026","1,669","23,600",South 1,Chikmagalur,"1,702",-1,Need to Check
1766640,23,"September 19, 2026","1,669","23,600",South 1,Chikmagalur,"1,702",-1,Need to Check
1766640,24,"September 19, 2026","1,669","23,600",South 1,Chikmagalur,"1,702",-1,Need to Check
1766640,39,"September 19, 2026","1,669","23,600",South 1,Chikmagalur,"1,702",-1,Need to Check
1766640,40,"September 19, 2026","1,669","23,600",South 1,Chikmagalur,"1,702",-1,Need to Check
1766640,83,"September 19, 2026","1,669","23,600",South 1,Chikmagalur,"1,702",-1,Need to Check
1986521,27,"September 21, 2026","3,039","23,600",South 2,Yelagiri,"3,091",-1,Need to Check
1986521,28,"September 21, 2026","3,039","23,600",South 2,Yelagiri,"3,091",-1,Need to Check
1986521,29,"September 21, 2026","3,108","23,600",South 2,Yelagiri,"3,160",-1,Need to Check
1986521,30,"September 21, 2026","3,108","23,600",South 2,Yelagiri,"3,160",-1,Need to Check
1986521,31,"September 21, 2026","3,108","23,600",South 2,Yelagiri,"3,160",-1,Need to Check
1986521,32,"September 21, 2026","3,143","23,600",South 2,Yelagiri,"3,194",-1,Need to Check
1986521,33,"September 21, 2026","3,143","23,600",South 2,Yelagiri,"3,194",-1,Need to Check
1986521,34,"September 21, 2026","3,143","23,600",South 2,Yelagiri,"3,194",-1,Need to Check
1986521,35,"September 21, 2026","3,833","23,600",South 2,Yelagiri,"3,869",-1,Need to Check
1986521,36,"September 21, 2026","3,833","23,600",South 2,Yelagiri,"3,869",-1,Need to Check
1986521,57,"September 21, 2026","3,108","23,600",South 2,Yelagiri,"3,160",-1,Need to Check
1989439,29,"September 23, 2026","2,071","23,600",South 2,Yelagiri,"2,087",-1,Need to Check
1989439,29,"September 24, 2026","2,071","23,600",South 2,Yelagiri,"2,087",-1,Need to Check
1989439,30,"September 23, 2026","2,071","23,600",South 2,Yelagiri,"2,087",-1,Need to Check
1989439,30,"September 24, 2026","2,071","23,600",South 2,Yelagiri,"2,087",-1,Need to Check
1989439,31,"September 23, 2026","2,071","23,600",South 2,Yelagiri,"2,087",-1,Need to Check
1989439,31,"September 24, 2026","2,071","23,600",South 2,Yelagiri,"2,087",-1,Need to Check
1989439,57,"September 23, 2026","2,071","23,600",South 2,Yelagiri,"2,087",-1,Need to Check
1989439,57,"September 24, 2026","2,071","23,600",South 2,Yelagiri,"2,087",-1,Need to Check
2010412,21,"September 20, 2026","1,606","23,600",South 1,Wayanad,"1,639",-1,Need to Check
2010412,22,"September 20, 2026","1,606","23,600",South 1,Wayanad,"1,639",-1,Need to Check
2010412,23,"September 20, 2026","1,709","23,600",South 1,Wayanad,"1,737",-1,Need to Check
2010412,24,"September 20, 2026","1,709","23,600",South 1,Wayanad,"1,737",-1,Need to Check
2010412,27,"September 19, 2026","2,310","23,600",South 1,Wayanad,"2,331",-1,Need to Check
2010412,28,"September 19, 2026","2,310","23,600",South 1,Wayanad,"2,331",-1,Need to Check
2010412,39,"September 20, 2026","1,606","23,600",South 1,Wayanad,"1,639",-1,Need to Check
2010412,40,"September 20, 2026","1,709","23,600",South 1,Wayanad,"1,737",-1,Need to Check
2010412,83,"September 20, 2026","1,606","23,600",South 1,Wayanad,"1,639",-1,Need to Check
2014917,19,"September 18, 2026","1,714","20,000",South 1,Bangalore,"1,740",-1,Need to Check
2014917,19,"September 18, 2026","1,714","20,000",South 1,Bangalore,"1,740",-1,Need to Check
2014917,20,"September 18, 2026","1,714","20,000",South 1,Bangalore,"1,740",-1,Need to Check
2014917,20,"September 18, 2026","1,714","20,000",South 1,Bangalore,"1,740",-1,Need to Check
2025247,21,"September 21, 2026","1,496","23,600",South 2,Pondicherry,"1,512",-1,Need to Check
2025247,22,"September 21, 2026","1,496","23,600",South 2,Pondicherry,"1,512",-1,Need to Check
2025247,23,"September 21, 2026","1,565","23,600",South 2,Pondicherry,"1,577",-1,Need to Check
2025247,24,"September 21, 2026","1,565","23,600",South 2,Pondicherry,"1,577",-1,Need to Check
2025247,39,"September 21, 2026","1,496","23,600",South 2,Pondicherry,"1,512",-1,Need to Check
2025247,40,"September 21, 2026","1,565","23,600",South 2,Pondicherry,"1,577",-1,Need to Check
2025247,83,"September 21, 2026","1,496","23,600",South 2,Pondicherry,"1,512",-1,Need to Check
2027305,27,"September 18, 2026","2,487","23,600",South 1,Mangalore,"2,527",-1,Need to Check
2027305,28,"September 18, 2026","2,487","23,600",South 1,Mangalore,"2,527",-1,Need to Check
2027305,32,"September 18, 2026","2,418","23,600",South 1,Mangalore,"2,462",-1,Need to Check
2027305,33,"September 18, 2026","2,418","23,600",South 1,Mangalore,"2,462",-1,Need to Check
2027305,34,"September 18, 2026","2,418","23,600",South 1,Mangalore,"2,462",-1,Need to Check
2027305,35,"September 18, 2026","2,763","23,600",South 1,Mangalore,"2,787",-1,Need to Check
2027305,36,"September 18, 2026","2,763","23,600",South 1,Mangalore,"2,787",-1,Need to Check
2027305,37,"September 18, 2026","2,763","23,600",South 1,Mangalore,"2,787",-1,Need to Check
2027305,41,"September 18, 2026","2,487","23,600",South 1,Mangalore,"2,527",-1,Need to Check
2027305,58,"September 18, 2026","2,418","23,600",South 1,Mangalore,"2,462",-1,Need to Check
2031596,27,"September 21, 2026","1,886","23,600",North 1,Udaipur,"1,901",-1,Need to Check
2031596,28,"September 21, 2026","1,886","23,600",North 1,Udaipur,"1,901",-1,Need to Check
2031596,29,"September 21, 2026","1,679","23,600",North 1,Udaipur,"1,706",-1,Need to Check
2031596,30,"September 21, 2026","1,679","23,600",North 1,Udaipur,"1,706",-1,Need to Check
2031596,31,"September 21, 2026","1,679","23,600",North 1,Udaipur,"1,706",-1,Need to Check
2031596,32,"September 21, 2026","1,783","23,600",North 1,Udaipur,"1,803",-1,Need to Check
2031596,33,"September 21, 2026","1,783","23,600",North 1,Udaipur,"1,803",-1,Need to Check
2031596,34,"September 21, 2026","1,783","23,600",North 1,Udaipur,"1,803",-1,Need to Check
2031596,57,"September 21, 2026","1,679","23,600",North 1,Udaipur,"1,706",-1,Need to Check
2043442,17,"September 21, 2026","1,378","23,600",North 1,Noida,"1,401",-1,Need to Check
2043442,18,"September 21, 2026","1,378","23,600",North 1,Noida,"1,401",-1,Need to Check
2043442,19,"September 21, 2026","1,447","23,600",North 1,Noida,"1,470",-1,Need to Check
2043442,20,"September 21, 2026","1,447","23,600",North 1,Noida,"1,470",-1,Need to Check
2043442,21,"September 21, 2026","1,482","23,600",North 1,Noida,"1,504",-1,Need to Check
2043442,22,"September 21, 2026","1,482","23,600",North 1,Noida,"1,504",-1,Need to Check
2043442,23,"September 21, 2026","1,568","23,600",North 1,Noida,"1,590",-1,Need to Check
2043442,24,"September 21, 2026","1,568","23,600",North 1,Noida,"1,590",-1,Need to Check
2043442,27,"September 21, 2026","1,913","23,600",North 1,Noida,"1,935",-1,Need to Check
2043442,28,"September 21, 2026","1,913","23,600",North 1,Noida,"1,935",-1,Need to Check
2043442,39,"September 21, 2026","1,482","23,600",North 1,Noida,"1,504",-1,Need to Check
2043442,40,"September 21, 2026","1,568","23,600",North 1,Noida,"1,590",-1,Need to Check
2043442,50,"September 21, 2026","1,378","23,600",North 1,Noida,"1,401",-1,Need to Check
2043442,83,"September 21, 2026","1,482","23,600",North 1,Noida,"1,504",-1,Need to Check
2051409,16,"September 23, 2026","1,954","23,600",West,Nashik,"1,989",-1,Need to Check
2075824,35,"September 21, 2026","2,495","23,600",North 1,Gandhinagar,"2,519",-1,Need to Check
2075824,36,"September 21, 2026","2,495","23,600",North 1,Gandhinagar,"2,519",-1,Need to Check
2075824,37,"September 21, 2026","2,495","23,600",North 1,Gandhinagar,"2,519",-1,Need to Check
2083696,25,"November 10, 2026","1,657","23,600",West,Aurangabad,"1,687",-1,Need to Check
2083696,25,"November 11, 2026","1,643","23,600",West,Aurangabad,"1,657",-1,Need to Check
2083696,25,"November 12, 2026","1,643","23,600",West,Aurangabad,"1,657",-1,Need to Check
2083696,26,"November 10, 2026","1,657","23,600",West,Aurangabad,"1,687",-1,Need to Check
2083696,26,"November 11, 2026","1,643","23,600",West,Aurangabad,"1,657",-1,Need to Check
2083696,26,"November 12, 2026","1,643","23,600",West,Aurangabad,"1,657",-1,Need to Check
2083696,45,"November 10, 2026","1,933","23,600",West,Aurangabad,"1,963",-1,Need to Check
2083696,45,"November 11, 2026","1,919","23,600",West,Aurangabad,"1,933",-1,Need to Check
2083696,45,"November 12, 2026","1,919","23,600",West,Aurangabad,"1,933",-1,Need to Check
2083696,46,"November 10, 2026","1,933","23,600",West,Aurangabad,"1,963",-1,Need to Check
2083696,46,"November 11, 2026","1,919","23,600",West,Aurangabad,"1,933",-1,Need to Check
2083696,46,"November 12, 2026","1,919","23,600",West,Aurangabad,"1,933",-1,Need to Check
3721182,27,"September 21, 2026","1,868","23,600",North 1,New Delhi,"1,908",-1,Need to Check
3721182,28,"September 21, 2026","1,868","23,600",North 1,New Delhi,"1,908",-1,Need to Check
5802951,15,"September 21, 2026","1,337","23,600",North 1,Rajkot,"1,364",-1,Need to Check
5802951,16,"September 21, 2026","1,441","23,600",North 1,Rajkot,"1,468",-1,Need to Check
5802951,17,"September 21, 2026","1,544","23,600",North 1,Rajkot,"1,571",-1,Need to Check
5802951,18,"September 21, 2026","1,544","23,600",North 1,Rajkot,"1,571",-1,Need to Check
5802951,19,"September 21, 2026","1,682","23,600",North 1,Rajkot,"1,709",-1,Need to Check
5802951,20,"September 21, 2026","1,682","23,600",North 1,Rajkot,"1,709",-1,Need to Check
5802951,21,"September 21, 2026","2,165","23,600",North 1,Rajkot,"2,207",-1,Need to Check
5802951,22,"September 21, 2026","2,165","23,600",North 1,Rajkot,"2,207",-1,Need to Check
5802951,23,"September 21, 2026","2,303","23,600",North 1,Rajkot,"2,337",-1,Need to Check
5802951,24,"September 21, 2026","2,303","23,600",North 1,Rajkot,"2,337",-1,Need to Check
5802951,38,"September 21, 2026","1,337","23,600",North 1,Rajkot,"1,364",-1,Need to Check
5802951,39,"September 21, 2026","2,165","23,600",North 1,Rajkot,"2,207",-1,Need to Check
5802951,40,"September 21, 2026","2,303","23,600",North 1,Rajkot,"2,337",-1,Need to Check
5802951,50,"September 21, 2026","1,544","23,600",North 1,Rajkot,"1,571",-1,Need to Check
5802951,52,"September 21, 2026","1,441","23,600",North 1,Rajkot,"1,468",-1,Need to Check
5802951,76,"September 21, 2026","1,337","23,600",North 1,Rajkot,"1,364",-1,Need to Check
5802951,83,"September 21, 2026","2,165","23,600",North 1,Rajkot,"2,207",-1,Need to Check
0002365,25,"September 18, 2026","2,320","23,600",South 1,Mangalore,"2,398",-2,Need to Check
0002365,26,"September 18, 2026","2,320","23,600",South 1,Mangalore,"2,398",-2,Need to Check
0325023,17,"September 27, 2026","1,800","23,600",North 1,Jaipur,"1,844",-2,Need to Check
0325023,17,"September 28, 2026","1,800","23,600",North 1,Jaipur,"1,844",-2,Need to Check
0325023,17,"September 29, 2026","1,800","23,600",North 1,Jaipur,"1,844",-2,Need to Check
0325023,18,"September 27, 2026","1,800","23,600",North 1,Jaipur,"1,844",-2,Need to Check
0325023,18,"September 28, 2026","1,800","23,600",North 1,Jaipur,"1,844",-2,Need to Check
0325023,18,"September 29, 2026","1,800","23,600",North 1,Jaipur,"1,844",-2,Need to Check
0325023,21,"September 26, 2026","2,076","23,600",North 1,Jaipur,"2,140",-2,Need to Check
0325023,22,"September 26, 2026","2,076","23,600",North 1,Jaipur,"2,140",-2,Need to Check
0325023,23,"September 26, 2026","2,283","23,600",North 1,Jaipur,"2,335",-2,Need to Check
0325023,24,"September 26, 2026","2,283","23,600",North 1,Jaipur,"2,335",-2,Need to Check
0325023,25,"September 26, 2026","2,214","23,600",North 1,Jaipur,"2,270",-2,Need to Check
0325023,39,"September 26, 2026","2,076","23,600",North 1,Jaipur,"2,140",-2,Need to Check
0325023,40,"September 26, 2026","2,283","23,600",North 1,Jaipur,"2,335",-2,Need to Check
0325023,50,"September 27, 2026","1,800","23,600",North 1,Jaipur,"1,844",-2,Need to Check
0325023,50,"September 28, 2026","1,800","23,600",North 1,Jaipur,"1,844",-2,Need to Check
0325023,50,"September 29, 2026","1,800","23,600",North 1,Jaipur,"1,844",-2,Need to Check
0325023,83,"September 26, 2026","2,076","23,600",North 1,Jaipur,"2,140",-2,Need to Check
0468785,17,"September 18, 2026","2,130","23,600",South 1,Mysore,"2,205",-2,Need to Check
0468785,18,"September 18, 2026","2,130","23,600",South 1,Mysore,"2,205",-2,Need to Check
0468785,19,"September 18, 2026","2,233","23,600",South 1,Mysore,"2,310",-2,Need to Check
0468785,20,"September 18, 2026","2,233","23,600",South 1,Mysore,"2,310",-2,Need to Check
0468785,21,"September 18, 2026","2,475","23,600",South 1,Mysore,"2,555",-2,Need to Check
0468785,22,"September 18, 2026","2,475","23,600",South 1,Mysore,"2,555",-2,Need to Check
0468785,23,"September 18, 2026","2,613","23,600",South 1,Mysore,"2,695",-2,Need to Check
0468785,24,"September 18, 2026","2,613","23,600",South 1,Mysore,"2,695",-2,Need to Check
0468785,25,"September 18, 2026","2,751","23,600",South 1,Mysore,"2,835",-2,Need to Check
0468785,26,"September 18, 2026","2,751","23,600",South 1,Mysore,"2,835",-2,Need to Check
0468785,27,"September 18, 2026","3,130","23,600",South 1,Mysore,"3,220",-2,Need to Check
0468785,28,"September 18, 2026","3,130","23,600",South 1,Mysore,"3,220",-2,Need to Check
0468785,39,"September 18, 2026","2,475","23,600",South 1,Mysore,"2,555",-2,Need to Check
0468785,40,"September 18, 2026","2,613","23,600",South 1,Mysore,"2,695",-2,Need to Check
0468785,50,"September 18, 2026","2,130","23,600",South 1,Mysore,"2,205",-2,Need to Check
0468785,51,"September 18, 2026","2,233","23,600",South 1,Mysore,"2,310",-2,Need to Check
0468785,83,"September 18, 2026","2,475","23,600",South 1,Mysore,"2,555",-2,Need to Check
0468785,87,"September 18, 2026","2,130","23,600",South 1,Mysore,"2,205",-2,Need to Check
1043825,27,"September 18, 2026","2,445","23,600",South 1,Wayanad,"2,504",-2,Need to Check
1043825,28,"September 18, 2026","2,445","23,600",South 1,Wayanad,"2,504",-2,Need to Check
1043825,29,"September 18, 2026","2,376","23,600",South 1,Wayanad,"2,439",-2,Need to Check
1043825,30,"September 18, 2026","2,376","23,600",South 1,Wayanad,"2,439",-2,Need to Check
1043825,31,"September 18, 2026","2,376","23,600",South 1,Wayanad,"2,439",-2,Need to Check
1043825,32,"September 18, 2026","2,376","23,600",South 1,Wayanad,"2,439",-2,Need to Check
1043825,33,"September 18, 2026","2,376","23,600",South 1,Wayanad,"2,439",-2,Need to Check
1043825,34,"September 18, 2026","2,376","23,600",South 1,Wayanad,"2,439",-2,Need to Check
1043825,57,"September 18, 2026","2,376","23,600",South 1,Wayanad,"2,439",-2,Need to Check
1107176,21,"September 20, 2026","1,407","23,600",South 2,Yercaud,"1,440",-2,Need to Check
1107176,22,"September 20, 2026","1,407","23,600",South 2,Yercaud,"1,440",-2,Need to Check
1107176,39,"September 20, 2026","1,407","23,600",South 2,Yercaud,"1,440",-2,Need to Check
1107594,17,"September 18, 2026","1,575","23,600",South 1,Belgaum,"1,612",-2,Need to Check
1107594,17,"September 18, 2026","1,575","23,600",South 1,Belgaum,"1,612",-2,Need to Check
1107594,18,"September 18, 2026","1,575","23,600",South 1,Belgaum,"1,612",-2,Need to Check
1107594,19,"September 18, 2026","1,644","23,600",South 1,Belgaum,"1,681",-2,Need to Check
1107594,19,"September 18, 2026","1,644","23,600",South 1,Belgaum,"1,681",-2,Need to Check
1107594,20,"September 18, 2026","1,644","23,600",South 1,Belgaum,"1,681",-2,Need to Check
1107594,23,"September 18, 2026","1,920","23,600",South 1,Belgaum,"1,970",-2,Need to Check
1107594,23,"September 18, 2026","1,920","23,600",South 1,Belgaum,"1,970",-2,Need to Check
1107594,24,"September 18, 2026","1,920","23,600",South 1,Belgaum,"1,970",-2,Need to Check
1107594,24,"September 18, 2026","1,920","23,600",South 1,Belgaum,"1,970",-2,Need to Check
1107594,50,"September 18, 2026","1,575","23,600",South 1,Belgaum,"1,612",-2,Need to Check
1115459,15,"September 23, 2026","1,127","20,000",North 2,Nainital,"1,163",-2,Need to Check
1115459,15,"September 24, 2026","1,127","20,000",North 2,Nainital,"1,163",-2,Need to Check
1115459,16,"September 17, 2026","1,223","20,000",North 2,Nainital,"1,261",-2,Need to Check
1115459,16,"September 20, 2026","1,223","20,000",North 2,Nainital,"1,261",-2,Need to Check
1115459,17,"September 17, 2026","1,499","20,000",North 2,Nainital,"1,553",-2,Need to Check
1115459,17,"September 20, 2026","1,499","20,000",North 2,Nainital,"1,553",-2,Need to Check
1115459,18,"September 17, 2026","1,499","20,000",North 2,Nainital,"1,553",-2,Need to Check
1115459,18,"September 20, 2026","1,499","20,000",North 2,Nainital,"1,553",-2,Need to Check
1115459,23,"September 23, 2026","1,541","20,000",North 2,Nainital,"1,586",-2,Need to Check
1115459,23,"September 24, 2026","1,541","20,000",North 2,Nainital,"1,586",-2,Need to Check
1115459,24,"September 23, 2026","1,541","20,000",North 2,Nainital,"1,586",-2,Need to Check
1115459,24,"September 24, 2026","1,541","20,000",North 2,Nainital,"1,586",-2,Need to Check
1115459,38,"September 23, 2026","1,127","20,000",North 2,Nainital,"1,163",-2,Need to Check
1115459,38,"September 24, 2026","1,127","20,000",North 2,Nainital,"1,163",-2,Need to Check
1115459,40,"September 23, 2026","1,541","20,000",North 2,Nainital,"1,586",-2,Need to Check
1115459,40,"September 24, 2026","1,541","20,000",North 2,Nainital,"1,586",-2,Need to Check
1115459,50,"September 17, 2026","1,499","20,000",North 2,Nainital,"1,553",-2,Need to Check
1115459,50,"September 20, 2026","1,499","20,000",North 2,Nainital,"1,553",-2,Need to Check
1115459,52,"September 17, 2026","1,223","20,000",North 2,Nainital,"1,261",-2,Need to Check
1115459,52,"September 20, 2026","1,223","20,000",North 2,Nainital,"1,261",-2,Need to Check
1115459,76,"September 23, 2026","1,127","20,000",North 2,Nainital,"1,163",-2,Need to Check
1115459,76,"September 24, 2026","1,127","20,000",North 2,Nainital,"1,163",-2,Need to Check
1115459,87,"September 17, 2026","1,499","20,000",North 2,Nainital,"1,553",-2,Need to Check
1115459,87,"September 20, 2026","1,499","20,000",North 2,Nainital,"1,553",-2,Need to Check
1166252,15,"September 19, 2026","1,171","23,600",South 1,Kochi,"1,212",-2,Need to Check
1166252,16,"September 19, 2026","1,275","23,600",South 1,Kochi,"1,316",-2,Need to Check
1166252,17,"September 19, 2026","1,447","23,600",South 1,Kochi,"1,488",-2,Need to Check
1166252,18,"September 19, 2026","1,447","23,600",South 1,Kochi,"1,488",-2,Need to Check
1166252,19,"September 19, 2026","1,654","23,600",South 1,Kochi,"1,695",-2,Need to Check
1166252,38,"September 19, 2026","1,171","23,600",South 1,Kochi,"1,212",-2,Need to Check
1197734,17,"September 21, 2026","2,224","23,600",South 1,Alleppey,"2,277",-2,Need to Check
1197734,17,"September 22, 2026","2,229","23,600",South 1,Alleppey,"2,300",-2,Need to Check
1197734,18,"September 21, 2026","2,224","23,600",South 1,Alleppey,"2,277",-2,Need to Check
1197734,18,"September 22, 2026","2,229","23,600",South 1,Alleppey,"2,300",-2,Need to Check
1197734,19,"September 21, 2026","2,224","23,600",South 1,Alleppey,"2,277",-2,Need to Check
1197734,19,"September 22, 2026","2,229","23,600",South 1,Alleppey,"2,300",-2,Need to Check
1197734,20,"September 21, 2026","2,224","23,600",South 1,Alleppey,"2,277",-2,Need to Check
1197734,20,"September 22, 2026","2,229","23,600",South 1,Alleppey,"2,300",-2,Need to Check
1197734,50,"September 21, 2026","2,224","23,600",South 1,Alleppey,"2,277",-2,Need to Check
1197734,50,"September 22, 2026","2,229","23,600",South 1,Alleppey,"2,300",-2,Need to Check
1205898,16,"September 15, 2026","1,510","23,600",North 2,Prayagraj,"1,550",-2,Need to Check
1205898,35,"September 15, 2026","2,441","23,600",North 2,Prayagraj,"2,498",-2,Need to Check
1205898,36,"September 15, 2026","2,441","23,600",North 2,Prayagraj,"2,498",-2,Need to Check
1205898,37,"September 15, 2026","2,441","23,600",North 2,Prayagraj,"2,498",-2,Need to Check
1205898,52,"September 15, 2026","1,510","23,600",North 2,Prayagraj,"1,550",-2,Need to Check
1256474,29,"September 21, 2026","1,714","23,600",South 2,Pondicherry,"1,752",-2,Need to Check
1256474,30,"September 21, 2026","1,714","23,600",South 2,Pondicherry,"1,752",-2,Need to Check
1256474,31,"September 21, 2026","1,714","23,600",South 2,Pondicherry,"1,752",-2,Need to Check
1256474,57,"September 21, 2026","1,714","23,600",South 2,Pondicherry,"1,752",-2,Need to Check
1257158,23,"September 22, 2026","1,761","23,600",South 2,Puducherry,"1,819",-2,Need to Check
1257158,23,"September 23, 2026","1,761","23,600",South 2,Puducherry,"1,819",-2,Need to Check
1257158,23,"September 24, 2026","1,761","23,600",South 2,Puducherry,"1,819",-2,Need to Check
1257158,24,"September 22, 2026","1,761","23,600",South 2,Puducherry,"1,819",-2,Need to Check
1257158,24,"September 23, 2026","1,761","23,600",South 2,Puducherry,"1,819",-2,Need to Check
1257158,24,"September 24, 2026","1,761","23,600",South 2,Puducherry,"1,819",-2,Need to Check
1257158,40,"September 22, 2026","1,761","23,600",South 2,Puducherry,"1,819",-2,Need to Check
1257158,40,"September 23, 2026","1,761","23,600",South 2,Puducherry,"1,819",-2,Need to Check
1257158,40,"September 24, 2026","1,761","23,600",South 2,Puducherry,"1,819",-2,Need to Check
1322829,23,"September 27, 2026","1,737","20,000",North 1,Jaipur,"1,794",-2,Need to Check
1322829,23,"September 28, 2026","1,737","20,000",North 1,Jaipur,"1,794",-2,Need to Check
1322829,23,"September 29, 2026","1,737","20,000",North 1,Jaipur,"1,794",-2,Need to Check
1322829,24,"September 27, 2026","1,737","20,000",North 1,Jaipur,"1,794",-2,Need to Check
1322829,24,"September 28, 2026","1,737","20,000",North 1,Jaipur,"1,794",-2,Need to Check
1322829,24,"September 29, 2026","1,737","20,000",North 1,Jaipur,"1,794",-2,Need to Check
1322829,27,"September 26, 2026","2,081","20,000",North 1,Jaipur,"2,130",-2,Need to Check
1322829,28,"September 26, 2026","2,081","20,000",North 1,Jaipur,"2,130",-2,Need to Check
1322829,40,"September 27, 2026","1,737","20,000",North 1,Jaipur,"1,794",-2,Need to Check
1322829,40,"September 28, 2026","1,737","20,000",North 1,Jaipur,"1,794",-2,Need to Check
1322829,40,"September 29, 2026","1,737","20,000",North 1,Jaipur,"1,794",-2,Need to Check
1336968,25,"September 26, 2026","2,086","20,000",North 1,Pushkar,"2,160",-2,Need to Check
1336968,26,"September 26, 2026","2,086","20,000",North 1,Pushkar,"2,160",-2,Need to Check
1344712,17,"September 22, 2026","1,628","23,600",West,Satara,"1,664",-2,Need to Check
1344712,17,"September 23, 2026","1,628","23,600",West,Satara,"1,664",-2,Need to Check
1344712,18,"September 22, 2026","1,628","23,600",West,Satara,"1,664",-2,Need to Check
1344712,18,"September 23, 2026","1,628","23,600",West,Satara,"1,664",-2,Need to Check
1344712,19,"September 22, 2026","1,628","23,600",West,Satara,"1,664",-2,Need to Check
1344712,19,"September 23, 2026","1,628","23,600",West,Satara,"1,664",-2,Need to Check
1344712,20,"September 22, 2026","1,628","23,600",West,Satara,"1,664",-2,Need to Check
1344712,20,"September 23, 2026","1,628","23,600",West,Satara,"1,664",-2,Need to Check
1344712,50,"September 22, 2026","1,628","23,600",West,Satara,"1,664",-2,Need to Check
1344712,50,"September 23, 2026","1,628","23,600",West,Satara,"1,664",-2,Need to Check
1391921,21,"September 21, 2026","1,191","23,600",North 1,Ahmedabad,"1,233",-2,Need to Check
1391921,22,"September 21, 2026","1,191","23,600",North 1,Ahmedabad,"1,233",-2,Need to Check
1391921,23,"September 21, 2026","1,295","23,600",North 1,Ahmedabad,"1,337",-2,Need to Check
1391921,24,"September 21, 2026","1,295","23,600",North 1,Ahmedabad,"1,337",-2,Need to Check
1391921,39,"September 21, 2026","1,191","23,600",North 1,Ahmedabad,"1,233",-2,Need to Check
1393411,23,"September 20, 2026","2,163","23,600",North 1,Ahmedabad,"2,215",-2,Need to Check
1393411,24,"September 20, 2026","2,163","23,600",North 1,Ahmedabad,"2,215",-2,Need to Check
1393411,25,"September 20, 2026","2,163","23,600",North 1,Ahmedabad,"2,215",-2,Need to Check
1393411,26,"September 20, 2026","2,163","23,600",North 1,Ahmedabad,"2,215",-2,Need to Check
1393411,40,"September 20, 2026","2,163","23,600",North 1,Ahmedabad,"2,215",-2,Need to Check
1433791,23,"September 19, 2026","3,007","23,600",North 1,Noida,"3,102",-2,Need to Check
1433791,24,"September 19, 2026","3,007","23,600",North 1,Noida,"3,102",-2,Need to Check
1433791,25,"September 19, 2026","3,076","23,600",North 1,Noida,"3,167",-2,Need to Check
1433791,26,"September 19, 2026","3,076","23,600",North 1,Noida,"3,167",-2,Need to Check
1433791,27,"September 19, 2026","3,352","23,600",North 1,Noida,"3,427",-2,Need to Check
1433791,28,"September 19, 2026","3,352","23,600",North 1,Noida,"3,427",-2,Need to Check
1433791,40,"September 19, 2026","3,007","23,600",North 1,Noida,"3,102",-2,Need to Check
1437251,21,"November 10, 2026","1,669","23,600",North 1,Noida,"1,725",-2,Need to Check
1437251,21,"November 11, 2026","1,669","23,600",North 1,Noida,"1,725",-2,Need to Check
1437251,21,"November 12, 2026","1,669","23,600",North 1,Noida,"1,725",-2,Need to Check
1437251,22,"November 10, 2026","1,669","23,600",North 1,Noida,"1,725",-2,Need to Check
1437251,22,"November 11, 2026","1,669","23,600",North 1,Noida,"1,725",-2,Need to Check
1437251,22,"November 12, 2026","1,669","23,600",North 1,Noida,"1,725",-2,Need to Check
1437251,23,"November 10, 2026","1,738","23,600",North 1,Noida,"1,790",-2,Need to Check
1437251,23,"November 11, 2026","1,738","23,600",North 1,Noida,"1,790",-2,Need to Check
1437251,23,"November 12, 2026","1,738","23,600",North 1,Noida,"1,790",-2,Need to Check
1437251,24,"November 10, 2026","1,738","23,600",North 1,Noida,"1,790",-2,Need to Check
1437251,24,"November 11, 2026","1,738","23,600",North 1,Noida,"1,790",-2,Need to Check
1437251,24,"November 12, 2026","1,738","23,600",North 1,Noida,"1,790",-2,Need to Check
1437251,29,"November 10, 2026","1,876","23,600",North 1,Noida,"1,920",-2,Need to Check
1437251,29,"November 11, 2026","1,876","23,600",North 1,Noida,"1,920",-2,Need to Check
1437251,29,"November 12, 2026","1,876","23,600",North 1,Noida,"1,920",-2,Need to Check
1437251,30,"November 10, 2026","1,876","23,600",North 1,Noida,"1,920",-2,Need to Check
1437251,30,"November 11, 2026","1,876","23,600",North 1,Noida,"1,920",-2,Need to Check
1437251,30,"November 12, 2026","1,876","23,600",North 1,Noida,"1,920",-2,Need to Check
1437251,31,"November 10, 2026","1,876","23,600",North 1,Noida,"1,920",-2,Need to Check
1437251,31,"November 11, 2026","1,876","23,600",North 1,Noida,"1,920",-2,Need to Check
1437251,31,"November 12, 2026","1,876","23,600",North 1,Noida,"1,920",-2,Need to Check
1437251,39,"November 10, 2026","1,669","23,600",North 1,Noida,"1,725",-2,Need to Check
1437251,39,"November 11, 2026","1,669","23,600",North 1,Noida,"1,725",-2,Need to Check
1437251,39,"November 12, 2026","1,669","23,600",North 1,Noida,"1,725",-2,Need to Check
1437251,40,"November 10, 2026","1,738","23,600",North 1,Noida,"1,790",-2,Need to Check
1437251,40,"November 11, 2026","1,738","23,600",North 1,Noida,"1,790",-2,Need to Check
1437251,40,"November 12, 2026","1,738","23,600",North 1,Noida,"1,790",-2,Need to Check
1437251,57,"November 10, 2026","1,876","23,600",North 1,Noida,"1,920",-2,Need to Check
1437251,57,"November 11, 2026","1,876","23,600",North 1,Noida,"1,920",-2,Need to Check
1437251,57,"November 12, 2026","1,876","23,600",North 1,Noida,"1,920",-2,Need to Check
1437251,83,"November 10, 2026","1,669","23,600",North 1,Noida,"1,725",-2,Need to Check
1437251,83,"November 11, 2026","1,669","23,600",North 1,Noida,"1,725",-2,Need to Check
1437251,83,"November 12, 2026","1,669","23,600",North 1,Noida,"1,725",-2,Need to Check
1438370,27,"September 21, 2026","1,895","23,600",North 1,Noida,"1,962",-2,Need to Check
1438370,28,"September 21, 2026","1,895","23,600",North 1,Noida,"1,962",-2,Need to Check
1442173,21,"September 20, 2026","1,948","23,600",South 1,Ooty,"2,010",-2,Need to Check
1442173,21,"September 20, 2026","1,948","23,600",South 1,Ooty,"2,010",-2,Need to Check
1442173,22,"September 20, 2026","1,948","23,600",South 1,Ooty,"2,010",-2,Need to Check
1442173,22,"September 20, 2026","1,948","23,600",South 1,Ooty,"2,010",-2,Need to Check
1442173,23,"September 20, 2026","1,948","23,600",South 1,Ooty,"2,010",-2,Need to Check
1442173,23,"September 20, 2026","1,948","23,600",South 1,Ooty,"2,010",-2,Need to Check
1442173,24,"September 20, 2026","1,948","23,600",South 1,Ooty,"2,010",-2,Need to Check
1442173,24,"September 20, 2026","1,948","23,600",South 1,Ooty,"2,010",-2,Need to Check
1442173,27,"September 20, 2026","2,638","23,600",South 1,Ooty,"2,714",-2,Need to Check
1442173,27,"September 20, 2026","2,638","23,600",South 1,Ooty,"2,714",-2,Need to Check
1442173,28,"September 20, 2026","2,638","23,600",South 1,Ooty,"2,714",-2,Need to Check
1442173,28,"September 20, 2026","2,638","23,600",South 1,Ooty,"2,714",-2,Need to Check
1442173,39,"September 20, 2026","1,948","23,600",South 1,Ooty,"2,010",-2,Need to Check
1442173,40,"September 20, 2026","1,948","23,600",South 1,Ooty,"2,010",-2,Need to Check
1442173,83,"September 20, 2026","1,948","23,600",South 1,Ooty,"2,010",-2,Need to Check
1446609,42,"September 18, 2026","3,275","23,600",South 1,Ooty,"3,381",-2,Need to Check
1446609,42,"September 20, 2026","3,239","23,600",South 1,Ooty,"3,333",-2,Need to Check
1446609,43,"September 18, 2026","3,275","23,600",South 1,Ooty,"3,381",-2,Need to Check
1446609,43,"September 20, 2026","3,239","23,600",South 1,Ooty,"3,333",-2,Need to Check
1446609,44,"September 18, 2026","3,275","23,600",South 1,Ooty,"3,381",-2,Need to Check
1446609,44,"September 20, 2026","3,239","23,600",South 1,Ooty,"3,333",-2,Need to Check
1452205,17,"September 23, 2026","1,419","23,600",South 2,Tirupati,"1,453",-2,Need to Check
1452205,18,"September 23, 2026","1,419","23,600",South 2,Tirupati,"1,453",-2,Need to Check
1452205,50,"September 23, 2026","1,419","23,600",South 2,Tirupati,"1,453",-2,Need to Check
1453534,23,"September 21, 2026","2,379","23,600",South 2,Tirupati,"2,446",-2,Need to Check
1453534,23,"September 22, 2026","2,379","23,600",South 2,Tirupati,"2,446",-2,Need to Check
1453534,24,"September 21, 2026","2,379","23,600",South 2,Tirupati,"2,446",-2,Need to Check
1453534,24,"September 22, 2026","2,379","23,600",South 2,Tirupati,"2,446",-2,Need to Check
1453534,40,"September 21, 2026","2,379","23,600",South 2,Tirupati,"2,446",-2,Need to Check
1453534,40,"September 22, 2026","2,379","23,600",South 2,Tirupati,"2,446",-2,Need to Check
1462197,17,"September 18, 2026","1,328","23,600",South 1,Mysore,"1,368",-2,Need to Check
1462197,17,"September 20, 2026","1,327","23,600",South 1,Mysore,"1,366",-2,Need to Check
1462197,18,"September 18, 2026","1,328","23,600",South 1,Mysore,"1,368",-2,Need to Check
1462197,18,"September 20, 2026","1,327","23,600",South 1,Mysore,"1,366",-2,Need to Check
1462197,19,"September 18, 2026","1,432","23,600",South 1,Mysore,"1,471",-2,Need to Check
1462197,19,"September 20, 2026","1,431","23,600",South 1,Mysore,"1,470",-2,Need to Check
1462197,20,"September 18, 2026","1,432","23,600",South 1,Mysore,"1,471",-2,Need to Check
1462197,20,"September 20, 2026","1,431","23,600",South 1,Mysore,"1,470",-2,Need to Check
1462197,21,"September 18, 2026","1,742","23,600",South 1,Mysore,"1,782",-2,Need to Check
1462197,21,"September 19, 2026","1,798","23,600",South 1,Mysore,"1,857",-2,Need to Check
1462197,21,"September 20, 2026","1,741","23,600",South 1,Mysore,"1,780",-2,Need to Check
1462197,22,"September 18, 2026","1,742","23,600",South 1,Mysore,"1,782",-2,Need to Check
1462197,22,"September 19, 2026","1,798","23,600",South 1,Mysore,"1,857",-2,Need to Check
1462197,22,"September 20, 2026","1,741","23,600",South 1,Mysore,"1,780",-2,Need to Check
1462197,23,"September 19, 2026","1,902","23,600",South 1,Mysore,"1,960",-2,Need to Check
1462197,24,"September 19, 2026","1,902","23,600",South 1,Mysore,"1,960",-2,Need to Check
1462197,27,"September 19, 2026","2,695","23,600",South 1,Mysore,"2,774",-2,Need to Check
1462197,28,"September 19, 2026","2,695","23,600",South 1,Mysore,"2,774",-2,Need to Check
1462197,29,"September 19, 2026","2,212","23,600",South 1,Mysore,"2,271",-2,Need to Check
1462197,30,"September 19, 2026","2,212","23,600",South 1,Mysore,"2,271",-2,Need to Check
1462197,31,"September 19, 2026","2,212","23,600",South 1,Mysore,"2,271",-2,Need to Check
1462197,32,"September 19, 2026","2,385","23,600",South 1,Mysore,"2,463",-2,Need to Check
1462197,33,"September 19, 2026","2,385","23,600",South 1,Mysore,"2,463",-2,Need to Check
1462197,34,"September 19, 2026","2,385","23,600",South 1,Mysore,"2,463",-2,Need to Check
1462197,39,"September 18, 2026","1,742","23,600",South 1,Mysore,"1,782",-2,Need to Check
1462197,39,"September 19, 2026","1,798","23,600",South 1,Mysore,"1,857",-2,Need to Check
1462197,39,"September 20, 2026","1,741","23,600",South 1,Mysore,"1,780",-2,Need to Check
1462197,40,"September 19, 2026","1,902","23,600",South 1,Mysore,"1,960",-2,Need to Check
1462197,50,"September 18, 2026","1,328","23,600",South 1,Mysore,"1,368",-2,Need to Check
1462197,50,"September 20, 2026","1,327","23,600",South 1,Mysore,"1,366",-2,Need to Check
1462197,57,"September 19, 2026","2,212","23,600",South 1,Mysore,"2,271",-2,Need to Check
1462197,58,"September 19, 2026","2,385","23,600",South 1,Mysore,"2,463",-2,Need to Check
1462197,83,"September 18, 2026","1,742","23,600",South 1,Mysore,"1,782",-2,Need to Check
1462197,83,"September 19, 2026","1,798","23,600",South 1,Mysore,"1,857",-2,Need to Check
1462197,83,"September 20, 2026","1,741","23,600",South 1,Mysore,"1,780",-2,Need to Check
1462197,89,"September 19, 2026","2,212","23,600",South 1,Mysore,"2,271",-2,Need to Check
1463190,17,"September 18, 2026","1,521","23,600",South 1,Mysore,"1,564",-2,Need to Check
1463190,18,"September 18, 2026","1,521","23,600",South 1,Mysore,"1,564",-2,Need to Check
1463190,19,"September 18, 2026","1,556","23,600",South 1,Mysore,"1,599",-2,Need to Check
1463190,20,"September 18, 2026","1,556","23,600",South 1,Mysore,"1,599",-2,Need to Check
1463190,21,"September 18, 2026","1,728","23,600",South 1,Mysore,"1,781",-2,Need to Check
1463190,21,"September 19, 2026","1,731","23,600",South 1,Mysore,"1,781",-2,Need to Check
1463190,22,"September 18, 2026","1,728","23,600",South 1,Mysore,"1,781",-2,Need to Check
1463190,22,"September 19, 2026","1,731","23,600",South 1,Mysore,"1,781",-2,Need to Check
1463190,23,"September 18, 2026","1,797","23,600",South 1,Mysore,"1,850",-2,Need to Check
1463190,23,"September 19, 2026","1,800","23,600",South 1,Mysore,"1,850",-2,Need to Check
1463190,24,"September 18, 2026","1,797","23,600",South 1,Mysore,"1,850",-2,Need to Check
1463190,24,"September 19, 2026","1,800","23,600",South 1,Mysore,"1,850",-2,Need to Check
1463190,27,"September 18, 2026","2,004","23,600",South 1,Mysore,"2,057",-2,Need to Check
1463190,27,"September 19, 2026","2,007","23,600",South 1,Mysore,"2,057",-2,Need to Check
1463190,28,"September 18, 2026","2,004","23,600",South 1,Mysore,"2,057",-2,Need to Check
1463190,28,"September 19, 2026","2,007","23,600",South 1,Mysore,"2,057",-2,Need to Check
1463190,39,"September 18, 2026","1,728","23,600",South 1,Mysore,"1,781",-2,Need to Check
1463190,39,"September 19, 2026","1,731","23,600",South 1,Mysore,"1,781",-2,Need to Check
1463190,40,"September 18, 2026","1,797","23,600",South 1,Mysore,"1,850",-2,Need to Check
1463190,40,"September 19, 2026","1,800","23,600",South 1,Mysore,"1,850",-2,Need to Check
1463190,50,"September 18, 2026","1,521","23,600",South 1,Mysore,"1,564",-2,Need to Check
1463190,83,"September 18, 2026","1,728","23,600",South 1,Mysore,"1,781",-2,Need to Check
1463190,83,"September 19, 2026","1,731","23,600",South 1,Mysore,"1,781",-2,Need to Check
1466884,29,"September 18, 2026","3,082","23,600",South 1,Mysore,"3,181",-2,Need to Check
1466884,30,"September 18, 2026","3,082","23,600",South 1,Mysore,"3,181",-2,Need to Check
1466884,31,"September 18, 2026","3,082","23,600",South 1,Mysore,"3,181",-2,Need to Check
1466884,32,"September 18, 2026","3,082","23,600",South 1,Mysore,"3,181",-2,Need to Check
1466884,33,"September 18, 2026","3,082","23,600",South 1,Mysore,"3,181",-2,Need to Check
1466884,34,"September 18, 2026","3,082","23,600",South 1,Mysore,"3,181",-2,Need to Check
1466884,35,"September 18, 2026","3,565","23,600",South 1,Mysore,"3,671",-2,Need to Check
1466884,36,"September 18, 2026","3,565","23,600",South 1,Mysore,"3,671",-2,Need to Check
1466884,57,"September 18, 2026","3,082","23,600",South 1,Mysore,"3,181",-2,Need to Check
1472508,24179,"September 19, 2026","2,563","23,600",South 1,Coorg,"2,631",-2,Need to Check
1472508,24180,"September 19, 2026","2,563","23,600",South 1,Coorg,"2,631",-2,Need to Check
1472508,24181,"September 19, 2026","2,563","23,600",South 1,Coorg,"2,631",-2,Need to Check
1472508,24182,"September 19, 2026","2,563","23,600",South 1,Coorg,"2,631",-2,Need to Check
1472508,24183,"September 19, 2026","2,563","23,600",South 1,Coorg,"2,631",-2,Need to Check
1472508,24184,"September 19, 2026","2,563","23,600",South 1,Coorg,"2,631",-2,Need to Check
1472508,24185,"September 19, 2026","2,563","23,600",South 1,Coorg,"2,631",-2,Need to Check
1472508,27,"September 19, 2026","2,356","23,600",South 1,Coorg,"2,424",-2,Need to Check
1472508,28,"September 19, 2026","2,356","23,600",South 1,Coorg,"2,424",-2,Need to Check
1472508,29,"September 19, 2026","2,563","23,600",South 1,Coorg,"2,631",-2,Need to Check
1472508,30,"September 19, 2026","2,563","23,600",South 1,Coorg,"2,631",-2,Need to Check
1472508,31,"September 19, 2026","2,563","23,600",South 1,Coorg,"2,631",-2,Need to Check
1472508,32,"September 19, 2026","2,563","23,600",South 1,Coorg,"2,631",-2,Need to Check
1472508,33,"September 19, 2026","2,563","23,600",South 1,Coorg,"2,631",-2,Need to Check
1472508,34,"September 19, 2026","2,563","23,600",South 1,Coorg,"2,631",-2,Need to Check
1472508,41,"September 19, 2026","2,356","23,600",South 1,Coorg,"2,424",-2,Need to Check
1472508,45,"September 19, 2026","3,046","23,600",South 1,Coorg,"3,114",-2,Need to Check
1472508,46,"September 19, 2026","3,046","23,600",South 1,Coorg,"3,114",-2,Need to Check
1472508,57,"September 19, 2026","2,563","23,600",South 1,Coorg,"2,631",-2,Need to Check
1472508,58,"September 19, 2026","2,563","23,600",South 1,Coorg,"2,631",-2,Need to Check
1472508,89,"September 19, 2026","2,563","23,600",South 1,Coorg,"2,631",-2,Need to Check
1472508,90,"September 19, 2026","2,563","23,600",South 1,Coorg,"2,631",-2,Need to Check
1476116,17,"September 19, 2026","1,501","23,600",South 1,Coorg,"1,554",-2,Need to Check
1476116,18,"September 19, 2026","1,501","23,600",South 1,Coorg,"1,554",-2,Need to Check
1476116,19,"September 19, 2026","1,501","23,600",South 1,Coorg,"1,554",-2,Need to Check
1476116,20,"September 19, 2026","1,501","23,600",South 1,Coorg,"1,554",-2,Need to Check
1476116,21,"September 19, 2026","1,777","23,600",South 1,Coorg,"1,830",-2,Need to Check
1476116,22,"September 19, 2026","1,777","23,600",South 1,Coorg,"1,830",-2,Need to Check
1476116,23,"September 19, 2026","1,950","23,600",South 1,Coorg,"2,003",-2,Need to Check
1476116,24,"September 19, 2026","1,950","23,600",South 1,Coorg,"2,003",-2,Need to Check
1476116,25,"September 19, 2026","2,191","23,600",South 1,Coorg,"2,244",-2,Need to Check
1476116,26,"September 19, 2026","2,191","23,600",South 1,Coorg,"2,244",-2,Need to Check
1476116,27,"September 18, 2026","2,612","23,600",South 1,Coorg,"2,693",-2,Need to Check
1476116,28,"September 18, 2026","2,612","23,600",South 1,Coorg,"2,693",-2,Need to Check
1476116,39,"September 19, 2026","1,777","23,600",South 1,Coorg,"1,830",-2,Need to Check
1476116,40,"September 19, 2026","1,950","23,600",South 1,Coorg,"2,003",-2,Need to Check
1476116,41,"September 18, 2026","2,612","23,600",South 1,Coorg,"2,693",-2,Need to Check
1476116,45,"September 18, 2026","3,302","23,600",South 1,Coorg,"3,383",-2,Need to Check
1476116,46,"September 18, 2026","3,302","23,600",South 1,Coorg,"3,383",-2,Need to Check
1476116,50,"September 19, 2026","1,501","23,600",South 1,Coorg,"1,554",-2,Need to Check
1476116,51,"September 19, 2026","1,501","23,600",South 1,Coorg,"1,554",-2,Need to Check
1476116,83,"September 19, 2026","1,777","23,600",South 1,Coorg,"1,830",-2,Need to Check
1476116,84,"September 19, 2026","1,950","23,600",South 1,Coorg,"2,003",-2,Need to Check
1476116,87,"September 19, 2026","1,501","23,600",South 1,Coorg,"1,554",-2,Need to Check
1476116,97,"September 19, 2026","1,777","23,600",South 1,Coorg,"1,830",-2,Need to Check
1477779,15,"September 19, 2026","1,358","23,600",South 1,Coorg,"1,388",-2,Need to Check
1477779,16,"September 19, 2026","1,358","23,600",South 1,Coorg,"1,388",-2,Need to Check
1477779,38,"September 19, 2026","1,358","23,600",South 1,Coorg,"1,388",-2,Need to Check
1505657,19,"September 18, 2026","2,660","23,600",West,Pune,"2,743",-2,Need to Check
1505657,19,"September 19, 2026","2,660","23,600",West,Pune,"2,743",-2,Need to Check
1505657,19,"September 20, 2026","2,660","23,600",West,Pune,"2,743",-2,Need to Check
1505657,20,"September 18, 2026","2,660","23,600",West,Pune,"2,743",-2,Need to Check
1505657,20,"September 19, 2026","2,660","23,600",West,Pune,"2,743",-2,Need to Check
1505657,20,"September 20, 2026","2,660","23,600",West,Pune,"2,743",-2,Need to Check
1505657,21,"September 18, 2026","2,798","23,600",West,Pune,"2,873",-2,Need to Check
1505657,21,"September 19, 2026","2,798","23,600",West,Pune,"2,873",-2,Need to Check
1505657,21,"September 20, 2026","2,798","23,600",West,Pune,"2,873",-2,Need to Check
1505657,22,"September 18, 2026","2,798","23,600",West,Pune,"2,873",-2,Need to Check
1505657,22,"September 19, 2026","2,798","23,600",West,Pune,"2,873",-2,Need to Check
1505657,22,"September 20, 2026","2,798","23,600",West,Pune,"2,873",-2,Need to Check
1505657,39,"September 18, 2026","2,798","23,600",West,Pune,"2,873",-2,Need to Check
1505657,39,"September 19, 2026","2,798","23,600",West,Pune,"2,873",-2,Need to Check
1505657,39,"September 20, 2026","2,798","23,600",West,Pune,"2,873",-2,Need to Check
1505657,83,"September 18, 2026","2,798","23,600",West,Pune,"2,873",-2,Need to Check
1505657,83,"September 19, 2026","2,798","23,600",West,Pune,"2,873",-2,Need to Check
1505657,83,"September 20, 2026","2,798","23,600",West,Pune,"2,873",-2,Need to Check
1726039,17,"September 18, 2026","1,657","23,600",South 1,Udupi,"1,716",-2,Need to Check
1726039,18,"September 18, 2026","1,657","23,600",South 1,Udupi,"1,716",-2,Need to Check
1726039,19,"September 18, 2026","1,657","23,600",South 1,Udupi,"1,716",-2,Need to Check
1726039,20,"September 18, 2026","1,657","23,600",South 1,Udupi,"1,716",-2,Need to Check
1726039,21,"September 18, 2026","1,933","23,600",South 1,Udupi,"1,976",-2,Need to Check
1726039,22,"September 18, 2026","1,933","23,600",South 1,Udupi,"1,976",-2,Need to Check
1726039,23,"September 18, 2026","1,933","23,600",South 1,Udupi,"1,976",-2,Need to Check
1726039,24,"September 18, 2026","1,933","23,600",South 1,Udupi,"1,976",-2,Need to Check
1726039,39,"September 18, 2026","1,933","23,600",South 1,Udupi,"1,976",-2,Need to Check
1726039,40,"September 18, 2026","1,933","23,600",South 1,Udupi,"1,976",-2,Need to Check
1726039,50,"September 18, 2026","1,657","23,600",South 1,Udupi,"1,716",-2,Need to Check
1726039,83,"September 18, 2026","1,933","23,600",South 1,Udupi,"1,976",-2,Need to Check
1986521,21,"September 21, 2026","2,246","23,600",South 2,Yelagiri,"2,297",-2,Need to Check
1986521,22,"September 21, 2026","2,246","23,600",South 2,Yelagiri,"2,297",-2,Need to Check
1986521,23,"September 21, 2026","2,349","23,600",South 2,Yelagiri,"2,401",-2,Need to Check
1986521,24,"September 21, 2026","2,349","23,600",South 2,Yelagiri,"2,401",-2,Need to Check
1986521,39,"September 21, 2026","2,246","23,600",South 2,Yelagiri,"2,297",-2,Need to Check
1986521,40,"September 21, 2026","2,349","23,600",South 2,Yelagiri,"2,401",-2,Need to Check
1986521,83,"September 21, 2026","2,246","23,600",South 2,Yelagiri,"2,297",-2,Need to Check
2010412,21,"September 19, 2026","1,689","23,600",South 1,Wayanad,"1,746",-2,Need to Check
2010412,22,"September 19, 2026","1,689","23,600",South 1,Wayanad,"1,746",-2,Need to Check
2010412,23,"September 19, 2026","1,793","23,600",South 1,Wayanad,"1,844",-2,Need to Check
2010412,24,"September 19, 2026","1,793","23,600",South 1,Wayanad,"1,844",-2,Need to Check
2010412,39,"September 19, 2026","1,689","23,600",South 1,Wayanad,"1,746",-2,Need to Check
2010412,40,"September 19, 2026","1,793","23,600",South 1,Wayanad,"1,844",-2,Need to Check
2010412,83,"September 19, 2026","1,689","23,600",South 1,Wayanad,"1,746",-2,Need to Check
2013117,32,"September 16, 2026","2,654","23,600",South 1,Bangalore,"2,746",-2,Need to Check
2013117,33,"September 16, 2026","2,654","23,600",South 1,Bangalore,"2,746",-2,Need to Check
2013117,34,"September 16, 2026","2,654","23,600",South 1,Bangalore,"2,746",-2,Need to Check
2013117,35,"September 16, 2026","3,137","23,600",South 1,Bangalore,"3,229",-2,Need to Check
2013117,36,"September 16, 2026","3,137","23,600",South 1,Bangalore,"3,229",-2,Need to Check
2013949,17,"September 20, 2026","1,754","23,600",South 1,Bangalore,"1,809",-2,Need to Check
2013949,18,"September 20, 2026","1,754","23,600",South 1,Bangalore,"1,809",-2,Need to Check
2013949,19,"September 20, 2026","1,858","23,600",South 1,Bangalore,"1,914",-2,Need to Check
2013949,20,"September 20, 2026","1,858","23,600",South 1,Bangalore,"1,914",-2,Need to Check
2027305,21,"September 18, 2026","2,004","23,600",South 1,Mangalore,"2,072",-2,Need to Check
2027305,22,"September 18, 2026","2,004","23,600",South 1,Mangalore,"2,072",-2,Need to Check
2027305,23,"September 18, 2026","2,142","23,600",South 1,Mangalore,"2,202",-2,Need to Check
2027305,24,"September 18, 2026","2,142","23,600",South 1,Mangalore,"2,202",-2,Need to Check
2027305,25,"September 18, 2026","2,280","23,600",South 1,Mangalore,"2,332",-2,Need to Check
2027305,26,"September 18, 2026","2,280","23,600",South 1,Mangalore,"2,332",-2,Need to Check
2027305,29,"September 18, 2026","2,280","23,600",South 1,Mangalore,"2,332",-2,Need to Check
2027305,30,"September 18, 2026","2,280","23,600",South 1,Mangalore,"2,332",-2,Need to Check
2027305,31,"September 18, 2026","2,280","23,600",South 1,Mangalore,"2,332",-2,Need to Check
2027305,39,"September 18, 2026","2,004","23,600",South 1,Mangalore,"2,072",-2,Need to Check
2027305,40,"September 18, 2026","2,142","23,600",South 1,Mangalore,"2,202",-2,Need to Check
2027305,57,"September 18, 2026","2,280","23,600",South 1,Mangalore,"2,332",-2,Need to Check
2027305,83,"September 18, 2026","2,004","23,600",South 1,Mangalore,"2,072",-2,Need to Check
2027305,84,"September 18, 2026","2,142","23,600",South 1,Mangalore,"2,202",-2,Need to Check
2027305,89,"September 18, 2026","2,280","23,600",South 1,Mangalore,"2,332",-2,Need to Check
2027305,97,"September 18, 2026","2,004","23,600",South 1,Mangalore,"2,072",-2,Need to Check
2031596,21,"September 21, 2026","1,369","23,600",North 1,Udaipur,"1,413",-2,Need to Check
2031596,22,"September 21, 2026","1,369","23,600",North 1,Udaipur,"1,413",-2,Need to Check
2031596,23,"September 21, 2026","1,472","23,600",North 1,Udaipur,"1,511",-2,Need to Check
2031596,24,"September 21, 2026","1,472","23,600",North 1,Udaipur,"1,511",-2,Need to Check
2031596,39,"September 21, 2026","1,369","23,600",North 1,Udaipur,"1,413",-2,Need to Check
2031596,40,"September 21, 2026","1,472","23,600",North 1,Udaipur,"1,511",-2,Need to Check
2031596,83,"September 21, 2026","1,369","23,600",North 1,Udaipur,"1,413",-2,Need to Check
2046776,27,"September 19, 2026","2,413","23,600",South 1,Mysore,"2,494",-2,Need to Check
2046776,28,"September 19, 2026","2,413","23,600",South 1,Mysore,"2,494",-2,Need to Check
2051409,16,"September 22, 2026","1,930","23,600",West,Nashik,"1,989",-2,Need to Check
2051409,27,"September 21, 2026","2,565","23,600",West,Nashik,"2,639",-2,Need to Check
2051409,28,"September 21, 2026","2,565","23,600",West,Nashik,"2,639",-2,Need to Check
2052672,27,"September 20, 2026","2,160","23,600",North 1,Gurgaon,"2,228",-2,Need to Check
2052672,27,"September 21, 2026","2,160","23,600",North 1,Gurgaon,"2,228",-2,Need to Check
2052672,28,"September 20, 2026","2,160","23,600",North 1,Gurgaon,"2,228",-2,Need to Check
2052672,28,"September 21, 2026","2,160","23,600",North 1,Gurgaon,"2,228",-2,Need to Check
3721182,17,"September 21, 2026","1,316","23,600",North 1,New Delhi,"1,362",-2,Need to Check
3721182,18,"September 21, 2026","1,316","23,600",North 1,New Delhi,"1,362",-2,Need to Check
3721182,19,"September 21, 2026","1,385","23,600",North 1,New Delhi,"1,431",-2,Need to Check
3721182,20,"September 21, 2026","1,385","23,600",North 1,New Delhi,"1,431",-2,Need to Check
3721182,21,"September 21, 2026","1,454","23,600",North 1,New Delhi,"1,500",-2,Need to Check
3721182,22,"September 21, 2026","1,454","23,600",North 1,New Delhi,"1,500",-2,Need to Check
3721182,23,"September 21, 2026","1,523","23,600",North 1,New Delhi,"1,569",-2,Need to Check
3721182,24,"September 21, 2026","1,523","23,600",North 1,New Delhi,"1,569",-2,Need to Check
3721182,25,"September 21, 2026","1,316","23,600",North 1,New Delhi,"1,362",-2,Need to Check
3721182,26,"September 21, 2026","1,316","23,600",North 1,New Delhi,"1,362",-2,Need to Check
3721182,39,"September 21, 2026","1,454","23,600",North 1,New Delhi,"1,500",-2,Need to Check
3721182,40,"September 21, 2026","1,523","23,600",North 1,New Delhi,"1,569",-2,Need to Check
3721182,50,"September 21, 2026","1,316","23,600",North 1,New Delhi,"1,362",-2,Need to Check
3721182,83,"September 21, 2026","1,454","23,600",North 1,New Delhi,"1,500",-2,Need to Check
5000022,21,"September 19, 2026","1,736","20,000",South 1,Mangalore,"1,779",-2,Need to Check
5000022,22,"September 19, 2026","1,736","20,000",South 1,Mangalore,"1,779",-2,Need to Check
5000022,23,"September 18, 2026","2,057","20,000",South 1,Mangalore,"2,125",-2,Need to Check
5000022,23,"September 19, 2026","1,977","20,000",South 1,Mangalore,"2,021",-2,Need to Check
5000022,24,"September 18, 2026","2,057","20,000",South 1,Mangalore,"2,125",-2,Need to Check
5000022,24,"September 19, 2026","1,977","20,000",South 1,Mangalore,"2,021",-2,Need to Check
5000022,27,"September 18, 2026","2,437","20,000",South 1,Mangalore,"2,504",-2,Need to Check
5000022,27,"September 19, 2026","2,357","20,000",South 1,Mangalore,"2,426",-2,Need to Check
5000022,28,"September 18, 2026","2,437","20,000",South 1,Mangalore,"2,504",-2,Need to Check
5000022,28,"September 19, 2026","2,357","20,000",South 1,Mangalore,"2,426",-2,Need to Check
5000022,39,"September 19, 2026","1,736","20,000",South 1,Mangalore,"1,779",-2,Need to Check
5000022,40,"September 18, 2026","2,057","20,000",South 1,Mangalore,"2,125",-2,Need to Check
5000022,40,"September 19, 2026","1,977","20,000",South 1,Mangalore,"2,021",-2,Need to Check
5000022,83,"September 19, 2026","1,736","20,000",South 1,Mangalore,"1,779",-2,Need to Check
0003211,16,"September 26, 2026","1,610","23,600",North 1,Jaipur,"1,688",-3,Need to Check
0325023,17,"September 26, 2026","1,800","23,600",North 1,Jaipur,"1,880",-3,Need to Check
0325023,18,"September 26, 2026","1,800","23,600",North 1,Jaipur,"1,880",-3,Need to Check
0325023,19,"September 26, 2026","1,938","23,600",North 1,Jaipur,"2,010",-3,Need to Check
0325023,20,"September 26, 2026","1,938","23,600",North 1,Jaipur,"2,010",-3,Need to Check
0325023,50,"September 26, 2026","1,800","23,600",North 1,Jaipur,"1,880",-3,Need to Check
0327829,21,"September 26, 2026","1,214","23,600",North 1,Jaipur,"1,265",-3,Need to Check
0327829,22,"September 26, 2026","1,214","23,600",North 1,Jaipur,"1,265",-3,Need to Check
0327829,23,"September 26, 2026","1,283","23,600",North 1,Jaipur,"1,334",-3,Need to Check
0327829,24,"September 26, 2026","1,283","23,600",North 1,Jaipur,"1,334",-3,Need to Check
0327829,39,"September 26, 2026","1,214","23,600",North 1,Jaipur,"1,265",-3,Need to Check
0327829,40,"September 26, 2026","1,283","23,600",North 1,Jaipur,"1,334",-3,Need to Check
0327829,83,"September 26, 2026","1,214","23,600",North 1,Jaipur,"1,265",-3,Need to Check
0468785,25,"September 19, 2026","2,701","23,600",South 1,Mysore,"2,835",-3,Need to Check
0468785,26,"September 19, 2026","2,701","23,600",South 1,Mysore,"2,835",-3,Need to Check
0468785,27,"September 19, 2026","3,081","23,600",South 1,Mysore,"3,220",-3,Need to Check
0468785,28,"September 19, 2026","3,081","23,600",South 1,Mysore,"3,220",-3,Need to Check
1043825,21,"September 18, 2026","2,031","23,600",South 1,Wayanad,"2,114",-3,Need to Check
1043825,22,"September 18, 2026","2,031","23,600",South 1,Wayanad,"2,114",-3,Need to Check
1043825,23,"September 18, 2026","2,100","23,600",South 1,Wayanad,"2,179",-3,Need to Check
1043825,24,"September 18, 2026","2,100","23,600",South 1,Wayanad,"2,179",-3,Need to Check
1043825,35,"September 19, 2026","2,640","23,600",South 1,Wayanad,"2,764",-3,Need to Check
1043825,36,"September 19, 2026","2,640","23,600",South 1,Wayanad,"2,764",-3,Need to Check
1043825,39,"September 18, 2026","2,031","23,600",South 1,Wayanad,"2,114",-3,Need to Check
1043825,40,"September 18, 2026","2,100","23,600",South 1,Wayanad,"2,179",-3,Need to Check
1043825,83,"September 18, 2026","2,031","23,600",South 1,Wayanad,"2,114",-3,Need to Check
1104841,25,"September 17, 2026","1,379","27,848",North 2,Haridwar,"1,433",-3,Need to Check
1104841,25,"September 18, 2026","1,379","27,848",North 2,Haridwar,"1,433",-3,Need to Check
1104841,26,"September 17, 2026","1,379","27,848",North 2,Haridwar,"1,433",-3,Need to Check
1104841,26,"September 18, 2026","1,379","27,848",North 2,Haridwar,"1,433",-3,Need to Check
1126702,19,"September 19, 2026","2,821","23,600",North 2,Dehradun,"2,962",-3,Need to Check
1126702,19,"September 20, 2026","2,821","23,600",North 2,Dehradun,"2,962",-3,Need to Check
1126702,20,"September 19, 2026","2,821","23,600",North 2,Dehradun,"2,962",-3,Need to Check
1126702,20,"September 20, 2026","2,821","23,600",North 2,Dehradun,"2,962",-3,Need to Check
1126702,25,"September 19, 2026","3,304","23,600",North 2,Dehradun,"3,452",-3,Need to Check
1126702,25,"September 20, 2026","3,304","23,600",North 2,Dehradun,"3,452",-3,Need to Check
1126702,26,"September 19, 2026","3,304","23,600",North 2,Dehradun,"3,452",-3,Need to Check
1126702,26,"September 20, 2026","3,304","23,600",North 2,Dehradun,"3,452",-3,Need to Check
1126702,51,"September 19, 2026","2,821","23,600",North 2,Dehradun,"2,962",-3,Need to Check
1126702,51,"September 20, 2026","2,821","23,600",North 2,Dehradun,"2,962",-3,Need to Check
1148276,17,"September 18, 2026","2,667","20,000",South 1,Munnar,"2,773",-3,Need to Check
1148276,18,"September 18, 2026","2,667","20,000",South 1,Munnar,"2,773",-3,Need to Check
1148276,19,"September 18, 2026","2,667","20,000",South 1,Munnar,"2,773",-3,Need to Check
1148276,20,"September 18, 2026","2,667","20,000",South 1,Munnar,"2,773",-3,Need to Check
1148276,50,"September 18, 2026","2,667","20,000",South 1,Munnar,"2,773",-3,Need to Check
1148276,51,"September 18, 2026","2,667","20,000",South 1,Munnar,"2,773",-3,Need to Check
1148276,87,"September 18, 2026","2,667","20,000",South 1,Munnar,"2,773",-3,Need to Check
1166252,21,"September 19, 2026","1,999","23,600",South 1,Kochi,"2,098",-3,Need to Check
1166252,22,"September 19, 2026","1,999","23,600",South 1,Kochi,"2,098",-3,Need to Check
1166252,23,"September 19, 2026","2,206","23,600",South 1,Kochi,"2,305",-3,Need to Check
1166252,24,"September 19, 2026","2,206","23,600",South 1,Kochi,"2,305",-3,Need to Check
1166252,27,"September 19, 2026","2,551","23,600",South 1,Kochi,"2,650",-3,Need to Check
1166252,28,"September 19, 2026","2,551","23,600",South 1,Kochi,"2,650",-3,Need to Check
1166252,39,"September 19, 2026","1,999","23,600",South 1,Kochi,"2,098",-3,Need to Check
1166252,40,"September 19, 2026","2,206","23,600",South 1,Kochi,"2,305",-3,Need to Check
1166252,83,"September 19, 2026","1,999","23,600",South 1,Kochi,"2,098",-3,Need to Check
1205898,27,"September 15, 2026","2,062","23,600",North 2,Prayagraj,"2,140",-3,Need to Check
1205898,28,"September 15, 2026","2,062","23,600",North 2,Prayagraj,"2,140",-3,Need to Check
1205898,32,"September 15, 2026","2,027","23,600",North 2,Prayagraj,"2,108",-3,Need to Check
1205898,33,"September 15, 2026","2,027","23,600",North 2,Prayagraj,"2,108",-3,Need to Check
1205898,34,"September 15, 2026","2,027","23,600",North 2,Prayagraj,"2,108",-3,Need to Check
1205898,58,"September 15, 2026","2,027","23,600",North 2,Prayagraj,"2,108",-3,Need to Check
1256474,17,"September 21, 2026","1,162","23,600",South 2,Pondicherry,"1,213",-3,Need to Check
1256474,18,"September 21, 2026","1,162","23,600",South 2,Pondicherry,"1,213",-3,Need to Check
1256474,19,"September 21, 2026","1,265","23,600",South 2,Pondicherry,"1,316",-3,Need to Check
1256474,21,"September 21, 2026","1,300","23,600",South 2,Pondicherry,"1,351",-3,Need to Check
1256474,22,"September 21, 2026","1,300","23,600",South 2,Pondicherry,"1,351",-3,Need to Check
1256474,23,"September 21, 2026","1,403","23,600",South 2,Pondicherry,"1,460",-3,Need to Check
1256474,24,"September 21, 2026","1,403","23,600",South 2,Pondicherry,"1,460",-3,Need to Check
1256474,39,"September 21, 2026","1,300","23,600",South 2,Pondicherry,"1,351",-3,Need to Check
1257158,19,"September 22, 2026","1,518","23,600",South 2,Puducherry,"1,590",-3,Need to Check
1257158,19,"September 23, 2026","1,518","23,600",South 2,Puducherry,"1,590",-3,Need to Check
1257158,19,"September 24, 2026","1,518","23,600",South 2,Puducherry,"1,590",-3,Need to Check
1257158,20,"September 22, 2026","1,518","23,600",South 2,Puducherry,"1,590",-3,Need to Check
1257158,20,"September 23, 2026","1,518","23,600",South 2,Puducherry,"1,590",-3,Need to Check
1257158,20,"September 24, 2026","1,518","23,600",South 2,Puducherry,"1,590",-3,Need to Check
1257158,21,"September 22, 2026","1,623","23,600",South 2,Puducherry,"1,689",-3,Need to Check
1257158,21,"September 23, 2026","1,623","23,600",South 2,Puducherry,"1,689",-3,Need to Check
1257158,21,"September 24, 2026","1,623","23,600",South 2,Puducherry,"1,689",-3,Need to Check
1257158,22,"September 22, 2026","1,623","23,600",South 2,Puducherry,"1,689",-3,Need to Check
1257158,22,"September 23, 2026","1,623","23,600",South 2,Puducherry,"1,689",-3,Need to Check
1257158,22,"September 24, 2026","1,623","23,600",South 2,Puducherry,"1,689",-3,Need to Check
1257158,25,"September 24, 2026","1,380","23,600",South 2,Puducherry,"1,443",-3,Need to Check
1257158,26,"September 24, 2026","1,380","23,600",South 2,Puducherry,"1,443",-3,Need to Check
1257158,39,"September 22, 2026","1,623","23,600",South 2,Puducherry,"1,689",-3,Need to Check
1257158,39,"September 23, 2026","1,623","23,600",South 2,Puducherry,"1,689",-3,Need to Check
1257158,39,"September 24, 2026","1,623","23,600",South 2,Puducherry,"1,689",-3,Need to Check
1257158,51,"September 22, 2026","1,518","23,600",South 2,Puducherry,"1,590",-3,Need to Check
1257158,51,"September 23, 2026","1,518","23,600",South 2,Puducherry,"1,590",-3,Need to Check
1257158,51,"September 24, 2026","1,518","23,600",South 2,Puducherry,"1,590",-3,Need to Check
1257158,83,"September 22, 2026","1,623","23,600",South 2,Puducherry,"1,689",-3,Need to Check
1257158,83,"September 23, 2026","1,623","23,600",South 2,Puducherry,"1,689",-3,Need to Check
1257158,83,"September 24, 2026","1,623","23,600",South 2,Puducherry,"1,689",-3,Need to Check
1322829,19,"September 27, 2026","1,530","20,000",North 1,Jaipur,"1,599",-3,Need to Check
1322829,19,"September 28, 2026","1,530","20,000",North 1,Jaipur,"1,599",-3,Need to Check
1322829,19,"September 29, 2026","1,530","20,000",North 1,Jaipur,"1,599",-3,Need to Check
1322829,20,"September 27, 2026","1,530","20,000",North 1,Jaipur,"1,599",-3,Need to Check
1322829,20,"September 28, 2026","1,530","20,000",North 1,Jaipur,"1,599",-3,Need to Check
1322829,20,"September 29, 2026","1,530","20,000",North 1,Jaipur,"1,599",-3,Need to Check
1322829,21,"September 27, 2026","1,530","20,000",North 1,Jaipur,"1,599",-3,Need to Check
1322829,21,"September 28, 2026","1,530","20,000",North 1,Jaipur,"1,599",-3,Need to Check
1322829,21,"September 29, 2026","1,530","20,000",North 1,Jaipur,"1,599",-3,Need to Check
1322829,22,"September 27, 2026","1,530","20,000",North 1,Jaipur,"1,599",-3,Need to Check
1322829,22,"September 28, 2026","1,530","20,000",North 1,Jaipur,"1,599",-3,Need to Check
1322829,22,"September 29, 2026","1,530","20,000",North 1,Jaipur,"1,599",-3,Need to Check
1322829,23,"September 26, 2026","1,736","20,000",North 1,Jaipur,"1,805",-3,Need to Check
1322829,24,"September 26, 2026","1,736","20,000",North 1,Jaipur,"1,805",-3,Need to Check
1322829,39,"September 27, 2026","1,530","20,000",North 1,Jaipur,"1,599",-3,Need to Check
1322829,39,"September 28, 2026","1,530","20,000",North 1,Jaipur,"1,599",-3,Need to Check
1322829,39,"September 29, 2026","1,530","20,000",North 1,Jaipur,"1,599",-3,Need to Check
1322829,40,"September 26, 2026","1,736","20,000",North 1,Jaipur,"1,805",-3,Need to Check
1322829,83,"September 27, 2026","1,530","20,000",North 1,Jaipur,"1,599",-3,Need to Check
1322829,83,"September 28, 2026","1,530","20,000",North 1,Jaipur,"1,599",-3,Need to Check
1322829,83,"September 29, 2026","1,530","20,000",North 1,Jaipur,"1,599",-3,Need to Check
1391921,17,"September 21, 2026","1,053","23,600",North 1,Ahmedabad,"1,095",-3,Need to Check
1391921,18,"September 21, 2026","1,053","23,600",North 1,Ahmedabad,"1,095",-3,Need to Check
1391921,19,"September 21, 2026","1,157","23,600",North 1,Ahmedabad,"1,199",-3,Need to Check
1391921,20,"September 21, 2026","1,157","23,600",North 1,Ahmedabad,"1,199",-3,Need to Check
1391921,50,"September 21, 2026","1,053","23,600",North 1,Ahmedabad,"1,095",-3,Need to Check
1393411,19,"September 20, 2026","1,818","23,600",North 1,Ahmedabad,"1,890",-3,Need to Check
1393411,20,"September 20, 2026","1,818","23,600",North 1,Ahmedabad,"1,890",-3,Need to Check
1393411,21,"September 20, 2026","1,887","23,600",North 1,Ahmedabad,"1,955",-3,Need to Check
1393411,22,"September 20, 2026","1,887","23,600",North 1,Ahmedabad,"1,955",-3,Need to Check
1393411,39,"September 20, 2026","1,887","23,600",North 1,Ahmedabad,"1,955",-3,Need to Check
1393411,51,"September 20, 2026","1,818","23,600",North 1,Ahmedabad,"1,890",-3,Need to Check
1393411,83,"September 20, 2026","1,887","23,600",North 1,Ahmedabad,"1,955",-3,Need to Check
1395021,27,"September 21, 2026","2,283","23,600",North 1,Ahmedabad,"2,388",-3,Need to Check
1395021,28,"September 21, 2026","2,283","23,600",North 1,Ahmedabad,"2,388",-3,Need to Check
1395021,41,"September 21, 2026","2,283","23,600",North 1,Ahmedabad,"2,388",-3,Need to Check
1395021,45,"September 21, 2026","2,628","23,600",North 1,Ahmedabad,"2,733",-3,Need to Check
1395021,46,"September 21, 2026","2,628","23,600",North 1,Ahmedabad,"2,733",-3,Need to Check
1433791,17,"September 19, 2026","2,524","23,600",North 1,Noida,"2,647",-3,Need to Check
1433791,18,"September 19, 2026","2,524","23,600",North 1,Noida,"2,647",-3,Need to Check
1433791,19,"September 19, 2026","2,731","23,600",North 1,Noida,"2,842",-3,Need to Check
1433791,20,"September 19, 2026","2,731","23,600",North 1,Noida,"2,842",-3,Need to Check
1433791,21,"September 19, 2026","2,731","23,600",North 1,Noida,"2,842",-3,Need to Check
1433791,22,"September 19, 2026","2,731","23,600",North 1,Noida,"2,842",-3,Need to Check
1433791,39,"September 19, 2026","2,731","23,600",North 1,Noida,"2,842",-3,Need to Check
1433791,50,"September 19, 2026","2,524","23,600",North 1,Noida,"2,647",-3,Need to Check
1433791,51,"September 19, 2026","2,731","23,600",North 1,Noida,"2,842",-3,Need to Check
1433791,83,"September 19, 2026","2,731","23,600",North 1,Noida,"2,842",-3,Need to Check
1433791,87,"September 19, 2026","2,524","23,600",North 1,Noida,"2,647",-3,Need to Check
1437251,17,"November 10, 2026","1,462","23,600",North 1,Noida,"1,530",-3,Need to Check
1437251,17,"November 11, 2026","1,462","23,600",North 1,Noida,"1,530",-3,Need to Check
1437251,17,"November 12, 2026","1,462","23,600",North 1,Noida,"1,530",-3,Need to Check
1437251,18,"November 10, 2026","1,462","23,600",North 1,Noida,"1,530",-3,Need to Check
1437251,18,"November 11, 2026","1,462","23,600",North 1,Noida,"1,530",-3,Need to Check
1437251,18,"November 12, 2026","1,462","23,600",North 1,Noida,"1,530",-3,Need to Check
1437251,19,"November 10, 2026","1,531","23,600",North 1,Noida,"1,595",-3,Need to Check
1437251,19,"November 11, 2026","1,531","23,600",North 1,Noida,"1,595",-3,Need to Check
1437251,19,"November 12, 2026","1,531","23,600",North 1,Noida,"1,595",-3,Need to Check
1437251,20,"November 10, 2026","1,531","23,600",North 1,Noida,"1,595",-3,Need to Check
1437251,20,"November 11, 2026","1,531","23,600",North 1,Noida,"1,595",-3,Need to Check
1437251,20,"November 12, 2026","1,531","23,600",North 1,Noida,"1,595",-3,Need to Check
1437251,35,"October 17, 2026","2,208","23,600",North 1,Noida,"2,310",-3,Need to Check
1437251,35,"October 18, 2026","2,208","23,600",North 1,Noida,"2,310",-3,Need to Check
1437251,35,"October 19, 2026","2,208","23,600",North 1,Noida,"2,310",-3,Need to Check
1437251,35,"October 20, 2026","2,208","23,600",North 1,Noida,"2,310",-3,Need to Check
1437251,35,"October 21, 2026","2,208","23,600",North 1,Noida,"2,310",-3,Need to Check
1437251,35,"October 22, 2026","2,208","23,600",North 1,Noida,"2,310",-3,Need to Check
1437251,35,"October 23, 2026","2,208","23,600",North 1,Noida,"2,310",-3,Need to Check
1437251,35,"October 24, 2026","2,208","23,600",North 1,Noida,"2,310",-3,Need to Check
1437251,35,"October 26, 2026","2,208","23,600",North 1,Noida,"2,310",-3,Need to Check
1437251,35,"October 27, 2026","2,208","23,600",North 1,Noida,"2,310",-3,Need to Check
1437251,35,"October 28, 2026","2,208","23,600",North 1,Noida,"2,310",-3,Need to Check
1437251,35,"October 29, 2026","2,208","23,600",North 1,Noida,"2,310",-3,Need to Check
1437251,35,"October 30, 2026","2,208","23,600",North 1,Noida,"2,310",-3,Need to Check
1437251,35,"October 31, 2026","2,208","23,600",North 1,Noida,"2,310",-3,Need to Check
1437251,35,"November 1, 2026","2,208","23,600",North 1,Noida,"2,310",-3,Need to Check
1437251,35,"November 2, 2026","2,208","23,600",North 1,Noida,"2,310",-3,Need to Check
1437251,35,"November 3, 2026","2,208","23,600",North 1,Noida,"2,310",-3,Need to Check
1437251,35,"November 4, 2026","2,208","23,600",North 1,Noida,"2,310",-3,Need to Check
1437251,35,"November 5, 2026","2,208","23,600",North 1,Noida,"2,310",-3,Need to Check
1437251,35,"November 6, 2026","2,208","23,600",North 1,Noida,"2,310",-3,Need to Check
1437251,35,"November 7, 2026","2,208","23,600",North 1,Noida,"2,310",-3,Need to Check
1437251,35,"November 8, 2026","2,208","23,600",North 1,Noida,"2,310",-3,Need to Check
1437251,35,"November 9, 2026","2,208","23,600",North 1,Noida,"2,310",-3,Need to Check
1437251,35,"November 13, 2026","2,208","23,600",North 1,Noida,"2,310",-3,Need to Check
1437251,35,"November 14, 2026","2,208","23,600",North 1,Noida,"2,310",-3,Need to Check
1437251,35,"November 15, 2026","2,208","23,600",North 1,Noida,"2,310",-3,Need to Check
1437251,35,"November 16, 2026","2,208","23,600",North 1,Noida,"2,310",-3,Need to Check
1437251,35,"November 17, 2026","2,208","23,600",North 1,Noida,"2,310",-3,Need to Check
1437251,35,"November 18, 2026","2,208","23,600",North 1,Noida,"2,310",-3,Need to Check
1437251,35,"November 19, 2026","2,208","23,600",North 1,Noida,"2,310",-3,Need to Check
1437251,35,"November 29, 2026","2,208","23,600",North 1,Noida,"2,310",-3,Need to Check
1437251,35,"November 30, 2026","2,208","23,600",North 1,Noida,"2,310",-3,Need to Check
1437251,35,"December 1, 2026","2,208","23,600",North 1,Noida,"2,310",-3,Need to Check
1437251,35,"December 7, 2026","2,208","23,600",North 1,Noida,"2,310",-3,Need to Check
1437251,35,"December 8, 2026","2,208","23,600",North 1,Noida,"2,310",-3,Need to Check
1437251,35,"December 9, 2026","2,208","23,600",North 1,Noida,"2,310",-3,Need to Check
1437251,35,"December 10, 2026","2,208","23,600",North 1,Noida,"2,310",-3,Need to Check
1437251,35,"December 13, 2026","2,208","23,600",North 1,Noida,"2,310",-3,Need to Check
1437251,35,"December 14, 2026","2,208","23,600",North 1,Noida,"2,310",-3,Need to Check
1437251,36,"October 17, 2026","2,208","23,600",North 1,Noida,"2,310",-3,Need to Check
1437251,36,"October 18, 2026","2,208","23,600",North 1,Noida,"2,310",-3,Need to Check
1437251,36,"October 19, 2026","2,208","23,600",North 1,Noida,"2,310",-3,Need to Check
1437251,36,"October 20, 2026","2,208","23,600",North 1,Noida,"2,310",-3,Need to Check
1437251,36,"October 21, 2026","2,208","23,600",North 1,Noida,"2,310",-3,Need to Check
1437251,36,"October 22, 2026","2,208","23,600",North 1,Noida,"2,310",-3,Need to Check
1437251,36,"October 23, 2026","2,208","23,600",North 1,Noida,"2,310",-3,Need to Check
1437251,36,"October 24, 2026","2,208","23,600",North 1,Noida,"2,310",-3,Need to Check
1437251,36,"October 26, 2026","2,208","23,600",North 1,Noida,"2,310",-3,Need to Check
1437251,36,"October 27, 2026","2,208","23,600",North 1,Noida,"2,310",-3,Need to Check
1437251,36,"October 28, 2026","2,208","23,600",North 1,Noida,"2,310",-3,Need to Check
1437251,36,"October 29, 2026","2,208","23,600",North 1,Noida,"2,310",-3,Need to Check
1437251,36,"October 30, 2026","2,208","23,600",North 1,Noida,"2,310",-3,Need to Check
1437251,36,"October 31, 2026","2,208","23,600",North 1,Noida,"2,310",-3,Need to Check
1437251,36,"November 1, 2026","2,208","23,600",North 1,Noida,"2,310",-3,Need to Check
1437251,36,"November 2, 2026","2,208","23,600",North 1,Noida,"2,310",-3,Need to Check
1437251,36,"November 3, 2026","2,208","23,600",North 1,Noida,"2,310",-3,Need to Check
1437251,36,"November 4, 2026","2,208","23,600",North 1,Noida,"2,310",-3,Need to Check
1437251,36,"November 5, 2026","2,208","23,600",North 1,Noida,"2,310",-3,Need to Check
1437251,36,"November 6, 2026","2,208","23,600",North 1,Noida,"2,310",-3,Need to Check
1437251,36,"November 7, 2026","2,208","23,600",North 1,Noida,"2,310",-3,Need to Check
1437251,36,"November 8, 2026","2,208","23,600",North 1,Noida,"2,310",-3,Need to Check
1437251,36,"November 9, 2026","2,208","23,600",North 1,Noida,"2,310",-3,Need to Check
1437251,36,"November 13, 2026","2,208","23,600",North 1,Noida,"2,310",-3,Need to Check
1437251,36,"November 14, 2026","2,208","23,600",North 1,Noida,"2,310",-3,Need to Check
1437251,36,"November 15, 2026","2,208","23,600",North 1,Noida,"2,310",-3,Need to Check
1437251,36,"November 16, 2026","2,208","23,600",North 1,Noida,"2,310",-3,Need to Check
1437251,36,"November 17, 2026","2,208","23,600",North 1,Noida,"2,310",-3,Need to Check
1437251,36,"November 18, 2026","2,208","23,600",North 1,Noida,"2,310",-3,Need to Check
1437251,36,"November 19, 2026","2,208","23,600",North 1,Noida,"2,310",-3,Need to Check
1437251,36,"November 29, 2026","2,208","23,600",North 1,Noida,"2,310",-3,Need to Check
1437251,36,"November 30, 2026","2,208","23,600",North 1,Noida,"2,310",-3,Need to Check
1437251,36,"December 1, 2026","2,208","23,600",North 1,Noida,"2,310",-3,Need to Check
1437251,36,"December 7, 2026","2,208","23,600",North 1,Noida,"2,310",-3,Need to Check
1437251,36,"December 8, 2026","2,208","23,600",North 1,Noida,"2,310",-3,Need to Check
1437251,36,"December 9, 2026","2,208","23,600",North 1,Noida,"2,310",-3,Need to Check
1437251,36,"December 10, 2026","2,208","23,600",North 1,Noida,"2,310",-3,Need to Check
1437251,36,"December 13, 2026","2,208","23,600",North 1,Noida,"2,310",-3,Need to Check
1437251,36,"December 14, 2026","2,208","23,600",North 1,Noida,"2,310",-3,Need to Check
1437251,50,"November 10, 2026","1,462","23,600",North 1,Noida,"1,530",-3,Need to Check
1437251,50,"November 11, 2026","1,462","23,600",North 1,Noida,"1,530",-3,Need to Check
1437251,50,"November 12, 2026","1,462","23,600",North 1,Noida,"1,530",-3,Need to Check
1438370,19,"September 21, 2026","1,274","23,600",North 1,Noida,"1,323",-3,Need to Check
1438370,20,"September 21, 2026","1,274","23,600",North 1,Noida,"1,323",-3,Need to Check
1438370,21,"September 21, 2026","1,464","23,600",North 1,Noida,"1,530",-3,Need to Check
1438370,22,"September 21, 2026","1,464","23,600",North 1,Noida,"1,530",-3,Need to Check
1438370,23,"September 21, 2026","1,550","23,600",North 1,Noida,"1,617",-3,Need to Check
1438370,24,"September 21, 2026","1,550","23,600",North 1,Noida,"1,617",-3,Need to Check
1438370,39,"September 21, 2026","1,464","23,600",North 1,Noida,"1,530",-3,Need to Check
1438370,40,"September 21, 2026","1,550","23,600",North 1,Noida,"1,617",-3,Need to Check
1438370,83,"September 21, 2026","1,464","23,600",North 1,Noida,"1,530",-3,Need to Check
1442173,17,"September 20, 2026","1,465","23,600",South 1,Ooty,"1,527",-3,Need to Check
1442173,18,"September 20, 2026","1,465","23,600",South 1,Ooty,"1,527",-3,Need to Check
1442173,18,"September 20, 2026","1,465","23,600",South 1,Ooty,"1,527",-3,Need to Check
1442173,19,"September 20, 2026","1,465","23,600",South 1,Ooty,"1,527",-3,Need to Check
1442173,19,"September 20, 2026","1,465","23,600",South 1,Ooty,"1,527",-3,Need to Check
1442173,20,"September 20, 2026","1,465","23,600",South 1,Ooty,"1,527",-3,Need to Check
1442173,20,"September 20, 2026","1,465","23,600",South 1,Ooty,"1,527",-3,Need to Check
1442173,25,"September 20, 2026","1,465","23,600",South 1,Ooty,"1,527",-3,Need to Check
1442173,25,"September 20, 2026","1,465","23,600",South 1,Ooty,"1,527",-3,Need to Check
1442173,26,"September 20, 2026","1,465","23,600",South 1,Ooty,"1,527",-3,Need to Check
1442173,26,"September 20, 2026","1,465","23,600",South 1,Ooty,"1,527",-3,Need to Check
1442173,50,"September 20, 2026","1,465","23,600",South 1,Ooty,"1,527",-3,Need to Check
1446609,35,"September 20, 2026","2,549","23,600",South 1,Ooty,"2,650",-3,Need to Check
1446609,36,"September 20, 2026","2,549","23,600",South 1,Ooty,"2,650",-3,Need to Check
1446609,37,"September 20, 2026","2,549","23,600",South 1,Ooty,"2,650",-3,Need to Check
1453534,21,"September 21, 2026","2,172","23,600",South 2,Tirupati,"2,251",-3,Need to Check
1453534,21,"September 22, 2026","2,172","23,600",South 2,Tirupati,"2,251",-3,Need to Check
1453534,22,"September 21, 2026","2,172","23,600",South 2,Tirupati,"2,251",-3,Need to Check
1453534,22,"September 22, 2026","2,172","23,600",South 2,Tirupati,"2,251",-3,Need to Check
1453534,27,"September 23, 2026","2,793","23,600",South 2,Tirupati,"2,901",-3,Need to Check
1453534,28,"September 23, 2026","2,793","23,600",South 2,Tirupati,"2,901",-3,Need to Check
1453534,39,"September 21, 2026","2,172","23,600",South 2,Tirupati,"2,251",-3,Need to Check
1453534,39,"September 22, 2026","2,172","23,600",South 2,Tirupati,"2,251",-3,Need to Check
1453534,83,"September 21, 2026","2,172","23,600",South 2,Tirupati,"2,251",-3,Need to Check
1453534,83,"September 22, 2026","2,172","23,600",South 2,Tirupati,"2,251",-3,Need to Check
1462197,17,"September 19, 2026","1,384","23,600",South 1,Mysore,"1,443",-3,Need to Check
1462197,18,"September 19, 2026","1,384","23,600",South 1,Mysore,"1,443",-3,Need to Check
1462197,19,"September 19, 2026","1,488","23,600",South 1,Mysore,"1,546",-3,Need to Check
1462197,20,"September 19, 2026","1,488","23,600",South 1,Mysore,"1,546",-3,Need to Check
1462197,50,"September 19, 2026","1,384","23,600",South 1,Mysore,"1,443",-3,Need to Check
1463190,17,"September 19, 2026","1,524","23,600",South 1,Mysore,"1,580",-3,Need to Check
1463190,18,"September 19, 2026","1,524","23,600",South 1,Mysore,"1,580",-3,Need to Check
1463190,19,"September 19, 2026","1,558","23,600",South 1,Mysore,"1,615",-3,Need to Check
1463190,20,"September 19, 2026","1,558","23,600",South 1,Mysore,"1,615",-3,Need to Check
1463190,50,"September 19, 2026","1,524","23,600",South 1,Mysore,"1,580",-3,Need to Check
1464454,27,"September 18, 2026","2,852","23,600",South 1,Mysore,"2,967",-3,Need to Check
1464454,27,"September 19, 2026","2,852","23,600",South 1,Mysore,"2,967",-3,Need to Check
1464454,28,"September 18, 2026","2,852","23,600",South 1,Mysore,"2,967",-3,Need to Check
1464454,28,"September 19, 2026","2,852","23,600",South 1,Mysore,"2,967",-3,Need to Check
1466884,19,"September 18, 2026","1,633","23,600",South 1,Mysore,"1,711",-3,Need to Check
1466884,20,"September 18, 2026","1,633","23,600",South 1,Mysore,"1,711",-3,Need to Check
1466884,21,"September 18, 2026","1,771","23,600",South 1,Mysore,"1,851",-3,Need to Check
1466884,22,"September 18, 2026","1,771","23,600",South 1,Mysore,"1,851",-3,Need to Check
1466884,23,"September 18, 2026","1,909","23,600",South 1,Mysore,"1,991",-3,Need to Check
1466884,24,"September 18, 2026","1,909","23,600",South 1,Mysore,"1,991",-3,Need to Check
1466884,27,"September 18, 2026","2,254","23,600",South 1,Mysore,"2,341",-3,Need to Check
1466884,28,"September 18, 2026","2,254","23,600",South 1,Mysore,"2,341",-3,Need to Check
1466884,39,"September 18, 2026","1,771","23,600",South 1,Mysore,"1,851",-3,Need to Check
1466884,40,"September 18, 2026","1,909","23,600",South 1,Mysore,"1,991",-3,Need to Check
1466884,83,"September 18, 2026","1,771","23,600",South 1,Mysore,"1,851",-3,Need to Check
1472508,21,"September 19, 2026","1,666","23,600",South 1,Coorg,"1,734",-3,Need to Check
1472508,22,"September 19, 2026","1,666","23,600",South 1,Coorg,"1,734",-3,Need to Check
1472508,23,"September 19, 2026","1,666","23,600",South 1,Coorg,"1,734",-3,Need to Check
1472508,24,"September 19, 2026","1,666","23,600",South 1,Coorg,"1,734",-3,Need to Check
1472508,39,"September 19, 2026","1,666","23,600",South 1,Coorg,"1,734",-3,Need to Check
1472508,40,"September 19, 2026","1,666","23,600",South 1,Coorg,"1,734",-3,Need to Check
1472508,83,"September 19, 2026","1,666","23,600",South 1,Coorg,"1,734",-3,Need to Check
1472508,84,"September 19, 2026","1,666","23,600",South 1,Coorg,"1,734",-3,Need to Check
1472508,97,"September 19, 2026","1,666","23,600",South 1,Coorg,"1,734",-3,Need to Check
1472544,25,"September 19, 2026","1,344","23,600",South 1,Coorg,"1,410",-3,Need to Check
1472544,26,"September 19, 2026","1,344","23,600",South 1,Coorg,"1,410",-3,Need to Check
1472544,45,"September 18, 2026","1,622","23,600",South 1,Coorg,"1,700",-3,Need to Check
1472544,45,"September 19, 2026","1,551","23,600",South 1,Coorg,"1,617",-3,Need to Check
1472544,46,"September 18, 2026","1,622","23,600",South 1,Coorg,"1,700",-3,Need to Check
1472544,46,"September 19, 2026","1,551","23,600",South 1,Coorg,"1,617",-3,Need to Check
1473477,25,"September 18, 2026","1,682","23,600",South 1,Coorg,"1,743",-3,Need to Check
1473477,26,"September 18, 2026","1,682","23,600",South 1,Coorg,"1,743",-3,Need to Check
1476116,21,"September 18, 2026","1,750","23,600",South 1,Coorg,"1,830",-3,Need to Check
1476116,22,"September 18, 2026","1,750","23,600",South 1,Coorg,"1,830",-3,Need to Check
1476116,23,"September 18, 2026","1,922","23,600",South 1,Coorg,"2,003",-3,Need to Check
1476116,24,"September 18, 2026","1,922","23,600",South 1,Coorg,"2,003",-3,Need to Check
1476116,25,"September 18, 2026","2,164","23,600",South 1,Coorg,"2,244",-3,Need to Check
1476116,26,"September 18, 2026","2,164","23,600",South 1,Coorg,"2,244",-3,Need to Check
1476116,39,"September 18, 2026","1,750","23,600",South 1,Coorg,"1,830",-3,Need to Check
1476116,40,"September 18, 2026","1,922","23,600",South 1,Coorg,"2,003",-3,Need to Check
1476116,83,"September 18, 2026","1,750","23,600",South 1,Coorg,"1,830",-3,Need to Check
1476116,84,"September 18, 2026","1,922","23,600",South 1,Coorg,"2,003",-3,Need to Check
1476116,97,"September 18, 2026","1,750","23,600",South 1,Coorg,"1,830",-3,Need to Check
1505657,17,"September 18, 2026","2,315","23,600",West,Pune,"2,418",-3,Need to Check
1505657,17,"September 19, 2026","2,315","23,600",West,Pune,"2,418",-3,Need to Check
1505657,17,"September 20, 2026","2,315","23,600",West,Pune,"2,418",-3,Need to Check
1505657,18,"September 18, 2026","2,315","23,600",West,Pune,"2,418",-3,Need to Check
1505657,18,"September 19, 2026","2,315","23,600",West,Pune,"2,418",-3,Need to Check
1505657,18,"September 20, 2026","2,315","23,600",West,Pune,"2,418",-3,Need to Check
1505657,27,"September 21, 2026","3,497","23,600",West,Pune,"3,653",-3,Need to Check
1505657,28,"September 21, 2026","3,497","23,600",West,Pune,"3,653",-3,Need to Check
1505657,50,"September 18, 2026","2,315","23,600",West,Pune,"2,418",-3,Need to Check
1505657,50,"September 19, 2026","2,315","23,600",West,Pune,"2,418",-3,Need to Check
1505657,50,"September 20, 2026","2,315","23,600",West,Pune,"2,418",-3,Need to Check
1711113,21,"September 26, 2026","1,620","23,600",North 1,Faridabad,"1,699",-3,Need to Check
1711113,21,"September 27, 2026","1,620","23,600",North 1,Faridabad,"1,699",-3,Need to Check
1711113,21,"September 28, 2026","1,620","23,600",North 1,Faridabad,"1,699",-3,Need to Check
1711113,21,"September 29, 2026","1,620","23,600",North 1,Faridabad,"1,699",-3,Need to Check
1711113,22,"September 26, 2026","1,620","23,600",North 1,Faridabad,"1,699",-3,Need to Check
1711113,22,"September 27, 2026","1,620","23,600",North 1,Faridabad,"1,699",-3,Need to Check
1711113,22,"September 28, 2026","1,620","23,600",North 1,Faridabad,"1,699",-3,Need to Check
1711113,22,"September 29, 2026","1,620","23,600",North 1,Faridabad,"1,699",-3,Need to Check
1711113,23,"September 26, 2026","1,827","23,600",North 1,Faridabad,"1,894",-3,Need to Check
1711113,23,"September 27, 2026","1,827","23,600",North 1,Faridabad,"1,894",-3,Need to Check
1711113,23,"September 28, 2026","1,827","23,600",North 1,Faridabad,"1,894",-3,Need to Check
1711113,23,"September 29, 2026","1,827","23,600",North 1,Faridabad,"1,894",-3,Need to Check
1711113,24,"September 26, 2026","1,827","23,600",North 1,Faridabad,"1,894",-3,Need to Check
1711113,24,"September 27, 2026","1,827","23,600",North 1,Faridabad,"1,894",-3,Need to Check
1711113,24,"September 28, 2026","1,827","23,600",North 1,Faridabad,"1,894",-3,Need to Check
1711113,24,"September 29, 2026","1,827","23,600",North 1,Faridabad,"1,894",-3,Need to Check
1711113,39,"September 26, 2026","1,620","23,600",North 1,Faridabad,"1,699",-3,Need to Check
1711113,39,"September 27, 2026","1,620","23,600",North 1,Faridabad,"1,699",-3,Need to Check
1711113,39,"September 28, 2026","1,620","23,600",North 1,Faridabad,"1,699",-3,Need to Check
1711113,39,"September 29, 2026","1,620","23,600",North 1,Faridabad,"1,699",-3,Need to Check
1711113,40,"September 26, 2026","1,827","23,600",North 1,Faridabad,"1,894",-3,Need to Check
1711113,40,"September 27, 2026","1,827","23,600",North 1,Faridabad,"1,894",-3,Need to Check
1711113,40,"September 28, 2026","1,827","23,600",North 1,Faridabad,"1,894",-3,Need to Check
1711113,40,"September 29, 2026","1,827","23,600",North 1,Faridabad,"1,894",-3,Need to Check
1711113,83,"September 26, 2026","1,620","23,600",North 1,Faridabad,"1,699",-3,Need to Check
1711113,83,"September 27, 2026","1,620","23,600",North 1,Faridabad,"1,699",-3,Need to Check
1711113,83,"September 28, 2026","1,620","23,600",North 1,Faridabad,"1,699",-3,Need to Check
1711113,83,"September 29, 2026","1,620","23,600",North 1,Faridabad,"1,699",-3,Need to Check
2010412,17,"September 20, 2026","1,261","23,600",South 1,Wayanad,"1,314",-3,Need to Check
2010412,18,"September 20, 2026","1,261","23,600",South 1,Wayanad,"1,314",-3,Need to Check
2010412,19,"September 20, 2026","1,330","23,600",South 1,Wayanad,"1,379",-3,Need to Check
2010412,20,"September 20, 2026","1,330","23,600",South 1,Wayanad,"1,379",-3,Need to Check
2010412,50,"September 20, 2026","1,261","23,600",South 1,Wayanad,"1,314",-3,Need to Check
2011068,17,"September 17, 2026","1,700","23,600",South 1,Bangalore,"1,783",-3,Need to Check
2011068,17,"September 18, 2026","1,697","23,600",South 1,Bangalore,"1,783",-3,Need to Check
2011068,17,"September 19, 2026","1,697","23,600",South 1,Bangalore,"1,783",-3,Need to Check
2011068,18,"September 17, 2026","1,700","23,600",South 1,Bangalore,"1,783",-3,Need to Check
2011068,18,"September 18, 2026","1,697","23,600",South 1,Bangalore,"1,783",-3,Need to Check
2011068,18,"September 19, 2026","1,697","23,600",South 1,Bangalore,"1,783",-3,Need to Check
2011068,19,"September 17, 2026","1,838","23,600",South 1,Bangalore,"1,921",-3,Need to Check
2011068,19,"September 18, 2026","1,835","23,600",South 1,Bangalore,"1,921",-3,Need to Check
2011068,19,"September 19, 2026","1,835","23,600",South 1,Bangalore,"1,921",-3,Need to Check
2011068,20,"September 17, 2026","1,838","23,600",South 1,Bangalore,"1,921",-3,Need to Check
2011068,20,"September 18, 2026","1,835","23,600",South 1,Bangalore,"1,921",-3,Need to Check
2011068,20,"September 19, 2026","1,835","23,600",South 1,Bangalore,"1,921",-3,Need to Check
2011068,50,"September 17, 2026","1,700","23,600",South 1,Bangalore,"1,783",-3,Need to Check
2011068,50,"September 18, 2026","1,697","23,600",South 1,Bangalore,"1,783",-3,Need to Check
2011068,50,"September 19, 2026","1,697","23,600",South 1,Bangalore,"1,783",-3,Need to Check
2011351,25,"September 20, 2026","1,920","23,600",South 1,Bangalore,"2,010",-3,Need to Check
2011351,26,"September 20, 2026","1,920","23,600",South 1,Bangalore,"2,010",-3,Need to Check
2013117,21,"September 16, 2026","1,809","23,600",South 1,Bangalore,"1,900",-3,Need to Check
2013117,22,"September 16, 2026","1,809","23,600",South 1,Bangalore,"1,900",-3,Need to Check
2013117,23,"September 16, 2026","1,878","23,600",South 1,Bangalore,"1,969",-3,Need to Check
2013117,24,"September 16, 2026","1,878","23,600",South 1,Bangalore,"1,969",-3,Need to Check
2013117,27,"September 16, 2026","2,361","23,600",South 1,Bangalore,"2,452",-3,Need to Check
2013117,27,"September 21, 2026","2,262","23,600",South 1,Bangalore,"2,369",-3,Need to Check
2013117,28,"September 16, 2026","2,361","23,600",South 1,Bangalore,"2,452",-3,Need to Check
2013117,28,"September 21, 2026","2,262","23,600",South 1,Bangalore,"2,369",-3,Need to Check
2013117,29,"September 16, 2026","2,499","23,600",South 1,Bangalore,"2,590",-3,Need to Check
2013117,29,"September 19, 2026","2,466","23,600",South 1,Bangalore,"2,590",-3,Need to Check
2013117,29,"September 21, 2026","2,400","23,600",South 1,Bangalore,"2,509",-3,Need to Check
2013117,30,"September 16, 2026","2,499","23,600",South 1,Bangalore,"2,590",-3,Need to Check
2013117,30,"September 19, 2026","2,466","23,600",South 1,Bangalore,"2,590",-3,Need to Check
2013117,30,"September 21, 2026","2,400","23,600",South 1,Bangalore,"2,509",-3,Need to Check
2013117,31,"September 16, 2026","2,499","23,600",South 1,Bangalore,"2,590",-3,Need to Check
2013117,31,"September 19, 2026","2,466","23,600",South 1,Bangalore,"2,590",-3,Need to Check
2013117,31,"September 21, 2026","2,400","23,600",South 1,Bangalore,"2,509",-3,Need to Check
2013117,32,"September 18, 2026","2,615","23,600",South 1,Bangalore,"2,746",-3,Need to Check
2013117,32,"September 19, 2026","2,621","23,600",South 1,Bangalore,"2,746",-3,Need to Check
2013117,33,"September 18, 2026","2,615","23,600",South 1,Bangalore,"2,746",-3,Need to Check
2013117,33,"September 19, 2026","2,621","23,600",South 1,Bangalore,"2,746",-3,Need to Check
2013117,34,"September 18, 2026","2,615","23,600",South 1,Bangalore,"2,746",-3,Need to Check
2013117,34,"September 19, 2026","2,621","23,600",South 1,Bangalore,"2,746",-3,Need to Check
2013117,35,"September 18, 2026","3,098","23,600",South 1,Bangalore,"3,229",-3,Need to Check
2013117,35,"September 19, 2026","3,104","23,600",South 1,Bangalore,"3,229",-3,Need to Check
2013117,36,"September 18, 2026","3,098","23,600",South 1,Bangalore,"3,229",-3,Need to Check
2013117,36,"September 19, 2026","3,104","23,600",South 1,Bangalore,"3,229",-3,Need to Check
2013117,39,"September 16, 2026","1,809","23,600",South 1,Bangalore,"1,900",-3,Need to Check
2013117,40,"September 16, 2026","1,878","23,600",South 1,Bangalore,"1,969",-3,Need to Check
2013117,57,"September 16, 2026","2,499","23,600",South 1,Bangalore,"2,590",-3,Need to Check
2013117,57,"September 19, 2026","2,466","23,600",South 1,Bangalore,"2,590",-3,Need to Check
2013117,57,"September 21, 2026","2,400","23,600",South 1,Bangalore,"2,509",-3,Need to Check
2013117,83,"September 16, 2026","1,809","23,600",South 1,Bangalore,"1,900",-3,Need to Check
2013949,17,"September 19, 2026","1,715","23,600",South 1,Bangalore,"1,785",-3,Need to Check
2013949,18,"September 19, 2026","1,715","23,600",South 1,Bangalore,"1,785",-3,Need to Check
2013949,19,"September 19, 2026","1,818","23,600",South 1,Bangalore,"1,889",-3,Need to Check
2013949,20,"September 19, 2026","1,818","23,600",South 1,Bangalore,"1,889",-3,Need to Check
2014917,17,"September 17, 2026","1,669","20,000",South 1,Bangalore,"1,753",-3,Need to Check
2014917,18,"September 17, 2026","1,669","20,000",South 1,Bangalore,"1,753",-3,Need to Check
2027305,17,"September 18, 2026","1,797","23,600",South 1,Mangalore,"1,877",-3,Need to Check
2027305,18,"September 18, 2026","1,797","23,600",South 1,Mangalore,"1,877",-3,Need to Check
2027305,19,"September 18, 2026","1,935","23,600",South 1,Mangalore,"2,007",-3,Need to Check
2027305,20,"September 18, 2026","1,935","23,600",South 1,Mangalore,"2,007",-3,Need to Check
2027305,50,"September 18, 2026","1,797","23,600",South 1,Mangalore,"1,877",-3,Need to Check
2027305,51,"September 18, 2026","1,935","23,600",South 1,Mangalore,"2,007",-3,Need to Check
2027305,87,"September 18, 2026","1,797","23,600",South 1,Mangalore,"1,877",-3,Need to Check
2046776,17,"September 19, 2026","1,447","23,600",South 1,Mysore,"1,514",-3,Need to Check
2046776,18,"September 19, 2026","1,447","23,600",South 1,Mysore,"1,514",-3,Need to Check
2046776,19,"September 19, 2026","1,585","23,600",South 1,Mysore,"1,654",-3,Need to Check
2046776,20,"September 19, 2026","1,585","23,600",South 1,Mysore,"1,654",-3,Need to Check
2046776,21,"September 19, 2026","1,758","23,600",South 1,Mysore,"1,829",-3,Need to Check
2046776,22,"September 19, 2026","1,758","23,600",South 1,Mysore,"1,829",-3,Need to Check
2046776,23,"September 19, 2026","1,896","23,600",South 1,Mysore,"1,969",-3,Need to Check
2046776,24,"September 19, 2026","1,896","23,600",South 1,Mysore,"1,969",-3,Need to Check
2046776,25,"September 19, 2026","2,103","23,600",South 1,Mysore,"2,179",-3,Need to Check
2046776,26,"September 19, 2026","2,103","23,600",South 1,Mysore,"2,179",-3,Need to Check
2046776,39,"September 19, 2026","1,758","23,600",South 1,Mysore,"1,829",-3,Need to Check
2046776,40,"September 19, 2026","1,896","23,600",South 1,Mysore,"1,969",-3,Need to Check
2046776,50,"September 19, 2026","1,447","23,600",South 1,Mysore,"1,514",-3,Need to Check
2046776,51,"September 19, 2026","1,585","23,600",South 1,Mysore,"1,654",-3,Need to Check
2046776,83,"September 19, 2026","1,758","23,600",South 1,Mysore,"1,829",-3,Need to Check
2046776,87,"September 19, 2026","1,447","23,600",South 1,Mysore,"1,514",-3,Need to Check
2051409,21,"September 21, 2026","2,082","23,600",West,Nashik,"2,184",-3,Need to Check
2051409,22,"September 21, 2026","2,082","23,600",West,Nashik,"2,184",-3,Need to Check
2051409,23,"September 21, 2026","2,220","23,600",West,Nashik,"2,314",-3,Need to Check
2051409,24,"September 21, 2026","2,220","23,600",West,Nashik,"2,314",-3,Need to Check
2051409,39,"September 21, 2026","2,082","23,600",West,Nashik,"2,184",-3,Need to Check
2051409,40,"September 21, 2026","2,220","23,600",West,Nashik,"2,314",-3,Need to Check
2051409,83,"September 21, 2026","2,082","23,600",West,Nashik,"2,184",-3,Need to Check
2052672,23,"September 20, 2026","1,884","23,600",North 1,Gurgaon,"1,968",-3,Need to Check
2052672,23,"September 21, 2026","1,884","23,600",North 1,Gurgaon,"1,968",-3,Need to Check
2052672,24,"September 20, 2026","1,884","23,600",North 1,Gurgaon,"1,968",-3,Need to Check
2052672,24,"September 21, 2026","1,884","23,600",North 1,Gurgaon,"1,968",-3,Need to Check
2052672,40,"September 20, 2026","1,884","23,600",North 1,Gurgaon,"1,968",-3,Need to Check
2052672,40,"September 21, 2026","1,884","23,600",North 1,Gurgaon,"1,968",-3,Need to Check
5000022,17,"September 19, 2026","1,529","20,000",South 1,Mangalore,"1,598",-3,Need to Check
5000022,18,"September 19, 2026","1,529","20,000",South 1,Mangalore,"1,598",-3,Need to Check
5000022,19,"September 19, 2026","1,667","20,000",South 1,Mangalore,"1,736",-3,Need to Check
5000022,20,"September 19, 2026","1,667","20,000",South 1,Mangalore,"1,736",-3,Need to Check
5000022,50,"September 19, 2026","1,529","20,000",South 1,Mangalore,"1,598",-3,Need to Check
0003211,15,"September 26, 2026","1,507","23,600",North 1,Jaipur,"1,584",-4,Need to Check
0003211,38,"September 26, 2026","1,507","23,600",North 1,Jaipur,"1,584",-4,Need to Check
0468785,17,"September 19, 2026","2,080","23,600",South 1,Mysore,"2,205",-4,Need to Check
0468785,18,"September 19, 2026","2,080","23,600",South 1,Mysore,"2,205",-4,Need to Check
0468785,19,"September 19, 2026","2,184","23,600",South 1,Mysore,"2,310",-4,Need to Check
0468785,20,"September 19, 2026","2,184","23,600",South 1,Mysore,"2,310",-4,Need to Check
0468785,21,"September 19, 2026","2,425","23,600",South 1,Mysore,"2,555",-4,Need to Check
0468785,22,"September 19, 2026","2,425","23,600",South 1,Mysore,"2,555",-4,Need to Check
0468785,23,"September 19, 2026","2,563","23,600",South 1,Mysore,"2,695",-4,Need to Check
0468785,24,"September 19, 2026","2,563","23,600",South 1,Mysore,"2,695",-4,Need to Check
0468785,39,"September 19, 2026","2,425","23,600",South 1,Mysore,"2,555",-4,Need to Check
0468785,40,"September 19, 2026","2,563","23,600",South 1,Mysore,"2,695",-4,Need to Check
0468785,50,"September 19, 2026","2,080","23,600",South 1,Mysore,"2,205",-4,Need to Check
0468785,51,"September 19, 2026","2,184","23,600",South 1,Mysore,"2,310",-4,Need to Check
0468785,83,"September 19, 2026","2,425","23,600",South 1,Mysore,"2,555",-4,Need to Check
0468785,87,"September 19, 2026","2,080","23,600",South 1,Mysore,"2,205",-4,Need to Check
1043825,27,"September 19, 2026","2,364","23,600",South 1,Wayanad,"2,504",-4,Need to Check
1043825,28,"September 19, 2026","2,364","23,600",South 1,Wayanad,"2,504",-4,Need to Check
1104841,25,"September 19, 2026","1,362","27,848",North 2,Haridwar,"1,433",-4,Need to Check
1104841,25,"September 20, 2026","1,362","27,848",North 2,Haridwar,"1,433",-4,Need to Check
1104841,26,"September 19, 2026","1,362","27,848",North 2,Haridwar,"1,433",-4,Need to Check
1104841,26,"September 20, 2026","1,362","27,848",North 2,Haridwar,"1,433",-4,Need to Check
1115459,16,"September 16, 2026","1,187","20,000",North 2,Nainital,"1,261",-4,Need to Check
1115459,17,"September 16, 2026","1,463","20,000",North 2,Nainital,"1,553",-4,Need to Check
1115459,18,"September 16, 2026","1,463","20,000",North 2,Nainital,"1,553",-4,Need to Check
1115459,25,"September 19, 2026","1,901","20,000",North 2,Nainital,"2,000",-4,Need to Check
1115459,26,"September 19, 2026","1,901","20,000",North 2,Nainital,"2,000",-4,Need to Check
1115459,50,"September 16, 2026","1,463","20,000",North 2,Nainital,"1,553",-4,Need to Check
1115459,52,"September 16, 2026","1,187","20,000",North 2,Nainital,"1,261",-4,Need to Check
1115459,87,"September 16, 2026","1,463","20,000",North 2,Nainital,"1,553",-4,Need to Check
1126702,17,"September 19, 2026","2,718","23,600",North 2,Dehradun,"2,857",-4,Need to Check
1126702,17,"September 20, 2026","2,718","23,600",North 2,Dehradun,"2,857",-4,Need to Check
1126702,18,"September 19, 2026","2,718","23,600",North 2,Dehradun,"2,857",-4,Need to Check
1126702,18,"September 20, 2026","2,718","23,600",North 2,Dehradun,"2,857",-4,Need to Check
1126702,50,"September 19, 2026","2,718","23,600",North 2,Dehradun,"2,857",-4,Need to Check
1126702,50,"September 20, 2026","2,718","23,600",North 2,Dehradun,"2,857",-4,Need to Check
1126702,87,"September 19, 2026","2,718","23,600",North 2,Dehradun,"2,857",-4,Need to Check
1126702,87,"September 20, 2026","2,718","23,600",North 2,Dehradun,"2,857",-4,Need to Check
1257158,17,"September 22, 2026","1,380","23,600",South 2,Puducherry,"1,460",-4,Need to Check
1257158,17,"September 23, 2026","1,380","23,600",South 2,Puducherry,"1,460",-4,Need to Check
1257158,17,"September 24, 2026","1,380","23,600",South 2,Puducherry,"1,460",-4,Need to Check
1257158,18,"September 22, 2026","1,380","23,600",South 2,Puducherry,"1,460",-4,Need to Check
1257158,18,"September 23, 2026","1,380","23,600",South 2,Puducherry,"1,460",-4,Need to Check
1257158,18,"September 24, 2026","1,380","23,600",South 2,Puducherry,"1,460",-4,Need to Check
1257158,27,"September 20, 2026","2,149","23,600",South 2,Puducherry,"2,274",-4,Need to Check
1257158,27,"September 21, 2026","2,149","23,600",South 2,Puducherry,"2,274",-4,Need to Check
1257158,28,"September 20, 2026","2,149","23,600",South 2,Puducherry,"2,274",-4,Need to Check
1257158,28,"September 21, 2026","2,149","23,600",South 2,Puducherry,"2,274",-4,Need to Check
1257158,50,"September 22, 2026","1,380","23,600",South 2,Puducherry,"1,460",-4,Need to Check
1257158,50,"September 23, 2026","1,380","23,600",South 2,Puducherry,"1,460",-4,Need to Check
1257158,50,"September 24, 2026","1,380","23,600",South 2,Puducherry,"1,460",-4,Need to Check
1257158,87,"September 22, 2026","1,380","23,600",South 2,Puducherry,"1,460",-4,Need to Check
1257158,87,"September 23, 2026","1,380","23,600",South 2,Puducherry,"1,460",-4,Need to Check
1257158,87,"September 24, 2026","1,380","23,600",South 2,Puducherry,"1,460",-4,Need to Check
1322829,17,"September 26, 2026","1,391","20,000",North 1,Jaipur,"1,480",-4,Need to Check
1322829,17,"September 27, 2026","1,392","20,000",North 1,Jaipur,"1,469",-4,Need to Check
1322829,17,"September 28, 2026","1,392","20,000",North 1,Jaipur,"1,469",-4,Need to Check
1322829,17,"September 29, 2026","1,392","20,000",North 1,Jaipur,"1,469",-4,Need to Check
1322829,18,"September 26, 2026","1,391","20,000",North 1,Jaipur,"1,480",-4,Need to Check
1322829,18,"September 27, 2026","1,392","20,000",North 1,Jaipur,"1,469",-4,Need to Check
1322829,18,"September 28, 2026","1,392","20,000",North 1,Jaipur,"1,469",-4,Need to Check
1322829,18,"September 29, 2026","1,392","20,000",North 1,Jaipur,"1,469",-4,Need to Check
1322829,19,"September 26, 2026","1,529","20,000",North 1,Jaipur,"1,610",-4,Need to Check
1322829,20,"September 26, 2026","1,529","20,000",North 1,Jaipur,"1,610",-4,Need to Check
1322829,21,"September 26, 2026","1,529","20,000",North 1,Jaipur,"1,610",-4,Need to Check
1322829,22,"September 26, 2026","1,529","20,000",North 1,Jaipur,"1,610",-4,Need to Check
1322829,39,"September 26, 2026","1,529","20,000",North 1,Jaipur,"1,610",-4,Need to Check
1322829,50,"September 26, 2026","1,391","20,000",North 1,Jaipur,"1,480",-4,Need to Check
1322829,50,"September 27, 2026","1,392","20,000",North 1,Jaipur,"1,469",-4,Need to Check
1322829,50,"September 28, 2026","1,392","20,000",North 1,Jaipur,"1,469",-4,Need to Check
1322829,50,"September 29, 2026","1,392","20,000",North 1,Jaipur,"1,469",-4,Need to Check
1322829,83,"September 26, 2026","1,529","20,000",North 1,Jaipur,"1,610",-4,Need to Check
1379085,27,"September 18, 2026","3,479","23,600",West,Mumbai,"3,703",-4,Need to Check
1379085,28,"September 18, 2026","3,479","23,600",West,Mumbai,"3,703",-4,Need to Check
1393411,17,"September 20, 2026","1,611","23,600",North 1,Ahmedabad,"1,695",-4,Need to Check
1393411,18,"September 20, 2026","1,611","23,600",North 1,Ahmedabad,"1,695",-4,Need to Check
1393411,50,"September 20, 2026","1,611","23,600",North 1,Ahmedabad,"1,695",-4,Need to Check
1393411,87,"September 20, 2026","1,611","23,600",North 1,Ahmedabad,"1,695",-4,Need to Check
1395021,19,"September 21, 2026","1,628","23,600",North 1,Ahmedabad,"1,732",-4,Need to Check
1395021,20,"September 21, 2026","1,628","23,600",North 1,Ahmedabad,"1,732",-4,Need to Check
1395021,21,"September 21, 2026","1,835","23,600",North 1,Ahmedabad,"1,939",-4,Need to Check
1395021,22,"September 21, 2026","1,835","23,600",North 1,Ahmedabad,"1,939",-4,Need to Check
1395021,23,"September 21, 2026","1,938","23,600",North 1,Ahmedabad,"2,043",-4,Need to Check
1395021,24,"September 21, 2026","1,938","23,600",North 1,Ahmedabad,"2,043",-4,Need to Check
1395021,39,"September 21, 2026","1,835","23,600",North 1,Ahmedabad,"1,939",-4,Need to Check
1395021,40,"September 21, 2026","1,938","23,600",North 1,Ahmedabad,"2,043",-4,Need to Check
1395021,83,"September 21, 2026","1,835","23,600",North 1,Ahmedabad,"1,939",-4,Need to Check
1395021,84,"September 21, 2026","1,938","23,600",North 1,Ahmedabad,"2,043",-4,Need to Check
1395021,97,"September 21, 2026","1,835","23,600",North 1,Ahmedabad,"1,939",-4,Need to Check
1398875,27,"September 21, 2026","2,562","23,600",North 1,Ahmedabad,"2,714",-4,Need to Check
1398875,28,"September 21, 2026","2,562","23,600",North 1,Ahmedabad,"2,714",-4,Need to Check
1405295,27,"September 21, 2026","1,743","23,600",North 1,Vadodara,"1,845",-4,Need to Check
1405295,28,"September 21, 2026","1,743","23,600",North 1,Vadodara,"1,845",-4,Need to Check
1405295,32,"September 21, 2026","1,605","23,600",North 1,Vadodara,"1,707",-4,Need to Check
1405295,33,"September 21, 2026","1,605","23,600",North 1,Vadodara,"1,707",-4,Need to Check
1405295,34,"September 21, 2026","1,605","23,600",North 1,Vadodara,"1,707",-4,Need to Check
1405295,35,"September 21, 2026","1,950","23,600",North 1,Vadodara,"2,059",-4,Need to Check
1405295,36,"September 21, 2026","1,950","23,600",North 1,Vadodara,"2,059",-4,Need to Check
1437251,15,"September 19, 2026","1,196","23,600",North 1,Noida,"1,260",-4,Need to Check
1437251,15,"September 20, 2026","1,196","23,600",North 1,Noida,"1,260",-4,Need to Check
1437251,15,"September 15, 2027","1,194","23,600",North 1,Noida,"1,260",-4,Need to Check
1437251,27,"October 17, 2026","1,932","23,600",North 1,Noida,"2,050",-4,Need to Check
1437251,27,"October 18, 2026","1,932","23,600",North 1,Noida,"2,050",-4,Need to Check
1437251,27,"October 19, 2026","1,932","23,600",North 1,Noida,"2,050",-4,Need to Check
1437251,27,"October 20, 2026","1,932","23,600",North 1,Noida,"2,050",-4,Need to Check
1437251,27,"October 21, 2026","1,932","23,600",North 1,Noida,"2,050",-4,Need to Check
1437251,27,"October 22, 2026","1,932","23,600",North 1,Noida,"2,050",-4,Need to Check
1437251,27,"October 23, 2026","1,932","23,600",North 1,Noida,"2,050",-4,Need to Check
1437251,27,"October 24, 2026","1,932","23,600",North 1,Noida,"2,050",-4,Need to Check
1437251,27,"October 26, 2026","1,932","23,600",North 1,Noida,"2,050",-4,Need to Check
1437251,27,"October 27, 2026","1,932","23,600",North 1,Noida,"2,050",-4,Need to Check
1437251,27,"October 28, 2026","1,932","23,600",North 1,Noida,"2,050",-4,Need to Check
1437251,27,"October 29, 2026","1,932","23,600",North 1,Noida,"2,050",-4,Need to Check
1437251,27,"October 30, 2026","1,932","23,600",North 1,Noida,"2,050",-4,Need to Check
1437251,27,"October 31, 2026","1,932","23,600",North 1,Noida,"2,050",-4,Need to Check
1437251,27,"November 1, 2026","1,932","23,600",North 1,Noida,"2,050",-4,Need to Check
1437251,27,"November 2, 2026","1,932","23,600",North 1,Noida,"2,050",-4,Need to Check
1437251,27,"November 3, 2026","1,932","23,600",North 1,Noida,"2,050",-4,Need to Check
1437251,27,"November 4, 2026","1,932","23,600",North 1,Noida,"2,050",-4,Need to Check
1437251,27,"November 5, 2026","1,932","23,600",North 1,Noida,"2,050",-4,Need to Check
1437251,27,"November 6, 2026","1,932","23,600",North 1,Noida,"2,050",-4,Need to Check
1437251,27,"November 7, 2026","1,932","23,600",North 1,Noida,"2,050",-4,Need to Check
1437251,27,"November 8, 2026","1,932","23,600",North 1,Noida,"2,050",-4,Need to Check
1437251,27,"November 9, 2026","1,932","23,600",North 1,Noida,"2,050",-4,Need to Check
1437251,27,"November 13, 2026","1,932","23,600",North 1,Noida,"2,050",-4,Need to Check
1437251,27,"November 14, 2026","1,932","23,600",North 1,Noida,"2,050",-4,Need to Check
1437251,27,"November 15, 2026","1,932","23,600",North 1,Noida,"2,050",-4,Need to Check
1437251,27,"November 16, 2026","1,932","23,600",North 1,Noida,"2,050",-4,Need to Check
1437251,27,"November 17, 2026","1,932","23,600",North 1,Noida,"2,050",-4,Need to Check
1437251,27,"November 18, 2026","1,932","23,600",North 1,Noida,"2,050",-4,Need to Check
1437251,27,"November 19, 2026","1,932","23,600",North 1,Noida,"2,050",-4,Need to Check
1437251,27,"November 29, 2026","1,932","23,600",North 1,Noida,"2,050",-4,Need to Check
1437251,27,"November 30, 2026","1,932","23,600",North 1,Noida,"2,050",-4,Need to Check
1437251,27,"December 1, 2026","1,932","23,600",North 1,Noida,"2,050",-4,Need to Check
1437251,27,"December 7, 2026","1,932","23,600",North 1,Noida,"2,050",-4,Need to Check
1437251,27,"December 8, 2026","1,932","23,600",North 1,Noida,"2,050",-4,Need to Check
1437251,27,"December 9, 2026","1,932","23,600",North 1,Noida,"2,050",-4,Need to Check
1437251,27,"December 10, 2026","1,932","23,600",North 1,Noida,"2,050",-4,Need to Check
1437251,27,"December 13, 2026","1,932","23,600",North 1,Noida,"2,050",-4,Need to Check
1437251,27,"December 14, 2026","1,932","23,600",North 1,Noida,"2,050",-4,Need to Check
1437251,28,"October 17, 2026","1,932","23,600",North 1,Noida,"2,050",-4,Need to Check
1437251,28,"October 18, 2026","1,932","23,600",North 1,Noida,"2,050",-4,Need to Check
1437251,28,"October 19, 2026","1,932","23,600",North 1,Noida,"2,050",-4,Need to Check
1437251,28,"October 20, 2026","1,932","23,600",North 1,Noida,"2,050",-4,Need to Check
1437251,28,"October 21, 2026","1,932","23,600",North 1,Noida,"2,050",-4,Need to Check
1437251,28,"October 22, 2026","1,932","23,600",North 1,Noida,"2,050",-4,Need to Check
1437251,28,"October 23, 2026","1,932","23,600",North 1,Noida,"2,050",-4,Need to Check
1437251,28,"October 24, 2026","1,932","23,600",North 1,Noida,"2,050",-4,Need to Check
1437251,28,"October 26, 2026","1,932","23,600",North 1,Noida,"2,050",-4,Need to Check
1437251,28,"October 27, 2026","1,932","23,600",North 1,Noida,"2,050",-4,Need to Check
1437251,28,"October 28, 2026","1,932","23,600",North 1,Noida,"2,050",-4,Need to Check
1437251,28,"October 29, 2026","1,932","23,600",North 1,Noida,"2,050",-4,Need to Check
1437251,28,"October 30, 2026","1,932","23,600",North 1,Noida,"2,050",-4,Need to Check
1437251,28,"October 31, 2026","1,932","23,600",North 1,Noida,"2,050",-4,Need to Check
1437251,28,"November 1, 2026","1,932","23,600",North 1,Noida,"2,050",-4,Need to Check
1437251,28,"November 2, 2026","1,932","23,600",North 1,Noida,"2,050",-4,Need to Check
1437251,28,"November 3, 2026","1,932","23,600",North 1,Noida,"2,050",-4,Need to Check
1437251,28,"November 4, 2026","1,932","23,600",North 1,Noida,"2,050",-4,Need to Check
1437251,28,"November 5, 2026","1,932","23,600",North 1,Noida,"2,050",-4,Need to Check
1437251,28,"November 6, 2026","1,932","23,600",North 1,Noida,"2,050",-4,Need to Check
1437251,28,"November 7, 2026","1,932","23,600",North 1,Noida,"2,050",-4,Need to Check
1437251,28,"November 8, 2026","1,932","23,600",North 1,Noida,"2,050",-4,Need to Check
1437251,28,"November 9, 2026","1,932","23,600",North 1,Noida,"2,050",-4,Need to Check
1437251,28,"November 13, 2026","1,932","23,600",North 1,Noida,"2,050",-4,Need to Check
1437251,28,"November 14, 2026","1,932","23,600",North 1,Noida,"2,050",-4,Need to Check
1437251,28,"November 15, 2026","1,932","23,600",North 1,Noida,"2,050",-4,Need to Check
1437251,28,"November 16, 2026","1,932","23,600",North 1,Noida,"2,050",-4,Need to Check
1437251,28,"November 17, 2026","1,932","23,600",North 1,Noida,"2,050",-4,Need to Check
1437251,28,"November 18, 2026","1,932","23,600",North 1,Noida,"2,050",-4,Need to Check
1437251,28,"November 19, 2026","1,932","23,600",North 1,Noida,"2,050",-4,Need to Check
1437251,28,"November 29, 2026","1,932","23,600",North 1,Noida,"2,050",-4,Need to Check
1437251,28,"November 30, 2026","1,932","23,600",North 1,Noida,"2,050",-4,Need to Check
1437251,28,"December 1, 2026","1,932","23,600",North 1,Noida,"2,050",-4,Need to Check
1437251,28,"December 7, 2026","1,932","23,600",North 1,Noida,"2,050",-4,Need to Check
1437251,28,"December 8, 2026","1,932","23,600",North 1,Noida,"2,050",-4,Need to Check
1437251,28,"December 9, 2026","1,932","23,600",North 1,Noida,"2,050",-4,Need to Check
1437251,28,"December 10, 2026","1,932","23,600",North 1,Noida,"2,050",-4,Need to Check
1437251,28,"December 13, 2026","1,932","23,600",North 1,Noida,"2,050",-4,Need to Check
1437251,28,"December 14, 2026","1,932","23,600",North 1,Noida,"2,050",-4,Need to Check
1437251,38,"September 19, 2026","1,196","23,600",North 1,Noida,"1,260",-4,Need to Check
1437251,38,"September 20, 2026","1,196","23,600",North 1,Noida,"1,260",-4,Need to Check
1437251,38,"September 15, 2027","1,194","23,600",North 1,Noida,"1,260",-4,Need to Check
1438370,17,"September 21, 2026","1,188","23,600",North 1,Noida,"1,254",-4,Need to Check
1438370,18,"September 21, 2026","1,188","23,600",North 1,Noida,"1,254",-4,Need to Check
1438370,50,"September 21, 2026","1,188","23,600",North 1,Noida,"1,254",-4,Need to Check
1446609,21,"September 20, 2026","1,652","23,600",South 1,Ooty,"1,753",-4,Need to Check
1446609,22,"September 20, 2026","1,652","23,600",South 1,Ooty,"1,753",-4,Need to Check
1446609,23,"September 20, 2026","1,652","23,600",South 1,Ooty,"1,753",-4,Need to Check
1446609,24,"September 20, 2026","1,652","23,600",South 1,Ooty,"1,753",-4,Need to Check
1446609,29,"September 20, 2026","1,859","23,600",South 1,Ooty,"1,960",-4,Need to Check
1446609,30,"September 20, 2026","1,859","23,600",South 1,Ooty,"1,960",-4,Need to Check
1446609,31,"September 20, 2026","1,859","23,600",South 1,Ooty,"1,960",-4,Need to Check
1446609,32,"September 20, 2026","1,859","23,600",South 1,Ooty,"1,960",-4,Need to Check
1446609,33,"September 20, 2026","1,859","23,600",South 1,Ooty,"1,960",-4,Need to Check
1446609,34,"September 20, 2026","1,859","23,600",South 1,Ooty,"1,960",-4,Need to Check
1446609,35,"September 18, 2026","2,585","23,600",South 1,Ooty,"2,731",-4,Need to Check
1446609,36,"September 18, 2026","2,585","23,600",South 1,Ooty,"2,731",-4,Need to Check
1446609,37,"September 18, 2026","2,585","23,600",South 1,Ooty,"2,731",-4,Need to Check
1446609,39,"September 20, 2026","1,652","23,600",South 1,Ooty,"1,753",-4,Need to Check
1446609,40,"September 20, 2026","1,652","23,600",South 1,Ooty,"1,753",-4,Need to Check
1446609,42,"September 17, 2026","3,165","23,600",South 1,Ooty,"3,333",-4,Need to Check
1446609,43,"September 17, 2026","3,165","23,600",South 1,Ooty,"3,333",-4,Need to Check
1446609,44,"September 17, 2026","3,165","23,600",South 1,Ooty,"3,333",-4,Need to Check
1446609,57,"September 20, 2026","1,859","23,600",South 1,Ooty,"1,960",-4,Need to Check
1446609,83,"September 20, 2026","1,652","23,600",South 1,Ooty,"1,753",-4,Need to Check
1453534,23,"September 23, 2026","2,310","23,600",South 2,Tirupati,"2,446",-4,Need to Check
1453534,24,"September 23, 2026","2,310","23,600",South 2,Tirupati,"2,446",-4,Need to Check
1453534,40,"September 23, 2026","2,310","23,600",South 2,Tirupati,"2,446",-4,Need to Check
1464454,19,"September 18, 2026","1,817","23,600",South 1,Mysore,"1,930",-4,Need to Check
1464454,20,"September 18, 2026","1,817","23,600",South 1,Mysore,"1,930",-4,Need to Check
1464454,21,"September 18, 2026","2,024","23,600",South 1,Mysore,"2,137",-4,Need to Check
1464454,22,"September 18, 2026","2,024","23,600",South 1,Mysore,"2,137",-4,Need to Check
1464454,23,"September 18, 2026","2,162","23,600",South 1,Mysore,"2,275",-4,Need to Check
1464454,24,"September 18, 2026","2,162","23,600",South 1,Mysore,"2,275",-4,Need to Check
1464454,39,"September 18, 2026","2,024","23,600",South 1,Mysore,"2,137",-4,Need to Check
1464454,40,"September 18, 2026","2,162","23,600",South 1,Mysore,"2,275",-4,Need to Check
1464454,51,"September 18, 2026","1,817","23,600",South 1,Mysore,"1,930",-4,Need to Check
1464454,83,"September 18, 2026","2,024","23,600",South 1,Mysore,"2,137",-4,Need to Check
1466884,17,"September 18, 2026","1,495","23,600",South 1,Mysore,"1,571",-4,Need to Check
1466884,18,"September 18, 2026","1,495","23,600",South 1,Mysore,"1,571",-4,Need to Check
1466884,50,"September 18, 2026","1,495","23,600",South 1,Mysore,"1,571",-4,Need to Check
1472508,17,"September 19, 2026","1,321","23,600",South 1,Coorg,"1,389",-4,Need to Check
1472508,18,"September 19, 2026","1,321","23,600",South 1,Coorg,"1,389",-4,Need to Check
1472508,19,"September 19, 2026","1,321","23,600",South 1,Coorg,"1,389",-4,Need to Check
1472508,20,"September 19, 2026","1,321","23,600",South 1,Coorg,"1,389",-4,Need to Check
1472508,25,"September 19, 2026","1,321","23,600",South 1,Coorg,"1,389",-4,Need to Check
1472508,26,"September 19, 2026","1,321","23,600",South 1,Coorg,"1,389",-4,Need to Check
1472508,50,"September 19, 2026","1,321","23,600",South 1,Coorg,"1,389",-4,Need to Check
1472544,25,"September 18, 2026","1,415","23,600",South 1,Coorg,"1,493",-4,Need to Check
1472544,26,"September 18, 2026","1,415","23,600",South 1,Coorg,"1,493",-4,Need to Check
1476116,17,"September 18, 2026","1,474","23,600",South 1,Coorg,"1,554",-4,Need to Check
1476116,18,"September 18, 2026","1,474","23,600",South 1,Coorg,"1,554",-4,Need to Check
1476116,19,"September 18, 2026","1,474","23,600",South 1,Coorg,"1,554",-4,Need to Check
1476116,20,"September 18, 2026","1,474","23,600",South 1,Coorg,"1,554",-4,Need to Check
1476116,50,"September 18, 2026","1,474","23,600",South 1,Coorg,"1,554",-4,Need to Check
1476116,51,"September 18, 2026","1,474","23,600",South 1,Coorg,"1,554",-4,Need to Check
1476116,87,"September 18, 2026","1,474","23,600",South 1,Coorg,"1,554",-4,Need to Check
1479075,25,"September 19, 2026","1,471","23,600",South 1,Coorg,"1,564",-4,Need to Check
1479075,26,"September 19, 2026","1,471","23,600",South 1,Coorg,"1,564",-4,Need to Check
1505657,23,"September 21, 2026","2,945","23,600",West,Pune,"3,133",-4,Need to Check
1505657,24,"September 21, 2026","2,945","23,600",West,Pune,"3,133",-4,Need to Check
1505657,40,"September 21, 2026","2,945","23,600",West,Pune,"3,133",-4,Need to Check
2010412,17,"September 19, 2026","1,344","23,600",South 1,Wayanad,"1,421",-4,Need to Check
2010412,18,"September 19, 2026","1,344","23,600",South 1,Wayanad,"1,421",-4,Need to Check
2010412,19,"September 19, 2026","1,413","23,600",South 1,Wayanad,"1,486",-4,Need to Check
2010412,20,"September 19, 2026","1,413","23,600",South 1,Wayanad,"1,486",-4,Need to Check
2010412,25,"September 18, 2026","1,421","23,600",South 1,Wayanad,"1,505",-4,Need to Check
2010412,25,"September 19, 2026","1,344","23,600",South 1,Wayanad,"1,421",-4,Need to Check
2010412,26,"September 18, 2026","1,421","23,600",South 1,Wayanad,"1,505",-4,Need to Check
2010412,26,"September 19, 2026","1,344","23,600",South 1,Wayanad,"1,421",-4,Need to Check
2010412,50,"September 19, 2026","1,344","23,600",South 1,Wayanad,"1,421",-4,Need to Check
2011068,17,"September 21, 2026","1,670","23,600",South 1,Bangalore,"1,765",-4,Need to Check
2011068,18,"September 21, 2026","1,670","23,600",South 1,Bangalore,"1,765",-4,Need to Check
2011068,19,"September 21, 2026","1,808","23,600",South 1,Bangalore,"1,903",-4,Need to Check
2011068,20,"September 21, 2026","1,808","23,600",South 1,Bangalore,"1,903",-4,Need to Check
2011068,50,"September 21, 2026","1,670","23,600",South 1,Bangalore,"1,765",-4,Need to Check
2011692,27,"September 17, 2026","2,371","20,000",South 1,Bangalore,"2,514",-4,Need to Check
2011692,27,"September 18, 2026","2,371","20,000",South 1,Bangalore,"2,514",-4,Need to Check
2011692,27,"September 19, 2026","2,371","20,000",South 1,Bangalore,"2,514",-4,Need to Check
2011692,27,"September 20, 2026","2,361","20,000",South 1,Bangalore,"2,504",-4,Need to Check
2011692,28,"September 17, 2026","2,371","20,000",South 1,Bangalore,"2,514",-4,Need to Check
2011692,28,"September 18, 2026","2,371","20,000",South 1,Bangalore,"2,514",-4,Need to Check
2011692,28,"September 19, 2026","2,371","20,000",South 1,Bangalore,"2,514",-4,Need to Check
2011692,28,"September 20, 2026","2,361","20,000",South 1,Bangalore,"2,504",-4,Need to Check
2011692,35,"September 17, 2026","2,543","20,000",South 1,Bangalore,"2,686",-4,Need to Check
2011692,35,"September 18, 2026","2,543","20,000",South 1,Bangalore,"2,686",-4,Need to Check
2011692,35,"September 19, 2026","2,543","20,000",South 1,Bangalore,"2,686",-4,Need to Check
2011692,35,"September 20, 2026","2,534","20,000",South 1,Bangalore,"2,676",-4,Need to Check
2011692,36,"September 17, 2026","2,543","20,000",South 1,Bangalore,"2,686",-4,Need to Check
2011692,36,"September 18, 2026","2,543","20,000",South 1,Bangalore,"2,686",-4,Need to Check
2011692,36,"September 19, 2026","2,543","20,000",South 1,Bangalore,"2,686",-4,Need to Check
2011692,36,"September 20, 2026","2,534","20,000",South 1,Bangalore,"2,676",-4,Need to Check
2013117,21,"September 21, 2026","1,710","23,600",South 1,Bangalore,"1,809",-4,Need to Check
2013117,22,"September 21, 2026","1,710","23,600",South 1,Bangalore,"1,809",-4,Need to Check
2013117,23,"September 21, 2026","1,779","23,600",South 1,Bangalore,"1,879",-4,Need to Check
2013117,24,"September 21, 2026","1,779","23,600",South 1,Bangalore,"1,879",-4,Need to Check
2013117,27,"September 18, 2026","2,322","23,600",South 1,Bangalore,"2,452",-4,Need to Check
2013117,27,"September 19, 2026","2,328","23,600",South 1,Bangalore,"2,452",-4,Need to Check
2013117,28,"September 18, 2026","2,322","23,600",South 1,Bangalore,"2,452",-4,Need to Check
2013117,28,"September 19, 2026","2,328","23,600",South 1,Bangalore,"2,452",-4,Need to Check
2013117,29,"September 18, 2026","2,460","23,600",South 1,Bangalore,"2,590",-4,Need to Check
2013117,30,"September 18, 2026","2,460","23,600",South 1,Bangalore,"2,590",-4,Need to Check
2013117,31,"September 18, 2026","2,460","23,600",South 1,Bangalore,"2,590",-4,Need to Check
2013117,35,"September 15, 2026","3,047","23,600",South 1,Bangalore,"3,227",-4,Need to Check
2013117,35,"September 20, 2026","3,047","23,600",South 1,Bangalore,"3,229",-4,Need to Check
2013117,36,"September 15, 2026","3,047","23,600",South 1,Bangalore,"3,227",-4,Need to Check
2013117,36,"September 20, 2026","3,047","23,600",South 1,Bangalore,"3,229",-4,Need to Check
2013117,39,"September 21, 2026","1,710","23,600",South 1,Bangalore,"1,809",-4,Need to Check
2013117,40,"September 21, 2026","1,779","23,600",South 1,Bangalore,"1,879",-4,Need to Check
2013117,57,"September 18, 2026","2,460","23,600",South 1,Bangalore,"2,590",-4,Need to Check
2013117,83,"September 21, 2026","1,710","23,600",South 1,Bangalore,"1,809",-4,Need to Check
2014917,17,"September 20, 2026","1,650","20,000",South 1,Bangalore,"1,753",-4,Need to Check
2014917,18,"September 20, 2026","1,650","20,000",South 1,Bangalore,"1,753",-4,Need to Check
2014917,25,"September 17, 2026","2,083","20,000",South 1,Bangalore,"2,208",-4,Need to Check
2014917,25,"September 18, 2026","2,059","20,000",South 1,Bangalore,"2,168",-4,Need to Check
2014917,25,"September 18, 2026","2,059","20,000",South 1,Bangalore,"2,168",-4,Need to Check
2014917,26,"September 17, 2026","2,083","20,000",South 1,Bangalore,"2,208",-4,Need to Check
2014917,26,"September 18, 2026","2,059","20,000",South 1,Bangalore,"2,168",-4,Need to Check
2014917,26,"September 18, 2026","2,059","20,000",South 1,Bangalore,"2,168",-4,Need to Check
2039275,35,"October 26, 2026","2,214","20,000",North 1,Ahmedabad,"2,336",-4,Need to Check
2039275,35,"October 27, 2026","2,212","20,000",North 1,Ahmedabad,"2,336",-4,Need to Check
2039275,35,"October 28, 2026","2,215","20,000",North 1,Ahmedabad,"2,336",-4,Need to Check
2039275,35,"October 29, 2026","2,212","20,000",North 1,Ahmedabad,"2,336",-4,Need to Check
2039275,35,"October 30, 2026","2,212","20,000",North 1,Ahmedabad,"2,336",-4,Need to Check
2039275,35,"November 17, 2026","2,212","20,000",North 1,Ahmedabad,"2,336",-4,Need to Check
2039275,35,"November 18, 2026","2,212","20,000",North 1,Ahmedabad,"2,336",-4,Need to Check
2039275,35,"November 19, 2026","2,212","20,000",North 1,Ahmedabad,"2,336",-4,Need to Check
2039275,35,"November 23, 2026","2,212","20,000",North 1,Ahmedabad,"2,336",-4,Need to Check
2039275,35,"November 24, 2026","2,212","20,000",North 1,Ahmedabad,"2,336",-4,Need to Check
2039275,35,"November 25, 2026","2,212","20,000",North 1,Ahmedabad,"2,336",-4,Need to Check
2039275,35,"November 26, 2026","2,212","20,000",North 1,Ahmedabad,"2,336",-4,Need to Check
2039275,35,"November 27, 2026","2,212","20,000",North 1,Ahmedabad,"2,336",-4,Need to Check
2039275,35,"November 28, 2026","2,212","20,000",North 1,Ahmedabad,"2,336",-4,Need to Check
2039275,35,"November 29, 2026","2,212","20,000",North 1,Ahmedabad,"2,336",-4,Need to Check
2039275,35,"November 30, 2026","2,212","20,000",North 1,Ahmedabad,"2,336",-4,Need to Check
2039275,35,"December 1, 2026","2,212","20,000",North 1,Ahmedabad,"2,336",-4,Need to Check
2039275,35,"December 2, 2026","2,212","20,000",North 1,Ahmedabad,"2,336",-4,Need to Check
2039275,35,"December 3, 2026","2,212","20,000",North 1,Ahmedabad,"2,336",-4,Need to Check
2039275,35,"December 4, 2026","2,212","20,000",North 1,Ahmedabad,"2,336",-4,Need to Check
2039275,35,"December 5, 2026","2,212","20,000",North 1,Ahmedabad,"2,336",-4,Need to Check
2039275,35,"December 6, 2026","2,212","20,000",North 1,Ahmedabad,"2,336",-4,Need to Check
2039275,35,"December 7, 2026","2,212","20,000",North 1,Ahmedabad,"2,336",-4,Need to Check
2039275,35,"December 8, 2026","2,212","20,000",North 1,Ahmedabad,"2,336",-4,Need to Check
2039275,35,"December 9, 2026","2,212","20,000",North 1,Ahmedabad,"2,336",-4,Need to Check
2039275,35,"December 10, 2026","2,212","20,000",North 1,Ahmedabad,"2,336",-4,Need to Check
2039275,35,"December 11, 2026","2,212","20,000",North 1,Ahmedabad,"2,336",-4,Need to Check
2039275,35,"December 12, 2026","2,212","20,000",North 1,Ahmedabad,"2,336",-4,Need to Check
2039275,35,"December 13, 2026","2,212","20,000",North 1,Ahmedabad,"2,336",-4,Need to Check
2039275,35,"December 14, 2026","2,212","20,000",North 1,Ahmedabad,"2,336",-4,Need to Check
2039275,36,"October 26, 2026","2,214","20,000",North 1,Ahmedabad,"2,336",-4,Need to Check
2039275,36,"October 27, 2026","2,212","20,000",North 1,Ahmedabad,"2,336",-4,Need to Check
2039275,36,"October 28, 2026","2,215","20,000",North 1,Ahmedabad,"2,336",-4,Need to Check
2039275,36,"October 29, 2026","2,212","20,000",North 1,Ahmedabad,"2,336",-4,Need to Check
2039275,36,"October 30, 2026","2,212","20,000",North 1,Ahmedabad,"2,336",-4,Need to Check
2039275,36,"November 17, 2026","2,212","20,000",North 1,Ahmedabad,"2,336",-4,Need to Check
2039275,36,"November 18, 2026","2,212","20,000",North 1,Ahmedabad,"2,336",-4,Need to Check
2039275,36,"November 19, 2026","2,212","20,000",North 1,Ahmedabad,"2,336",-4,Need to Check
2039275,36,"November 23, 2026","2,212","20,000",North 1,Ahmedabad,"2,336",-4,Need to Check
2039275,36,"November 24, 2026","2,212","20,000",North 1,Ahmedabad,"2,336",-4,Need to Check
2039275,36,"November 25, 2026","2,212","20,000",North 1,Ahmedabad,"2,336",-4,Need to Check
2039275,36,"November 26, 2026","2,212","20,000",North 1,Ahmedabad,"2,336",-4,Need to Check
2039275,36,"November 27, 2026","2,212","20,000",North 1,Ahmedabad,"2,336",-4,Need to Check
2039275,36,"November 28, 2026","2,212","20,000",North 1,Ahmedabad,"2,336",-4,Need to Check
2039275,36,"November 29, 2026","2,212","20,000",North 1,Ahmedabad,"2,336",-4,Need to Check
2039275,36,"November 30, 2026","2,212","20,000",North 1,Ahmedabad,"2,336",-4,Need to Check
2039275,36,"December 1, 2026","2,212","20,000",North 1,Ahmedabad,"2,336",-4,Need to Check
2039275,36,"December 2, 2026","2,212","20,000",North 1,Ahmedabad,"2,336",-4,Need to Check
2039275,36,"December 3, 2026","2,212","20,000",North 1,Ahmedabad,"2,336",-4,Need to Check
2039275,36,"December 4, 2026","2,212","20,000",North 1,Ahmedabad,"2,336",-4,Need to Check
2039275,36,"December 5, 2026","2,212","20,000",North 1,Ahmedabad,"2,336",-4,Need to Check
2039275,36,"December 6, 2026","2,212","20,000",North 1,Ahmedabad,"2,336",-4,Need to Check
2039275,36,"December 7, 2026","2,212","20,000",North 1,Ahmedabad,"2,336",-4,Need to Check
2039275,36,"December 8, 2026","2,212","20,000",North 1,Ahmedabad,"2,336",-4,Need to Check
2039275,36,"December 9, 2026","2,212","20,000",North 1,Ahmedabad,"2,336",-4,Need to Check
2039275,36,"December 10, 2026","2,212","20,000",North 1,Ahmedabad,"2,336",-4,Need to Check
2039275,36,"December 11, 2026","2,212","20,000",North 1,Ahmedabad,"2,336",-4,Need to Check
2039275,36,"December 12, 2026","2,212","20,000",North 1,Ahmedabad,"2,336",-4,Need to Check
2039275,36,"December 13, 2026","2,212","20,000",North 1,Ahmedabad,"2,336",-4,Need to Check
2039275,36,"December 14, 2026","2,212","20,000",North 1,Ahmedabad,"2,336",-4,Need to Check
2046776,27,"September 17, 2026","2,274","23,600",South 1,Mysore,"2,408",-4,Need to Check
2046776,28,"September 17, 2026","2,274","23,600",South 1,Mysore,"2,408",-4,Need to Check
2052672,17,"September 20, 2026","1,539","23,600",North 1,Gurgaon,"1,621",-4,Need to Check
2052672,18,"September 20, 2026","1,539","23,600",North 1,Gurgaon,"1,621",-4,Need to Check
2052672,19,"September 20, 2026","1,746","23,600",North 1,Gurgaon,"1,838",-4,Need to Check
2052672,19,"September 21, 2026","1,746","23,600",North 1,Gurgaon,"1,838",-4,Need to Check
2052672,20,"September 20, 2026","1,746","23,600",North 1,Gurgaon,"1,838",-4,Need to Check
2052672,20,"September 21, 2026","1,746","23,600",North 1,Gurgaon,"1,838",-4,Need to Check
2052672,21,"September 20, 2026","1,608","23,600",North 1,Gurgaon,"1,690",-4,Need to Check
2052672,21,"September 21, 2026","1,608","23,600",North 1,Gurgaon,"1,708",-4,Need to Check
2052672,22,"September 20, 2026","1,608","23,600",North 1,Gurgaon,"1,690",-4,Need to Check
2052672,22,"September 21, 2026","1,608","23,600",North 1,Gurgaon,"1,708",-4,Need to Check
2052672,39,"September 20, 2026","1,608","23,600",North 1,Gurgaon,"1,690",-4,Need to Check
2052672,39,"September 21, 2026","1,608","23,600",North 1,Gurgaon,"1,708",-4,Need to Check
2052672,50,"September 20, 2026","1,539","23,600",North 1,Gurgaon,"1,621",-4,Need to Check
2052672,83,"September 20, 2026","1,608","23,600",North 1,Gurgaon,"1,690",-4,Need to Check
2052672,83,"September 21, 2026","1,608","23,600",North 1,Gurgaon,"1,708",-4,Need to Check
0327829,27,"September 26, 2026","1,559","23,600",North 1,Jaipur,"1,680",-5,Need to Check
0327829,28,"September 26, 2026","1,559","23,600",North 1,Jaipur,"1,680",-5,Need to Check
1115459,19,"September 19, 2026","1,556","20,000",North 2,Nainital,"1,675",-5,Need to Check
1115459,20,"September 19, 2026","1,556","20,000",North 2,Nainital,"1,675",-5,Need to Check
1115459,25,"September 17, 2026","1,844","20,000",North 2,Nainital,"1,976",-5,Need to Check
1115459,25,"September 20, 2026","1,844","20,000",North 2,Nainital,"1,976",-5,Need to Check
1115459,26,"September 17, 2026","1,844","20,000",North 2,Nainital,"1,976",-5,Need to Check
1115459,26,"September 20, 2026","1,844","20,000",North 2,Nainital,"1,976",-5,Need to Check
1115459,51,"September 19, 2026","1,556","20,000",North 2,Nainital,"1,675",-5,Need to Check
1126702,25,"September 16, 2026","3,223","23,600",North 2,Dehradun,"3,452",-5,Need to Check
1126702,25,"September 17, 2026","3,223","23,600",North 2,Dehradun,"3,452",-5,Need to Check
1126702,25,"September 18, 2026","3,223","23,600",North 2,Dehradun,"3,452",-5,Need to Check
1126702,25,"October 2, 2026","3,223","23,600",North 2,Dehradun,"3,452",-5,Need to Check
1126702,25,"October 3, 2026","3,223","23,600",North 2,Dehradun,"3,452",-5,Need to Check
1126702,25,"October 6, 2026","3,223","23,600",North 2,Dehradun,"3,452",-5,Need to Check
1126702,25,"October 7, 2026","3,223","23,600",North 2,Dehradun,"3,452",-5,Need to Check
1126702,25,"October 8, 2026","3,223","23,600",North 2,Dehradun,"3,452",-5,Need to Check
1126702,25,"October 9, 2026","3,223","23,600",North 2,Dehradun,"3,452",-5,Need to Check
1126702,26,"September 16, 2026","3,223","23,600",North 2,Dehradun,"3,452",-5,Need to Check
1126702,26,"September 17, 2026","3,223","23,600",North 2,Dehradun,"3,452",-5,Need to Check
1126702,26,"September 18, 2026","3,223","23,600",North 2,Dehradun,"3,452",-5,Need to Check
1126702,26,"October 2, 2026","3,223","23,600",North 2,Dehradun,"3,452",-5,Need to Check
1126702,26,"October 3, 2026","3,223","23,600",North 2,Dehradun,"3,452",-5,Need to Check
1126702,26,"October 6, 2026","3,223","23,600",North 2,Dehradun,"3,452",-5,Need to Check
1126702,26,"October 7, 2026","3,223","23,600",North 2,Dehradun,"3,452",-5,Need to Check
1126702,26,"October 8, 2026","3,223","23,600",North 2,Dehradun,"3,452",-5,Need to Check
1126702,26,"October 9, 2026","3,223","23,600",North 2,Dehradun,"3,452",-5,Need to Check
1206897,25,"August 21, 2027","1,516","23,600",North 2,Shimla,"1,625",-5,Need to Check
1206897,25,"August 22, 2027","1,516","23,600",North 2,Shimla,"1,625",-5,Need to Check
1206897,25,"August 27, 2027","1,516","23,600",North 2,Shimla,"1,625",-5,Need to Check
1206897,25,"August 28, 2027","1,516","23,600",North 2,Shimla,"1,625",-5,Need to Check
1206897,25,"August 29, 2027","1,516","23,600",North 2,Shimla,"1,625",-5,Need to Check
1206897,25,"August 30, 2027","1,516","23,600",North 2,Shimla,"1,625",-5,Need to Check
1206897,25,"August 31, 2027","1,516","23,600",North 2,Shimla,"1,625",-5,Need to Check
1206897,25,"September 15, 2027","1,516","23,600",North 2,Shimla,"1,625",-5,Need to Check
1206897,26,"August 21, 2027","1,516","23,600",North 2,Shimla,"1,625",-5,Need to Check
1206897,26,"August 22, 2027","1,516","23,600",North 2,Shimla,"1,625",-5,Need to Check
1206897,26,"August 27, 2027","1,516","23,600",North 2,Shimla,"1,625",-5,Need to Check
1206897,26,"August 28, 2027","1,516","23,600",North 2,Shimla,"1,625",-5,Need to Check
1206897,26,"August 29, 2027","1,516","23,600",North 2,Shimla,"1,625",-5,Need to Check
1206897,26,"August 30, 2027","1,516","23,600",North 2,Shimla,"1,625",-5,Need to Check
1206897,26,"August 31, 2027","1,516","23,600",North 2,Shimla,"1,625",-5,Need to Check
1206897,26,"September 15, 2027","1,516","23,600",North 2,Shimla,"1,625",-5,Need to Check
1344712,35,"September 21, 2026","3,121","23,600",West,Satara,"3,344",-5,Need to Check
1344712,36,"September 21, 2026","3,121","23,600",West,Satara,"3,344",-5,Need to Check
1344712,37,"September 21, 2026","3,121","23,600",West,Satara,"3,344",-5,Need to Check
1344712,59,"September 21, 2026","3,121","23,600",West,Satara,"3,344",-5,Need to Check
1395021,17,"September 21, 2026","1,524","23,600",North 1,Ahmedabad,"1,629",-5,Need to Check
1395021,18,"September 21, 2026","1,524","23,600",North 1,Ahmedabad,"1,629",-5,Need to Check
1395021,50,"September 21, 2026","1,524","23,600",North 1,Ahmedabad,"1,629",-5,Need to Check
1398875,19,"September 21, 2026","1,941","23,600",North 1,Ahmedabad,"2,093",-5,Need to Check
1398875,20,"September 21, 2026","1,941","23,600",North 1,Ahmedabad,"2,093",-5,Need to Check
1398875,21,"September 21, 2026","2,010","23,600",North 1,Ahmedabad,"2,162",-5,Need to Check
1398875,22,"September 21, 2026","2,010","23,600",North 1,Ahmedabad,"2,162",-5,Need to Check
1398875,23,"September 21, 2026","2,217","23,600",North 1,Ahmedabad,"2,369",-5,Need to Check
1398875,24,"September 21, 2026","2,217","23,600",North 1,Ahmedabad,"2,369",-5,Need to Check
1398875,39,"September 21, 2026","2,010","23,600",North 1,Ahmedabad,"2,162",-5,Need to Check
1398875,40,"September 21, 2026","2,217","23,600",North 1,Ahmedabad,"2,369",-5,Need to Check
1398875,83,"September 21, 2026","2,010","23,600",North 1,Ahmedabad,"2,162",-5,Need to Check
1405295,21,"September 21, 2026","1,312","23,600",North 1,Vadodara,"1,414",-5,Need to Check
1405295,22,"September 21, 2026","1,312","23,600",North 1,Vadodara,"1,414",-5,Need to Check
1405295,23,"September 21, 2026","1,398","23,600",North 1,Vadodara,"1,500",-5,Need to Check
1405295,24,"September 21, 2026","1,398","23,600",North 1,Vadodara,"1,500",-5,Need to Check
1405295,29,"September 21, 2026","1,519","23,600",North 1,Vadodara,"1,621",-5,Need to Check
1405295,30,"September 21, 2026","1,519","23,600",North 1,Vadodara,"1,621",-5,Need to Check
1405295,31,"September 21, 2026","1,519","23,600",North 1,Vadodara,"1,621",-5,Need to Check
1405295,39,"September 21, 2026","1,312","23,600",North 1,Vadodara,"1,414",-5,Need to Check
1405295,40,"September 21, 2026","1,398","23,600",North 1,Vadodara,"1,500",-5,Need to Check
1405295,57,"September 21, 2026","1,519","23,600",North 1,Vadodara,"1,621",-5,Need to Check
1405295,83,"September 21, 2026","1,312","23,600",North 1,Vadodara,"1,414",-5,Need to Check
1437251,29,"October 17, 2026","1,794","23,600",North 1,Noida,"1,920",-5,Need to Check
1437251,29,"October 18, 2026","1,794","23,600",North 1,Noida,"1,920",-5,Need to Check
1437251,29,"October 19, 2026","1,794","23,600",North 1,Noida,"1,920",-5,Need to Check
1437251,29,"October 20, 2026","1,794","23,600",North 1,Noida,"1,920",-5,Need to Check
1437251,29,"October 21, 2026","1,794","23,600",North 1,Noida,"1,920",-5,Need to Check
1437251,29,"October 22, 2026","1,794","23,600",North 1,Noida,"1,920",-5,Need to Check
1437251,29,"October 23, 2026","1,794","23,600",North 1,Noida,"1,920",-5,Need to Check
1437251,29,"October 24, 2026","1,794","23,600",North 1,Noida,"1,920",-5,Need to Check
1437251,29,"October 26, 2026","1,794","23,600",North 1,Noida,"1,920",-5,Need to Check
1437251,29,"October 27, 2026","1,794","23,600",North 1,Noida,"1,920",-5,Need to Check
1437251,29,"October 28, 2026","1,794","23,600",North 1,Noida,"1,920",-5,Need to Check
1437251,29,"October 29, 2026","1,794","23,600",North 1,Noida,"1,920",-5,Need to Check
1437251,29,"October 30, 2026","1,794","23,600",North 1,Noida,"1,920",-5,Need to Check
1437251,29,"October 31, 2026","1,794","23,600",North 1,Noida,"1,920",-5,Need to Check
1437251,29,"November 1, 2026","1,794","23,600",North 1,Noida,"1,920",-5,Need to Check
1437251,29,"November 2, 2026","1,794","23,600",North 1,Noida,"1,920",-5,Need to Check
1437251,29,"November 3, 2026","1,794","23,600",North 1,Noida,"1,920",-5,Need to Check
1437251,29,"November 4, 2026","1,794","23,600",North 1,Noida,"1,920",-5,Need to Check
1437251,29,"November 5, 2026","1,794","23,600",North 1,Noida,"1,920",-5,Need to Check
1437251,29,"November 6, 2026","1,794","23,600",North 1,Noida,"1,920",-5,Need to Check
1437251,29,"November 7, 2026","1,794","23,600",North 1,Noida,"1,920",-5,Need to Check
1437251,29,"November 8, 2026","1,794","23,600",North 1,Noida,"1,920",-5,Need to Check
1437251,29,"November 9, 2026","1,794","23,600",North 1,Noida,"1,920",-5,Need to Check
1437251,29,"November 13, 2026","1,794","23,600",North 1,Noida,"1,920",-5,Need to Check
1437251,29,"November 14, 2026","1,794","23,600",North 1,Noida,"1,920",-5,Need to Check
1437251,29,"November 15, 2026","1,794","23,600",North 1,Noida,"1,920",-5,Need to Check
1437251,29,"November 16, 2026","1,794","23,600",North 1,Noida,"1,920",-5,Need to Check
1437251,29,"November 17, 2026","1,794","23,600",North 1,Noida,"1,920",-5,Need to Check
1437251,29,"November 18, 2026","1,794","23,600",North 1,Noida,"1,920",-5,Need to Check
1437251,29,"November 19, 2026","1,794","23,600",North 1,Noida,"1,920",-5,Need to Check
1437251,29,"November 29, 2026","1,794","23,600",North 1,Noida,"1,920",-5,Need to Check
1437251,29,"November 30, 2026","1,794","23,600",North 1,Noida,"1,920",-5,Need to Check
1437251,29,"December 1, 2026","1,794","23,600",North 1,Noida,"1,920",-5,Need to Check
1437251,29,"December 7, 2026","1,794","23,600",North 1,Noida,"1,920",-5,Need to Check
1437251,29,"December 8, 2026","1,794","23,600",North 1,Noida,"1,920",-5,Need to Check
1437251,29,"December 9, 2026","1,794","23,600",North 1,Noida,"1,920",-5,Need to Check
1437251,29,"December 10, 2026","1,794","23,600",North 1,Noida,"1,920",-5,Need to Check
1437251,29,"December 13, 2026","1,794","23,600",North 1,Noida,"1,920",-5,Need to Check
1437251,29,"December 14, 2026","1,794","23,600",North 1,Noida,"1,920",-5,Need to Check
1437251,30,"October 17, 2026","1,794","23,600",North 1,Noida,"1,920",-5,Need to Check
1437251,30,"October 18, 2026","1,794","23,600",North 1,Noida,"1,920",-5,Need to Check
1437251,30,"October 19, 2026","1,794","23,600",North 1,Noida,"1,920",-5,Need to Check
1437251,30,"October 20, 2026","1,794","23,600",North 1,Noida,"1,920",-5,Need to Check
1437251,30,"October 21, 2026","1,794","23,600",North 1,Noida,"1,920",-5,Need to Check
1437251,30,"October 22, 2026","1,794","23,600",North 1,Noida,"1,920",-5,Need to Check
1437251,30,"October 23, 2026","1,794","23,600",North 1,Noida,"1,920",-5,Need to Check
1437251,30,"October 24, 2026","1,794","23,600",North 1,Noida,"1,920",-5,Need to Check
1437251,30,"October 26, 2026","1,794","23,600",North 1,Noida,"1,920",-5,Need to Check
1437251,30,"October 27, 2026","1,794","23,600",North 1,Noida,"1,920",-5,Need to Check
1437251,30,"October 28, 2026","1,794","23,600",North 1,Noida,"1,920",-5,Need to Check
1437251,30,"October 29, 2026","1,794","23,600",North 1,Noida,"1,920",-5,Need to Check
1437251,30,"October 30, 2026","1,794","23,600",North 1,Noida,"1,920",-5,Need to Check
1437251,30,"October 31, 2026","1,794","23,600",North 1,Noida,"1,920",-5,Need to Check
1437251,30,"November 1, 2026","1,794","23,600",North 1,Noida,"1,920",-5,Need to Check
1437251,30,"November 2, 2026","1,794","23,600",North 1,Noida,"1,920",-5,Need to Check
1437251,30,"November 3, 2026","1,794","23,600",North 1,Noida,"1,920",-5,Need to Check
1437251,30,"November 4, 2026","1,794","23,600",North 1,Noida,"1,920",-5,Need to Check
1437251,30,"November 5, 2026","1,794","23,600",North 1,Noida,"1,920",-5,Need to Check
1437251,30,"November 6, 2026","1,794","23,600",North 1,Noida,"1,920",-5,Need to Check
1437251,30,"November 7, 2026","1,794","23,600",North 1,Noida,"1,920",-5,Need to Check
1437251,30,"November 8, 2026","1,794","23,600",North 1,Noida,"1,920",-5,Need to Check
1437251,30,"November 9, 2026","1,794","23,600",North 1,Noida,"1,920",-5,Need to Check
1437251,30,"November 13, 2026","1,794","23,600",North 1,Noida,"1,920",-5,Need to Check
1437251,30,"November 14, 2026","1,794","23,600",North 1,Noida,"1,920",-5,Need to Check
1437251,30,"November 15, 2026","1,794","23,600",North 1,Noida,"1,920",-5,Need to Check
1437251,30,"November 16, 2026","1,794","23,600",North 1,Noida,"1,920",-5,Need to Check
1437251,30,"November 17, 2026","1,794","23,600",North 1,Noida,"1,920",-5,Need to Check
1437251,30,"November 18, 2026","1,794","23,600",North 1,Noida,"1,920",-5,Need to Check
1437251,30,"November 19, 2026","1,794","23,600",North 1,Noida,"1,920",-5,Need to Check
1437251,30,"November 29, 2026","1,794","23,600",North 1,Noida,"1,920",-5,Need to Check
1437251,30,"November 30, 2026","1,794","23,600",North 1,Noida,"1,920",-5,Need to Check
1437251,30,"December 1, 2026","1,794","23,600",North 1,Noida,"1,920",-5,Need to Check
1437251,30,"December 7, 2026","1,794","23,600",North 1,Noida,"1,920",-5,Need to Check
1437251,30,"December 8, 2026","1,794","23,600",North 1,Noida,"1,920",-5,Need to Check
1437251,30,"December 9, 2026","1,794","23,600",North 1,Noida,"1,920",-5,Need to Check
1437251,30,"December 10, 2026","1,794","23,600",North 1,Noida,"1,920",-5,Need to Check
1437251,30,"December 13, 2026","1,794","23,600",North 1,Noida,"1,920",-5,Need to Check
1437251,30,"December 14, 2026","1,794","23,600",North 1,Noida,"1,920",-5,Need to Check
1437251,31,"October 17, 2026","1,794","23,600",North 1,Noida,"1,920",-5,Need to Check
1437251,31,"October 18, 2026","1,794","23,600",North 1,Noida,"1,920",-5,Need to Check
1437251,31,"October 19, 2026","1,794","23,600",North 1,Noida,"1,920",-5,Need to Check
1437251,31,"October 20, 2026","1,794","23,600",North 1,Noida,"1,920",-5,Need to Check
1437251,31,"October 21, 2026","1,794","23,600",North 1,Noida,"1,920",-5,Need to Check
1437251,31,"October 22, 2026","1,794","23,600",North 1,Noida,"1,920",-5,Need to Check
1437251,31,"October 23, 2026","1,794","23,600",North 1,Noida,"1,920",-5,Need to Check
1437251,31,"October 24, 2026","1,794","23,600",North 1,Noida,"1,920",-5,Need to Check
1437251,31,"October 26, 2026","1,794","23,600",North 1,Noida,"1,920",-5,Need to Check
1437251,31,"October 27, 2026","1,794","23,600",North 1,Noida,"1,920",-5,Need to Check
1437251,31,"October 28, 2026","1,794","23,600",North 1,Noida,"1,920",-5,Need to Check
1437251,31,"October 29, 2026","1,794","23,600",North 1,Noida,"1,920",-5,Need to Check
1437251,31,"October 30, 2026","1,794","23,600",North 1,Noida,"1,920",-5,Need to Check
1437251,31,"October 31, 2026","1,794","23,600",North 1,Noida,"1,920",-5,Need to Check
1437251,31,"November 1, 2026","1,794","23,600",North 1,Noida,"1,920",-5,Need to Check
1437251,31,"November 2, 2026","1,794","23,600",North 1,Noida,"1,920",-5,Need to Check
1437251,31,"November 3, 2026","1,794","23,600",North 1,Noida,"1,920",-5,Need to Check
1437251,31,"November 4, 2026","1,794","23,600",North 1,Noida,"1,920",-5,Need to Check
1437251,31,"November 5, 2026","1,794","23,600",North 1,Noida,"1,920",-5,Need to Check
1437251,31,"November 6, 2026","1,794","23,600",North 1,Noida,"1,920",-5,Need to Check
1437251,31,"November 7, 2026","1,794","23,600",North 1,Noida,"1,920",-5,Need to Check
1437251,31,"November 8, 2026","1,794","23,600",North 1,Noida,"1,920",-5,Need to Check
1437251,31,"November 9, 2026","1,794","23,600",North 1,Noida,"1,920",-5,Need to Check
1437251,31,"November 13, 2026","1,794","23,600",North 1,Noida,"1,920",-5,Need to Check
1437251,31,"November 14, 2026","1,794","23,600",North 1,Noida,"1,920",-5,Need to Check
1437251,31,"November 15, 2026","1,794","23,600",North 1,Noida,"1,920",-5,Need to Check
1437251,31,"November 16, 2026","1,794","23,600",North 1,Noida,"1,920",-5,Need to Check
1437251,31,"November 17, 2026","1,794","23,600",North 1,Noida,"1,920",-5,Need to Check
1437251,31,"November 18, 2026","1,794","23,600",North 1,Noida,"1,920",-5,Need to Check
1437251,31,"November 19, 2026","1,794","23,600",North 1,Noida,"1,920",-5,Need to Check
1437251,31,"November 29, 2026","1,794","23,600",North 1,Noida,"1,920",-5,Need to Check
1437251,31,"November 30, 2026","1,794","23,600",North 1,Noida,"1,920",-5,Need to Check
1437251,31,"December 1, 2026","1,794","23,600",North 1,Noida,"1,920",-5,Need to Check
1437251,31,"December 7, 2026","1,794","23,600",North 1,Noida,"1,920",-5,Need to Check
1437251,31,"December 8, 2026","1,794","23,600",North 1,Noida,"1,920",-5,Need to Check
1437251,31,"December 9, 2026","1,794","23,600",North 1,Noida,"1,920",-5,Need to Check
1437251,31,"December 10, 2026","1,794","23,600",North 1,Noida,"1,920",-5,Need to Check
1437251,31,"December 13, 2026","1,794","23,600",North 1,Noida,"1,920",-5,Need to Check
1437251,31,"December 14, 2026","1,794","23,600",North 1,Noida,"1,920",-5,Need to Check
1437251,32,"October 17, 2026","1,863","23,600",North 1,Noida,"1,985",-5,Need to Check
1437251,32,"October 18, 2026","1,863","23,600",North 1,Noida,"1,985",-5,Need to Check
1437251,32,"October 19, 2026","1,863","23,600",North 1,Noida,"1,985",-5,Need to Check
1437251,32,"October 20, 2026","1,863","23,600",North 1,Noida,"1,985",-5,Need to Check
1437251,32,"October 21, 2026","1,863","23,600",North 1,Noida,"1,985",-5,Need to Check
1437251,32,"October 22, 2026","1,863","23,600",North 1,Noida,"1,985",-5,Need to Check
1437251,32,"October 23, 2026","1,863","23,600",North 1,Noida,"1,985",-5,Need to Check
1437251,32,"October 24, 2026","1,863","23,600",North 1,Noida,"1,985",-5,Need to Check
1437251,32,"October 26, 2026","1,863","23,600",North 1,Noida,"1,985",-5,Need to Check
1437251,32,"October 27, 2026","1,863","23,600",North 1,Noida,"1,985",-5,Need to Check
1437251,32,"October 28, 2026","1,863","23,600",North 1,Noida,"1,985",-5,Need to Check
1437251,32,"October 29, 2026","1,863","23,600",North 1,Noida,"1,985",-5,Need to Check
1437251,32,"October 30, 2026","1,863","23,600",North 1,Noida,"1,985",-5,Need to Check
1437251,32,"October 31, 2026","1,863","23,600",North 1,Noida,"1,985",-5,Need to Check
1437251,32,"November 1, 2026","1,863","23,600",North 1,Noida,"1,985",-5,Need to Check
1437251,32,"November 2, 2026","1,863","23,600",North 1,Noida,"1,985",-5,Need to Check
1437251,32,"November 3, 2026","1,863","23,600",North 1,Noida,"1,985",-5,Need to Check
1437251,32,"November 4, 2026","1,863","23,600",North 1,Noida,"1,985",-5,Need to Check
1437251,32,"November 5, 2026","1,863","23,600",North 1,Noida,"1,985",-5,Need to Check
1437251,32,"November 6, 2026","1,863","23,600",North 1,Noida,"1,985",-5,Need to Check
1437251,32,"November 7, 2026","1,863","23,600",North 1,Noida,"1,985",-5,Need to Check
1437251,32,"November 8, 2026","1,863","23,600",North 1,Noida,"1,985",-5,Need to Check
1437251,32,"November 9, 2026","1,863","23,600",North 1,Noida,"1,985",-5,Need to Check
1437251,32,"November 13, 2026","1,863","23,600",North 1,Noida,"1,985",-5,Need to Check
1437251,32,"November 14, 2026","1,863","23,600",North 1,Noida,"1,985",-5,Need to Check
1437251,32,"November 15, 2026","1,863","23,600",North 1,Noida,"1,985",-5,Need to Check
1437251,32,"November 16, 2026","1,863","23,600",North 1,Noida,"1,985",-5,Need to Check
1437251,32,"November 17, 2026","1,863","23,600",North 1,Noida,"1,985",-5,Need to Check
1437251,32,"November 18, 2026","1,863","23,600",North 1,Noida,"1,985",-5,Need to Check
1437251,32,"November 19, 2026","1,863","23,600",North 1,Noida,"1,985",-5,Need to Check
1437251,32,"November 29, 2026","1,863","23,600",North 1,Noida,"1,985",-5,Need to Check
1437251,32,"November 30, 2026","1,863","23,600",North 1,Noida,"1,985",-5,Need to Check
1437251,32,"December 1, 2026","1,863","23,600",North 1,Noida,"1,985",-5,Need to Check
1437251,32,"December 7, 2026","1,863","23,600",North 1,Noida,"1,985",-5,Need to Check
1437251,32,"December 8, 2026","1,863","23,600",North 1,Noida,"1,985",-5,Need to Check
1437251,32,"December 9, 2026","1,863","23,600",North 1,Noida,"1,985",-5,Need to Check
1437251,32,"December 10, 2026","1,863","23,600",North 1,Noida,"1,985",-5,Need to Check
1437251,32,"December 13, 2026","1,863","23,600",North 1,Noida,"1,985",-5,Need to Check
1437251,32,"December 14, 2026","1,863","23,600",North 1,Noida,"1,985",-5,Need to Check
1437251,33,"October 17, 2026","1,863","23,600",North 1,Noida,"1,985",-5,Need to Check
1437251,33,"October 18, 2026","1,863","23,600",North 1,Noida,"1,985",-5,Need to Check
1437251,33,"October 19, 2026","1,863","23,600",North 1,Noida,"1,985",-5,Need to Check
1437251,33,"October 20, 2026","1,863","23,600",North 1,Noida,"1,985",-5,Need to Check
1437251,33,"October 21, 2026","1,863","23,600",North 1,Noida,"1,985",-5,Need to Check
1437251,33,"October 22, 2026","1,863","23,600",North 1,Noida,"1,985",-5,Need to Check
1437251,33,"October 23, 2026","1,863","23,600",North 1,Noida,"1,985",-5,Need to Check
1437251,33,"October 24, 2026","1,863","23,600",North 1,Noida,"1,985",-5,Need to Check
1437251,33,"October 26, 2026","1,863","23,600",North 1,Noida,"1,985",-5,Need to Check
1437251,33,"October 27, 2026","1,863","23,600",North 1,Noida,"1,985",-5,Need to Check
1437251,33,"October 28, 2026","1,863","23,600",North 1,Noida,"1,985",-5,Need to Check
1437251,33,"October 29, 2026","1,863","23,600",North 1,Noida,"1,985",-5,Need to Check
1437251,33,"October 30, 2026","1,863","23,600",North 1,Noida,"1,985",-5,Need to Check
1437251,33,"October 31, 2026","1,863","23,600",North 1,Noida,"1,985",-5,Need to Check
1437251,33,"November 1, 2026","1,863","23,600",North 1,Noida,"1,985",-5,Need to Check
1437251,33,"November 2, 2026","1,863","23,600",North 1,Noida,"1,985",-5,Need to Check
1437251,33,"November 3, 2026","1,863","23,600",North 1,Noida,"1,985",-5,Need to Check
1437251,33,"November 4, 2026","1,863","23,600",North 1,Noida,"1,985",-5,Need to Check
1437251,33,"November 5, 2026","1,863","23,600",North 1,Noida,"1,985",-5,Need to Check
1437251,33,"November 6, 2026","1,863","23,600",North 1,Noida,"1,985",-5,Need to Check
1437251,33,"November 7, 2026","1,863","23,600",North 1,Noida,"1,985",-5,Need to Check
1437251,33,"November 8, 2026","1,863","23,600",North 1,Noida,"1,985",-5,Need to Check
1437251,33,"November 9, 2026","1,863","23,600",North 1,Noida,"1,985",-5,Need to Check
1437251,33,"November 13, 2026","1,863","23,600",North 1,Noida,"1,985",-5,Need to Check
1437251,33,"November 14, 2026","1,863","23,600",North 1,Noida,"1,985",-5,Need to Check
1437251,33,"November 15, 2026","1,863","23,600",North 1,Noida,"1,985",-5,Need to Check
1437251,33,"November 16, 2026","1,863","23,600",North 1,Noida,"1,985",-5,Need to Check
1437251,33,"November 17, 2026","1,863","23,600",North 1,Noida,"1,985",-5,Need to Check
1437251,33,"November 18, 2026","1,863","23,600",North 1,Noida,"1,985",-5,Need to Check
1437251,33,"November 19, 2026","1,863","23,600",North 1,Noida,"1,985",-5,Need to Check
1437251,33,"November 29, 2026","1,863","23,600",North 1,Noida,"1,985",-5,Need to Check
1437251,33,"November 30, 2026","1,863","23,600",North 1,Noida,"1,985",-5,Need to Check
1437251,33,"December 1, 2026","1,863","23,600",North 1,Noida,"1,985",-5,Need to Check
1437251,33,"December 7, 2026","1,863","23,600",North 1,Noida,"1,985",-5,Need to Check
1437251,33,"December 8, 2026","1,863","23,600",North 1,Noida,"1,985",-5,Need to Check
1437251,33,"December 9, 2026","1,863","23,600",North 1,Noida,"1,985",-5,Need to Check
1437251,33,"December 10, 2026","1,863","23,600",North 1,Noida,"1,985",-5,Need to Check
1437251,33,"December 13, 2026","1,863","23,600",North 1,Noida,"1,985",-5,Need to Check
1437251,33,"December 14, 2026","1,863","23,600",North 1,Noida,"1,985",-5,Need to Check
1437251,34,"October 17, 2026","1,863","23,600",North 1,Noida,"1,985",-5,Need to Check
1437251,34,"October 18, 2026","1,863","23,600",North 1,Noida,"1,985",-5,Need to Check
1437251,34,"October 19, 2026","1,863","23,600",North 1,Noida,"1,985",-5,Need to Check
1437251,34,"October 20, 2026","1,863","23,600",North 1,Noida,"1,985",-5,Need to Check
1437251,34,"October 21, 2026","1,863","23,600",North 1,Noida,"1,985",-5,Need to Check
1437251,34,"October 22, 2026","1,863","23,600",North 1,Noida,"1,985",-5,Need to Check
1437251,34,"October 23, 2026","1,863","23,600",North 1,Noida,"1,985",-5,Need to Check
1437251,34,"October 24, 2026","1,863","23,600",North 1,Noida,"1,985",-5,Need to Check
1437251,34,"October 26, 2026","1,863","23,600",North 1,Noida,"1,985",-5,Need to Check
1437251,34,"October 27, 2026","1,863","23,600",North 1,Noida,"1,985",-5,Need to Check
1437251,34,"October 28, 2026","1,863","23,600",North 1,Noida,"1,985",-5,Need to Check
1437251,34,"October 29, 2026","1,863","23,600",North 1,Noida,"1,985",-5,Need to Check
1437251,34,"October 30, 2026","1,863","23,600",North 1,Noida,"1,985",-5,Need to Check
1437251,34,"October 31, 2026","1,863","23,600",North 1,Noida,"1,985",-5,Need to Check
1437251,34,"November 1, 2026","1,863","23,600",North 1,Noida,"1,985",-5,Need to Check
1437251,34,"November 2, 2026","1,863","23,600",North 1,Noida,"1,985",-5,Need to Check
1437251,34,"November 3, 2026","1,863","23,600",North 1,Noida,"1,985",-5,Need to Check
1437251,34,"November 4, 2026","1,863","23,600",North 1,Noida,"1,985",-5,Need to Check
1437251,34,"November 5, 2026","1,863","23,600",North 1,Noida,"1,985",-5,Need to Check
1437251,34,"November 6, 2026","1,863","23,600",North 1,Noida,"1,985",-5,Need to Check
1437251,34,"November 7, 2026","1,863","23,600",North 1,Noida,"1,985",-5,Need to Check
1437251,34,"November 8, 2026","1,863","23,600",North 1,Noida,"1,985",-5,Need to Check
1437251,34,"November 9, 2026","1,863","23,600",North 1,Noida,"1,985",-5,Need to Check
1437251,34,"November 13, 2026","1,863","23,600",North 1,Noida,"1,985",-5,Need to Check
1437251,34,"November 14, 2026","1,863","23,600",North 1,Noida,"1,985",-5,Need to Check
1437251,34,"November 15, 2026","1,863","23,600",North 1,Noida,"1,985",-5,Need to Check
1437251,34,"November 16, 2026","1,863","23,600",North 1,Noida,"1,985",-5,Need to Check
1437251,34,"November 17, 2026","1,863","23,600",North 1,Noida,"1,985",-5,Need to Check
1437251,34,"November 18, 2026","1,863","23,600",North 1,Noida,"1,985",-5,Need to Check
1437251,34,"November 19, 2026","1,863","23,600",North 1,Noida,"1,985",-5,Need to Check
1437251,34,"November 29, 2026","1,863","23,600",North 1,Noida,"1,985",-5,Need to Check
1437251,34,"November 30, 2026","1,863","23,600",North 1,Noida,"1,985",-5,Need to Check
1437251,34,"December 1, 2026","1,863","23,600",North 1,Noida,"1,985",-5,Need to Check
1437251,34,"December 7, 2026","1,863","23,600",North 1,Noida,"1,985",-5,Need to Check
1437251,34,"December 8, 2026","1,863","23,600",North 1,Noida,"1,985",-5,Need to Check
1437251,34,"December 9, 2026","1,863","23,600",North 1,Noida,"1,985",-5,Need to Check
1437251,34,"December 10, 2026","1,863","23,600",North 1,Noida,"1,985",-5,Need to Check
1437251,34,"December 13, 2026","1,863","23,600",North 1,Noida,"1,985",-5,Need to Check
1437251,34,"December 14, 2026","1,863","23,600",North 1,Noida,"1,985",-5,Need to Check
1437251,35,"September 15, 2027","2,160","23,600",North 1,Noida,"2,310",-5,Need to Check
1437251,36,"September 15, 2027","2,160","23,600",North 1,Noida,"2,310",-5,Need to Check
1437251,57,"October 17, 2026","1,794","23,600",North 1,Noida,"1,920",-5,Need to Check
1437251,57,"October 18, 2026","1,794","23,600",North 1,Noida,"1,920",-5,Need to Check
1437251,57,"October 19, 2026","1,794","23,600",North 1,Noida,"1,920",-5,Need to Check
1437251,57,"October 20, 2026","1,794","23,600",North 1,Noida,"1,920",-5,Need to Check
1437251,57,"October 21, 2026","1,794","23,600",North 1,Noida,"1,920",-5,Need to Check
1437251,57,"October 22, 2026","1,794","23,600",North 1,Noida,"1,920",-5,Need to Check
1437251,57,"October 23, 2026","1,794","23,600",North 1,Noida,"1,920",-5,Need to Check
1437251,57,"October 24, 2026","1,794","23,600",North 1,Noida,"1,920",-5,Need to Check
1437251,57,"October 26, 2026","1,794","23,600",North 1,Noida,"1,920",-5,Need to Check
1437251,57,"October 27, 2026","1,794","23,600",North 1,Noida,"1,920",-5,Need to Check
1437251,57,"October 28, 2026","1,794","23,600",North 1,Noida,"1,920",-5,Need to Check
1437251,57,"October 29, 2026","1,794","23,600",North 1,Noida,"1,920",-5,Need to Check
1437251,57,"October 30, 2026","1,794","23,600",North 1,Noida,"1,920",-5,Need to Check
1437251,57,"October 31, 2026","1,794","23,600",North 1,Noida,"1,920",-5,Need to Check
1437251,57,"November 1, 2026","1,794","23,600",North 1,Noida,"1,920",-5,Need to Check
1437251,57,"November 2, 2026","1,794","23,600",North 1,Noida,"1,920",-5,Need to Check
1437251,57,"November 3, 2026","1,794","23,600",North 1,Noida,"1,920",-5,Need to Check
1437251,57,"November 4, 2026","1,794","23,600",North 1,Noida,"1,920",-5,Need to Check
1437251,57,"November 5, 2026","1,794","23,600",North 1,Noida,"1,920",-5,Need to Check
1437251,57,"November 6, 2026","1,794","23,600",North 1,Noida,"1,920",-5,Need to Check
1437251,57,"November 7, 2026","1,794","23,600",North 1,Noida,"1,920",-5,Need to Check
1437251,57,"November 8, 2026","1,794","23,600",North 1,Noida,"1,920",-5,Need to Check
1437251,57,"November 9, 2026","1,794","23,600",North 1,Noida,"1,920",-5,Need to Check
1437251,57,"November 13, 2026","1,794","23,600",North 1,Noida,"1,920",-5,Need to Check
1437251,57,"November 14, 2026","1,794","23,600",North 1,Noida,"1,920",-5,Need to Check
1437251,57,"November 15, 2026","1,794","23,600",North 1,Noida,"1,920",-5,Need to Check
1437251,57,"November 16, 2026","1,794","23,600",North 1,Noida,"1,920",-5,Need to Check
1437251,57,"November 17, 2026","1,794","23,600",North 1,Noida,"1,920",-5,Need to Check
1437251,57,"November 18, 2026","1,794","23,600",North 1,Noida,"1,920",-5,Need to Check
1437251,57,"November 19, 2026","1,794","23,600",North 1,Noida,"1,920",-5,Need to Check
1437251,57,"November 29, 2026","1,794","23,600",North 1,Noida,"1,920",-5,Need to Check
1437251,57,"November 30, 2026","1,794","23,600",North 1,Noida,"1,920",-5,Need to Check
1437251,57,"December 1, 2026","1,794","23,600",North 1,Noida,"1,920",-5,Need to Check
1437251,57,"December 7, 2026","1,794","23,600",North 1,Noida,"1,920",-5,Need to Check
1437251,57,"December 8, 2026","1,794","23,600",North 1,Noida,"1,920",-5,Need to Check
1437251,57,"December 9, 2026","1,794","23,600",North 1,Noida,"1,920",-5,Need to Check
1437251,57,"December 10, 2026","1,794","23,600",North 1,Noida,"1,920",-5,Need to Check
1437251,57,"December 13, 2026","1,794","23,600",North 1,Noida,"1,920",-5,Need to Check
1437251,57,"December 14, 2026","1,794","23,600",North 1,Noida,"1,920",-5,Need to Check
1446609,17,"September 20, 2026","1,169","23,600",South 1,Ooty,"1,248",-5,Need to Check
1446609,18,"September 20, 2026","1,169","23,600",South 1,Ooty,"1,248",-5,Need to Check
1446609,19,"September 20, 2026","1,169","23,600",South 1,Ooty,"1,248",-5,Need to Check
1446609,20,"September 20, 2026","1,169","23,600",South 1,Ooty,"1,248",-5,Need to Check
1446609,25,"September 20, 2026","1,169","23,600",South 1,Ooty,"1,248",-5,Need to Check
1446609,26,"September 20, 2026","1,169","23,600",South 1,Ooty,"1,248",-5,Need to Check
1453534,21,"September 23, 2026","2,103","23,600",South 2,Tirupati,"2,251",-5,Need to Check
1453534,22,"September 23, 2026","2,103","23,600",South 2,Tirupati,"2,251",-5,Need to Check
1453534,39,"September 23, 2026","2,103","23,600",South 2,Tirupati,"2,251",-5,Need to Check
1453534,83,"September 23, 2026","2,103","23,600",South 2,Tirupati,"2,251",-5,Need to Check
1464454,17,"September 18, 2026","1,679","23,600",South 1,Mysore,"1,792",-5,Need to Check
1464454,18,"September 18, 2026","1,679","23,600",South 1,Mysore,"1,792",-5,Need to Check
1464454,23,"September 19, 2026","2,162","23,600",South 1,Mysore,"2,317",-5,Need to Check
1464454,24,"September 19, 2026","2,162","23,600",South 1,Mysore,"2,317",-5,Need to Check
1464454,40,"September 19, 2026","2,162","23,600",South 1,Mysore,"2,317",-5,Need to Check
1464454,50,"September 18, 2026","1,679","23,600",South 1,Mysore,"1,792",-5,Need to Check
1464454,87,"September 18, 2026","1,679","23,600",South 1,Mysore,"1,792",-5,Need to Check
1505657,21,"September 21, 2026","2,669","23,600",West,Pune,"2,873",-5,Need to Check
1505657,22,"September 21, 2026","2,669","23,600",West,Pune,"2,873",-5,Need to Check
1505657,39,"September 21, 2026","2,669","23,600",West,Pune,"2,873",-5,Need to Check
1505657,83,"September 21, 2026","2,669","23,600",West,Pune,"2,873",-5,Need to Check
1776233,23,"September 18, 2026","2,357","23,600",South 1,Guruvayur,"2,536",-5,Need to Check
1776233,24,"September 18, 2026","2,357","23,600",South 1,Guruvayur,"2,536",-5,Need to Check
2011692,21,"September 17, 2026","1,819","20,000",South 1,Bangalore,"1,962",-5,Need to Check
2011692,21,"September 18, 2026","1,819","20,000",South 1,Bangalore,"1,962",-5,Need to Check
2011692,21,"September 19, 2026","1,819","20,000",South 1,Bangalore,"1,962",-5,Need to Check
2011692,21,"September 20, 2026","1,809","20,000",South 1,Bangalore,"1,952",-5,Need to Check
2011692,22,"September 17, 2026","1,819","20,000",South 1,Bangalore,"1,962",-5,Need to Check
2011692,22,"September 18, 2026","1,819","20,000",South 1,Bangalore,"1,962",-5,Need to Check
2011692,22,"September 19, 2026","1,819","20,000",South 1,Bangalore,"1,962",-5,Need to Check
2011692,22,"September 20, 2026","1,809","20,000",South 1,Bangalore,"1,952",-5,Need to Check
2011692,23,"September 17, 2026","1,957","20,000",South 1,Bangalore,"2,100",-5,Need to Check
2011692,23,"September 18, 2026","1,957","20,000",South 1,Bangalore,"2,100",-5,Need to Check
2011692,23,"September 19, 2026","1,957","20,000",South 1,Bangalore,"2,100",-5,Need to Check
2011692,23,"September 20, 2026","1,947","20,000",South 1,Bangalore,"2,090",-5,Need to Check
2011692,24,"September 17, 2026","1,957","20,000",South 1,Bangalore,"2,100",-5,Need to Check
2011692,24,"September 18, 2026","1,957","20,000",South 1,Bangalore,"2,100",-5,Need to Check
2011692,24,"September 19, 2026","1,957","20,000",South 1,Bangalore,"2,100",-5,Need to Check
2011692,24,"September 20, 2026","1,947","20,000",South 1,Bangalore,"2,090",-5,Need to Check
2011692,29,"September 17, 2026","1,991","20,000",South 1,Bangalore,"2,134",-5,Need to Check
2011692,29,"September 18, 2026","1,991","20,000",South 1,Bangalore,"2,134",-5,Need to Check
2011692,29,"September 19, 2026","1,991","20,000",South 1,Bangalore,"2,134",-5,Need to Check
2011692,29,"September 20, 2026","1,982","20,000",South 1,Bangalore,"2,124",-5,Need to Check
2011692,30,"September 17, 2026","1,991","20,000",South 1,Bangalore,"2,134",-5,Need to Check
2011692,30,"September 18, 2026","1,991","20,000",South 1,Bangalore,"2,134",-5,Need to Check
2011692,30,"September 19, 2026","1,991","20,000",South 1,Bangalore,"2,134",-5,Need to Check
2011692,30,"September 20, 2026","1,982","20,000",South 1,Bangalore,"2,124",-5,Need to Check
2011692,31,"September 17, 2026","1,991","20,000",South 1,Bangalore,"2,134",-5,Need to Check
2011692,31,"September 18, 2026","1,991","20,000",South 1,Bangalore,"2,134",-5,Need to Check
2011692,31,"September 19, 2026","1,991","20,000",South 1,Bangalore,"2,134",-5,Need to Check
2011692,31,"September 20, 2026","1,982","20,000",South 1,Bangalore,"2,124",-5,Need to Check
2011692,32,"September 17, 2026","2,129","20,000",South 1,Bangalore,"2,272",-5,Need to Check
2011692,32,"September 18, 2026","2,129","20,000",South 1,Bangalore,"2,272",-5,Need to Check
2011692,32,"September 19, 2026","2,129","20,000",South 1,Bangalore,"2,272",-5,Need to Check
2011692,32,"September 20, 2026","2,120","20,000",South 1,Bangalore,"2,262",-5,Need to Check
2011692,33,"September 17, 2026","2,129","20,000",South 1,Bangalore,"2,272",-5,Need to Check
2011692,33,"September 18, 2026","2,129","20,000",South 1,Bangalore,"2,272",-5,Need to Check
2011692,33,"September 19, 2026","2,129","20,000",South 1,Bangalore,"2,272",-5,Need to Check
2011692,33,"September 20, 2026","2,120","20,000",South 1,Bangalore,"2,262",-5,Need to Check
2011692,34,"September 17, 2026","2,129","20,000",South 1,Bangalore,"2,272",-5,Need to Check
2011692,34,"September 18, 2026","2,129","20,000",South 1,Bangalore,"2,272",-5,Need to Check
2011692,34,"September 19, 2026","2,129","20,000",South 1,Bangalore,"2,272",-5,Need to Check
2011692,34,"September 20, 2026","2,120","20,000",South 1,Bangalore,"2,262",-5,Need to Check
2011692,39,"September 17, 2026","1,819","20,000",South 1,Bangalore,"1,962",-5,Need to Check
2011692,39,"September 18, 2026","1,819","20,000",South 1,Bangalore,"1,962",-5,Need to Check
2011692,39,"September 19, 2026","1,819","20,000",South 1,Bangalore,"1,962",-5,Need to Check
2011692,39,"September 20, 2026","1,809","20,000",South 1,Bangalore,"1,952",-5,Need to Check
2011692,40,"September 17, 2026","1,957","20,000",South 1,Bangalore,"2,100",-5,Need to Check
2011692,40,"September 18, 2026","1,957","20,000",South 1,Bangalore,"2,100",-5,Need to Check
2011692,40,"September 19, 2026","1,957","20,000",South 1,Bangalore,"2,100",-5,Need to Check
2011692,40,"September 20, 2026","1,947","20,000",South 1,Bangalore,"2,090",-5,Need to Check
2011692,57,"September 17, 2026","1,991","20,000",South 1,Bangalore,"2,134",-5,Need to Check
2011692,57,"September 18, 2026","1,991","20,000",South 1,Bangalore,"2,134",-5,Need to Check
2011692,57,"September 19, 2026","1,991","20,000",South 1,Bangalore,"2,134",-5,Need to Check
2011692,57,"September 20, 2026","1,982","20,000",South 1,Bangalore,"2,124",-5,Need to Check
2011692,83,"September 17, 2026","1,819","20,000",South 1,Bangalore,"1,962",-5,Need to Check
2011692,83,"September 18, 2026","1,819","20,000",South 1,Bangalore,"1,962",-5,Need to Check
2011692,83,"September 19, 2026","1,819","20,000",South 1,Bangalore,"1,962",-5,Need to Check
2011692,83,"September 20, 2026","1,809","20,000",South 1,Bangalore,"1,952",-5,Need to Check
2013117,21,"September 18, 2026","1,770","23,600",South 1,Bangalore,"1,900",-5,Need to Check
2013117,21,"September 19, 2026","1,776","23,600",South 1,Bangalore,"1,900",-5,Need to Check
2013117,22,"September 18, 2026","1,770","23,600",South 1,Bangalore,"1,900",-5,Need to Check
2013117,22,"September 19, 2026","1,776","23,600",South 1,Bangalore,"1,900",-5,Need to Check
2013117,23,"September 18, 2026","1,839","23,600",South 1,Bangalore,"1,969",-5,Need to Check
2013117,23,"September 19, 2026","1,845","23,600",South 1,Bangalore,"1,969",-5,Need to Check
2013117,24,"September 18, 2026","1,839","23,600",South 1,Bangalore,"1,969",-5,Need to Check
2013117,24,"September 19, 2026","1,845","23,600",South 1,Bangalore,"1,969",-5,Need to Check
2013117,27,"September 15, 2026","2,271","23,600",South 1,Bangalore,"2,451",-5,Need to Check
2013117,28,"September 15, 2026","2,271","23,600",South 1,Bangalore,"2,451",-5,Need to Check
2013117,29,"September 15, 2026","2,409","23,600",South 1,Bangalore,"2,589",-5,Need to Check
2013117,29,"September 20, 2026","2,409","23,600",South 1,Bangalore,"2,590",-5,Need to Check
2013117,30,"September 15, 2026","2,409","23,600",South 1,Bangalore,"2,589",-5,Need to Check
2013117,30,"September 20, 2026","2,409","23,600",South 1,Bangalore,"2,590",-5,Need to Check
2013117,31,"September 15, 2026","2,409","23,600",South 1,Bangalore,"2,589",-5,Need to Check
2013117,31,"September 20, 2026","2,409","23,600",South 1,Bangalore,"2,590",-5,Need to Check
2013117,32,"September 15, 2026","2,564","23,600",South 1,Bangalore,"2,744",-5,Need to Check
2013117,32,"September 20, 2026","2,564","23,600",South 1,Bangalore,"2,746",-5,Need to Check
2013117,33,"September 15, 2026","2,564","23,600",South 1,Bangalore,"2,744",-5,Need to Check
2013117,33,"September 20, 2026","2,564","23,600",South 1,Bangalore,"2,746",-5,Need to Check
2013117,34,"September 15, 2026","2,564","23,600",South 1,Bangalore,"2,744",-5,Need to Check
2013117,34,"September 20, 2026","2,564","23,600",South 1,Bangalore,"2,746",-5,Need to Check
2013117,39,"September 18, 2026","1,770","23,600",South 1,Bangalore,"1,900",-5,Need to Check
2013117,39,"September 19, 2026","1,776","23,600",South 1,Bangalore,"1,900",-5,Need to Check
2013117,40,"September 18, 2026","1,839","23,600",South 1,Bangalore,"1,969",-5,Need to Check
2013117,40,"September 19, 2026","1,845","23,600",South 1,Bangalore,"1,969",-5,Need to Check
2013117,57,"September 15, 2026","2,409","23,600",South 1,Bangalore,"2,589",-5,Need to Check
2013117,57,"September 20, 2026","2,409","23,600",South 1,Bangalore,"2,590",-5,Need to Check
2013117,83,"September 18, 2026","1,770","23,600",South 1,Bangalore,"1,900",-5,Need to Check
2013117,83,"September 19, 2026","1,776","23,600",South 1,Bangalore,"1,900",-5,Need to Check
2014917,17,"September 18, 2026","1,645","20,000",South 1,Bangalore,"1,753",-5,Need to Check
2014917,18,"September 18, 2026","1,645","20,000",South 1,Bangalore,"1,753",-5,Need to Check
2014917,25,"September 20, 2026","2,064","20,000",South 1,Bangalore,"2,208",-5,Need to Check
2014917,26,"September 20, 2026","2,064","20,000",South 1,Bangalore,"2,208",-5,Need to Check
2039275,27,"October 26, 2026","1,834","20,000",North 1,Ahmedabad,"1,978",-5,Need to Check
2039275,27,"October 27, 2026","1,833","20,000",North 1,Ahmedabad,"1,978",-5,Need to Check
2039275,27,"October 28, 2026","1,836","20,000",North 1,Ahmedabad,"1,978",-5,Need to Check
2039275,27,"October 29, 2026","1,833","20,000",North 1,Ahmedabad,"1,978",-5,Need to Check
2039275,27,"October 30, 2026","1,833","20,000",North 1,Ahmedabad,"1,978",-5,Need to Check
2039275,27,"November 17, 2026","1,833","20,000",North 1,Ahmedabad,"1,978",-5,Need to Check
2039275,27,"November 18, 2026","1,833","20,000",North 1,Ahmedabad,"1,978",-5,Need to Check
2039275,27,"November 19, 2026","1,833","20,000",North 1,Ahmedabad,"1,978",-5,Need to Check
2039275,27,"November 23, 2026","1,833","20,000",North 1,Ahmedabad,"1,978",-5,Need to Check
2039275,27,"November 24, 2026","1,833","20,000",North 1,Ahmedabad,"1,978",-5,Need to Check
2039275,27,"November 25, 2026","1,833","20,000",North 1,Ahmedabad,"1,978",-5,Need to Check
2039275,27,"November 26, 2026","1,833","20,000",North 1,Ahmedabad,"1,978",-5,Need to Check
2039275,27,"November 27, 2026","1,833","20,000",North 1,Ahmedabad,"1,978",-5,Need to Check
2039275,27,"November 28, 2026","1,833","20,000",North 1,Ahmedabad,"1,978",-5,Need to Check
2039275,27,"November 29, 2026","1,833","20,000",North 1,Ahmedabad,"1,978",-5,Need to Check
2039275,27,"November 30, 2026","1,833","20,000",North 1,Ahmedabad,"1,978",-5,Need to Check
2039275,27,"December 1, 2026","1,833","20,000",North 1,Ahmedabad,"1,978",-5,Need to Check
2039275,27,"December 2, 2026","1,833","20,000",North 1,Ahmedabad,"1,978",-5,Need to Check
2039275,27,"December 3, 2026","1,833","20,000",North 1,Ahmedabad,"1,978",-5,Need to Check
2039275,27,"December 4, 2026","1,833","20,000",North 1,Ahmedabad,"1,978",-5,Need to Check
2039275,27,"December 5, 2026","1,833","20,000",North 1,Ahmedabad,"1,978",-5,Need to Check
2039275,27,"December 6, 2026","1,833","20,000",North 1,Ahmedabad,"1,978",-5,Need to Check
2039275,27,"December 7, 2026","1,833","20,000",North 1,Ahmedabad,"1,978",-5,Need to Check
2039275,27,"December 8, 2026","1,833","20,000",North 1,Ahmedabad,"1,978",-5,Need to Check
2039275,27,"December 9, 2026","1,833","20,000",North 1,Ahmedabad,"1,978",-5,Need to Check
2039275,27,"December 10, 2026","1,833","20,000",North 1,Ahmedabad,"1,978",-5,Need to Check
2039275,27,"December 11, 2026","1,833","20,000",North 1,Ahmedabad,"1,978",-5,Need to Check
2039275,27,"December 12, 2026","1,833","20,000",North 1,Ahmedabad,"1,978",-5,Need to Check
2039275,27,"December 13, 2026","1,833","20,000",North 1,Ahmedabad,"1,978",-5,Need to Check
2039275,27,"December 14, 2026","1,833","20,000",North 1,Ahmedabad,"1,978",-5,Need to Check
2039275,28,"October 26, 2026","1,834","20,000",North 1,Ahmedabad,"1,978",-5,Need to Check
2039275,28,"October 27, 2026","1,833","20,000",North 1,Ahmedabad,"1,978",-5,Need to Check
2039275,28,"October 28, 2026","1,836","20,000",North 1,Ahmedabad,"1,978",-5,Need to Check
2039275,28,"October 29, 2026","1,833","20,000",North 1,Ahmedabad,"1,978",-5,Need to Check
2039275,28,"October 30, 2026","1,833","20,000",North 1,Ahmedabad,"1,978",-5,Need to Check
2039275,28,"November 17, 2026","1,833","20,000",North 1,Ahmedabad,"1,978",-5,Need to Check
2039275,28,"November 18, 2026","1,833","20,000",North 1,Ahmedabad,"1,978",-5,Need to Check
2039275,28,"November 19, 2026","1,833","20,000",North 1,Ahmedabad,"1,978",-5,Need to Check
2039275,28,"November 23, 2026","1,833","20,000",North 1,Ahmedabad,"1,978",-5,Need to Check
2039275,28,"November 24, 2026","1,833","20,000",North 1,Ahmedabad,"1,978",-5,Need to Check
2039275,28,"November 25, 2026","1,833","20,000",North 1,Ahmedabad,"1,978",-5,Need to Check
2039275,28,"November 26, 2026","1,833","20,000",North 1,Ahmedabad,"1,978",-5,Need to Check
2039275,28,"November 27, 2026","1,833","20,000",North 1,Ahmedabad,"1,978",-5,Need to Check
2039275,28,"November 28, 2026","1,833","20,000",North 1,Ahmedabad,"1,978",-5,Need to Check
2039275,28,"November 29, 2026","1,833","20,000",North 1,Ahmedabad,"1,978",-5,Need to Check
2039275,28,"November 30, 2026","1,833","20,000",North 1,Ahmedabad,"1,978",-5,Need to Check
2039275,28,"December 1, 2026","1,833","20,000",North 1,Ahmedabad,"1,978",-5,Need to Check
2039275,28,"December 2, 2026","1,833","20,000",North 1,Ahmedabad,"1,978",-5,Need to Check
2039275,28,"December 3, 2026","1,833","20,000",North 1,Ahmedabad,"1,978",-5,Need to Check
2039275,28,"December 4, 2026","1,833","20,000",North 1,Ahmedabad,"1,978",-5,Need to Check
2039275,28,"December 5, 2026","1,833","20,000",North 1,Ahmedabad,"1,978",-5,Need to Check
2039275,28,"December 6, 2026","1,833","20,000",North 1,Ahmedabad,"1,978",-5,Need to Check
2039275,28,"December 7, 2026","1,833","20,000",North 1,Ahmedabad,"1,978",-5,Need to Check
2039275,28,"December 8, 2026","1,833","20,000",North 1,Ahmedabad,"1,978",-5,Need to Check
2039275,28,"December 9, 2026","1,833","20,000",North 1,Ahmedabad,"1,978",-5,Need to Check
2039275,28,"December 10, 2026","1,833","20,000",North 1,Ahmedabad,"1,978",-5,Need to Check
2039275,28,"December 11, 2026","1,833","20,000",North 1,Ahmedabad,"1,978",-5,Need to Check
2039275,28,"December 12, 2026","1,833","20,000",North 1,Ahmedabad,"1,978",-5,Need to Check
2039275,28,"December 13, 2026","1,833","20,000",North 1,Ahmedabad,"1,978",-5,Need to Check
2039275,28,"December 14, 2026","1,833","20,000",North 1,Ahmedabad,"1,978",-5,Need to Check
2039275,32,"October 26, 2026","1,869","20,000",North 1,Ahmedabad,"2,011",-5,Need to Check
2039275,32,"October 27, 2026","1,867","20,000",North 1,Ahmedabad,"2,011",-5,Need to Check
2039275,32,"October 28, 2026","1,870","20,000",North 1,Ahmedabad,"2,011",-5,Need to Check
2039275,32,"October 29, 2026","1,867","20,000",North 1,Ahmedabad,"2,011",-5,Need to Check
2039275,32,"October 30, 2026","1,867","20,000",North 1,Ahmedabad,"2,011",-5,Need to Check
2039275,32,"November 17, 2026","1,867","20,000",North 1,Ahmedabad,"2,011",-5,Need to Check
2039275,32,"November 18, 2026","1,867","20,000",North 1,Ahmedabad,"2,011",-5,Need to Check
2039275,32,"November 19, 2026","1,867","20,000",North 1,Ahmedabad,"2,011",-5,Need to Check
2039275,32,"November 23, 2026","1,867","20,000",North 1,Ahmedabad,"2,011",-5,Need to Check
2039275,32,"November 24, 2026","1,867","20,000",North 1,Ahmedabad,"2,011",-5,Need to Check
2039275,32,"November 25, 2026","1,867","20,000",North 1,Ahmedabad,"2,011",-5,Need to Check
2039275,32,"November 26, 2026","1,867","20,000",North 1,Ahmedabad,"2,011",-5,Need to Check
2039275,32,"November 27, 2026","1,867","20,000",North 1,Ahmedabad,"2,011",-5,Need to Check
2039275,32,"November 28, 2026","1,867","20,000",North 1,Ahmedabad,"2,011",-5,Need to Check
2039275,32,"November 29, 2026","1,867","20,000",North 1,Ahmedabad,"2,011",-5,Need to Check
2039275,32,"November 30, 2026","1,867","20,000",North 1,Ahmedabad,"2,011",-5,Need to Check
2039275,32,"December 1, 2026","1,867","20,000",North 1,Ahmedabad,"2,011",-5,Need to Check
2039275,32,"December 2, 2026","1,867","20,000",North 1,Ahmedabad,"2,011",-5,Need to Check
2039275,32,"December 3, 2026","1,867","20,000",North 1,Ahmedabad,"2,011",-5,Need to Check
2039275,32,"December 4, 2026","1,867","20,000",North 1,Ahmedabad,"2,011",-5,Need to Check
2039275,32,"December 5, 2026","1,867","20,000",North 1,Ahmedabad,"2,011",-5,Need to Check
2039275,32,"December 6, 2026","1,867","20,000",North 1,Ahmedabad,"2,011",-5,Need to Check
2039275,32,"December 7, 2026","1,867","20,000",North 1,Ahmedabad,"2,011",-5,Need to Check
2039275,32,"December 8, 2026","1,867","20,000",North 1,Ahmedabad,"2,011",-5,Need to Check
2039275,32,"December 9, 2026","1,867","20,000",North 1,Ahmedabad,"2,011",-5,Need to Check
2039275,32,"December 10, 2026","1,867","20,000",North 1,Ahmedabad,"2,011",-5,Need to Check
2039275,32,"December 11, 2026","1,867","20,000",North 1,Ahmedabad,"2,011",-5,Need to Check
2039275,32,"December 12, 2026","1,867","20,000",North 1,Ahmedabad,"2,011",-5,Need to Check
2039275,32,"December 13, 2026","1,867","20,000",North 1,Ahmedabad,"2,011",-5,Need to Check
2039275,32,"December 14, 2026","1,867","20,000",North 1,Ahmedabad,"2,011",-5,Need to Check
2039275,33,"October 26, 2026","1,869","20,000",North 1,Ahmedabad,"2,011",-5,Need to Check
2039275,33,"October 27, 2026","1,867","20,000",North 1,Ahmedabad,"2,011",-5,Need to Check
2039275,33,"October 28, 2026","1,870","20,000",North 1,Ahmedabad,"2,011",-5,Need to Check
2039275,33,"October 29, 2026","1,867","20,000",North 1,Ahmedabad,"2,011",-5,Need to Check
2039275,33,"October 30, 2026","1,867","20,000",North 1,Ahmedabad,"2,011",-5,Need to Check
2039275,33,"November 17, 2026","1,867","20,000",North 1,Ahmedabad,"2,011",-5,Need to Check
2039275,33,"November 18, 2026","1,867","20,000",North 1,Ahmedabad,"2,011",-5,Need to Check
2039275,33,"November 19, 2026","1,867","20,000",North 1,Ahmedabad,"2,011",-5,Need to Check
2039275,33,"November 23, 2026","1,867","20,000",North 1,Ahmedabad,"2,011",-5,Need to Check
2039275,33,"November 24, 2026","1,867","20,000",North 1,Ahmedabad,"2,011",-5,Need to Check
2039275,33,"November 25, 2026","1,867","20,000",North 1,Ahmedabad,"2,011",-5,Need to Check
2039275,33,"November 26, 2026","1,867","20,000",North 1,Ahmedabad,"2,011",-5,Need to Check
2039275,33,"November 27, 2026","1,867","20,000",North 1,Ahmedabad,"2,011",-5,Need to Check
2039275,33,"November 28, 2026","1,867","20,000",North 1,Ahmedabad,"2,011",-5,Need to Check
2039275,33,"November 29, 2026","1,867","20,000",North 1,Ahmedabad,"2,011",-5,Need to Check
2039275,33,"November 30, 2026","1,867","20,000",North 1,Ahmedabad,"2,011",-5,Need to Check
2039275,33,"December 1, 2026","1,867","20,000",North 1,Ahmedabad,"2,011",-5,Need to Check
2039275,33,"December 2, 2026","1,867","20,000",North 1,Ahmedabad,"2,011",-5,Need to Check
2039275,33,"December 3, 2026","1,867","20,000",North 1,Ahmedabad,"2,011",-5,Need to Check
2039275,33,"December 4, 2026","1,867","20,000",North 1,Ahmedabad,"2,011",-5,Need to Check
2039275,33,"December 5, 2026","1,867","20,000",North 1,Ahmedabad,"2,011",-5,Need to Check
2039275,33,"December 6, 2026","1,867","20,000",North 1,Ahmedabad,"2,011",-5,Need to Check
2039275,33,"December 7, 2026","1,867","20,000",North 1,Ahmedabad,"2,011",-5,Need to Check
2039275,33,"December 8, 2026","1,867","20,000",North 1,Ahmedabad,"2,011",-5,Need to Check
2039275,33,"December 9, 2026","1,867","20,000",North 1,Ahmedabad,"2,011",-5,Need to Check
2039275,33,"December 10, 2026","1,867","20,000",North 1,Ahmedabad,"2,011",-5,Need to Check
2039275,33,"December 11, 2026","1,867","20,000",North 1,Ahmedabad,"2,011",-5,Need to Check
2039275,33,"December 12, 2026","1,867","20,000",North 1,Ahmedabad,"2,011",-5,Need to Check
2039275,33,"December 13, 2026","1,867","20,000",North 1,Ahmedabad,"2,011",-5,Need to Check
2039275,33,"December 14, 2026","1,867","20,000",North 1,Ahmedabad,"2,011",-5,Need to Check
2039275,34,"October 26, 2026","1,869","20,000",North 1,Ahmedabad,"2,011",-5,Need to Check
2039275,34,"October 27, 2026","1,867","20,000",North 1,Ahmedabad,"2,011",-5,Need to Check
2039275,34,"October 28, 2026","1,870","20,000",North 1,Ahmedabad,"2,011",-5,Need to Check
2039275,34,"October 29, 2026","1,867","20,000",North 1,Ahmedabad,"2,011",-5,Need to Check
2039275,34,"October 30, 2026","1,867","20,000",North 1,Ahmedabad,"2,011",-5,Need to Check
2039275,34,"November 17, 2026","1,867","20,000",North 1,Ahmedabad,"2,011",-5,Need to Check
2039275,34,"November 18, 2026","1,867","20,000",North 1,Ahmedabad,"2,011",-5,Need to Check
2039275,34,"November 19, 2026","1,867","20,000",North 1,Ahmedabad,"2,011",-5,Need to Check
2039275,34,"November 23, 2026","1,867","20,000",North 1,Ahmedabad,"2,011",-5,Need to Check
2039275,34,"November 24, 2026","1,867","20,000",North 1,Ahmedabad,"2,011",-5,Need to Check
2039275,34,"November 25, 2026","1,867","20,000",North 1,Ahmedabad,"2,011",-5,Need to Check
2039275,34,"November 26, 2026","1,867","20,000",North 1,Ahmedabad,"2,011",-5,Need to Check
2039275,34,"November 27, 2026","1,867","20,000",North 1,Ahmedabad,"2,011",-5,Need to Check
2039275,34,"November 28, 2026","1,867","20,000",North 1,Ahmedabad,"2,011",-5,Need to Check
2039275,34,"November 29, 2026","1,867","20,000",North 1,Ahmedabad,"2,011",-5,Need to Check
2039275,34,"November 30, 2026","1,867","20,000",North 1,Ahmedabad,"2,011",-5,Need to Check
2039275,34,"December 1, 2026","1,867","20,000",North 1,Ahmedabad,"2,011",-5,Need to Check
2039275,34,"December 2, 2026","1,867","20,000",North 1,Ahmedabad,"2,011",-5,Need to Check
2039275,34,"December 3, 2026","1,867","20,000",North 1,Ahmedabad,"2,011",-5,Need to Check
2039275,34,"December 4, 2026","1,867","20,000",North 1,Ahmedabad,"2,011",-5,Need to Check
2039275,34,"December 5, 2026","1,867","20,000",North 1,Ahmedabad,"2,011",-5,Need to Check
2039275,34,"December 6, 2026","1,867","20,000",North 1,Ahmedabad,"2,011",-5,Need to Check
2039275,34,"December 7, 2026","1,867","20,000",North 1,Ahmedabad,"2,011",-5,Need to Check
2039275,34,"December 8, 2026","1,867","20,000",North 1,Ahmedabad,"2,011",-5,Need to Check
2039275,34,"December 9, 2026","1,867","20,000",North 1,Ahmedabad,"2,011",-5,Need to Check
2039275,34,"December 10, 2026","1,867","20,000",North 1,Ahmedabad,"2,011",-5,Need to Check
2039275,34,"December 11, 2026","1,867","20,000",North 1,Ahmedabad,"2,011",-5,Need to Check
2039275,34,"December 12, 2026","1,867","20,000",North 1,Ahmedabad,"2,011",-5,Need to Check
2039275,34,"December 13, 2026","1,867","20,000",North 1,Ahmedabad,"2,011",-5,Need to Check
2039275,34,"December 14, 2026","1,867","20,000",North 1,Ahmedabad,"2,011",-5,Need to Check
2043614,23,"September 21, 2026","1,698","20,000",North 1,Noida,"1,833",-5,Need to Check
2043614,24,"September 21, 2026","1,698","20,000",North 1,Noida,"1,833",-5,Need to Check
2043614,27,"September 20, 2026","2,043","20,000",North 1,Noida,"2,184",-5,Need to Check
2043614,27,"September 21, 2026","2,043","20,000",North 1,Noida,"2,178",-5,Need to Check
2043614,28,"September 20, 2026","2,043","20,000",North 1,Noida,"2,184",-5,Need to Check
2043614,28,"September 21, 2026","2,043","20,000",North 1,Noida,"2,178",-5,Need to Check
2043614,40,"September 21, 2026","1,698","20,000",North 1,Noida,"1,833",-5,Need to Check
2046776,21,"September 17, 2026","1,618","23,600",South 1,Mysore,"1,743",-5,Need to Check
2046776,22,"September 17, 2026","1,618","23,600",South 1,Mysore,"1,743",-5,Need to Check
2046776,23,"September 17, 2026","1,756","23,600",South 1,Mysore,"1,883",-5,Need to Check
2046776,24,"September 17, 2026","1,756","23,600",South 1,Mysore,"1,883",-5,Need to Check
2046776,25,"September 17, 2026","1,963","23,600",South 1,Mysore,"2,093",-5,Need to Check
2046776,26,"September 17, 2026","1,963","23,600",South 1,Mysore,"2,093",-5,Need to Check
2046776,39,"September 17, 2026","1,618","23,600",South 1,Mysore,"1,743",-5,Need to Check
2046776,40,"September 17, 2026","1,756","23,600",South 1,Mysore,"1,883",-5,Need to Check
2046776,83,"September 17, 2026","1,618","23,600",South 1,Mysore,"1,743",-5,Need to Check
2051409,15,"September 21, 2026","1,737","23,600",West,Nashik,"1,859",-5,Need to Check
2052672,17,"September 21, 2026","1,539","23,600",North 1,Gurgaon,"1,643",-5,Need to Check
2052672,18,"September 21, 2026","1,539","23,600",North 1,Gurgaon,"1,643",-5,Need to Check
2052672,50,"September 21, 2026","1,539","23,600",North 1,Gurgaon,"1,643",-5,Need to Check
