property_code,sku_code,date,min_price,max_price,region,city,original_min_price,pct_diff,alert
0045959,17,"September 21, 2026","1,518","23,600",South 2,Hyderabad,"1,545",-1,Need to Check
0045959,18,"September 21, 2026","1,518","20,000",South 2,Hyderabad,"1,545",-1,Need to Check
0045959,18,"September 21, 2026","1,518","20,000",South 2,Hyderabad,"1,545",-1,Need to Check
0045959,19,"September 21, 2026","1,622","20,000",South 2,Hyderabad,"1,648",-1,Need to Check
0045959,19,"September 21, 2026","1,622","20,000",South 2,Hyderabad,"1,648",-1,Need to Check
0045959,20,"September 21, 2026","1,622","20,000",South 2,Hyderabad,"1,648",-1,Need to Check
0045959,20,"September 21, 2026","1,622","20,000",South 2,Hyderabad,"1,648",-1,Need to Check
0045959,21,"September 21, 2026","1,760","20,000",South 2,Hyderabad,"1,786",-1,Need to Check
0045959,21,"September 21, 2026","1,760","20,000",South 2,Hyderabad,"1,786",-1,Need to Check
0045959,22,"September 21, 2026","1,760","20,000",South 2,Hyderabad,"1,786",-1,Need to Check
0045959,22,"September 21, 2026","1,760","20,000",South 2,Hyderabad,"1,786",-1,Need to Check
0045959,23,"September 21, 2026","1,863","20,000",South 2,Hyderabad,"1,890",-1,Need to Check
0045959,23,"September 21, 2026","1,863","20,000",South 2,Hyderabad,"1,890",-1,Need to Check
0045959,24,"September 21, 2026","1,863","20,000",South 2,Hyderabad,"1,890",-1,Need to Check
0045959,24,"September 21, 2026","1,863","20,000",South 2,Hyderabad,"1,890",-1,Need to Check
0045959,25,"September 21, 2026","2,036","23,600",South 2,Hyderabad,"2,062",-1,Need to Check
0045959,26,"September 21, 2026","2,036","23,600",South 2,Hyderabad,"2,062",-1,Need to Check
0045959,27,"September 21, 2026","2,277","20,000",South 2,Hyderabad,"2,304",-1,Need to Check
0045959,27,"September 21, 2026","2,277","20,000",South 2,Hyderabad,"2,304",-1,Need to Check
0045959,28,"September 21, 2026","2,277","20,000",South 2,Hyderabad,"2,304",-1,Need to Check
0045959,28,"September 21, 2026","2,277","20,000",South 2,Hyderabad,"2,304",-1,Need to Check
0045959,29,"September 21, 2026","1,794","23,600",South 2,Hyderabad,"1,821",-1,Need to Check
0045959,30,"September 21, 2026","1,794","23,600",South 2,Hyderabad,"1,821",-1,Need to Check
0045959,31,"September 21, 2026","1,794","23,600",South 2,Hyderabad,"1,821",-1,Need to Check
0045959,32,"September 21, 2026","1,898","23,600",South 2,Hyderabad,"1,924",-1,Need to Check
0045959,33,"September 21, 2026","1,898","23,600",South 2,Hyderabad,"1,924",-1,Need to Check
0045959,34,"September 21, 2026","1,898","23,600",South 2,Hyderabad,"1,924",-1,Need to Check
0045959,35,"September 21, 2026","2,312","23,600",South 2,Hyderabad,"2,343",-1,Need to Check
0045959,36,"September 21, 2026","2,312","23,600",South 2,Hyderabad,"2,343",-1,Need to Check
0045959,39,"September 21, 2026","1,760","23,600",South 2,Hyderabad,"1,786",-1,Need to Check
0045959,40,"September 21, 2026","1,863","23,600",South 2,Hyderabad,"1,890",-1,Need to Check
0045959,50,"September 21, 2026","1,518","20,000",South 2,Hyderabad,"1,545",-1,Need to Check
0045959,50,"September 21, 2026","1,518","20,000",South 2,Hyderabad,"1,545",-1,Need to Check
0045959,51,"September 21, 2026","1,622","20,000",South 2,Hyderabad,"1,648",-1,Need to Check
0045959,51,"September 21, 2026","1,622","20,000",South 2,Hyderabad,"1,648",-1,Need to Check
0045959,57,"September 21, 2026","1,794","23,600",South 2,Hyderabad,"1,821",-1,Need to Check
0045959,83,"September 21, 2026","1,760","23,600",South 2,Hyderabad,"1,786",-1,Need to Check
0045959,87,"September 21, 2026","1,518","23,600",South 2,Hyderabad,"1,545",-1,Need to Check
0063794,17,"September 16, 2026","1,363","23,600",West,Indore,"1,374",-1,Need to Check
0063794,17,"September 17, 2026","1,383","23,600",West,Indore,"1,397",-1,Need to Check
0063794,17,"September 20, 2026","1,410","23,600",West,Indore,"1,424",-1,Need to Check
0063794,18,"September 16, 2026","1,363","23,600",West,Indore,"1,374",-1,Need to Check
0063794,18,"September 17, 2026","1,383","23,600",West,Indore,"1,397",-1,Need to Check
0063794,18,"September 20, 2026","1,410","23,600",West,Indore,"1,424",-1,Need to Check
0063794,19,"September 17, 2026","1,521","23,600",West,Indore,"1,535",-1,Need to Check
0063794,20,"September 17, 2026","1,521","23,600",West,Indore,"1,535",-1,Need to Check
0063794,21,"September 17, 2026","1,659","23,600",West,Indore,"1,684",-1,Need to Check
0063794,22,"September 17, 2026","1,659","23,600",West,Indore,"1,684",-1,Need to Check
0063794,23,"September 17, 2026","1,797","23,600",West,Indore,"1,814",-1,Need to Check
0063794,24,"September 17, 2026","1,797","23,600",West,Indore,"1,814",-1,Need to Check
0063794,27,"September 16, 2026","2,122","23,600",West,Indore,"2,139",-1,Need to Check
0063794,27,"September 21, 2026","2,094","23,600",West,Indore,"2,139",-1,Need to Check
0063794,28,"September 16, 2026","2,122","23,600",West,Indore,"2,139",-1,Need to Check
0063794,28,"September 21, 2026","2,094","23,600",West,Indore,"2,139",-1,Need to Check
0063794,39,"September 17, 2026","1,659","23,600",West,Indore,"1,684",-1,Need to Check
0063794,40,"September 17, 2026","1,797","23,600",West,Indore,"1,814",-1,Need to Check
0063794,50,"September 16, 2026","1,363","23,600",West,Indore,"1,374",-1,Need to Check
0063794,50,"September 17, 2026","1,383","23,600",West,Indore,"1,397",-1,Need to Check
0063794,50,"September 20, 2026","1,410","23,600",West,Indore,"1,424",-1,Need to Check
0063794,83,"September 17, 2026","1,659","23,600",West,Indore,"1,684",-1,Need to Check
0242206,17,"September 16, 2026","2,775","23,600",South 2,Chennai,"2,823",-1,Need to Check
0242206,18,"September 16, 2026","2,775","23,600",South 2,Chennai,"2,823",-1,Need to Check
0242206,19,"September 16, 2026","2,982","23,600",South 2,Chennai,"3,018",-1,Need to Check
0242206,20,"September 16, 2026","2,982","23,600",South 2,Chennai,"3,018",-1,Need to Check
0242206,21,"September 16, 2026","2,913","23,600",South 2,Chennai,"2,953",-1,Need to Check
0242206,22,"September 16, 2026","2,913","23,600",South 2,Chennai,"2,953",-1,Need to Check
0242206,23,"September 20, 2026","3,185","23,600",South 2,Chennai,"3,246",-1,Need to Check
0242206,23,"September 21, 2026","3,185","23,600",South 2,Chennai,"3,246",-1,Need to Check
0242206,24,"September 20, 2026","3,185","23,600",South 2,Chennai,"3,246",-1,Need to Check
0242206,24,"September 21, 2026","3,185","23,600",South 2,Chennai,"3,246",-1,Need to Check
0242206,25,"September 16, 2026","2,775","23,600",South 2,Chennai,"2,808",-1,Need to Check
0242206,27,"September 16, 2026","2,913","23,600",South 2,Chennai,"2,946",-1,Need to Check
0242206,28,"September 16, 2026","2,913","23,600",South 2,Chennai,"2,946",-1,Need to Check
0242206,39,"September 16, 2026","2,913","23,600",South 2,Chennai,"2,953",-1,Need to Check
0242206,50,"September 16, 2026","2,775","23,600",South 2,Chennai,"2,823",-1,Need to Check
0243252,17,"September 20, 2026","2,015","20,000",South 2,Chennai,"2,051",-1,Need to Check
0243252,17,"September 21, 2026","2,019","20,000",South 2,Chennai,"2,051",-1,Need to Check
0243252,18,"September 20, 2026","2,015","20,000",South 2,Chennai,"2,051",-1,Need to Check
0243252,18,"September 21, 2026","2,019","20,000",South 2,Chennai,"2,051",-1,Need to Check
0243252,19,"September 20, 2026","2,222","20,000",South 2,Chennai,"2,261",-1,Need to Check
0243252,19,"September 21, 2026","2,226","20,000",South 2,Chennai,"2,261",-1,Need to Check
0243252,20,"September 20, 2026","2,222","20,000",South 2,Chennai,"2,261",-1,Need to Check
0243252,20,"September 21, 2026","2,226","20,000",South 2,Chennai,"2,261",-1,Need to Check
0243252,21,"September 20, 2026","2,498","20,000",South 2,Chennai,"2,541",-1,Need to Check
0243252,21,"September 21, 2026","2,502","20,000",South 2,Chennai,"2,541",-1,Need to Check
0243252,22,"September 20, 2026","2,498","20,000",South 2,Chennai,"2,541",-1,Need to Check
0243252,22,"September 21, 2026","2,502","20,000",South 2,Chennai,"2,541",-1,Need to Check
0243252,29,"September 20, 2026","3,395","20,000",South 2,Chennai,"3,451",-1,Need to Check
0243252,29,"September 21, 2026","3,399","20,000",South 2,Chennai,"3,451",-1,Need to Check
0243252,30,"September 20, 2026","3,395","20,000",South 2,Chennai,"3,451",-1,Need to Check
0243252,30,"September 21, 2026","3,399","20,000",South 2,Chennai,"3,451",-1,Need to Check
0243252,32,"September 20, 2026","3,740","20,000",South 2,Chennai,"3,801",-1,Need to Check
0243252,32,"September 21, 2026","3,744","20,000",South 2,Chennai,"3,801",-1,Need to Check
0243252,33,"September 20, 2026","3,740","20,000",South 2,Chennai,"3,801",-1,Need to Check
0243252,33,"September 21, 2026","3,744","20,000",South 2,Chennai,"3,801",-1,Need to Check
0245564,21,"September 23, 2026","3,658","20,000",South 2,Chennai,"3,724",-1,Need to Check
0245564,21,"September 24, 2026","3,658","20,000",South 2,Chennai,"3,724",-1,Need to Check
0245564,22,"September 23, 2026","3,658","20,000",South 2,Chennai,"3,724",-1,Need to Check
0245564,22,"September 24, 2026","3,658","20,000",South 2,Chennai,"3,724",-1,Need to Check
0245564,23,"September 23, 2026","4,003","20,000",South 2,Chennai,"4,049",-1,Need to Check
0245564,23,"September 24, 2026","4,003","20,000",South 2,Chennai,"4,049",-1,Need to Check
0245564,24,"September 23, 2026","4,003","20,000",South 2,Chennai,"4,049",-1,Need to Check
0245564,24,"September 24, 2026","4,003","20,000",South 2,Chennai,"4,049",-1,Need to Check
0262017,21,"September 15, 2026","1,545","23,600",South 2,Coimbatore,"1,573",-1,Need to Check
0262017,22,"September 15, 2026","1,545","23,600",South 2,Coimbatore,"1,573",-1,Need to Check
0262017,23,"September 15, 2026","1,649","23,600",South 2,Coimbatore,"1,671",-1,Need to Check
0262017,24,"September 15, 2026","1,649","23,600",South 2,Coimbatore,"1,671",-1,Need to Check
0262017,29,"September 15, 2026","1,752","23,600",South 2,Coimbatore,"1,768",-1,Need to Check
0262017,30,"September 15, 2026","1,752","23,600",South 2,Coimbatore,"1,768",-1,Need to Check
0262017,31,"September 15, 2026","1,752","23,600",South 2,Coimbatore,"1,768",-1,Need to Check
0262017,39,"September 15, 2026","1,545","23,600",South 2,Coimbatore,"1,573",-1,Need to Check
0262017,40,"September 15, 2026","1,649","23,600",South 2,Coimbatore,"1,671",-1,Need to Check
0262017,57,"September 15, 2026","1,752","23,600",South 2,Coimbatore,"1,768",-1,Need to Check
0262017,83,"September 15, 2026","1,545","23,600",South 2,Coimbatore,"1,573",-1,Need to Check
0295705,17,"September 21, 2026","2,052","23,600",South 2,Visakhapatnam,"2,096",-1,Need to Check
0295705,18,"September 21, 2026","2,052","23,600",South 2,Visakhapatnam,"2,096",-1,Need to Check
0295705,19,"September 21, 2026","2,397","23,600",South 2,Visakhapatnam,"2,441",-1,Need to Check
0295705,20,"September 21, 2026","2,397","23,600",South 2,Visakhapatnam,"2,441",-1,Need to Check
0295705,21,"September 21, 2026","2,328","23,600",South 2,Visakhapatnam,"2,372",-1,Need to Check
0295705,22,"September 21, 2026","2,328","23,600",South 2,Visakhapatnam,"2,372",-1,Need to Check
0295705,23,"September 21, 2026","2,673","23,600",South 2,Visakhapatnam,"2,717",-1,Need to Check
0295705,24,"September 21, 2026","2,673","23,600",South 2,Visakhapatnam,"2,717",-1,Need to Check
0295705,25,"September 20, 2026","2,949","23,600",South 2,Visakhapatnam,"3,005",-1,Need to Check
0295705,25,"September 21, 2026","2,949","23,600",South 2,Visakhapatnam,"3,005",-1,Need to Check
0295705,26,"September 20, 2026","2,949","23,600",South 2,Visakhapatnam,"3,005",-1,Need to Check
0295705,26,"September 21, 2026","2,949","23,600",South 2,Visakhapatnam,"3,005",-1,Need to Check
0295705,27,"September 20, 2026","3,225","23,600",South 2,Visakhapatnam,"3,265",-1,Need to Check
0295705,27,"September 21, 2026","3,225","23,600",South 2,Visakhapatnam,"3,265",-1,Need to Check
0295705,28,"September 20, 2026","3,225","23,600",South 2,Visakhapatnam,"3,265",-1,Need to Check
0295705,28,"September 21, 2026","3,225","23,600",South 2,Visakhapatnam,"3,265",-1,Need to Check
0295705,39,"September 21, 2026","2,328","23,600",South 2,Visakhapatnam,"2,372",-1,Need to Check
0295705,40,"September 21, 2026","2,673","23,600",South 2,Visakhapatnam,"2,717",-1,Need to Check
0295705,41,"September 20, 2026","3,225","23,600",South 2,Visakhapatnam,"3,265",-1,Need to Check
0295705,41,"September 21, 2026","3,225","23,600",South 2,Visakhapatnam,"3,265",-1,Need to Check
0295705,50,"September 21, 2026","2,052","23,600",South 2,Visakhapatnam,"2,096",-1,Need to Check
0295705,51,"September 21, 2026","2,397","23,600",South 2,Visakhapatnam,"2,441",-1,Need to Check
0295705,83,"September 21, 2026","2,328","23,600",South 2,Visakhapatnam,"2,372",-1,Need to Check
0295705,84,"September 21, 2026","2,673","23,600",South 2,Visakhapatnam,"2,717",-1,Need to Check
0295705,87,"September 21, 2026","2,052","23,600",South 2,Visakhapatnam,"2,096",-1,Need to Check
0295705,97,"September 21, 2026","2,328","23,600",South 2,Visakhapatnam,"2,372",-1,Need to Check
0376508,29,"September 15, 2026","4,020","23,600",West,Mumbai,"4,058",-1,Need to Check
0376508,29,"September 20, 2026","4,010","23,600",West,Mumbai,"4,058",-1,Need to Check
0376508,30,"September 15, 2026","4,020","23,600",West,Mumbai,"4,058",-1,Need to Check
0376508,30,"September 20, 2026","4,010","23,600",West,Mumbai,"4,058",-1,Need to Check
0376508,31,"September 15, 2026","4,020","23,600",West,Mumbai,"4,058",-1,Need to Check
0376508,31,"September 20, 2026","4,010","23,600",West,Mumbai,"4,058",-1,Need to Check
0376508,57,"September 15, 2026","4,020","23,600",West,Mumbai,"4,058",-1,Need to Check
0376508,57,"September 20, 2026","4,010","23,600",West,Mumbai,"4,058",-1,Need to Check
0468785,19,"September 15, 2026","1,747","23,600",South 1,Mysore,"1,784",-1,Need to Check
0468785,20,"September 15, 2026","1,747","23,600",South 1,Mysore,"1,784",-1,Need to Check
0468785,21,"September 15, 2026","1,988","23,600",South 1,Mysore,"2,025",-1,Need to Check
0468785,22,"September 15, 2026","1,988","23,600",South 1,Mysore,"2,025",-1,Need to Check
0468785,23,"September 15, 2026","2,126","23,600",South 1,Mysore,"2,163",-1,Need to Check
0468785,24,"September 15, 2026","2,126","23,600",South 1,Mysore,"2,163",-1,Need to Check
0468785,25,"September 15, 2026","2,264","23,600",South 1,Mysore,"2,301",-1,Need to Check
0468785,26,"September 15, 2026","2,264","23,600",South 1,Mysore,"2,301",-1,Need to Check
0468785,27,"September 15, 2026","2,644","23,600",South 1,Mysore,"2,681",-1,Need to Check
0468785,28,"September 15, 2026","2,644","23,600",South 1,Mysore,"2,681",-1,Need to Check
0468785,39,"September 15, 2026","1,988","23,600",South 1,Mysore,"2,025",-1,Need to Check
0468785,40,"September 15, 2026","2,126","23,600",South 1,Mysore,"2,163",-1,Need to Check
0468785,51,"September 15, 2026","1,747","23,600",South 1,Mysore,"1,784",-1,Need to Check
0468785,83,"September 15, 2026","1,988","23,600",South 1,Mysore,"2,025",-1,Need to Check
0616586,15,"September 26, 2026","1,528","23,600",East,Bhubaneswar,"1,547",-1,Need to Check
1043825,35,"September 15, 2026","2,544","23,600",South 1,Wayanad,"2,584",-1,Need to Check
1043825,35,"September 16, 2026","2,544","23,600",South 1,Wayanad,"2,584",-1,Need to Check
1043825,36,"September 15, 2026","2,544","23,600",South 1,Wayanad,"2,584",-1,Need to Check
1043825,36,"September 16, 2026","2,544","23,600",South 1,Wayanad,"2,584",-1,Need to Check
1064211,24186,"September 15, 2026","2,713","20,000",North 2,Vrindavan,"2,733",-1,Need to Check
1064211,24186,"September 21, 2026","2,713","20,000",North 2,Vrindavan,"2,733",-1,Need to Check
1064211,24186,"September 22, 2026","2,713","20,000",North 2,Vrindavan,"2,733",-1,Need to Check
1064211,24186,"September 23, 2026","2,713","20,000",North 2,Vrindavan,"2,733",-1,Need to Check
1064211,37,"September 15, 2026","2,713","20,000",North 2,Vrindavan,"2,733",-1,Need to Check
1064211,37,"September 21, 2026","2,713","20,000",North 2,Vrindavan,"2,733",-1,Need to Check
1064211,37,"September 22, 2026","2,713","20,000",North 2,Vrindavan,"2,733",-1,Need to Check
1064211,37,"September 23, 2026","2,713","20,000",North 2,Vrindavan,"2,733",-1,Need to Check
1064211,42,"September 15, 2026","3,058","20,000",North 2,Vrindavan,"3,083",-1,Need to Check
1064211,42,"September 21, 2026","3,058","20,000",North 2,Vrindavan,"3,083",-1,Need to Check
1064211,42,"September 22, 2026","3,058","20,000",North 2,Vrindavan,"3,083",-1,Need to Check
1064211,42,"September 23, 2026","3,058","20,000",North 2,Vrindavan,"3,083",-1,Need to Check
1064211,43,"September 15, 2026","3,058","20,000",North 2,Vrindavan,"3,083",-1,Need to Check
1064211,43,"September 21, 2026","3,058","20,000",North 2,Vrindavan,"3,083",-1,Need to Check
1064211,43,"September 22, 2026","3,058","20,000",North 2,Vrindavan,"3,083",-1,Need to Check
1064211,43,"September 23, 2026","3,058","20,000",North 2,Vrindavan,"3,083",-1,Need to Check
1064211,44,"September 15, 2026","3,058","20,000",North 2,Vrindavan,"3,083",-1,Need to Check
1064211,44,"September 21, 2026","3,058","20,000",North 2,Vrindavan,"3,083",-1,Need to Check
1064211,44,"September 22, 2026","3,058","20,000",North 2,Vrindavan,"3,083",-1,Need to Check
1064211,44,"September 23, 2026","3,058","20,000",North 2,Vrindavan,"3,083",-1,Need to Check
1064211,47,"September 15, 2026","3,403","20,000",North 2,Vrindavan,"3,433",-1,Need to Check
1064211,47,"September 21, 2026","3,403","20,000",North 2,Vrindavan,"3,433",-1,Need to Check
1064211,47,"September 22, 2026","3,403","20,000",North 2,Vrindavan,"3,433",-1,Need to Check
1064211,47,"September 23, 2026","3,403","20,000",North 2,Vrindavan,"3,433",-1,Need to Check
1064211,48,"September 15, 2026","3,403","20,000",North 2,Vrindavan,"3,433",-1,Need to Check
1064211,48,"September 21, 2026","3,403","20,000",North 2,Vrindavan,"3,433",-1,Need to Check
1064211,48,"September 22, 2026","3,403","20,000",North 2,Vrindavan,"3,433",-1,Need to Check
1064211,48,"September 23, 2026","3,403","20,000",North 2,Vrindavan,"3,433",-1,Need to Check
1064211,49,"September 15, 2026","3,403","20,000",North 2,Vrindavan,"3,433",-1,Need to Check
1064211,49,"September 21, 2026","3,403","20,000",North 2,Vrindavan,"3,433",-1,Need to Check
1064211,49,"September 22, 2026","3,403","20,000",North 2,Vrindavan,"3,433",-1,Need to Check
1064211,49,"September 23, 2026","3,403","20,000",North 2,Vrindavan,"3,433",-1,Need to Check
1064211,59,"September 15, 2026","2,713","20,000",North 2,Vrindavan,"2,733",-1,Need to Check
1064211,59,"September 21, 2026","2,713","20,000",North 2,Vrindavan,"2,733",-1,Need to Check
1064211,59,"September 22, 2026","2,713","20,000",North 2,Vrindavan,"2,733",-1,Need to Check
1064211,59,"September 23, 2026","2,713","20,000",North 2,Vrindavan,"2,733",-1,Need to Check
1064211,60,"September 15, 2026","3,058","20,000",North 2,Vrindavan,"3,083",-1,Need to Check
1064211,60,"September 21, 2026","3,058","20,000",North 2,Vrindavan,"3,083",-1,Need to Check
1064211,60,"September 22, 2026","3,058","20,000",North 2,Vrindavan,"3,083",-1,Need to Check
1064211,60,"September 23, 2026","3,058","20,000",North 2,Vrindavan,"3,083",-1,Need to Check
1064211,61,"September 15, 2026","3,403","20,000",North 2,Vrindavan,"3,433",-1,Need to Check
1064211,61,"September 21, 2026","3,403","20,000",North 2,Vrindavan,"3,433",-1,Need to Check
1064211,61,"September 22, 2026","3,403","20,000",North 2,Vrindavan,"3,433",-1,Need to Check
1064211,61,"September 23, 2026","3,403","20,000",North 2,Vrindavan,"3,433",-1,Need to Check
1064211,62,"September 15, 2026","3,748","20,000",North 2,Vrindavan,"3,783",-1,Need to Check
1064211,62,"September 21, 2026","3,748","20,000",North 2,Vrindavan,"3,783",-1,Need to Check
1064211,62,"September 22, 2026","3,748","20,000",North 2,Vrindavan,"3,783",-1,Need to Check
1064211,62,"September 23, 2026","3,748","20,000",North 2,Vrindavan,"3,783",-1,Need to Check
1064211,91,"September 15, 2026","2,713","20,000",North 2,Vrindavan,"2,733",-1,Need to Check
1064211,91,"September 21, 2026","2,713","20,000",North 2,Vrindavan,"2,733",-1,Need to Check
1064211,91,"September 22, 2026","2,713","20,000",North 2,Vrindavan,"2,733",-1,Need to Check
1064211,91,"September 23, 2026","2,713","20,000",North 2,Vrindavan,"2,733",-1,Need to Check
1064211,92,"September 15, 2026","3,058","20,000",North 2,Vrindavan,"3,083",-1,Need to Check
1064211,92,"September 21, 2026","3,058","20,000",North 2,Vrindavan,"3,083",-1,Need to Check
1064211,92,"September 22, 2026","3,058","20,000",North 2,Vrindavan,"3,083",-1,Need to Check
1064211,92,"September 23, 2026","3,058","20,000",North 2,Vrindavan,"3,083",-1,Need to Check
1107594,21,"September 15, 2026","1,851","23,600",South 1,Belgaum,"1,886",-1,Need to Check
1107594,21,"September 15, 2026","1,851","23,600",South 1,Belgaum,"1,886",-1,Need to Check
1107594,21,"September 16, 2026","1,851","23,600",South 1,Belgaum,"1,886",-1,Need to Check
1107594,21,"September 16, 2026","1,851","23,600",South 1,Belgaum,"1,886",-1,Need to Check
1107594,22,"September 15, 2026","1,851","23,600",South 1,Belgaum,"1,886",-1,Need to Check
1107594,22,"September 15, 2026","1,851","23,600",South 1,Belgaum,"1,886",-1,Need to Check
1107594,22,"September 16, 2026","1,851","23,600",South 1,Belgaum,"1,886",-1,Need to Check
1107594,22,"September 16, 2026","1,851","23,600",South 1,Belgaum,"1,886",-1,Need to Check
1107594,23,"September 15, 2026","1,920","23,600",South 1,Belgaum,"1,951",-1,Need to Check
1107594,23,"September 15, 2026","1,920","23,600",South 1,Belgaum,"1,951",-1,Need to Check
1107594,23,"September 16, 2026","1,920","23,600",South 1,Belgaum,"1,951",-1,Need to Check
1107594,23,"September 16, 2026","1,920","23,600",South 1,Belgaum,"1,951",-1,Need to Check
1107594,24,"September 15, 2026","1,920","23,600",South 1,Belgaum,"1,951",-1,Need to Check
1107594,24,"September 15, 2026","1,920","23,600",South 1,Belgaum,"1,951",-1,Need to Check
1107594,24,"September 16, 2026","1,920","23,600",South 1,Belgaum,"1,951",-1,Need to Check
1107594,24,"September 16, 2026","1,920","23,600",South 1,Belgaum,"1,951",-1,Need to Check
1107594,39,"September 15, 2026","1,851","23,600",South 1,Belgaum,"1,886",-1,Need to Check
1107594,39,"September 16, 2026","1,851","23,600",South 1,Belgaum,"1,886",-1,Need to Check
1115459,27,"September 15, 2026","1,877","20,000",North 2,Nainital,"1,911",-1,Need to Check
1115459,28,"September 15, 2026","1,877","20,000",North 2,Nainital,"1,911",-1,Need to Check
1139087,17,"September 16, 2026","1,524","23,600",South 1,Thiruvananthapuram,"1,542",-1,Need to Check
1139087,18,"September 16, 2026","1,524","23,600",South 1,Thiruvananthapuram,"1,542",-1,Need to Check
1139087,19,"September 16, 2026","1,593","23,600",South 1,Thiruvananthapuram,"1,607",-1,Need to Check
1139087,20,"September 16, 2026","1,593","23,600",South 1,Thiruvananthapuram,"1,607",-1,Need to Check
1139087,50,"September 16, 2026","1,524","23,600",South 1,Thiruvananthapuram,"1,542",-1,Need to Check
1139252,17,"September 16, 2026","1,828","23,600",South 1,Thiruvananthapuram,"1,856",-1,Need to Check
1139252,18,"September 16, 2026","1,828","23,600",South 1,Thiruvananthapuram,"1,856",-1,Need to Check
1139252,50,"September 16, 2026","1,828","23,600",South 1,Thiruvananthapuram,"1,856",-1,Need to Check
1145293,27,"November 4, 2026","2,004","23,600",East,Ranchi,"2,039",-1,Need to Check
1145293,27,"November 5, 2026","2,004","23,600",East,Ranchi,"2,039",-1,Need to Check
1145293,27,"November 6, 2026","2,004","23,600",East,Ranchi,"2,039",-1,Need to Check
1145293,28,"November 4, 2026","2,004","23,600",East,Ranchi,"2,039",-1,Need to Check
1145293,28,"November 5, 2026","2,004","23,600",East,Ranchi,"2,039",-1,Need to Check
1145293,28,"November 6, 2026","2,004","23,600",East,Ranchi,"2,039",-1,Need to Check
1145293,32,"November 4, 2026","1,901","23,600",East,Ranchi,"1,942",-1,Need to Check
1145293,32,"November 5, 2026","1,901","23,600",East,Ranchi,"1,942",-1,Need to Check
1145293,32,"November 6, 2026","1,901","23,600",East,Ranchi,"1,942",-1,Need to Check
1145293,33,"November 4, 2026","1,901","23,600",East,Ranchi,"1,942",-1,Need to Check
1145293,33,"November 5, 2026","1,901","23,600",East,Ranchi,"1,942",-1,Need to Check
1145293,33,"November 6, 2026","1,901","23,600",East,Ranchi,"1,942",-1,Need to Check
1145293,34,"November 4, 2026","1,901","23,600",East,Ranchi,"1,942",-1,Need to Check
1145293,34,"November 5, 2026","1,901","23,600",East,Ranchi,"1,942",-1,Need to Check
1145293,34,"November 6, 2026","1,901","23,600",East,Ranchi,"1,942",-1,Need to Check
1145293,35,"November 4, 2026","2,246","23,600",East,Ranchi,"2,267",-1,Need to Check
1145293,35,"November 5, 2026","2,246","23,600",East,Ranchi,"2,267",-1,Need to Check
1145293,35,"November 6, 2026","2,246","23,600",East,Ranchi,"2,267",-1,Need to Check
1145293,35,"December 10, 2026","2,234","23,600",East,Ranchi,"2,267",-1,Need to Check
1145293,35,"December 11, 2026","2,234","23,600",East,Ranchi,"2,267",-1,Need to Check
1145293,36,"November 4, 2026","2,246","23,600",East,Ranchi,"2,267",-1,Need to Check
1145293,36,"November 5, 2026","2,246","23,600",East,Ranchi,"2,267",-1,Need to Check
1145293,36,"November 6, 2026","2,246","23,600",East,Ranchi,"2,267",-1,Need to Check
1145293,36,"December 10, 2026","2,234","23,600",East,Ranchi,"2,267",-1,Need to Check
1145293,36,"December 11, 2026","2,234","23,600",East,Ranchi,"2,267",-1,Need to Check
1145293,37,"November 4, 2026","2,246","23,600",East,Ranchi,"2,267",-1,Need to Check
1145293,37,"November 5, 2026","2,246","23,600",East,Ranchi,"2,267",-1,Need to Check
1145293,37,"November 6, 2026","2,246","23,600",East,Ranchi,"2,267",-1,Need to Check
1145293,37,"December 10, 2026","2,234","23,600",East,Ranchi,"2,267",-1,Need to Check
1145293,37,"December 11, 2026","2,234","23,600",East,Ranchi,"2,267",-1,Need to Check
1145293,42,"October 31, 2026","2,558","23,600",East,Ranchi,"2,592",-1,Need to Check
1145293,42,"November 1, 2026","2,558","23,600",East,Ranchi,"2,592",-1,Need to Check
1145293,42,"November 2, 2026","2,558","23,600",East,Ranchi,"2,592",-1,Need to Check
1145293,42,"November 3, 2026","2,558","23,600",East,Ranchi,"2,592",-1,Need to Check
1145293,42,"November 7, 2026","2,558","23,600",East,Ranchi,"2,592",-1,Need to Check
1145293,42,"November 8, 2026","2,558","23,600",East,Ranchi,"2,592",-1,Need to Check
1145293,42,"November 9, 2026","2,558","23,600",East,Ranchi,"2,592",-1,Need to Check
1145293,42,"November 10, 2026","2,558","23,600",East,Ranchi,"2,592",-1,Need to Check
1145293,42,"November 11, 2026","2,558","23,600",East,Ranchi,"2,592",-1,Need to Check
1145293,42,"November 12, 2026","2,558","23,600",East,Ranchi,"2,592",-1,Need to Check
1145293,42,"November 13, 2026","2,558","23,600",East,Ranchi,"2,592",-1,Need to Check
1145293,42,"November 14, 2026","2,558","23,600",East,Ranchi,"2,592",-1,Need to Check
1145293,42,"November 15, 2026","2,558","23,600",East,Ranchi,"2,592",-1,Need to Check
1145293,42,"November 16, 2026","2,558","23,600",East,Ranchi,"2,592",-1,Need to Check
1145293,42,"November 17, 2026","2,558","23,600",East,Ranchi,"2,592",-1,Need to Check
1145293,42,"November 18, 2026","2,558","23,600",East,Ranchi,"2,592",-1,Need to Check
1145293,42,"November 19, 2026","2,558","23,600",East,Ranchi,"2,592",-1,Need to Check
1145293,42,"November 20, 2026","2,558","23,600",East,Ranchi,"2,592",-1,Need to Check
1145293,42,"November 21, 2026","2,558","23,600",East,Ranchi,"2,592",-1,Need to Check
1145293,42,"November 22, 2026","2,558","23,600",East,Ranchi,"2,592",-1,Need to Check
1145293,42,"November 25, 2026","2,558","23,600",East,Ranchi,"2,592",-1,Need to Check
1145293,42,"November 26, 2026","2,558","23,600",East,Ranchi,"2,592",-1,Need to Check
1145293,42,"November 27, 2026","2,558","23,600",East,Ranchi,"2,592",-1,Need to Check
1145293,42,"November 28, 2026","2,558","23,600",East,Ranchi,"2,592",-1,Need to Check
1145293,42,"November 29, 2026","2,558","23,600",East,Ranchi,"2,592",-1,Need to Check
1145293,42,"December 3, 2026","2,558","23,600",East,Ranchi,"2,592",-1,Need to Check
1145293,42,"December 4, 2026","2,558","23,600",East,Ranchi,"2,592",-1,Need to Check
1145293,42,"December 5, 2026","2,558","23,600",East,Ranchi,"2,592",-1,Need to Check
1145293,42,"December 6, 2026","2,558","23,600",East,Ranchi,"2,592",-1,Need to Check
1145293,42,"December 7, 2026","2,558","23,600",East,Ranchi,"2,592",-1,Need to Check
1145293,42,"December 8, 2026","2,558","23,600",East,Ranchi,"2,592",-1,Need to Check
1145293,42,"December 9, 2026","2,558","23,600",East,Ranchi,"2,592",-1,Need to Check
1145293,42,"December 12, 2026","2,558","23,600",East,Ranchi,"2,592",-1,Need to Check
1145293,42,"December 13, 2026","2,558","23,600",East,Ranchi,"2,592",-1,Need to Check
1145293,42,"December 14, 2026","2,558","23,600",East,Ranchi,"2,592",-1,Need to Check
1145293,43,"October 31, 2026","2,558","23,600",East,Ranchi,"2,592",-1,Need to Check
1145293,43,"November 1, 2026","2,558","23,600",East,Ranchi,"2,592",-1,Need to Check
1145293,43,"November 2, 2026","2,558","23,600",East,Ranchi,"2,592",-1,Need to Check
1145293,43,"November 3, 2026","2,558","23,600",East,Ranchi,"2,592",-1,Need to Check
1145293,43,"November 7, 2026","2,558","23,600",East,Ranchi,"2,592",-1,Need to Check
1145293,43,"November 8, 2026","2,558","23,600",East,Ranchi,"2,592",-1,Need to Check
1145293,43,"November 9, 2026","2,558","23,600",East,Ranchi,"2,592",-1,Need to Check
1145293,43,"November 10, 2026","2,558","23,600",East,Ranchi,"2,592",-1,Need to Check
1145293,43,"November 11, 2026","2,558","23,600",East,Ranchi,"2,592",-1,Need to Check
1145293,43,"November 12, 2026","2,558","23,600",East,Ranchi,"2,592",-1,Need to Check
1145293,43,"November 13, 2026","2,558","23,600",East,Ranchi,"2,592",-1,Need to Check
1145293,43,"November 14, 2026","2,558","23,600",East,Ranchi,"2,592",-1,Need to Check
1145293,43,"November 15, 2026","2,558","23,600",East,Ranchi,"2,592",-1,Need to Check
1145293,43,"November 16, 2026","2,558","23,600",East,Ranchi,"2,592",-1,Need to Check
1145293,43,"November 17, 2026","2,558","23,600",East,Ranchi,"2,592",-1,Need to Check
1145293,43,"November 18, 2026","2,558","23,600",East,Ranchi,"2,592",-1,Need to Check
1145293,43,"November 19, 2026","2,558","23,600",East,Ranchi,"2,592",-1,Need to Check
1145293,43,"November 20, 2026","2,558","23,600",East,Ranchi,"2,592",-1,Need to Check
1145293,43,"November 21, 2026","2,558","23,600",East,Ranchi,"2,592",-1,Need to Check
1145293,43,"November 22, 2026","2,558","23,600",East,Ranchi,"2,592",-1,Need to Check
1145293,43,"November 25, 2026","2,558","23,600",East,Ranchi,"2,592",-1,Need to Check
1145293,43,"November 26, 2026","2,558","23,600",East,Ranchi,"2,592",-1,Need to Check
1145293,43,"November 27, 2026","2,558","23,600",East,Ranchi,"2,592",-1,Need to Check
1145293,43,"November 28, 2026","2,558","23,600",East,Ranchi,"2,592",-1,Need to Check
1145293,43,"November 29, 2026","2,558","23,600",East,Ranchi,"2,592",-1,Need to Check
1145293,43,"December 3, 2026","2,558","23,600",East,Ranchi,"2,592",-1,Need to Check
1145293,43,"December 4, 2026","2,558","23,600",East,Ranchi,"2,592",-1,Need to Check
1145293,43,"December 5, 2026","2,558","23,600",East,Ranchi,"2,592",-1,Need to Check
1145293,43,"December 6, 2026","2,558","23,600",East,Ranchi,"2,592",-1,Need to Check
1145293,43,"December 7, 2026","2,558","23,600",East,Ranchi,"2,592",-1,Need to Check
1145293,43,"December 8, 2026","2,558","23,600",East,Ranchi,"2,592",-1,Need to Check
1145293,43,"December 9, 2026","2,558","23,600",East,Ranchi,"2,592",-1,Need to Check
1145293,43,"December 12, 2026","2,558","23,600",East,Ranchi,"2,592",-1,Need to Check
1145293,43,"December 13, 2026","2,558","23,600",East,Ranchi,"2,592",-1,Need to Check
1145293,43,"December 14, 2026","2,558","23,600",East,Ranchi,"2,592",-1,Need to Check
1145293,58,"November 4, 2026","1,901","23,600",East,Ranchi,"1,942",-1,Need to Check
1145293,58,"November 5, 2026","1,901","23,600",East,Ranchi,"1,942",-1,Need to Check
1145293,58,"November 6, 2026","1,901","23,600",East,Ranchi,"1,942",-1,Need to Check
1166076,17,"September 15, 2026","1,677","23,600",South 1,Kochi,"1,698",-1,Need to Check
1166076,18,"September 15, 2026","1,677","23,600",South 1,Kochi,"1,698",-1,Need to Check
1166076,19,"September 15, 2026","1,884","23,600",South 1,Kochi,"1,905",-1,Need to Check
1166076,19,"September 16, 2026","1,884","23,600",South 1,Kochi,"1,923",-1,Need to Check
1166076,19,"September 18, 2026","1,943","23,600",South 1,Kochi,"1,963",-1,Need to Check
1166076,20,"September 15, 2026","1,884","23,600",South 1,Kochi,"1,905",-1,Need to Check
1166076,20,"September 16, 2026","1,884","23,600",South 1,Kochi,"1,923",-1,Need to Check
1166076,20,"September 18, 2026","1,943","23,600",South 1,Kochi,"1,963",-1,Need to Check
1166076,21,"September 15, 2026","1,988","23,600",South 1,Kochi,"2,021",-1,Need to Check
1166076,21,"September 16, 2026","1,988","23,600",South 1,Kochi,"2,021",-1,Need to Check
1166076,22,"September 15, 2026","1,988","23,600",South 1,Kochi,"2,021",-1,Need to Check
1166076,22,"September 16, 2026","1,988","23,600",South 1,Kochi,"2,021",-1,Need to Check
1166076,23,"September 15, 2026","2,126","23,600",South 1,Kochi,"2,151",-1,Need to Check
1166076,23,"September 16, 2026","2,126","23,600",South 1,Kochi,"2,151",-1,Need to Check
1166076,23,"September 19, 2026","2,166","23,600",South 1,Kochi,"2,191",-1,Need to Check
1166076,24,"September 15, 2026","2,126","23,600",South 1,Kochi,"2,151",-1,Need to Check
1166076,24,"September 16, 2026","2,126","23,600",South 1,Kochi,"2,151",-1,Need to Check
1166076,24,"September 19, 2026","2,166","23,600",South 1,Kochi,"2,191",-1,Need to Check
1166076,29,"September 15, 2026","2,264","23,600",South 1,Kochi,"2,281",-1,Need to Check
1166076,29,"September 16, 2026","2,264","23,600",South 1,Kochi,"2,281",-1,Need to Check
1166076,29,"September 19, 2026","2,304","23,600",South 1,Kochi,"2,321",-1,Need to Check
1166076,30,"September 15, 2026","2,264","23,600",South 1,Kochi,"2,281",-1,Need to Check
1166076,30,"September 16, 2026","2,264","23,600",South 1,Kochi,"2,281",-1,Need to Check
1166076,30,"September 19, 2026","2,304","23,600",South 1,Kochi,"2,321",-1,Need to Check
1166076,31,"September 15, 2026","2,264","23,600",South 1,Kochi,"2,281",-1,Need to Check
1166076,31,"September 16, 2026","2,264","23,600",South 1,Kochi,"2,281",-1,Need to Check
1166076,31,"September 19, 2026","2,304","23,600",South 1,Kochi,"2,321",-1,Need to Check
1166076,39,"September 15, 2026","1,988","23,600",South 1,Kochi,"2,021",-1,Need to Check
1166076,39,"September 16, 2026","1,988","23,600",South 1,Kochi,"2,021",-1,Need to Check
1166076,40,"September 15, 2026","2,126","23,600",South 1,Kochi,"2,151",-1,Need to Check
1166076,40,"September 16, 2026","2,126","23,600",South 1,Kochi,"2,151",-1,Need to Check
1166076,40,"September 19, 2026","2,166","23,600",South 1,Kochi,"2,191",-1,Need to Check
1166076,50,"September 15, 2026","1,677","23,600",South 1,Kochi,"1,698",-1,Need to Check
1166076,57,"September 15, 2026","2,264","23,600",South 1,Kochi,"2,281",-1,Need to Check
1166076,57,"September 16, 2026","2,264","23,600",South 1,Kochi,"2,281",-1,Need to Check
1166076,57,"September 19, 2026","2,304","23,600",South 1,Kochi,"2,321",-1,Need to Check
1166076,83,"September 15, 2026","1,988","23,600",South 1,Kochi,"2,021",-1,Need to Check
1166076,83,"September 16, 2026","1,988","23,600",South 1,Kochi,"2,021",-1,Need to Check
1166122,21,"September 16, 2026","1,805","23,600",South 1,Kochi,"1,830",-1,Need to Check
1166122,22,"September 16, 2026","1,805","23,600",South 1,Kochi,"1,830",-1,Need to Check
1166122,23,"September 16, 2026","1,805","23,600",South 1,Kochi,"1,830",-1,Need to Check
1166122,24,"September 16, 2026","1,805","23,600",South 1,Kochi,"1,830",-1,Need to Check
1166122,29,"September 16, 2026","2,197","23,600",South 1,Kochi,"2,222",-1,Need to Check
1166122,30,"September 16, 2026","2,197","23,600",South 1,Kochi,"2,222",-1,Need to Check
1166122,31,"September 16, 2026","2,197","23,600",South 1,Kochi,"2,222",-1,Need to Check
1166122,32,"September 16, 2026","2,197","23,600",South 1,Kochi,"2,222",-1,Need to Check
1166122,33,"September 16, 2026","2,197","23,600",South 1,Kochi,"2,222",-1,Need to Check
1166122,34,"September 16, 2026","2,197","23,600",South 1,Kochi,"2,222",-1,Need to Check
1166122,39,"September 16, 2026","1,805","23,600",South 1,Kochi,"1,830",-1,Need to Check
1166122,40,"September 16, 2026","1,805","23,600",South 1,Kochi,"1,830",-1,Need to Check
1166122,57,"September 16, 2026","2,197","23,600",South 1,Kochi,"2,222",-1,Need to Check
1166122,83,"September 16, 2026","1,805","23,600",South 1,Kochi,"1,830",-1,Need to Check
1168316,35,"September 15, 2026","2,852","23,600",South 1,Kochi,"2,892",-1,Need to Check
1168316,36,"September 15, 2026","2,852","23,600",South 1,Kochi,"2,892",-1,Need to Check
1174848,35,"September 23, 2026","2,135","23,600",North 2,Manali,"2,176",-1,Need to Check
1174848,36,"September 23, 2026","2,135","23,600",North 2,Manali,"2,176",-1,Need to Check
1184622,17,"September 26, 2026","1,536","23,600",East,Puri,"1,549",-1,Need to Check
1184622,18,"September 26, 2026","1,536","23,600",East,Puri,"1,549",-1,Need to Check
1184622,19,"September 26, 2026","1,536","23,600",East,Puri,"1,549",-1,Need to Check
1184622,20,"September 26, 2026","1,536","23,600",East,Puri,"1,549",-1,Need to Check
1184622,21,"September 16, 2026","1,668","23,600",East,Puri,"1,697",-1,Need to Check
1184622,22,"September 16, 2026","1,668","23,600",East,Puri,"1,697",-1,Need to Check
1184622,23,"September 16, 2026","1,668","23,600",East,Puri,"1,697",-1,Need to Check
1184622,24,"September 16, 2026","1,668","23,600",East,Puri,"1,697",-1,Need to Check
1184622,39,"September 16, 2026","1,668","23,600",East,Puri,"1,697",-1,Need to Check
1184622,40,"September 16, 2026","1,668","23,600",East,Puri,"1,697",-1,Need to Check
1184622,50,"September 26, 2026","1,536","23,600",East,Puri,"1,549",-1,Need to Check
1184622,83,"September 16, 2026","1,668","23,600",East,Puri,"1,697",-1,Need to Check
1191684,19,"September 16, 2026","1,546","20,000",South 1,Alleppey,"1,579",-1,Need to Check
1191684,20,"September 16, 2026","1,546","20,000",South 1,Alleppey,"1,579",-1,Need to Check
1191684,42,"September 15, 2026","3,540","20,000",South 1,Alleppey,"3,613",-1,Need to Check
1191684,42,"September 16, 2026","3,547","20,000",South 1,Alleppey,"3,613",-1,Need to Check
1191684,43,"September 15, 2026","3,540","20,000",South 1,Alleppey,"3,613",-1,Need to Check
1191684,43,"September 16, 2026","3,547","20,000",South 1,Alleppey,"3,613",-1,Need to Check
1191684,44,"September 15, 2026","3,540","20,000",South 1,Alleppey,"3,613",-1,Need to Check
1191684,44,"September 16, 2026","3,547","20,000",South 1,Alleppey,"3,613",-1,Need to Check
1197734,21,"September 16, 2026","4,238","23,600",South 1,Alleppey,"4,307",-1,Need to Check
1197734,22,"September 16, 2026","4,238","23,600",South 1,Alleppey,"4,307",-1,Need to Check
1197734,23,"September 16, 2026","4,238","23,600",South 1,Alleppey,"4,307",-1,Need to Check
1197734,24,"September 16, 2026","4,238","23,600",South 1,Alleppey,"4,307",-1,Need to Check
1197734,27,"September 16, 2026","4,790","23,600",South 1,Alleppey,"4,859",-1,Need to Check
1197734,28,"September 16, 2026","4,790","23,600",South 1,Alleppey,"4,859",-1,Need to Check
1197734,29,"September 16, 2026","5,204","23,600",South 1,Alleppey,"5,273",-1,Need to Check
1197734,30,"September 16, 2026","5,204","23,600",South 1,Alleppey,"5,273",-1,Need to Check
1197734,31,"September 16, 2026","5,204","23,600",South 1,Alleppey,"5,273",-1,Need to Check
1197734,32,"September 16, 2026","5,204","23,600",South 1,Alleppey,"5,273",-1,Need to Check
1197734,33,"September 16, 2026","5,204","23,600",South 1,Alleppey,"5,273",-1,Need to Check
1197734,34,"September 16, 2026","5,204","23,600",South 1,Alleppey,"5,273",-1,Need to Check
1197734,35,"September 16, 2026","5,894","23,600",South 1,Alleppey,"5,963",-1,Need to Check
1197734,36,"September 16, 2026","5,894","23,600",South 1,Alleppey,"5,963",-1,Need to Check
1197734,37,"September 16, 2026","5,894","23,600",South 1,Alleppey,"5,963",-1,Need to Check
1197734,39,"September 16, 2026","4,238","23,600",South 1,Alleppey,"4,307",-1,Need to Check
1197734,40,"September 16, 2026","4,238","23,600",South 1,Alleppey,"4,307",-1,Need to Check
1197734,57,"September 16, 2026","5,204","23,600",South 1,Alleppey,"5,273",-1,Need to Check
1197734,58,"September 16, 2026","5,204","23,600",South 1,Alleppey,"5,273",-1,Need to Check
1197734,83,"September 16, 2026","4,238","23,600",South 1,Alleppey,"4,307",-1,Need to Check
1197734,89,"September 16, 2026","5,204","23,600",South 1,Alleppey,"5,273",-1,Need to Check
1204840,15,"September 23, 2026","1,123","27,848",North 2,Shimla,"1,145",-1,Need to Check
1204840,16,"September 23, 2026","1,123","27,848",North 2,Shimla,"1,145",-1,Need to Check
1204840,17,"September 23, 2026","1,261","27,848",North 2,Shimla,"1,283",-1,Need to Check
1204840,18,"September 23, 2026","1,261","27,848",North 2,Shimla,"1,283",-1,Need to Check
1204840,19,"September 23, 2026","1,261","27,848",North 2,Shimla,"1,283",-1,Need to Check
1204840,20,"September 23, 2026","1,261","27,848",North 2,Shimla,"1,283",-1,Need to Check
1204840,21,"September 23, 2026","1,468","27,848",North 2,Shimla,"1,490",-1,Need to Check
1204840,22,"September 23, 2026","1,468","27,848",North 2,Shimla,"1,490",-1,Need to Check
1204840,23,"September 23, 2026","1,468","27,848",North 2,Shimla,"1,490",-1,Need to Check
1204840,24,"September 23, 2026","1,468","27,848",North 2,Shimla,"1,490",-1,Need to Check
1204840,25,"September 23, 2026","1,261","27,848",North 2,Shimla,"1,283",-1,Need to Check
1204840,26,"September 23, 2026","1,261","27,848",North 2,Shimla,"1,283",-1,Need to Check
1204840,27,"September 23, 2026","1,468","27,848",North 2,Shimla,"1,490",-1,Need to Check
1204840,28,"September 23, 2026","1,468","27,848",North 2,Shimla,"1,490",-1,Need to Check
1204840,38,"September 23, 2026","1,123","27,848",North 2,Shimla,"1,145",-1,Need to Check
1204840,39,"September 23, 2026","1,468","27,848",North 2,Shimla,"1,490",-1,Need to Check
1204840,45,"September 23, 2026","1,468","27,848",North 2,Shimla,"1,490",-1,Need to Check
1204840,46,"September 23, 2026","1,468","27,848",North 2,Shimla,"1,490",-1,Need to Check
1204840,50,"September 23, 2026","1,261","27,848",North 2,Shimla,"1,283",-1,Need to Check
1204840,52,"September 23, 2026","1,123","27,848",North 2,Shimla,"1,145",-1,Need to Check
1204840,78,"September 23, 2026","1,123","27,848",North 2,Shimla,"1,145",-1,Need to Check
1204840,79,"September 23, 2026","1,123","27,848",North 2,Shimla,"1,145",-1,Need to Check
1206897,15,"September 15, 2026","1,170","23,600",North 2,Shimla,"1,194",-1,Need to Check
1206897,16,"September 15, 2026","1,170","23,600",North 2,Shimla,"1,194",-1,Need to Check
1206897,17,"September 15, 2026","1,308","23,600",North 2,Shimla,"1,332",-1,Need to Check
1206897,18,"September 15, 2026","1,308","23,600",North 2,Shimla,"1,332",-1,Need to Check
1206897,19,"September 15, 2026","1,308","23,600",North 2,Shimla,"1,332",-1,Need to Check
1206897,20,"September 15, 2026","1,308","23,600",North 2,Shimla,"1,332",-1,Need to Check
1206897,21,"September 15, 2026","1,446","23,600",North 2,Shimla,"1,470",-1,Need to Check
1206897,22,"September 15, 2026","1,446","23,600",North 2,Shimla,"1,470",-1,Need to Check
1206897,23,"September 15, 2026","1,446","23,600",North 2,Shimla,"1,470",-1,Need to Check
1206897,24,"September 15, 2026","1,446","23,600",North 2,Shimla,"1,470",-1,Need to Check
1206897,25,"September 15, 2026","1,308","23,600",North 2,Shimla,"1,332",-1,Need to Check
1206897,26,"September 15, 2026","1,308","23,600",North 2,Shimla,"1,332",-1,Need to Check
1206897,38,"September 15, 2026","1,170","23,600",North 2,Shimla,"1,194",-1,Need to Check
1206897,39,"September 15, 2026","1,446","23,600",North 2,Shimla,"1,470",-1,Need to Check
1206897,40,"September 15, 2026","1,446","23,600",North 2,Shimla,"1,470",-1,Need to Check
1206897,50,"September 15, 2026","1,308","23,600",North 2,Shimla,"1,332",-1,Need to Check
1206897,83,"September 15, 2026","1,446","23,600",North 2,Shimla,"1,470",-1,Need to Check
1209749,29,"September 15, 2026","3,071","38,776",North 2,Shimla,"3,120",-1,Need to Check
1209749,30,"September 15, 2026","3,071","38,776",North 2,Shimla,"3,120",-1,Need to Check
1209749,31,"September 15, 2026","3,071","38,776",North 2,Shimla,"3,120",-1,Need to Check
1209749,32,"September 15, 2026","3,071","38,776",North 2,Shimla,"3,120",-1,Need to Check
1209749,33,"September 15, 2026","3,071","38,776",North 2,Shimla,"3,120",-1,Need to Check
1209749,34,"September 15, 2026","3,071","38,776",North 2,Shimla,"3,120",-1,Need to Check
1209749,35,"September 15, 2026","3,761","38,776",North 2,Shimla,"3,810",-1,Need to Check
1209749,36,"September 15, 2026","3,761","38,776",North 2,Shimla,"3,810",-1,Need to Check
1209749,37,"September 15, 2026","3,761","38,776",North 2,Shimla,"3,810",-1,Need to Check
1209749,42,"September 15, 2026","4,451","38,776",North 2,Shimla,"4,500",-1,Need to Check
1209749,43,"September 15, 2026","4,451","38,776",North 2,Shimla,"4,500",-1,Need to Check
1209749,57,"September 15, 2026","3,071","38,776",North 2,Shimla,"3,120",-1,Need to Check
1209749,58,"September 15, 2026","3,071","38,776",North 2,Shimla,"3,120",-1,Need to Check
1209749,89,"September 15, 2026","3,071","38,776",North 2,Shimla,"3,120",-1,Need to Check
1213613,23,"September 15, 2026","3,422","23,600",North 1,New Delhi,"3,487",-1,Need to Check
1213613,24,"September 15, 2026","3,422","23,600",North 1,New Delhi,"3,487",-1,Need to Check
1213613,27,"September 15, 2026","3,767","23,600",North 1,New Delhi,"3,812",-1,Need to Check
1213613,27,"September 17, 2026","3,753","23,600",North 1,New Delhi,"3,812",-1,Need to Check
1213613,28,"September 15, 2026","3,767","23,600",North 1,New Delhi,"3,812",-1,Need to Check
1213613,28,"September 17, 2026","3,753","23,600",North 1,New Delhi,"3,812",-1,Need to Check
1213613,40,"September 15, 2026","3,422","23,600",North 1,New Delhi,"3,487",-1,Need to Check
1226887,23,"September 15, 2026","2,070","23,600",North 2,Varanasi,"2,101",-1,Need to Check
1226887,24,"September 15, 2026","2,070","23,600",North 2,Varanasi,"2,101",-1,Need to Check
1226887,25,"September 15, 2026","2,277","23,600",North 2,Varanasi,"2,296",-1,Need to Check
1226887,26,"September 15, 2026","2,277","23,600",North 2,Varanasi,"2,296",-1,Need to Check
1226887,40,"September 15, 2026","2,070","23,600",North 2,Varanasi,"2,101",-1,Need to Check
1229040,17,"September 15, 2026","1,154","20,000",North 2,Varanasi,"1,170",-1,Need to Check
1229040,18,"September 15, 2026","1,154","20,000",North 2,Varanasi,"1,170",-1,Need to Check
1229040,25,"September 15, 2026","1,706","20,000",North 2,Varanasi,"1,723",-1,Need to Check
1229040,26,"September 15, 2026","1,706","20,000",North 2,Varanasi,"1,723",-1,Need to Check
1229040,50,"September 15, 2026","1,154","20,000",North 2,Varanasi,"1,170",-1,Need to Check
1229040,87,"September 15, 2026","1,154","20,000",North 2,Varanasi,"1,170",-1,Need to Check
1229920,16,"September 22, 2026","1,261","23,600",North 2,Varanasi,"1,274",-1,Need to Check
1229920,16,"September 23, 2026","1,261","23,600",North 2,Varanasi,"1,274",-1,Need to Check
1229920,16,"September 24, 2026","1,261","23,600",North 2,Varanasi,"1,274",-1,Need to Check
1229920,52,"September 22, 2026","1,261","23,600",North 2,Varanasi,"1,274",-1,Need to Check
1229920,52,"September 23, 2026","1,261","23,600",North 2,Varanasi,"1,274",-1,Need to Check
1229920,52,"September 24, 2026","1,261","23,600",North 2,Varanasi,"1,274",-1,Need to Check
1241638,25,"September 21, 2026","2,813","23,600",South 2,Chennai,"2,870",-1,Need to Check
1241638,26,"September 21, 2026","2,813","23,600",South 2,Chennai,"2,870",-1,Need to Check
1241870,27,"September 20, 2026","2,716","23,600",South 2,Chennai,"2,767",-1,Need to Check
1241870,27,"September 21, 2026","2,716","23,600",South 2,Chennai,"2,767",-1,Need to Check
1241870,28,"September 20, 2026","2,716","23,600",South 2,Chennai,"2,767",-1,Need to Check
1241870,28,"September 21, 2026","2,716","23,600",South 2,Chennai,"2,767",-1,Need to Check
1242933,32,"September 20, 2026","3,698","23,600",South 2,Chennai,"3,775",-1,Need to Check
1242933,32,"September 21, 2026","3,698","23,600",South 2,Chennai,"3,775",-1,Need to Check
1242933,33,"September 20, 2026","3,698","23,600",South 2,Chennai,"3,775",-1,Need to Check
1242933,33,"September 21, 2026","3,698","23,600",South 2,Chennai,"3,775",-1,Need to Check
1242933,34,"September 20, 2026","3,698","23,600",South 2,Chennai,"3,775",-1,Need to Check
1242933,34,"September 21, 2026","3,698","23,600",South 2,Chennai,"3,775",-1,Need to Check
1242933,35,"September 20, 2026","4,388","23,600",South 2,Chennai,"4,425",-1,Need to Check
1242933,35,"September 21, 2026","4,388","23,600",South 2,Chennai,"4,425",-1,Need to Check
1242933,36,"September 20, 2026","4,388","23,600",South 2,Chennai,"4,425",-1,Need to Check
1242933,36,"September 21, 2026","4,388","23,600",South 2,Chennai,"4,425",-1,Need to Check
1243281,19,"September 20, 2026","2,029","23,600",South 2,Chennai,"2,069",-1,Need to Check
1243281,19,"September 21, 2026","2,029","23,600",South 2,Chennai,"2,069",-1,Need to Check
1243281,20,"September 20, 2026","2,029","23,600",South 2,Chennai,"2,069",-1,Need to Check
1243281,20,"September 21, 2026","2,029","23,600",South 2,Chennai,"2,069",-1,Need to Check
1244531,23,"September 21, 2026","3,100","23,600",South 2,Chennai,"3,166",-1,Need to Check
1244531,24,"September 21, 2026","3,100","23,600",South 2,Chennai,"3,166",-1,Need to Check
1244531,27,"September 22, 2026","3,045","23,600",South 2,Chennai,"3,098",-1,Need to Check
1244531,28,"September 22, 2026","3,045","23,600",South 2,Chennai,"3,098",-1,Need to Check
1244990,23,"September 21, 2026","2,399","23,600",South 2,Chennai,"2,451",-1,Need to Check
1244990,24,"September 21, 2026","2,399","23,600",South 2,Chennai,"2,451",-1,Need to Check
1244990,27,"September 21, 2026","2,951","23,600",South 2,Chennai,"3,003",-1,Need to Check
1244990,28,"September 21, 2026","2,951","23,600",South 2,Chennai,"3,003",-1,Need to Check
1244990,40,"September 21, 2026","2,399","23,600",South 2,Chennai,"2,451",-1,Need to Check
1244990,41,"September 21, 2026","2,951","23,600",South 2,Chennai,"3,003",-1,Need to Check
1244990,84,"September 21, 2026","2,399","23,600",South 2,Chennai,"2,451",-1,Need to Check
1247056,29,"September 20, 2026","3,775","23,600",South 2,Chennai,"3,826",-1,Need to Check
1247056,29,"September 21, 2026","3,775","23,600",South 2,Chennai,"3,826",-1,Need to Check
1247056,30,"September 20, 2026","3,775","23,600",South 2,Chennai,"3,826",-1,Need to Check
1247056,30,"September 21, 2026","3,775","23,600",South 2,Chennai,"3,826",-1,Need to Check
1247056,31,"September 20, 2026","3,775","23,600",South 2,Chennai,"3,826",-1,Need to Check
1247056,31,"September 21, 2026","3,775","23,600",South 2,Chennai,"3,826",-1,Need to Check
1247056,32,"September 20, 2026","4,085","23,600",South 2,Chennai,"4,119",-1,Need to Check
1247056,32,"September 21, 2026","4,085","23,600",South 2,Chennai,"4,119",-1,Need to Check
1247056,33,"September 20, 2026","4,085","23,600",South 2,Chennai,"4,119",-1,Need to Check
1247056,33,"September 21, 2026","4,085","23,600",South 2,Chennai,"4,119",-1,Need to Check
1247056,34,"September 20, 2026","4,085","23,600",South 2,Chennai,"4,119",-1,Need to Check
1247056,34,"September 21, 2026","4,085","23,600",South 2,Chennai,"4,119",-1,Need to Check
1247056,57,"September 20, 2026","3,775","23,600",South 2,Chennai,"3,826",-1,Need to Check
1247056,57,"September 21, 2026","3,775","23,600",South 2,Chennai,"3,826",-1,Need to Check
1247991,27,"September 24, 2026","2,395","23,600",South 2,Chennai,"2,415",-1,Need to Check
1247991,28,"September 24, 2026","2,395","23,600",South 2,Chennai,"2,415",-1,Need to Check
1247991,32,"September 24, 2026","2,171","23,600",South 2,Chennai,"2,191",-1,Need to Check
1247991,33,"September 24, 2026","2,171","23,600",South 2,Chennai,"2,191",-1,Need to Check
1247991,34,"September 24, 2026","2,171","23,600",South 2,Chennai,"2,191",-1,Need to Check
1248477,21,"September 20, 2026","2,948","23,600",South 2,Chennai,"3,000",-1,Need to Check
1248477,22,"September 20, 2026","2,948","23,600",South 2,Chennai,"3,000",-1,Need to Check
1248477,23,"September 20, 2026","3,086","23,600",South 2,Chennai,"3,130",-1,Need to Check
1248477,24,"September 20, 2026","3,086","23,600",South 2,Chennai,"3,130",-1,Need to Check
1248477,39,"September 20, 2026","2,948","23,600",South 2,Chennai,"3,000",-1,Need to Check
1261557,17,"September 20, 2026","1,209","20,000",South 2,Coimbatore,"1,220",-1,Need to Check
1261557,17,"September 21, 2026","1,209","20,000",South 2,Coimbatore,"1,220",-1,Need to Check
1261557,17,"September 22, 2026","1,209","20,000",South 2,Coimbatore,"1,220",-1,Need to Check
1261557,18,"September 20, 2026","1,209","20,000",South 2,Coimbatore,"1,220",-1,Need to Check
1261557,18,"September 21, 2026","1,209","20,000",South 2,Coimbatore,"1,220",-1,Need to Check
1261557,18,"September 22, 2026","1,209","20,000",South 2,Coimbatore,"1,220",-1,Need to Check
1261557,50,"September 20, 2026","1,209","20,000",South 2,Coimbatore,"1,220",-1,Need to Check
1261557,50,"September 21, 2026","1,209","20,000",South 2,Coimbatore,"1,220",-1,Need to Check
1261557,50,"September 22, 2026","1,209","20,000",South 2,Coimbatore,"1,220",-1,Need to Check
1261835,42,"September 20, 2026","3,089","23,600",South 2,Coimbatore,"3,138",-1,Need to Check
1261835,43,"September 20, 2026","3,089","23,600",South 2,Coimbatore,"3,138",-1,Need to Check
1261979,16,"September 21, 2026","1,112","23,600",North 2,Chandigarh,"1,121",-1,Need to Check
1261979,17,"September 21, 2026","1,181","23,600",North 2,Chandigarh,"1,190",-1,Need to Check
1261979,18,"September 21, 2026","1,181","23,600",North 2,Chandigarh,"1,190",-1,Need to Check
1261979,24179,"September 21, 2026","2,078","23,600",North 2,Chandigarh,"2,100",-1,Need to Check
1261979,29,"September 21, 2026","2,078","23,600",North 2,Chandigarh,"2,100",-1,Need to Check
1261979,30,"September 21, 2026","2,078","23,600",North 2,Chandigarh,"2,100",-1,Need to Check
1261979,31,"September 21, 2026","2,078","23,600",North 2,Chandigarh,"2,100",-1,Need to Check
1261979,32,"September 22, 2026","2,137","23,600",North 2,Chandigarh,"2,170",-1,Need to Check
1261979,32,"September 23, 2026","2,112","23,600",North 2,Chandigarh,"2,134",-1,Need to Check
1261979,33,"September 22, 2026","2,137","23,600",North 2,Chandigarh,"2,170",-1,Need to Check
1261979,33,"September 23, 2026","2,112","23,600",North 2,Chandigarh,"2,134",-1,Need to Check
1261979,34,"September 22, 2026","2,137","23,600",North 2,Chandigarh,"2,170",-1,Need to Check
1261979,34,"September 23, 2026","2,112","23,600",North 2,Chandigarh,"2,134",-1,Need to Check
1261979,35,"September 22, 2026","2,482","23,600",North 2,Chandigarh,"2,520",-1,Need to Check
1261979,35,"September 23, 2026","2,457","23,600",North 2,Chandigarh,"2,479",-1,Need to Check
1261979,36,"September 22, 2026","2,482","23,600",North 2,Chandigarh,"2,520",-1,Need to Check
1261979,36,"September 23, 2026","2,457","23,600",North 2,Chandigarh,"2,479",-1,Need to Check
1261979,37,"September 22, 2026","2,482","23,600",North 2,Chandigarh,"2,520",-1,Need to Check
1261979,37,"September 23, 2026","2,457","23,600",North 2,Chandigarh,"2,479",-1,Need to Check
1261979,42,"September 22, 2026","2,827","23,600",North 2,Chandigarh,"2,870",-1,Need to Check
1261979,42,"September 23, 2026","2,802","23,600",North 2,Chandigarh,"2,824",-1,Need to Check
1261979,43,"September 22, 2026","2,827","23,600",North 2,Chandigarh,"2,870",-1,Need to Check
1261979,43,"September 23, 2026","2,802","23,600",North 2,Chandigarh,"2,824",-1,Need to Check
1261979,44,"September 22, 2026","2,827","23,600",North 2,Chandigarh,"2,870",-1,Need to Check
1261979,44,"September 23, 2026","2,802","23,600",North 2,Chandigarh,"2,824",-1,Need to Check
1261979,50,"September 21, 2026","1,181","23,600",North 2,Chandigarh,"1,190",-1,Need to Check
1261979,52,"September 21, 2026","1,112","23,600",North 2,Chandigarh,"1,121",-1,Need to Check
1261979,57,"September 21, 2026","2,078","23,600",North 2,Chandigarh,"2,100",-1,Need to Check
1261979,58,"September 22, 2026","2,137","23,600",North 2,Chandigarh,"2,170",-1,Need to Check
1261979,58,"September 23, 2026","2,112","23,600",North 2,Chandigarh,"2,134",-1,Need to Check
1261979,59,"September 22, 2026","2,482","23,600",North 2,Chandigarh,"2,520",-1,Need to Check
1261979,59,"September 23, 2026","2,457","23,600",North 2,Chandigarh,"2,479",-1,Need to Check
1261979,77,"September 21, 2026","1,112","23,600",North 2,Chandigarh,"1,121",-1,Need to Check
1261979,87,"September 21, 2026","1,181","23,600",North 2,Chandigarh,"1,190",-1,Need to Check
1261979,89,"September 21, 2026","2,078","23,600",North 2,Chandigarh,"2,100",-1,Need to Check
1261979,90,"September 22, 2026","2,137","23,600",North 2,Chandigarh,"2,170",-1,Need to Check
1261979,90,"September 23, 2026","2,112","23,600",North 2,Chandigarh,"2,134",-1,Need to Check
1269686,23,"September 21, 2026","1,657","23,600",South 2,Coimbatore,"1,691",-1,Need to Check
1269686,24,"September 21, 2026","1,657","23,600",South 2,Coimbatore,"1,691",-1,Need to Check
1269686,27,"September 21, 2026","2,002","23,600",South 2,Coimbatore,"2,036",-1,Need to Check
1269686,28,"September 21, 2026","2,002","23,600",South 2,Coimbatore,"2,036",-1,Need to Check
1269686,40,"September 21, 2026","1,657","23,600",South 2,Coimbatore,"1,691",-1,Need to Check
1295755,27,"September 21, 2026","2,602","23,600",South 2,Visakhapatnam,"2,654",-1,Need to Check
1295755,28,"September 21, 2026","2,602","23,600",South 2,Visakhapatnam,"2,654",-1,Need to Check
1371182,29,"September 20, 2026","4,135","23,600",West,Mumbai,"4,182",-1,Need to Check
1371182,29,"September 21, 2026","4,145","23,600",West,Mumbai,"4,182",-1,Need to Check
1371182,30,"September 20, 2026","4,135","23,600",West,Mumbai,"4,182",-1,Need to Check
1371182,30,"September 21, 2026","4,145","23,600",West,Mumbai,"4,182",-1,Need to Check
1371182,31,"September 20, 2026","4,135","23,600",West,Mumbai,"4,182",-1,Need to Check
1371182,31,"September 21, 2026","4,145","23,600",West,Mumbai,"4,182",-1,Need to Check
1371182,32,"September 20, 2026","4,342","23,600",West,Mumbai,"4,377",-1,Need to Check
1371182,33,"September 20, 2026","4,342","23,600",West,Mumbai,"4,377",-1,Need to Check
1371182,34,"September 20, 2026","4,342","23,600",West,Mumbai,"4,377",-1,Need to Check
1371182,57,"September 20, 2026","4,135","23,600",West,Mumbai,"4,182",-1,Need to Check
1371182,57,"September 21, 2026","4,145","23,600",West,Mumbai,"4,182",-1,Need to Check
1381105,17,"September 22, 2026","1,565","23,600",West,Goa,"1,592",-1,Need to Check
1381105,18,"September 22, 2026","1,565","23,600",West,Goa,"1,592",-1,Need to Check
1381105,19,"September 22, 2026","1,634","23,600",West,Goa,"1,657",-1,Need to Check
1381105,20,"September 22, 2026","1,634","23,600",West,Goa,"1,657",-1,Need to Check
1381105,29,"September 23, 2026","2,289","23,600",West,Goa,"2,307",-1,Need to Check
1381105,30,"September 23, 2026","2,289","23,600",West,Goa,"2,307",-1,Need to Check
1381105,31,"September 23, 2026","2,289","23,600",West,Goa,"2,307",-1,Need to Check
1381105,50,"September 22, 2026","1,565","23,600",West,Goa,"1,592",-1,Need to Check
1381105,57,"September 23, 2026","2,289","23,600",West,Goa,"2,307",-1,Need to Check
1382823,15,"September 22, 2026","1,183","23,600",West,Goa,"1,206",-1,Need to Check
1382823,16,"September 22, 2026","1,321","23,600",West,Goa,"1,336",-1,Need to Check
1382823,17,"September 22, 2026","1,390","23,600",West,Goa,"1,401",-1,Need to Check
1382823,18,"September 22, 2026","1,390","23,600",West,Goa,"1,401",-1,Need to Check
1382823,21,"September 21, 2026","1,771","23,600",West,Goa,"1,791",-1,Need to Check
1382823,21,"September 23, 2026","1,769","23,600",West,Goa,"1,791",-1,Need to Check
1382823,21,"September 24, 2026","1,769","23,600",West,Goa,"1,791",-1,Need to Check
1382823,22,"September 21, 2026","1,771","23,600",West,Goa,"1,791",-1,Need to Check
1382823,22,"September 23, 2026","1,769","23,600",West,Goa,"1,791",-1,Need to Check
1382823,22,"September 24, 2026","1,769","23,600",West,Goa,"1,791",-1,Need to Check
1382823,23,"September 23, 2026","1,907","23,600",West,Goa,"1,921",-1,Need to Check
1382823,23,"September 24, 2026","1,907","23,600",West,Goa,"1,921",-1,Need to Check
1382823,24,"September 23, 2026","1,907","23,600",West,Goa,"1,921",-1,Need to Check
1382823,24,"September 24, 2026","1,907","23,600",West,Goa,"1,921",-1,Need to Check
1382823,25,"September 21, 2026","1,840","23,600",West,Goa,"1,856",-1,Need to Check
1382823,25,"September 23, 2026","1,838","23,600",West,Goa,"1,856",-1,Need to Check
1382823,25,"September 24, 2026","1,838","23,600",West,Goa,"1,856",-1,Need to Check
1382823,26,"September 21, 2026","1,840","23,600",West,Goa,"1,856",-1,Need to Check
1382823,26,"September 23, 2026","1,838","23,600",West,Goa,"1,856",-1,Need to Check
1382823,26,"September 24, 2026","1,838","23,600",West,Goa,"1,856",-1,Need to Check
1382823,38,"September 22, 2026","1,183","23,600",West,Goa,"1,206",-1,Need to Check
1382823,39,"September 21, 2026","1,771","23,600",West,Goa,"1,791",-1,Need to Check
1382823,39,"September 23, 2026","1,769","23,600",West,Goa,"1,791",-1,Need to Check
1382823,39,"September 24, 2026","1,769","23,600",West,Goa,"1,791",-1,Need to Check
1382823,40,"September 23, 2026","1,907","23,600",West,Goa,"1,921",-1,Need to Check
1382823,40,"September 24, 2026","1,907","23,600",West,Goa,"1,921",-1,Need to Check
1382823,50,"September 22, 2026","1,390","23,600",West,Goa,"1,401",-1,Need to Check
1382823,52,"September 22, 2026","1,321","23,600",West,Goa,"1,336",-1,Need to Check
1382823,76,"September 22, 2026","1,183","23,600",West,Goa,"1,206",-1,Need to Check
1382823,83,"September 21, 2026","1,771","23,600",West,Goa,"1,791",-1,Need to Check
1382823,83,"September 23, 2026","1,769","23,600",West,Goa,"1,791",-1,Need to Check
1382823,83,"September 24, 2026","1,769","23,600",West,Goa,"1,791",-1,Need to Check
1382823,87,"September 22, 2026","1,390","23,600",West,Goa,"1,401",-1,Need to Check
1416724,19,"September 15, 2026","1,513","23,600",East,Kolkata,"1,531",-1,Need to Check
1416724,19,"September 16, 2026","1,500","23,600",East,Kolkata,"1,517",-1,Need to Check
1416724,20,"September 15, 2026","1,513","23,600",East,Kolkata,"1,531",-1,Need to Check
1416724,20,"September 16, 2026","1,500","23,600",East,Kolkata,"1,517",-1,Need to Check
1416724,21,"September 15, 2026","1,513","23,600",East,Kolkata,"1,531",-1,Need to Check
1416724,21,"September 16, 2026","1,500","23,600",East,Kolkata,"1,517",-1,Need to Check
1416724,22,"September 15, 2026","1,513","23,600",East,Kolkata,"1,531",-1,Need to Check
1416724,22,"September 16, 2026","1,500","23,600",East,Kolkata,"1,517",-1,Need to Check
1416724,23,"September 15, 2026","1,651","23,600",East,Kolkata,"1,669",-1,Need to Check
1416724,23,"September 16, 2026","1,638","23,600",East,Kolkata,"1,655",-1,Need to Check
1416724,24,"September 15, 2026","1,651","23,600",East,Kolkata,"1,669",-1,Need to Check
1416724,24,"September 16, 2026","1,638","23,600",East,Kolkata,"1,655",-1,Need to Check
1416724,27,"September 15, 2026","1,927","23,600",East,Kolkata,"1,948",-1,Need to Check
1416724,27,"September 16, 2026","1,914","23,600",East,Kolkata,"1,931",-1,Need to Check
1416724,28,"September 15, 2026","1,927","23,600",East,Kolkata,"1,948",-1,Need to Check
1416724,28,"September 16, 2026","1,914","23,600",East,Kolkata,"1,931",-1,Need to Check
1416724,39,"September 15, 2026","1,513","23,600",East,Kolkata,"1,531",-1,Need to Check
1416724,39,"September 16, 2026","1,500","23,600",East,Kolkata,"1,517",-1,Need to Check
1416724,40,"September 15, 2026","1,651","23,600",East,Kolkata,"1,669",-1,Need to Check
1416724,40,"September 16, 2026","1,638","23,600",East,Kolkata,"1,655",-1,Need to Check
1416724,83,"September 15, 2026","1,513","23,600",East,Kolkata,"1,531",-1,Need to Check
1416724,83,"September 16, 2026","1,500","23,600",East,Kolkata,"1,517",-1,Need to Check
1421319,17,"September 15, 2026","1,625","23,600",East,Jamshedpur,"1,643",-1,Need to Check
1421319,17,"September 16, 2026","1,625","23,600",East,Jamshedpur,"1,643",-1,Need to Check
1421319,18,"September 15, 2026","1,625","23,600",East,Jamshedpur,"1,643",-1,Need to Check
1421319,18,"September 16, 2026","1,625","23,600",East,Jamshedpur,"1,643",-1,Need to Check
1421319,19,"September 15, 2026","1,694","23,600",East,Jamshedpur,"1,708",-1,Need to Check
1421319,19,"September 16, 2026","1,694","23,600",East,Jamshedpur,"1,708",-1,Need to Check
1421319,20,"September 15, 2026","1,694","23,600",East,Jamshedpur,"1,708",-1,Need to Check
1421319,20,"September 16, 2026","1,694","23,600",East,Jamshedpur,"1,708",-1,Need to Check
1446075,25,"September 20, 2026","3,307","23,600",South 1,Ooty,"3,351",-1,Need to Check
1446075,26,"September 20, 2026","3,307","23,600",South 1,Ooty,"3,351",-1,Need to Check
1446075,32,"September 20, 2026","3,307","23,600",South 1,Ooty,"3,351",-1,Need to Check
1446075,33,"September 20, 2026","3,307","23,600",South 1,Ooty,"3,351",-1,Need to Check
1446075,34,"September 20, 2026","3,307","23,600",South 1,Ooty,"3,351",-1,Need to Check
1446075,58,"September 20, 2026","3,307","23,600",South 1,Ooty,"3,351",-1,Need to Check
1446609,17,"September 15, 2026","1,026","23,600",South 1,Ooty,"1,045",-1,Need to Check
1446609,17,"September 16, 2026","1,026","23,600",South 1,Ooty,"1,040",-1,Need to Check
1446609,18,"September 15, 2026","1,026","23,600",South 1,Ooty,"1,045",-1,Need to Check
1446609,18,"September 16, 2026","1,026","23,600",South 1,Ooty,"1,040",-1,Need to Check
1446609,19,"September 15, 2026","1,026","23,600",South 1,Ooty,"1,045",-1,Need to Check
1446609,19,"September 16, 2026","1,026","23,600",South 1,Ooty,"1,040",-1,Need to Check
1446609,20,"September 15, 2026","1,026","23,600",South 1,Ooty,"1,045",-1,Need to Check
1446609,20,"September 16, 2026","1,026","23,600",South 1,Ooty,"1,040",-1,Need to Check
1446609,21,"September 15, 2026","1,509","23,600",South 1,Ooty,"1,528",-1,Need to Check
1446609,21,"September 16, 2026","1,509","23,600",South 1,Ooty,"1,523",-1,Need to Check
1446609,22,"September 15, 2026","1,509","23,600",South 1,Ooty,"1,528",-1,Need to Check
1446609,22,"September 16, 2026","1,509","23,600",South 1,Ooty,"1,523",-1,Need to Check
1446609,23,"September 15, 2026","1,509","23,600",South 1,Ooty,"1,528",-1,Need to Check
1446609,23,"September 16, 2026","1,509","23,600",South 1,Ooty,"1,523",-1,Need to Check
1446609,24,"September 15, 2026","1,509","23,600",South 1,Ooty,"1,528",-1,Need to Check
1446609,24,"September 16, 2026","1,509","23,600",South 1,Ooty,"1,523",-1,Need to Check
1446609,25,"September 15, 2026","1,026","23,600",South 1,Ooty,"1,045",-1,Need to Check
1446609,25,"September 16, 2026","1,026","23,600",South 1,Ooty,"1,040",-1,Need to Check
1446609,26,"September 15, 2026","1,026","23,600",South 1,Ooty,"1,045",-1,Need to Check
1446609,26,"September 16, 2026","1,026","23,600",South 1,Ooty,"1,040",-1,Need to Check
1446609,29,"September 15, 2026","1,716","23,600",South 1,Ooty,"1,735",-1,Need to Check
1446609,29,"September 16, 2026","1,716","23,600",South 1,Ooty,"1,730",-1,Need to Check
1446609,30,"September 15, 2026","1,716","23,600",South 1,Ooty,"1,735",-1,Need to Check
1446609,30,"September 16, 2026","1,716","23,600",South 1,Ooty,"1,730",-1,Need to Check
1446609,31,"September 15, 2026","1,716","23,600",South 1,Ooty,"1,735",-1,Need to Check
1446609,31,"September 16, 2026","1,716","23,600",South 1,Ooty,"1,730",-1,Need to Check
1446609,32,"September 15, 2026","1,716","23,600",South 1,Ooty,"1,735",-1,Need to Check
1446609,32,"September 16, 2026","1,716","23,600",South 1,Ooty,"1,730",-1,Need to Check
1446609,33,"September 15, 2026","1,716","23,600",South 1,Ooty,"1,735",-1,Need to Check
1446609,33,"September 16, 2026","1,716","23,600",South 1,Ooty,"1,730",-1,Need to Check
1446609,34,"September 15, 2026","1,716","23,600",South 1,Ooty,"1,735",-1,Need to Check
1446609,34,"September 16, 2026","1,716","23,600",South 1,Ooty,"1,730",-1,Need to Check
1446609,35,"September 15, 2026","2,406","23,600",South 1,Ooty,"2,425",-1,Need to Check
1446609,36,"September 15, 2026","2,406","23,600",South 1,Ooty,"2,425",-1,Need to Check
1446609,37,"September 15, 2026","2,406","23,600",South 1,Ooty,"2,425",-1,Need to Check
1446609,39,"September 15, 2026","1,509","23,600",South 1,Ooty,"1,528",-1,Need to Check
1446609,39,"September 16, 2026","1,509","23,600",South 1,Ooty,"1,523",-1,Need to Check
1446609,40,"September 15, 2026","1,509","23,600",South 1,Ooty,"1,528",-1,Need to Check
1446609,40,"September 16, 2026","1,509","23,600",South 1,Ooty,"1,523",-1,Need to Check
1446609,57,"September 15, 2026","1,716","23,600",South 1,Ooty,"1,735",-1,Need to Check
1446609,57,"September 16, 2026","1,716","23,600",South 1,Ooty,"1,730",-1,Need to Check
1446609,83,"September 15, 2026","1,509","23,600",South 1,Ooty,"1,528",-1,Need to Check
1446609,83,"September 16, 2026","1,509","23,600",South 1,Ooty,"1,523",-1,Need to Check
1452205,17,"September 20, 2026","1,432","23,600",South 2,Tirupati,"1,453",-1,Need to Check
1452205,18,"September 20, 2026","1,432","23,600",South 2,Tirupati,"1,453",-1,Need to Check
1452205,19,"September 20, 2026","1,535","23,600",South 2,Tirupati,"1,551",-1,Need to Check
1452205,19,"September 24, 2026","1,523","23,600",South 2,Tirupati,"1,551",-1,Need to Check
1452205,20,"September 20, 2026","1,535","23,600",South 2,Tirupati,"1,551",-1,Need to Check
1452205,20,"September 24, 2026","1,523","23,600",South 2,Tirupati,"1,551",-1,Need to Check
1452205,21,"September 24, 2026","1,626","23,600",South 2,Tirupati,"1,648",-1,Need to Check
1452205,22,"September 24, 2026","1,626","23,600",South 2,Tirupati,"1,648",-1,Need to Check
1452205,39,"September 24, 2026","1,626","23,600",South 2,Tirupati,"1,648",-1,Need to Check
1452205,50,"September 20, 2026","1,432","23,600",South 2,Tirupati,"1,453",-1,Need to Check
1452205,83,"September 24, 2026","1,626","23,600",South 2,Tirupati,"1,648",-1,Need to Check
1464454,17,"September 16, 2026","1,506","23,600",South 1,Mysore,"1,526",-1,Need to Check
1464454,18,"September 16, 2026","1,506","23,600",South 1,Mysore,"1,526",-1,Need to Check
1464454,19,"September 16, 2026","1,644","23,600",South 1,Mysore,"1,664",-1,Need to Check
1464454,20,"September 16, 2026","1,644","23,600",South 1,Mysore,"1,664",-1,Need to Check
1464454,21,"September 16, 2026","1,851","23,600",South 1,Mysore,"1,871",-1,Need to Check
1464454,22,"September 16, 2026","1,851","23,600",South 1,Mysore,"1,871",-1,Need to Check
1464454,23,"September 16, 2026","1,989","23,600",South 1,Mysore,"2,009",-1,Need to Check
1464454,24,"September 16, 2026","1,989","23,600",South 1,Mysore,"2,009",-1,Need to Check
1464454,39,"September 16, 2026","1,851","23,600",South 1,Mysore,"1,871",-1,Need to Check
1464454,40,"September 16, 2026","1,989","23,600",South 1,Mysore,"2,009",-1,Need to Check
1464454,50,"September 16, 2026","1,506","23,600",South 1,Mysore,"1,526",-1,Need to Check
1464454,51,"September 16, 2026","1,644","23,600",South 1,Mysore,"1,664",-1,Need to Check
1464454,83,"September 16, 2026","1,851","23,600",South 1,Mysore,"1,871",-1,Need to Check
1464454,87,"September 16, 2026","1,506","23,600",South 1,Mysore,"1,526",-1,Need to Check
1472508,24179,"September 16, 2026","2,391","23,600",South 1,Coorg,"2,414",-1,Need to Check
1472508,24180,"September 16, 2026","2,391","23,600",South 1,Coorg,"2,414",-1,Need to Check
1472508,24181,"September 16, 2026","2,391","23,600",South 1,Coorg,"2,414",-1,Need to Check
1472508,24182,"September 16, 2026","2,391","23,600",South 1,Coorg,"2,414",-1,Need to Check
1472508,24183,"September 16, 2026","2,391","23,600",South 1,Coorg,"2,414",-1,Need to Check
1472508,24184,"September 16, 2026","2,391","23,600",South 1,Coorg,"2,414",-1,Need to Check
1472508,24185,"September 16, 2026","2,391","23,600",South 1,Coorg,"2,414",-1,Need to Check
1472508,24186,"September 16, 2026","3,081","23,600",South 1,Coorg,"3,104",-1,Need to Check
1472508,24187,"September 16, 2026","3,081","23,600",South 1,Coorg,"3,104",-1,Need to Check
1472508,27,"September 16, 2026","2,184","23,600",South 1,Coorg,"2,207",-1,Need to Check
1472508,28,"September 16, 2026","2,184","23,600",South 1,Coorg,"2,207",-1,Need to Check
1472508,29,"September 16, 2026","2,391","23,600",South 1,Coorg,"2,414",-1,Need to Check
1472508,30,"September 16, 2026","2,391","23,600",South 1,Coorg,"2,414",-1,Need to Check
1472508,31,"September 16, 2026","2,391","23,600",South 1,Coorg,"2,414",-1,Need to Check
1472508,32,"September 16, 2026","2,391","23,600",South 1,Coorg,"2,414",-1,Need to Check
1472508,33,"September 16, 2026","2,391","23,600",South 1,Coorg,"2,414",-1,Need to Check
1472508,34,"September 16, 2026","2,391","23,600",South 1,Coorg,"2,414",-1,Need to Check
1472508,35,"September 16, 2026","3,081","23,600",South 1,Coorg,"3,104",-1,Need to Check
1472508,36,"September 16, 2026","3,081","23,600",South 1,Coorg,"3,104",-1,Need to Check
1472508,37,"September 16, 2026","3,081","23,600",South 1,Coorg,"3,104",-1,Need to Check
1472508,41,"September 16, 2026","2,184","23,600",South 1,Coorg,"2,207",-1,Need to Check
1472508,45,"September 16, 2026","2,874","23,600",South 1,Coorg,"2,897",-1,Need to Check
1472508,46,"September 16, 2026","2,874","23,600",South 1,Coorg,"2,897",-1,Need to Check
1472508,57,"September 16, 2026","2,391","23,600",South 1,Coorg,"2,414",-1,Need to Check
1472508,58,"September 16, 2026","2,391","23,600",South 1,Coorg,"2,414",-1,Need to Check
1472508,59,"September 16, 2026","3,081","23,600",South 1,Coorg,"3,104",-1,Need to Check
1472508,70,"September 15, 2026","6,531","23,600",South 1,Coorg,"6,593",-1,Need to Check
1472508,71,"September 15, 2026","6,531","23,600",South 1,Coorg,"6,593",-1,Need to Check
1472508,89,"September 16, 2026","2,391","23,600",South 1,Coorg,"2,414",-1,Need to Check
1472508,90,"September 16, 2026","2,391","23,600",South 1,Coorg,"2,414",-1,Need to Check
1472508,91,"September 16, 2026","3,081","23,600",South 1,Coorg,"3,104",-1,Need to Check
1474809,17,"September 15, 2026","1,215","23,600",South 1,Coorg,"1,240",-1,Need to Check
1474809,17,"September 16, 2026","1,215","23,600",South 1,Coorg,"1,240",-1,Need to Check
1474809,18,"September 15, 2026","1,215","23,600",South 1,Coorg,"1,240",-1,Need to Check
1474809,18,"September 16, 2026","1,215","23,600",South 1,Coorg,"1,240",-1,Need to Check
1474809,19,"September 15, 2026","1,302","23,600",South 1,Coorg,"1,326",-1,Need to Check
1474809,19,"September 16, 2026","1,302","23,600",South 1,Coorg,"1,326",-1,Need to Check
1474809,20,"September 15, 2026","1,302","23,600",South 1,Coorg,"1,326",-1,Need to Check
1474809,20,"September 16, 2026","1,302","23,600",South 1,Coorg,"1,326",-1,Need to Check
1474809,21,"September 15, 2026","1,457","23,600",South 1,Coorg,"1,482",-1,Need to Check
1474809,21,"September 16, 2026","1,457","23,600",South 1,Coorg,"1,482",-1,Need to Check
1474809,22,"September 15, 2026","1,457","23,600",South 1,Coorg,"1,482",-1,Need to Check
1474809,22,"September 16, 2026","1,457","23,600",South 1,Coorg,"1,482",-1,Need to Check
1474809,23,"September 15, 2026","1,595","23,600",South 1,Coorg,"1,620",-1,Need to Check
1474809,23,"September 16, 2026","1,595","23,600",South 1,Coorg,"1,620",-1,Need to Check
1474809,24,"September 15, 2026","1,595","23,600",South 1,Coorg,"1,620",-1,Need to Check
1474809,24,"September 16, 2026","1,595","23,600",South 1,Coorg,"1,620",-1,Need to Check
1474809,27,"September 15, 2026","2,112","23,600",South 1,Coorg,"2,137",-1,Need to Check
1474809,27,"September 16, 2026","2,112","23,600",South 1,Coorg,"2,137",-1,Need to Check
1474809,28,"September 15, 2026","2,112","23,600",South 1,Coorg,"2,137",-1,Need to Check
1474809,28,"September 16, 2026","2,112","23,600",South 1,Coorg,"2,137",-1,Need to Check
1474809,39,"September 15, 2026","1,457","23,600",South 1,Coorg,"1,482",-1,Need to Check
1474809,39,"September 16, 2026","1,457","23,600",South 1,Coorg,"1,482",-1,Need to Check
1474809,40,"September 15, 2026","1,595","23,600",South 1,Coorg,"1,620",-1,Need to Check
1474809,40,"September 16, 2026","1,595","23,600",South 1,Coorg,"1,620",-1,Need to Check
1474809,50,"September 15, 2026","1,215","23,600",South 1,Coorg,"1,240",-1,Need to Check
1474809,50,"September 16, 2026","1,215","23,600",South 1,Coorg,"1,240",-1,Need to Check
1474809,51,"September 15, 2026","1,302","23,600",South 1,Coorg,"1,326",-1,Need to Check
1474809,51,"September 16, 2026","1,302","23,600",South 1,Coorg,"1,326",-1,Need to Check
1474809,83,"September 15, 2026","1,457","23,600",South 1,Coorg,"1,482",-1,Need to Check
1474809,83,"September 16, 2026","1,457","23,600",South 1,Coorg,"1,482",-1,Need to Check
1474809,87,"September 15, 2026","1,215","23,600",South 1,Coorg,"1,240",-1,Need to Check
1474809,87,"September 16, 2026","1,215","23,600",South 1,Coorg,"1,240",-1,Need to Check
1474895,17,"September 16, 2026","1,278","23,600",South 1,Coorg,"1,299",-1,Need to Check
1474895,18,"September 16, 2026","1,278","23,600",South 1,Coorg,"1,299",-1,Need to Check
1474895,19,"September 16, 2026","1,278","23,600",South 1,Coorg,"1,299",-1,Need to Check
1474895,20,"September 16, 2026","1,278","23,600",South 1,Coorg,"1,299",-1,Need to Check
1474895,21,"September 16, 2026","1,554","23,600",South 1,Coorg,"1,575",-1,Need to Check
1474895,22,"September 16, 2026","1,554","23,600",South 1,Coorg,"1,575",-1,Need to Check
1474895,23,"September 16, 2026","1,554","23,600",South 1,Coorg,"1,575",-1,Need to Check
1474895,24,"September 16, 2026","1,554","23,600",South 1,Coorg,"1,575",-1,Need to Check
1474895,39,"September 16, 2026","1,554","23,600",South 1,Coorg,"1,575",-1,Need to Check
1474895,40,"September 16, 2026","1,554","23,600",South 1,Coorg,"1,575",-1,Need to Check
1474895,50,"September 16, 2026","1,278","23,600",South 1,Coorg,"1,299",-1,Need to Check
1474895,83,"September 16, 2026","1,554","23,600",South 1,Coorg,"1,575",-1,Need to Check
1477699,17,"September 15, 2026","1,170","23,600",South 1,Coorg,"1,180",-1,Need to Check
1477699,17,"September 16, 2026","1,170","23,600",South 1,Coorg,"1,180",-1,Need to Check
1477699,18,"September 15, 2026","1,170","23,600",South 1,Coorg,"1,180",-1,Need to Check
1477699,18,"September 16, 2026","1,170","23,600",South 1,Coorg,"1,180",-1,Need to Check
1477699,50,"September 15, 2026","1,170","23,600",South 1,Coorg,"1,180",-1,Need to Check
1477699,50,"September 16, 2026","1,170","23,600",South 1,Coorg,"1,180",-1,Need to Check
1477699,87,"September 15, 2026","1,170","23,600",South 1,Coorg,"1,180",-1,Need to Check
1477699,87,"September 16, 2026","1,170","23,600",South 1,Coorg,"1,180",-1,Need to Check
1477779,15,"September 15, 2026","1,272","23,600",South 1,Coorg,"1,286",-1,Need to Check
1477779,16,"September 15, 2026","1,272","23,600",South 1,Coorg,"1,286",-1,Need to Check
1477779,17,"September 15, 2026","1,479","23,600",South 1,Coorg,"1,493",-1,Need to Check
1477779,18,"September 15, 2026","1,479","23,600",South 1,Coorg,"1,493",-1,Need to Check
1477779,19,"September 15, 2026","1,479","23,600",South 1,Coorg,"1,493",-1,Need to Check
1477779,20,"September 15, 2026","1,479","23,600",South 1,Coorg,"1,493",-1,Need to Check
1477779,21,"September 15, 2026","1,755","23,600",South 1,Coorg,"1,769",-1,Need to Check
1477779,22,"September 15, 2026","1,755","23,600",South 1,Coorg,"1,769",-1,Need to Check
1477779,23,"September 15, 2026","1,755","23,600",South 1,Coorg,"1,769",-1,Need to Check
1477779,24,"September 15, 2026","1,755","23,600",South 1,Coorg,"1,769",-1,Need to Check
1477779,25,"September 15, 2026","1,824","23,600",South 1,Coorg,"1,838",-1,Need to Check
1477779,26,"September 15, 2026","1,824","23,600",South 1,Coorg,"1,838",-1,Need to Check
1477779,38,"September 15, 2026","1,272","23,600",South 1,Coorg,"1,286",-1,Need to Check
1477779,39,"September 15, 2026","1,755","23,600",South 1,Coorg,"1,769",-1,Need to Check
1477779,40,"September 15, 2026","1,755","23,600",South 1,Coorg,"1,769",-1,Need to Check
1477779,50,"September 15, 2026","1,479","23,600",South 1,Coorg,"1,493",-1,Need to Check
1477779,51,"September 15, 2026","1,479","23,600",South 1,Coorg,"1,493",-1,Need to Check
1477779,83,"September 15, 2026","1,755","23,600",South 1,Coorg,"1,769",-1,Need to Check
1477779,87,"September 15, 2026","1,479","23,600",South 1,Coorg,"1,493",-1,Need to Check
1479075,29,"September 16, 2026","2,208","23,600",South 1,Coorg,"2,254",-1,Need to Check
1479075,30,"September 16, 2026","2,208","23,600",South 1,Coorg,"2,254",-1,Need to Check
1479075,31,"September 16, 2026","2,208","23,600",South 1,Coorg,"2,254",-1,Need to Check
1479075,32,"September 16, 2026","2,208","23,600",South 1,Coorg,"2,254",-1,Need to Check
1479075,33,"September 16, 2026","2,208","23,600",South 1,Coorg,"2,254",-1,Need to Check
1479075,34,"September 16, 2026","2,208","23,600",South 1,Coorg,"2,254",-1,Need to Check
1479075,57,"September 16, 2026","2,208","23,600",South 1,Coorg,"2,254",-1,Need to Check
1479075,58,"September 16, 2026","2,208","23,600",South 1,Coorg,"2,254",-1,Need to Check
1479075,89,"September 16, 2026","2,208","23,600",South 1,Coorg,"2,254",-1,Need to Check
1479104,17,"September 15, 2026","1,460","23,600",South 1,Coorg,"1,472",-1,Need to Check
1479104,18,"September 15, 2026","1,460","23,600",South 1,Coorg,"1,472",-1,Need to Check
1479104,19,"September 15, 2026","1,460","23,600",South 1,Coorg,"1,472",-1,Need to Check
1479104,20,"September 15, 2026","1,460","23,600",South 1,Coorg,"1,472",-1,Need to Check
1479104,50,"September 15, 2026","1,460","23,600",South 1,Coorg,"1,472",-1,Need to Check
1479104,51,"September 15, 2026","1,460","23,600",South 1,Coorg,"1,472",-1,Need to Check
1479104,87,"September 15, 2026","1,460","23,600",South 1,Coorg,"1,472",-1,Need to Check
1483392,42,"September 24, 2026","2,931","27,848",West,Kolhapur,"2,977",-1,Need to Check
1483392,43,"September 24, 2026","2,931","27,848",West,Kolhapur,"2,977",-1,Need to Check
1483392,44,"September 24, 2026","2,931","27,848",West,Kolhapur,"2,977",-1,Need to Check
1483570,25,"September 24, 2026","1,874","23,600",West,Kolhapur,"1,914",-1,Need to Check
1483570,26,"September 24, 2026","1,874","23,600",West,Kolhapur,"1,914",-1,Need to Check
1483570,27,"September 24, 2026","2,081","23,600",West,Kolhapur,"2,109",-1,Need to Check
1483570,28,"September 24, 2026","2,081","23,600",West,Kolhapur,"2,109",-1,Need to Check
1484845,29,"September 24, 2026","2,585","23,600",West,Kolhapur,"2,636",-1,Need to Check
1484845,30,"September 24, 2026","2,585","23,600",West,Kolhapur,"2,636",-1,Need to Check
1484845,31,"September 24, 2026","2,585","23,600",West,Kolhapur,"2,636",-1,Need to Check
1484845,32,"September 24, 2026","2,723","23,600",West,Kolhapur,"2,766",-1,Need to Check
1484845,33,"September 24, 2026","2,723","23,600",West,Kolhapur,"2,766",-1,Need to Check
1484845,34,"September 24, 2026","2,723","23,600",West,Kolhapur,"2,766",-1,Need to Check
1484845,35,"September 24, 2026","2,999","23,600",West,Kolhapur,"3,026",-1,Need to Check
1484845,36,"September 24, 2026","2,999","23,600",West,Kolhapur,"3,026",-1,Need to Check
1484845,57,"September 24, 2026","2,585","23,600",West,Kolhapur,"2,636",-1,Need to Check
1504217,17,"September 16, 2026","1,737","23,600",West,Pune,"1,766",-1,Need to Check
1504217,18,"September 16, 2026","1,737","23,600",West,Pune,"1,766",-1,Need to Check
1504217,19,"September 16, 2026","1,875","23,600",West,Pune,"1,904",-1,Need to Check
1504217,35,"September 16, 2026","2,738","23,600",West,Pune,"2,767",-1,Need to Check
1504217,36,"September 16, 2026","2,738","23,600",West,Pune,"2,767",-1,Need to Check
1516017,23,"September 24, 2026","2,081","23,600",West,Nashik,"2,126",-1,Need to Check
1516017,24,"September 24, 2026","2,081","23,600",West,Nashik,"2,126",-1,Need to Check
1516017,29,"September 24, 2026","2,461","23,600",West,Nashik,"2,511",-1,Need to Check
1516017,30,"September 24, 2026","2,461","23,600",West,Nashik,"2,511",-1,Need to Check
1516017,31,"September 24, 2026","2,461","23,600",West,Nashik,"2,511",-1,Need to Check
1516017,32,"September 24, 2026","2,633","23,600",West,Nashik,"2,686",-1,Need to Check
1516017,33,"September 24, 2026","2,633","23,600",West,Nashik,"2,686",-1,Need to Check
1516017,34,"September 24, 2026","2,633","23,600",West,Nashik,"2,686",-1,Need to Check
1516017,35,"September 24, 2026","3,116","23,600",West,Nashik,"3,176",-1,Need to Check
1516017,36,"September 24, 2026","3,116","23,600",West,Nashik,"3,176",-1,Need to Check
1516017,40,"September 24, 2026","2,081","23,600",West,Nashik,"2,126",-1,Need to Check
1516017,57,"September 24, 2026","2,461","23,600",West,Nashik,"2,511",-1,Need to Check
1519378,19,"September 21, 2026","1,236","23,600",West,Nashik,"1,262",-1,Need to Check
1519378,20,"September 21, 2026","1,236","23,600",West,Nashik,"1,262",-1,Need to Check
1536242,19,"September 26, 2026","1,675","23,600",East,Guwahati,"1,707",-1,Need to Check
1536242,20,"September 26, 2026","1,675","23,600",East,Guwahati,"1,707",-1,Need to Check
1536242,21,"September 26, 2026","1,813","23,600",East,Guwahati,"1,837",-1,Need to Check
1536242,22,"September 26, 2026","1,813","23,600",East,Guwahati,"1,837",-1,Need to Check
1536242,39,"September 26, 2026","1,813","23,600",East,Guwahati,"1,837",-1,Need to Check
1536242,83,"September 26, 2026","1,813","23,600",East,Guwahati,"1,837",-1,Need to Check
1536656,17,"September 26, 2026","1,802","23,600",East,Guwahati,"1,835",-1,Need to Check
1536656,18,"September 26, 2026","1,802","23,600",East,Guwahati,"1,835",-1,Need to Check
1536656,19,"September 26, 2026","1,940","23,600",East,Guwahati,"1,965",-1,Need to Check
1538075,17,"September 26, 2026","1,337","23,600",East,Guwahati,"1,350",-1,Need to Check
1538075,18,"September 26, 2026","1,337","23,600",East,Guwahati,"1,350",-1,Need to Check
1538075,50,"September 26, 2026","1,337","23,600",East,Guwahati,"1,350",-1,Need to Check
1591753,15,"September 21, 2026","1,508","23,600",South 2,Hyderabad,"1,522",-1,Need to Check
1591753,17,"September 21, 2026","1,646","23,600",South 2,Hyderabad,"1,660",-1,Need to Check
1591753,18,"September 21, 2026","1,646","23,600",South 2,Hyderabad,"1,660",-1,Need to Check
1591753,19,"September 21, 2026","1,853","23,600",South 2,Hyderabad,"1,867",-1,Need to Check
1591753,20,"September 21, 2026","1,853","23,600",South 2,Hyderabad,"1,867",-1,Need to Check
1591753,21,"September 21, 2026","1,784","23,600",South 2,Hyderabad,"1,798",-1,Need to Check
1591753,22,"September 21, 2026","1,784","23,600",South 2,Hyderabad,"1,798",-1,Need to Check
1591753,38,"September 21, 2026","1,508","23,600",South 2,Hyderabad,"1,522",-1,Need to Check
1591753,39,"September 21, 2026","1,784","23,600",South 2,Hyderabad,"1,798",-1,Need to Check
1591753,50,"September 21, 2026","1,646","23,600",South 2,Hyderabad,"1,660",-1,Need to Check
1591753,83,"September 21, 2026","1,784","23,600",South 2,Hyderabad,"1,798",-1,Need to Check
1593685,32,"September 15, 2026","1,841","23,600",South 2,Hyderabad,"1,873",-1,Need to Check
1593685,32,"September 16, 2026","1,838","23,600",South 2,Hyderabad,"1,873",-1,Need to Check
1593685,32,"September 17, 2026","1,835","23,600",South 2,Hyderabad,"1,873",-1,Need to Check
1593685,33,"September 15, 2026","1,841","23,600",South 2,Hyderabad,"1,873",-1,Need to Check
1593685,33,"September 16, 2026","1,838","23,600",South 2,Hyderabad,"1,873",-1,Need to Check
1593685,33,"September 17, 2026","1,835","23,600",South 2,Hyderabad,"1,873",-1,Need to Check
1593685,34,"September 15, 2026","1,841","23,600",South 2,Hyderabad,"1,873",-1,Need to Check
1593685,34,"September 16, 2026","1,838","23,600",South 2,Hyderabad,"1,873",-1,Need to Check
1593685,34,"September 17, 2026","1,835","23,600",South 2,Hyderabad,"1,873",-1,Need to Check
1593685,58,"September 15, 2026","1,841","23,600",South 2,Hyderabad,"1,873",-1,Need to Check
1593685,58,"September 16, 2026","1,838","23,600",South 2,Hyderabad,"1,873",-1,Need to Check
1593685,58,"September 17, 2026","1,835","23,600",South 2,Hyderabad,"1,873",-1,Need to Check
1595009,42,"September 22, 2026","2,110","23,600",South 2,Hyderabad,"2,142",-1,Need to Check
1595009,42,"September 23, 2026","2,105","23,600",South 2,Hyderabad,"2,142",-1,Need to Check
1595009,43,"September 22, 2026","2,110","23,600",South 2,Hyderabad,"2,142",-1,Need to Check
1595009,43,"September 23, 2026","2,105","23,600",South 2,Hyderabad,"2,142",-1,Need to Check
1595009,44,"September 22, 2026","2,110","23,600",South 2,Hyderabad,"2,142",-1,Need to Check
1595009,44,"September 23, 2026","2,105","23,600",South 2,Hyderabad,"2,142",-1,Need to Check
1596742,21,"September 21, 2026","1,560","23,600",South 2,Hyderabad,"1,591",-1,Need to Check
1596742,22,"September 21, 2026","1,560","23,600",South 2,Hyderabad,"1,591",-1,Need to Check
1596742,23,"September 21, 2026","1,663","23,600",South 2,Hyderabad,"1,694",-1,Need to Check
1596742,24,"September 21, 2026","1,663","23,600",South 2,Hyderabad,"1,694",-1,Need to Check
1596742,27,"September 21, 2026","2,008","23,600",South 2,Hyderabad,"2,039",-1,Need to Check
1596742,28,"September 21, 2026","2,008","23,600",South 2,Hyderabad,"2,039",-1,Need to Check
1596742,29,"September 21, 2026","1,767","23,600",South 2,Hyderabad,"1,798",-1,Need to Check
1596742,30,"September 21, 2026","1,767","23,600",South 2,Hyderabad,"1,798",-1,Need to Check
1596742,31,"September 21, 2026","1,767","23,600",South 2,Hyderabad,"1,798",-1,Need to Check
1596742,32,"September 21, 2026","1,905","23,600",South 2,Hyderabad,"1,936",-1,Need to Check
1596742,33,"September 21, 2026","1,905","23,600",South 2,Hyderabad,"1,936",-1,Need to Check
1596742,34,"September 21, 2026","1,905","23,600",South 2,Hyderabad,"1,936",-1,Need to Check
1596742,35,"September 21, 2026","2,250","23,600",South 2,Hyderabad,"2,281",-1,Need to Check
1596742,36,"September 21, 2026","2,250","23,600",South 2,Hyderabad,"2,281",-1,Need to Check
1596742,39,"September 21, 2026","1,560","23,600",South 2,Hyderabad,"1,591",-1,Need to Check
1596742,40,"September 21, 2026","1,663","23,600",South 2,Hyderabad,"1,694",-1,Need to Check
1596742,57,"September 21, 2026","1,767","23,600",South 2,Hyderabad,"1,798",-1,Need to Check
1596742,83,"September 21, 2026","1,560","23,600",South 2,Hyderabad,"1,591",-1,Need to Check
1599756,17,"September 20, 2026","1,637","27,848",South 2,Hyderabad,"1,666",-1,Need to Check
1599756,18,"September 20, 2026","1,637","27,848",South 2,Hyderabad,"1,666",-1,Need to Check
1599756,19,"September 20, 2026","1,775","27,848",South 2,Hyderabad,"1,796",-1,Need to Check
1599756,20,"September 20, 2026","1,775","27,848",South 2,Hyderabad,"1,796",-1,Need to Check
1599756,21,"September 20, 2026","1,775","27,848",South 2,Hyderabad,"1,796",-1,Need to Check
1599756,22,"September 20, 2026","1,775","27,848",South 2,Hyderabad,"1,796",-1,Need to Check
1599756,25,"September 22, 2026","1,666","27,848",South 2,Hyderabad,"1,688",-1,Need to Check
1599756,25,"September 23, 2026","1,666","27,848",South 2,Hyderabad,"1,688",-1,Need to Check
1599756,26,"September 22, 2026","1,666","27,848",South 2,Hyderabad,"1,688",-1,Need to Check
1599756,26,"September 23, 2026","1,666","27,848",South 2,Hyderabad,"1,688",-1,Need to Check
1599756,39,"September 20, 2026","1,775","27,848",South 2,Hyderabad,"1,796",-1,Need to Check
1599756,42,"September 21, 2026","2,876","27,848",South 2,Hyderabad,"2,934",-1,Need to Check
1599756,43,"September 21, 2026","2,876","27,848",South 2,Hyderabad,"2,934",-1,Need to Check
1599756,47,"September 21, 2026","3,221","27,848",South 2,Hyderabad,"3,259",-1,Need to Check
1599756,83,"September 20, 2026","1,775","27,848",South 2,Hyderabad,"1,796",-1,Need to Check
1604662,29,"September 15, 2026","2,071","20,000",North 2,Mussoorie,"2,113",-1,Need to Check
1604662,30,"September 15, 2026","2,071","20,000",North 2,Mussoorie,"2,113",-1,Need to Check
1604662,31,"September 15, 2026","2,071","20,000",North 2,Mussoorie,"2,113",-1,Need to Check
1604662,32,"September 15, 2026","2,071","20,000",North 2,Mussoorie,"2,113",-1,Need to Check
1604662,33,"September 15, 2026","2,071","20,000",North 2,Mussoorie,"2,113",-1,Need to Check
1604662,34,"September 15, 2026","2,071","20,000",North 2,Mussoorie,"2,113",-1,Need to Check
1604662,35,"September 15, 2026","2,623","20,000",North 2,Mussoorie,"2,665",-1,Need to Check
1604662,36,"September 15, 2026","2,623","20,000",North 2,Mussoorie,"2,665",-1,Need to Check
1604662,57,"September 15, 2026","2,071","20,000",North 2,Mussoorie,"2,113",-1,Need to Check
1611760,21,"September 26, 2026","1,692","23,600",East,Bhubaneswar,"1,714",-1,Need to Check
1611760,22,"September 26, 2026","1,692","23,600",East,Bhubaneswar,"1,714",-1,Need to Check
1611760,23,"September 26, 2026","1,761","23,600",East,Bhubaneswar,"1,779",-1,Need to Check
1611760,24,"September 26, 2026","1,761","23,600",East,Bhubaneswar,"1,779",-1,Need to Check
1611760,29,"September 26, 2026","1,830","23,600",East,Bhubaneswar,"1,844",-1,Need to Check
1611760,30,"September 26, 2026","1,830","23,600",East,Bhubaneswar,"1,844",-1,Need to Check
1611760,31,"September 26, 2026","1,830","23,600",East,Bhubaneswar,"1,844",-1,Need to Check
1611760,39,"September 26, 2026","1,692","23,600",East,Bhubaneswar,"1,714",-1,Need to Check
1611760,40,"September 26, 2026","1,761","23,600",East,Bhubaneswar,"1,779",-1,Need to Check
1611760,57,"September 26, 2026","1,830","23,600",East,Bhubaneswar,"1,844",-1,Need to Check
1611760,83,"September 26, 2026","1,692","23,600",East,Bhubaneswar,"1,714",-1,Need to Check
1614818,32,"September 26, 2026","3,022","20,000",East,Bhubaneswar,"3,079",-1,Need to Check
1614818,33,"September 26, 2026","3,022","20,000",East,Bhubaneswar,"3,079",-1,Need to Check
1614818,34,"September 26, 2026","3,022","20,000",East,Bhubaneswar,"3,079",-1,Need to Check
1614818,35,"September 26, 2026","3,367","20,000",East,Bhubaneswar,"3,404",-1,Need to Check
1614818,36,"September 26, 2026","3,367","20,000",East,Bhubaneswar,"3,404",-1,Need to Check
1614818,37,"September 26, 2026","3,367","20,000",East,Bhubaneswar,"3,404",-1,Need to Check
1614818,58,"September 26, 2026","3,022","20,000",East,Bhubaneswar,"3,079",-1,Need to Check
1616462,19,"September 26, 2026","1,189","23,600",East,Bhubaneswar,"1,211",-1,Need to Check
1616462,20,"September 26, 2026","1,189","23,600",East,Bhubaneswar,"1,211",-1,Need to Check
1616462,51,"September 26, 2026","1,189","23,600",East,Bhubaneswar,"1,211",-1,Need to Check
1617763,21,"September 26, 2026","1,691","23,600",East,Bhubaneswar,"1,711",-1,Need to Check
1617763,22,"September 26, 2026","1,691","23,600",East,Bhubaneswar,"1,711",-1,Need to Check
1617763,23,"September 26, 2026","1,760","23,600",East,Bhubaneswar,"1,776",-1,Need to Check
1617763,24,"September 26, 2026","1,760","23,600",East,Bhubaneswar,"1,776",-1,Need to Check
1617763,39,"September 26, 2026","1,691","23,600",East,Bhubaneswar,"1,711",-1,Need to Check
1617763,40,"September 26, 2026","1,760","23,600",East,Bhubaneswar,"1,776",-1,Need to Check
1617763,83,"September 26, 2026","1,691","23,600",East,Bhubaneswar,"1,711",-1,Need to Check
1619637,17,"September 26, 2026","1,734","23,600",East,Bhubaneswar,"1,757",-1,Need to Check
1619637,18,"September 26, 2026","1,734","23,600",East,Bhubaneswar,"1,757",-1,Need to Check
1619637,50,"September 26, 2026","1,734","23,600",East,Bhubaneswar,"1,757",-1,Need to Check
1619863,17,"September 26, 2026","1,344","23,600",East,Bhubaneswar,"1,355",-1,Need to Check
1619863,18,"September 26, 2026","1,344","23,600",East,Bhubaneswar,"1,355",-1,Need to Check
1619863,50,"September 26, 2026","1,344","23,600",East,Bhubaneswar,"1,355",-1,Need to Check
1709272,16,"September 15, 2026","1,271","23,600",South 1,Thrissur,"1,281",-1,Need to Check
1709272,16,"September 16, 2026","1,271","23,600",South 1,Thrissur,"1,281",-1,Need to Check
1709272,23,"September 15, 2026","1,616","23,600",South 1,Thrissur,"1,648",-1,Need to Check
1709272,23,"September 16, 2026","1,616","23,600",South 1,Thrissur,"1,648",-1,Need to Check
1709272,24,"September 15, 2026","1,616","23,600",South 1,Thrissur,"1,648",-1,Need to Check
1709272,24,"September 16, 2026","1,616","23,600",South 1,Thrissur,"1,648",-1,Need to Check
1709272,40,"September 15, 2026","1,616","23,600",South 1,Thrissur,"1,648",-1,Need to Check
1709272,40,"September 16, 2026","1,616","23,600",South 1,Thrissur,"1,648",-1,Need to Check
1709272,52,"September 15, 2026","1,271","23,600",South 1,Thrissur,"1,281",-1,Need to Check
1709272,52,"September 16, 2026","1,271","23,600",South 1,Thrissur,"1,281",-1,Need to Check
1766191,17,"September 16, 2026","1,380","20,000",South 1,Chikmagalur,"1,391",-1,Need to Check
1766191,18,"September 16, 2026","1,380","20,000",South 1,Chikmagalur,"1,391",-1,Need to Check
1766191,19,"September 16, 2026","1,380","20,000",South 1,Chikmagalur,"1,391",-1,Need to Check
1766191,20,"September 16, 2026","1,380","20,000",South 1,Chikmagalur,"1,391",-1,Need to Check
1766191,27,"September 15, 2026","2,280","20,000",South 1,Chikmagalur,"2,301",-1,Need to Check
1766191,28,"September 15, 2026","2,280","20,000",South 1,Chikmagalur,"2,301",-1,Need to Check
1766191,50,"September 16, 2026","1,380","20,000",South 1,Chikmagalur,"1,391",-1,Need to Check
1766478,17,"September 17, 2026","2,042","20,000",South 1,Chikmagalur,"2,061",-1,Need to Check
1766478,18,"September 17, 2026","2,042","20,000",South 1,Chikmagalur,"2,061",-1,Need to Check
1766478,19,"September 17, 2026","2,042","20,000",South 1,Chikmagalur,"2,061",-1,Need to Check
1766478,20,"September 17, 2026","2,042","20,000",South 1,Chikmagalur,"2,061",-1,Need to Check
1766478,50,"September 17, 2026","2,042","20,000",South 1,Chikmagalur,"2,061",-1,Need to Check
1766640,27,"September 15, 2026","1,877","23,600",South 1,Chikmagalur,"1,911",-1,Need to Check
1766640,27,"September 16, 2026","1,877","23,600",South 1,Chikmagalur,"1,911",-1,Need to Check
1766640,28,"September 15, 2026","1,877","23,600",South 1,Chikmagalur,"1,911",-1,Need to Check
1766640,28,"September 16, 2026","1,877","23,600",South 1,Chikmagalur,"1,911",-1,Need to Check
1767878,17,"September 15, 2026","1,278","23,600",South 1,Chikmagalur,"1,298",-1,Need to Check
1767878,17,"September 16, 2026","1,278","23,600",South 1,Chikmagalur,"1,298",-1,Need to Check
1767878,18,"September 15, 2026","1,278","23,600",South 1,Chikmagalur,"1,298",-1,Need to Check
1767878,18,"September 16, 2026","1,278","23,600",South 1,Chikmagalur,"1,298",-1,Need to Check
1767878,19,"September 15, 2026","1,278","23,600",South 1,Chikmagalur,"1,298",-1,Need to Check
1767878,19,"September 16, 2026","1,278","23,600",South 1,Chikmagalur,"1,298",-1,Need to Check
1767878,20,"September 15, 2026","1,278","23,600",South 1,Chikmagalur,"1,298",-1,Need to Check
1767878,20,"September 16, 2026","1,278","23,600",South 1,Chikmagalur,"1,298",-1,Need to Check
1767878,50,"September 15, 2026","1,278","23,600",South 1,Chikmagalur,"1,298",-1,Need to Check
1767878,50,"September 16, 2026","1,278","23,600",South 1,Chikmagalur,"1,298",-1,Need to Check
1767878,51,"September 15, 2026","1,278","23,600",South 1,Chikmagalur,"1,298",-1,Need to Check
1767878,51,"September 16, 2026","1,278","23,600",South 1,Chikmagalur,"1,298",-1,Need to Check
1767878,87,"September 15, 2026","1,278","23,600",South 1,Chikmagalur,"1,298",-1,Need to Check
1767878,87,"September 16, 2026","1,278","23,600",South 1,Chikmagalur,"1,298",-1,Need to Check
1776233,17,"September 15, 2026","1,596","23,600",South 1,Guruvayur,"1,625",-1,Need to Check
1776233,18,"September 15, 2026","1,596","23,600",South 1,Guruvayur,"1,625",-1,Need to Check
1776233,19,"September 15, 2026","1,683","23,600",South 1,Guruvayur,"1,711",-1,Need to Check
1776233,20,"September 15, 2026","1,683","23,600",South 1,Guruvayur,"1,711",-1,Need to Check
1776233,50,"September 15, 2026","1,596","23,600",South 1,Guruvayur,"1,625",-1,Need to Check
1879480,21,"September 15, 2026","1,232","23,600",North 2,Katra,"1,252",-1,Need to Check
1879480,22,"September 15, 2026","1,232","23,600",North 2,Katra,"1,252",-1,Need to Check
1879480,23,"September 15, 2026","1,232","23,600",North 2,Katra,"1,252",-1,Need to Check
1879480,24,"September 15, 2026","1,232","23,600",North 2,Katra,"1,252",-1,Need to Check
1879480,27,"September 15, 2026","1,577","23,600",North 2,Katra,"1,597",-1,Need to Check
1879480,28,"September 15, 2026","1,577","23,600",North 2,Katra,"1,597",-1,Need to Check
1879480,29,"September 15, 2026","1,404","23,600",North 2,Katra,"1,424",-1,Need to Check
1879480,30,"September 15, 2026","1,404","23,600",North 2,Katra,"1,424",-1,Need to Check
1879480,31,"September 15, 2026","1,404","23,600",North 2,Katra,"1,424",-1,Need to Check
1879480,32,"September 15, 2026","1,404","23,600",North 2,Katra,"1,424",-1,Need to Check
1879480,33,"September 15, 2026","1,404","23,600",North 2,Katra,"1,424",-1,Need to Check
1879480,34,"September 15, 2026","1,404","23,600",North 2,Katra,"1,424",-1,Need to Check
1879480,35,"September 15, 2026","1,749","23,600",North 2,Katra,"1,769",-1,Need to Check
1879480,36,"September 15, 2026","1,749","23,600",North 2,Katra,"1,769",-1,Need to Check
1879480,37,"September 15, 2026","1,749","23,600",North 2,Katra,"1,769",-1,Need to Check
1879480,39,"September 15, 2026","1,232","23,600",North 2,Katra,"1,252",-1,Need to Check
1879480,40,"September 15, 2026","1,232","23,600",North 2,Katra,"1,252",-1,Need to Check
1879480,42,"September 15, 2026","2,094","23,600",North 2,Katra,"2,114",-1,Need to Check
1879480,43,"September 15, 2026","2,094","23,600",North 2,Katra,"2,114",-1,Need to Check
1879480,57,"September 15, 2026","1,404","23,600",North 2,Katra,"1,424",-1,Need to Check
1879480,58,"September 15, 2026","1,404","23,600",North 2,Katra,"1,424",-1,Need to Check
1879480,83,"September 15, 2026","1,232","23,600",North 2,Katra,"1,252",-1,Need to Check
1879480,89,"September 15, 2026","1,404","23,600",North 2,Katra,"1,424",-1,Need to Check
1892272,21,"September 16, 2026","2,210","23,600",East,Siliguri,"2,228",-1,Need to Check
1892272,22,"September 16, 2026","2,210","23,600",East,Siliguri,"2,228",-1,Need to Check
1892272,23,"September 16, 2026","2,383","23,600",East,Siliguri,"2,414",-1,Need to Check
1892272,24,"September 16, 2026","2,383","23,600",East,Siliguri,"2,414",-1,Need to Check
1892272,39,"September 16, 2026","2,210","23,600",East,Siliguri,"2,228",-1,Need to Check
1892272,40,"September 16, 2026","2,383","23,600",East,Siliguri,"2,414",-1,Need to Check
1894945,27,"September 16, 2026","2,813","23,600",South 1,Hassan,"2,872",-1,Need to Check
1894945,28,"September 16, 2026","2,813","23,600",South 1,Hassan,"2,872",-1,Need to Check
1894945,32,"September 16, 2026","2,813","23,600",South 1,Hassan,"2,872",-1,Need to Check
1894945,33,"September 16, 2026","2,813","23,600",South 1,Hassan,"2,872",-1,Need to Check
1894945,34,"September 16, 2026","2,813","23,600",South 1,Hassan,"2,872",-1,Need to Check
1894945,35,"September 16, 2026","3,365","23,600",South 1,Hassan,"3,424",-1,Need to Check
1894945,36,"September 16, 2026","3,365","23,600",South 1,Hassan,"3,424",-1,Need to Check
1894945,37,"September 16, 2026","3,365","23,600",South 1,Hassan,"3,424",-1,Need to Check
1894945,58,"September 16, 2026","2,813","23,600",South 1,Hassan,"2,872",-1,Need to Check
1898527,17,"September 26, 2026","1,440","23,600",East,Siliguri,"1,457",-1,Need to Check
1898527,18,"September 26, 2026","1,440","23,600",East,Siliguri,"1,457",-1,Need to Check
1898527,19,"September 26, 2026","1,509","23,600",East,Siliguri,"1,522",-1,Need to Check
1898527,20,"September 26, 2026","1,509","23,600",East,Siliguri,"1,522",-1,Need to Check
1898527,23,"September 15, 2026","2,118","23,600",East,Siliguri,"2,133",-1,Need to Check
1898527,24,"September 15, 2026","2,118","23,600",East,Siliguri,"2,133",-1,Need to Check
1898527,40,"September 15, 2026","2,118","23,600",East,Siliguri,"2,133",-1,Need to Check
1898527,50,"September 26, 2026","1,440","23,600",East,Siliguri,"1,457",-1,Need to Check
1912757,29,"September 23, 2026","1,752","23,600",North 2,Bhimtal,"1,768",-1,Need to Check
1912757,30,"September 23, 2026","1,752","23,600",North 2,Bhimtal,"1,768",-1,Need to Check
1912757,31,"September 23, 2026","1,752","23,600",North 2,Bhimtal,"1,768",-1,Need to Check
1912757,32,"September 21, 2026","1,808","23,600",North 2,Bhimtal,"1,833",-1,Need to Check
1912757,33,"September 21, 2026","1,808","23,600",North 2,Bhimtal,"1,833",-1,Need to Check
1912757,34,"September 21, 2026","1,808","23,600",North 2,Bhimtal,"1,833",-1,Need to Check
1912757,42,"September 23, 2026","2,442","23,600",North 2,Bhimtal,"2,483",-1,Need to Check
1912757,43,"September 23, 2026","2,442","23,600",North 2,Bhimtal,"2,483",-1,Need to Check
1912757,57,"September 23, 2026","1,752","23,600",North 2,Bhimtal,"1,768",-1,Need to Check
1912757,58,"September 21, 2026","1,808","23,600",North 2,Bhimtal,"1,833",-1,Need to Check
1912757,89,"September 23, 2026","1,752","23,600",North 2,Bhimtal,"1,768",-1,Need to Check
2010412,21,"September 15, 2026","1,606","23,600",South 1,Wayanad,"1,639",-1,Need to Check
2010412,21,"September 16, 2026","1,606","23,600",South 1,Wayanad,"1,639",-1,Need to Check
2010412,22,"September 15, 2026","1,606","23,600",South 1,Wayanad,"1,639",-1,Need to Check
2010412,22,"September 16, 2026","1,606","23,600",South 1,Wayanad,"1,639",-1,Need to Check
2010412,23,"September 15, 2026","1,709","23,600",South 1,Wayanad,"1,737",-1,Need to Check
2010412,23,"September 16, 2026","1,709","23,600",South 1,Wayanad,"1,737",-1,Need to Check
2010412,24,"September 15, 2026","1,709","23,600",South 1,Wayanad,"1,737",-1,Need to Check
2010412,24,"September 16, 2026","1,709","23,600",South 1,Wayanad,"1,737",-1,Need to Check
2010412,25,"September 15, 2026","1,261","23,600",South 1,Wayanad,"1,273",-1,Need to Check
2010412,26,"September 15, 2026","1,261","23,600",South 1,Wayanad,"1,273",-1,Need to Check
2010412,39,"September 15, 2026","1,606","23,600",South 1,Wayanad,"1,639",-1,Need to Check
2010412,39,"September 16, 2026","1,606","23,600",South 1,Wayanad,"1,639",-1,Need to Check
2010412,40,"September 15, 2026","1,709","23,600",South 1,Wayanad,"1,737",-1,Need to Check
2010412,40,"September 16, 2026","1,709","23,600",South 1,Wayanad,"1,737",-1,Need to Check
2010412,83,"September 15, 2026","1,606","23,600",South 1,Wayanad,"1,639",-1,Need to Check
2010412,83,"September 16, 2026","1,606","23,600",South 1,Wayanad,"1,639",-1,Need to Check
2011302,19,"September 15, 2026","1,552","23,600",North 2,Nainital,"1,570",-1,Need to Check
2011302,20,"September 15, 2026","1,552","23,600",North 2,Nainital,"1,570",-1,Need to Check
2011649,17,"September 15, 2026","1,153","27,848",South 1,Bangalore,"1,167",-1,Need to Check
2011649,18,"September 15, 2026","1,153","27,848",South 1,Bangalore,"1,167",-1,Need to Check
2011649,19,"September 15, 2026","1,222","27,848",South 1,Bangalore,"1,236",-1,Need to Check
2011649,19,"September 16, 2026","1,222","27,848",South 1,Bangalore,"1,248",-1,Need to Check
2011649,20,"September 15, 2026","1,222","27,848",South 1,Bangalore,"1,236",-1,Need to Check
2011649,20,"September 16, 2026","1,222","27,848",South 1,Bangalore,"1,248",-1,Need to Check
2011649,21,"September 15, 2026","1,291","27,848",South 1,Bangalore,"1,305",-1,Need to Check
2011649,21,"September 16, 2026","1,291","27,848",South 1,Bangalore,"1,317",-1,Need to Check
2011649,22,"September 15, 2026","1,291","27,848",South 1,Bangalore,"1,305",-1,Need to Check
2011649,22,"September 16, 2026","1,291","27,848",South 1,Bangalore,"1,317",-1,Need to Check
2011649,23,"September 15, 2026","1,394","27,848",South 1,Bangalore,"1,408",-1,Need to Check
2011649,23,"September 16, 2026","1,394","27,848",South 1,Bangalore,"1,420",-1,Need to Check
2011649,24,"September 15, 2026","1,394","27,848",South 1,Bangalore,"1,408",-1,Need to Check
2011649,24,"September 16, 2026","1,394","27,848",South 1,Bangalore,"1,420",-1,Need to Check
2011649,27,"September 15, 2026","1,808","27,848",South 1,Bangalore,"1,822",-1,Need to Check
2011649,27,"September 16, 2026","1,808","27,848",South 1,Bangalore,"1,834",-1,Need to Check
2011649,28,"September 15, 2026","1,808","27,848",South 1,Bangalore,"1,822",-1,Need to Check
2011649,28,"September 16, 2026","1,808","27,848",South 1,Bangalore,"1,834",-1,Need to Check
2011649,29,"September 15, 2026","1,636","27,848",South 1,Bangalore,"1,650",-1,Need to Check
2011649,29,"September 16, 2026","1,636","27,848",South 1,Bangalore,"1,662",-1,Need to Check
2011649,30,"September 15, 2026","1,636","27,848",South 1,Bangalore,"1,650",-1,Need to Check
2011649,30,"September 16, 2026","1,636","27,848",South 1,Bangalore,"1,662",-1,Need to Check
2011649,31,"September 15, 2026","1,636","27,848",South 1,Bangalore,"1,650",-1,Need to Check
2011649,31,"September 16, 2026","1,636","27,848",South 1,Bangalore,"1,662",-1,Need to Check
2011649,32,"September 15, 2026","1,774","27,848",South 1,Bangalore,"1,788",-1,Need to Check
2011649,32,"September 16, 2026","1,774","27,848",South 1,Bangalore,"1,800",-1,Need to Check
2011649,33,"September 15, 2026","1,774","27,848",South 1,Bangalore,"1,788",-1,Need to Check
2011649,33,"September 16, 2026","1,774","27,848",South 1,Bangalore,"1,800",-1,Need to Check
2011649,34,"September 15, 2026","1,774","27,848",South 1,Bangalore,"1,788",-1,Need to Check
2011649,34,"September 16, 2026","1,774","27,848",South 1,Bangalore,"1,800",-1,Need to Check
2011649,35,"September 16, 2026","2,188","27,848",South 1,Bangalore,"2,214",-1,Need to Check
2011649,36,"September 16, 2026","2,188","27,848",South 1,Bangalore,"2,214",-1,Need to Check
2011649,37,"September 16, 2026","2,188","27,848",South 1,Bangalore,"2,214",-1,Need to Check
2011649,39,"September 15, 2026","1,291","27,848",South 1,Bangalore,"1,305",-1,Need to Check
2011649,39,"September 16, 2026","1,291","27,848",South 1,Bangalore,"1,317",-1,Need to Check
2011649,40,"September 15, 2026","1,394","27,848",South 1,Bangalore,"1,408",-1,Need to Check
2011649,40,"September 16, 2026","1,394","27,848",South 1,Bangalore,"1,420",-1,Need to Check
2011649,42,"September 16, 2026","2,602","27,848",South 1,Bangalore,"2,645",-1,Need to Check
2011649,43,"September 16, 2026","2,602","27,848",South 1,Bangalore,"2,645",-1,Need to Check
2011649,50,"September 15, 2026","1,153","27,848",South 1,Bangalore,"1,167",-1,Need to Check
2011649,57,"September 15, 2026","1,636","27,848",South 1,Bangalore,"1,650",-1,Need to Check
2011649,57,"September 16, 2026","1,636","27,848",South 1,Bangalore,"1,662",-1,Need to Check
2011649,58,"September 15, 2026","1,774","27,848",South 1,Bangalore,"1,788",-1,Need to Check
2011649,58,"September 16, 2026","1,774","27,848",South 1,Bangalore,"1,800",-1,Need to Check
2011649,83,"September 15, 2026","1,291","27,848",South 1,Bangalore,"1,305",-1,Need to Check
2011649,83,"September 16, 2026","1,291","27,848",South 1,Bangalore,"1,317",-1,Need to Check
2011649,89,"September 15, 2026","1,636","27,848",South 1,Bangalore,"1,650",-1,Need to Check
2011649,89,"September 16, 2026","1,636","27,848",South 1,Bangalore,"1,662",-1,Need to Check
2013949,17,"September 16, 2026","1,790","23,600",South 1,Bangalore,"1,809",-1,Need to Check
2013949,18,"September 16, 2026","1,790","23,600",South 1,Bangalore,"1,809",-1,Need to Check
2013949,19,"September 16, 2026","1,894","23,600",South 1,Bangalore,"1,914",-1,Need to Check
2013949,20,"September 16, 2026","1,894","23,600",South 1,Bangalore,"1,914",-1,Need to Check
2014917,17,"September 15, 2026","1,718","20,000",South 1,Bangalore,"1,753",-1,Need to Check
2014917,18,"September 15, 2026","1,718","20,000",South 1,Bangalore,"1,753",-1,Need to Check
2018835,27,"September 15, 2026","3,621","23,600",South 1,Bangalore,"3,677",-1,Need to Check
2018835,28,"September 15, 2026","3,621","23,600",South 1,Bangalore,"3,677",-1,Need to Check
2018835,32,"September 15, 2026","3,552","23,600",South 1,Bangalore,"3,608",-1,Need to Check
2018835,33,"September 15, 2026","3,552","23,600",South 1,Bangalore,"3,608",-1,Need to Check
2018835,35,"September 15, 2026","4,035","23,600",South 1,Bangalore,"4,091",-1,Need to Check
2018835,36,"September 15, 2026","4,035","23,600",South 1,Bangalore,"4,091",-1,Need to Check
2019978,27,"September 15, 2026","2,612","20,000",South 1,Bangalore,"2,647",-1,Need to Check
2019978,28,"September 15, 2026","2,612","20,000",South 1,Bangalore,"2,647",-1,Need to Check
2025247,21,"September 20, 2026","1,496","23,600",South 2,Pondicherry,"1,512",-1,Need to Check
2025247,22,"September 20, 2026","1,496","23,600",South 2,Pondicherry,"1,512",-1,Need to Check
2025247,23,"September 20, 2026","1,565","23,600",South 2,Pondicherry,"1,577",-1,Need to Check
2025247,24,"September 20, 2026","1,565","23,600",South 2,Pondicherry,"1,577",-1,Need to Check
2025247,39,"September 20, 2026","1,496","23,600",South 2,Pondicherry,"1,512",-1,Need to Check
2025247,40,"September 20, 2026","1,565","23,600",South 2,Pondicherry,"1,577",-1,Need to Check
2025247,83,"September 20, 2026","1,496","23,600",South 2,Pondicherry,"1,512",-1,Need to Check
2026148,17,"September 21, 2026","1,440","23,600",South 2,Coimbatore,"1,461",-1,Need to Check
2026148,18,"September 21, 2026","1,440","23,600",South 2,Coimbatore,"1,461",-1,Need to Check
2026148,19,"September 21, 2026","1,526","23,600",South 2,Coimbatore,"1,542",-1,Need to Check
2026148,20,"September 21, 2026","1,526","23,600",South 2,Coimbatore,"1,542",-1,Need to Check
2026148,50,"September 21, 2026","1,440","23,600",South 2,Coimbatore,"1,461",-1,Need to Check
2027305,42,"September 15, 2026","2,868","23,600",South 1,Mangalore,"2,905",-1,Need to Check
2027305,43,"September 15, 2026","2,868","23,600",South 1,Mangalore,"2,905",-1,Need to Check
2027305,45,"September 15, 2026","2,592","23,600",South 1,Mangalore,"2,645",-1,Need to Check
2027305,46,"September 15, 2026","2,592","23,600",South 1,Mangalore,"2,645",-1,Need to Check
2034103,42,"September 24, 2026","2,657","23,600",North 2,Chandigarh,"2,699",-1,Need to Check
2034103,43,"September 24, 2026","2,657","23,600",North 2,Chandigarh,"2,699",-1,Need to Check
2051409,15,"September 18, 2026","1,758","23,600",West,Nashik,"1,781",-1,Need to Check
2051409,15,"September 19, 2026","1,821","23,600",West,Nashik,"1,859",-1,Need to Check
2051409,21,"September 18, 2026","2,103","23,600",West,Nashik,"2,126",-1,Need to Check
2051409,21,"September 19, 2026","2,166","23,600",West,Nashik,"2,184",-1,Need to Check
2051409,22,"September 18, 2026","2,103","23,600",West,Nashik,"2,126",-1,Need to Check
2051409,22,"September 19, 2026","2,166","23,600",West,Nashik,"2,184",-1,Need to Check
2051409,23,"September 18, 2026","2,241","23,600",West,Nashik,"2,264",-1,Need to Check
2051409,24,"September 18, 2026","2,241","23,600",West,Nashik,"2,264",-1,Need to Check
2051409,27,"September 18, 2026","2,586","23,600",West,Nashik,"2,609",-1,Need to Check
2051409,28,"September 18, 2026","2,586","23,600",West,Nashik,"2,609",-1,Need to Check
2051409,39,"September 18, 2026","2,103","23,600",West,Nashik,"2,126",-1,Need to Check
2051409,39,"September 19, 2026","2,166","23,600",West,Nashik,"2,184",-1,Need to Check
2051409,40,"September 18, 2026","2,241","23,600",West,Nashik,"2,264",-1,Need to Check
2051409,83,"September 18, 2026","2,103","23,600",West,Nashik,"2,126",-1,Need to Check
2051409,83,"September 19, 2026","2,166","23,600",West,Nashik,"2,184",-1,Need to Check
2071352,15,"September 15, 2026","1,440","23,600",North 2,Dharamshala,"1,470",-1,Need to Check
2071352,16,"September 15, 2026","1,440","23,600",North 2,Dharamshala,"1,470",-1,Need to Check
2071352,17,"September 15, 2026","1,647","23,600",North 2,Dharamshala,"1,677",-1,Need to Check
2071352,18,"September 15, 2026","1,647","23,600",North 2,Dharamshala,"1,677",-1,Need to Check
2071352,19,"September 15, 2026","1,647","23,600",North 2,Dharamshala,"1,677",-1,Need to Check
2071352,20,"September 15, 2026","1,647","23,600",North 2,Dharamshala,"1,677",-1,Need to Check
2071352,21,"September 15, 2026","1,854","23,600",North 2,Dharamshala,"1,884",-1,Need to Check
2071352,22,"September 15, 2026","1,854","23,600",North 2,Dharamshala,"1,884",-1,Need to Check
2071352,23,"September 15, 2026","1,854","23,600",North 2,Dharamshala,"1,884",-1,Need to Check
2071352,24,"September 15, 2026","1,854","23,600",North 2,Dharamshala,"1,884",-1,Need to Check
2071352,25,"September 15, 2026","2,130","23,600",North 2,Dharamshala,"2,160",-1,Need to Check
2071352,26,"September 15, 2026","2,130","23,600",North 2,Dharamshala,"2,160",-1,Need to Check
2071352,27,"September 15, 2026","2,406","23,600",North 2,Dharamshala,"2,436",-1,Need to Check
2071352,28,"September 15, 2026","2,406","23,600",North 2,Dharamshala,"2,436",-1,Need to Check
2071352,38,"September 15, 2026","1,440","23,600",North 2,Dharamshala,"1,470",-1,Need to Check
2071352,39,"September 15, 2026","1,854","23,600",North 2,Dharamshala,"1,884",-1,Need to Check
2071352,40,"September 15, 2026","1,854","23,600",North 2,Dharamshala,"1,884",-1,Need to Check
2071352,50,"September 15, 2026","1,647","23,600",North 2,Dharamshala,"1,677",-1,Need to Check
2071352,51,"September 15, 2026","1,647","23,600",North 2,Dharamshala,"1,677",-1,Need to Check
2071352,52,"September 15, 2026","1,440","23,600",North 2,Dharamshala,"1,470",-1,Need to Check
2071352,76,"September 15, 2026","1,440","23,600",North 2,Dharamshala,"1,470",-1,Need to Check
2071352,83,"September 15, 2026","1,854","23,600",North 2,Dharamshala,"1,884",-1,Need to Check
2071352,87,"September 15, 2026","1,647","23,600",North 2,Dharamshala,"1,677",-1,Need to Check
2076114,25,"September 16, 2026","2,169","20,000",South 1,Chikmagalur,"2,212",-1,Need to Check
2076114,26,"September 16, 2026","2,169","20,000",South 1,Chikmagalur,"2,212",-1,Need to Check
2076114,27,"September 16, 2026","2,445","20,000",South 1,Chikmagalur,"2,488",-1,Need to Check
2076114,28,"September 16, 2026","2,445","20,000",South 1,Chikmagalur,"2,488",-1,Need to Check
3001466,17,"September 16, 2026","1,130","23,600",South 1,Bangalore,"1,145",-1,Need to Check
3001466,18,"September 16, 2026","1,130","23,600",South 1,Bangalore,"1,145",-1,Need to Check
3001466,19,"September 16, 2026","1,268","23,600",South 1,Bangalore,"1,283",-1,Need to Check
3001466,20,"September 16, 2026","1,268","23,600",South 1,Bangalore,"1,283",-1,Need to Check
3001466,50,"September 16, 2026","1,130","23,600",South 1,Bangalore,"1,145",-1,Need to Check
3006134,19,"September 26, 2026","1,595","23,600",East,Bhubaneswar,"1,621",-1,Need to Check
3006134,20,"September 26, 2026","1,595","23,600",East,Bhubaneswar,"1,621",-1,Need to Check
3006134,21,"September 26, 2026","1,739","23,600",East,Bhubaneswar,"1,758",-1,Need to Check
3006134,22,"September 26, 2026","1,739","23,600",East,Bhubaneswar,"1,758",-1,Need to Check
3006134,39,"September 26, 2026","1,739","23,600",East,Bhubaneswar,"1,758",-1,Need to Check
3006134,83,"September 26, 2026","1,739","23,600",East,Bhubaneswar,"1,758",-1,Need to Check
3009824,21,"September 15, 2026","1,102","23,600",North 2,Rishikesh,"1,116",-1,Need to Check
3009824,22,"September 15, 2026","1,102","23,600",North 2,Rishikesh,"1,116",-1,Need to Check
3009824,23,"September 15, 2026","1,102","23,600",North 2,Rishikesh,"1,116",-1,Need to Check
3009824,24,"September 15, 2026","1,102","23,600",North 2,Rishikesh,"1,116",-1,Need to Check
3009824,27,"September 15, 2026","1,447","23,600",North 2,Rishikesh,"1,461",-1,Need to Check
3009824,28,"September 15, 2026","1,447","23,600",North 2,Rishikesh,"1,461",-1,Need to Check
3009824,39,"September 15, 2026","1,102","23,600",North 2,Rishikesh,"1,116",-1,Need to Check
3009824,40,"September 15, 2026","1,102","23,600",North 2,Rishikesh,"1,116",-1,Need to Check
3009824,83,"September 15, 2026","1,102","23,600",North 2,Rishikesh,"1,116",-1,Need to Check
4146211,29,"September 24, 2026","3,042","27,848",South 2,Hyderabad,"3,067",-1,Need to Check
4146211,30,"September 24, 2026","3,042","27,848",South 2,Hyderabad,"3,067",-1,Need to Check
4146211,31,"September 24, 2026","3,042","27,848",South 2,Hyderabad,"3,067",-1,Need to Check
4146211,32,"September 24, 2026","3,283","27,848",South 2,Hyderabad,"3,312",-1,Need to Check
4146211,33,"September 24, 2026","3,283","27,848",South 2,Hyderabad,"3,312",-1,Need to Check
4146211,34,"September 24, 2026","3,283","27,848",South 2,Hyderabad,"3,312",-1,Need to Check
4146211,35,"September 24, 2026","3,628","27,848",South 2,Hyderabad,"3,662",-1,Need to Check
4146211,36,"September 24, 2026","3,628","27,848",South 2,Hyderabad,"3,662",-1,Need to Check
4146211,37,"September 24, 2026","3,628","20,000",South 2,Hyderabad,"3,662",-1,Need to Check
4146211,42,"September 24, 2026","3,973","20,000",South 2,Hyderabad,"4,012",-1,Need to Check
4146211,43,"September 24, 2026","3,973","20,000",South 2,Hyderabad,"4,012",-1,Need to Check
4146211,57,"September 24, 2026","3,042","27,848",South 2,Hyderabad,"3,067",-1,Need to Check
4146211,58,"September 24, 2026","3,283","20,000",South 2,Hyderabad,"3,312",-1,Need to Check
4146211,89,"September 24, 2026","3,042","20,000",South 2,Hyderabad,"3,067",-1,Need to Check
4476459,15,"August 21, 2027","1,311","23,600",North 2,Dalhousie,"1,322",-1,Need to Check
4476459,15,"August 22, 2027","1,311","23,600",North 2,Dalhousie,"1,322",-1,Need to Check
4476459,15,"August 27, 2027","1,311","23,600",North 2,Dalhousie,"1,322",-1,Need to Check
4476459,15,"August 28, 2027","1,311","23,600",North 2,Dalhousie,"1,322",-1,Need to Check
4476459,15,"August 29, 2027","1,311","23,600",North 2,Dalhousie,"1,322",-1,Need to Check
4476459,15,"August 30, 2027","1,311","23,600",North 2,Dalhousie,"1,322",-1,Need to Check
4476459,15,"August 31, 2027","1,311","23,600",North 2,Dalhousie,"1,322",-1,Need to Check
4476459,15,"September 15, 2027","1,311","23,600",North 2,Dalhousie,"1,322",-1,Need to Check
4476459,16,"August 21, 2027","1,311","23,600",North 2,Dalhousie,"1,322",-1,Need to Check
4476459,16,"August 22, 2027","1,311","23,600",North 2,Dalhousie,"1,322",-1,Need to Check
4476459,16,"August 27, 2027","1,311","23,600",North 2,Dalhousie,"1,322",-1,Need to Check
4476459,16,"August 28, 2027","1,311","23,600",North 2,Dalhousie,"1,322",-1,Need to Check
4476459,16,"August 29, 2027","1,311","23,600",North 2,Dalhousie,"1,322",-1,Need to Check
4476459,16,"August 30, 2027","1,311","23,600",North 2,Dalhousie,"1,322",-1,Need to Check
4476459,16,"August 31, 2027","1,311","23,600",North 2,Dalhousie,"1,322",-1,Need to Check
4476459,16,"September 15, 2027","1,311","23,600",North 2,Dalhousie,"1,322",-1,Need to Check
4476459,35,"August 21, 2027","2,553","23,600",North 2,Dalhousie,"2,597",-1,Need to Check
4476459,35,"August 22, 2027","2,553","23,600",North 2,Dalhousie,"2,597",-1,Need to Check
4476459,35,"August 27, 2027","2,553","23,600",North 2,Dalhousie,"2,597",-1,Need to Check
4476459,35,"August 28, 2027","2,553","23,600",North 2,Dalhousie,"2,597",-1,Need to Check
4476459,35,"August 29, 2027","2,553","23,600",North 2,Dalhousie,"2,597",-1,Need to Check
4476459,35,"August 30, 2027","2,553","23,600",North 2,Dalhousie,"2,597",-1,Need to Check
4476459,35,"August 31, 2027","2,553","23,600",North 2,Dalhousie,"2,597",-1,Need to Check
4476459,35,"September 15, 2027","2,553","23,600",North 2,Dalhousie,"2,597",-1,Need to Check
4476459,36,"August 21, 2027","2,553","23,600",North 2,Dalhousie,"2,597",-1,Need to Check
4476459,36,"August 22, 2027","2,553","23,600",North 2,Dalhousie,"2,597",-1,Need to Check
4476459,36,"August 27, 2027","2,553","23,600",North 2,Dalhousie,"2,597",-1,Need to Check
4476459,36,"August 28, 2027","2,553","23,600",North 2,Dalhousie,"2,597",-1,Need to Check
4476459,36,"August 29, 2027","2,553","23,600",North 2,Dalhousie,"2,597",-1,Need to Check
4476459,36,"August 30, 2027","2,553","23,600",North 2,Dalhousie,"2,597",-1,Need to Check
4476459,36,"August 31, 2027","2,553","23,600",North 2,Dalhousie,"2,597",-1,Need to Check
4476459,36,"September 15, 2027","2,553","23,600",North 2,Dalhousie,"2,597",-1,Need to Check
4476459,38,"August 21, 2027","1,311","23,600",North 2,Dalhousie,"1,322",-1,Need to Check
4476459,38,"August 22, 2027","1,311","23,600",North 2,Dalhousie,"1,322",-1,Need to Check
4476459,38,"August 27, 2027","1,311","23,600",North 2,Dalhousie,"1,322",-1,Need to Check
4476459,38,"August 28, 2027","1,311","23,600",North 2,Dalhousie,"1,322",-1,Need to Check
4476459,38,"August 29, 2027","1,311","23,600",North 2,Dalhousie,"1,322",-1,Need to Check
4476459,38,"August 30, 2027","1,311","23,600",North 2,Dalhousie,"1,322",-1,Need to Check
4476459,38,"August 31, 2027","1,311","23,600",North 2,Dalhousie,"1,322",-1,Need to Check
4476459,38,"September 15, 2027","1,311","23,600",North 2,Dalhousie,"1,322",-1,Need to Check
4476459,52,"August 21, 2027","1,311","23,600",North 2,Dalhousie,"1,322",-1,Need to Check
4476459,52,"August 22, 2027","1,311","23,600",North 2,Dalhousie,"1,322",-1,Need to Check
4476459,52,"August 27, 2027","1,311","23,600",North 2,Dalhousie,"1,322",-1,Need to Check
4476459,52,"August 28, 2027","1,311","23,600",North 2,Dalhousie,"1,322",-1,Need to Check
4476459,52,"August 29, 2027","1,311","23,600",North 2,Dalhousie,"1,322",-1,Need to Check
4476459,52,"August 30, 2027","1,311","23,600",North 2,Dalhousie,"1,322",-1,Need to Check
4476459,52,"August 31, 2027","1,311","23,600",North 2,Dalhousie,"1,322",-1,Need to Check
4476459,52,"September 15, 2027","1,311","23,600",North 2,Dalhousie,"1,322",-1,Need to Check
4476459,76,"August 21, 2027","1,311","23,600",North 2,Dalhousie,"1,322",-1,Need to Check
4476459,76,"August 22, 2027","1,311","23,600",North 2,Dalhousie,"1,322",-1,Need to Check
4476459,76,"August 27, 2027","1,311","23,600",North 2,Dalhousie,"1,322",-1,Need to Check
4476459,76,"August 28, 2027","1,311","23,600",North 2,Dalhousie,"1,322",-1,Need to Check
4476459,76,"August 29, 2027","1,311","23,600",North 2,Dalhousie,"1,322",-1,Need to Check
4476459,76,"August 30, 2027","1,311","23,600",North 2,Dalhousie,"1,322",-1,Need to Check
4476459,76,"August 31, 2027","1,311","23,600",North 2,Dalhousie,"1,322",-1,Need to Check
4476459,76,"September 15, 2027","1,311","23,600",North 2,Dalhousie,"1,322",-1,Need to Check
6809984,27,"September 21, 2026","1,726","20,000",North 2,Ayodhya,"1,741",-1,Need to Check
6809984,28,"September 21, 2026","1,726","20,000",North 2,Ayodhya,"1,741",-1,Need to Check
0019694,17,"September 15, 2026","2,023","23,600",South 1,Bangalore,"2,096",-2,Need to Check
0019694,18,"September 15, 2026","2,023","23,600",South 1,Bangalore,"2,096",-2,Need to Check
0019694,19,"September 15, 2026","2,230","23,600",South 1,Bangalore,"2,306",-2,Need to Check
0019694,20,"September 15, 2026","2,230","23,600",South 1,Bangalore,"2,306",-2,Need to Check
0019694,21,"September 15, 2026","2,437","23,600",South 1,Bangalore,"2,516",-2,Need to Check
0019694,22,"September 15, 2026","2,437","23,600",South 1,Bangalore,"2,516",-2,Need to Check
0019694,23,"September 15, 2026","2,644","23,600",South 1,Bangalore,"2,726",-2,Need to Check
0019694,24,"September 15, 2026","2,644","23,600",South 1,Bangalore,"2,726",-2,Need to Check
0019694,25,"September 15, 2026","2,644","23,600",South 1,Bangalore,"2,726",-2,Need to Check
0019694,26,"September 15, 2026","2,644","23,600",South 1,Bangalore,"2,726",-2,Need to Check
0019694,27,"September 15, 2026","3,058","23,600",South 1,Bangalore,"3,146",-2,Need to Check
0019694,28,"September 15, 2026","3,058","23,600",South 1,Bangalore,"3,146",-2,Need to Check
0019694,39,"September 15, 2026","2,437","23,600",South 1,Bangalore,"2,516",-2,Need to Check
0019694,40,"September 15, 2026","2,644","23,600",South 1,Bangalore,"2,726",-2,Need to Check
0019694,50,"September 15, 2026","2,023","23,600",South 1,Bangalore,"2,096",-2,Need to Check
0019694,51,"September 15, 2026","2,230","23,600",South 1,Bangalore,"2,306",-2,Need to Check
0019694,83,"September 15, 2026","2,437","23,600",South 1,Bangalore,"2,516",-2,Need to Check
0019694,87,"September 15, 2026","2,023","23,600",South 1,Bangalore,"2,096",-2,Need to Check
0063794,17,"September 15, 2026","1,288","23,600",West,Indore,"1,335",-2,Need to Check
0063794,18,"September 15, 2026","1,288","23,600",West,Indore,"1,335",-2,Need to Check
0063794,19,"September 15, 2026","1,426","23,600",West,Indore,"1,473",-2,Need to Check
0063794,20,"September 15, 2026","1,426","23,600",West,Indore,"1,473",-2,Need to Check
0063794,21,"September 15, 2026","1,564","23,600",West,Indore,"1,611",-2,Need to Check
0063794,22,"September 15, 2026","1,564","23,600",West,Indore,"1,611",-2,Need to Check
0063794,23,"September 15, 2026","1,702","23,600",West,Indore,"1,749",-2,Need to Check
0063794,24,"September 15, 2026","1,702","23,600",West,Indore,"1,749",-2,Need to Check
0063794,27,"September 15, 2026","2,047","23,600",West,Indore,"2,094",-2,Need to Check
0063794,28,"September 15, 2026","2,047","23,600",West,Indore,"2,094",-2,Need to Check
0063794,39,"September 15, 2026","1,564","23,600",West,Indore,"1,611",-2,Need to Check
0063794,40,"September 15, 2026","1,702","23,600",West,Indore,"1,749",-2,Need to Check
0063794,50,"September 15, 2026","1,288","23,600",West,Indore,"1,335",-2,Need to Check
0063794,83,"September 15, 2026","1,564","23,600",West,Indore,"1,611",-2,Need to Check
0242206,17,"September 20, 2026","2,737","23,600",South 2,Chennai,"2,823",-2,Need to Check
0242206,17,"September 21, 2026","2,737","23,600",South 2,Chennai,"2,823",-2,Need to Check
0242206,18,"September 20, 2026","2,737","23,600",South 2,Chennai,"2,823",-2,Need to Check
0242206,18,"September 21, 2026","2,737","23,600",South 2,Chennai,"2,823",-2,Need to Check
0242206,19,"September 20, 2026","2,944","23,600",South 2,Chennai,"3,018",-2,Need to Check
0242206,19,"September 21, 2026","2,944","23,600",South 2,Chennai,"3,018",-2,Need to Check
0242206,20,"September 20, 2026","2,944","23,600",South 2,Chennai,"3,018",-2,Need to Check
0242206,20,"September 21, 2026","2,944","23,600",South 2,Chennai,"3,018",-2,Need to Check
0242206,21,"September 20, 2026","2,875","23,600",South 2,Chennai,"2,953",-2,Need to Check
0242206,21,"September 21, 2026","2,875","23,600",South 2,Chennai,"2,953",-2,Need to Check
0242206,22,"September 20, 2026","2,875","23,600",South 2,Chennai,"2,953",-2,Need to Check
0242206,22,"September 21, 2026","2,875","23,600",South 2,Chennai,"2,953",-2,Need to Check
0242206,39,"September 20, 2026","2,875","23,600",South 2,Chennai,"2,953",-2,Need to Check
0242206,39,"September 21, 2026","2,875","23,600",South 2,Chennai,"2,953",-2,Need to Check
0242206,50,"September 20, 2026","2,737","23,600",South 2,Chennai,"2,823",-2,Need to Check
0242206,50,"September 21, 2026","2,737","23,600",South 2,Chennai,"2,823",-2,Need to Check
0295705,23,"September 20, 2026","2,673","23,600",South 2,Visakhapatnam,"2,745",-2,Need to Check
0295705,24,"September 20, 2026","2,673","23,600",South 2,Visakhapatnam,"2,745",-2,Need to Check
0295705,40,"September 20, 2026","2,673","23,600",South 2,Visakhapatnam,"2,745",-2,Need to Check
0295705,84,"September 20, 2026","2,673","23,600",South 2,Visakhapatnam,"2,745",-2,Need to Check
0468785,17,"September 15, 2026","1,643","23,600",South 1,Mysore,"1,680",-2,Need to Check
0468785,18,"September 15, 2026","1,643","23,600",South 1,Mysore,"1,680",-2,Need to Check
0468785,50,"September 15, 2026","1,643","23,600",South 1,Mysore,"1,680",-2,Need to Check
0468785,87,"September 15, 2026","1,643","23,600",South 1,Mysore,"1,680",-2,Need to Check
1043825,17,"September 15, 2026","1,440","23,600",South 1,Wayanad,"1,480",-2,Need to Check
1043825,18,"September 15, 2026","1,440","23,600",South 1,Wayanad,"1,480",-2,Need to Check
1043825,19,"September 15, 2026","1,509","23,600",South 1,Wayanad,"1,549",-2,Need to Check
1043825,20,"September 15, 2026","1,509","23,600",South 1,Wayanad,"1,549",-2,Need to Check
1076395,17,"September 20, 2026","1,520","23,600",South 2,Erode,"1,568",-2,Need to Check
1076395,18,"September 20, 2026","1,520","23,600",South 2,Erode,"1,568",-2,Need to Check
1076395,19,"September 20, 2026","1,658","23,600",South 2,Erode,"1,708",-2,Need to Check
1076395,20,"September 20, 2026","1,658","23,600",South 2,Erode,"1,708",-2,Need to Check
1076395,21,"September 20, 2026","1,593","23,600",South 2,Erode,"1,642",-2,Need to Check
1076395,22,"September 20, 2026","1,593","23,600",South 2,Erode,"1,642",-2,Need to Check
1076395,23,"September 20, 2026","1,731","23,600",South 2,Erode,"1,782",-2,Need to Check
1076395,24,"September 20, 2026","1,731","23,600",South 2,Erode,"1,782",-2,Need to Check
1076395,27,"September 20, 2026","2,076","23,600",South 2,Erode,"2,132",-2,Need to Check
1076395,28,"September 20, 2026","2,076","23,600",South 2,Erode,"2,132",-2,Need to Check
1076395,39,"September 20, 2026","1,593","23,600",South 2,Erode,"1,642",-2,Need to Check
1076395,40,"September 20, 2026","1,731","23,600",South 2,Erode,"1,782",-2,Need to Check
1076395,50,"September 20, 2026","1,520","23,600",South 2,Erode,"1,568",-2,Need to Check
1076395,51,"September 20, 2026","1,658","23,600",South 2,Erode,"1,708",-2,Need to Check
1076395,83,"September 20, 2026","1,593","23,600",South 2,Erode,"1,642",-2,Need to Check
1076395,87,"September 20, 2026","1,520","23,600",South 2,Erode,"1,568",-2,Need to Check
1107594,17,"September 15, 2026","1,575","23,600",South 1,Belgaum,"1,612",-2,Need to Check
1107594,17,"September 15, 2026","1,575","23,600",South 1,Belgaum,"1,612",-2,Need to Check
1107594,17,"September 16, 2026","1,575","23,600",South 1,Belgaum,"1,610",-2,Need to Check
1107594,17,"September 16, 2026","1,575","23,600",South 1,Belgaum,"1,610",-2,Need to Check
1107594,18,"September 15, 2026","1,575","23,600",South 1,Belgaum,"1,612",-2,Need to Check
1107594,18,"September 16, 2026","1,575","23,600",South 1,Belgaum,"1,610",-2,Need to Check
1107594,19,"September 15, 2026","1,644","23,600",South 1,Belgaum,"1,691",-2,Need to Check
1107594,19,"September 15, 2026","1,644","23,600",South 1,Belgaum,"1,691",-2,Need to Check
1107594,19,"September 16, 2026","1,644","23,600",South 1,Belgaum,"1,691",-2,Need to Check
1107594,19,"September 16, 2026","1,644","23,600",South 1,Belgaum,"1,691",-2,Need to Check
1107594,20,"September 15, 2026","1,644","23,600",South 1,Belgaum,"1,691",-2,Need to Check
1107594,20,"September 16, 2026","1,644","23,600",South 1,Belgaum,"1,691",-2,Need to Check
1107594,50,"September 15, 2026","1,575","23,600",South 1,Belgaum,"1,612",-2,Need to Check
1107594,50,"September 16, 2026","1,575","23,600",South 1,Belgaum,"1,610",-2,Need to Check
1115459,23,"September 15, 2026","1,532","20,000",North 2,Nainital,"1,586",-2,Need to Check
1115459,24,"September 15, 2026","1,532","20,000",North 2,Nainital,"1,586",-2,Need to Check
1115459,40,"September 15, 2026","1,532","20,000",North 2,Nainital,"1,586",-2,Need to Check
1125534,29,"September 23, 2026","2,266","23,600",North 2,Dehradun,"2,343",-2,Need to Check
1125534,29,"September 24, 2026","2,266","23,600",North 2,Dehradun,"2,343",-2,Need to Check
1125534,30,"September 23, 2026","2,266","23,600",North 2,Dehradun,"2,343",-2,Need to Check
1125534,30,"September 24, 2026","2,266","23,600",North 2,Dehradun,"2,343",-2,Need to Check
1125534,31,"September 23, 2026","2,266","23,600",North 2,Dehradun,"2,343",-2,Need to Check
1125534,31,"September 24, 2026","2,266","23,600",North 2,Dehradun,"2,343",-2,Need to Check
1125534,35,"September 21, 2026","2,594","23,600",North 2,Dehradun,"2,680",-2,Need to Check
1125534,36,"September 21, 2026","2,594","23,600",North 2,Dehradun,"2,680",-2,Need to Check
1125534,37,"September 21, 2026","2,594","23,600",North 2,Dehradun,"2,680",-2,Need to Check
1125534,42,"September 23, 2026","3,094","23,600",North 2,Dehradun,"3,171",-2,Need to Check
1125534,42,"September 24, 2026","3,094","23,600",North 2,Dehradun,"3,171",-2,Need to Check
1125534,43,"September 23, 2026","3,094","23,600",North 2,Dehradun,"3,171",-2,Need to Check
1125534,43,"September 24, 2026","3,094","23,600",North 2,Dehradun,"3,171",-2,Need to Check
1125534,57,"September 23, 2026","2,266","23,600",North 2,Dehradun,"2,343",-2,Need to Check
1125534,57,"September 24, 2026","2,266","23,600",North 2,Dehradun,"2,343",-2,Need to Check
1125534,89,"September 23, 2026","2,266","23,600",North 2,Dehradun,"2,343",-2,Need to Check
1125534,89,"September 24, 2026","2,266","23,600",North 2,Dehradun,"2,343",-2,Need to Check
1136798,17,"September 15, 2026","1,810","23,600",South 1,Thiruvananthapuram,"1,857",-2,Need to Check
1136798,18,"September 15, 2026","1,810","23,600",South 1,Thiruvananthapuram,"1,857",-2,Need to Check
1136798,19,"September 15, 2026","2,086","23,600",South 1,Thiruvananthapuram,"2,137",-2,Need to Check
1136798,20,"September 15, 2026","2,086","23,600",South 1,Thiruvananthapuram,"2,137",-2,Need to Check
1136798,50,"September 15, 2026","1,810","23,600",South 1,Thiruvananthapuram,"1,857",-2,Need to Check
1143227,15,"September 16, 2026","1,001","23,600",South 1,Munnar,"1,030",-2,Need to Check
1143227,16,"September 16, 2026","1,001","23,600",South 1,Munnar,"1,030",-2,Need to Check
1143227,38,"September 16, 2026","1,001","23,600",South 1,Munnar,"1,030",-2,Need to Check
1143227,52,"September 16, 2026","1,001","23,600",South 1,Munnar,"1,030",-2,Need to Check
1143227,76,"September 16, 2026","1,001","23,600",South 1,Munnar,"1,030",-2,Need to Check
1145293,23,"November 4, 2026","1,659","23,600",East,Ranchi,"1,714",-2,Need to Check
1145293,23,"November 5, 2026","1,659","23,600",East,Ranchi,"1,714",-2,Need to Check
1145293,23,"November 6, 2026","1,659","23,600",East,Ranchi,"1,714",-2,Need to Check
1145293,24,"November 4, 2026","1,659","23,600",East,Ranchi,"1,714",-2,Need to Check
1145293,24,"November 5, 2026","1,659","23,600",East,Ranchi,"1,714",-2,Need to Check
1145293,24,"November 6, 2026","1,659","23,600",East,Ranchi,"1,714",-2,Need to Check
1145293,25,"November 4, 2026","1,866","23,600",East,Ranchi,"1,909",-2,Need to Check
1145293,25,"November 5, 2026","1,866","23,600",East,Ranchi,"1,909",-2,Need to Check
1145293,25,"November 6, 2026","1,866","23,600",East,Ranchi,"1,909",-2,Need to Check
1145293,25,"December 10, 2026","1,855","23,600",East,Ranchi,"1,909",-2,Need to Check
1145293,25,"December 11, 2026","1,855","23,600",East,Ranchi,"1,909",-2,Need to Check
1145293,26,"November 4, 2026","1,866","23,600",East,Ranchi,"1,909",-2,Need to Check
1145293,26,"November 5, 2026","1,866","23,600",East,Ranchi,"1,909",-2,Need to Check
1145293,26,"November 6, 2026","1,866","23,600",East,Ranchi,"1,909",-2,Need to Check
1145293,26,"December 10, 2026","1,855","23,600",East,Ranchi,"1,909",-2,Need to Check
1145293,26,"December 11, 2026","1,855","23,600",East,Ranchi,"1,909",-2,Need to Check
1145293,27,"October 31, 2026","1,971","23,600",East,Ranchi,"2,039",-2,Need to Check
1145293,27,"November 1, 2026","1,971","23,600",East,Ranchi,"2,039",-2,Need to Check
1145293,27,"November 2, 2026","1,971","23,600",East,Ranchi,"2,039",-2,Need to Check
1145293,27,"November 3, 2026","1,971","23,600",East,Ranchi,"2,039",-2,Need to Check
1145293,27,"November 7, 2026","1,971","23,600",East,Ranchi,"2,039",-2,Need to Check
1145293,27,"November 8, 2026","1,971","23,600",East,Ranchi,"2,039",-2,Need to Check
1145293,27,"November 9, 2026","1,971","23,600",East,Ranchi,"2,039",-2,Need to Check
1145293,27,"November 10, 2026","1,971","23,600",East,Ranchi,"2,039",-2,Need to Check
1145293,27,"November 11, 2026","1,971","23,600",East,Ranchi,"2,039",-2,Need to Check
1145293,27,"November 12, 2026","1,971","23,600",East,Ranchi,"2,039",-2,Need to Check
1145293,27,"November 13, 2026","1,971","23,600",East,Ranchi,"2,039",-2,Need to Check
1145293,27,"November 14, 2026","1,971","23,600",East,Ranchi,"2,039",-2,Need to Check
1145293,27,"November 15, 2026","1,971","23,600",East,Ranchi,"2,039",-2,Need to Check
1145293,27,"November 16, 2026","1,971","23,600",East,Ranchi,"2,039",-2,Need to Check
1145293,27,"November 17, 2026","1,971","23,600",East,Ranchi,"2,039",-2,Need to Check
1145293,27,"November 18, 2026","1,971","23,600",East,Ranchi,"2,039",-2,Need to Check
1145293,27,"November 19, 2026","1,971","23,600",East,Ranchi,"2,039",-2,Need to Check
1145293,27,"November 20, 2026","1,971","23,600",East,Ranchi,"2,039",-2,Need to Check
1145293,27,"November 21, 2026","1,971","23,600",East,Ranchi,"2,039",-2,Need to Check
1145293,27,"November 22, 2026","1,971","23,600",East,Ranchi,"2,039",-2,Need to Check
1145293,27,"November 25, 2026","1,971","23,600",East,Ranchi,"2,039",-2,Need to Check
1145293,27,"November 26, 2026","1,971","23,600",East,Ranchi,"2,039",-2,Need to Check
1145293,27,"November 27, 2026","1,971","23,600",East,Ranchi,"2,039",-2,Need to Check
1145293,27,"November 28, 2026","1,971","23,600",East,Ranchi,"2,039",-2,Need to Check
1145293,27,"November 29, 2026","1,971","23,600",East,Ranchi,"2,039",-2,Need to Check
1145293,27,"December 3, 2026","1,971","23,600",East,Ranchi,"2,039",-2,Need to Check
1145293,27,"December 4, 2026","1,971","23,600",East,Ranchi,"2,039",-2,Need to Check
1145293,27,"December 5, 2026","1,971","23,600",East,Ranchi,"2,039",-2,Need to Check
1145293,27,"December 6, 2026","1,971","23,600",East,Ranchi,"2,039",-2,Need to Check
1145293,27,"December 7, 2026","1,971","23,600",East,Ranchi,"2,039",-2,Need to Check
1145293,27,"December 8, 2026","1,971","23,600",East,Ranchi,"2,039",-2,Need to Check
1145293,27,"December 9, 2026","1,971","23,600",East,Ranchi,"2,039",-2,Need to Check
1145293,27,"December 10, 2026","1,993","23,600",East,Ranchi,"2,039",-2,Need to Check
1145293,27,"December 11, 2026","1,993","23,600",East,Ranchi,"2,039",-2,Need to Check
1145293,27,"December 12, 2026","1,971","23,600",East,Ranchi,"2,039",-2,Need to Check
1145293,27,"December 13, 2026","1,971","23,600",East,Ranchi,"2,039",-2,Need to Check
1145293,27,"December 14, 2026","1,971","23,600",East,Ranchi,"2,039",-2,Need to Check
1145293,28,"October 31, 2026","1,971","23,600",East,Ranchi,"2,039",-2,Need to Check
1145293,28,"November 1, 2026","1,971","23,600",East,Ranchi,"2,039",-2,Need to Check
1145293,28,"November 2, 2026","1,971","23,600",East,Ranchi,"2,039",-2,Need to Check
1145293,28,"November 3, 2026","1,971","23,600",East,Ranchi,"2,039",-2,Need to Check
1145293,28,"November 7, 2026","1,971","23,600",East,Ranchi,"2,039",-2,Need to Check
1145293,28,"November 8, 2026","1,971","23,600",East,Ranchi,"2,039",-2,Need to Check
1145293,28,"November 9, 2026","1,971","23,600",East,Ranchi,"2,039",-2,Need to Check
1145293,28,"November 10, 2026","1,971","23,600",East,Ranchi,"2,039",-2,Need to Check
1145293,28,"November 11, 2026","1,971","23,600",East,Ranchi,"2,039",-2,Need to Check
1145293,28,"November 12, 2026","1,971","23,600",East,Ranchi,"2,039",-2,Need to Check
1145293,28,"November 13, 2026","1,971","23,600",East,Ranchi,"2,039",-2,Need to Check
1145293,28,"November 14, 2026","1,971","23,600",East,Ranchi,"2,039",-2,Need to Check
1145293,28,"November 15, 2026","1,971","23,600",East,Ranchi,"2,039",-2,Need to Check
1145293,28,"November 16, 2026","1,971","23,600",East,Ranchi,"2,039",-2,Need to Check
1145293,28,"November 17, 2026","1,971","23,600",East,Ranchi,"2,039",-2,Need to Check
1145293,28,"November 18, 2026","1,971","23,600",East,Ranchi,"2,039",-2,Need to Check
1145293,28,"November 19, 2026","1,971","23,600",East,Ranchi,"2,039",-2,Need to Check
1145293,28,"November 20, 2026","1,971","23,600",East,Ranchi,"2,039",-2,Need to Check
1145293,28,"November 21, 2026","1,971","23,600",East,Ranchi,"2,039",-2,Need to Check
1145293,28,"November 22, 2026","1,971","23,600",East,Ranchi,"2,039",-2,Need to Check
1145293,28,"November 25, 2026","1,971","23,600",East,Ranchi,"2,039",-2,Need to Check
1145293,28,"November 26, 2026","1,971","23,600",East,Ranchi,"2,039",-2,Need to Check
1145293,28,"November 27, 2026","1,971","23,600",East,Ranchi,"2,039",-2,Need to Check
1145293,28,"November 28, 2026","1,971","23,600",East,Ranchi,"2,039",-2,Need to Check
1145293,28,"November 29, 2026","1,971","23,600",East,Ranchi,"2,039",-2,Need to Check
1145293,28,"December 3, 2026","1,971","23,600",East,Ranchi,"2,039",-2,Need to Check
1145293,28,"December 4, 2026","1,971","23,600",East,Ranchi,"2,039",-2,Need to Check
1145293,28,"December 5, 2026","1,971","23,600",East,Ranchi,"2,039",-2,Need to Check
1145293,28,"December 6, 2026","1,971","23,600",East,Ranchi,"2,039",-2,Need to Check
1145293,28,"December 7, 2026","1,971","23,600",East,Ranchi,"2,039",-2,Need to Check
1145293,28,"December 8, 2026","1,971","23,600",East,Ranchi,"2,039",-2,Need to Check
1145293,28,"December 9, 2026","1,971","23,600",East,Ranchi,"2,039",-2,Need to Check
1145293,28,"December 10, 2026","1,993","23,600",East,Ranchi,"2,039",-2,Need to Check
1145293,28,"December 11, 2026","1,993","23,600",East,Ranchi,"2,039",-2,Need to Check
1145293,28,"December 12, 2026","1,971","23,600",East,Ranchi,"2,039",-2,Need to Check
1145293,28,"December 13, 2026","1,971","23,600",East,Ranchi,"2,039",-2,Need to Check
1145293,28,"December 14, 2026","1,971","23,600",East,Ranchi,"2,039",-2,Need to Check
1145293,29,"November 4, 2026","1,763","23,600",East,Ranchi,"1,812",-2,Need to Check
1145293,29,"November 5, 2026","1,763","23,600",East,Ranchi,"1,812",-2,Need to Check
1145293,29,"November 6, 2026","1,763","23,600",East,Ranchi,"1,812",-2,Need to Check
1145293,29,"December 10, 2026","1,751","23,600",East,Ranchi,"1,812",-2,Need to Check
1145293,29,"December 11, 2026","1,751","23,600",East,Ranchi,"1,812",-2,Need to Check
1145293,30,"November 4, 2026","1,763","23,600",East,Ranchi,"1,812",-2,Need to Check
1145293,30,"November 5, 2026","1,763","23,600",East,Ranchi,"1,812",-2,Need to Check
1145293,30,"November 6, 2026","1,763","23,600",East,Ranchi,"1,812",-2,Need to Check
1145293,30,"December 10, 2026","1,751","23,600",East,Ranchi,"1,812",-2,Need to Check
1145293,30,"December 11, 2026","1,751","23,600",East,Ranchi,"1,812",-2,Need to Check
1145293,31,"November 4, 2026","1,763","23,600",East,Ranchi,"1,812",-2,Need to Check
1145293,31,"November 5, 2026","1,763","23,600",East,Ranchi,"1,812",-2,Need to Check
1145293,31,"November 6, 2026","1,763","23,600",East,Ranchi,"1,812",-2,Need to Check
1145293,31,"December 10, 2026","1,751","23,600",East,Ranchi,"1,812",-2,Need to Check
1145293,31,"December 11, 2026","1,751","23,600",East,Ranchi,"1,812",-2,Need to Check
1145293,32,"December 10, 2026","1,889","23,600",East,Ranchi,"1,942",-2,Need to Check
1145293,32,"December 11, 2026","1,889","23,600",East,Ranchi,"1,942",-2,Need to Check
1145293,33,"December 10, 2026","1,889","23,600",East,Ranchi,"1,942",-2,Need to Check
1145293,33,"December 11, 2026","1,889","23,600",East,Ranchi,"1,942",-2,Need to Check
1145293,34,"December 10, 2026","1,889","23,600",East,Ranchi,"1,942",-2,Need to Check
1145293,34,"December 11, 2026","1,889","23,600",East,Ranchi,"1,942",-2,Need to Check
1145293,35,"October 31, 2026","2,213","23,600",East,Ranchi,"2,267",-2,Need to Check
1145293,35,"November 1, 2026","2,213","23,600",East,Ranchi,"2,267",-2,Need to Check
1145293,35,"November 2, 2026","2,213","23,600",East,Ranchi,"2,267",-2,Need to Check
1145293,35,"November 3, 2026","2,213","23,600",East,Ranchi,"2,267",-2,Need to Check
1145293,35,"November 7, 2026","2,213","23,600",East,Ranchi,"2,267",-2,Need to Check
1145293,35,"November 8, 2026","2,213","23,600",East,Ranchi,"2,267",-2,Need to Check
1145293,35,"November 9, 2026","2,213","23,600",East,Ranchi,"2,267",-2,Need to Check
1145293,35,"November 10, 2026","2,213","23,600",East,Ranchi,"2,267",-2,Need to Check
1145293,35,"November 11, 2026","2,213","23,600",East,Ranchi,"2,267",-2,Need to Check
1145293,35,"November 12, 2026","2,213","23,600",East,Ranchi,"2,267",-2,Need to Check
1145293,35,"November 13, 2026","2,213","23,600",East,Ranchi,"2,267",-2,Need to Check
1145293,35,"November 14, 2026","2,213","23,600",East,Ranchi,"2,267",-2,Need to Check
1145293,35,"November 15, 2026","2,213","23,600",East,Ranchi,"2,267",-2,Need to Check
1145293,35,"November 16, 2026","2,213","23,600",East,Ranchi,"2,267",-2,Need to Check
1145293,35,"November 17, 2026","2,213","23,600",East,Ranchi,"2,267",-2,Need to Check
1145293,35,"November 18, 2026","2,213","23,600",East,Ranchi,"2,267",-2,Need to Check
1145293,35,"November 19, 2026","2,213","23,600",East,Ranchi,"2,267",-2,Need to Check
1145293,35,"November 20, 2026","2,213","23,600",East,Ranchi,"2,267",-2,Need to Check
1145293,35,"November 21, 2026","2,213","23,600",East,Ranchi,"2,267",-2,Need to Check
1145293,35,"November 22, 2026","2,213","23,600",East,Ranchi,"2,267",-2,Need to Check
1145293,35,"November 25, 2026","2,213","23,600",East,Ranchi,"2,267",-2,Need to Check
1145293,35,"November 26, 2026","2,213","23,600",East,Ranchi,"2,267",-2,Need to Check
1145293,35,"November 27, 2026","2,213","23,600",East,Ranchi,"2,267",-2,Need to Check
1145293,35,"November 28, 2026","2,213","23,600",East,Ranchi,"2,267",-2,Need to Check
1145293,35,"November 29, 2026","2,213","23,600",East,Ranchi,"2,267",-2,Need to Check
1145293,35,"December 3, 2026","2,213","23,600",East,Ranchi,"2,267",-2,Need to Check
1145293,35,"December 4, 2026","2,213","23,600",East,Ranchi,"2,267",-2,Need to Check
1145293,35,"December 5, 2026","2,213","23,600",East,Ranchi,"2,267",-2,Need to Check
1145293,35,"December 6, 2026","2,213","23,600",East,Ranchi,"2,267",-2,Need to Check
1145293,35,"December 7, 2026","2,213","23,600",East,Ranchi,"2,267",-2,Need to Check
1145293,35,"December 8, 2026","2,213","23,600",East,Ranchi,"2,267",-2,Need to Check
1145293,35,"December 9, 2026","2,213","23,600",East,Ranchi,"2,267",-2,Need to Check
1145293,35,"December 12, 2026","2,213","23,600",East,Ranchi,"2,267",-2,Need to Check
1145293,35,"December 13, 2026","2,213","23,600",East,Ranchi,"2,267",-2,Need to Check
1145293,35,"December 14, 2026","2,213","23,600",East,Ranchi,"2,267",-2,Need to Check
1145293,36,"October 31, 2026","2,213","23,600",East,Ranchi,"2,267",-2,Need to Check
1145293,36,"November 1, 2026","2,213","23,600",East,Ranchi,"2,267",-2,Need to Check
1145293,36,"November 2, 2026","2,213","23,600",East,Ranchi,"2,267",-2,Need to Check
1145293,36,"November 3, 2026","2,213","23,600",East,Ranchi,"2,267",-2,Need to Check
1145293,36,"November 7, 2026","2,213","23,600",East,Ranchi,"2,267",-2,Need to Check
1145293,36,"November 8, 2026","2,213","23,600",East,Ranchi,"2,267",-2,Need to Check
1145293,36,"November 9, 2026","2,213","23,600",East,Ranchi,"2,267",-2,Need to Check
1145293,36,"November 10, 2026","2,213","23,600",East,Ranchi,"2,267",-2,Need to Check
1145293,36,"November 11, 2026","2,213","23,600",East,Ranchi,"2,267",-2,Need to Check
1145293,36,"November 12, 2026","2,213","23,600",East,Ranchi,"2,267",-2,Need to Check
1145293,36,"November 13, 2026","2,213","23,600",East,Ranchi,"2,267",-2,Need to Check
1145293,36,"November 14, 2026","2,213","23,600",East,Ranchi,"2,267",-2,Need to Check
1145293,36,"November 15, 2026","2,213","23,600",East,Ranchi,"2,267",-2,Need to Check
1145293,36,"November 16, 2026","2,213","23,600",East,Ranchi,"2,267",-2,Need to Check
1145293,36,"November 17, 2026","2,213","23,600",East,Ranchi,"2,267",-2,Need to Check
1145293,36,"November 18, 2026","2,213","23,600",East,Ranchi,"2,267",-2,Need to Check
1145293,36,"November 19, 2026","2,213","23,600",East,Ranchi,"2,267",-2,Need to Check
1145293,36,"November 20, 2026","2,213","23,600",East,Ranchi,"2,267",-2,Need to Check
1145293,36,"November 21, 2026","2,213","23,600",East,Ranchi,"2,267",-2,Need to Check
1145293,36,"November 22, 2026","2,213","23,600",East,Ranchi,"2,267",-2,Need to Check
1145293,36,"November 25, 2026","2,213","23,600",East,Ranchi,"2,267",-2,Need to Check
1145293,36,"November 26, 2026","2,213","23,600",East,Ranchi,"2,267",-2,Need to Check
1145293,36,"November 27, 2026","2,213","23,600",East,Ranchi,"2,267",-2,Need to Check
1145293,36,"November 28, 2026","2,213","23,600",East,Ranchi,"2,267",-2,Need to Check
1145293,36,"November 29, 2026","2,213","23,600",East,Ranchi,"2,267",-2,Need to Check
1145293,36,"December 3, 2026","2,213","23,600",East,Ranchi,"2,267",-2,Need to Check
1145293,36,"December 4, 2026","2,213","23,600",East,Ranchi,"2,267",-2,Need to Check
1145293,36,"December 5, 2026","2,213","23,600",East,Ranchi,"2,267",-2,Need to Check
1145293,36,"December 6, 2026","2,213","23,600",East,Ranchi,"2,267",-2,Need to Check
1145293,36,"December 7, 2026","2,213","23,600",East,Ranchi,"2,267",-2,Need to Check
1145293,36,"December 8, 2026","2,213","23,600",East,Ranchi,"2,267",-2,Need to Check
1145293,36,"December 9, 2026","2,213","23,600",East,Ranchi,"2,267",-2,Need to Check
1145293,36,"December 12, 2026","2,213","23,600",East,Ranchi,"2,267",-2,Need to Check
1145293,36,"December 13, 2026","2,213","23,600",East,Ranchi,"2,267",-2,Need to Check
1145293,36,"December 14, 2026","2,213","23,600",East,Ranchi,"2,267",-2,Need to Check
1145293,37,"October 31, 2026","2,213","23,600",East,Ranchi,"2,267",-2,Need to Check
1145293,37,"November 1, 2026","2,213","23,600",East,Ranchi,"2,267",-2,Need to Check
1145293,37,"November 2, 2026","2,213","23,600",East,Ranchi,"2,267",-2,Need to Check
1145293,37,"November 3, 2026","2,213","23,600",East,Ranchi,"2,267",-2,Need to Check
1145293,37,"November 7, 2026","2,213","23,600",East,Ranchi,"2,267",-2,Need to Check
1145293,37,"November 8, 2026","2,213","23,600",East,Ranchi,"2,267",-2,Need to Check
1145293,37,"November 9, 2026","2,213","23,600",East,Ranchi,"2,267",-2,Need to Check
1145293,37,"November 10, 2026","2,213","23,600",East,Ranchi,"2,267",-2,Need to Check
1145293,37,"November 11, 2026","2,213","23,600",East,Ranchi,"2,267",-2,Need to Check
1145293,37,"November 12, 2026","2,213","23,600",East,Ranchi,"2,267",-2,Need to Check
1145293,37,"November 13, 2026","2,213","23,600",East,Ranchi,"2,267",-2,Need to Check
1145293,37,"November 14, 2026","2,213","23,600",East,Ranchi,"2,267",-2,Need to Check
1145293,37,"November 15, 2026","2,213","23,600",East,Ranchi,"2,267",-2,Need to Check
1145293,37,"November 16, 2026","2,213","23,600",East,Ranchi,"2,267",-2,Need to Check
1145293,37,"November 17, 2026","2,213","23,600",East,Ranchi,"2,267",-2,Need to Check
1145293,37,"November 18, 2026","2,213","23,600",East,Ranchi,"2,267",-2,Need to Check
1145293,37,"November 19, 2026","2,213","23,600",East,Ranchi,"2,267",-2,Need to Check
1145293,37,"November 20, 2026","2,213","23,600",East,Ranchi,"2,267",-2,Need to Check
1145293,37,"November 21, 2026","2,213","23,600",East,Ranchi,"2,267",-2,Need to Check
1145293,37,"November 22, 2026","2,213","23,600",East,Ranchi,"2,267",-2,Need to Check
1145293,37,"November 25, 2026","2,213","23,600",East,Ranchi,"2,267",-2,Need to Check
1145293,37,"November 26, 2026","2,213","23,600",East,Ranchi,"2,267",-2,Need to Check
1145293,37,"November 27, 2026","2,213","23,600",East,Ranchi,"2,267",-2,Need to Check
1145293,37,"November 28, 2026","2,213","23,600",East,Ranchi,"2,267",-2,Need to Check
1145293,37,"November 29, 2026","2,213","23,600",East,Ranchi,"2,267",-2,Need to Check
1145293,37,"December 3, 2026","2,213","23,600",East,Ranchi,"2,267",-2,Need to Check
1145293,37,"December 4, 2026","2,213","23,600",East,Ranchi,"2,267",-2,Need to Check
1145293,37,"December 5, 2026","2,213","23,600",East,Ranchi,"2,267",-2,Need to Check
1145293,37,"December 6, 2026","2,213","23,600",East,Ranchi,"2,267",-2,Need to Check
1145293,37,"December 7, 2026","2,213","23,600",East,Ranchi,"2,267",-2,Need to Check
1145293,37,"December 8, 2026","2,213","23,600",East,Ranchi,"2,267",-2,Need to Check
1145293,37,"December 9, 2026","2,213","23,600",East,Ranchi,"2,267",-2,Need to Check
1145293,37,"December 12, 2026","2,213","23,600",East,Ranchi,"2,267",-2,Need to Check
1145293,37,"December 13, 2026","2,213","23,600",East,Ranchi,"2,267",-2,Need to Check
1145293,37,"December 14, 2026","2,213","23,600",East,Ranchi,"2,267",-2,Need to Check
1145293,40,"November 4, 2026","1,659","23,600",East,Ranchi,"1,714",-2,Need to Check
1145293,40,"November 5, 2026","1,659","23,600",East,Ranchi,"1,714",-2,Need to Check
1145293,40,"November 6, 2026","1,659","23,600",East,Ranchi,"1,714",-2,Need to Check
1145293,57,"November 4, 2026","1,763","23,600",East,Ranchi,"1,812",-2,Need to Check
1145293,57,"November 5, 2026","1,763","23,600",East,Ranchi,"1,812",-2,Need to Check
1145293,57,"November 6, 2026","1,763","23,600",East,Ranchi,"1,812",-2,Need to Check
1145293,57,"December 10, 2026","1,751","23,600",East,Ranchi,"1,812",-2,Need to Check
1145293,57,"December 11, 2026","1,751","23,600",East,Ranchi,"1,812",-2,Need to Check
1145293,58,"December 10, 2026","1,889","23,600",East,Ranchi,"1,942",-2,Need to Check
1145293,58,"December 11, 2026","1,889","23,600",East,Ranchi,"1,942",-2,Need to Check
1145293,89,"November 4, 2026","1,763","23,600",East,Ranchi,"1,812",-2,Need to Check
1145293,89,"November 5, 2026","1,763","23,600",East,Ranchi,"1,812",-2,Need to Check
1145293,89,"November 6, 2026","1,763","23,600",East,Ranchi,"1,812",-2,Need to Check
1145293,89,"December 10, 2026","1,751","23,600",East,Ranchi,"1,812",-2,Need to Check
1145293,89,"December 11, 2026","1,751","23,600",East,Ranchi,"1,812",-2,Need to Check
1147235,21,"September 16, 2026","1,461","23,600",South 1,Munnar,"1,507",-2,Need to Check
1147235,22,"September 16, 2026","1,461","23,600",South 1,Munnar,"1,507",-2,Need to Check
1147235,39,"September 16, 2026","1,461","23,600",South 1,Munnar,"1,507",-2,Need to Check
1147235,83,"September 16, 2026","1,461","23,600",South 1,Munnar,"1,507",-2,Need to Check
1152305,17,"September 15, 2026","1,754","23,600",South 1,Kochi,"1,803",-2,Need to Check
1152305,17,"September 15, 2026","1,754","23,600",South 1,Kochi,"1,803",-2,Need to Check
1152305,18,"September 15, 2026","1,754","23,600",South 1,Kochi,"1,803",-2,Need to Check
1152305,18,"September 15, 2026","1,754","23,600",South 1,Kochi,"1,803",-2,Need to Check
1152305,19,"September 15, 2026","1,823","23,600",South 1,Kochi,"1,872",-2,Need to Check
1152305,19,"September 15, 2026","1,823","23,600",South 1,Kochi,"1,872",-2,Need to Check
1152305,20,"September 15, 2026","1,823","23,600",South 1,Kochi,"1,872",-2,Need to Check
1152305,20,"September 15, 2026","1,823","23,600",South 1,Kochi,"1,872",-2,Need to Check
1152305,21,"September 15, 2026","1,961","23,600",South 1,Kochi,"2,010",-2,Need to Check
1152305,21,"September 15, 2026","1,961","23,600",South 1,Kochi,"2,010",-2,Need to Check
1152305,22,"September 15, 2026","1,961","23,600",South 1,Kochi,"2,010",-2,Need to Check
1152305,22,"September 15, 2026","1,961","23,600",South 1,Kochi,"2,010",-2,Need to Check
1152305,39,"September 15, 2026","1,961","23,600",South 1,Kochi,"2,010",-2,Need to Check
1152305,50,"September 15, 2026","1,754","23,600",South 1,Kochi,"1,803",-2,Need to Check
1152305,83,"September 15, 2026","1,961","23,600",South 1,Kochi,"2,010",-2,Need to Check
1166076,17,"September 16, 2026","1,677","23,600",South 1,Kochi,"1,728",-2,Need to Check
1166076,18,"September 16, 2026","1,677","23,600",South 1,Kochi,"1,728",-2,Need to Check
1166076,50,"September 16, 2026","1,677","23,600",South 1,Kochi,"1,728",-2,Need to Check
1172490,27,"September 15, 2026","1,610","27,848",North 2,Manali,"1,651",-2,Need to Check
1172490,28,"September 15, 2026","1,610","27,848",North 2,Manali,"1,651",-2,Need to Check
1172490,29,"September 15, 2026","1,679","27,848",North 2,Manali,"1,716",-2,Need to Check
1172490,30,"September 15, 2026","1,679","27,848",North 2,Manali,"1,716",-2,Need to Check
1172490,31,"September 15, 2026","1,679","27,848",North 2,Manali,"1,716",-2,Need to Check
1172490,32,"September 15, 2026","1,679","27,848",North 2,Manali,"1,716",-2,Need to Check
1172490,33,"September 15, 2026","1,679","27,848",North 2,Manali,"1,716",-2,Need to Check
1172490,34,"September 15, 2026","1,679","27,848",North 2,Manali,"1,716",-2,Need to Check
1172490,57,"September 15, 2026","1,679","27,848",North 2,Manali,"1,716",-2,Need to Check
1174848,27,"September 23, 2026","1,410","23,600",North 2,Manali,"1,452",-2,Need to Check
1174848,28,"September 23, 2026","1,410","23,600",North 2,Manali,"1,452",-2,Need to Check
1174848,29,"September 23, 2026","1,721","23,600",North 2,Manali,"1,762",-2,Need to Check
1174848,30,"September 23, 2026","1,721","23,600",North 2,Manali,"1,762",-2,Need to Check
1174848,31,"September 23, 2026","1,721","23,600",North 2,Manali,"1,762",-2,Need to Check
1174848,32,"September 23, 2026","1,721","23,600",North 2,Manali,"1,762",-2,Need to Check
1174848,33,"September 23, 2026","1,721","23,600",North 2,Manali,"1,762",-2,Need to Check
1174848,34,"September 23, 2026","1,721","23,600",North 2,Manali,"1,762",-2,Need to Check
1174848,57,"September 23, 2026","1,721","23,600",North 2,Manali,"1,762",-2,Need to Check
1182758,15,"September 15, 2026","1,418","20,000",East,Puri,"1,463",-2,Need to Check
1182758,16,"September 15, 2026","1,418","20,000",East,Puri,"1,463",-2,Need to Check
1182758,17,"September 15, 2026","1,452","23,600",East,Puri,"1,489",-2,Need to Check
1182758,18,"September 15, 2026","1,452","23,600",East,Puri,"1,489",-2,Need to Check
1182758,19,"September 15, 2026","1,452","23,600",East,Puri,"1,489",-2,Need to Check
1182758,20,"September 15, 2026","1,452","23,600",East,Puri,"1,489",-2,Need to Check
1182758,38,"September 15, 2026","1,418","20,000",East,Puri,"1,463",-2,Need to Check
1182758,50,"September 15, 2026","1,452","23,600",East,Puri,"1,489",-2,Need to Check
1182758,52,"September 15, 2026","1,418","20,000",East,Puri,"1,463",-2,Need to Check
1182758,76,"September 15, 2026","1,418","20,000",East,Puri,"1,463",-2,Need to Check
1184622,17,"September 16, 2026","1,530","23,600",East,Puri,"1,567",-2,Need to Check
1184622,18,"September 16, 2026","1,530","23,600",East,Puri,"1,567",-2,Need to Check
1184622,19,"September 16, 2026","1,530","23,600",East,Puri,"1,567",-2,Need to Check
1184622,20,"September 16, 2026","1,530","23,600",East,Puri,"1,567",-2,Need to Check
1184622,50,"September 16, 2026","1,530","23,600",East,Puri,"1,567",-2,Need to Check
1191684,17,"September 15, 2026","1,470","20,000",South 1,Alleppey,"1,510",-2,Need to Check
1191684,17,"September 16, 2026","1,477","20,000",South 1,Alleppey,"1,510",-2,Need to Check
1191684,18,"September 15, 2026","1,470","20,000",South 1,Alleppey,"1,510",-2,Need to Check
1191684,18,"September 16, 2026","1,477","20,000",South 1,Alleppey,"1,510",-2,Need to Check
1191684,19,"September 15, 2026","1,539","20,000",South 1,Alleppey,"1,579",-2,Need to Check
1191684,20,"September 15, 2026","1,539","20,000",South 1,Alleppey,"1,579",-2,Need to Check
1191684,24179,"September 15, 2026","2,574","20,000",South 1,Alleppey,"2,665",-2,Need to Check
1191684,29,"September 15, 2026","2,574","20,000",South 1,Alleppey,"2,665",-2,Need to Check
1191684,30,"September 15, 2026","2,574","20,000",South 1,Alleppey,"2,665",-2,Need to Check
1191684,31,"September 15, 2026","2,574","20,000",South 1,Alleppey,"2,665",-2,Need to Check
1191684,32,"September 15, 2026","2,574","20,000",South 1,Alleppey,"2,665",-2,Need to Check
1191684,33,"September 15, 2026","2,574","20,000",South 1,Alleppey,"2,665",-2,Need to Check
1191684,34,"September 15, 2026","2,574","20,000",South 1,Alleppey,"2,665",-2,Need to Check
1191684,35,"September 15, 2026","3,057","20,000",South 1,Alleppey,"3,158",-2,Need to Check
1191684,35,"September 16, 2026","3,064","20,000",South 1,Alleppey,"3,158",-2,Need to Check
1191684,36,"September 15, 2026","3,057","20,000",South 1,Alleppey,"3,158",-2,Need to Check
1191684,36,"September 16, 2026","3,064","20,000",South 1,Alleppey,"3,158",-2,Need to Check
1191684,37,"September 15, 2026","3,057","20,000",South 1,Alleppey,"3,158",-2,Need to Check
1191684,37,"September 16, 2026","3,064","20,000",South 1,Alleppey,"3,158",-2,Need to Check
1191684,50,"September 15, 2026","1,470","20,000",South 1,Alleppey,"1,510",-2,Need to Check
1191684,50,"September 16, 2026","1,477","20,000",South 1,Alleppey,"1,510",-2,Need to Check
1191684,57,"September 15, 2026","2,574","20,000",South 1,Alleppey,"2,665",-2,Need to Check
1191684,58,"September 15, 2026","2,574","20,000",South 1,Alleppey,"2,665",-2,Need to Check
1191684,59,"September 15, 2026","3,057","20,000",South 1,Alleppey,"3,158",-2,Need to Check
1191684,59,"September 16, 2026","3,064","20,000",South 1,Alleppey,"3,158",-2,Need to Check
1191684,89,"September 15, 2026","2,574","20,000",South 1,Alleppey,"2,665",-2,Need to Check
1191684,90,"September 15, 2026","2,574","20,000",South 1,Alleppey,"2,665",-2,Need to Check
1197734,17,"September 16, 2026","2,208","23,600",South 1,Alleppey,"2,277",-2,Need to Check
1197734,18,"September 16, 2026","2,208","23,600",South 1,Alleppey,"2,277",-2,Need to Check
1197734,19,"September 16, 2026","2,208","23,600",South 1,Alleppey,"2,277",-2,Need to Check
1197734,20,"September 16, 2026","2,208","23,600",South 1,Alleppey,"2,277",-2,Need to Check
1197734,35,"September 15, 2026","5,894","23,600",South 1,Alleppey,"6,049",-2,Need to Check
1197734,36,"September 15, 2026","5,894","23,600",South 1,Alleppey,"6,049",-2,Need to Check
1197734,37,"September 15, 2026","5,894","23,600",South 1,Alleppey,"6,049",-2,Need to Check
1197734,50,"September 16, 2026","2,208","23,600",South 1,Alleppey,"2,277",-2,Need to Check
1205898,35,"September 21, 2026","2,415","23,600",North 2,Prayagraj,"2,498",-2,Need to Check
1205898,36,"September 21, 2026","2,415","23,600",North 2,Prayagraj,"2,498",-2,Need to Check
1205898,37,"September 21, 2026","2,415","23,600",North 2,Prayagraj,"2,498",-2,Need to Check
1206897,27,"September 15, 2026","1,791","23,600",North 2,Shimla,"1,835",-2,Need to Check
1206897,28,"September 15, 2026","1,791","23,600",North 2,Shimla,"1,835",-2,Need to Check
1213613,17,"September 15, 2026","2,905","23,600",North 1,New Delhi,"2,999",-2,Need to Check
1213613,18,"September 15, 2026","2,905","23,600",North 1,New Delhi,"2,999",-2,Need to Check
1213613,19,"September 15, 2026","3,077","23,600",North 1,New Delhi,"3,162",-2,Need to Check
1213613,19,"September 17, 2026","3,063","23,600",North 1,New Delhi,"3,162",-2,Need to Check
1213613,20,"September 15, 2026","3,077","23,600",North 1,New Delhi,"3,162",-2,Need to Check
1213613,20,"September 17, 2026","3,063","23,600",North 1,New Delhi,"3,162",-2,Need to Check
1213613,21,"September 15, 2026","3,250","23,600",North 1,New Delhi,"3,324",-2,Need to Check
1213613,21,"September 17, 2026","3,235","23,600",North 1,New Delhi,"3,324",-2,Need to Check
1213613,22,"September 15, 2026","3,250","23,600",North 1,New Delhi,"3,324",-2,Need to Check
1213613,22,"September 17, 2026","3,235","23,600",North 1,New Delhi,"3,324",-2,Need to Check
1213613,23,"September 17, 2026","3,408","23,600",North 1,New Delhi,"3,487",-2,Need to Check
1213613,24,"September 17, 2026","3,408","23,600",North 1,New Delhi,"3,487",-2,Need to Check
1213613,39,"September 15, 2026","3,250","23,600",North 1,New Delhi,"3,324",-2,Need to Check
1213613,39,"September 17, 2026","3,235","23,600",North 1,New Delhi,"3,324",-2,Need to Check
1213613,40,"September 17, 2026","3,408","23,600",North 1,New Delhi,"3,487",-2,Need to Check
1213613,50,"September 15, 2026","2,905","23,600",North 1,New Delhi,"2,999",-2,Need to Check
1213613,83,"September 15, 2026","3,250","23,600",North 1,New Delhi,"3,324",-2,Need to Check
1213613,83,"September 17, 2026","3,235","23,600",North 1,New Delhi,"3,324",-2,Need to Check
1221551,23,"September 21, 2026","1,247","20,000",North 2,Varanasi,"1,291",-2,Need to Check
1221551,23,"September 22, 2026","1,247","20,000",North 2,Varanasi,"1,291",-2,Need to Check
1221551,23,"September 23, 2026","1,247","20,000",North 2,Varanasi,"1,291",-2,Need to Check
1221551,24,"September 21, 2026","1,247","20,000",North 2,Varanasi,"1,291",-2,Need to Check
1221551,24,"September 22, 2026","1,247","20,000",North 2,Varanasi,"1,291",-2,Need to Check
1221551,24,"September 23, 2026","1,247","20,000",North 2,Varanasi,"1,291",-2,Need to Check
1221551,27,"September 21, 2026","1,661","20,000",North 2,Varanasi,"1,705",-2,Need to Check
1221551,27,"September 22, 2026","1,661","20,000",North 2,Varanasi,"1,705",-2,Need to Check
1221551,27,"September 23, 2026","1,661","20,000",North 2,Varanasi,"1,705",-2,Need to Check
1221551,28,"September 21, 2026","1,661","20,000",North 2,Varanasi,"1,705",-2,Need to Check
1221551,28,"September 22, 2026","1,661","20,000",North 2,Varanasi,"1,705",-2,Need to Check
1221551,28,"September 23, 2026","1,661","20,000",North 2,Varanasi,"1,705",-2,Need to Check
1221551,40,"September 21, 2026","1,247","20,000",North 2,Varanasi,"1,291",-2,Need to Check
1221551,40,"September 22, 2026","1,247","20,000",North 2,Varanasi,"1,291",-2,Need to Check
1221551,40,"September 23, 2026","1,247","20,000",North 2,Varanasi,"1,291",-2,Need to Check
1226887,17,"September 15, 2026","1,656","23,600",North 2,Varanasi,"1,711",-2,Need to Check
1226887,18,"September 15, 2026","1,656","23,600",North 2,Varanasi,"1,711",-2,Need to Check
1226887,19,"September 15, 2026","1,863","23,600",North 2,Varanasi,"1,906",-2,Need to Check
1226887,20,"September 15, 2026","1,863","23,600",North 2,Varanasi,"1,906",-2,Need to Check
1226887,21,"September 15, 2026","1,863","23,600",North 2,Varanasi,"1,906",-2,Need to Check
1226887,22,"September 15, 2026","1,863","23,600",North 2,Varanasi,"1,906",-2,Need to Check
1226887,39,"September 15, 2026","1,863","23,600",North 2,Varanasi,"1,906",-2,Need to Check
1226887,50,"September 15, 2026","1,656","23,600",North 2,Varanasi,"1,711",-2,Need to Check
1226887,51,"September 15, 2026","1,863","23,600",North 2,Varanasi,"1,906",-2,Need to Check
1226887,83,"September 15, 2026","1,863","23,600",North 2,Varanasi,"1,906",-2,Need to Check
1226887,87,"September 15, 2026","1,656","23,600",North 2,Varanasi,"1,711",-2,Need to Check
1241870,23,"September 20, 2026","2,233","23,600",South 2,Chennai,"2,312",-2,Need to Check
1241870,23,"September 21, 2026","2,233","23,600",South 2,Chennai,"2,312",-2,Need to Check
1241870,24,"September 20, 2026","2,233","23,600",South 2,Chennai,"2,312",-2,Need to Check
1241870,24,"September 21, 2026","2,233","23,600",South 2,Chennai,"2,312",-2,Need to Check
1241870,40,"September 20, 2026","2,233","23,600",South 2,Chennai,"2,312",-2,Need to Check
1241870,40,"September 21, 2026","2,233","23,600",South 2,Chennai,"2,312",-2,Need to Check
1242933,21,"September 20, 2026","3,250","23,600",South 2,Chennai,"3,353",-2,Need to Check
1242933,21,"September 21, 2026","3,250","23,600",South 2,Chennai,"3,353",-2,Need to Check
1242933,22,"September 20, 2026","3,250","23,600",South 2,Chennai,"3,353",-2,Need to Check
1242933,22,"September 21, 2026","3,250","23,600",South 2,Chennai,"3,353",-2,Need to Check
1242933,23,"September 20, 2026","3,457","23,600",South 2,Chennai,"3,548",-2,Need to Check
1242933,23,"September 21, 2026","3,457","23,600",South 2,Chennai,"3,548",-2,Need to Check
1242933,24,"September 20, 2026","3,457","23,600",South 2,Chennai,"3,548",-2,Need to Check
1242933,24,"September 21, 2026","3,457","23,600",South 2,Chennai,"3,548",-2,Need to Check
1242933,29,"September 20, 2026","3,491","23,600",South 2,Chennai,"3,580",-2,Need to Check
1242933,29,"September 21, 2026","3,491","23,600",South 2,Chennai,"3,580",-2,Need to Check
1242933,30,"September 20, 2026","3,491","23,600",South 2,Chennai,"3,580",-2,Need to Check
1242933,30,"September 21, 2026","3,491","23,600",South 2,Chennai,"3,580",-2,Need to Check
1242933,31,"September 20, 2026","3,491","23,600",South 2,Chennai,"3,580",-2,Need to Check
1242933,31,"September 21, 2026","3,491","23,600",South 2,Chennai,"3,580",-2,Need to Check
1242933,39,"September 20, 2026","3,250","23,600",South 2,Chennai,"3,353",-2,Need to Check
1242933,39,"September 21, 2026","3,250","23,600",South 2,Chennai,"3,353",-2,Need to Check
1242933,40,"September 20, 2026","3,457","23,600",South 2,Chennai,"3,548",-2,Need to Check
1242933,40,"September 21, 2026","3,457","23,600",South 2,Chennai,"3,548",-2,Need to Check
1242933,57,"September 20, 2026","3,491","23,600",South 2,Chennai,"3,580",-2,Need to Check
1242933,57,"September 21, 2026","3,491","23,600",South 2,Chennai,"3,580",-2,Need to Check
1242933,83,"September 20, 2026","3,250","23,600",South 2,Chennai,"3,353",-2,Need to Check
1242933,83,"September 21, 2026","3,250","23,600",South 2,Chennai,"3,353",-2,Need to Check
1243281,15,"September 20, 2026","1,753","23,600",South 2,Chennai,"1,809",-2,Need to Check
1243281,15,"September 21, 2026","1,753","23,600",South 2,Chennai,"1,793",-2,Need to Check
1243281,16,"September 20, 2026","1,891","23,600",South 2,Chennai,"1,939",-2,Need to Check
1243281,16,"September 21, 2026","1,891","23,600",South 2,Chennai,"1,939",-2,Need to Check
1243281,17,"September 20, 2026","1,891","23,600",South 2,Chennai,"1,939",-2,Need to Check
1243281,17,"September 21, 2026","1,891","23,600",South 2,Chennai,"1,939",-2,Need to Check
1243281,18,"September 20, 2026","1,891","23,600",South 2,Chennai,"1,939",-2,Need to Check
1243281,18,"September 21, 2026","1,891","23,600",South 2,Chennai,"1,939",-2,Need to Check
1243281,38,"September 20, 2026","1,753","23,600",South 2,Chennai,"1,809",-2,Need to Check
1243281,38,"September 21, 2026","1,753","23,600",South 2,Chennai,"1,793",-2,Need to Check
1243281,50,"September 20, 2026","1,891","23,600",South 2,Chennai,"1,939",-2,Need to Check
1243281,50,"September 21, 2026","1,891","23,600",South 2,Chennai,"1,939",-2,Need to Check
1244531,21,"September 21, 2026","2,893","23,600",South 2,Chennai,"2,959",-2,Need to Check
1244531,22,"September 21, 2026","2,893","23,600",South 2,Chennai,"2,959",-2,Need to Check
1244531,27,"September 21, 2026","2,893","23,600",South 2,Chennai,"2,959",-2,Need to Check
1244531,28,"September 21, 2026","2,893","23,600",South 2,Chennai,"2,959",-2,Need to Check
1244531,39,"September 21, 2026","2,893","23,600",South 2,Chennai,"2,959",-2,Need to Check
1244990,15,"September 20, 2026","2,123","23,600",South 2,Chennai,"2,177",-2,Need to Check
1244990,15,"September 21, 2026","2,123","23,600",South 2,Chennai,"2,177",-2,Need to Check
1244990,17,"September 21, 2026","2,192","23,600",South 2,Chennai,"2,244",-2,Need to Check
1244990,18,"September 21, 2026","2,192","23,600",South 2,Chennai,"2,244",-2,Need to Check
1244990,19,"September 21, 2026","2,295","23,600",South 2,Chennai,"2,348",-2,Need to Check
1244990,20,"September 21, 2026","2,295","23,600",South 2,Chennai,"2,348",-2,Need to Check
1244990,21,"September 21, 2026","2,295","23,600",South 2,Chennai,"2,348",-2,Need to Check
1244990,22,"September 21, 2026","2,295","23,600",South 2,Chennai,"2,348",-2,Need to Check
1244990,39,"September 21, 2026","2,295","23,600",South 2,Chennai,"2,348",-2,Need to Check
1244990,50,"September 21, 2026","2,192","23,600",South 2,Chennai,"2,244",-2,Need to Check
1244990,83,"September 21, 2026","2,295","23,600",South 2,Chennai,"2,348",-2,Need to Check
1244990,97,"September 21, 2026","2,295","23,600",South 2,Chennai,"2,348",-2,Need to Check
1246802,19,"September 20, 2026","1,871","23,600",South 2,Chennai,"1,927",-2,Need to Check
1246802,19,"September 21, 2026","1,871","23,600",South 2,Chennai,"1,927",-2,Need to Check
1246802,20,"September 20, 2026","1,871","23,600",South 2,Chennai,"1,927",-2,Need to Check
1246802,20,"September 21, 2026","1,871","23,600",South 2,Chennai,"1,927",-2,Need to Check
1247056,17,"September 21, 2026","2,395","23,600",South 2,Chennai,"2,465",-2,Need to Check
1247056,18,"September 21, 2026","2,395","23,600",South 2,Chennai,"2,465",-2,Need to Check
1247056,19,"September 21, 2026","2,602","23,600",South 2,Chennai,"2,672",-2,Need to Check
1247056,20,"September 21, 2026","2,602","23,600",South 2,Chennai,"2,672",-2,Need to Check
1247056,21,"September 21, 2026","2,602","23,600",South 2,Chennai,"2,672",-2,Need to Check
1247056,22,"September 21, 2026","2,602","23,600",South 2,Chennai,"2,672",-2,Need to Check
1247056,23,"September 21, 2026","2,809","23,600",South 2,Chennai,"2,879",-2,Need to Check
1247056,24,"September 21, 2026","2,809","23,600",South 2,Chennai,"2,879",-2,Need to Check
1247056,39,"September 21, 2026","2,602","23,600",South 2,Chennai,"2,672",-2,Need to Check
1247056,50,"September 21, 2026","2,395","23,600",South 2,Chennai,"2,465",-2,Need to Check
1247300,25,"September 23, 2026","1,346","23,600",South 2,Chennai,"1,387",-2,Need to Check
1247300,26,"September 23, 2026","1,346","23,600",South 2,Chennai,"1,387",-2,Need to Check
1261835,27,"September 20, 2026","2,434","23,600",South 2,Coimbatore,"2,520",-2,Need to Check
1261835,28,"September 20, 2026","2,434","23,600",South 2,Coimbatore,"2,520",-2,Need to Check
1261835,35,"September 20, 2026","2,675","23,600",South 2,Coimbatore,"2,748",-2,Need to Check
1261835,36,"September 20, 2026","2,675","23,600",South 2,Coimbatore,"2,748",-2,Need to Check
1261835,37,"September 20, 2026","2,675","23,600",South 2,Coimbatore,"2,748",-2,Need to Check
1261979,25,"September 24, 2026","1,560","23,600",North 2,Chandigarh,"1,610",-2,Need to Check
1261979,26,"September 24, 2026","1,560","23,600",North 2,Chandigarh,"1,610",-2,Need to Check
1261979,32,"September 24, 2026","2,112","23,600",North 2,Chandigarh,"2,170",-2,Need to Check
1261979,33,"September 24, 2026","2,112","23,600",North 2,Chandigarh,"2,170",-2,Need to Check
1261979,34,"September 24, 2026","2,112","23,600",North 2,Chandigarh,"2,170",-2,Need to Check
1261979,35,"September 24, 2026","2,457","23,600",North 2,Chandigarh,"2,520",-2,Need to Check
1261979,36,"September 24, 2026","2,457","23,600",North 2,Chandigarh,"2,520",-2,Need to Check
1261979,37,"September 24, 2026","2,457","23,600",North 2,Chandigarh,"2,520",-2,Need to Check
1261979,42,"September 24, 2026","2,802","23,600",North 2,Chandigarh,"2,870",-2,Need to Check
1261979,43,"September 24, 2026","2,802","23,600",North 2,Chandigarh,"2,870",-2,Need to Check
1261979,44,"September 24, 2026","2,802","23,600",North 2,Chandigarh,"2,870",-2,Need to Check
1261979,55,"September 24, 2026","1,560","23,600",North 2,Chandigarh,"1,610",-2,Need to Check
1261979,58,"September 24, 2026","2,112","23,600",North 2,Chandigarh,"2,170",-2,Need to Check
1261979,59,"September 24, 2026","2,457","23,600",North 2,Chandigarh,"2,520",-2,Need to Check
1261979,90,"September 24, 2026","2,112","23,600",North 2,Chandigarh,"2,170",-2,Need to Check
1261979,95,"September 24, 2026","1,560","23,600",North 2,Chandigarh,"1,610",-2,Need to Check
1265433,15,"September 20, 2026","1,556","23,600",South 2,Coimbatore,"1,608",-2,Need to Check
1265433,15,"September 21, 2026","1,556","23,600",South 2,Coimbatore,"1,608",-2,Need to Check
1265433,35,"September 21, 2026","3,430","23,600",South 2,Coimbatore,"3,545",-2,Need to Check
1265433,36,"September 21, 2026","3,430","23,600",South 2,Coimbatore,"3,545",-2,Need to Check
1265433,38,"September 20, 2026","1,556","23,600",South 2,Coimbatore,"1,608",-2,Need to Check
1265433,38,"September 21, 2026","1,556","23,600",South 2,Coimbatore,"1,608",-2,Need to Check
1269686,15,"September 21, 2026","1,312","23,600",South 2,Coimbatore,"1,346",-2,Need to Check
1269686,17,"September 21, 2026","1,416","23,600",South 2,Coimbatore,"1,450",-2,Need to Check
1269686,18,"September 21, 2026","1,416","23,600",South 2,Coimbatore,"1,450",-2,Need to Check
1269686,19,"September 21, 2026","1,519","23,600",South 2,Coimbatore,"1,553",-2,Need to Check
1269686,20,"September 21, 2026","1,519","23,600",South 2,Coimbatore,"1,553",-2,Need to Check
1269686,21,"September 21, 2026","1,554","23,600",South 2,Coimbatore,"1,588",-2,Need to Check
1269686,22,"September 21, 2026","1,554","23,600",South 2,Coimbatore,"1,588",-2,Need to Check
1269686,38,"September 21, 2026","1,312","23,600",South 2,Coimbatore,"1,346",-2,Need to Check
1269686,39,"September 21, 2026","1,554","23,600",South 2,Coimbatore,"1,588",-2,Need to Check
1269686,50,"September 21, 2026","1,416","23,600",South 2,Coimbatore,"1,450",-2,Need to Check
1269686,83,"September 21, 2026","1,554","23,600",South 2,Coimbatore,"1,588",-2,Need to Check
1269736,17,"September 20, 2026","1,900","27,848",South 2,Coimbatore,"1,960",-2,Need to Check
1269736,18,"September 20, 2026","1,900","27,848",South 2,Coimbatore,"1,960",-2,Need to Check
1269736,24179,"September 20, 2026","3,073","27,848",South 2,Coimbatore,"3,150",-2,Need to Check
1269736,29,"September 20, 2026","3,073","27,848",South 2,Coimbatore,"3,150",-2,Need to Check
1269736,30,"September 20, 2026","3,073","27,848",South 2,Coimbatore,"3,150",-2,Need to Check
1269736,31,"September 20, 2026","3,073","27,848",South 2,Coimbatore,"3,150",-2,Need to Check
1269736,32,"September 20, 2026","3,073","27,848",South 2,Coimbatore,"3,150",-2,Need to Check
1269736,33,"September 20, 2026","3,073","27,848",South 2,Coimbatore,"3,150",-2,Need to Check
1269736,34,"September 20, 2026","3,073","27,848",South 2,Coimbatore,"3,150",-2,Need to Check
1269736,35,"September 20, 2026","3,556","27,848",South 2,Coimbatore,"3,640",-2,Need to Check
1269736,36,"September 20, 2026","3,556","27,848",South 2,Coimbatore,"3,640",-2,Need to Check
1269736,37,"September 20, 2026","3,556","27,848",South 2,Coimbatore,"3,640",-2,Need to Check
1269736,42,"September 20, 2026","4,039","27,848",South 2,Coimbatore,"4,130",-2,Need to Check
1269736,43,"September 20, 2026","4,039","27,848",South 2,Coimbatore,"4,130",-2,Need to Check
1269736,44,"September 20, 2026","4,039","27,848",South 2,Coimbatore,"4,130",-2,Need to Check
1269736,57,"September 20, 2026","3,073","27,848",South 2,Coimbatore,"3,150",-2,Need to Check
1269736,58,"September 20, 2026","3,073","27,848",South 2,Coimbatore,"3,150",-2,Need to Check
1269736,59,"September 20, 2026","3,556","27,848",South 2,Coimbatore,"3,640",-2,Need to Check
1269736,89,"September 20, 2026","3,073","27,848",South 2,Coimbatore,"3,150",-2,Need to Check
1269736,90,"September 20, 2026","3,073","27,848",South 2,Coimbatore,"3,150",-2,Need to Check
1295755,17,"September 21, 2026","1,670","23,600",South 2,Visakhapatnam,"1,723",-2,Need to Check
1295755,18,"September 21, 2026","1,670","23,600",South 2,Visakhapatnam,"1,723",-2,Need to Check
1295755,19,"September 21, 2026","1,739","23,600",South 2,Visakhapatnam,"1,792",-2,Need to Check
1295755,20,"September 21, 2026","1,739","23,600",South 2,Visakhapatnam,"1,792",-2,Need to Check
1295755,21,"September 21, 2026","2,050","23,600",South 2,Visakhapatnam,"2,102",-2,Need to Check
1295755,22,"September 21, 2026","2,050","23,600",South 2,Visakhapatnam,"2,102",-2,Need to Check
1295755,23,"September 21, 2026","2,119","23,600",South 2,Visakhapatnam,"2,171",-2,Need to Check
1295755,24,"September 21, 2026","2,119","23,600",South 2,Visakhapatnam,"2,171",-2,Need to Check
1295755,39,"September 21, 2026","2,050","23,600",South 2,Visakhapatnam,"2,102",-2,Need to Check
1295755,40,"September 21, 2026","2,119","23,600",South 2,Visakhapatnam,"2,171",-2,Need to Check
1295755,50,"September 21, 2026","1,670","23,600",South 2,Visakhapatnam,"1,723",-2,Need to Check
1295755,83,"September 21, 2026","2,050","23,600",South 2,Visakhapatnam,"2,102",-2,Need to Check
1371182,19,"September 20, 2026","3,100","23,600",West,Mumbai,"3,207",-2,Need to Check
1371182,19,"September 21, 2026","3,110","23,600",West,Mumbai,"3,207",-2,Need to Check
1371182,20,"September 20, 2026","3,100","23,600",West,Mumbai,"3,207",-2,Need to Check
1371182,20,"September 21, 2026","3,110","23,600",West,Mumbai,"3,207",-2,Need to Check
1371182,27,"September 20, 2026","4,273","23,600",West,Mumbai,"4,377",-2,Need to Check
1371182,27,"September 21, 2026","4,283","23,600",West,Mumbai,"4,377",-2,Need to Check
1371182,28,"September 20, 2026","4,273","23,600",West,Mumbai,"4,377",-2,Need to Check
1371182,28,"September 21, 2026","4,283","23,600",West,Mumbai,"4,377",-2,Need to Check
1379085,27,"September 15, 2026","3,475","23,600",West,Mumbai,"3,585",-2,Need to Check
1379085,28,"September 15, 2026","3,475","23,600",West,Mumbai,"3,585",-2,Need to Check
1381105,19,"September 23, 2026","1,599","23,600",West,Goa,"1,657",-2,Need to Check
1381105,20,"September 23, 2026","1,599","23,600",West,Goa,"1,657",-2,Need to Check
1381105,21,"September 22, 2026","1,857","23,600",West,Goa,"1,917",-2,Need to Check
1381105,22,"September 22, 2026","1,857","23,600",West,Goa,"1,917",-2,Need to Check
1381105,23,"September 22, 2026","1,926","23,600",West,Goa,"1,982",-2,Need to Check
1381105,24,"September 22, 2026","1,926","23,600",West,Goa,"1,982",-2,Need to Check
1381105,39,"September 22, 2026","1,857","23,600",West,Goa,"1,917",-2,Need to Check
1381105,40,"September 22, 2026","1,926","23,600",West,Goa,"1,982",-2,Need to Check
1381105,83,"September 22, 2026","1,857","23,600",West,Goa,"1,917",-2,Need to Check
1381541,35,"September 21, 2026","2,234","23,600",West,Goa,"2,310",-2,Need to Check
1381541,36,"September 21, 2026","2,234","23,600",West,Goa,"2,310",-2,Need to Check
1382823,17,"September 21, 2026","1,357","23,600",West,Goa,"1,401",-2,Need to Check
1382823,17,"September 23, 2026","1,355","23,600",West,Goa,"1,401",-2,Need to Check
1382823,17,"September 24, 2026","1,355","23,600",West,Goa,"1,401",-2,Need to Check
1382823,18,"September 21, 2026","1,357","23,600",West,Goa,"1,401",-2,Need to Check
1382823,18,"September 23, 2026","1,355","23,600",West,Goa,"1,401",-2,Need to Check
1382823,18,"September 24, 2026","1,355","23,600",West,Goa,"1,401",-2,Need to Check
1382823,19,"September 21, 2026","1,495","23,600",West,Goa,"1,531",-2,Need to Check
1382823,19,"September 23, 2026","1,493","23,600",West,Goa,"1,531",-2,Need to Check
1382823,19,"September 24, 2026","1,493","23,600",West,Goa,"1,531",-2,Need to Check
1382823,20,"September 21, 2026","1,495","23,600",West,Goa,"1,531",-2,Need to Check
1382823,20,"September 23, 2026","1,493","23,600",West,Goa,"1,531",-2,Need to Check
1382823,20,"September 24, 2026","1,493","23,600",West,Goa,"1,531",-2,Need to Check
1382823,50,"September 21, 2026","1,357","23,600",West,Goa,"1,401",-2,Need to Check
1382823,50,"September 23, 2026","1,355","23,600",West,Goa,"1,401",-2,Need to Check
1382823,50,"September 24, 2026","1,355","23,600",West,Goa,"1,401",-2,Need to Check
1382823,51,"September 21, 2026","1,495","23,600",West,Goa,"1,531",-2,Need to Check
1382823,51,"September 23, 2026","1,493","23,600",West,Goa,"1,531",-2,Need to Check
1382823,51,"September 24, 2026","1,493","23,600",West,Goa,"1,531",-2,Need to Check
1382823,87,"September 21, 2026","1,357","23,600",West,Goa,"1,401",-2,Need to Check
1382823,87,"September 23, 2026","1,355","23,600",West,Goa,"1,401",-2,Need to Check
1382823,87,"September 24, 2026","1,355","23,600",West,Goa,"1,401",-2,Need to Check
1446609,42,"September 15, 2026","3,096","23,600",South 1,Ooty,"3,189",-2,Need to Check
1446609,42,"September 16, 2026","3,096","23,600",South 1,Ooty,"3,175",-2,Need to Check
1446609,43,"September 15, 2026","3,096","23,600",South 1,Ooty,"3,189",-2,Need to Check
1446609,43,"September 16, 2026","3,096","23,600",South 1,Ooty,"3,175",-2,Need to Check
1446609,44,"September 15, 2026","3,096","23,600",South 1,Ooty,"3,189",-2,Need to Check
1446609,44,"September 16, 2026","3,096","23,600",South 1,Ooty,"3,175",-2,Need to Check
1452205,17,"September 24, 2026","1,419","23,600",South 2,Tirupati,"1,453",-2,Need to Check
1452205,18,"September 24, 2026","1,419","23,600",South 2,Tirupati,"1,453",-2,Need to Check
1452205,50,"September 24, 2026","1,419","23,600",South 2,Tirupati,"1,453",-2,Need to Check
1464901,21,"September 15, 2026","1,989","23,600",South 1,Mysore,"2,057",-2,Need to Check
1464901,22,"September 15, 2026","1,989","23,600",South 1,Mysore,"2,057",-2,Need to Check
1464901,23,"September 15, 2026","2,127","23,600",South 1,Mysore,"2,197",-2,Need to Check
1464901,24,"September 15, 2026","2,127","23,600",South 1,Mysore,"2,197",-2,Need to Check
1464901,27,"September 15, 2026","2,645","23,600",South 1,Mysore,"2,722",-2,Need to Check
1464901,28,"September 15, 2026","2,645","23,600",South 1,Mysore,"2,722",-2,Need to Check
1464901,29,"September 15, 2026","3,093","23,600",South 1,Mysore,"3,177",-2,Need to Check
1464901,30,"September 15, 2026","3,093","23,600",South 1,Mysore,"3,177",-2,Need to Check
1464901,31,"September 15, 2026","3,093","23,600",South 1,Mysore,"3,177",-2,Need to Check
1464901,32,"September 15, 2026","3,266","23,600",South 1,Mysore,"3,352",-2,Need to Check
1464901,33,"September 15, 2026","3,266","23,600",South 1,Mysore,"3,352",-2,Need to Check
1464901,34,"September 15, 2026","3,266","23,600",South 1,Mysore,"3,352",-2,Need to Check
1464901,35,"September 15, 2026","3,783","23,600",South 1,Mysore,"3,877",-2,Need to Check
1464901,36,"September 15, 2026","3,783","23,600",South 1,Mysore,"3,877",-2,Need to Check
1464901,37,"September 15, 2026","3,783","23,600",South 1,Mysore,"3,877",-2,Need to Check
1464901,39,"September 15, 2026","1,989","23,600",South 1,Mysore,"2,057",-2,Need to Check
1464901,40,"September 15, 2026","2,127","23,600",South 1,Mysore,"2,197",-2,Need to Check
1464901,42,"September 15, 2026","4,301","23,600",South 1,Mysore,"4,402",-2,Need to Check
1464901,43,"September 15, 2026","4,301","23,600",South 1,Mysore,"4,402",-2,Need to Check
1464901,57,"September 15, 2026","3,093","23,600",South 1,Mysore,"3,177",-2,Need to Check
1464901,58,"September 15, 2026","3,266","23,600",South 1,Mysore,"3,352",-2,Need to Check
1464901,83,"September 15, 2026","1,989","23,600",South 1,Mysore,"2,057",-2,Need to Check
1464901,89,"September 15, 2026","3,093","23,600",South 1,Mysore,"3,177",-2,Need to Check
1465445,17,"September 16, 2026","1,280","20,000",South 1,Mysore,"1,314",-2,Need to Check
1465445,18,"September 16, 2026","1,280","20,000",South 1,Mysore,"1,314",-2,Need to Check
1465445,19,"September 16, 2026","1,349","20,000",South 1,Mysore,"1,383",-2,Need to Check
1465445,20,"September 16, 2026","1,349","20,000",South 1,Mysore,"1,383",-2,Need to Check
1465445,50,"September 16, 2026","1,280","20,000",South 1,Mysore,"1,314",-2,Need to Check
1465445,51,"September 16, 2026","1,349","20,000",South 1,Mysore,"1,383",-2,Need to Check
1465445,87,"September 16, 2026","1,280","20,000",South 1,Mysore,"1,314",-2,Need to Check
1472459,27,"September 16, 2026","2,136","23,600",South 1,Coorg,"2,198",-2,Need to Check
1472459,28,"September 16, 2026","2,136","23,600",South 1,Coorg,"2,198",-2,Need to Check
1472459,35,"September 15, 2026","2,343","23,600",South 1,Coorg,"2,410",-2,Need to Check
1472459,35,"September 16, 2026","2,343","23,600",South 1,Coorg,"2,410",-2,Need to Check
1472459,36,"September 15, 2026","2,343","23,600",South 1,Coorg,"2,410",-2,Need to Check
1472459,36,"September 16, 2026","2,343","23,600",South 1,Coorg,"2,410",-2,Need to Check
1472459,37,"September 15, 2026","2,343","23,600",South 1,Coorg,"2,410",-2,Need to Check
1472459,37,"September 16, 2026","2,343","23,600",South 1,Coorg,"2,410",-2,Need to Check
1472459,41,"September 16, 2026","2,136","23,600",South 1,Coorg,"2,198",-2,Need to Check
1477779,17,"September 16, 2026","1,557","23,600",South 1,Coorg,"1,610",-2,Need to Check
1477779,18,"September 16, 2026","1,557","23,600",South 1,Coorg,"1,610",-2,Need to Check
1477779,19,"September 16, 2026","1,557","23,600",South 1,Coorg,"1,610",-2,Need to Check
1477779,20,"September 16, 2026","1,557","23,600",South 1,Coorg,"1,610",-2,Need to Check
1477779,21,"September 16, 2026","1,833","23,600",South 1,Coorg,"1,886",-2,Need to Check
1477779,22,"September 16, 2026","1,833","23,600",South 1,Coorg,"1,886",-2,Need to Check
1477779,23,"September 16, 2026","1,833","23,600",South 1,Coorg,"1,886",-2,Need to Check
1477779,24,"September 16, 2026","1,833","23,600",South 1,Coorg,"1,886",-2,Need to Check
1477779,25,"September 16, 2026","1,902","23,600",South 1,Coorg,"1,955",-2,Need to Check
1477779,26,"September 16, 2026","1,902","23,600",South 1,Coorg,"1,955",-2,Need to Check
1477779,27,"September 16, 2026","2,178","23,600",South 1,Coorg,"2,231",-2,Need to Check
1477779,28,"September 16, 2026","2,178","23,600",South 1,Coorg,"2,231",-2,Need to Check
1477779,39,"September 16, 2026","1,833","23,600",South 1,Coorg,"1,886",-2,Need to Check
1477779,40,"September 16, 2026","1,833","23,600",South 1,Coorg,"1,886",-2,Need to Check
1477779,50,"September 16, 2026","1,557","23,600",South 1,Coorg,"1,610",-2,Need to Check
1477779,51,"September 16, 2026","1,557","23,600",South 1,Coorg,"1,610",-2,Need to Check
1477779,83,"September 16, 2026","1,833","23,600",South 1,Coorg,"1,886",-2,Need to Check
1477779,87,"September 16, 2026","1,557","23,600",South 1,Coorg,"1,610",-2,Need to Check
1479075,21,"September 15, 2026","1,838","23,600",South 1,Coorg,"1,899",-2,Need to Check
1479075,21,"September 16, 2026","1,863","23,600",South 1,Coorg,"1,909",-2,Need to Check
1479075,22,"September 15, 2026","1,838","23,600",South 1,Coorg,"1,899",-2,Need to Check
1479075,22,"September 16, 2026","1,863","23,600",South 1,Coorg,"1,909",-2,Need to Check
1479075,23,"September 15, 2026","1,838","23,600",South 1,Coorg,"1,899",-2,Need to Check
1479075,23,"September 16, 2026","1,863","23,600",South 1,Coorg,"1,909",-2,Need to Check
1479075,24,"September 15, 2026","1,838","23,600",South 1,Coorg,"1,899",-2,Need to Check
1479075,24,"September 16, 2026","1,863","23,600",South 1,Coorg,"1,909",-2,Need to Check
1479075,27,"September 16, 2026","2,415","23,600",South 1,Coorg,"2,502",-2,Need to Check
1479075,28,"September 16, 2026","2,415","23,600",South 1,Coorg,"2,502",-2,Need to Check
1479075,29,"September 15, 2026","2,183","23,600",South 1,Coorg,"2,244",-2,Need to Check
1479075,30,"September 15, 2026","2,183","23,600",South 1,Coorg,"2,244",-2,Need to Check
1479075,31,"September 15, 2026","2,183","23,600",South 1,Coorg,"2,244",-2,Need to Check
1479075,32,"September 15, 2026","2,183","23,600",South 1,Coorg,"2,244",-2,Need to Check
1479075,33,"September 15, 2026","2,183","23,600",South 1,Coorg,"2,244",-2,Need to Check
1479075,34,"September 15, 2026","2,183","23,600",South 1,Coorg,"2,244",-2,Need to Check
1479075,35,"September 16, 2026","2,760","23,600",South 1,Coorg,"2,847",-2,Need to Check
1479075,36,"September 16, 2026","2,760","23,600",South 1,Coorg,"2,847",-2,Need to Check
1479075,37,"September 16, 2026","2,760","23,600",South 1,Coorg,"2,847",-2,Need to Check
1479075,39,"September 15, 2026","1,838","23,600",South 1,Coorg,"1,899",-2,Need to Check
1479075,39,"September 16, 2026","1,863","23,600",South 1,Coorg,"1,909",-2,Need to Check
1479075,40,"September 15, 2026","1,838","23,600",South 1,Coorg,"1,899",-2,Need to Check
1479075,40,"September 16, 2026","1,863","23,600",South 1,Coorg,"1,909",-2,Need to Check
1479075,42,"September 15, 2026","3,287","23,600",South 1,Coorg,"3,386",-2,Need to Check
1479075,42,"September 16, 2026","3,312","23,600",South 1,Coorg,"3,399",-2,Need to Check
1479075,43,"September 15, 2026","3,287","23,600",South 1,Coorg,"3,386",-2,Need to Check
1479075,43,"September 16, 2026","3,312","23,600",South 1,Coorg,"3,399",-2,Need to Check
1479075,57,"September 15, 2026","2,183","23,600",South 1,Coorg,"2,244",-2,Need to Check
1479075,58,"September 15, 2026","2,183","23,600",South 1,Coorg,"2,244",-2,Need to Check
1479075,83,"September 15, 2026","1,838","23,600",South 1,Coorg,"1,899",-2,Need to Check
1479075,83,"September 16, 2026","1,863","23,600",South 1,Coorg,"1,909",-2,Need to Check
1479075,89,"September 15, 2026","2,183","23,600",South 1,Coorg,"2,244",-2,Need to Check
1483392,27,"September 24, 2026","2,310","27,848",West,Kolhapur,"2,392",-2,Need to Check
1483392,28,"September 24, 2026","2,310","27,848",West,Kolhapur,"2,392",-2,Need to Check
1483392,35,"September 24, 2026","2,586","27,848",West,Kolhapur,"2,652",-2,Need to Check
1483392,36,"September 24, 2026","2,586","27,848",West,Kolhapur,"2,652",-2,Need to Check
1483392,37,"September 24, 2026","2,586","27,848",West,Kolhapur,"2,652",-2,Need to Check
1483392,59,"September 24, 2026","2,586","27,848",West,Kolhapur,"2,652",-2,Need to Check
1483570,21,"September 24, 2026","1,667","23,600",West,Kolhapur,"1,719",-2,Need to Check
1483570,22,"September 24, 2026","1,667","23,600",West,Kolhapur,"1,719",-2,Need to Check
1483570,23,"September 24, 2026","1,736","23,600",West,Kolhapur,"1,784",-2,Need to Check
1483570,24,"September 24, 2026","1,736","23,600",West,Kolhapur,"1,784",-2,Need to Check
1483570,39,"September 24, 2026","1,667","23,600",West,Kolhapur,"1,719",-2,Need to Check
1483570,40,"September 24, 2026","1,736","23,600",West,Kolhapur,"1,784",-2,Need to Check
1483570,83,"September 24, 2026","1,667","23,600",West,Kolhapur,"1,719",-2,Need to Check
1484845,21,"September 24, 2026","2,240","23,600",West,Kolhapur,"2,311",-2,Need to Check
1484845,22,"September 24, 2026","2,240","23,600",West,Kolhapur,"2,311",-2,Need to Check
1484845,23,"September 24, 2026","2,378","23,600",West,Kolhapur,"2,441",-2,Need to Check
1484845,24,"September 24, 2026","2,378","23,600",West,Kolhapur,"2,441",-2,Need to Check
1484845,39,"September 24, 2026","2,240","23,600",West,Kolhapur,"2,311",-2,Need to Check
1484845,40,"September 24, 2026","2,378","23,600",West,Kolhapur,"2,441",-2,Need to Check
1484845,83,"September 24, 2026","2,240","23,600",West,Kolhapur,"2,311",-2,Need to Check
1505657,27,"September 16, 2026","3,488","23,600",West,Pune,"3,603",-2,Need to Check
1505657,28,"September 16, 2026","3,488","23,600",West,Pune,"3,603",-2,Need to Check
1509340,19,"September 24, 2026","1,341","23,600",West,Nashik,"1,389",-2,Need to Check
1509340,20,"September 24, 2026","1,341","23,600",West,Nashik,"1,389",-2,Need to Check
1512203,15,"September 24, 2026","1,476","23,600",North 2,Roorkee,"1,524",-2,Need to Check
1512203,17,"September 24, 2026","1,683","23,600",North 2,Roorkee,"1,734",-2,Need to Check
1512203,18,"September 24, 2026","1,683","23,600",North 2,Roorkee,"1,734",-2,Need to Check
1512203,21,"September 24, 2026","1,752","23,600",North 2,Roorkee,"1,804",-2,Need to Check
1512203,22,"September 24, 2026","1,752","23,600",North 2,Roorkee,"1,804",-2,Need to Check
1512203,38,"September 24, 2026","1,476","23,600",North 2,Roorkee,"1,524",-2,Need to Check
1512203,39,"September 24, 2026","1,752","23,600",North 2,Roorkee,"1,804",-2,Need to Check
1512203,50,"September 24, 2026","1,683","23,600",North 2,Roorkee,"1,734",-2,Need to Check
1512203,83,"September 24, 2026","1,752","23,600",North 2,Roorkee,"1,804",-2,Need to Check
1512203,87,"September 24, 2026","1,683","23,600",North 2,Roorkee,"1,734",-2,Need to Check
1516017,21,"September 24, 2026","1,909","23,600",West,Nashik,"1,951",-2,Need to Check
1516017,22,"September 24, 2026","1,909","23,600",West,Nashik,"1,951",-2,Need to Check
1516017,39,"September 24, 2026","1,909","23,600",West,Nashik,"1,951",-2,Need to Check
1516017,83,"September 24, 2026","1,909","23,600",West,Nashik,"1,951",-2,Need to Check
1519378,17,"September 19, 2026","1,135","23,600",West,Nashik,"1,162",-2,Need to Check
1519378,17,"September 21, 2026","1,167","23,600",West,Nashik,"1,197",-2,Need to Check
1519378,18,"September 19, 2026","1,135","23,600",West,Nashik,"1,162",-2,Need to Check
1519378,18,"September 21, 2026","1,167","23,600",West,Nashik,"1,197",-2,Need to Check
1519378,19,"September 19, 2026","1,204","23,600",West,Nashik,"1,231",-2,Need to Check
1519378,20,"September 19, 2026","1,204","23,600",West,Nashik,"1,231",-2,Need to Check
1519378,50,"September 19, 2026","1,135","23,600",West,Nashik,"1,162",-2,Need to Check
1519378,50,"September 21, 2026","1,167","23,600",West,Nashik,"1,197",-2,Need to Check
1536242,17,"September 26, 2026","1,468","23,600",East,Guwahati,"1,512",-2,Need to Check
1536242,18,"September 26, 2026","1,468","23,600",East,Guwahati,"1,512",-2,Need to Check
1536242,50,"September 26, 2026","1,468","23,600",East,Guwahati,"1,512",-2,Need to Check
1593685,19,"September 15, 2026","1,565","23,600",South 2,Hyderabad,"1,613",-2,Need to Check
1593685,19,"September 16, 2026","1,562","23,600",South 2,Hyderabad,"1,613",-2,Need to Check
1593685,19,"September 17, 2026","1,559","23,600",South 2,Hyderabad,"1,613",-2,Need to Check
1593685,20,"September 15, 2026","1,565","23,600",South 2,Hyderabad,"1,613",-2,Need to Check
1593685,20,"September 16, 2026","1,562","23,600",South 2,Hyderabad,"1,613",-2,Need to Check
1593685,20,"September 17, 2026","1,559","23,600",South 2,Hyderabad,"1,613",-2,Need to Check
1593685,21,"September 15, 2026","1,530","23,600",South 2,Hyderabad,"1,581",-2,Need to Check
1593685,21,"September 16, 2026","1,527","23,600",South 2,Hyderabad,"1,581",-2,Need to Check
1593685,22,"September 15, 2026","1,530","23,600",South 2,Hyderabad,"1,581",-2,Need to Check
1593685,22,"September 16, 2026","1,527","23,600",South 2,Hyderabad,"1,581",-2,Need to Check
1593685,23,"September 15, 2026","1,737","23,600",South 2,Hyderabad,"1,776",-2,Need to Check
1593685,23,"September 16, 2026","1,734","23,600",South 2,Hyderabad,"1,776",-2,Need to Check
1593685,23,"September 17, 2026","1,732","23,600",South 2,Hyderabad,"1,776",-2,Need to Check
1593685,24,"September 15, 2026","1,737","23,600",South 2,Hyderabad,"1,776",-2,Need to Check
1593685,24,"September 16, 2026","1,734","23,600",South 2,Hyderabad,"1,776",-2,Need to Check
1593685,24,"September 17, 2026","1,732","23,600",South 2,Hyderabad,"1,776",-2,Need to Check
1593685,29,"September 15, 2026","1,668","23,600",South 2,Hyderabad,"1,711",-2,Need to Check
1593685,29,"September 16, 2026","1,665","23,600",South 2,Hyderabad,"1,711",-2,Need to Check
1593685,29,"September 17, 2026","1,663","23,600",South 2,Hyderabad,"1,711",-2,Need to Check
1593685,30,"September 15, 2026","1,668","23,600",South 2,Hyderabad,"1,711",-2,Need to Check
1593685,30,"September 16, 2026","1,665","23,600",South 2,Hyderabad,"1,711",-2,Need to Check
1593685,30,"September 17, 2026","1,663","23,600",South 2,Hyderabad,"1,711",-2,Need to Check
1593685,31,"September 15, 2026","1,668","23,600",South 2,Hyderabad,"1,711",-2,Need to Check
1593685,31,"September 16, 2026","1,665","23,600",South 2,Hyderabad,"1,711",-2,Need to Check
1593685,31,"September 17, 2026","1,663","23,600",South 2,Hyderabad,"1,711",-2,Need to Check
1593685,39,"September 15, 2026","1,530","23,600",South 2,Hyderabad,"1,581",-2,Need to Check
1593685,39,"September 16, 2026","1,527","23,600",South 2,Hyderabad,"1,581",-2,Need to Check
1593685,40,"September 15, 2026","1,737","23,600",South 2,Hyderabad,"1,776",-2,Need to Check
1593685,40,"September 16, 2026","1,734","23,600",South 2,Hyderabad,"1,776",-2,Need to Check
1593685,40,"September 17, 2026","1,732","23,600",South 2,Hyderabad,"1,776",-2,Need to Check
1593685,57,"September 15, 2026","1,668","23,600",South 2,Hyderabad,"1,711",-2,Need to Check
1593685,57,"September 16, 2026","1,665","23,600",South 2,Hyderabad,"1,711",-2,Need to Check
1593685,57,"September 17, 2026","1,663","23,600",South 2,Hyderabad,"1,711",-2,Need to Check
1593685,83,"September 15, 2026","1,530","23,600",South 2,Hyderabad,"1,581",-2,Need to Check
1593685,83,"September 16, 2026","1,527","23,600",South 2,Hyderabad,"1,581",-2,Need to Check
1593685,89,"September 15, 2026","1,668","23,600",South 2,Hyderabad,"1,711",-2,Need to Check
1593685,89,"September 16, 2026","1,665","23,600",South 2,Hyderabad,"1,711",-2,Need to Check
1593685,89,"September 17, 2026","1,663","23,600",South 2,Hyderabad,"1,711",-2,Need to Check
1594465,25,"September 22, 2026","1,619","27,848",South 2,Hyderabad,"1,666",-2,Need to Check
1594465,26,"September 22, 2026","1,619","27,848",South 2,Hyderabad,"1,666",-2,Need to Check
1599756,19,"September 21, 2026","1,668","27,848",South 2,Hyderabad,"1,724",-2,Need to Check
1599756,20,"September 21, 2026","1,668","27,848",South 2,Hyderabad,"1,724",-2,Need to Check
1599756,21,"September 21, 2026","1,668","27,848",South 2,Hyderabad,"1,724",-2,Need to Check
1599756,22,"September 21, 2026","1,668","27,848",South 2,Hyderabad,"1,724",-2,Need to Check
1599756,23,"September 21, 2026","1,806","27,848",South 2,Hyderabad,"1,862",-2,Need to Check
1599756,24,"September 21, 2026","1,806","27,848",South 2,Hyderabad,"1,862",-2,Need to Check
1599756,27,"September 21, 2026","2,151","27,848",South 2,Hyderabad,"2,207",-2,Need to Check
1599756,28,"September 21, 2026","2,151","27,848",South 2,Hyderabad,"2,207",-2,Need to Check
1599756,29,"September 21, 2026","2,048","27,848",South 2,Hyderabad,"2,104",-2,Need to Check
1599756,30,"September 21, 2026","2,048","27,848",South 2,Hyderabad,"2,104",-2,Need to Check
1599756,31,"September 21, 2026","2,048","27,848",South 2,Hyderabad,"2,104",-2,Need to Check
1599756,32,"September 21, 2026","2,186","27,848",South 2,Hyderabad,"2,242",-2,Need to Check
1599756,33,"September 21, 2026","2,186","27,848",South 2,Hyderabad,"2,242",-2,Need to Check
1599756,34,"September 21, 2026","2,186","27,848",South 2,Hyderabad,"2,242",-2,Need to Check
1599756,35,"September 21, 2026","2,531","27,848",South 2,Hyderabad,"2,587",-2,Need to Check
1599756,36,"September 21, 2026","2,531","27,848",South 2,Hyderabad,"2,587",-2,Need to Check
1599756,37,"September 21, 2026","2,531","27,848",South 2,Hyderabad,"2,587",-2,Need to Check
1599756,39,"September 21, 2026","1,668","27,848",South 2,Hyderabad,"1,724",-2,Need to Check
1599756,40,"September 21, 2026","1,806","27,848",South 2,Hyderabad,"1,862",-2,Need to Check
1599756,57,"September 21, 2026","2,048","27,848",South 2,Hyderabad,"2,104",-2,Need to Check
1599756,58,"September 21, 2026","2,186","27,848",South 2,Hyderabad,"2,242",-2,Need to Check
1599756,83,"September 21, 2026","1,668","27,848",South 2,Hyderabad,"1,724",-2,Need to Check
1599756,89,"September 21, 2026","2,048","27,848",South 2,Hyderabad,"2,104",-2,Need to Check
1604662,21,"September 15, 2026","1,588","20,000",North 2,Mussoorie,"1,630",-2,Need to Check
1604662,22,"September 15, 2026","1,588","20,000",North 2,Mussoorie,"1,630",-2,Need to Check
1604662,23,"September 15, 2026","1,588","20,000",North 2,Mussoorie,"1,630",-2,Need to Check
1604662,24,"September 15, 2026","1,588","20,000",North 2,Mussoorie,"1,630",-2,Need to Check
1604662,39,"September 15, 2026","1,588","20,000",North 2,Mussoorie,"1,630",-2,Need to Check
1611760,17,"September 26, 2026","1,416","23,600",East,Bhubaneswar,"1,454",-2,Need to Check
1611760,18,"September 26, 2026","1,416","23,600",East,Bhubaneswar,"1,454",-2,Need to Check
1611760,19,"September 26, 2026","1,485","23,600",East,Bhubaneswar,"1,519",-2,Need to Check
1611760,20,"September 26, 2026","1,485","23,600",East,Bhubaneswar,"1,519",-2,Need to Check
1611760,50,"September 26, 2026","1,416","23,600",East,Bhubaneswar,"1,454",-2,Need to Check
1614818,27,"September 26, 2026","2,608","20,000",East,Bhubaneswar,"2,689",-2,Need to Check
1614818,28,"September 26, 2026","2,608","20,000",East,Bhubaneswar,"2,689",-2,Need to Check
1614818,29,"September 26, 2026","2,746","20,000",East,Bhubaneswar,"2,819",-2,Need to Check
1614818,30,"September 26, 2026","2,746","20,000",East,Bhubaneswar,"2,819",-2,Need to Check
1614818,31,"September 26, 2026","2,746","20,000",East,Bhubaneswar,"2,819",-2,Need to Check
1614818,57,"September 26, 2026","2,746","20,000",East,Bhubaneswar,"2,819",-2,Need to Check
1614818,89,"September 26, 2026","2,746","20,000",East,Bhubaneswar,"2,819",-2,Need to Check
1616462,15,"September 26, 2026","1,051","23,600",East,Bhubaneswar,"1,081",-2,Need to Check
1616462,16,"September 26, 2026","1,120","23,600",East,Bhubaneswar,"1,146",-2,Need to Check
1616462,17,"September 26, 2026","1,120","23,600",East,Bhubaneswar,"1,146",-2,Need to Check
1616462,18,"September 26, 2026","1,120","23,600",East,Bhubaneswar,"1,146",-2,Need to Check
1616462,38,"September 26, 2026","1,051","23,600",East,Bhubaneswar,"1,081",-2,Need to Check
1616462,50,"September 26, 2026","1,120","23,600",East,Bhubaneswar,"1,146",-2,Need to Check
1616462,52,"September 26, 2026","1,120","23,600",East,Bhubaneswar,"1,146",-2,Need to Check
1616462,76,"September 26, 2026","1,051","23,600",East,Bhubaneswar,"1,081",-2,Need to Check
1616462,87,"September 26, 2026","1,120","23,600",East,Bhubaneswar,"1,146",-2,Need to Check
1617471,16,"September 26, 2026","1,383","23,600",East,Bhubaneswar,"1,433",-2,Need to Check
1617471,17,"September 26, 2026","1,769","23,600",East,Bhubaneswar,"1,820",-2,Need to Check
1617471,18,"September 26, 2026","1,769","23,600",East,Bhubaneswar,"1,820",-2,Need to Check
1617471,19,"September 26, 2026","1,838","23,600",East,Bhubaneswar,"1,889",-2,Need to Check
1617471,27,"September 26, 2026","2,211","23,600",East,Bhubaneswar,"2,261",-2,Need to Check
1617471,28,"September 26, 2026","2,211","23,600",East,Bhubaneswar,"2,261",-2,Need to Check
1617471,35,"September 26, 2026","3,867","23,600",East,Bhubaneswar,"3,985",-2,Need to Check
1617471,36,"September 26, 2026","3,867","23,600",East,Bhubaneswar,"3,985",-2,Need to Check
1619452,21,"September 16, 2026","1,600","23,600",East,Bhubaneswar,"1,644",-2,Need to Check
1619452,22,"September 16, 2026","1,600","23,600",East,Bhubaneswar,"1,644",-2,Need to Check
1619452,23,"September 16, 2026","1,669","23,600",East,Bhubaneswar,"1,713",-2,Need to Check
1619452,24,"September 16, 2026","1,669","23,600",East,Bhubaneswar,"1,713",-2,Need to Check
1619452,39,"September 16, 2026","1,600","23,600",East,Bhubaneswar,"1,644",-2,Need to Check
1619452,40,"September 16, 2026","1,669","23,600",East,Bhubaneswar,"1,713",-2,Need to Check
1619452,83,"September 16, 2026","1,600","23,600",East,Bhubaneswar,"1,644",-2,Need to Check
1709272,17,"September 15, 2026","1,409","23,600",South 1,Thrissur,"1,453",-2,Need to Check
1709272,17,"September 16, 2026","1,409","23,600",South 1,Thrissur,"1,453",-2,Need to Check
1709272,18,"September 15, 2026","1,409","23,600",South 1,Thrissur,"1,453",-2,Need to Check
1709272,18,"September 16, 2026","1,409","23,600",South 1,Thrissur,"1,453",-2,Need to Check
1709272,19,"September 15, 2026","1,547","23,600",South 1,Thrissur,"1,583",-2,Need to Check
1709272,19,"September 16, 2026","1,547","23,600",South 1,Thrissur,"1,583",-2,Need to Check
1709272,20,"September 15, 2026","1,547","23,600",South 1,Thrissur,"1,583",-2,Need to Check
1709272,20,"September 16, 2026","1,547","23,600",South 1,Thrissur,"1,583",-2,Need to Check
1709272,21,"September 15, 2026","1,478","23,600",South 1,Thrissur,"1,518",-2,Need to Check
1709272,21,"September 16, 2026","1,478","23,600",South 1,Thrissur,"1,518",-2,Need to Check
1709272,22,"September 15, 2026","1,478","23,600",South 1,Thrissur,"1,518",-2,Need to Check
1709272,22,"September 16, 2026","1,478","23,600",South 1,Thrissur,"1,518",-2,Need to Check
1709272,39,"September 15, 2026","1,478","23,600",South 1,Thrissur,"1,518",-2,Need to Check
1709272,39,"September 16, 2026","1,478","23,600",South 1,Thrissur,"1,518",-2,Need to Check
1709272,50,"September 15, 2026","1,409","23,600",South 1,Thrissur,"1,453",-2,Need to Check
1709272,50,"September 16, 2026","1,409","23,600",South 1,Thrissur,"1,453",-2,Need to Check
1709272,83,"September 15, 2026","1,478","23,600",South 1,Thrissur,"1,518",-2,Need to Check
1709272,83,"September 16, 2026","1,478","23,600",South 1,Thrissur,"1,518",-2,Need to Check
1766191,17,"September 15, 2026","1,314","20,000",South 1,Chikmagalur,"1,352",-2,Need to Check
1766191,18,"September 15, 2026","1,314","20,000",South 1,Chikmagalur,"1,352",-2,Need to Check
1766191,19,"September 15, 2026","1,314","20,000",South 1,Chikmagalur,"1,352",-2,Need to Check
1766191,20,"September 15, 2026","1,314","20,000",South 1,Chikmagalur,"1,352",-2,Need to Check
1766191,21,"September 15, 2026","1,590","20,000",South 1,Chikmagalur,"1,628",-2,Need to Check
1766191,22,"September 15, 2026","1,590","20,000",South 1,Chikmagalur,"1,628",-2,Need to Check
1766191,23,"September 15, 2026","1,590","20,000",South 1,Chikmagalur,"1,628",-2,Need to Check
1766191,24,"September 15, 2026","1,590","20,000",South 1,Chikmagalur,"1,628",-2,Need to Check
1766191,39,"September 15, 2026","1,590","20,000",South 1,Chikmagalur,"1,628",-2,Need to Check
1766191,40,"September 15, 2026","1,590","20,000",South 1,Chikmagalur,"1,628",-2,Need to Check
1766191,50,"September 15, 2026","1,314","20,000",South 1,Chikmagalur,"1,352",-2,Need to Check
1766191,83,"September 15, 2026","1,590","20,000",South 1,Chikmagalur,"1,628",-2,Need to Check
1766640,15,"September 15, 2026","1,187","23,600",South 1,Chikmagalur,"1,221",-2,Need to Check
1766640,16,"September 15, 2026","1,187","23,600",South 1,Chikmagalur,"1,221",-2,Need to Check
1766640,17,"September 15, 2026","1,290","23,600",South 1,Chikmagalur,"1,325",-2,Need to Check
1766640,17,"September 16, 2026","1,290","23,600",South 1,Chikmagalur,"1,325",-2,Need to Check
1766640,18,"September 15, 2026","1,290","23,600",South 1,Chikmagalur,"1,325",-2,Need to Check
1766640,18,"September 16, 2026","1,290","23,600",South 1,Chikmagalur,"1,325",-2,Need to Check
1766640,19,"September 15, 2026","1,290","23,600",South 1,Chikmagalur,"1,325",-2,Need to Check
1766640,19,"September 16, 2026","1,290","23,600",South 1,Chikmagalur,"1,325",-2,Need to Check
1766640,20,"September 15, 2026","1,290","23,600",South 1,Chikmagalur,"1,325",-2,Need to Check
1766640,20,"September 16, 2026","1,290","23,600",South 1,Chikmagalur,"1,325",-2,Need to Check
1766640,21,"September 15, 2026","1,532","23,600",South 1,Chikmagalur,"1,566",-2,Need to Check
1766640,21,"September 16, 2026","1,532","23,600",South 1,Chikmagalur,"1,566",-2,Need to Check
1766640,22,"September 15, 2026","1,532","23,600",South 1,Chikmagalur,"1,566",-2,Need to Check
1766640,22,"September 16, 2026","1,532","23,600",South 1,Chikmagalur,"1,566",-2,Need to Check
1766640,23,"September 15, 2026","1,532","23,600",South 1,Chikmagalur,"1,566",-2,Need to Check
1766640,23,"September 16, 2026","1,532","23,600",South 1,Chikmagalur,"1,566",-2,Need to Check
1766640,24,"September 15, 2026","1,532","23,600",South 1,Chikmagalur,"1,566",-2,Need to Check
1766640,24,"September 16, 2026","1,532","23,600",South 1,Chikmagalur,"1,566",-2,Need to Check
1766640,38,"September 15, 2026","1,187","23,600",South 1,Chikmagalur,"1,221",-2,Need to Check
1766640,39,"September 15, 2026","1,532","23,600",South 1,Chikmagalur,"1,566",-2,Need to Check
1766640,39,"September 16, 2026","1,532","23,600",South 1,Chikmagalur,"1,566",-2,Need to Check
1766640,40,"September 15, 2026","1,532","23,600",South 1,Chikmagalur,"1,566",-2,Need to Check
1766640,40,"September 16, 2026","1,532","23,600",South 1,Chikmagalur,"1,566",-2,Need to Check
1766640,45,"September 15, 2026","1,532","23,600",South 1,Chikmagalur,"1,566",-2,Need to Check
1766640,46,"September 15, 2026","1,532","23,600",South 1,Chikmagalur,"1,566",-2,Need to Check
1766640,50,"September 15, 2026","1,290","23,600",South 1,Chikmagalur,"1,325",-2,Need to Check
1766640,50,"September 16, 2026","1,290","23,600",South 1,Chikmagalur,"1,325",-2,Need to Check
1766640,52,"September 15, 2026","1,187","23,600",South 1,Chikmagalur,"1,221",-2,Need to Check
1766640,83,"September 15, 2026","1,532","23,600",South 1,Chikmagalur,"1,566",-2,Need to Check
1766640,83,"September 16, 2026","1,532","23,600",South 1,Chikmagalur,"1,566",-2,Need to Check
1767140,45,"September 16, 2026","2,126","23,600",South 1,Chikmagalur,"2,191",-2,Need to Check
1767140,46,"September 16, 2026","2,126","23,600",South 1,Chikmagalur,"2,191",-2,Need to Check
1767140,64,"September 16, 2026","2,126","23,600",South 1,Chikmagalur,"2,191",-2,Need to Check
1767140,65,"September 16, 2026","2,126","23,600",South 1,Chikmagalur,"2,191",-2,Need to Check
1894945,17,"September 16, 2026","1,674","23,600",South 1,Hassan,"1,734",-2,Need to Check
1894945,18,"September 16, 2026","1,674","23,600",South 1,Hassan,"1,734",-2,Need to Check
1894945,19,"September 16, 2026","1,709","23,600",South 1,Hassan,"1,768",-2,Need to Check
1894945,20,"September 16, 2026","1,709","23,600",South 1,Hassan,"1,768",-2,Need to Check
1894945,21,"September 15, 2026","2,226","23,600",South 1,Hassan,"2,298",-2,Need to Check
1894945,21,"September 16, 2026","2,226","23,600",South 1,Hassan,"2,286",-2,Need to Check
1894945,22,"September 15, 2026","2,226","23,600",South 1,Hassan,"2,298",-2,Need to Check
1894945,22,"September 16, 2026","2,226","23,600",South 1,Hassan,"2,286",-2,Need to Check
1894945,23,"September 15, 2026","2,261","23,600",South 1,Hassan,"2,332",-2,Need to Check
1894945,23,"September 16, 2026","2,261","23,600",South 1,Hassan,"2,320",-2,Need to Check
1894945,24,"September 15, 2026","2,261","23,600",South 1,Hassan,"2,332",-2,Need to Check
1894945,24,"September 16, 2026","2,261","23,600",South 1,Hassan,"2,320",-2,Need to Check
1894945,27,"September 15, 2026","2,813","23,600",South 1,Hassan,"2,884",-2,Need to Check
1894945,28,"September 15, 2026","2,813","23,600",South 1,Hassan,"2,884",-2,Need to Check
1894945,29,"September 15, 2026","2,709","23,600",South 1,Hassan,"2,797",-2,Need to Check
1894945,29,"September 16, 2026","2,709","23,600",South 1,Hassan,"2,769",-2,Need to Check
1894945,30,"September 15, 2026","2,709","23,600",South 1,Hassan,"2,797",-2,Need to Check
1894945,30,"September 16, 2026","2,709","23,600",South 1,Hassan,"2,769",-2,Need to Check
1894945,31,"September 15, 2026","2,709","23,600",South 1,Hassan,"2,797",-2,Need to Check
1894945,31,"September 16, 2026","2,709","23,600",South 1,Hassan,"2,769",-2,Need to Check
1894945,32,"September 15, 2026","2,813","23,600",South 1,Hassan,"2,901",-2,Need to Check
1894945,33,"September 15, 2026","2,813","23,600",South 1,Hassan,"2,901",-2,Need to Check
1894945,34,"September 15, 2026","2,813","23,600",South 1,Hassan,"2,901",-2,Need to Check
1894945,35,"September 15, 2026","3,365","23,600",South 1,Hassan,"3,453",-2,Need to Check
1894945,36,"September 15, 2026","3,365","23,600",South 1,Hassan,"3,453",-2,Need to Check
1894945,37,"September 15, 2026","3,365","23,600",South 1,Hassan,"3,453",-2,Need to Check
1894945,39,"September 15, 2026","2,226","23,600",South 1,Hassan,"2,298",-2,Need to Check
1894945,39,"September 16, 2026","2,226","23,600",South 1,Hassan,"2,286",-2,Need to Check
1894945,40,"September 15, 2026","2,261","23,600",South 1,Hassan,"2,332",-2,Need to Check
1894945,40,"September 16, 2026","2,261","23,600",South 1,Hassan,"2,320",-2,Need to Check
1894945,50,"September 16, 2026","1,674","23,600",South 1,Hassan,"1,734",-2,Need to Check
1894945,57,"September 15, 2026","2,709","23,600",South 1,Hassan,"2,797",-2,Need to Check
1894945,57,"September 16, 2026","2,709","23,600",South 1,Hassan,"2,769",-2,Need to Check
1894945,58,"September 15, 2026","2,813","23,600",South 1,Hassan,"2,901",-2,Need to Check
1894945,83,"September 15, 2026","2,226","23,600",South 1,Hassan,"2,298",-2,Need to Check
1894945,83,"September 16, 2026","2,226","23,600",South 1,Hassan,"2,286",-2,Need to Check
1894945,89,"September 15, 2026","2,709","23,600",South 1,Hassan,"2,797",-2,Need to Check
1894945,89,"September 16, 2026","2,709","23,600",South 1,Hassan,"2,769",-2,Need to Check
1912757,21,"September 23, 2026","1,407","23,600",North 2,Bhimtal,"1,443",-2,Need to Check
1912757,22,"September 23, 2026","1,407","23,600",North 2,Bhimtal,"1,443",-2,Need to Check
1912757,23,"September 21, 2026","1,463","23,600",North 2,Bhimtal,"1,508",-2,Need to Check
1912757,24,"September 21, 2026","1,463","23,600",North 2,Bhimtal,"1,508",-2,Need to Check
1912757,27,"September 23, 2026","1,959","23,600",North 2,Bhimtal,"2,028",-2,Need to Check
1912757,28,"September 23, 2026","1,959","23,600",North 2,Bhimtal,"2,028",-2,Need to Check
1912757,35,"September 23, 2026","2,097","23,600",North 2,Bhimtal,"2,158",-2,Need to Check
1912757,36,"September 23, 2026","2,097","23,600",North 2,Bhimtal,"2,158",-2,Need to Check
1912757,37,"September 23, 2026","2,097","23,600",North 2,Bhimtal,"2,158",-2,Need to Check
1912757,39,"September 23, 2026","1,407","23,600",North 2,Bhimtal,"1,443",-2,Need to Check
1912757,40,"September 21, 2026","1,463","23,600",North 2,Bhimtal,"1,508",-2,Need to Check
1912757,83,"September 23, 2026","1,407","23,600",North 2,Bhimtal,"1,443",-2,Need to Check
1982002,35,"September 21, 2026","3,865","23,600",West,Matheran,"4,001",-2,Need to Check
1982002,36,"September 21, 2026","3,865","23,600",West,Matheran,"4,001",-2,Need to Check
2010412,17,"September 15, 2026","1,261","23,600",South 1,Wayanad,"1,303",-2,Need to Check
2010412,17,"September 16, 2026","1,261","23,600",South 1,Wayanad,"1,298",-2,Need to Check
2010412,18,"September 15, 2026","1,261","23,600",South 1,Wayanad,"1,303",-2,Need to Check
2010412,18,"September 16, 2026","1,261","23,600",South 1,Wayanad,"1,298",-2,Need to Check
2010412,19,"September 16, 2026","1,330","23,600",South 1,Wayanad,"1,367",-2,Need to Check
2010412,20,"September 16, 2026","1,330","23,600",South 1,Wayanad,"1,367",-2,Need to Check
2010412,50,"September 15, 2026","1,261","23,600",South 1,Wayanad,"1,303",-2,Need to Check
2010412,50,"September 16, 2026","1,261","23,600",South 1,Wayanad,"1,298",-2,Need to Check
2010498,27,"September 15, 2026","3,112","23,600",East,Paradeep,"3,220",-2,Need to Check
2010498,27,"September 16, 2026","3,112","23,600",East,Paradeep,"3,220",-2,Need to Check
2010498,28,"September 15, 2026","3,112","23,600",East,Paradeep,"3,220",-2,Need to Check
2010498,28,"September 16, 2026","3,112","23,600",East,Paradeep,"3,220",-2,Need to Check
2011649,17,"September 16, 2026","1,153","27,848",South 1,Bangalore,"1,179",-2,Need to Check
2011649,18,"September 16, 2026","1,153","27,848",South 1,Bangalore,"1,179",-2,Need to Check
2011649,50,"September 16, 2026","1,153","27,848",South 1,Bangalore,"1,179",-2,Need to Check
2014917,25,"September 15, 2026","2,132","20,000",South 1,Bangalore,"2,208",-2,Need to Check
2014917,26,"September 15, 2026","2,132","20,000",South 1,Bangalore,"2,208",-2,Need to Check
2022899,27,"September 23, 2026","1,817","23,600",North 2,Varanasi,"1,857",-2,Need to Check
2022899,27,"September 24, 2026","1,817","23,600",North 2,Varanasi,"1,857",-2,Need to Check
2022899,28,"September 23, 2026","1,817","23,600",North 2,Varanasi,"1,857",-2,Need to Check
2022899,28,"September 24, 2026","1,817","23,600",North 2,Varanasi,"1,857",-2,Need to Check
2022899,41,"September 23, 2026","1,817","23,600",North 2,Varanasi,"1,857",-2,Need to Check
2022899,41,"September 24, 2026","1,817","23,600",North 2,Varanasi,"1,857",-2,Need to Check
2027305,27,"September 15, 2026","2,247","23,600",South 1,Mangalore,"2,320",-2,Need to Check
2027305,28,"September 15, 2026","2,247","23,600",South 1,Mangalore,"2,320",-2,Need to Check
2027305,32,"September 15, 2026","2,178","23,600",South 1,Mangalore,"2,255",-2,Need to Check
2027305,33,"September 15, 2026","2,178","23,600",South 1,Mangalore,"2,255",-2,Need to Check
2027305,34,"September 15, 2026","2,178","23,600",South 1,Mangalore,"2,255",-2,Need to Check
2027305,35,"September 15, 2026","2,523","23,600",South 1,Mangalore,"2,580",-2,Need to Check
2027305,36,"September 15, 2026","2,523","23,600",South 1,Mangalore,"2,580",-2,Need to Check
2027305,37,"September 15, 2026","2,523","23,600",South 1,Mangalore,"2,580",-2,Need to Check
2027305,41,"September 15, 2026","2,247","23,600",South 1,Mangalore,"2,320",-2,Need to Check
2027305,58,"September 15, 2026","2,178","23,600",South 1,Mangalore,"2,255",-2,Need to Check
2034103,35,"September 24, 2026","2,312","23,600",North 2,Chandigarh,"2,374",-2,Need to Check
2034103,36,"September 24, 2026","2,312","23,600",North 2,Chandigarh,"2,374",-2,Need to Check
2034103,37,"September 24, 2026","2,312","23,600",North 2,Chandigarh,"2,374",-2,Need to Check
2051409,16,"September 24, 2026","1,930","23,600",West,Nashik,"1,989",-2,Need to Check
2051467,23,"September 21, 2026","1,324","20,000",North 2,Prayagraj,"1,365",-2,Need to Check
2051467,23,"September 22, 2026","1,321","20,000",North 2,Prayagraj,"1,365",-2,Need to Check
2051467,23,"September 23, 2026","1,321","20,000",North 2,Prayagraj,"1,365",-2,Need to Check
2051467,24,"September 21, 2026","1,324","20,000",North 2,Prayagraj,"1,365",-2,Need to Check
2051467,24,"September 22, 2026","1,321","20,000",North 2,Prayagraj,"1,365",-2,Need to Check
2051467,24,"September 23, 2026","1,321","20,000",North 2,Prayagraj,"1,365",-2,Need to Check
2051467,40,"September 21, 2026","1,324","20,000",North 2,Prayagraj,"1,365",-2,Need to Check
2051467,40,"September 22, 2026","1,321","20,000",North 2,Prayagraj,"1,365",-2,Need to Check
2051467,40,"September 23, 2026","1,321","20,000",North 2,Prayagraj,"1,365",-2,Need to Check
2059540,27,"September 22, 2026","1,857","23,600",South 2,Hyderabad,"1,905",-2,Need to Check
2059540,28,"September 22, 2026","1,857","23,600",South 2,Hyderabad,"1,905",-2,Need to Check
2071014,27,"September 19, 2026","1,949","23,600",West,Bhopal,"2,010",-2,Need to Check
2071014,28,"September 19, 2026","1,949","23,600",West,Bhopal,"2,010",-2,Need to Check
2076114,17,"September 16, 2026","1,479","20,000",South 1,Chikmagalur,"1,522",-2,Need to Check
2076114,18,"September 16, 2026","1,479","20,000",South 1,Chikmagalur,"1,522",-2,Need to Check
2076114,19,"September 16, 2026","1,479","20,000",South 1,Chikmagalur,"1,522",-2,Need to Check
2076114,20,"September 16, 2026","1,479","20,000",South 1,Chikmagalur,"1,522",-2,Need to Check
2076114,21,"September 15, 2026","1,755","20,000",South 1,Chikmagalur,"1,810",-2,Need to Check
2076114,21,"September 16, 2026","1,755","20,000",South 1,Chikmagalur,"1,798",-2,Need to Check
2076114,22,"September 15, 2026","1,755","20,000",South 1,Chikmagalur,"1,810",-2,Need to Check
2076114,22,"September 16, 2026","1,755","20,000",South 1,Chikmagalur,"1,798",-2,Need to Check
2076114,23,"September 15, 2026","1,755","20,000",South 1,Chikmagalur,"1,810",-2,Need to Check
2076114,23,"September 16, 2026","1,755","20,000",South 1,Chikmagalur,"1,798",-2,Need to Check
2076114,24,"September 15, 2026","1,755","20,000",South 1,Chikmagalur,"1,810",-2,Need to Check
2076114,24,"September 16, 2026","1,755","20,000",South 1,Chikmagalur,"1,798",-2,Need to Check
2076114,25,"September 15, 2026","2,169","20,000",South 1,Chikmagalur,"2,224",-2,Need to Check
2076114,26,"September 15, 2026","2,169","20,000",South 1,Chikmagalur,"2,224",-2,Need to Check
2076114,27,"September 15, 2026","2,445","20,000",South 1,Chikmagalur,"2,500",-2,Need to Check
2076114,28,"September 15, 2026","2,445","20,000",South 1,Chikmagalur,"2,500",-2,Need to Check
2076114,39,"September 15, 2026","1,755","20,000",South 1,Chikmagalur,"1,810",-2,Need to Check
2076114,39,"September 16, 2026","1,755","20,000",South 1,Chikmagalur,"1,798",-2,Need to Check
2076114,40,"September 15, 2026","1,755","20,000",South 1,Chikmagalur,"1,810",-2,Need to Check
2076114,40,"September 16, 2026","1,755","20,000",South 1,Chikmagalur,"1,798",-2,Need to Check
2076114,50,"September 16, 2026","1,479","20,000",South 1,Chikmagalur,"1,522",-2,Need to Check
2076114,51,"September 16, 2026","1,479","20,000",South 1,Chikmagalur,"1,522",-2,Need to Check
2076114,83,"September 15, 2026","1,755","20,000",South 1,Chikmagalur,"1,810",-2,Need to Check
2076114,83,"September 16, 2026","1,755","20,000",South 1,Chikmagalur,"1,798",-2,Need to Check
2076114,87,"September 16, 2026","1,479","20,000",South 1,Chikmagalur,"1,522",-2,Need to Check
3006134,17,"September 26, 2026","1,457","23,600",East,Bhubaneswar,"1,491",-2,Need to Check
3006134,18,"September 26, 2026","1,457","23,600",East,Bhubaneswar,"1,491",-2,Need to Check
3006134,50,"September 26, 2026","1,457","23,600",East,Bhubaneswar,"1,491",-2,Need to Check
4476459,27,"August 21, 2027","2,139","23,600",North 2,Dalhousie,"2,207",-2,Need to Check
4476459,27,"August 22, 2027","2,139","23,600",North 2,Dalhousie,"2,207",-2,Need to Check
4476459,27,"August 27, 2027","2,139","23,600",North 2,Dalhousie,"2,207",-2,Need to Check
4476459,27,"August 28, 2027","2,139","23,600",North 2,Dalhousie,"2,207",-2,Need to Check
4476459,27,"August 29, 2027","2,139","23,600",North 2,Dalhousie,"2,207",-2,Need to Check
4476459,27,"August 30, 2027","2,139","23,600",North 2,Dalhousie,"2,207",-2,Need to Check
4476459,27,"August 31, 2027","2,139","23,600",North 2,Dalhousie,"2,207",-2,Need to Check
4476459,27,"September 15, 2027","2,139","23,600",North 2,Dalhousie,"2,207",-2,Need to Check
4476459,28,"August 21, 2027","2,139","23,600",North 2,Dalhousie,"2,207",-2,Need to Check
4476459,28,"August 22, 2027","2,139","23,600",North 2,Dalhousie,"2,207",-2,Need to Check
4476459,28,"August 27, 2027","2,139","23,600",North 2,Dalhousie,"2,207",-2,Need to Check
4476459,28,"August 28, 2027","2,139","23,600",North 2,Dalhousie,"2,207",-2,Need to Check
4476459,28,"August 29, 2027","2,139","23,600",North 2,Dalhousie,"2,207",-2,Need to Check
4476459,28,"August 30, 2027","2,139","23,600",North 2,Dalhousie,"2,207",-2,Need to Check
4476459,28,"August 31, 2027","2,139","23,600",North 2,Dalhousie,"2,207",-2,Need to Check
4476459,28,"September 15, 2027","2,139","23,600",North 2,Dalhousie,"2,207",-2,Need to Check
5000010,15,"September 15, 2026","1,590","23,600",South 1,Bangalore,"1,645",-2,Need to Check
5000010,35,"September 15, 2026","3,798","23,600",South 1,Bangalore,"3,913",-2,Need to Check
5000010,36,"September 15, 2026","3,798","23,600",South 1,Bangalore,"3,913",-2,Need to Check
5000010,37,"September 15, 2026","3,798","23,600",South 1,Bangalore,"3,913",-2,Need to Check
5000010,38,"September 15, 2026","1,590","23,600",South 1,Bangalore,"1,645",-2,Need to Check
5000010,42,"September 15, 2026","4,488","23,600",South 1,Bangalore,"4,603",-2,Need to Check
5000010,43,"September 15, 2026","4,488","23,600",South 1,Bangalore,"4,603",-2,Need to Check
6809984,21,"September 21, 2026","1,243","20,000",North 2,Ayodhya,"1,286",-2,Need to Check
6809984,22,"September 21, 2026","1,243","20,000",North 2,Ayodhya,"1,286",-2,Need to Check
6809984,23,"September 21, 2026","1,243","20,000",North 2,Ayodhya,"1,286",-2,Need to Check
6809984,24,"September 21, 2026","1,243","20,000",North 2,Ayodhya,"1,286",-2,Need to Check
6809984,39,"September 21, 2026","1,243","20,000",North 2,Ayodhya,"1,286",-2,Need to Check
6809984,40,"September 21, 2026","1,243","20,000",North 2,Ayodhya,"1,286",-2,Need to Check
6809984,83,"September 21, 2026","1,243","20,000",North 2,Ayodhya,"1,286",-2,Need to Check
0045959,27,"September 20, 2026","2,387","20,000",South 2,Hyderabad,"2,500",-3,Need to Check
0045959,27,"September 22, 2026","2,394","20,000",South 2,Hyderabad,"2,500",-3,Need to Check
0045959,28,"September 20, 2026","2,387","20,000",South 2,Hyderabad,"2,500",-3,Need to Check
0045959,28,"September 22, 2026","2,394","20,000",South 2,Hyderabad,"2,500",-3,Need to Check
0063794,17,"September 21, 2026","1,335","23,600",West,Indore,"1,397",-3,Need to Check
0063794,18,"September 21, 2026","1,335","23,600",West,Indore,"1,397",-3,Need to Check
0063794,19,"September 21, 2026","1,473","23,600",West,Indore,"1,535",-3,Need to Check
0063794,20,"September 21, 2026","1,473","23,600",West,Indore,"1,535",-3,Need to Check
0063794,21,"September 21, 2026","1,611","23,600",West,Indore,"1,684",-3,Need to Check
0063794,22,"September 21, 2026","1,611","23,600",West,Indore,"1,684",-3,Need to Check
0063794,23,"September 21, 2026","1,749","23,600",West,Indore,"1,814",-3,Need to Check
0063794,24,"September 21, 2026","1,749","23,600",West,Indore,"1,814",-3,Need to Check
0063794,39,"September 21, 2026","1,611","23,600",West,Indore,"1,684",-3,Need to Check
0063794,40,"September 21, 2026","1,749","23,600",West,Indore,"1,814",-3,Need to Check
0063794,50,"September 21, 2026","1,335","23,600",West,Indore,"1,397",-3,Need to Check
0063794,83,"September 21, 2026","1,611","23,600",West,Indore,"1,684",-3,Need to Check
0124913,25,"September 21, 2026","2,133","23,600",North 2,Dehradun,"2,229",-3,Need to Check
0124913,25,"September 22, 2026","2,133","23,600",North 2,Dehradun,"2,229",-3,Need to Check
0124913,25,"September 23, 2026","2,133","23,600",North 2,Dehradun,"2,229",-3,Need to Check
0124913,25,"September 24, 2026","2,133","23,600",North 2,Dehradun,"2,229",-3,Need to Check
0124913,26,"September 21, 2026","2,133","23,600",North 2,Dehradun,"2,229",-3,Need to Check
0124913,26,"September 22, 2026","2,133","23,600",North 2,Dehradun,"2,229",-3,Need to Check
0124913,26,"September 23, 2026","2,133","23,600",North 2,Dehradun,"2,229",-3,Need to Check
0124913,26,"September 24, 2026","2,133","23,600",North 2,Dehradun,"2,229",-3,Need to Check
0124913,29,"September 21, 2026","2,202","23,600",North 2,Dehradun,"2,299",-3,Need to Check
0124913,29,"September 22, 2026","2,202","23,600",North 2,Dehradun,"2,299",-3,Need to Check
0124913,29,"September 23, 2026","2,202","23,600",North 2,Dehradun,"2,299",-3,Need to Check
0124913,29,"September 24, 2026","2,202","23,600",North 2,Dehradun,"2,299",-3,Need to Check
0124913,30,"September 21, 2026","2,202","23,600",North 2,Dehradun,"2,299",-3,Need to Check
0124913,30,"September 22, 2026","2,202","23,600",North 2,Dehradun,"2,299",-3,Need to Check
0124913,30,"September 23, 2026","2,202","23,600",North 2,Dehradun,"2,299",-3,Need to Check
0124913,30,"September 24, 2026","2,202","23,600",North 2,Dehradun,"2,299",-3,Need to Check
0124913,31,"September 21, 2026","2,202","23,600",North 2,Dehradun,"2,299",-3,Need to Check
0124913,31,"September 22, 2026","2,202","23,600",North 2,Dehradun,"2,299",-3,Need to Check
0124913,31,"September 23, 2026","2,202","23,600",North 2,Dehradun,"2,299",-3,Need to Check
0124913,31,"September 24, 2026","2,202","23,600",North 2,Dehradun,"2,299",-3,Need to Check
0124913,32,"September 21, 2026","2,271","23,600",North 2,Dehradun,"2,369",-3,Need to Check
0124913,32,"September 22, 2026","2,271","23,600",North 2,Dehradun,"2,369",-3,Need to Check
0124913,32,"September 23, 2026","2,271","23,600",North 2,Dehradun,"2,369",-3,Need to Check
0124913,32,"September 24, 2026","2,271","23,600",North 2,Dehradun,"2,369",-3,Need to Check
0124913,33,"September 21, 2026","2,271","23,600",North 2,Dehradun,"2,369",-3,Need to Check
0124913,33,"September 22, 2026","2,271","23,600",North 2,Dehradun,"2,369",-3,Need to Check
0124913,33,"September 23, 2026","2,271","23,600",North 2,Dehradun,"2,369",-3,Need to Check
0124913,33,"September 24, 2026","2,271","23,600",North 2,Dehradun,"2,369",-3,Need to Check
0124913,34,"September 21, 2026","2,271","23,600",North 2,Dehradun,"2,369",-3,Need to Check
0124913,34,"September 22, 2026","2,271","23,600",North 2,Dehradun,"2,369",-3,Need to Check
0124913,34,"September 23, 2026","2,271","23,600",North 2,Dehradun,"2,369",-3,Need to Check
0124913,34,"September 24, 2026","2,271","23,600",North 2,Dehradun,"2,369",-3,Need to Check
0124913,35,"September 21, 2026","2,616","23,600",North 2,Dehradun,"2,719",-3,Need to Check
0124913,35,"September 22, 2026","2,616","23,600",North 2,Dehradun,"2,719",-3,Need to Check
0124913,35,"September 23, 2026","2,616","23,600",North 2,Dehradun,"2,719",-3,Need to Check
0124913,35,"September 24, 2026","2,616","23,600",North 2,Dehradun,"2,719",-3,Need to Check
0124913,36,"September 21, 2026","2,616","23,600",North 2,Dehradun,"2,719",-3,Need to Check
0124913,36,"September 22, 2026","2,616","23,600",North 2,Dehradun,"2,719",-3,Need to Check
0124913,36,"September 23, 2026","2,616","23,600",North 2,Dehradun,"2,719",-3,Need to Check
0124913,36,"September 24, 2026","2,616","23,600",North 2,Dehradun,"2,719",-3,Need to Check
0124913,57,"September 21, 2026","2,202","23,600",North 2,Dehradun,"2,299",-3,Need to Check
0124913,57,"September 22, 2026","2,202","23,600",North 2,Dehradun,"2,299",-3,Need to Check
0124913,57,"September 23, 2026","2,202","23,600",North 2,Dehradun,"2,299",-3,Need to Check
0124913,57,"September 24, 2026","2,202","23,600",North 2,Dehradun,"2,299",-3,Need to Check
0242206,27,"September 21, 2026","2,875","23,600",South 2,Chennai,"3,019",-3,Need to Check
0242206,28,"September 21, 2026","2,875","23,600",South 2,Chennai,"3,019",-3,Need to Check
0243252,23,"September 20, 2026","2,705","20,000",South 2,Chennai,"2,821",-3,Need to Check
0243252,23,"September 21, 2026","2,709","20,000",South 2,Chennai,"2,821",-3,Need to Check
0243252,24,"September 20, 2026","2,705","20,000",South 2,Chennai,"2,821",-3,Need to Check
0243252,24,"September 21, 2026","2,709","20,000",South 2,Chennai,"2,821",-3,Need to Check
0245564,19,"September 23, 2026","2,761","20,000",South 2,Chennai,"2,879",-3,Need to Check
0245564,19,"September 24, 2026","2,761","20,000",South 2,Chennai,"2,879",-3,Need to Check
0245564,20,"September 23, 2026","2,761","20,000",South 2,Chennai,"2,879",-3,Need to Check
0245564,20,"September 24, 2026","2,761","20,000",South 2,Chennai,"2,879",-3,Need to Check
0295705,19,"September 20, 2026","2,397","23,600",South 2,Visakhapatnam,"2,485",-3,Need to Check
0295705,20,"September 20, 2026","2,397","23,600",South 2,Visakhapatnam,"2,485",-3,Need to Check
0295705,21,"September 20, 2026","2,328","23,600",South 2,Visakhapatnam,"2,420",-3,Need to Check
0295705,22,"September 20, 2026","2,328","23,600",South 2,Visakhapatnam,"2,420",-3,Need to Check
0295705,39,"September 20, 2026","2,328","23,600",South 2,Visakhapatnam,"2,420",-3,Need to Check
0295705,51,"September 20, 2026","2,397","23,600",South 2,Visakhapatnam,"2,485",-3,Need to Check
0295705,83,"September 20, 2026","2,328","23,600",South 2,Visakhapatnam,"2,420",-3,Need to Check
0295705,97,"September 20, 2026","2,328","23,600",South 2,Visakhapatnam,"2,420",-3,Need to Check
0616586,27,"September 26, 2026","2,563","23,600",East,Bhubaneswar,"2,662",-3,Need to Check
1104342,21,"September 21, 2026","1,700","32,861",North 2,Haridwar,"1,762",-3,Need to Check
1104342,22,"September 21, 2026","1,700","32,861",North 2,Haridwar,"1,762",-3,Need to Check
1104342,39,"September 21, 2026","1,700","32,861",North 2,Haridwar,"1,762",-3,Need to Check
1104342,83,"September 21, 2026","1,700","32,861",North 2,Haridwar,"1,762",-3,Need to Check
1104841,25,"September 15, 2026","1,379","27,848",North 2,Haridwar,"1,433",-3,Need to Check
1104841,26,"September 15, 2026","1,379","27,848",North 2,Haridwar,"1,433",-3,Need to Check
1115459,15,"September 15, 2026","1,118","20,000",North 2,Nainital,"1,163",-3,Need to Check
1115459,38,"September 15, 2026","1,118","20,000",North 2,Nainital,"1,163",-3,Need to Check
1115459,76,"September 15, 2026","1,118","20,000",North 2,Nainital,"1,163",-3,Need to Check
1125534,32,"September 21, 2026","2,180","23,600",North 2,Dehradun,"2,266",-3,Need to Check
1125534,33,"September 21, 2026","2,180","23,600",North 2,Dehradun,"2,266",-3,Need to Check
1125534,34,"September 21, 2026","2,180","23,600",North 2,Dehradun,"2,266",-3,Need to Check
1125534,58,"September 21, 2026","2,180","23,600",North 2,Dehradun,"2,266",-3,Need to Check
1145293,17,"November 4, 2026","1,418","23,600",East,Ranchi,"1,487",-3,Need to Check
1145293,17,"November 5, 2026","1,418","23,600",East,Ranchi,"1,487",-3,Need to Check
1145293,17,"November 6, 2026","1,418","23,600",East,Ranchi,"1,487",-3,Need to Check
1145293,18,"November 4, 2026","1,418","23,600",East,Ranchi,"1,487",-3,Need to Check
1145293,18,"November 5, 2026","1,418","23,600",East,Ranchi,"1,487",-3,Need to Check
1145293,18,"November 6, 2026","1,418","23,600",East,Ranchi,"1,487",-3,Need to Check
1145293,19,"November 4, 2026","1,521","23,600",East,Ranchi,"1,584",-3,Need to Check
1145293,19,"November 5, 2026","1,521","23,600",East,Ranchi,"1,584",-3,Need to Check
1145293,19,"November 6, 2026","1,521","23,600",East,Ranchi,"1,584",-3,Need to Check
1145293,19,"December 10, 2026","1,510","23,600",East,Ranchi,"1,584",-3,Need to Check
1145293,19,"December 11, 2026","1,510","23,600",East,Ranchi,"1,584",-3,Need to Check
1145293,20,"November 4, 2026","1,521","23,600",East,Ranchi,"1,584",-3,Need to Check
1145293,20,"November 5, 2026","1,521","23,600",East,Ranchi,"1,584",-3,Need to Check
1145293,20,"November 6, 2026","1,521","23,600",East,Ranchi,"1,584",-3,Need to Check
1145293,20,"December 10, 2026","1,510","23,600",East,Ranchi,"1,584",-3,Need to Check
1145293,20,"December 11, 2026","1,510","23,600",East,Ranchi,"1,584",-3,Need to Check
1145293,21,"November 4, 2026","1,556","23,600",East,Ranchi,"1,617",-3,Need to Check
1145293,21,"November 5, 2026","1,556","23,600",East,Ranchi,"1,617",-3,Need to Check
1145293,21,"November 6, 2026","1,556","23,600",East,Ranchi,"1,617",-3,Need to Check
1145293,21,"December 10, 2026","1,544","23,600",East,Ranchi,"1,617",-3,Need to Check
1145293,21,"December 11, 2026","1,544","23,600",East,Ranchi,"1,617",-3,Need to Check
1145293,22,"November 4, 2026","1,556","23,600",East,Ranchi,"1,617",-3,Need to Check
1145293,22,"November 5, 2026","1,556","23,600",East,Ranchi,"1,617",-3,Need to Check
1145293,22,"November 6, 2026","1,556","23,600",East,Ranchi,"1,617",-3,Need to Check
1145293,22,"December 10, 2026","1,544","23,600",East,Ranchi,"1,617",-3,Need to Check
1145293,22,"December 11, 2026","1,544","23,600",East,Ranchi,"1,617",-3,Need to Check
1145293,23,"December 10, 2026","1,648","23,600",East,Ranchi,"1,714",-3,Need to Check
1145293,23,"December 11, 2026","1,648","23,600",East,Ranchi,"1,714",-3,Need to Check
1145293,24,"December 10, 2026","1,648","23,600",East,Ranchi,"1,714",-3,Need to Check
1145293,24,"December 11, 2026","1,648","23,600",East,Ranchi,"1,714",-3,Need to Check
1145293,25,"October 31, 2026","1,833","23,600",East,Ranchi,"1,909",-3,Need to Check
1145293,25,"November 1, 2026","1,833","23,600",East,Ranchi,"1,909",-3,Need to Check
1145293,25,"November 2, 2026","1,833","23,600",East,Ranchi,"1,909",-3,Need to Check
1145293,25,"November 3, 2026","1,833","23,600",East,Ranchi,"1,909",-3,Need to Check
1145293,25,"November 7, 2026","1,833","23,600",East,Ranchi,"1,909",-3,Need to Check
1145293,25,"November 8, 2026","1,833","23,600",East,Ranchi,"1,909",-3,Need to Check
1145293,25,"November 9, 2026","1,833","23,600",East,Ranchi,"1,909",-3,Need to Check
1145293,25,"November 10, 2026","1,833","23,600",East,Ranchi,"1,909",-3,Need to Check
1145293,25,"November 11, 2026","1,833","23,600",East,Ranchi,"1,909",-3,Need to Check
1145293,25,"November 12, 2026","1,833","23,600",East,Ranchi,"1,909",-3,Need to Check
1145293,25,"November 13, 2026","1,833","23,600",East,Ranchi,"1,909",-3,Need to Check
1145293,25,"November 14, 2026","1,833","23,600",East,Ranchi,"1,909",-3,Need to Check
1145293,25,"November 15, 2026","1,833","23,600",East,Ranchi,"1,909",-3,Need to Check
1145293,25,"November 16, 2026","1,833","23,600",East,Ranchi,"1,909",-3,Need to Check
1145293,25,"November 17, 2026","1,833","23,600",East,Ranchi,"1,909",-3,Need to Check
1145293,25,"November 18, 2026","1,833","23,600",East,Ranchi,"1,909",-3,Need to Check
1145293,25,"November 19, 2026","1,833","23,600",East,Ranchi,"1,909",-3,Need to Check
1145293,25,"November 20, 2026","1,833","23,600",East,Ranchi,"1,909",-3,Need to Check
1145293,25,"November 21, 2026","1,833","23,600",East,Ranchi,"1,909",-3,Need to Check
1145293,25,"November 22, 2026","1,833","23,600",East,Ranchi,"1,909",-3,Need to Check
1145293,25,"November 25, 2026","1,833","23,600",East,Ranchi,"1,909",-3,Need to Check
1145293,25,"November 26, 2026","1,833","23,600",East,Ranchi,"1,909",-3,Need to Check
1145293,25,"November 27, 2026","1,833","23,600",East,Ranchi,"1,909",-3,Need to Check
1145293,25,"November 28, 2026","1,833","23,600",East,Ranchi,"1,909",-3,Need to Check
1145293,25,"November 29, 2026","1,833","23,600",East,Ranchi,"1,909",-3,Need to Check
1145293,25,"December 3, 2026","1,833","23,600",East,Ranchi,"1,909",-3,Need to Check
1145293,25,"December 4, 2026","1,833","23,600",East,Ranchi,"1,909",-3,Need to Check
1145293,25,"December 5, 2026","1,833","23,600",East,Ranchi,"1,909",-3,Need to Check
1145293,25,"December 6, 2026","1,833","23,600",East,Ranchi,"1,909",-3,Need to Check
1145293,25,"December 7, 2026","1,833","23,600",East,Ranchi,"1,909",-3,Need to Check
1145293,25,"December 8, 2026","1,833","23,600",East,Ranchi,"1,909",-3,Need to Check
1145293,25,"December 9, 2026","1,833","23,600",East,Ranchi,"1,909",-3,Need to Check
1145293,25,"December 12, 2026","1,833","23,600",East,Ranchi,"1,909",-3,Need to Check
1145293,25,"December 13, 2026","1,833","23,600",East,Ranchi,"1,909",-3,Need to Check
1145293,25,"December 14, 2026","1,833","23,600",East,Ranchi,"1,909",-3,Need to Check
1145293,26,"October 31, 2026","1,833","23,600",East,Ranchi,"1,909",-3,Need to Check
1145293,26,"November 1, 2026","1,833","23,600",East,Ranchi,"1,909",-3,Need to Check
1145293,26,"November 2, 2026","1,833","23,600",East,Ranchi,"1,909",-3,Need to Check
1145293,26,"November 3, 2026","1,833","23,600",East,Ranchi,"1,909",-3,Need to Check
1145293,26,"November 7, 2026","1,833","23,600",East,Ranchi,"1,909",-3,Need to Check
1145293,26,"November 8, 2026","1,833","23,600",East,Ranchi,"1,909",-3,Need to Check
1145293,26,"November 9, 2026","1,833","23,600",East,Ranchi,"1,909",-3,Need to Check
1145293,26,"November 10, 2026","1,833","23,600",East,Ranchi,"1,909",-3,Need to Check
1145293,26,"November 11, 2026","1,833","23,600",East,Ranchi,"1,909",-3,Need to Check
1145293,26,"November 12, 2026","1,833","23,600",East,Ranchi,"1,909",-3,Need to Check
1145293,26,"November 13, 2026","1,833","23,600",East,Ranchi,"1,909",-3,Need to Check
1145293,26,"November 14, 2026","1,833","23,600",East,Ranchi,"1,909",-3,Need to Check
1145293,26,"November 15, 2026","1,833","23,600",East,Ranchi,"1,909",-3,Need to Check
1145293,26,"November 16, 2026","1,833","23,600",East,Ranchi,"1,909",-3,Need to Check
1145293,26,"November 17, 2026","1,833","23,600",East,Ranchi,"1,909",-3,Need to Check
1145293,26,"November 18, 2026","1,833","23,600",East,Ranchi,"1,909",-3,Need to Check
1145293,26,"November 19, 2026","1,833","23,600",East,Ranchi,"1,909",-3,Need to Check
1145293,26,"November 20, 2026","1,833","23,600",East,Ranchi,"1,909",-3,Need to Check
1145293,26,"November 21, 2026","1,833","23,600",East,Ranchi,"1,909",-3,Need to Check
1145293,26,"November 22, 2026","1,833","23,600",East,Ranchi,"1,909",-3,Need to Check
1145293,26,"November 25, 2026","1,833","23,600",East,Ranchi,"1,909",-3,Need to Check
1145293,26,"November 26, 2026","1,833","23,600",East,Ranchi,"1,909",-3,Need to Check
1145293,26,"November 27, 2026","1,833","23,600",East,Ranchi,"1,909",-3,Need to Check
1145293,26,"November 28, 2026","1,833","23,600",East,Ranchi,"1,909",-3,Need to Check
1145293,26,"November 29, 2026","1,833","23,600",East,Ranchi,"1,909",-3,Need to Check
1145293,26,"December 3, 2026","1,833","23,600",East,Ranchi,"1,909",-3,Need to Check
1145293,26,"December 4, 2026","1,833","23,600",East,Ranchi,"1,909",-3,Need to Check
1145293,26,"December 5, 2026","1,833","23,600",East,Ranchi,"1,909",-3,Need to Check
1145293,26,"December 6, 2026","1,833","23,600",East,Ranchi,"1,909",-3,Need to Check
1145293,26,"December 7, 2026","1,833","23,600",East,Ranchi,"1,909",-3,Need to Check
1145293,26,"December 8, 2026","1,833","23,600",East,Ranchi,"1,909",-3,Need to Check
1145293,26,"December 9, 2026","1,833","23,600",East,Ranchi,"1,909",-3,Need to Check
1145293,26,"December 12, 2026","1,833","23,600",East,Ranchi,"1,909",-3,Need to Check
1145293,26,"December 13, 2026","1,833","23,600",East,Ranchi,"1,909",-3,Need to Check
1145293,26,"December 14, 2026","1,833","23,600",East,Ranchi,"1,909",-3,Need to Check
1145293,29,"October 31, 2026","1,730","23,600",East,Ranchi,"1,812",-3,Need to Check
1145293,29,"November 1, 2026","1,730","23,600",East,Ranchi,"1,812",-3,Need to Check
1145293,29,"November 2, 2026","1,730","23,600",East,Ranchi,"1,812",-3,Need to Check
1145293,29,"November 3, 2026","1,730","23,600",East,Ranchi,"1,812",-3,Need to Check
1145293,29,"November 7, 2026","1,730","23,600",East,Ranchi,"1,812",-3,Need to Check
1145293,29,"November 8, 2026","1,730","23,600",East,Ranchi,"1,812",-3,Need to Check
1145293,29,"November 9, 2026","1,730","23,600",East,Ranchi,"1,812",-3,Need to Check
1145293,29,"November 10, 2026","1,730","23,600",East,Ranchi,"1,812",-3,Need to Check
1145293,29,"November 11, 2026","1,730","23,600",East,Ranchi,"1,812",-3,Need to Check
1145293,29,"November 12, 2026","1,730","23,600",East,Ranchi,"1,812",-3,Need to Check
1145293,29,"November 13, 2026","1,730","23,600",East,Ranchi,"1,812",-3,Need to Check
1145293,29,"November 14, 2026","1,730","23,600",East,Ranchi,"1,812",-3,Need to Check
1145293,29,"November 15, 2026","1,730","23,600",East,Ranchi,"1,812",-3,Need to Check
1145293,29,"November 16, 2026","1,730","23,600",East,Ranchi,"1,812",-3,Need to Check
1145293,29,"November 17, 2026","1,730","23,600",East,Ranchi,"1,812",-3,Need to Check
1145293,29,"November 18, 2026","1,730","23,600",East,Ranchi,"1,812",-3,Need to Check
1145293,29,"November 19, 2026","1,730","23,600",East,Ranchi,"1,812",-3,Need to Check
1145293,29,"November 20, 2026","1,730","23,600",East,Ranchi,"1,812",-3,Need to Check
1145293,29,"November 21, 2026","1,730","23,600",East,Ranchi,"1,812",-3,Need to Check
1145293,29,"November 22, 2026","1,730","23,600",East,Ranchi,"1,812",-3,Need to Check
1145293,29,"November 25, 2026","1,730","23,600",East,Ranchi,"1,812",-3,Need to Check
1145293,29,"November 26, 2026","1,730","23,600",East,Ranchi,"1,812",-3,Need to Check
1145293,29,"November 27, 2026","1,730","23,600",East,Ranchi,"1,812",-3,Need to Check
1145293,29,"November 28, 2026","1,730","23,600",East,Ranchi,"1,812",-3,Need to Check
1145293,29,"November 29, 2026","1,730","23,600",East,Ranchi,"1,812",-3,Need to Check
1145293,29,"December 3, 2026","1,730","23,600",East,Ranchi,"1,812",-3,Need to Check
1145293,29,"December 4, 2026","1,730","23,600",East,Ranchi,"1,812",-3,Need to Check
1145293,29,"December 5, 2026","1,730","23,600",East,Ranchi,"1,812",-3,Need to Check
1145293,29,"December 6, 2026","1,730","23,600",East,Ranchi,"1,812",-3,Need to Check
1145293,29,"December 7, 2026","1,730","23,600",East,Ranchi,"1,812",-3,Need to Check
1145293,29,"December 8, 2026","1,730","23,600",East,Ranchi,"1,812",-3,Need to Check
1145293,29,"December 9, 2026","1,730","23,600",East,Ranchi,"1,812",-3,Need to Check
1145293,29,"December 12, 2026","1,730","23,600",East,Ranchi,"1,812",-3,Need to Check
1145293,29,"December 13, 2026","1,730","23,600",East,Ranchi,"1,812",-3,Need to Check
1145293,29,"December 14, 2026","1,730","23,600",East,Ranchi,"1,812",-3,Need to Check
1145293,30,"October 31, 2026","1,730","23,600",East,Ranchi,"1,812",-3,Need to Check
1145293,30,"November 1, 2026","1,730","23,600",East,Ranchi,"1,812",-3,Need to Check
1145293,30,"November 2, 2026","1,730","23,600",East,Ranchi,"1,812",-3,Need to Check
1145293,30,"November 3, 2026","1,730","23,600",East,Ranchi,"1,812",-3,Need to Check
1145293,30,"November 7, 2026","1,730","23,600",East,Ranchi,"1,812",-3,Need to Check
1145293,30,"November 8, 2026","1,730","23,600",East,Ranchi,"1,812",-3,Need to Check
1145293,30,"November 9, 2026","1,730","23,600",East,Ranchi,"1,812",-3,Need to Check
1145293,30,"November 10, 2026","1,730","23,600",East,Ranchi,"1,812",-3,Need to Check
1145293,30,"November 11, 2026","1,730","23,600",East,Ranchi,"1,812",-3,Need to Check
1145293,30,"November 12, 2026","1,730","23,600",East,Ranchi,"1,812",-3,Need to Check
1145293,30,"November 13, 2026","1,730","23,600",East,Ranchi,"1,812",-3,Need to Check
1145293,30,"November 14, 2026","1,730","23,600",East,Ranchi,"1,812",-3,Need to Check
1145293,30,"November 15, 2026","1,730","23,600",East,Ranchi,"1,812",-3,Need to Check
1145293,30,"November 16, 2026","1,730","23,600",East,Ranchi,"1,812",-3,Need to Check
1145293,30,"November 17, 2026","1,730","23,600",East,Ranchi,"1,812",-3,Need to Check
1145293,30,"November 18, 2026","1,730","23,600",East,Ranchi,"1,812",-3,Need to Check
1145293,30,"November 19, 2026","1,730","23,600",East,Ranchi,"1,812",-3,Need to Check
1145293,30,"November 20, 2026","1,730","23,600",East,Ranchi,"1,812",-3,Need to Check
1145293,30,"November 21, 2026","1,730","23,600",East,Ranchi,"1,812",-3,Need to Check
1145293,30,"November 22, 2026","1,730","23,600",East,Ranchi,"1,812",-3,Need to Check
1145293,30,"November 25, 2026","1,730","23,600",East,Ranchi,"1,812",-3,Need to Check
1145293,30,"November 26, 2026","1,730","23,600",East,Ranchi,"1,812",-3,Need to Check
1145293,30,"November 27, 2026","1,730","23,600",East,Ranchi,"1,812",-3,Need to Check
1145293,30,"November 28, 2026","1,730","23,600",East,Ranchi,"1,812",-3,Need to Check
1145293,30,"November 29, 2026","1,730","23,600",East,Ranchi,"1,812",-3,Need to Check
1145293,30,"December 3, 2026","1,730","23,600",East,Ranchi,"1,812",-3,Need to Check
1145293,30,"December 4, 2026","1,730","23,600",East,Ranchi,"1,812",-3,Need to Check
1145293,30,"December 5, 2026","1,730","23,600",East,Ranchi,"1,812",-3,Need to Check
1145293,30,"December 6, 2026","1,730","23,600",East,Ranchi,"1,812",-3,Need to Check
1145293,30,"December 7, 2026","1,730","23,600",East,Ranchi,"1,812",-3,Need to Check
1145293,30,"December 8, 2026","1,730","23,600",East,Ranchi,"1,812",-3,Need to Check
1145293,30,"December 9, 2026","1,730","23,600",East,Ranchi,"1,812",-3,Need to Check
1145293,30,"December 12, 2026","1,730","23,600",East,Ranchi,"1,812",-3,Need to Check
1145293,30,"December 13, 2026","1,730","23,600",East,Ranchi,"1,812",-3,Need to Check
1145293,30,"December 14, 2026","1,730","23,600",East,Ranchi,"1,812",-3,Need to Check
1145293,31,"October 31, 2026","1,730","23,600",East,Ranchi,"1,812",-3,Need to Check
1145293,31,"November 1, 2026","1,730","23,600",East,Ranchi,"1,812",-3,Need to Check
1145293,31,"November 2, 2026","1,730","23,600",East,Ranchi,"1,812",-3,Need to Check
1145293,31,"November 3, 2026","1,730","23,600",East,Ranchi,"1,812",-3,Need to Check
1145293,31,"November 7, 2026","1,730","23,600",East,Ranchi,"1,812",-3,Need to Check
1145293,31,"November 8, 2026","1,730","23,600",East,Ranchi,"1,812",-3,Need to Check
1145293,31,"November 9, 2026","1,730","23,600",East,Ranchi,"1,812",-3,Need to Check
1145293,31,"November 10, 2026","1,730","23,600",East,Ranchi,"1,812",-3,Need to Check
1145293,31,"November 11, 2026","1,730","23,600",East,Ranchi,"1,812",-3,Need to Check
1145293,31,"November 12, 2026","1,730","23,600",East,Ranchi,"1,812",-3,Need to Check
1145293,31,"November 13, 2026","1,730","23,600",East,Ranchi,"1,812",-3,Need to Check
1145293,31,"November 14, 2026","1,730","23,600",East,Ranchi,"1,812",-3,Need to Check
1145293,31,"November 15, 2026","1,730","23,600",East,Ranchi,"1,812",-3,Need to Check
1145293,31,"November 16, 2026","1,730","23,600",East,Ranchi,"1,812",-3,Need to Check
1145293,31,"November 17, 2026","1,730","23,600",East,Ranchi,"1,812",-3,Need to Check
1145293,31,"November 18, 2026","1,730","23,600",East,Ranchi,"1,812",-3,Need to Check
1145293,31,"November 19, 2026","1,730","23,600",East,Ranchi,"1,812",-3,Need to Check
1145293,31,"November 20, 2026","1,730","23,600",East,Ranchi,"1,812",-3,Need to Check
1145293,31,"November 21, 2026","1,730","23,600",East,Ranchi,"1,812",-3,Need to Check
1145293,31,"November 22, 2026","1,730","23,600",East,Ranchi,"1,812",-3,Need to Check
1145293,31,"November 25, 2026","1,730","23,600",East,Ranchi,"1,812",-3,Need to Check
1145293,31,"November 26, 2026","1,730","23,600",East,Ranchi,"1,812",-3,Need to Check
1145293,31,"November 27, 2026","1,730","23,600",East,Ranchi,"1,812",-3,Need to Check
1145293,31,"November 28, 2026","1,730","23,600",East,Ranchi,"1,812",-3,Need to Check
1145293,31,"November 29, 2026","1,730","23,600",East,Ranchi,"1,812",-3,Need to Check
1145293,31,"December 3, 2026","1,730","23,600",East,Ranchi,"1,812",-3,Need to Check
1145293,31,"December 4, 2026","1,730","23,600",East,Ranchi,"1,812",-3,Need to Check
1145293,31,"December 5, 2026","1,730","23,600",East,Ranchi,"1,812",-3,Need to Check
1145293,31,"December 6, 2026","1,730","23,600",East,Ranchi,"1,812",-3,Need to Check
1145293,31,"December 7, 2026","1,730","23,600",East,Ranchi,"1,812",-3,Need to Check
1145293,31,"December 8, 2026","1,730","23,600",East,Ranchi,"1,812",-3,Need to Check
1145293,31,"December 9, 2026","1,730","23,600",East,Ranchi,"1,812",-3,Need to Check
1145293,31,"December 12, 2026","1,730","23,600",East,Ranchi,"1,812",-3,Need to Check
1145293,31,"December 13, 2026","1,730","23,600",East,Ranchi,"1,812",-3,Need to Check
1145293,31,"December 14, 2026","1,730","23,600",East,Ranchi,"1,812",-3,Need to Check
1145293,32,"October 31, 2026","1,868","23,600",East,Ranchi,"1,942",-3,Need to Check
1145293,32,"November 1, 2026","1,868","23,600",East,Ranchi,"1,942",-3,Need to Check
1145293,32,"November 2, 2026","1,868","23,600",East,Ranchi,"1,942",-3,Need to Check
1145293,32,"November 3, 2026","1,868","23,600",East,Ranchi,"1,942",-3,Need to Check
1145293,32,"November 7, 2026","1,868","23,600",East,Ranchi,"1,942",-3,Need to Check
1145293,32,"November 8, 2026","1,868","23,600",East,Ranchi,"1,942",-3,Need to Check
1145293,32,"November 9, 2026","1,868","23,600",East,Ranchi,"1,942",-3,Need to Check
1145293,32,"November 10, 2026","1,868","23,600",East,Ranchi,"1,942",-3,Need to Check
1145293,32,"November 11, 2026","1,868","23,600",East,Ranchi,"1,942",-3,Need to Check
1145293,32,"November 12, 2026","1,868","23,600",East,Ranchi,"1,942",-3,Need to Check
1145293,32,"November 13, 2026","1,868","23,600",East,Ranchi,"1,942",-3,Need to Check
1145293,32,"November 14, 2026","1,868","23,600",East,Ranchi,"1,942",-3,Need to Check
1145293,32,"November 15, 2026","1,868","23,600",East,Ranchi,"1,942",-3,Need to Check
1145293,32,"November 16, 2026","1,868","23,600",East,Ranchi,"1,942",-3,Need to Check
1145293,32,"November 17, 2026","1,868","23,600",East,Ranchi,"1,942",-3,Need to Check
1145293,32,"November 18, 2026","1,868","23,600",East,Ranchi,"1,942",-3,Need to Check
1145293,32,"November 19, 2026","1,868","23,600",East,Ranchi,"1,942",-3,Need to Check
1145293,32,"November 20, 2026","1,868","23,600",East,Ranchi,"1,942",-3,Need to Check
1145293,32,"November 21, 2026","1,868","23,600",East,Ranchi,"1,942",-3,Need to Check
1145293,32,"November 22, 2026","1,868","23,600",East,Ranchi,"1,942",-3,Need to Check
1145293,32,"November 25, 2026","1,868","23,600",East,Ranchi,"1,942",-3,Need to Check
1145293,32,"November 26, 2026","1,868","23,600",East,Ranchi,"1,942",-3,Need to Check
1145293,32,"November 27, 2026","1,868","23,600",East,Ranchi,"1,942",-3,Need to Check
1145293,32,"November 28, 2026","1,868","23,600",East,Ranchi,"1,942",-3,Need to Check
1145293,32,"November 29, 2026","1,868","23,600",East,Ranchi,"1,942",-3,Need to Check
1145293,32,"December 3, 2026","1,868","23,600",East,Ranchi,"1,942",-3,Need to Check
1145293,32,"December 4, 2026","1,868","23,600",East,Ranchi,"1,942",-3,Need to Check
1145293,32,"December 5, 2026","1,868","23,600",East,Ranchi,"1,942",-3,Need to Check
1145293,32,"December 6, 2026","1,868","23,600",East,Ranchi,"1,942",-3,Need to Check
1145293,32,"December 7, 2026","1,868","23,600",East,Ranchi,"1,942",-3,Need to Check
1145293,32,"December 8, 2026","1,868","23,600",East,Ranchi,"1,942",-3,Need to Check
1145293,32,"December 9, 2026","1,868","23,600",East,Ranchi,"1,942",-3,Need to Check
1145293,32,"December 12, 2026","1,868","23,600",East,Ranchi,"1,942",-3,Need to Check
1145293,32,"December 13, 2026","1,868","23,600",East,Ranchi,"1,942",-3,Need to Check
1145293,32,"December 14, 2026","1,868","23,600",East,Ranchi,"1,942",-3,Need to Check
1145293,33,"October 31, 2026","1,868","23,600",East,Ranchi,"1,942",-3,Need to Check
1145293,33,"November 1, 2026","1,868","23,600",East,Ranchi,"1,942",-3,Need to Check
1145293,33,"November 2, 2026","1,868","23,600",East,Ranchi,"1,942",-3,Need to Check
1145293,33,"November 3, 2026","1,868","23,600",East,Ranchi,"1,942",-3,Need to Check
1145293,33,"November 7, 2026","1,868","23,600",East,Ranchi,"1,942",-3,Need to Check
1145293,33,"November 8, 2026","1,868","23,600",East,Ranchi,"1,942",-3,Need to Check
1145293,33,"November 9, 2026","1,868","23,600",East,Ranchi,"1,942",-3,Need to Check
1145293,33,"November 10, 2026","1,868","23,600",East,Ranchi,"1,942",-3,Need to Check
1145293,33,"November 11, 2026","1,868","23,600",East,Ranchi,"1,942",-3,Need to Check
1145293,33,"November 12, 2026","1,868","23,600",East,Ranchi,"1,942",-3,Need to Check
1145293,33,"November 13, 2026","1,868","23,600",East,Ranchi,"1,942",-3,Need to Check
1145293,33,"November 14, 2026","1,868","23,600",East,Ranchi,"1,942",-3,Need to Check
1145293,33,"November 15, 2026","1,868","23,600",East,Ranchi,"1,942",-3,Need to Check
1145293,33,"November 16, 2026","1,868","23,600",East,Ranchi,"1,942",-3,Need to Check
1145293,33,"November 17, 2026","1,868","23,600",East,Ranchi,"1,942",-3,Need to Check
1145293,33,"November 18, 2026","1,868","23,600",East,Ranchi,"1,942",-3,Need to Check
1145293,33,"November 19, 2026","1,868","23,600",East,Ranchi,"1,942",-3,Need to Check
1145293,33,"November 20, 2026","1,868","23,600",East,Ranchi,"1,942",-3,Need to Check
1145293,33,"November 21, 2026","1,868","23,600",East,Ranchi,"1,942",-3,Need to Check
1145293,33,"November 22, 2026","1,868","23,600",East,Ranchi,"1,942",-3,Need to Check
1145293,33,"November 25, 2026","1,868","23,600",East,Ranchi,"1,942",-3,Need to Check
1145293,33,"November 26, 2026","1,868","23,600",East,Ranchi,"1,942",-3,Need to Check
1145293,33,"November 27, 2026","1,868","23,600",East,Ranchi,"1,942",-3,Need to Check
1145293,33,"November 28, 2026","1,868","23,600",East,Ranchi,"1,942",-3,Need to Check
1145293,33,"November 29, 2026","1,868","23,600",East,Ranchi,"1,942",-3,Need to Check
1145293,33,"December 3, 2026","1,868","23,600",East,Ranchi,"1,942",-3,Need to Check
1145293,33,"December 4, 2026","1,868","23,600",East,Ranchi,"1,942",-3,Need to Check
1145293,33,"December 5, 2026","1,868","23,600",East,Ranchi,"1,942",-3,Need to Check
1145293,33,"December 6, 2026","1,868","23,600",East,Ranchi,"1,942",-3,Need to Check
1145293,33,"December 7, 2026","1,868","23,600",East,Ranchi,"1,942",-3,Need to Check
1145293,33,"December 8, 2026","1,868","23,600",East,Ranchi,"1,942",-3,Need to Check
1145293,33,"December 9, 2026","1,868","23,600",East,Ranchi,"1,942",-3,Need to Check
1145293,33,"December 12, 2026","1,868","23,600",East,Ranchi,"1,942",-3,Need to Check
1145293,33,"December 13, 2026","1,868","23,600",East,Ranchi,"1,942",-3,Need to Check
1145293,33,"December 14, 2026","1,868","23,600",East,Ranchi,"1,942",-3,Need to Check
1145293,34,"October 31, 2026","1,868","23,600",East,Ranchi,"1,942",-3,Need to Check
1145293,34,"November 1, 2026","1,868","23,600",East,Ranchi,"1,942",-3,Need to Check
1145293,34,"November 2, 2026","1,868","23,600",East,Ranchi,"1,942",-3,Need to Check
1145293,34,"November 3, 2026","1,868","23,600",East,Ranchi,"1,942",-3,Need to Check
1145293,34,"November 7, 2026","1,868","23,600",East,Ranchi,"1,942",-3,Need to Check
1145293,34,"November 8, 2026","1,868","23,600",East,Ranchi,"1,942",-3,Need to Check
1145293,34,"November 9, 2026","1,868","23,600",East,Ranchi,"1,942",-3,Need to Check
1145293,34,"November 10, 2026","1,868","23,600",East,Ranchi,"1,942",-3,Need to Check
1145293,34,"November 11, 2026","1,868","23,600",East,Ranchi,"1,942",-3,Need to Check
1145293,34,"November 12, 2026","1,868","23,600",East,Ranchi,"1,942",-3,Need to Check
1145293,34,"November 13, 2026","1,868","23,600",East,Ranchi,"1,942",-3,Need to Check
1145293,34,"November 14, 2026","1,868","23,600",East,Ranchi,"1,942",-3,Need to Check
1145293,34,"November 15, 2026","1,868","23,600",East,Ranchi,"1,942",-3,Need to Check
1145293,34,"November 16, 2026","1,868","23,600",East,Ranchi,"1,942",-3,Need to Check
1145293,34,"November 17, 2026","1,868","23,600",East,Ranchi,"1,942",-3,Need to Check
1145293,34,"November 18, 2026","1,868","23,600",East,Ranchi,"1,942",-3,Need to Check
1145293,34,"November 19, 2026","1,868","23,600",East,Ranchi,"1,942",-3,Need to Check
1145293,34,"November 20, 2026","1,868","23,600",East,Ranchi,"1,942",-3,Need to Check
1145293,34,"November 21, 2026","1,868","23,600",East,Ranchi,"1,942",-3,Need to Check
1145293,34,"November 22, 2026","1,868","23,600",East,Ranchi,"1,942",-3,Need to Check
1145293,34,"November 25, 2026","1,868","23,600",East,Ranchi,"1,942",-3,Need to Check
1145293,34,"November 26, 2026","1,868","23,600",East,Ranchi,"1,942",-3,Need to Check
1145293,34,"November 27, 2026","1,868","23,600",East,Ranchi,"1,942",-3,Need to Check
1145293,34,"November 28, 2026","1,868","23,600",East,Ranchi,"1,942",-3,Need to Check
1145293,34,"November 29, 2026","1,868","23,600",East,Ranchi,"1,942",-3,Need to Check
1145293,34,"December 3, 2026","1,868","23,600",East,Ranchi,"1,942",-3,Need to Check
1145293,34,"December 4, 2026","1,868","23,600",East,Ranchi,"1,942",-3,Need to Check
1145293,34,"December 5, 2026","1,868","23,600",East,Ranchi,"1,942",-3,Need to Check
1145293,34,"December 6, 2026","1,868","23,600",East,Ranchi,"1,942",-3,Need to Check
1145293,34,"December 7, 2026","1,868","23,600",East,Ranchi,"1,942",-3,Need to Check
1145293,34,"December 8, 2026","1,868","23,600",East,Ranchi,"1,942",-3,Need to Check
1145293,34,"December 9, 2026","1,868","23,600",East,Ranchi,"1,942",-3,Need to Check
1145293,34,"December 12, 2026","1,868","23,600",East,Ranchi,"1,942",-3,Need to Check
1145293,34,"December 13, 2026","1,868","23,600",East,Ranchi,"1,942",-3,Need to Check
1145293,34,"December 14, 2026","1,868","23,600",East,Ranchi,"1,942",-3,Need to Check
1145293,39,"November 4, 2026","1,556","23,600",East,Ranchi,"1,617",-3,Need to Check
1145293,39,"November 5, 2026","1,556","23,600",East,Ranchi,"1,617",-3,Need to Check
1145293,39,"November 6, 2026","1,556","23,600",East,Ranchi,"1,617",-3,Need to Check
1145293,39,"December 10, 2026","1,544","23,600",East,Ranchi,"1,617",-3,Need to Check
1145293,39,"December 11, 2026","1,544","23,600",East,Ranchi,"1,617",-3,Need to Check
1145293,40,"December 10, 2026","1,648","23,600",East,Ranchi,"1,714",-3,Need to Check
1145293,40,"December 11, 2026","1,648","23,600",East,Ranchi,"1,714",-3,Need to Check
1145293,50,"November 4, 2026","1,418","23,600",East,Ranchi,"1,487",-3,Need to Check
1145293,50,"November 5, 2026","1,418","23,600",East,Ranchi,"1,487",-3,Need to Check
1145293,50,"November 6, 2026","1,418","23,600",East,Ranchi,"1,487",-3,Need to Check
1145293,51,"November 4, 2026","1,521","23,600",East,Ranchi,"1,584",-3,Need to Check
1145293,51,"November 5, 2026","1,521","23,600",East,Ranchi,"1,584",-3,Need to Check
1145293,51,"November 6, 2026","1,521","23,600",East,Ranchi,"1,584",-3,Need to Check
1145293,51,"December 10, 2026","1,510","23,600",East,Ranchi,"1,584",-3,Need to Check
1145293,51,"December 11, 2026","1,510","23,600",East,Ranchi,"1,584",-3,Need to Check
1145293,57,"October 31, 2026","1,730","23,600",East,Ranchi,"1,812",-3,Need to Check
1145293,57,"November 1, 2026","1,730","23,600",East,Ranchi,"1,812",-3,Need to Check
1145293,57,"November 2, 2026","1,730","23,600",East,Ranchi,"1,812",-3,Need to Check
1145293,57,"November 3, 2026","1,730","23,600",East,Ranchi,"1,812",-3,Need to Check
1145293,57,"November 7, 2026","1,730","23,600",East,Ranchi,"1,812",-3,Need to Check
1145293,57,"November 8, 2026","1,730","23,600",East,Ranchi,"1,812",-3,Need to Check
1145293,57,"November 9, 2026","1,730","23,600",East,Ranchi,"1,812",-3,Need to Check
1145293,57,"November 10, 2026","1,730","23,600",East,Ranchi,"1,812",-3,Need to Check
1145293,57,"November 11, 2026","1,730","23,600",East,Ranchi,"1,812",-3,Need to Check
1145293,57,"November 12, 2026","1,730","23,600",East,Ranchi,"1,812",-3,Need to Check
1145293,57,"November 13, 2026","1,730","23,600",East,Ranchi,"1,812",-3,Need to Check
1145293,57,"November 14, 2026","1,730","23,600",East,Ranchi,"1,812",-3,Need to Check
1145293,57,"November 15, 2026","1,730","23,600",East,Ranchi,"1,812",-3,Need to Check
1145293,57,"November 16, 2026","1,730","23,600",East,Ranchi,"1,812",-3,Need to Check
1145293,57,"November 17, 2026","1,730","23,600",East,Ranchi,"1,812",-3,Need to Check
1145293,57,"November 18, 2026","1,730","23,600",East,Ranchi,"1,812",-3,Need to Check
1145293,57,"November 19, 2026","1,730","23,600",East,Ranchi,"1,812",-3,Need to Check
1145293,57,"November 20, 2026","1,730","23,600",East,Ranchi,"1,812",-3,Need to Check
1145293,57,"November 21, 2026","1,730","23,600",East,Ranchi,"1,812",-3,Need to Check
1145293,57,"November 22, 2026","1,730","23,600",East,Ranchi,"1,812",-3,Need to Check
1145293,57,"November 25, 2026","1,730","23,600",East,Ranchi,"1,812",-3,Need to Check
1145293,57,"November 26, 2026","1,730","23,600",East,Ranchi,"1,812",-3,Need to Check
1145293,57,"November 27, 2026","1,730","23,600",East,Ranchi,"1,812",-3,Need to Check
1145293,57,"November 28, 2026","1,730","23,600",East,Ranchi,"1,812",-3,Need to Check
1145293,57,"November 29, 2026","1,730","23,600",East,Ranchi,"1,812",-3,Need to Check
1145293,57,"December 3, 2026","1,730","23,600",East,Ranchi,"1,812",-3,Need to Check
1145293,57,"December 4, 2026","1,730","23,600",East,Ranchi,"1,812",-3,Need to Check
1145293,57,"December 5, 2026","1,730","23,600",East,Ranchi,"1,812",-3,Need to Check
1145293,57,"December 6, 2026","1,730","23,600",East,Ranchi,"1,812",-3,Need to Check
1145293,57,"December 7, 2026","1,730","23,600",East,Ranchi,"1,812",-3,Need to Check
1145293,57,"December 8, 2026","1,730","23,600",East,Ranchi,"1,812",-3,Need to Check
1145293,57,"December 9, 2026","1,730","23,600",East,Ranchi,"1,812",-3,Need to Check
1145293,57,"December 12, 2026","1,730","23,600",East,Ranchi,"1,812",-3,Need to Check
1145293,57,"December 13, 2026","1,730","23,600",East,Ranchi,"1,812",-3,Need to Check
1145293,57,"December 14, 2026","1,730","23,600",East,Ranchi,"1,812",-3,Need to Check
1145293,58,"October 31, 2026","1,868","23,600",East,Ranchi,"1,942",-3,Need to Check
1145293,58,"November 1, 2026","1,868","23,600",East,Ranchi,"1,942",-3,Need to Check
1145293,58,"November 2, 2026","1,868","23,600",East,Ranchi,"1,942",-3,Need to Check
1145293,58,"November 3, 2026","1,868","23,600",East,Ranchi,"1,942",-3,Need to Check
1145293,58,"November 7, 2026","1,868","23,600",East,Ranchi,"1,942",-3,Need to Check
1145293,58,"November 8, 2026","1,868","23,600",East,Ranchi,"1,942",-3,Need to Check
1145293,58,"November 9, 2026","1,868","23,600",East,Ranchi,"1,942",-3,Need to Check
1145293,58,"November 10, 2026","1,868","23,600",East,Ranchi,"1,942",-3,Need to Check
1145293,58,"November 11, 2026","1,868","23,600",East,Ranchi,"1,942",-3,Need to Check
1145293,58,"November 12, 2026","1,868","23,600",East,Ranchi,"1,942",-3,Need to Check
1145293,58,"November 13, 2026","1,868","23,600",East,Ranchi,"1,942",-3,Need to Check
1145293,58,"November 14, 2026","1,868","23,600",East,Ranchi,"1,942",-3,Need to Check
1145293,58,"November 15, 2026","1,868","23,600",East,Ranchi,"1,942",-3,Need to Check
1145293,58,"November 16, 2026","1,868","23,600",East,Ranchi,"1,942",-3,Need to Check
1145293,58,"November 17, 2026","1,868","23,600",East,Ranchi,"1,942",-3,Need to Check
1145293,58,"November 18, 2026","1,868","23,600",East,Ranchi,"1,942",-3,Need to Check
1145293,58,"November 19, 2026","1,868","23,600",East,Ranchi,"1,942",-3,Need to Check
1145293,58,"November 20, 2026","1,868","23,600",East,Ranchi,"1,942",-3,Need to Check
1145293,58,"November 21, 2026","1,868","23,600",East,Ranchi,"1,942",-3,Need to Check
1145293,58,"November 22, 2026","1,868","23,600",East,Ranchi,"1,942",-3,Need to Check
1145293,58,"November 25, 2026","1,868","23,600",East,Ranchi,"1,942",-3,Need to Check
1145293,58,"November 26, 2026","1,868","23,600",East,Ranchi,"1,942",-3,Need to Check
1145293,58,"November 27, 2026","1,868","23,600",East,Ranchi,"1,942",-3,Need to Check
1145293,58,"November 28, 2026","1,868","23,600",East,Ranchi,"1,942",-3,Need to Check
1145293,58,"November 29, 2026","1,868","23,600",East,Ranchi,"1,942",-3,Need to Check
1145293,58,"December 3, 2026","1,868","23,600",East,Ranchi,"1,942",-3,Need to Check
1145293,58,"December 4, 2026","1,868","23,600",East,Ranchi,"1,942",-3,Need to Check
1145293,58,"December 5, 2026","1,868","23,600",East,Ranchi,"1,942",-3,Need to Check
1145293,58,"December 6, 2026","1,868","23,600",East,Ranchi,"1,942",-3,Need to Check
1145293,58,"December 7, 2026","1,868","23,600",East,Ranchi,"1,942",-3,Need to Check
1145293,58,"December 8, 2026","1,868","23,600",East,Ranchi,"1,942",-3,Need to Check
1145293,58,"December 9, 2026","1,868","23,600",East,Ranchi,"1,942",-3,Need to Check
1145293,58,"December 12, 2026","1,868","23,600",East,Ranchi,"1,942",-3,Need to Check
1145293,58,"December 13, 2026","1,868","23,600",East,Ranchi,"1,942",-3,Need to Check
1145293,58,"December 14, 2026","1,868","23,600",East,Ranchi,"1,942",-3,Need to Check
1145293,83,"November 4, 2026","1,556","23,600",East,Ranchi,"1,617",-3,Need to Check
1145293,83,"November 5, 2026","1,556","23,600",East,Ranchi,"1,617",-3,Need to Check
1145293,83,"November 6, 2026","1,556","23,600",East,Ranchi,"1,617",-3,Need to Check
1145293,83,"December 10, 2026","1,544","23,600",East,Ranchi,"1,617",-3,Need to Check
1145293,83,"December 11, 2026","1,544","23,600",East,Ranchi,"1,617",-3,Need to Check
1145293,87,"November 4, 2026","1,418","23,600",East,Ranchi,"1,487",-3,Need to Check
1145293,87,"November 5, 2026","1,418","23,600",East,Ranchi,"1,487",-3,Need to Check
1145293,87,"November 6, 2026","1,418","23,600",East,Ranchi,"1,487",-3,Need to Check
1145293,89,"October 31, 2026","1,730","23,600",East,Ranchi,"1,812",-3,Need to Check
1145293,89,"November 1, 2026","1,730","23,600",East,Ranchi,"1,812",-3,Need to Check
1145293,89,"November 2, 2026","1,730","23,600",East,Ranchi,"1,812",-3,Need to Check
1145293,89,"November 3, 2026","1,730","23,600",East,Ranchi,"1,812",-3,Need to Check
1145293,89,"November 7, 2026","1,730","23,600",East,Ranchi,"1,812",-3,Need to Check
1145293,89,"November 8, 2026","1,730","23,600",East,Ranchi,"1,812",-3,Need to Check
1145293,89,"November 9, 2026","1,730","23,600",East,Ranchi,"1,812",-3,Need to Check
1145293,89,"November 10, 2026","1,730","23,600",East,Ranchi,"1,812",-3,Need to Check
1145293,89,"November 11, 2026","1,730","23,600",East,Ranchi,"1,812",-3,Need to Check
1145293,89,"November 12, 2026","1,730","23,600",East,Ranchi,"1,812",-3,Need to Check
1145293,89,"November 13, 2026","1,730","23,600",East,Ranchi,"1,812",-3,Need to Check
1145293,89,"November 14, 2026","1,730","23,600",East,Ranchi,"1,812",-3,Need to Check
1145293,89,"November 15, 2026","1,730","23,600",East,Ranchi,"1,812",-3,Need to Check
1145293,89,"November 16, 2026","1,730","23,600",East,Ranchi,"1,812",-3,Need to Check
1145293,89,"November 17, 2026","1,730","23,600",East,Ranchi,"1,812",-3,Need to Check
1145293,89,"November 18, 2026","1,730","23,600",East,Ranchi,"1,812",-3,Need to Check
1145293,89,"November 19, 2026","1,730","23,600",East,Ranchi,"1,812",-3,Need to Check
1145293,89,"November 20, 2026","1,730","23,600",East,Ranchi,"1,812",-3,Need to Check
1145293,89,"November 21, 2026","1,730","23,600",East,Ranchi,"1,812",-3,Need to Check
1145293,89,"November 22, 2026","1,730","23,600",East,Ranchi,"1,812",-3,Need to Check
1145293,89,"November 25, 2026","1,730","23,600",East,Ranchi,"1,812",-3,Need to Check
1145293,89,"November 26, 2026","1,730","23,600",East,Ranchi,"1,812",-3,Need to Check
1145293,89,"November 27, 2026","1,730","23,600",East,Ranchi,"1,812",-3,Need to Check
1145293,89,"November 28, 2026","1,730","23,600",East,Ranchi,"1,812",-3,Need to Check
1145293,89,"November 29, 2026","1,730","23,600",East,Ranchi,"1,812",-3,Need to Check
1145293,89,"December 3, 2026","1,730","23,600",East,Ranchi,"1,812",-3,Need to Check
1145293,89,"December 4, 2026","1,730","23,600",East,Ranchi,"1,812",-3,Need to Check
1145293,89,"December 5, 2026","1,730","23,600",East,Ranchi,"1,812",-3,Need to Check
1145293,89,"December 6, 2026","1,730","23,600",East,Ranchi,"1,812",-3,Need to Check
1145293,89,"December 7, 2026","1,730","23,600",East,Ranchi,"1,812",-3,Need to Check
1145293,89,"December 8, 2026","1,730","23,600",East,Ranchi,"1,812",-3,Need to Check
1145293,89,"December 9, 2026","1,730","23,600",East,Ranchi,"1,812",-3,Need to Check
1145293,89,"December 12, 2026","1,730","23,600",East,Ranchi,"1,812",-3,Need to Check
1145293,89,"December 13, 2026","1,730","23,600",East,Ranchi,"1,812",-3,Need to Check
1145293,89,"December 14, 2026","1,730","23,600",East,Ranchi,"1,812",-3,Need to Check
1165811,17,"September 15, 2026","1,279","23,600",South 1,Kochi,"1,330",-3,Need to Check
1165811,17,"September 16, 2026","1,279","23,600",South 1,Kochi,"1,330",-3,Need to Check
1165811,18,"September 15, 2026","1,279","23,600",South 1,Kochi,"1,330",-3,Need to Check
1165811,18,"September 16, 2026","1,279","23,600",South 1,Kochi,"1,330",-3,Need to Check
1165811,19,"September 15, 2026","1,348","23,600",South 1,Kochi,"1,400",-3,Need to Check
1165811,19,"September 16, 2026","1,348","23,600",South 1,Kochi,"1,400",-3,Need to Check
1165811,20,"September 15, 2026","1,348","23,600",South 1,Kochi,"1,400",-3,Need to Check
1165811,20,"September 16, 2026","1,348","23,600",South 1,Kochi,"1,400",-3,Need to Check
1165811,50,"September 15, 2026","1,279","23,600",South 1,Kochi,"1,330",-3,Need to Check
1165811,50,"September 16, 2026","1,279","23,600",South 1,Kochi,"1,330",-3,Need to Check
1166252,27,"September 15, 2026","2,518","23,600",South 1,Kochi,"2,629",-3,Need to Check
1166252,28,"September 15, 2026","2,518","23,600",South 1,Kochi,"2,629",-3,Need to Check
1168316,35,"September 16, 2026","2,852","23,600",South 1,Kochi,"2,985",-3,Need to Check
1168316,36,"September 16, 2026","2,852","23,600",South 1,Kochi,"2,985",-3,Need to Check
1174848,17,"September 23, 2026",824,"23,600",North 2,Manali,865,-3,Need to Check
1174848,18,"September 23, 2026",824,"23,600",North 2,Manali,865,-3,Need to Check
1174848,19,"September 23, 2026",824,"23,600",North 2,Manali,865,-3,Need to Check
1174848,20,"September 23, 2026",824,"23,600",North 2,Manali,865,-3,Need to Check
1174848,21,"September 23, 2026",996,"23,600",North 2,Manali,"1,038",-3,Need to Check
1174848,22,"September 23, 2026",996,"23,600",North 2,Manali,"1,038",-3,Need to Check
1174848,23,"September 23, 2026",996,"23,600",North 2,Manali,"1,038",-3,Need to Check
1174848,24,"September 23, 2026",996,"23,600",North 2,Manali,"1,038",-3,Need to Check
1174848,39,"September 23, 2026",996,"23,600",North 2,Manali,"1,038",-3,Need to Check
1174848,40,"September 23, 2026",996,"23,600",North 2,Manali,"1,038",-3,Need to Check
1174848,50,"September 23, 2026",824,"23,600",North 2,Manali,865,-3,Need to Check
1174848,83,"September 23, 2026",996,"23,600",North 2,Manali,"1,038",-3,Need to Check
1191684,24179,"September 16, 2026","2,581","20,000",South 1,Alleppey,"2,703",-3,Need to Check
1191684,29,"September 16, 2026","2,581","20,000",South 1,Alleppey,"2,703",-3,Need to Check
1191684,30,"September 16, 2026","2,581","20,000",South 1,Alleppey,"2,703",-3,Need to Check
1191684,31,"September 16, 2026","2,581","20,000",South 1,Alleppey,"2,703",-3,Need to Check
1191684,32,"September 16, 2026","2,581","20,000",South 1,Alleppey,"2,703",-3,Need to Check
1191684,33,"September 16, 2026","2,581","20,000",South 1,Alleppey,"2,703",-3,Need to Check
1191684,34,"September 16, 2026","2,581","20,000",South 1,Alleppey,"2,703",-3,Need to Check
1191684,57,"September 16, 2026","2,581","20,000",South 1,Alleppey,"2,703",-3,Need to Check
1191684,58,"September 16, 2026","2,581","20,000",South 1,Alleppey,"2,703",-3,Need to Check
1191684,89,"September 16, 2026","2,581","20,000",South 1,Alleppey,"2,703",-3,Need to Check
1191684,90,"September 16, 2026","2,581","20,000",South 1,Alleppey,"2,703",-3,Need to Check
1197734,21,"September 15, 2026","4,238","23,600",South 1,Alleppey,"4,416",-3,Need to Check
1197734,22,"September 15, 2026","4,238","23,600",South 1,Alleppey,"4,416",-3,Need to Check
1197734,23,"September 15, 2026","4,238","23,600",South 1,Alleppey,"4,416",-3,Need to Check
1197734,24,"September 15, 2026","4,238","23,600",South 1,Alleppey,"4,416",-3,Need to Check
1197734,27,"September 15, 2026","4,790","23,600",South 1,Alleppey,"4,976",-3,Need to Check
1197734,28,"September 15, 2026","4,790","23,600",South 1,Alleppey,"4,976",-3,Need to Check
1197734,29,"September 15, 2026","5,204","23,600",South 1,Alleppey,"5,396",-3,Need to Check
1197734,30,"September 15, 2026","5,204","23,600",South 1,Alleppey,"5,396",-3,Need to Check
1197734,31,"September 15, 2026","5,204","23,600",South 1,Alleppey,"5,396",-3,Need to Check
1197734,32,"September 15, 2026","5,204","23,600",South 1,Alleppey,"5,396",-3,Need to Check
1197734,33,"September 15, 2026","5,204","23,600",South 1,Alleppey,"5,396",-3,Need to Check
1197734,34,"September 15, 2026","5,204","23,600",South 1,Alleppey,"5,396",-3,Need to Check
1197734,39,"September 15, 2026","4,238","23,600",South 1,Alleppey,"4,416",-3,Need to Check
1197734,40,"September 15, 2026","4,238","23,600",South 1,Alleppey,"4,416",-3,Need to Check
1197734,57,"September 15, 2026","5,204","23,600",South 1,Alleppey,"5,396",-3,Need to Check
1197734,58,"September 15, 2026","5,204","23,600",South 1,Alleppey,"5,396",-3,Need to Check
1197734,83,"September 15, 2026","4,238","23,600",South 1,Alleppey,"4,416",-3,Need to Check
1197734,89,"September 15, 2026","5,204","23,600",South 1,Alleppey,"5,396",-3,Need to Check
1204840,17,"September 22, 2026","1,286","27,848",North 2,Shimla,"1,350",-3,Need to Check
1204840,18,"September 22, 2026","1,286","27,848",North 2,Shimla,"1,350",-3,Need to Check
1204840,19,"September 22, 2026","1,286","27,848",North 2,Shimla,"1,350",-3,Need to Check
1204840,20,"September 22, 2026","1,286","27,848",North 2,Shimla,"1,350",-3,Need to Check
1204840,21,"September 22, 2026","1,493","27,848",North 2,Shimla,"1,557",-3,Need to Check
1204840,22,"September 22, 2026","1,493","27,848",North 2,Shimla,"1,557",-3,Need to Check
1204840,23,"September 22, 2026","1,493","27,848",North 2,Shimla,"1,557",-3,Need to Check
1204840,24,"September 22, 2026","1,493","27,848",North 2,Shimla,"1,557",-3,Need to Check
1204840,25,"September 22, 2026","1,286","27,848",North 2,Shimla,"1,350",-3,Need to Check
1204840,26,"September 22, 2026","1,286","27,848",North 2,Shimla,"1,350",-3,Need to Check
1204840,27,"September 22, 2026","1,493","27,848",North 2,Shimla,"1,557",-3,Need to Check
1204840,28,"September 22, 2026","1,493","27,848",North 2,Shimla,"1,557",-3,Need to Check
1204840,39,"September 22, 2026","1,493","27,848",North 2,Shimla,"1,557",-3,Need to Check
1204840,45,"September 22, 2026","1,493","27,848",North 2,Shimla,"1,557",-3,Need to Check
1204840,46,"September 22, 2026","1,493","27,848",North 2,Shimla,"1,557",-3,Need to Check
1204840,50,"September 22, 2026","1,286","27,848",North 2,Shimla,"1,350",-3,Need to Check
1205898,15,"September 21, 2026","1,414","23,600",North 2,Prayagraj,"1,485",-3,Need to Check
1205898,16,"September 21, 2026","1,483","23,600",North 2,Prayagraj,"1,550",-3,Need to Check
1205898,38,"September 21, 2026","1,414","23,600",North 2,Prayagraj,"1,485",-3,Need to Check
1205898,52,"September 21, 2026","1,483","23,600",North 2,Prayagraj,"1,550",-3,Need to Check
1205898,76,"September 21, 2026","1,414","23,600",North 2,Prayagraj,"1,485",-3,Need to Check
1213613,17,"September 17, 2026","2,890","23,600",North 1,New Delhi,"2,999",-3,Need to Check
1213613,18,"September 17, 2026","2,890","23,600",North 1,New Delhi,"2,999",-3,Need to Check
1213613,50,"September 17, 2026","2,890","23,600",North 1,New Delhi,"2,999",-3,Need to Check
1221551,15,"September 21, 2026","1,040","20,000",North 2,Varanasi,"1,084",-3,Need to Check
1221551,15,"September 22, 2026","1,040","20,000",North 2,Varanasi,"1,084",-3,Need to Check
1221551,15,"September 23, 2026","1,040","20,000",North 2,Varanasi,"1,084",-3,Need to Check
1221551,16,"September 21, 2026","1,109","20,000",North 2,Varanasi,"1,153",-3,Need to Check
1221551,16,"September 22, 2026","1,109","20,000",North 2,Varanasi,"1,153",-3,Need to Check
1221551,16,"September 23, 2026","1,109","20,000",North 2,Varanasi,"1,153",-3,Need to Check
1221551,21,"September 21, 2026","1,178","20,000",North 2,Varanasi,"1,222",-3,Need to Check
1221551,21,"September 22, 2026","1,178","20,000",North 2,Varanasi,"1,222",-3,Need to Check
1221551,21,"September 23, 2026","1,178","20,000",North 2,Varanasi,"1,222",-3,Need to Check
1221551,22,"September 21, 2026","1,178","20,000",North 2,Varanasi,"1,222",-3,Need to Check
1221551,22,"September 22, 2026","1,178","20,000",North 2,Varanasi,"1,222",-3,Need to Check
1221551,22,"September 23, 2026","1,178","20,000",North 2,Varanasi,"1,222",-3,Need to Check
1221551,38,"September 21, 2026","1,040","20,000",North 2,Varanasi,"1,084",-3,Need to Check
1221551,38,"September 22, 2026","1,040","20,000",North 2,Varanasi,"1,084",-3,Need to Check
1221551,38,"September 23, 2026","1,040","20,000",North 2,Varanasi,"1,084",-3,Need to Check
1221551,39,"September 21, 2026","1,178","20,000",North 2,Varanasi,"1,222",-3,Need to Check
1221551,39,"September 22, 2026","1,178","20,000",North 2,Varanasi,"1,222",-3,Need to Check
1221551,39,"September 23, 2026","1,178","20,000",North 2,Varanasi,"1,222",-3,Need to Check
1221551,52,"September 21, 2026","1,109","20,000",North 2,Varanasi,"1,153",-3,Need to Check
1221551,52,"September 22, 2026","1,109","20,000",North 2,Varanasi,"1,153",-3,Need to Check
1221551,52,"September 23, 2026","1,109","20,000",North 2,Varanasi,"1,153",-3,Need to Check
1221551,76,"September 21, 2026","1,040","20,000",North 2,Varanasi,"1,084",-3,Need to Check
1221551,76,"September 22, 2026","1,040","20,000",North 2,Varanasi,"1,084",-3,Need to Check
1221551,76,"September 23, 2026","1,040","20,000",North 2,Varanasi,"1,084",-3,Need to Check
1221551,83,"September 21, 2026","1,178","20,000",North 2,Varanasi,"1,222",-3,Need to Check
1221551,83,"September 22, 2026","1,178","20,000",North 2,Varanasi,"1,222",-3,Need to Check
1221551,83,"September 23, 2026","1,178","20,000",North 2,Varanasi,"1,222",-3,Need to Check
1241870,21,"September 20, 2026","2,026","23,600",South 2,Chennai,"2,117",-3,Need to Check
1241870,21,"September 21, 2026","2,026","23,600",South 2,Chennai,"2,117",-3,Need to Check
1241870,22,"September 20, 2026","2,026","23,600",South 2,Chennai,"2,117",-3,Need to Check
1241870,22,"September 21, 2026","2,026","23,600",South 2,Chennai,"2,117",-3,Need to Check
1241870,39,"September 20, 2026","2,026","23,600",South 2,Chennai,"2,117",-3,Need to Check
1241870,39,"September 21, 2026","2,026","23,600",South 2,Chennai,"2,117",-3,Need to Check
1241870,83,"September 20, 2026","2,026","23,600",South 2,Chennai,"2,117",-3,Need to Check
1241870,83,"September 21, 2026","2,026","23,600",South 2,Chennai,"2,117",-3,Need to Check
1244531,23,"September 20, 2026","3,100","23,600",South 2,Chennai,"3,255",-3,Need to Check
1244531,24,"September 20, 2026","3,100","23,600",South 2,Chennai,"3,255",-3,Need to Check
1244990,23,"September 20, 2026","2,399","23,600",South 2,Chennai,"2,517",-3,Need to Check
1244990,24,"September 20, 2026","2,399","23,600",South 2,Chennai,"2,517",-3,Need to Check
1244990,27,"September 20, 2026","2,951","23,600",South 2,Chennai,"3,077",-3,Need to Check
1244990,28,"September 20, 2026","2,951","23,600",South 2,Chennai,"3,077",-3,Need to Check
1244990,40,"September 20, 2026","2,399","23,600",South 2,Chennai,"2,517",-3,Need to Check
1244990,41,"September 20, 2026","2,951","23,600",South 2,Chennai,"3,077",-3,Need to Check
1244990,84,"September 20, 2026","2,399","23,600",South 2,Chennai,"2,517",-3,Need to Check
1245526,21,"September 20, 2026","2,570","23,600",South 2,Chennai,"2,695",-3,Need to Check
1245526,21,"September 21, 2026","2,570","23,600",South 2,Chennai,"2,695",-3,Need to Check
1245526,22,"September 20, 2026","2,570","23,600",South 2,Chennai,"2,695",-3,Need to Check
1245526,22,"September 21, 2026","2,570","23,600",South 2,Chennai,"2,695",-3,Need to Check
1245526,23,"September 20, 2026","2,777","23,600",South 2,Chennai,"2,890",-3,Need to Check
1245526,23,"September 21, 2026","2,777","23,600",South 2,Chennai,"2,890",-3,Need to Check
1245526,24,"September 20, 2026","2,777","23,600",South 2,Chennai,"2,890",-3,Need to Check
1245526,24,"September 21, 2026","2,777","23,600",South 2,Chennai,"2,890",-3,Need to Check
1245526,39,"September 20, 2026","2,570","23,600",South 2,Chennai,"2,695",-3,Need to Check
1245526,39,"September 21, 2026","2,570","23,600",South 2,Chennai,"2,695",-3,Need to Check
1245526,40,"September 20, 2026","2,777","23,600",South 2,Chennai,"2,890",-3,Need to Check
1245526,40,"September 21, 2026","2,777","23,600",South 2,Chennai,"2,890",-3,Need to Check
1245526,83,"September 20, 2026","2,570","23,600",South 2,Chennai,"2,695",-3,Need to Check
1245526,83,"September 21, 2026","2,570","23,600",South 2,Chennai,"2,695",-3,Need to Check
1246802,17,"September 20, 2026","1,733","23,600",South 2,Chennai,"1,797",-3,Need to Check
1246802,17,"September 21, 2026","1,733","23,600",South 2,Chennai,"1,797",-3,Need to Check
1246802,18,"September 20, 2026","1,733","23,600",South 2,Chennai,"1,797",-3,Need to Check
1246802,18,"September 21, 2026","1,733","23,600",South 2,Chennai,"1,797",-3,Need to Check
1246802,50,"September 20, 2026","1,733","23,600",South 2,Chennai,"1,797",-3,Need to Check
1246802,50,"September 21, 2026","1,733","23,600",South 2,Chennai,"1,797",-3,Need to Check
1247056,19,"September 20, 2026","2,602","23,600",South 2,Chennai,"2,721",-3,Need to Check
1247056,20,"September 20, 2026","2,602","23,600",South 2,Chennai,"2,721",-3,Need to Check
1247056,21,"September 20, 2026","2,602","23,600",South 2,Chennai,"2,721",-3,Need to Check
1247056,22,"September 20, 2026","2,602","23,600",South 2,Chennai,"2,721",-3,Need to Check
1247056,23,"September 20, 2026","2,809","23,600",South 2,Chennai,"2,916",-3,Need to Check
1247056,24,"September 20, 2026","2,809","23,600",South 2,Chennai,"2,916",-3,Need to Check
1247056,39,"September 20, 2026","2,602","23,600",South 2,Chennai,"2,721",-3,Need to Check
1261835,32,"September 20, 2026","2,261","23,600",South 2,Coimbatore,"2,358",-3,Need to Check
1261835,33,"September 20, 2026","2,261","23,600",South 2,Coimbatore,"2,358",-3,Need to Check
1261835,34,"September 20, 2026","2,261","23,600",South 2,Coimbatore,"2,358",-3,Need to Check
1261835,58,"September 20, 2026","2,261","23,600",South 2,Coimbatore,"2,358",-3,Need to Check
1261979,19,"September 24, 2026","1,215","23,600",North 2,Chandigarh,"1,260",-3,Need to Check
1261979,20,"September 24, 2026","1,215","23,600",North 2,Chandigarh,"1,260",-3,Need to Check
1261979,51,"September 24, 2026","1,215","23,600",North 2,Chandigarh,"1,260",-3,Need to Check
1261979,88,"September 24, 2026","1,215","23,600",North 2,Chandigarh,"1,260",-3,Need to Check
1265433,27,"September 21, 2026","2,326","23,600",South 2,Coimbatore,"2,441",-3,Need to Check
1265433,28,"September 21, 2026","2,326","23,600",South 2,Coimbatore,"2,441",-3,Need to Check
1265433,29,"September 21, 2026","2,878","23,600",South 2,Coimbatore,"2,993",-3,Need to Check
1265433,30,"September 21, 2026","2,878","23,600",South 2,Coimbatore,"2,993",-3,Need to Check
1265433,31,"September 21, 2026","2,878","23,600",South 2,Coimbatore,"2,993",-3,Need to Check
1265433,32,"September 21, 2026","3,085","23,600",South 2,Coimbatore,"3,200",-3,Need to Check
1265433,33,"September 21, 2026","3,085","23,600",South 2,Coimbatore,"3,200",-3,Need to Check
1265433,34,"September 21, 2026","3,085","23,600",South 2,Coimbatore,"3,200",-3,Need to Check
1265433,57,"September 21, 2026","2,878","23,600",South 2,Coimbatore,"2,993",-3,Need to Check
1295755,15,"September 21, 2026","1,360","23,600",South 2,Visakhapatnam,"1,412",-3,Need to Check
1298362,27,"September 21, 2026","2,667","23,600",South 2,Visakhapatnam,"2,783",-3,Need to Check
1298362,28,"September 21, 2026","2,667","23,600",South 2,Visakhapatnam,"2,783",-3,Need to Check
1298420,25,"September 23, 2026","1,289","23,600",South 2,Visakhapatnam,"1,338",-3,Need to Check
1298420,26,"September 23, 2026","1,289","23,600",South 2,Visakhapatnam,"1,338",-3,Need to Check
1371182,17,"September 20, 2026","2,893","23,600",West,Mumbai,"3,012",-3,Need to Check
1371182,17,"September 21, 2026","2,903","23,600",West,Mumbai,"3,012",-3,Need to Check
1371182,18,"September 20, 2026","2,893","23,600",West,Mumbai,"3,012",-3,Need to Check
1371182,18,"September 21, 2026","2,903","23,600",West,Mumbai,"3,012",-3,Need to Check
1371182,21,"September 20, 2026","3,376","23,600",West,Mumbai,"3,532",-3,Need to Check
1371182,21,"September 21, 2026","3,386","23,600",West,Mumbai,"3,532",-3,Need to Check
1371182,22,"September 20, 2026","3,376","23,600",West,Mumbai,"3,532",-3,Need to Check
1371182,22,"September 21, 2026","3,386","23,600",West,Mumbai,"3,532",-3,Need to Check
1371182,23,"September 20, 2026","3,583","23,600",West,Mumbai,"3,727",-3,Need to Check
1371182,23,"September 21, 2026","3,593","23,600",West,Mumbai,"3,727",-3,Need to Check
1371182,24,"September 20, 2026","3,583","23,600",West,Mumbai,"3,727",-3,Need to Check
1371182,24,"September 21, 2026","3,593","23,600",West,Mumbai,"3,727",-3,Need to Check
1371182,39,"September 20, 2026","3,376","23,600",West,Mumbai,"3,532",-3,Need to Check
1371182,39,"September 21, 2026","3,386","23,600",West,Mumbai,"3,532",-3,Need to Check
1371182,40,"September 20, 2026","3,583","23,600",West,Mumbai,"3,727",-3,Need to Check
1371182,40,"September 21, 2026","3,593","23,600",West,Mumbai,"3,727",-3,Need to Check
1371182,50,"September 20, 2026","2,893","23,600",West,Mumbai,"3,012",-3,Need to Check
1371182,50,"September 21, 2026","2,903","23,600",West,Mumbai,"3,012",-3,Need to Check
1371182,83,"September 20, 2026","3,376","23,600",West,Mumbai,"3,532",-3,Need to Check
1371182,83,"September 21, 2026","3,386","23,600",West,Mumbai,"3,532",-3,Need to Check
1381105,17,"September 23, 2026","1,530","23,600",West,Goa,"1,592",-3,Need to Check
1381105,18,"September 23, 2026","1,530","23,600",West,Goa,"1,592",-3,Need to Check
1381105,23,"September 23, 2026","1,891","23,600",West,Goa,"1,982",-3,Need to Check
1381105,24,"September 23, 2026","1,891","23,600",West,Goa,"1,982",-3,Need to Check
1381105,35,"September 21, 2026","2,583","23,600",West,Goa,"2,697",-3,Need to Check
1381105,36,"September 21, 2026","2,583","23,600",West,Goa,"2,697",-3,Need to Check
1381105,40,"September 23, 2026","1,891","23,600",West,Goa,"1,982",-3,Need to Check
1381105,50,"September 23, 2026","1,530","23,600",West,Goa,"1,592",-3,Need to Check
1381541,27,"September 21, 2026","2,027","23,600",West,Goa,"2,115",-3,Need to Check
1381541,28,"September 21, 2026","2,027","23,600",West,Goa,"2,115",-3,Need to Check
1381541,32,"September 21, 2026","1,889","23,600",West,Goa,"1,985",-3,Need to Check
1381541,33,"September 21, 2026","1,889","23,600",West,Goa,"1,985",-3,Need to Check
1381541,34,"September 21, 2026","1,889","23,600",West,Goa,"1,985",-3,Need to Check
1382823,15,"September 21, 2026","1,150","23,600",West,Goa,"1,206",-3,Need to Check
1382823,15,"September 23, 2026","1,148","23,600",West,Goa,"1,206",-3,Need to Check
1382823,15,"September 24, 2026","1,148","23,600",West,Goa,"1,206",-3,Need to Check
1382823,16,"September 21, 2026","1,288","23,600",West,Goa,"1,336",-3,Need to Check
1382823,16,"September 23, 2026","1,286","23,600",West,Goa,"1,336",-3,Need to Check
1382823,16,"September 24, 2026","1,286","23,600",West,Goa,"1,336",-3,Need to Check
1382823,38,"September 21, 2026","1,150","23,600",West,Goa,"1,206",-3,Need to Check
1382823,38,"September 23, 2026","1,148","23,600",West,Goa,"1,206",-3,Need to Check
1382823,38,"September 24, 2026","1,148","23,600",West,Goa,"1,206",-3,Need to Check
1382823,52,"September 21, 2026","1,288","23,600",West,Goa,"1,336",-3,Need to Check
1382823,52,"September 23, 2026","1,286","23,600",West,Goa,"1,336",-3,Need to Check
1382823,52,"September 24, 2026","1,286","23,600",West,Goa,"1,336",-3,Need to Check
1382823,76,"September 21, 2026","1,150","23,600",West,Goa,"1,206",-3,Need to Check
1382823,76,"September 23, 2026","1,148","23,600",West,Goa,"1,206",-3,Need to Check
1382823,76,"September 24, 2026","1,148","23,600",West,Goa,"1,206",-3,Need to Check
1446075,42,"September 15, 2026","4,430","23,600",South 1,Ooty,"4,651",-3,Need to Check
1446075,43,"September 15, 2026","4,430","23,600",South 1,Ooty,"4,651",-3,Need to Check
1472459,27,"September 15, 2026","2,136","23,600",South 1,Coorg,"2,215",-3,Need to Check
1472459,28,"September 15, 2026","2,136","23,600",South 1,Coorg,"2,215",-3,Need to Check
1472459,29,"September 16, 2026","1,653","23,600",South 1,Coorg,"1,715",-3,Need to Check
1472459,30,"September 16, 2026","1,653","23,600",South 1,Coorg,"1,715",-3,Need to Check
1472459,31,"September 16, 2026","1,653","23,600",South 1,Coorg,"1,715",-3,Need to Check
1472459,32,"September 16, 2026","1,653","23,600",South 1,Coorg,"1,715",-3,Need to Check
1472459,33,"September 16, 2026","1,653","23,600",South 1,Coorg,"1,715",-3,Need to Check
1472459,34,"September 16, 2026","1,653","23,600",South 1,Coorg,"1,715",-3,Need to Check
1472459,41,"September 15, 2026","2,136","23,600",South 1,Coorg,"2,215",-3,Need to Check
1472459,57,"September 16, 2026","1,653","23,600",South 1,Coorg,"1,715",-3,Need to Check
1472459,58,"September 16, 2026","1,653","23,600",South 1,Coorg,"1,715",-3,Need to Check
1472459,89,"September 16, 2026","1,653","23,600",South 1,Coorg,"1,715",-3,Need to Check
1473477,17,"September 15, 2026","1,460","23,600",South 1,Coorg,"1,529",-3,Need to Check
1473477,18,"September 15, 2026","1,460","23,600",South 1,Coorg,"1,529",-3,Need to Check
1473477,19,"September 15, 2026","1,460","23,600",South 1,Coorg,"1,529",-3,Need to Check
1473477,20,"September 15, 2026","1,460","23,600",South 1,Coorg,"1,529",-3,Need to Check
1473477,21,"September 15, 2026","1,667","23,600",South 1,Coorg,"1,736",-3,Need to Check
1473477,21,"September 16, 2026","1,667","23,600",South 1,Coorg,"1,736",-3,Need to Check
1473477,22,"September 15, 2026","1,667","23,600",South 1,Coorg,"1,736",-3,Need to Check
1473477,22,"September 16, 2026","1,667","23,600",South 1,Coorg,"1,736",-3,Need to Check
1473477,23,"September 15, 2026","1,667","23,600",South 1,Coorg,"1,736",-3,Need to Check
1473477,23,"September 16, 2026","1,667","23,600",South 1,Coorg,"1,736",-3,Need to Check
1473477,24,"September 15, 2026","1,667","23,600",South 1,Coorg,"1,736",-3,Need to Check
1473477,24,"September 16, 2026","1,667","23,600",South 1,Coorg,"1,736",-3,Need to Check
1473477,25,"September 15, 2026","1,460","23,600",South 1,Coorg,"1,529",-3,Need to Check
1473477,26,"September 15, 2026","1,460","23,600",South 1,Coorg,"1,529",-3,Need to Check
1473477,27,"September 15, 2026","2,185","23,600",South 1,Coorg,"2,266",-3,Need to Check
1473477,27,"September 16, 2026","2,185","23,600",South 1,Coorg,"2,266",-3,Need to Check
1473477,28,"September 15, 2026","2,185","23,600",South 1,Coorg,"2,266",-3,Need to Check
1473477,28,"September 16, 2026","2,185","23,600",South 1,Coorg,"2,266",-3,Need to Check
1473477,39,"September 15, 2026","1,667","23,600",South 1,Coorg,"1,736",-3,Need to Check
1473477,39,"September 16, 2026","1,667","23,600",South 1,Coorg,"1,736",-3,Need to Check
1473477,40,"September 15, 2026","1,667","23,600",South 1,Coorg,"1,736",-3,Need to Check
1473477,40,"September 16, 2026","1,667","23,600",South 1,Coorg,"1,736",-3,Need to Check
1473477,50,"September 15, 2026","1,460","23,600",South 1,Coorg,"1,529",-3,Need to Check
1473477,83,"September 15, 2026","1,667","23,600",South 1,Coorg,"1,736",-3,Need to Check
1473477,83,"September 16, 2026","1,667","23,600",South 1,Coorg,"1,736",-3,Need to Check
1479075,17,"September 16, 2026","1,035","23,600",South 1,Coorg,"1,081",-3,Need to Check
1479075,18,"September 16, 2026","1,035","23,600",South 1,Coorg,"1,081",-3,Need to Check
1479075,19,"September 16, 2026","1,035","23,600",South 1,Coorg,"1,081",-3,Need to Check
1479075,20,"September 16, 2026","1,035","23,600",South 1,Coorg,"1,081",-3,Need to Check
1479075,25,"September 16, 2026","1,035","23,600",South 1,Coorg,"1,081",-3,Need to Check
1479075,26,"September 16, 2026","1,035","23,600",South 1,Coorg,"1,081",-3,Need to Check
1479075,27,"September 15, 2026","2,390","23,600",South 1,Coorg,"2,489",-3,Need to Check
1479075,28,"September 15, 2026","2,390","23,600",South 1,Coorg,"2,489",-3,Need to Check
1479075,35,"September 15, 2026","2,735","23,600",South 1,Coorg,"2,834",-3,Need to Check
1479075,36,"September 15, 2026","2,735","23,600",South 1,Coorg,"2,834",-3,Need to Check
1479075,37,"September 15, 2026","2,735","23,600",South 1,Coorg,"2,834",-3,Need to Check
1479075,50,"September 16, 2026","1,035","23,600",South 1,Coorg,"1,081",-3,Need to Check
1483392,25,"September 24, 2026","2,103","27,848",West,Kolhapur,"2,197",-3,Need to Check
1483392,26,"September 24, 2026","2,103","27,848",West,Kolhapur,"2,197",-3,Need to Check
1483392,32,"September 24, 2026","2,241","27,848",West,Kolhapur,"2,327",-3,Need to Check
1483392,33,"September 24, 2026","2,241","27,848",West,Kolhapur,"2,327",-3,Need to Check
1483392,34,"September 24, 2026","2,241","27,848",West,Kolhapur,"2,327",-3,Need to Check
1483392,58,"September 24, 2026","2,241","27,848",West,Kolhapur,"2,327",-3,Need to Check
1483392,90,"September 24, 2026","2,241","27,848",West,Kolhapur,"2,327",-3,Need to Check
1483570,17,"September 24, 2026","1,460","23,600",West,Kolhapur,"1,524",-3,Need to Check
1483570,18,"September 24, 2026","1,460","23,600",West,Kolhapur,"1,524",-3,Need to Check
1483570,19,"September 24, 2026","1,529","23,600",West,Kolhapur,"1,589",-3,Need to Check
1483570,20,"September 24, 2026","1,529","23,600",West,Kolhapur,"1,589",-3,Need to Check
1483570,50,"September 24, 2026","1,460","23,600",West,Kolhapur,"1,524",-3,Need to Check
1483570,51,"September 24, 2026","1,529","23,600",West,Kolhapur,"1,589",-3,Need to Check
1483570,87,"September 24, 2026","1,460","23,600",West,Kolhapur,"1,524",-3,Need to Check
1484845,19,"September 24, 2026","1,964","23,600",West,Kolhapur,"2,051",-3,Need to Check
1484845,20,"September 24, 2026","1,964","23,600",West,Kolhapur,"2,051",-3,Need to Check
1505657,23,"September 16, 2026","2,936","23,600",West,Pune,"3,051",-3,Need to Check
1505657,24,"September 16, 2026","2,936","23,600",West,Pune,"3,051",-3,Need to Check
1505657,40,"September 16, 2026","2,936","23,600",West,Pune,"3,051",-3,Need to Check
1509340,17,"September 19, 2026","1,272","23,600",West,Nashik,"1,327",-3,Need to Check
1509340,17,"September 24, 2026","1,272","23,600",West,Nashik,"1,319",-3,Need to Check
1509340,18,"September 19, 2026","1,272","23,600",West,Nashik,"1,327",-3,Need to Check
1509340,18,"September 24, 2026","1,272","23,600",West,Nashik,"1,319",-3,Need to Check
1509340,19,"September 19, 2026","1,341","23,600",West,Nashik,"1,397",-3,Need to Check
1509340,20,"September 19, 2026","1,341","23,600",West,Nashik,"1,397",-3,Need to Check
1509340,50,"September 19, 2026","1,272","23,600",West,Nashik,"1,327",-3,Need to Check
1509340,50,"September 24, 2026","1,272","23,600",West,Nashik,"1,319",-3,Need to Check
1517075,23,"September 19, 2026","2,575","23,600",West,Nashik,"2,698",-3,Need to Check
1517075,24,"September 19, 2026","2,575","23,600",West,Nashik,"2,698",-3,Need to Check
1517075,40,"September 19, 2026","2,575","23,600",West,Nashik,"2,698",-3,Need to Check
1531125,17,"September 26, 2026","1,421","20,000",East,Guwahati,"1,492",-3,Need to Check
1531125,18,"September 26, 2026","1,421","20,000",East,Guwahati,"1,492",-3,Need to Check
1531125,35,"September 26, 2026","2,663","20,000",East,Guwahati,"2,790",-3,Need to Check
1531125,36,"September 26, 2026","2,663","20,000",East,Guwahati,"2,790",-3,Need to Check
1593685,17,"September 15, 2026","1,427","23,600",South 2,Hyderabad,"1,483",-3,Need to Check
1593685,17,"September 16, 2026","1,424","23,600",South 2,Hyderabad,"1,483",-3,Need to Check
1593685,17,"September 17, 2026","1,421","23,600",South 2,Hyderabad,"1,483",-3,Need to Check
1593685,18,"September 15, 2026","1,427","23,600",South 2,Hyderabad,"1,483",-3,Need to Check
1593685,18,"September 16, 2026","1,424","23,600",South 2,Hyderabad,"1,483",-3,Need to Check
1593685,18,"September 17, 2026","1,421","23,600",South 2,Hyderabad,"1,483",-3,Need to Check
1593685,21,"September 17, 2026","1,525","23,600",South 2,Hyderabad,"1,581",-3,Need to Check
1593685,22,"September 17, 2026","1,525","23,600",South 2,Hyderabad,"1,581",-3,Need to Check
1593685,39,"September 17, 2026","1,525","23,600",South 2,Hyderabad,"1,581",-3,Need to Check
1593685,50,"September 15, 2026","1,427","23,600",South 2,Hyderabad,"1,483",-3,Need to Check
1593685,50,"September 16, 2026","1,424","23,600",South 2,Hyderabad,"1,483",-3,Need to Check
1593685,50,"September 17, 2026","1,421","23,600",South 2,Hyderabad,"1,483",-3,Need to Check
1593685,83,"September 17, 2026","1,525","23,600",South 2,Hyderabad,"1,581",-3,Need to Check
1599756,17,"September 21, 2026","1,530","27,848",South 2,Hyderabad,"1,586",-3,Need to Check
1599756,18,"September 21, 2026","1,530","27,848",South 2,Hyderabad,"1,586",-3,Need to Check
1599756,25,"September 21, 2026","1,530","27,848",South 2,Hyderabad,"1,586",-3,Need to Check
1599756,26,"September 21, 2026","1,530","27,848",South 2,Hyderabad,"1,586",-3,Need to Check
1614818,23,"September 26, 2026","2,263","20,000",East,Bhubaneswar,"2,364",-3,Need to Check
1614818,24,"September 26, 2026","2,263","20,000",East,Bhubaneswar,"2,364",-3,Need to Check
1614818,40,"September 26, 2026","2,263","20,000",East,Bhubaneswar,"2,364",-3,Need to Check
1617471,15,"September 26, 2026","1,314","23,600",East,Bhubaneswar,"1,364",-3,Need to Check
1617471,29,"September 26, 2026","3,246","23,600",East,Bhubaneswar,"3,400",-3,Need to Check
1617471,30,"September 26, 2026","3,246","23,600",East,Bhubaneswar,"3,400",-3,Need to Check
1617471,31,"September 26, 2026","3,246","23,600",East,Bhubaneswar,"3,400",-3,Need to Check
1617471,32,"September 26, 2026","3,315","23,600",East,Bhubaneswar,"3,465",-3,Need to Check
1617471,33,"September 26, 2026","3,315","23,600",East,Bhubaneswar,"3,465",-3,Need to Check
1617471,34,"September 26, 2026","3,315","23,600",East,Bhubaneswar,"3,465",-3,Need to Check
1617471,38,"September 26, 2026","1,314","23,600",East,Bhubaneswar,"1,364",-3,Need to Check
1617471,57,"September 26, 2026","3,246","23,600",East,Bhubaneswar,"3,400",-3,Need to Check
1619452,17,"September 16, 2026","1,324","23,600",East,Bhubaneswar,"1,383",-3,Need to Check
1619452,18,"September 16, 2026","1,324","23,600",East,Bhubaneswar,"1,383",-3,Need to Check
1619452,19,"September 16, 2026","1,393","23,600",East,Bhubaneswar,"1,452",-3,Need to Check
1619452,20,"September 16, 2026","1,393","23,600",East,Bhubaneswar,"1,452",-3,Need to Check
1619452,50,"September 16, 2026","1,324","23,600",East,Bhubaneswar,"1,383",-3,Need to Check
1767140,25,"September 16, 2026","1,643","23,600",South 1,Chikmagalur,"1,708",-3,Need to Check
1767140,26,"September 16, 2026","1,643","23,600",South 1,Chikmagalur,"1,708",-3,Need to Check
1776233,21,"September 16, 2026","2,053","23,600",South 1,Guruvayur,"2,149",-3,Need to Check
1776233,22,"September 16, 2026","2,053","23,600",South 1,Guruvayur,"2,149",-3,Need to Check
1776233,23,"September 16, 2026","2,139","23,600",South 1,Guruvayur,"2,235",-3,Need to Check
1776233,24,"September 16, 2026","2,139","23,600",South 1,Guruvayur,"2,235",-3,Need to Check
1776233,39,"September 16, 2026","2,053","23,600",South 1,Guruvayur,"2,149",-3,Need to Check
1894945,17,"September 15, 2026","1,674","23,600",South 1,Hassan,"1,746",-3,Need to Check
1894945,18,"September 15, 2026","1,674","23,600",South 1,Hassan,"1,746",-3,Need to Check
1894945,19,"September 15, 2026","1,709","23,600",South 1,Hassan,"1,780",-3,Need to Check
1894945,20,"September 15, 2026","1,709","23,600",South 1,Hassan,"1,780",-3,Need to Check
1894945,50,"September 15, 2026","1,674","23,600",South 1,Hassan,"1,746",-3,Need to Check
1912757,32,"September 23, 2026","1,752","23,600",North 2,Bhimtal,"1,833",-3,Need to Check
1912757,33,"September 23, 2026","1,752","23,600",North 2,Bhimtal,"1,833",-3,Need to Check
1912757,34,"September 23, 2026","1,752","23,600",North 2,Bhimtal,"1,833",-3,Need to Check
1912757,58,"September 23, 2026","1,752","23,600",North 2,Bhimtal,"1,833",-3,Need to Check
1963434,16,"September 24, 2026","2,069","23,600",North 2,Jammu,"2,174",-3,Need to Check
1963434,17,"September 24, 2026","2,207","23,600",North 2,Jammu,"2,314",-3,Need to Check
1963434,18,"September 24, 2026","2,207","23,600",North 2,Jammu,"2,314",-3,Need to Check
1963434,19,"September 24, 2026","2,276","23,600",North 2,Jammu,"2,384",-3,Need to Check
1963434,20,"September 24, 2026","2,276","23,600",North 2,Jammu,"2,384",-3,Need to Check
1963434,21,"September 24, 2026","2,414","23,600",North 2,Jammu,"2,524",-3,Need to Check
1963434,22,"September 24, 2026","2,414","23,600",North 2,Jammu,"2,524",-3,Need to Check
1963434,23,"September 24, 2026","2,483","23,600",North 2,Jammu,"2,594",-3,Need to Check
1963434,24,"September 24, 2026","2,483","23,600",North 2,Jammu,"2,594",-3,Need to Check
1963434,25,"September 24, 2026","2,621","23,600",North 2,Jammu,"2,734",-3,Need to Check
1963434,26,"September 24, 2026","2,621","23,600",North 2,Jammu,"2,734",-3,Need to Check
1963434,27,"September 24, 2026","2,828","23,600",North 2,Jammu,"2,944",-3,Need to Check
1963434,28,"September 24, 2026","2,828","23,600",North 2,Jammu,"2,944",-3,Need to Check
1963434,39,"September 24, 2026","2,414","23,600",North 2,Jammu,"2,524",-3,Need to Check
1963434,40,"September 24, 2026","2,483","23,600",North 2,Jammu,"2,594",-3,Need to Check
1963434,50,"September 24, 2026","2,207","23,600",North 2,Jammu,"2,314",-3,Need to Check
1963434,51,"September 24, 2026","2,276","23,600",North 2,Jammu,"2,384",-3,Need to Check
1963434,52,"September 24, 2026","2,069","23,600",North 2,Jammu,"2,174",-3,Need to Check
1963434,83,"September 24, 2026","2,414","23,600",North 2,Jammu,"2,524",-3,Need to Check
1963434,87,"September 24, 2026","2,207","23,600",North 2,Jammu,"2,314",-3,Need to Check
1978478,21,"September 24, 2026","1,766","27,848",North 2,Jalandhar,"1,854",-3,Need to Check
1978478,22,"September 24, 2026","1,766","27,848",North 2,Jalandhar,"1,854",-3,Need to Check
1978478,23,"September 24, 2026","1,766","27,848",North 2,Jalandhar,"1,854",-3,Need to Check
1978478,24,"September 24, 2026","1,766","27,848",North 2,Jalandhar,"1,854",-3,Need to Check
1978478,29,"September 24, 2026","2,111","27,848",North 2,Jalandhar,"2,204",-3,Need to Check
1978478,30,"September 24, 2026","2,111","27,848",North 2,Jalandhar,"2,204",-3,Need to Check
1978478,31,"September 24, 2026","2,111","27,848",North 2,Jalandhar,"2,204",-3,Need to Check
1978478,32,"September 24, 2026","2,111","27,848",North 2,Jalandhar,"2,204",-3,Need to Check
1978478,33,"September 24, 2026","2,111","27,848",North 2,Jalandhar,"2,204",-3,Need to Check
1978478,34,"September 24, 2026","2,111","27,848",North 2,Jalandhar,"2,204",-3,Need to Check
1978478,39,"September 24, 2026","1,766","27,848",North 2,Jalandhar,"1,854",-3,Need to Check
1978478,40,"September 24, 2026","1,766","27,848",North 2,Jalandhar,"1,854",-3,Need to Check
1978478,57,"September 24, 2026","2,111","27,848",North 2,Jalandhar,"2,204",-3,Need to Check
1978478,83,"September 24, 2026","1,766","27,848",North 2,Jalandhar,"1,854",-3,Need to Check
2010412,19,"September 15, 2026","1,330","23,600",South 1,Wayanad,"1,379",-3,Need to Check
2010412,20,"September 15, 2026","1,330","23,600",South 1,Wayanad,"1,379",-3,Need to Check
2010498,16,"September 15, 2026","1,732","23,600",East,Paradeep,"1,820",-3,Need to Check
2010498,16,"September 16, 2026","1,732","23,600",East,Paradeep,"1,820",-3,Need to Check
2010498,17,"September 15, 2026","2,250","23,600",East,Paradeep,"2,345",-3,Need to Check
2010498,17,"September 16, 2026","2,250","23,600",East,Paradeep,"2,345",-3,Need to Check
2010498,18,"September 15, 2026","2,250","23,600",East,Paradeep,"2,345",-3,Need to Check
2010498,18,"September 16, 2026","2,250","23,600",East,Paradeep,"2,345",-3,Need to Check
2010498,19,"September 15, 2026","2,353","23,600",East,Paradeep,"2,450",-3,Need to Check
2010498,19,"September 16, 2026","2,353","23,600",East,Paradeep,"2,450",-3,Need to Check
2010498,20,"September 15, 2026","2,353","23,600",East,Paradeep,"2,450",-3,Need to Check
2010498,20,"September 16, 2026","2,353","23,600",East,Paradeep,"2,450",-3,Need to Check
2010498,21,"September 15, 2026","2,664","23,600",East,Paradeep,"2,765",-3,Need to Check
2010498,21,"September 16, 2026","2,664","23,600",East,Paradeep,"2,765",-3,Need to Check
2010498,22,"September 15, 2026","2,664","23,600",East,Paradeep,"2,765",-3,Need to Check
2010498,22,"September 16, 2026","2,664","23,600",East,Paradeep,"2,765",-3,Need to Check
2010498,23,"September 15, 2026","2,767","23,600",East,Paradeep,"2,870",-3,Need to Check
2010498,23,"September 16, 2026","2,767","23,600",East,Paradeep,"2,870",-3,Need to Check
2010498,24,"September 15, 2026","2,767","23,600",East,Paradeep,"2,870",-3,Need to Check
2010498,24,"September 16, 2026","2,767","23,600",East,Paradeep,"2,870",-3,Need to Check
2010498,39,"September 15, 2026","2,664","23,600",East,Paradeep,"2,765",-3,Need to Check
2010498,39,"September 16, 2026","2,664","23,600",East,Paradeep,"2,765",-3,Need to Check
2010498,40,"September 15, 2026","2,767","23,600",East,Paradeep,"2,870",-3,Need to Check
2010498,40,"September 16, 2026","2,767","23,600",East,Paradeep,"2,870",-3,Need to Check
2010498,50,"September 15, 2026","2,250","23,600",East,Paradeep,"2,345",-3,Need to Check
2010498,50,"September 16, 2026","2,250","23,600",East,Paradeep,"2,345",-3,Need to Check
2010498,83,"September 15, 2026","2,664","23,600",East,Paradeep,"2,765",-3,Need to Check
2010498,83,"September 16, 2026","2,664","23,600",East,Paradeep,"2,765",-3,Need to Check
2022899,23,"September 23, 2026","1,403","23,600",North 2,Varanasi,"1,467",-3,Need to Check
2022899,23,"September 24, 2026","1,403","23,600",North 2,Varanasi,"1,467",-3,Need to Check
2022899,24,"September 23, 2026","1,403","23,600",North 2,Varanasi,"1,467",-3,Need to Check
2022899,24,"September 24, 2026","1,403","23,600",North 2,Varanasi,"1,467",-3,Need to Check
2022899,40,"September 23, 2026","1,403","23,600",North 2,Varanasi,"1,467",-3,Need to Check
2022899,40,"September 24, 2026","1,403","23,600",North 2,Varanasi,"1,467",-3,Need to Check
2022899,84,"September 23, 2026","1,403","23,600",North 2,Varanasi,"1,467",-3,Need to Check
2022899,84,"September 24, 2026","1,403","23,600",North 2,Varanasi,"1,467",-3,Need to Check
2024867,19,"September 20, 2026","3,171","23,600",South 2,Chennai,"3,328",-3,Need to Check
2024867,21,"September 20, 2026","3,275","23,600",South 2,Chennai,"3,433",-3,Need to Check
2024867,22,"September 20, 2026","3,275","23,600",South 2,Chennai,"3,433",-3,Need to Check
2024867,23,"September 20, 2026","3,551","23,600",South 2,Chennai,"3,713",-3,Need to Check
2024867,24,"September 20, 2026","3,551","23,600",South 2,Chennai,"3,713",-3,Need to Check
2024867,27,"September 20, 2026","4,103","23,600",South 2,Chennai,"4,273",-3,Need to Check
2024867,28,"September 20, 2026","4,103","23,600",South 2,Chennai,"4,273",-3,Need to Check
2024867,29,"September 20, 2026","3,413","23,600",South 2,Chennai,"3,573",-3,Need to Check
2024867,30,"September 20, 2026","3,413","23,600",South 2,Chennai,"3,573",-3,Need to Check
2024867,31,"September 20, 2026","3,413","23,600",South 2,Chennai,"3,573",-3,Need to Check
2024867,32,"September 20, 2026","3,689","23,600",South 2,Chennai,"3,853",-3,Need to Check
2024867,33,"September 20, 2026","3,689","23,600",South 2,Chennai,"3,853",-3,Need to Check
2024867,34,"September 20, 2026","3,689","23,600",South 2,Chennai,"3,853",-3,Need to Check
2024867,35,"September 20, 2026","4,241","23,600",South 2,Chennai,"4,413",-3,Need to Check
2024867,36,"September 20, 2026","4,241","23,600",South 2,Chennai,"4,413",-3,Need to Check
2024867,39,"September 20, 2026","3,275","23,600",South 2,Chennai,"3,433",-3,Need to Check
2024867,40,"September 20, 2026","3,551","23,600",South 2,Chennai,"3,713",-3,Need to Check
2024867,57,"September 20, 2026","3,413","23,600",South 2,Chennai,"3,573",-3,Need to Check
2024867,83,"September 20, 2026","3,275","23,600",South 2,Chennai,"3,433",-3,Need to Check
2026848,27,"September 21, 2026","2,352","23,600",West,Goa,"2,459",-3,Need to Check
2026848,27,"September 22, 2026","2,352","23,600",West,Goa,"2,459",-3,Need to Check
2026848,27,"September 23, 2026","2,352","23,600",West,Goa,"2,459",-3,Need to Check
2026848,28,"September 21, 2026","2,352","23,600",West,Goa,"2,459",-3,Need to Check
2026848,28,"September 22, 2026","2,352","23,600",West,Goa,"2,459",-3,Need to Check
2026848,28,"September 23, 2026","2,352","23,600",West,Goa,"2,459",-3,Need to Check
2026848,32,"September 21, 2026","2,076","23,600",West,Goa,"2,179",-3,Need to Check
2026848,32,"September 22, 2026","2,076","23,600",West,Goa,"2,179",-3,Need to Check
2026848,32,"September 23, 2026","2,076","23,600",West,Goa,"2,179",-3,Need to Check
2026848,33,"September 21, 2026","2,076","23,600",West,Goa,"2,179",-3,Need to Check
2026848,33,"September 22, 2026","2,076","23,600",West,Goa,"2,179",-3,Need to Check
2026848,33,"September 23, 2026","2,076","23,600",West,Goa,"2,179",-3,Need to Check
2026848,34,"September 21, 2026","2,076","23,600",West,Goa,"2,179",-3,Need to Check
2026848,34,"September 22, 2026","2,076","23,600",West,Goa,"2,179",-3,Need to Check
2026848,34,"September 23, 2026","2,076","23,600",West,Goa,"2,179",-3,Need to Check
2026848,35,"September 21, 2026","2,628","23,600",West,Goa,"2,739",-3,Need to Check
2026848,35,"September 22, 2026","2,628","23,600",West,Goa,"2,739",-3,Need to Check
2026848,35,"September 23, 2026","2,628","23,600",West,Goa,"2,739",-3,Need to Check
2026848,36,"September 21, 2026","2,628","23,600",West,Goa,"2,739",-3,Need to Check
2026848,36,"September 22, 2026","2,628","23,600",West,Goa,"2,739",-3,Need to Check
2026848,36,"September 23, 2026","2,628","23,600",West,Goa,"2,739",-3,Need to Check
2027305,23,"September 15, 2026","1,902","23,600",South 1,Mangalore,"1,995",-3,Need to Check
2027305,24,"September 15, 2026","1,902","23,600",South 1,Mangalore,"1,995",-3,Need to Check
2027305,25,"September 15, 2026","2,040","23,600",South 1,Mangalore,"2,125",-3,Need to Check
2027305,26,"September 15, 2026","2,040","23,600",South 1,Mangalore,"2,125",-3,Need to Check
2027305,29,"September 15, 2026","2,040","23,600",South 1,Mangalore,"2,125",-3,Need to Check
2027305,30,"September 15, 2026","2,040","23,600",South 1,Mangalore,"2,125",-3,Need to Check
2027305,31,"September 15, 2026","2,040","23,600",South 1,Mangalore,"2,125",-3,Need to Check
2027305,40,"September 15, 2026","1,902","23,600",South 1,Mangalore,"1,995",-3,Need to Check
2027305,57,"September 15, 2026","2,040","23,600",South 1,Mangalore,"2,125",-3,Need to Check
2027305,84,"September 15, 2026","1,902","23,600",South 1,Mangalore,"1,995",-3,Need to Check
2027305,89,"September 15, 2026","2,040","23,600",South 1,Mangalore,"2,125",-3,Need to Check
2034103,29,"September 24, 2026","1,898","23,600",North 2,Chandigarh,"1,984",-3,Need to Check
2034103,30,"September 24, 2026","1,898","23,600",North 2,Chandigarh,"1,984",-3,Need to Check
2034103,31,"September 24, 2026","1,898","23,600",North 2,Chandigarh,"1,984",-3,Need to Check
2034103,32,"September 24, 2026","1,967","23,600",North 2,Chandigarh,"2,049",-3,Need to Check
2034103,33,"September 24, 2026","1,967","23,600",North 2,Chandigarh,"2,049",-3,Need to Check
2034103,34,"September 24, 2026","1,967","23,600",North 2,Chandigarh,"2,049",-3,Need to Check
2034103,57,"September 24, 2026","1,898","23,600",North 2,Chandigarh,"1,984",-3,Need to Check
2034103,58,"September 24, 2026","1,967","23,600",North 2,Chandigarh,"2,049",-3,Need to Check
2034103,89,"September 24, 2026","1,898","23,600",North 2,Chandigarh,"1,984",-3,Need to Check
2061503,27,"September 26, 2026","4,025","23,600",East,Bhubaneswar,"4,222",-3,Need to Check
2061503,28,"September 26, 2026","4,025","23,600",East,Bhubaneswar,"4,222",-3,Need to Check
2061503,29,"September 26, 2026","4,025","23,600",East,Bhubaneswar,"4,222",-3,Need to Check
2061503,30,"September 26, 2026","4,025","23,600",East,Bhubaneswar,"4,222",-3,Need to Check
2061503,31,"September 26, 2026","4,025","23,600",East,Bhubaneswar,"4,222",-3,Need to Check
2061503,32,"September 26, 2026","4,198","23,600",East,Bhubaneswar,"4,397",-3,Need to Check
2061503,33,"September 26, 2026","4,198","23,600",East,Bhubaneswar,"4,397",-3,Need to Check
2061503,34,"September 26, 2026","4,198","23,600",East,Bhubaneswar,"4,397",-3,Need to Check
2061503,35,"September 26, 2026","4,543","23,600",East,Bhubaneswar,"4,747",-3,Need to Check
2061503,36,"September 26, 2026","4,543","23,600",East,Bhubaneswar,"4,747",-3,Need to Check
2061503,57,"September 26, 2026","4,025","23,600",East,Bhubaneswar,"4,222",-3,Need to Check
2066561,35,"September 22, 2026","2,904","27,848",North 2,Dharamshala,"3,042",-3,Need to Check
2066561,35,"September 23, 2026","2,904","27,848",North 2,Dharamshala,"3,042",-3,Need to Check
2066561,36,"September 22, 2026","2,904","27,848",North 2,Dharamshala,"3,042",-3,Need to Check
2066561,36,"September 23, 2026","2,904","27,848",North 2,Dharamshala,"3,042",-3,Need to Check
2071014,17,"September 19, 2026","1,328","23,600",West,Bhopal,"1,389",-3,Need to Check
2071014,18,"September 19, 2026","1,328","23,600",West,Bhopal,"1,389",-3,Need to Check
2071014,19,"September 19, 2026","1,397","23,600",West,Bhopal,"1,458",-3,Need to Check
2071014,21,"September 19, 2026","1,535","23,600",West,Bhopal,"1,596",-3,Need to Check
2071014,22,"September 19, 2026","1,535","23,600",West,Bhopal,"1,596",-3,Need to Check
2071014,23,"September 19, 2026","1,604","23,600",West,Bhopal,"1,665",-3,Need to Check
2071014,24,"September 19, 2026","1,604","23,600",West,Bhopal,"1,665",-3,Need to Check
2071014,39,"September 19, 2026","1,535","23,600",West,Bhopal,"1,596",-3,Need to Check
2071014,40,"September 19, 2026","1,604","23,600",West,Bhopal,"1,665",-3,Need to Check
2071014,83,"September 19, 2026","1,535","23,600",West,Bhopal,"1,596",-3,Need to Check
2074839,42,"September 15, 2026","2,301","20,000",East,Gangtok,"2,391",-3,Need to Check
2074839,43,"September 15, 2026","2,301","20,000",East,Gangtok,"2,391",-3,Need to Check
2074839,44,"September 15, 2026","2,301","20,000",East,Gangtok,"2,391",-3,Need to Check
2076114,17,"September 15, 2026","1,479","20,000",South 1,Chikmagalur,"1,534",-3,Need to Check
2076114,18,"September 15, 2026","1,479","20,000",South 1,Chikmagalur,"1,534",-3,Need to Check
2076114,19,"September 15, 2026","1,479","20,000",South 1,Chikmagalur,"1,534",-3,Need to Check
2076114,20,"September 15, 2026","1,479","20,000",South 1,Chikmagalur,"1,534",-3,Need to Check
2076114,50,"September 15, 2026","1,479","20,000",South 1,Chikmagalur,"1,534",-3,Need to Check
2076114,51,"September 15, 2026","1,479","20,000",South 1,Chikmagalur,"1,534",-3,Need to Check
2076114,87,"September 15, 2026","1,479","20,000",South 1,Chikmagalur,"1,534",-3,Need to Check
2079707,21,"September 24, 2026","1,566","23,600",West,Bhopal,"1,638",-3,Need to Check
2079707,22,"September 24, 2026","1,566","23,600",West,Bhopal,"1,638",-3,Need to Check
2079707,23,"September 24, 2026","1,635","23,600",West,Bhopal,"1,708",-3,Need to Check
2079707,24,"September 24, 2026","1,635","23,600",West,Bhopal,"1,708",-3,Need to Check
2079707,27,"September 24, 2026","2,049","23,600",West,Bhopal,"2,128",-3,Need to Check
2079707,28,"September 24, 2026","2,049","23,600",West,Bhopal,"2,128",-3,Need to Check
2079707,39,"September 24, 2026","1,566","23,600",West,Bhopal,"1,638",-3,Need to Check
2079707,40,"September 24, 2026","1,635","23,600",West,Bhopal,"1,708",-3,Need to Check
2079707,83,"September 24, 2026","1,566","23,600",West,Bhopal,"1,638",-3,Need to Check
4476459,29,"August 21, 2027","2,001","23,600",North 2,Dalhousie,"2,077",-3,Need to Check
4476459,29,"August 22, 2027","2,001","23,600",North 2,Dalhousie,"2,077",-3,Need to Check
4476459,29,"August 27, 2027","2,001","23,600",North 2,Dalhousie,"2,077",-3,Need to Check
4476459,29,"August 28, 2027","2,001","23,600",North 2,Dalhousie,"2,077",-3,Need to Check
4476459,29,"August 29, 2027","2,001","23,600",North 2,Dalhousie,"2,077",-3,Need to Check
4476459,29,"August 30, 2027","2,001","23,600",North 2,Dalhousie,"2,077",-3,Need to Check
4476459,29,"August 31, 2027","2,001","23,600",North 2,Dalhousie,"2,077",-3,Need to Check
4476459,29,"September 15, 2027","2,001","23,600",North 2,Dalhousie,"2,077",-3,Need to Check
4476459,30,"August 21, 2027","2,001","23,600",North 2,Dalhousie,"2,077",-3,Need to Check
4476459,30,"August 22, 2027","2,001","23,600",North 2,Dalhousie,"2,077",-3,Need to Check
4476459,30,"August 27, 2027","2,001","23,600",North 2,Dalhousie,"2,077",-3,Need to Check
4476459,30,"August 28, 2027","2,001","23,600",North 2,Dalhousie,"2,077",-3,Need to Check
4476459,30,"August 29, 2027","2,001","23,600",North 2,Dalhousie,"2,077",-3,Need to Check
4476459,30,"August 30, 2027","2,001","23,600",North 2,Dalhousie,"2,077",-3,Need to Check
4476459,30,"August 31, 2027","2,001","23,600",North 2,Dalhousie,"2,077",-3,Need to Check
4476459,30,"September 15, 2027","2,001","23,600",North 2,Dalhousie,"2,077",-3,Need to Check
4476459,31,"August 21, 2027","2,001","23,600",North 2,Dalhousie,"2,077",-3,Need to Check
4476459,31,"August 22, 2027","2,001","23,600",North 2,Dalhousie,"2,077",-3,Need to Check
4476459,31,"August 27, 2027","2,001","23,600",North 2,Dalhousie,"2,077",-3,Need to Check
4476459,31,"August 28, 2027","2,001","23,600",North 2,Dalhousie,"2,077",-3,Need to Check
4476459,31,"August 29, 2027","2,001","23,600",North 2,Dalhousie,"2,077",-3,Need to Check
4476459,31,"August 30, 2027","2,001","23,600",North 2,Dalhousie,"2,077",-3,Need to Check
4476459,31,"August 31, 2027","2,001","23,600",North 2,Dalhousie,"2,077",-3,Need to Check
4476459,31,"September 15, 2027","2,001","23,600",North 2,Dalhousie,"2,077",-3,Need to Check
4476459,32,"August 21, 2027","2,001","23,600",North 2,Dalhousie,"2,077",-3,Need to Check
4476459,32,"August 22, 2027","2,001","23,600",North 2,Dalhousie,"2,077",-3,Need to Check
4476459,32,"August 27, 2027","2,001","23,600",North 2,Dalhousie,"2,077",-3,Need to Check
4476459,32,"August 28, 2027","2,001","23,600",North 2,Dalhousie,"2,077",-3,Need to Check
4476459,32,"August 29, 2027","2,001","23,600",North 2,Dalhousie,"2,077",-3,Need to Check
4476459,32,"August 30, 2027","2,001","23,600",North 2,Dalhousie,"2,077",-3,Need to Check
4476459,32,"August 31, 2027","2,001","23,600",North 2,Dalhousie,"2,077",-3,Need to Check
4476459,32,"September 15, 2027","2,001","23,600",North 2,Dalhousie,"2,077",-3,Need to Check
4476459,33,"August 21, 2027","2,001","23,600",North 2,Dalhousie,"2,077",-3,Need to Check
4476459,33,"August 22, 2027","2,001","23,600",North 2,Dalhousie,"2,077",-3,Need to Check
4476459,33,"August 27, 2027","2,001","23,600",North 2,Dalhousie,"2,077",-3,Need to Check
4476459,33,"August 28, 2027","2,001","23,600",North 2,Dalhousie,"2,077",-3,Need to Check
4476459,33,"August 29, 2027","2,001","23,600",North 2,Dalhousie,"2,077",-3,Need to Check
4476459,33,"August 30, 2027","2,001","23,600",North 2,Dalhousie,"2,077",-3,Need to Check
4476459,33,"August 31, 2027","2,001","23,600",North 2,Dalhousie,"2,077",-3,Need to Check
4476459,33,"September 15, 2027","2,001","23,600",North 2,Dalhousie,"2,077",-3,Need to Check
4476459,34,"August 21, 2027","2,001","23,600",North 2,Dalhousie,"2,077",-3,Need to Check
4476459,34,"August 22, 2027","2,001","23,600",North 2,Dalhousie,"2,077",-3,Need to Check
4476459,34,"August 27, 2027","2,001","23,600",North 2,Dalhousie,"2,077",-3,Need to Check
4476459,34,"August 28, 2027","2,001","23,600",North 2,Dalhousie,"2,077",-3,Need to Check
4476459,34,"August 29, 2027","2,001","23,600",North 2,Dalhousie,"2,077",-3,Need to Check
4476459,34,"August 30, 2027","2,001","23,600",North 2,Dalhousie,"2,077",-3,Need to Check
4476459,34,"August 31, 2027","2,001","23,600",North 2,Dalhousie,"2,077",-3,Need to Check
4476459,34,"September 15, 2027","2,001","23,600",North 2,Dalhousie,"2,077",-3,Need to Check
4476459,57,"August 21, 2027","2,001","23,600",North 2,Dalhousie,"2,077",-3,Need to Check
4476459,57,"August 22, 2027","2,001","23,600",North 2,Dalhousie,"2,077",-3,Need to Check
4476459,57,"August 27, 2027","2,001","23,600",North 2,Dalhousie,"2,077",-3,Need to Check
4476459,57,"August 28, 2027","2,001","23,600",North 2,Dalhousie,"2,077",-3,Need to Check
4476459,57,"August 29, 2027","2,001","23,600",North 2,Dalhousie,"2,077",-3,Need to Check
4476459,57,"August 30, 2027","2,001","23,600",North 2,Dalhousie,"2,077",-3,Need to Check
4476459,57,"August 31, 2027","2,001","23,600",North 2,Dalhousie,"2,077",-3,Need to Check
4476459,57,"September 15, 2027","2,001","23,600",North 2,Dalhousie,"2,077",-3,Need to Check
5000010,23,"September 15, 2026","2,487","23,600",South 1,Bangalore,"2,602",-3,Need to Check
5000010,24,"September 15, 2026","2,487","23,600",South 1,Bangalore,"2,602",-3,Need to Check
5000010,27,"September 15, 2026","3,177","23,600",South 1,Bangalore,"3,292",-3,Need to Check
5000010,28,"September 15, 2026","3,177","23,600",South 1,Bangalore,"3,292",-3,Need to Check
5000010,29,"September 15, 2026","2,901","23,600",South 1,Bangalore,"3,016",-3,Need to Check
5000010,30,"September 15, 2026","2,901","23,600",South 1,Bangalore,"3,016",-3,Need to Check
5000010,31,"September 15, 2026","2,901","23,600",South 1,Bangalore,"3,016",-3,Need to Check
5000010,32,"September 15, 2026","3,108","23,600",South 1,Bangalore,"3,223",-3,Need to Check
5000010,33,"September 15, 2026","3,108","23,600",South 1,Bangalore,"3,223",-3,Need to Check
5000010,34,"September 15, 2026","3,108","23,600",South 1,Bangalore,"3,223",-3,Need to Check
5000010,40,"September 15, 2026","2,487","23,600",South 1,Bangalore,"2,602",-3,Need to Check
5000010,57,"September 15, 2026","2,901","23,600",South 1,Bangalore,"3,016",-3,Need to Check
5000010,58,"September 15, 2026","3,108","23,600",South 1,Bangalore,"3,223",-3,Need to Check
5000010,89,"September 15, 2026","2,901","23,600",South 1,Bangalore,"3,016",-3,Need to Check
0045959,21,"September 20, 2026","1,870","20,000",South 2,Hyderabad,"1,980",-4,Need to Check
0045959,21,"September 22, 2026","1,876","20,000",South 2,Hyderabad,"1,980",-4,Need to Check
0045959,22,"September 20, 2026","1,870","20,000",South 2,Hyderabad,"1,980",-4,Need to Check
0045959,22,"September 22, 2026","1,876","20,000",South 2,Hyderabad,"1,980",-4,Need to Check
0045959,27,"September 23, 2026","2,354","20,000",South 2,Hyderabad,"2,500",-4,Need to Check
0045959,27,"September 24, 2026","2,354","20,000",South 2,Hyderabad,"2,500",-4,Need to Check
0045959,28,"September 23, 2026","2,354","20,000",South 2,Hyderabad,"2,500",-4,Need to Check
0045959,28,"September 24, 2026","2,354","20,000",South 2,Hyderabad,"2,500",-4,Need to Check
0124913,17,"September 21, 2026","1,719","23,600",North 2,Dehradun,"1,809",-4,Need to Check
0124913,17,"September 22, 2026","1,719","23,600",North 2,Dehradun,"1,809",-4,Need to Check
0124913,17,"September 23, 2026","1,719","23,600",North 2,Dehradun,"1,809",-4,Need to Check
0124913,17,"September 24, 2026","1,719","23,600",North 2,Dehradun,"1,809",-4,Need to Check
0124913,18,"September 21, 2026","1,719","23,600",North 2,Dehradun,"1,809",-4,Need to Check
0124913,18,"September 22, 2026","1,719","23,600",North 2,Dehradun,"1,809",-4,Need to Check
0124913,18,"September 23, 2026","1,719","23,600",North 2,Dehradun,"1,809",-4,Need to Check
0124913,18,"September 24, 2026","1,719","23,600",North 2,Dehradun,"1,809",-4,Need to Check
0124913,19,"September 21, 2026","1,788","23,600",North 2,Dehradun,"1,879",-4,Need to Check
0124913,19,"September 22, 2026","1,788","23,600",North 2,Dehradun,"1,879",-4,Need to Check
0124913,19,"September 23, 2026","1,788","23,600",North 2,Dehradun,"1,879",-4,Need to Check
0124913,19,"September 24, 2026","1,788","23,600",North 2,Dehradun,"1,879",-4,Need to Check
0124913,20,"September 21, 2026","1,788","23,600",North 2,Dehradun,"1,879",-4,Need to Check
0124913,20,"September 22, 2026","1,788","23,600",North 2,Dehradun,"1,879",-4,Need to Check
0124913,20,"September 23, 2026","1,788","23,600",North 2,Dehradun,"1,879",-4,Need to Check
0124913,20,"September 24, 2026","1,788","23,600",North 2,Dehradun,"1,879",-4,Need to Check
0124913,50,"September 21, 2026","1,719","23,600",North 2,Dehradun,"1,809",-4,Need to Check
0124913,50,"September 22, 2026","1,719","23,600",North 2,Dehradun,"1,809",-4,Need to Check
0124913,50,"September 23, 2026","1,719","23,600",North 2,Dehradun,"1,809",-4,Need to Check
0124913,50,"September 24, 2026","1,719","23,600",North 2,Dehradun,"1,809",-4,Need to Check
0242206,25,"September 21, 2026","2,737","23,600",South 2,Chennai,"2,881",-4,Need to Check
0245564,17,"September 23, 2026","2,485","20,000",South 2,Chennai,"2,619",-4,Need to Check
0245564,17,"September 24, 2026","2,485","20,000",South 2,Chennai,"2,619",-4,Need to Check
0245564,18,"September 23, 2026","2,485","20,000",South 2,Chennai,"2,619",-4,Need to Check
0245564,18,"September 24, 2026","2,485","20,000",South 2,Chennai,"2,619",-4,Need to Check
0295705,17,"September 20, 2026","2,052","23,600",South 2,Visakhapatnam,"2,160",-4,Need to Check
0295705,18,"September 20, 2026","2,052","23,600",South 2,Visakhapatnam,"2,160",-4,Need to Check
0295705,50,"September 20, 2026","2,052","23,600",South 2,Visakhapatnam,"2,160",-4,Need to Check
0295705,87,"September 20, 2026","2,052","23,600",South 2,Visakhapatnam,"2,160",-4,Need to Check
0616586,23,"September 26, 2026","2,218","23,600",East,Bhubaneswar,"2,337",-4,Need to Check
0616586,24,"September 26, 2026","2,218","23,600",East,Bhubaneswar,"2,337",-4,Need to Check
0616586,25,"September 26, 2026","2,149","23,600",East,Bhubaneswar,"2,272",-4,Need to Check
0616586,26,"September 26, 2026","2,149","23,600",East,Bhubaneswar,"2,272",-4,Need to Check
1104841,25,"September 21, 2026","1,362","27,848",North 2,Haridwar,"1,433",-4,Need to Check
1104841,25,"September 22, 2026","1,362","27,848",North 2,Haridwar,"1,433",-4,Need to Check
1104841,25,"September 24, 2026","1,362","27,848",North 2,Haridwar,"1,433",-4,Need to Check
1104841,26,"September 21, 2026","1,362","27,848",North 2,Haridwar,"1,433",-4,Need to Check
1104841,26,"September 22, 2026","1,362","27,848",North 2,Haridwar,"1,433",-4,Need to Check
1104841,26,"September 24, 2026","1,362","27,848",North 2,Haridwar,"1,433",-4,Need to Check
1115459,16,"September 22, 2026","1,187","20,000",North 2,Nainital,"1,261",-4,Need to Check
1115459,17,"September 22, 2026","1,463","20,000",North 2,Nainital,"1,553",-4,Need to Check
1115459,18,"September 22, 2026","1,463","20,000",North 2,Nainital,"1,553",-4,Need to Check
1115459,50,"September 22, 2026","1,463","20,000",North 2,Nainital,"1,553",-4,Need to Check
1115459,52,"September 22, 2026","1,187","20,000",North 2,Nainital,"1,261",-4,Need to Check
1115459,87,"September 22, 2026","1,463","20,000",North 2,Nainital,"1,553",-4,Need to Check
1122516,35,"September 21, 2026","2,160","23,600",North 2,Dehradun,"2,275",-4,Need to Check
1122516,35,"September 22, 2026","2,160","23,600",North 2,Dehradun,"2,275",-4,Need to Check
1122516,35,"September 23, 2026","2,136","23,600",North 2,Dehradun,"2,275",-4,Need to Check
1122516,36,"September 21, 2026","2,160","23,600",North 2,Dehradun,"2,275",-4,Need to Check
1122516,36,"September 22, 2026","2,160","23,600",North 2,Dehradun,"2,275",-4,Need to Check
1122516,36,"September 23, 2026","2,136","23,600",North 2,Dehradun,"2,275",-4,Need to Check
1125534,17,"September 21, 2026","1,628","23,600",North 2,Dehradun,"1,714",-4,Need to Check
1125534,18,"September 21, 2026","1,628","23,600",North 2,Dehradun,"1,714",-4,Need to Check
1125534,19,"September 21, 2026","1,628","23,600",North 2,Dehradun,"1,714",-4,Need to Check
1125534,20,"September 21, 2026","1,628","23,600",North 2,Dehradun,"1,714",-4,Need to Check
1125534,29,"September 22, 2026","2,266","23,600",North 2,Dehradun,"2,413",-4,Need to Check
1125534,30,"September 22, 2026","2,266","23,600",North 2,Dehradun,"2,413",-4,Need to Check
1125534,31,"September 22, 2026","2,266","23,600",North 2,Dehradun,"2,413",-4,Need to Check
1125534,42,"September 21, 2026","3,008","23,600",North 2,Dehradun,"3,171",-4,Need to Check
1125534,42,"September 22, 2026","3,094","23,600",North 2,Dehradun,"3,265",-4,Need to Check
1125534,43,"September 21, 2026","3,008","23,600",North 2,Dehradun,"3,171",-4,Need to Check
1125534,43,"September 22, 2026","3,094","23,600",North 2,Dehradun,"3,265",-4,Need to Check
1125534,50,"September 21, 2026","1,628","23,600",North 2,Dehradun,"1,714",-4,Need to Check
1125534,57,"September 22, 2026","2,266","23,600",North 2,Dehradun,"2,413",-4,Need to Check
1125534,89,"September 22, 2026","2,266","23,600",North 2,Dehradun,"2,413",-4,Need to Check
1143227,17,"September 15, 2026","1,478","23,600",South 1,Munnar,"1,570",-4,Need to Check
1143227,18,"September 15, 2026","1,478","23,600",South 1,Munnar,"1,570",-4,Need to Check
1143227,19,"September 15, 2026","1,478","23,600",South 1,Munnar,"1,570",-4,Need to Check
1143227,20,"September 15, 2026","1,478","23,600",South 1,Munnar,"1,570",-4,Need to Check
1143227,50,"September 15, 2026","1,478","23,600",South 1,Munnar,"1,570",-4,Need to Check
1143227,51,"September 15, 2026","1,478","23,600",South 1,Munnar,"1,570",-4,Need to Check
1143227,87,"September 15, 2026","1,478","23,600",South 1,Munnar,"1,570",-4,Need to Check
1145293,17,"December 10, 2026","1,406","23,600",East,Ranchi,"1,487",-4,Need to Check
1145293,17,"December 11, 2026","1,406","23,600",East,Ranchi,"1,487",-4,Need to Check
1145293,18,"December 10, 2026","1,406","23,600",East,Ranchi,"1,487",-4,Need to Check
1145293,18,"December 11, 2026","1,406","23,600",East,Ranchi,"1,487",-4,Need to Check
1145293,19,"October 31, 2026","1,488","23,600",East,Ranchi,"1,584",-4,Need to Check
1145293,19,"November 1, 2026","1,488","23,600",East,Ranchi,"1,584",-4,Need to Check
1145293,19,"November 2, 2026","1,488","23,600",East,Ranchi,"1,584",-4,Need to Check
1145293,19,"November 3, 2026","1,488","23,600",East,Ranchi,"1,584",-4,Need to Check
1145293,19,"November 7, 2026","1,488","23,600",East,Ranchi,"1,584",-4,Need to Check
1145293,19,"November 8, 2026","1,488","23,600",East,Ranchi,"1,584",-4,Need to Check
1145293,19,"November 9, 2026","1,488","23,600",East,Ranchi,"1,584",-4,Need to Check
1145293,19,"November 10, 2026","1,488","23,600",East,Ranchi,"1,584",-4,Need to Check
1145293,19,"November 11, 2026","1,488","23,600",East,Ranchi,"1,584",-4,Need to Check
1145293,19,"November 12, 2026","1,488","23,600",East,Ranchi,"1,584",-4,Need to Check
1145293,19,"November 13, 2026","1,488","23,600",East,Ranchi,"1,584",-4,Need to Check
1145293,19,"November 14, 2026","1,488","23,600",East,Ranchi,"1,584",-4,Need to Check
1145293,19,"November 15, 2026","1,488","23,600",East,Ranchi,"1,584",-4,Need to Check
1145293,19,"November 16, 2026","1,488","23,600",East,Ranchi,"1,584",-4,Need to Check
1145293,19,"November 17, 2026","1,488","23,600",East,Ranchi,"1,584",-4,Need to Check
1145293,19,"November 18, 2026","1,488","23,600",East,Ranchi,"1,584",-4,Need to Check
1145293,19,"November 19, 2026","1,488","23,600",East,Ranchi,"1,584",-4,Need to Check
1145293,19,"November 20, 2026","1,488","23,600",East,Ranchi,"1,584",-4,Need to Check
1145293,19,"November 21, 2026","1,488","23,600",East,Ranchi,"1,584",-4,Need to Check
1145293,19,"November 22, 2026","1,488","23,600",East,Ranchi,"1,584",-4,Need to Check
1145293,19,"November 25, 2026","1,488","23,600",East,Ranchi,"1,584",-4,Need to Check
1145293,19,"November 26, 2026","1,488","23,600",East,Ranchi,"1,584",-4,Need to Check
1145293,19,"November 27, 2026","1,488","23,600",East,Ranchi,"1,584",-4,Need to Check
1145293,19,"November 28, 2026","1,488","23,600",East,Ranchi,"1,584",-4,Need to Check
1145293,19,"November 29, 2026","1,488","23,600",East,Ranchi,"1,584",-4,Need to Check
1145293,19,"December 3, 2026","1,488","23,600",East,Ranchi,"1,584",-4,Need to Check
1145293,19,"December 4, 2026","1,488","23,600",East,Ranchi,"1,584",-4,Need to Check
1145293,19,"December 5, 2026","1,488","23,600",East,Ranchi,"1,584",-4,Need to Check
1145293,19,"December 6, 2026","1,488","23,600",East,Ranchi,"1,584",-4,Need to Check
1145293,19,"December 7, 2026","1,488","23,600",East,Ranchi,"1,584",-4,Need to Check
1145293,19,"December 8, 2026","1,488","23,600",East,Ranchi,"1,584",-4,Need to Check
1145293,19,"December 9, 2026","1,488","23,600",East,Ranchi,"1,584",-4,Need to Check
1145293,19,"December 12, 2026","1,488","23,600",East,Ranchi,"1,584",-4,Need to Check
1145293,19,"December 13, 2026","1,488","23,600",East,Ranchi,"1,584",-4,Need to Check
1145293,19,"December 14, 2026","1,488","23,600",East,Ranchi,"1,584",-4,Need to Check
1145293,20,"October 31, 2026","1,488","23,600",East,Ranchi,"1,584",-4,Need to Check
1145293,20,"November 1, 2026","1,488","23,600",East,Ranchi,"1,584",-4,Need to Check
1145293,20,"November 2, 2026","1,488","23,600",East,Ranchi,"1,584",-4,Need to Check
1145293,20,"November 3, 2026","1,488","23,600",East,Ranchi,"1,584",-4,Need to Check
1145293,20,"November 7, 2026","1,488","23,600",East,Ranchi,"1,584",-4,Need to Check
1145293,20,"November 8, 2026","1,488","23,600",East,Ranchi,"1,584",-4,Need to Check
1145293,20,"November 9, 2026","1,488","23,600",East,Ranchi,"1,584",-4,Need to Check
1145293,20,"November 10, 2026","1,488","23,600",East,Ranchi,"1,584",-4,Need to Check
1145293,20,"November 11, 2026","1,488","23,600",East,Ranchi,"1,584",-4,Need to Check
1145293,20,"November 12, 2026","1,488","23,600",East,Ranchi,"1,584",-4,Need to Check
1145293,20,"November 13, 2026","1,488","23,600",East,Ranchi,"1,584",-4,Need to Check
1145293,20,"November 14, 2026","1,488","23,600",East,Ranchi,"1,584",-4,Need to Check
1145293,20,"November 15, 2026","1,488","23,600",East,Ranchi,"1,584",-4,Need to Check
1145293,20,"November 16, 2026","1,488","23,600",East,Ranchi,"1,584",-4,Need to Check
1145293,20,"November 17, 2026","1,488","23,600",East,Ranchi,"1,584",-4,Need to Check
1145293,20,"November 18, 2026","1,488","23,600",East,Ranchi,"1,584",-4,Need to Check
1145293,20,"November 19, 2026","1,488","23,600",East,Ranchi,"1,584",-4,Need to Check
1145293,20,"November 20, 2026","1,488","23,600",East,Ranchi,"1,584",-4,Need to Check
1145293,20,"November 21, 2026","1,488","23,600",East,Ranchi,"1,584",-4,Need to Check
1145293,20,"November 22, 2026","1,488","23,600",East,Ranchi,"1,584",-4,Need to Check
1145293,20,"November 25, 2026","1,488","23,600",East,Ranchi,"1,584",-4,Need to Check
1145293,20,"November 26, 2026","1,488","23,600",East,Ranchi,"1,584",-4,Need to Check
1145293,20,"November 27, 2026","1,488","23,600",East,Ranchi,"1,584",-4,Need to Check
1145293,20,"November 28, 2026","1,488","23,600",East,Ranchi,"1,584",-4,Need to Check
1145293,20,"November 29, 2026","1,488","23,600",East,Ranchi,"1,584",-4,Need to Check
1145293,20,"December 3, 2026","1,488","23,600",East,Ranchi,"1,584",-4,Need to Check
1145293,20,"December 4, 2026","1,488","23,600",East,Ranchi,"1,584",-4,Need to Check
1145293,20,"December 5, 2026","1,488","23,600",East,Ranchi,"1,584",-4,Need to Check
1145293,20,"December 6, 2026","1,488","23,600",East,Ranchi,"1,584",-4,Need to Check
1145293,20,"December 7, 2026","1,488","23,600",East,Ranchi,"1,584",-4,Need to Check
1145293,20,"December 8, 2026","1,488","23,600",East,Ranchi,"1,584",-4,Need to Check
1145293,20,"December 9, 2026","1,488","23,600",East,Ranchi,"1,584",-4,Need to Check
1145293,20,"December 12, 2026","1,488","23,600",East,Ranchi,"1,584",-4,Need to Check
1145293,20,"December 13, 2026","1,488","23,600",East,Ranchi,"1,584",-4,Need to Check
1145293,20,"December 14, 2026","1,488","23,600",East,Ranchi,"1,584",-4,Need to Check
1145293,21,"October 31, 2026","1,523","23,600",East,Ranchi,"1,617",-4,Need to Check
1145293,21,"November 1, 2026","1,523","23,600",East,Ranchi,"1,617",-4,Need to Check
1145293,21,"November 2, 2026","1,523","23,600",East,Ranchi,"1,617",-4,Need to Check
1145293,21,"November 3, 2026","1,523","23,600",East,Ranchi,"1,617",-4,Need to Check
1145293,21,"November 7, 2026","1,523","23,600",East,Ranchi,"1,617",-4,Need to Check
1145293,21,"November 8, 2026","1,523","23,600",East,Ranchi,"1,617",-4,Need to Check
1145293,21,"November 9, 2026","1,523","23,600",East,Ranchi,"1,617",-4,Need to Check
1145293,21,"November 10, 2026","1,523","23,600",East,Ranchi,"1,617",-4,Need to Check
1145293,21,"November 11, 2026","1,523","23,600",East,Ranchi,"1,617",-4,Need to Check
1145293,21,"November 12, 2026","1,523","23,600",East,Ranchi,"1,617",-4,Need to Check
1145293,21,"November 13, 2026","1,523","23,600",East,Ranchi,"1,617",-4,Need to Check
1145293,21,"November 14, 2026","1,523","23,600",East,Ranchi,"1,617",-4,Need to Check
1145293,21,"November 15, 2026","1,523","23,600",East,Ranchi,"1,617",-4,Need to Check
1145293,21,"November 16, 2026","1,523","23,600",East,Ranchi,"1,617",-4,Need to Check
1145293,21,"November 17, 2026","1,523","23,600",East,Ranchi,"1,617",-4,Need to Check
1145293,21,"November 18, 2026","1,523","23,600",East,Ranchi,"1,617",-4,Need to Check
1145293,21,"November 19, 2026","1,523","23,600",East,Ranchi,"1,617",-4,Need to Check
1145293,21,"November 20, 2026","1,523","23,600",East,Ranchi,"1,617",-4,Need to Check
1145293,21,"November 21, 2026","1,523","23,600",East,Ranchi,"1,617",-4,Need to Check
1145293,21,"November 22, 2026","1,523","23,600",East,Ranchi,"1,617",-4,Need to Check
1145293,21,"November 25, 2026","1,523","23,600",East,Ranchi,"1,617",-4,Need to Check
1145293,21,"November 26, 2026","1,523","23,600",East,Ranchi,"1,617",-4,Need to Check
1145293,21,"November 27, 2026","1,523","23,600",East,Ranchi,"1,617",-4,Need to Check
1145293,21,"November 28, 2026","1,523","23,600",East,Ranchi,"1,617",-4,Need to Check
1145293,21,"November 29, 2026","1,523","23,600",East,Ranchi,"1,617",-4,Need to Check
1145293,21,"December 3, 2026","1,523","23,600",East,Ranchi,"1,617",-4,Need to Check
1145293,21,"December 4, 2026","1,523","23,600",East,Ranchi,"1,617",-4,Need to Check
1145293,21,"December 5, 2026","1,523","23,600",East,Ranchi,"1,617",-4,Need to Check
1145293,21,"December 6, 2026","1,523","23,600",East,Ranchi,"1,617",-4,Need to Check
1145293,21,"December 7, 2026","1,523","23,600",East,Ranchi,"1,617",-4,Need to Check
1145293,21,"December 8, 2026","1,523","23,600",East,Ranchi,"1,617",-4,Need to Check
1145293,21,"December 9, 2026","1,523","23,600",East,Ranchi,"1,617",-4,Need to Check
1145293,21,"December 12, 2026","1,523","23,600",East,Ranchi,"1,617",-4,Need to Check
1145293,21,"December 13, 2026","1,523","23,600",East,Ranchi,"1,617",-4,Need to Check
1145293,21,"December 14, 2026","1,523","23,600",East,Ranchi,"1,617",-4,Need to Check
1145293,22,"October 31, 2026","1,523","23,600",East,Ranchi,"1,617",-4,Need to Check
1145293,22,"November 1, 2026","1,523","23,600",East,Ranchi,"1,617",-4,Need to Check
1145293,22,"November 2, 2026","1,523","23,600",East,Ranchi,"1,617",-4,Need to Check
1145293,22,"November 3, 2026","1,523","23,600",East,Ranchi,"1,617",-4,Need to Check
1145293,22,"November 7, 2026","1,523","23,600",East,Ranchi,"1,617",-4,Need to Check
1145293,22,"November 8, 2026","1,523","23,600",East,Ranchi,"1,617",-4,Need to Check
1145293,22,"November 9, 2026","1,523","23,600",East,Ranchi,"1,617",-4,Need to Check
1145293,22,"November 10, 2026","1,523","23,600",East,Ranchi,"1,617",-4,Need to Check
1145293,22,"November 11, 2026","1,523","23,600",East,Ranchi,"1,617",-4,Need to Check
1145293,22,"November 12, 2026","1,523","23,600",East,Ranchi,"1,617",-4,Need to Check
1145293,22,"November 13, 2026","1,523","23,600",East,Ranchi,"1,617",-4,Need to Check
1145293,22,"November 14, 2026","1,523","23,600",East,Ranchi,"1,617",-4,Need to Check
1145293,22,"November 15, 2026","1,523","23,600",East,Ranchi,"1,617",-4,Need to Check
1145293,22,"November 16, 2026","1,523","23,600",East,Ranchi,"1,617",-4,Need to Check
1145293,22,"November 17, 2026","1,523","23,600",East,Ranchi,"1,617",-4,Need to Check
1145293,22,"November 18, 2026","1,523","23,600",East,Ranchi,"1,617",-4,Need to Check
1145293,22,"November 19, 2026","1,523","23,600",East,Ranchi,"1,617",-4,Need to Check
1145293,22,"November 20, 2026","1,523","23,600",East,Ranchi,"1,617",-4,Need to Check
1145293,22,"November 21, 2026","1,523","23,600",East,Ranchi,"1,617",-4,Need to Check
1145293,22,"November 22, 2026","1,523","23,600",East,Ranchi,"1,617",-4,Need to Check
1145293,22,"November 25, 2026","1,523","23,600",East,Ranchi,"1,617",-4,Need to Check
1145293,22,"November 26, 2026","1,523","23,600",East,Ranchi,"1,617",-4,Need to Check
1145293,22,"November 27, 2026","1,523","23,600",East,Ranchi,"1,617",-4,Need to Check
1145293,22,"November 28, 2026","1,523","23,600",East,Ranchi,"1,617",-4,Need to Check
1145293,22,"November 29, 2026","1,523","23,600",East,Ranchi,"1,617",-4,Need to Check
1145293,22,"December 3, 2026","1,523","23,600",East,Ranchi,"1,617",-4,Need to Check
1145293,22,"December 4, 2026","1,523","23,600",East,Ranchi,"1,617",-4,Need to Check
1145293,22,"December 5, 2026","1,523","23,600",East,Ranchi,"1,617",-4,Need to Check
1145293,22,"December 6, 2026","1,523","23,600",East,Ranchi,"1,617",-4,Need to Check
1145293,22,"December 7, 2026","1,523","23,600",East,Ranchi,"1,617",-4,Need to Check
1145293,22,"December 8, 2026","1,523","23,600",East,Ranchi,"1,617",-4,Need to Check
1145293,22,"December 9, 2026","1,523","23,600",East,Ranchi,"1,617",-4,Need to Check
1145293,22,"December 12, 2026","1,523","23,600",East,Ranchi,"1,617",-4,Need to Check
1145293,22,"December 13, 2026","1,523","23,600",East,Ranchi,"1,617",-4,Need to Check
1145293,22,"December 14, 2026","1,523","23,600",East,Ranchi,"1,617",-4,Need to Check
1145293,23,"October 31, 2026","1,626","23,600",East,Ranchi,"1,714",-4,Need to Check
1145293,23,"November 1, 2026","1,626","23,600",East,Ranchi,"1,714",-4,Need to Check
1145293,23,"November 2, 2026","1,626","23,600",East,Ranchi,"1,714",-4,Need to Check
1145293,23,"November 3, 2026","1,626","23,600",East,Ranchi,"1,714",-4,Need to Check
1145293,23,"November 7, 2026","1,626","23,600",East,Ranchi,"1,714",-4,Need to Check
1145293,23,"November 8, 2026","1,626","23,600",East,Ranchi,"1,714",-4,Need to Check
1145293,23,"November 9, 2026","1,626","23,600",East,Ranchi,"1,714",-4,Need to Check
1145293,23,"November 10, 2026","1,626","23,600",East,Ranchi,"1,714",-4,Need to Check
1145293,23,"November 11, 2026","1,626","23,600",East,Ranchi,"1,714",-4,Need to Check
1145293,23,"November 12, 2026","1,626","23,600",East,Ranchi,"1,714",-4,Need to Check
1145293,23,"November 13, 2026","1,626","23,600",East,Ranchi,"1,714",-4,Need to Check
1145293,23,"November 14, 2026","1,626","23,600",East,Ranchi,"1,714",-4,Need to Check
1145293,23,"November 15, 2026","1,626","23,600",East,Ranchi,"1,714",-4,Need to Check
1145293,23,"November 16, 2026","1,626","23,600",East,Ranchi,"1,714",-4,Need to Check
1145293,23,"November 17, 2026","1,626","23,600",East,Ranchi,"1,714",-4,Need to Check
1145293,23,"November 18, 2026","1,626","23,600",East,Ranchi,"1,714",-4,Need to Check
1145293,23,"November 19, 2026","1,626","23,600",East,Ranchi,"1,714",-4,Need to Check
1145293,23,"November 20, 2026","1,626","23,600",East,Ranchi,"1,714",-4,Need to Check
1145293,23,"November 21, 2026","1,626","23,600",East,Ranchi,"1,714",-4,Need to Check
1145293,23,"November 22, 2026","1,626","23,600",East,Ranchi,"1,714",-4,Need to Check
1145293,23,"November 25, 2026","1,626","23,600",East,Ranchi,"1,714",-4,Need to Check
1145293,23,"November 26, 2026","1,626","23,600",East,Ranchi,"1,714",-4,Need to Check
1145293,23,"November 27, 2026","1,626","23,600",East,Ranchi,"1,714",-4,Need to Check
1145293,23,"November 28, 2026","1,626","23,600",East,Ranchi,"1,714",-4,Need to Check
1145293,23,"November 29, 2026","1,626","23,600",East,Ranchi,"1,714",-4,Need to Check
1145293,23,"December 3, 2026","1,626","23,600",East,Ranchi,"1,714",-4,Need to Check
1145293,23,"December 4, 2026","1,626","23,600",East,Ranchi,"1,714",-4,Need to Check
1145293,23,"December 5, 2026","1,626","23,600",East,Ranchi,"1,714",-4,Need to Check
1145293,23,"December 6, 2026","1,626","23,600",East,Ranchi,"1,714",-4,Need to Check
1145293,23,"December 7, 2026","1,626","23,600",East,Ranchi,"1,714",-4,Need to Check
1145293,23,"December 8, 2026","1,626","23,600",East,Ranchi,"1,714",-4,Need to Check
1145293,23,"December 9, 2026","1,626","23,600",East,Ranchi,"1,714",-4,Need to Check
1145293,23,"December 12, 2026","1,626","23,600",East,Ranchi,"1,714",-4,Need to Check
1145293,23,"December 13, 2026","1,626","23,600",East,Ranchi,"1,714",-4,Need to Check
1145293,23,"December 14, 2026","1,626","23,600",East,Ranchi,"1,714",-4,Need to Check
1145293,24,"October 31, 2026","1,626","23,600",East,Ranchi,"1,714",-4,Need to Check
1145293,24,"November 1, 2026","1,626","23,600",East,Ranchi,"1,714",-4,Need to Check
1145293,24,"November 2, 2026","1,626","23,600",East,Ranchi,"1,714",-4,Need to Check
1145293,24,"November 3, 2026","1,626","23,600",East,Ranchi,"1,714",-4,Need to Check
1145293,24,"November 7, 2026","1,626","23,600",East,Ranchi,"1,714",-4,Need to Check
1145293,24,"November 8, 2026","1,626","23,600",East,Ranchi,"1,714",-4,Need to Check
1145293,24,"November 9, 2026","1,626","23,600",East,Ranchi,"1,714",-4,Need to Check
1145293,24,"November 10, 2026","1,626","23,600",East,Ranchi,"1,714",-4,Need to Check
1145293,24,"November 11, 2026","1,626","23,600",East,Ranchi,"1,714",-4,Need to Check
1145293,24,"November 12, 2026","1,626","23,600",East,Ranchi,"1,714",-4,Need to Check
1145293,24,"November 13, 2026","1,626","23,600",East,Ranchi,"1,714",-4,Need to Check
1145293,24,"November 14, 2026","1,626","23,600",East,Ranchi,"1,714",-4,Need to Check
1145293,24,"November 15, 2026","1,626","23,600",East,Ranchi,"1,714",-4,Need to Check
1145293,24,"November 16, 2026","1,626","23,600",East,Ranchi,"1,714",-4,Need to Check
1145293,24,"November 17, 2026","1,626","23,600",East,Ranchi,"1,714",-4,Need to Check
1145293,24,"November 18, 2026","1,626","23,600",East,Ranchi,"1,714",-4,Need to Check
1145293,24,"November 19, 2026","1,626","23,600",East,Ranchi,"1,714",-4,Need to Check
1145293,24,"November 20, 2026","1,626","23,600",East,Ranchi,"1,714",-4,Need to Check
1145293,24,"November 21, 2026","1,626","23,600",East,Ranchi,"1,714",-4,Need to Check
1145293,24,"November 22, 2026","1,626","23,600",East,Ranchi,"1,714",-4,Need to Check
1145293,24,"November 25, 2026","1,626","23,600",East,Ranchi,"1,714",-4,Need to Check
1145293,24,"November 26, 2026","1,626","23,600",East,Ranchi,"1,714",-4,Need to Check
1145293,24,"November 27, 2026","1,626","23,600",East,Ranchi,"1,714",-4,Need to Check
1145293,24,"November 28, 2026","1,626","23,600",East,Ranchi,"1,714",-4,Need to Check
1145293,24,"November 29, 2026","1,626","23,600",East,Ranchi,"1,714",-4,Need to Check
1145293,24,"December 3, 2026","1,626","23,600",East,Ranchi,"1,714",-4,Need to Check
1145293,24,"December 4, 2026","1,626","23,600",East,Ranchi,"1,714",-4,Need to Check
1145293,24,"December 5, 2026","1,626","23,600",East,Ranchi,"1,714",-4,Need to Check
1145293,24,"December 6, 2026","1,626","23,600",East,Ranchi,"1,714",-4,Need to Check
1145293,24,"December 7, 2026","1,626","23,600",East,Ranchi,"1,714",-4,Need to Check
1145293,24,"December 8, 2026","1,626","23,600",East,Ranchi,"1,714",-4,Need to Check
1145293,24,"December 9, 2026","1,626","23,600",East,Ranchi,"1,714",-4,Need to Check
1145293,24,"December 12, 2026","1,626","23,600",East,Ranchi,"1,714",-4,Need to Check
1145293,24,"December 13, 2026","1,626","23,600",East,Ranchi,"1,714",-4,Need to Check
1145293,24,"December 14, 2026","1,626","23,600",East,Ranchi,"1,714",-4,Need to Check
1145293,39,"October 31, 2026","1,523","23,600",East,Ranchi,"1,617",-4,Need to Check
1145293,39,"November 1, 2026","1,523","23,600",East,Ranchi,"1,617",-4,Need to Check
1145293,39,"November 2, 2026","1,523","23,600",East,Ranchi,"1,617",-4,Need to Check
1145293,39,"November 3, 2026","1,523","23,600",East,Ranchi,"1,617",-4,Need to Check
1145293,39,"November 7, 2026","1,523","23,600",East,Ranchi,"1,617",-4,Need to Check
1145293,39,"November 8, 2026","1,523","23,600",East,Ranchi,"1,617",-4,Need to Check
1145293,39,"November 9, 2026","1,523","23,600",East,Ranchi,"1,617",-4,Need to Check
1145293,39,"November 10, 2026","1,523","23,600",East,Ranchi,"1,617",-4,Need to Check
1145293,39,"November 11, 2026","1,523","23,600",East,Ranchi,"1,617",-4,Need to Check
1145293,39,"November 12, 2026","1,523","23,600",East,Ranchi,"1,617",-4,Need to Check
1145293,39,"November 13, 2026","1,523","23,600",East,Ranchi,"1,617",-4,Need to Check
1145293,39,"November 14, 2026","1,523","23,600",East,Ranchi,"1,617",-4,Need to Check
1145293,39,"November 15, 2026","1,523","23,600",East,Ranchi,"1,617",-4,Need to Check
1145293,39,"November 16, 2026","1,523","23,600",East,Ranchi,"1,617",-4,Need to Check
1145293,39,"November 17, 2026","1,523","23,600",East,Ranchi,"1,617",-4,Need to Check
1145293,39,"November 18, 2026","1,523","23,600",East,Ranchi,"1,617",-4,Need to Check
1145293,39,"November 19, 2026","1,523","23,600",East,Ranchi,"1,617",-4,Need to Check
1145293,39,"November 20, 2026","1,523","23,600",East,Ranchi,"1,617",-4,Need to Check
1145293,39,"November 21, 2026","1,523","23,600",East,Ranchi,"1,617",-4,Need to Check
1145293,39,"November 22, 2026","1,523","23,600",East,Ranchi,"1,617",-4,Need to Check
1145293,39,"November 25, 2026","1,523","23,600",East,Ranchi,"1,617",-4,Need to Check
1145293,39,"November 26, 2026","1,523","23,600",East,Ranchi,"1,617",-4,Need to Check
1145293,39,"November 27, 2026","1,523","23,600",East,Ranchi,"1,617",-4,Need to Check
1145293,39,"November 28, 2026","1,523","23,600",East,Ranchi,"1,617",-4,Need to Check
1145293,39,"November 29, 2026","1,523","23,600",East,Ranchi,"1,617",-4,Need to Check
1145293,39,"December 3, 2026","1,523","23,600",East,Ranchi,"1,617",-4,Need to Check
1145293,39,"December 4, 2026","1,523","23,600",East,Ranchi,"1,617",-4,Need to Check
1145293,39,"December 5, 2026","1,523","23,600",East,Ranchi,"1,617",-4,Need to Check
1145293,39,"December 6, 2026","1,523","23,600",East,Ranchi,"1,617",-4,Need to Check
1145293,39,"December 7, 2026","1,523","23,600",East,Ranchi,"1,617",-4,Need to Check
1145293,39,"December 8, 2026","1,523","23,600",East,Ranchi,"1,617",-4,Need to Check
1145293,39,"December 9, 2026","1,523","23,600",East,Ranchi,"1,617",-4,Need to Check
1145293,39,"December 12, 2026","1,523","23,600",East,Ranchi,"1,617",-4,Need to Check
1145293,39,"December 13, 2026","1,523","23,600",East,Ranchi,"1,617",-4,Need to Check
1145293,39,"December 14, 2026","1,523","23,600",East,Ranchi,"1,617",-4,Need to Check
1145293,40,"October 31, 2026","1,626","23,600",East,Ranchi,"1,714",-4,Need to Check
1145293,40,"November 1, 2026","1,626","23,600",East,Ranchi,"1,714",-4,Need to Check
1145293,40,"November 2, 2026","1,626","23,600",East,Ranchi,"1,714",-4,Need to Check
1145293,40,"November 3, 2026","1,626","23,600",East,Ranchi,"1,714",-4,Need to Check
1145293,40,"November 7, 2026","1,626","23,600",East,Ranchi,"1,714",-4,Need to Check
1145293,40,"November 8, 2026","1,626","23,600",East,Ranchi,"1,714",-4,Need to Check
1145293,40,"November 9, 2026","1,626","23,600",East,Ranchi,"1,714",-4,Need to Check
1145293,40,"November 10, 2026","1,626","23,600",East,Ranchi,"1,714",-4,Need to Check
1145293,40,"November 11, 2026","1,626","23,600",East,Ranchi,"1,714",-4,Need to Check
1145293,40,"November 12, 2026","1,626","23,600",East,Ranchi,"1,714",-4,Need to Check
1145293,40,"November 13, 2026","1,626","23,600",East,Ranchi,"1,714",-4,Need to Check
1145293,40,"November 14, 2026","1,626","23,600",East,Ranchi,"1,714",-4,Need to Check
1145293,40,"November 15, 2026","1,626","23,600",East,Ranchi,"1,714",-4,Need to Check
1145293,40,"November 16, 2026","1,626","23,600",East,Ranchi,"1,714",-4,Need to Check
1145293,40,"November 17, 2026","1,626","23,600",East,Ranchi,"1,714",-4,Need to Check
1145293,40,"November 18, 2026","1,626","23,600",East,Ranchi,"1,714",-4,Need to Check
1145293,40,"November 19, 2026","1,626","23,600",East,Ranchi,"1,714",-4,Need to Check
1145293,40,"November 20, 2026","1,626","23,600",East,Ranchi,"1,714",-4,Need to Check
1145293,40,"November 21, 2026","1,626","23,600",East,Ranchi,"1,714",-4,Need to Check
1145293,40,"November 22, 2026","1,626","23,600",East,Ranchi,"1,714",-4,Need to Check
1145293,40,"November 25, 2026","1,626","23,600",East,Ranchi,"1,714",-4,Need to Check
1145293,40,"November 26, 2026","1,626","23,600",East,Ranchi,"1,714",-4,Need to Check
1145293,40,"November 27, 2026","1,626","23,600",East,Ranchi,"1,714",-4,Need to Check
1145293,40,"November 28, 2026","1,626","23,600",East,Ranchi,"1,714",-4,Need to Check
1145293,40,"November 29, 2026","1,626","23,600",East,Ranchi,"1,714",-4,Need to Check
1145293,40,"December 3, 2026","1,626","23,600",East,Ranchi,"1,714",-4,Need to Check
1145293,40,"December 4, 2026","1,626","23,600",East,Ranchi,"1,714",-4,Need to Check
1145293,40,"December 5, 2026","1,626","23,600",East,Ranchi,"1,714",-4,Need to Check
1145293,40,"December 6, 2026","1,626","23,600",East,Ranchi,"1,714",-4,Need to Check
1145293,40,"December 7, 2026","1,626","23,600",East,Ranchi,"1,714",-4,Need to Check
1145293,40,"December 8, 2026","1,626","23,600",East,Ranchi,"1,714",-4,Need to Check
1145293,40,"December 9, 2026","1,626","23,600",East,Ranchi,"1,714",-4,Need to Check
1145293,40,"December 12, 2026","1,626","23,600",East,Ranchi,"1,714",-4,Need to Check
1145293,40,"December 13, 2026","1,626","23,600",East,Ranchi,"1,714",-4,Need to Check
1145293,40,"December 14, 2026","1,626","23,600",East,Ranchi,"1,714",-4,Need to Check
1145293,50,"December 10, 2026","1,406","23,600",East,Ranchi,"1,487",-4,Need to Check
1145293,50,"December 11, 2026","1,406","23,600",East,Ranchi,"1,487",-4,Need to Check
1145293,51,"October 31, 2026","1,488","23,600",East,Ranchi,"1,584",-4,Need to Check
1145293,51,"November 1, 2026","1,488","23,600",East,Ranchi,"1,584",-4,Need to Check
1145293,51,"November 2, 2026","1,488","23,600",East,Ranchi,"1,584",-4,Need to Check
1145293,51,"November 3, 2026","1,488","23,600",East,Ranchi,"1,584",-4,Need to Check
1145293,51,"November 7, 2026","1,488","23,600",East,Ranchi,"1,584",-4,Need to Check
1145293,51,"November 8, 2026","1,488","23,600",East,Ranchi,"1,584",-4,Need to Check
1145293,51,"November 9, 2026","1,488","23,600",East,Ranchi,"1,584",-4,Need to Check
1145293,51,"November 10, 2026","1,488","23,600",East,Ranchi,"1,584",-4,Need to Check
1145293,51,"November 11, 2026","1,488","23,600",East,Ranchi,"1,584",-4,Need to Check
1145293,51,"November 12, 2026","1,488","23,600",East,Ranchi,"1,584",-4,Need to Check
1145293,51,"November 13, 2026","1,488","23,600",East,Ranchi,"1,584",-4,Need to Check
1145293,51,"November 14, 2026","1,488","23,600",East,Ranchi,"1,584",-4,Need to Check
1145293,51,"November 15, 2026","1,488","23,600",East,Ranchi,"1,584",-4,Need to Check
1145293,51,"November 16, 2026","1,488","23,600",East,Ranchi,"1,584",-4,Need to Check
1145293,51,"November 17, 2026","1,488","23,600",East,Ranchi,"1,584",-4,Need to Check
1145293,51,"November 18, 2026","1,488","23,600",East,Ranchi,"1,584",-4,Need to Check
1145293,51,"November 19, 2026","1,488","23,600",East,Ranchi,"1,584",-4,Need to Check
1145293,51,"November 20, 2026","1,488","23,600",East,Ranchi,"1,584",-4,Need to Check
1145293,51,"November 21, 2026","1,488","23,600",East,Ranchi,"1,584",-4,Need to Check
1145293,51,"November 22, 2026","1,488","23,600",East,Ranchi,"1,584",-4,Need to Check
1145293,51,"November 25, 2026","1,488","23,600",East,Ranchi,"1,584",-4,Need to Check
1145293,51,"November 26, 2026","1,488","23,600",East,Ranchi,"1,584",-4,Need to Check
1145293,51,"November 27, 2026","1,488","23,600",East,Ranchi,"1,584",-4,Need to Check
1145293,51,"November 28, 2026","1,488","23,600",East,Ranchi,"1,584",-4,Need to Check
1145293,51,"November 29, 2026","1,488","23,600",East,Ranchi,"1,584",-4,Need to Check
1145293,51,"December 3, 2026","1,488","23,600",East,Ranchi,"1,584",-4,Need to Check
1145293,51,"December 4, 2026","1,488","23,600",East,Ranchi,"1,584",-4,Need to Check
1145293,51,"December 5, 2026","1,488","23,600",East,Ranchi,"1,584",-4,Need to Check
1145293,51,"December 6, 2026","1,488","23,600",East,Ranchi,"1,584",-4,Need to Check
1145293,51,"December 7, 2026","1,488","23,600",East,Ranchi,"1,584",-4,Need to Check
1145293,51,"December 8, 2026","1,488","23,600",East,Ranchi,"1,584",-4,Need to Check
1145293,51,"December 9, 2026","1,488","23,600",East,Ranchi,"1,584",-4,Need to Check
1145293,51,"December 12, 2026","1,488","23,600",East,Ranchi,"1,584",-4,Need to Check
1145293,51,"December 13, 2026","1,488","23,600",East,Ranchi,"1,584",-4,Need to Check
1145293,51,"December 14, 2026","1,488","23,600",East,Ranchi,"1,584",-4,Need to Check
1145293,83,"October 31, 2026","1,523","23,600",East,Ranchi,"1,617",-4,Need to Check
1145293,83,"November 1, 2026","1,523","23,600",East,Ranchi,"1,617",-4,Need to Check
1145293,83,"November 2, 2026","1,523","23,600",East,Ranchi,"1,617",-4,Need to Check
1145293,83,"November 3, 2026","1,523","23,600",East,Ranchi,"1,617",-4,Need to Check
1145293,83,"November 7, 2026","1,523","23,600",East,Ranchi,"1,617",-4,Need to Check
1145293,83,"November 8, 2026","1,523","23,600",East,Ranchi,"1,617",-4,Need to Check
1145293,83,"November 9, 2026","1,523","23,600",East,Ranchi,"1,617",-4,Need to Check
1145293,83,"November 10, 2026","1,523","23,600",East,Ranchi,"1,617",-4,Need to Check
1145293,83,"November 11, 2026","1,523","23,600",East,Ranchi,"1,617",-4,Need to Check
1145293,83,"November 12, 2026","1,523","23,600",East,Ranchi,"1,617",-4,Need to Check
1145293,83,"November 13, 2026","1,523","23,600",East,Ranchi,"1,617",-4,Need to Check
1145293,83,"November 14, 2026","1,523","23,600",East,Ranchi,"1,617",-4,Need to Check
1145293,83,"November 15, 2026","1,523","23,600",East,Ranchi,"1,617",-4,Need to Check
1145293,83,"November 16, 2026","1,523","23,600",East,Ranchi,"1,617",-4,Need to Check
1145293,83,"November 17, 2026","1,523","23,600",East,Ranchi,"1,617",-4,Need to Check
1145293,83,"November 18, 2026","1,523","23,600",East,Ranchi,"1,617",-4,Need to Check
1145293,83,"November 19, 2026","1,523","23,600",East,Ranchi,"1,617",-4,Need to Check
1145293,83,"November 20, 2026","1,523","23,600",East,Ranchi,"1,617",-4,Need to Check
1145293,83,"November 21, 2026","1,523","23,600",East,Ranchi,"1,617",-4,Need to Check
1145293,83,"November 22, 2026","1,523","23,600",East,Ranchi,"1,617",-4,Need to Check
1145293,83,"November 25, 2026","1,523","23,600",East,Ranchi,"1,617",-4,Need to Check
1145293,83,"November 26, 2026","1,523","23,600",East,Ranchi,"1,617",-4,Need to Check
1145293,83,"November 27, 2026","1,523","23,600",East,Ranchi,"1,617",-4,Need to Check
1145293,83,"November 28, 2026","1,523","23,600",East,Ranchi,"1,617",-4,Need to Check
1145293,83,"November 29, 2026","1,523","23,600",East,Ranchi,"1,617",-4,Need to Check
1145293,83,"December 3, 2026","1,523","23,600",East,Ranchi,"1,617",-4,Need to Check
1145293,83,"December 4, 2026","1,523","23,600",East,Ranchi,"1,617",-4,Need to Check
1145293,83,"December 5, 2026","1,523","23,600",East,Ranchi,"1,617",-4,Need to Check
1145293,83,"December 6, 2026","1,523","23,600",East,Ranchi,"1,617",-4,Need to Check
1145293,83,"December 7, 2026","1,523","23,600",East,Ranchi,"1,617",-4,Need to Check
1145293,83,"December 8, 2026","1,523","23,600",East,Ranchi,"1,617",-4,Need to Check
1145293,83,"December 9, 2026","1,523","23,600",East,Ranchi,"1,617",-4,Need to Check
1145293,83,"December 12, 2026","1,523","23,600",East,Ranchi,"1,617",-4,Need to Check
1145293,83,"December 13, 2026","1,523","23,600",East,Ranchi,"1,617",-4,Need to Check
1145293,83,"December 14, 2026","1,523","23,600",East,Ranchi,"1,617",-4,Need to Check
1145293,87,"December 10, 2026","1,406","23,600",East,Ranchi,"1,487",-4,Need to Check
1145293,87,"December 11, 2026","1,406","23,600",East,Ranchi,"1,487",-4,Need to Check
1204840,15,"September 22, 2026","1,148","27,848",North 2,Shimla,"1,212",-4,Need to Check
1204840,16,"September 22, 2026","1,148","27,848",North 2,Shimla,"1,212",-4,Need to Check
1204840,38,"September 22, 2026","1,148","27,848",North 2,Shimla,"1,212",-4,Need to Check
1204840,52,"September 22, 2026","1,148","27,848",North 2,Shimla,"1,212",-4,Need to Check
1204840,78,"September 22, 2026","1,148","27,848",North 2,Shimla,"1,212",-4,Need to Check
1204840,79,"September 22, 2026","1,148","27,848",North 2,Shimla,"1,212",-4,Need to Check
1205898,27,"September 21, 2026","2,035","23,600",North 2,Prayagraj,"2,140",-4,Need to Check
1205898,28,"September 21, 2026","2,035","23,600",North 2,Prayagraj,"2,140",-4,Need to Check
1205898,29,"September 21, 2026","1,828","23,600",North 2,Prayagraj,"1,945",-4,Need to Check
1205898,30,"September 21, 2026","1,828","23,600",North 2,Prayagraj,"1,945",-4,Need to Check
1205898,31,"September 21, 2026","1,828","23,600",North 2,Prayagraj,"1,945",-4,Need to Check
1205898,32,"September 21, 2026","2,001","23,600",North 2,Prayagraj,"2,108",-4,Need to Check
1205898,33,"September 21, 2026","2,001","23,600",North 2,Prayagraj,"2,108",-4,Need to Check
1205898,34,"September 21, 2026","2,001","23,600",North 2,Prayagraj,"2,108",-4,Need to Check
1205898,57,"September 21, 2026","1,828","23,600",North 2,Prayagraj,"1,945",-4,Need to Check
1205898,58,"September 21, 2026","2,001","23,600",North 2,Prayagraj,"2,108",-4,Need to Check
1205898,89,"September 21, 2026","1,828","23,600",North 2,Prayagraj,"1,945",-4,Need to Check
1207440,15,"September 21, 2026","1,619","32,861",North 2,Shimla,"1,714",-4,Need to Check
1207440,15,"September 22, 2026","1,619","32,861",North 2,Shimla,"1,714",-4,Need to Check
1207440,15,"September 23, 2026","1,619","32,861",North 2,Shimla,"1,714",-4,Need to Check
1207440,15,"September 24, 2026","1,619","32,861",North 2,Shimla,"1,714",-4,Need to Check
1207440,16,"September 21, 2026","1,619","32,861",North 2,Shimla,"1,714",-4,Need to Check
1207440,16,"September 22, 2026","1,619","32,861",North 2,Shimla,"1,714",-4,Need to Check
1207440,16,"September 23, 2026","1,619","32,861",North 2,Shimla,"1,714",-4,Need to Check
1207440,16,"September 24, 2026","1,619","32,861",North 2,Shimla,"1,714",-4,Need to Check
1207440,38,"September 21, 2026","1,619","32,861",North 2,Shimla,"1,714",-4,Need to Check
1207440,38,"September 22, 2026","1,619","32,861",North 2,Shimla,"1,714",-4,Need to Check
1207440,38,"September 23, 2026","1,619","32,861",North 2,Shimla,"1,714",-4,Need to Check
1207440,38,"September 24, 2026","1,619","32,861",North 2,Shimla,"1,714",-4,Need to Check
1207440,52,"September 21, 2026","1,619","32,861",North 2,Shimla,"1,714",-4,Need to Check
1207440,52,"September 22, 2026","1,619","32,861",North 2,Shimla,"1,714",-4,Need to Check
1207440,52,"September 23, 2026","1,619","32,861",North 2,Shimla,"1,714",-4,Need to Check
1207440,52,"September 24, 2026","1,619","32,861",North 2,Shimla,"1,714",-4,Need to Check
1244531,21,"September 20, 2026","2,893","23,600",South 2,Chennai,"3,045",-4,Need to Check
1244531,22,"September 20, 2026","2,893","23,600",South 2,Chennai,"3,045",-4,Need to Check
1244531,39,"September 20, 2026","2,893","23,600",South 2,Chennai,"3,045",-4,Need to Check
1244990,17,"September 20, 2026","2,192","23,600",South 2,Chennai,"2,307",-4,Need to Check
1244990,18,"September 20, 2026","2,192","23,600",South 2,Chennai,"2,307",-4,Need to Check
1244990,19,"September 20, 2026","2,295","23,600",South 2,Chennai,"2,412",-4,Need to Check
1244990,20,"September 20, 2026","2,295","23,600",South 2,Chennai,"2,412",-4,Need to Check
1244990,21,"September 20, 2026","2,295","23,600",South 2,Chennai,"2,412",-4,Need to Check
1244990,22,"September 20, 2026","2,295","23,600",South 2,Chennai,"2,412",-4,Need to Check
1244990,39,"September 20, 2026","2,295","23,600",South 2,Chennai,"2,412",-4,Need to Check
1244990,50,"September 20, 2026","2,192","23,600",South 2,Chennai,"2,307",-4,Need to Check
1244990,83,"September 20, 2026","2,295","23,600",South 2,Chennai,"2,412",-4,Need to Check
1244990,97,"September 20, 2026","2,295","23,600",South 2,Chennai,"2,412",-4,Need to Check
1247056,17,"September 20, 2026","2,395","23,600",South 2,Chennai,"2,526",-4,Need to Check
1247056,18,"September 20, 2026","2,395","23,600",South 2,Chennai,"2,526",-4,Need to Check
1247056,50,"September 20, 2026","2,395","23,600",South 2,Chennai,"2,526",-4,Need to Check
1261835,23,"September 20, 2026","2,089","23,600",South 2,Coimbatore,"2,195",-4,Need to Check
1261835,24,"September 20, 2026","2,089","23,600",South 2,Coimbatore,"2,195",-4,Need to Check
1261835,29,"September 20, 2026","1,985","23,600",South 2,Coimbatore,"2,098",-4,Need to Check
1261835,30,"September 20, 2026","1,985","23,600",South 2,Coimbatore,"2,098",-4,Need to Check
1261835,31,"September 20, 2026","1,985","23,600",South 2,Coimbatore,"2,098",-4,Need to Check
1261835,40,"September 20, 2026","2,089","23,600",South 2,Coimbatore,"2,195",-4,Need to Check
1261835,57,"September 20, 2026","1,985","23,600",South 2,Coimbatore,"2,098",-4,Need to Check
1261835,89,"September 20, 2026","1,985","23,600",South 2,Coimbatore,"2,098",-4,Need to Check
1265433,19,"September 21, 2026","1,808","23,600",South 2,Coimbatore,"1,923",-4,Need to Check
1265433,20,"September 21, 2026","1,808","23,600",South 2,Coimbatore,"1,923",-4,Need to Check
1265433,21,"September 21, 2026","1,843","23,600",South 2,Coimbatore,"1,958",-4,Need to Check
1265433,22,"September 21, 2026","1,843","23,600",South 2,Coimbatore,"1,958",-4,Need to Check
1265433,23,"September 21, 2026","1,981","23,600",South 2,Coimbatore,"2,096",-4,Need to Check
1265433,24,"September 21, 2026","1,981","23,600",South 2,Coimbatore,"2,096",-4,Need to Check
1265433,39,"September 21, 2026","1,843","23,600",South 2,Coimbatore,"1,958",-4,Need to Check
1265433,40,"September 21, 2026","1,981","23,600",South 2,Coimbatore,"2,096",-4,Need to Check
1265433,83,"September 21, 2026","1,843","23,600",South 2,Coimbatore,"1,958",-4,Need to Check
1298362,19,"September 21, 2026","1,839","23,600",South 2,Visakhapatnam,"1,955",-4,Need to Check
1298362,20,"September 21, 2026","1,839","23,600",South 2,Visakhapatnam,"1,955",-4,Need to Check
1298362,21,"September 21, 2026","2,046","23,600",South 2,Visakhapatnam,"2,162",-4,Need to Check
1298362,22,"September 21, 2026","2,046","23,600",South 2,Visakhapatnam,"2,162",-4,Need to Check
1298362,23,"September 21, 2026","2,184","23,600",South 2,Visakhapatnam,"2,300",-4,Need to Check
1298362,24,"September 21, 2026","2,184","23,600",South 2,Visakhapatnam,"2,300",-4,Need to Check
1298362,27,"September 20, 2026","2,697","23,600",South 2,Visakhapatnam,"2,866",-4,Need to Check
1298362,28,"September 20, 2026","2,697","23,600",South 2,Visakhapatnam,"2,866",-4,Need to Check
1298362,39,"September 21, 2026","2,046","23,600",South 2,Visakhapatnam,"2,162",-4,Need to Check
1298362,40,"September 21, 2026","2,184","23,600",South 2,Visakhapatnam,"2,300",-4,Need to Check
1298362,51,"September 21, 2026","1,839","23,600",South 2,Visakhapatnam,"1,955",-4,Need to Check
1298362,83,"September 21, 2026","2,046","23,600",South 2,Visakhapatnam,"2,162",-4,Need to Check
1381105,21,"September 23, 2026","1,822","23,600",West,Goa,"1,917",-4,Need to Check
1381105,22,"September 23, 2026","1,822","23,600",West,Goa,"1,917",-4,Need to Check
1381105,29,"September 21, 2026","2,169","23,600",West,Goa,"2,307",-4,Need to Check
1381105,30,"September 21, 2026","2,169","23,600",West,Goa,"2,307",-4,Need to Check
1381105,31,"September 21, 2026","2,169","23,600",West,Goa,"2,307",-4,Need to Check
1381105,32,"September 21, 2026","2,238","23,600",West,Goa,"2,372",-4,Need to Check
1381105,33,"September 21, 2026","2,238","23,600",West,Goa,"2,372",-4,Need to Check
1381105,34,"September 21, 2026","2,238","23,600",West,Goa,"2,372",-4,Need to Check
1381105,39,"September 23, 2026","1,822","23,600",West,Goa,"1,917",-4,Need to Check
1381105,57,"September 21, 2026","2,169","23,600",West,Goa,"2,307",-4,Need to Check
1381105,83,"September 23, 2026","1,822","23,600",West,Goa,"1,917",-4,Need to Check
1381541,23,"September 21, 2026","1,682","23,600",West,Goa,"1,790",-4,Need to Check
1381541,24,"September 21, 2026","1,682","23,600",West,Goa,"1,790",-4,Need to Check
1381541,29,"September 21, 2026","1,751","23,600",West,Goa,"1,855",-4,Need to Check
1381541,30,"September 21, 2026","1,751","23,600",West,Goa,"1,855",-4,Need to Check
1381541,31,"September 21, 2026","1,751","23,600",West,Goa,"1,855",-4,Need to Check
1381541,40,"September 21, 2026","1,682","23,600",West,Goa,"1,790",-4,Need to Check
1381541,57,"September 21, 2026","1,751","23,600",West,Goa,"1,855",-4,Need to Check
1441289,42,"September 15, 2026","4,863","23,600",South 1,Ooty,"5,144",-4,Need to Check
1441289,43,"September 15, 2026","4,863","23,600",South 1,Ooty,"5,144",-4,Need to Check
1472459,29,"September 15, 2026","1,653","23,600",South 1,Coorg,"1,760",-4,Need to Check
1472459,30,"September 15, 2026","1,653","23,600",South 1,Coorg,"1,760",-4,Need to Check
1472459,31,"September 15, 2026","1,653","23,600",South 1,Coorg,"1,760",-4,Need to Check
1472459,32,"September 15, 2026","1,653","23,600",South 1,Coorg,"1,760",-4,Need to Check
1472459,33,"September 15, 2026","1,653","23,600",South 1,Coorg,"1,760",-4,Need to Check
1472459,34,"September 15, 2026","1,653","23,600",South 1,Coorg,"1,760",-4,Need to Check
1472459,57,"September 15, 2026","1,653","23,600",South 1,Coorg,"1,760",-4,Need to Check
1472459,58,"September 15, 2026","1,653","23,600",South 1,Coorg,"1,760",-4,Need to Check
1472459,89,"September 15, 2026","1,653","23,600",South 1,Coorg,"1,760",-4,Need to Check
1479075,15,"September 16, 2026",897,"23,600",South 1,Coorg,943,-4,Need to Check
1479075,16,"September 16, 2026",897,"23,600",South 1,Coorg,943,-4,Need to Check
1479075,17,"September 15, 2026","1,010","23,600",South 1,Coorg,"1,071",-4,Need to Check
1479075,18,"September 15, 2026","1,010","23,600",South 1,Coorg,"1,071",-4,Need to Check
1479075,19,"September 15, 2026","1,010","23,600",South 1,Coorg,"1,071",-4,Need to Check
1479075,20,"September 15, 2026","1,010","23,600",South 1,Coorg,"1,071",-4,Need to Check
1479075,25,"September 15, 2026","1,010","23,600",South 1,Coorg,"1,071",-4,Need to Check
1479075,26,"September 15, 2026","1,010","23,600",South 1,Coorg,"1,071",-4,Need to Check
1479075,38,"September 16, 2026",897,"23,600",South 1,Coorg,943,-4,Need to Check
1479075,50,"September 15, 2026","1,010","23,600",South 1,Coorg,"1,071",-4,Need to Check
1483392,19,"September 24, 2026","1,758","27,848",West,Kolhapur,"1,872",-4,Need to Check
1483392,20,"September 24, 2026","1,758","27,848",West,Kolhapur,"1,872",-4,Need to Check
1483392,21,"September 24, 2026","1,827","27,848",West,Kolhapur,"1,937",-4,Need to Check
1483392,22,"September 24, 2026","1,827","27,848",West,Kolhapur,"1,937",-4,Need to Check
1483392,23,"September 24, 2026","1,965","27,848",West,Kolhapur,"2,067",-4,Need to Check
1483392,24,"September 24, 2026","1,965","27,848",West,Kolhapur,"2,067",-4,Need to Check
1483392,24179,"September 24, 2026","1,965","27,848",West,Kolhapur,"2,067",-4,Need to Check
1483392,29,"September 24, 2026","1,965","27,848",West,Kolhapur,"2,067",-4,Need to Check
1483392,30,"September 24, 2026","1,965","27,848",West,Kolhapur,"2,067",-4,Need to Check
1483392,31,"September 24, 2026","1,965","27,848",West,Kolhapur,"2,067",-4,Need to Check
1483392,39,"September 24, 2026","1,827","27,848",West,Kolhapur,"1,937",-4,Need to Check
1483392,40,"September 24, 2026","1,965","27,848",West,Kolhapur,"2,067",-4,Need to Check
1483392,51,"September 24, 2026","1,758","27,848",West,Kolhapur,"1,872",-4,Need to Check
1483392,57,"September 24, 2026","1,965","27,848",West,Kolhapur,"2,067",-4,Need to Check
1483392,83,"September 24, 2026","1,827","27,848",West,Kolhapur,"1,937",-4,Need to Check
1483392,89,"September 24, 2026","1,965","27,848",West,Kolhapur,"2,067",-4,Need to Check
1484845,17,"September 24, 2026","1,826","23,600",West,Kolhapur,"1,921",-4,Need to Check
1484845,18,"September 24, 2026","1,826","23,600",West,Kolhapur,"1,921",-4,Need to Check
1484845,50,"September 24, 2026","1,826","23,600",West,Kolhapur,"1,921",-4,Need to Check
1507731,16,"September 24, 2026","1,564","23,600",West,Pune,"1,651",-4,Need to Check
1507731,52,"September 24, 2026","1,564","23,600",West,Pune,"1,651",-4,Need to Check
1517075,21,"September 19, 2026","2,275","23,600",West,Nashik,"2,393",-4,Need to Check
1517075,22,"September 19, 2026","2,275","23,600",West,Nashik,"2,393",-4,Need to Check
1517075,39,"September 19, 2026","2,275","23,600",West,Nashik,"2,393",-4,Need to Check
1517075,83,"September 19, 2026","2,275","23,600",West,Nashik,"2,393",-4,Need to Check
1536242,16,"September 26, 2026","1,330","23,600",East,Guwahati,"1,405",-4,Need to Check
1541487,29,"September 21, 2026","2,316","20,000",West,Mahabaleshwar,"2,465",-4,Need to Check
1541487,30,"September 21, 2026","2,316","20,000",West,Mahabaleshwar,"2,465",-4,Need to Check
1541487,31,"September 21, 2026","2,316","20,000",West,Mahabaleshwar,"2,465",-4,Need to Check
1541487,32,"September 21, 2026","2,454","20,000",West,Mahabaleshwar,"2,603",-4,Need to Check
1541487,32,"September 22, 2026","2,619","20,000",West,Mahabaleshwar,"2,785",-4,Need to Check
1541487,32,"September 23, 2026","2,619","20,000",West,Mahabaleshwar,"2,785",-4,Need to Check
1541487,32,"September 24, 2026","2,623","20,000",West,Mahabaleshwar,"2,785",-4,Need to Check
1541487,33,"September 21, 2026","2,454","20,000",West,Mahabaleshwar,"2,603",-4,Need to Check
1541487,33,"September 22, 2026","2,619","20,000",West,Mahabaleshwar,"2,785",-4,Need to Check
1541487,33,"September 23, 2026","2,619","20,000",West,Mahabaleshwar,"2,785",-4,Need to Check
1541487,33,"September 24, 2026","2,623","20,000",West,Mahabaleshwar,"2,785",-4,Need to Check
1541487,34,"September 21, 2026","2,454","20,000",West,Mahabaleshwar,"2,603",-4,Need to Check
1541487,34,"September 22, 2026","2,619","20,000",West,Mahabaleshwar,"2,785",-4,Need to Check
1541487,34,"September 23, 2026","2,619","20,000",West,Mahabaleshwar,"2,785",-4,Need to Check
1541487,34,"September 24, 2026","2,623","20,000",West,Mahabaleshwar,"2,785",-4,Need to Check
1541487,35,"September 21, 2026","2,592","20,000",West,Mahabaleshwar,"2,741",-4,Need to Check
1541487,35,"September 22, 2026","2,757","20,000",West,Mahabaleshwar,"2,923",-4,Need to Check
1541487,35,"September 23, 2026","2,757","20,000",West,Mahabaleshwar,"2,923",-4,Need to Check
1541487,35,"September 24, 2026","2,761","20,000",West,Mahabaleshwar,"2,923",-4,Need to Check
1541487,36,"September 21, 2026","2,592","20,000",West,Mahabaleshwar,"2,741",-4,Need to Check
1541487,36,"September 22, 2026","2,757","20,000",West,Mahabaleshwar,"2,923",-4,Need to Check
1541487,36,"September 23, 2026","2,757","20,000",West,Mahabaleshwar,"2,923",-4,Need to Check
1541487,36,"September 24, 2026","2,761","20,000",West,Mahabaleshwar,"2,923",-4,Need to Check
1541487,57,"September 21, 2026","2,316","20,000",West,Mahabaleshwar,"2,465",-4,Need to Check
1559112,17,"September 20, 2026","1,611","23,600",West,Nagpur,"1,714",-4,Need to Check
1559112,18,"September 20, 2026","1,611","23,600",West,Nagpur,"1,714",-4,Need to Check
1559112,19,"September 20, 2026","1,956","23,600",West,Nagpur,"2,064",-4,Need to Check
1559112,20,"September 20, 2026","1,956","23,600",West,Nagpur,"2,064",-4,Need to Check
1559112,25,"October 16, 2026","1,974","23,600",West,Nagpur,"2,098",-4,Need to Check
1559112,25,"October 25, 2026","1,974","23,600",West,Nagpur,"2,098",-4,Need to Check
1559112,26,"October 16, 2026","1,974","23,600",West,Nagpur,"2,098",-4,Need to Check
1559112,26,"October 25, 2026","1,974","23,600",West,Nagpur,"2,098",-4,Need to Check
1559112,50,"September 20, 2026","1,611","23,600",West,Nagpur,"1,714",-4,Need to Check
1559112,51,"September 20, 2026","1,956","23,600",West,Nagpur,"2,064",-4,Need to Check
1559112,55,"October 16, 2026","1,974","23,600",West,Nagpur,"2,098",-4,Need to Check
1559112,55,"October 25, 2026","1,974","23,600",West,Nagpur,"2,098",-4,Need to Check
1591753,27,"September 20, 2026","2,398","23,600",South 2,Hyderabad,"2,552",-4,Need to Check
1591753,28,"September 20, 2026","2,398","23,600",South 2,Hyderabad,"2,552",-4,Need to Check
1597226,23,"September 24, 2026","2,467","23,600",South 2,Hyderabad,"2,626",-4,Need to Check
1597226,24,"September 24, 2026","2,467","23,600",South 2,Hyderabad,"2,626",-4,Need to Check
1603145,21,"September 21, 2026","1,670","23,600",North 2,Mussoorie,"1,755",-4,Need to Check
1603145,21,"September 22, 2026","1,670","23,600",North 2,Mussoorie,"1,755",-4,Need to Check
1603145,22,"September 21, 2026","1,670","23,600",North 2,Mussoorie,"1,755",-4,Need to Check
1603145,22,"September 22, 2026","1,670","23,600",North 2,Mussoorie,"1,755",-4,Need to Check
1603145,39,"September 21, 2026","1,670","23,600",North 2,Mussoorie,"1,755",-4,Need to Check
1603145,39,"September 22, 2026","1,670","23,600",North 2,Mussoorie,"1,755",-4,Need to Check
1603145,83,"September 21, 2026","1,670","23,600",North 2,Mussoorie,"1,755",-4,Need to Check
1603145,83,"September 22, 2026","1,670","23,600",North 2,Mussoorie,"1,755",-4,Need to Check
1614818,19,"September 26, 2026","1,918","20,000",East,Bhubaneswar,"2,039",-4,Need to Check
1614818,20,"September 26, 2026","1,918","20,000",East,Bhubaneswar,"2,039",-4,Need to Check
1614818,21,"September 26, 2026","2,091","20,000",East,Bhubaneswar,"2,201",-4,Need to Check
1614818,22,"September 26, 2026","2,091","20,000",East,Bhubaneswar,"2,201",-4,Need to Check
1614818,39,"September 26, 2026","2,091","20,000",East,Bhubaneswar,"2,201",-4,Need to Check
1614818,83,"September 26, 2026","2,091","20,000",East,Bhubaneswar,"2,201",-4,Need to Check
1617471,21,"September 26, 2026","2,211","23,600",East,Bhubaneswar,"2,342",-4,Need to Check
1617471,22,"September 26, 2026","2,211","23,600",East,Bhubaneswar,"2,342",-4,Need to Check
1617471,23,"September 26, 2026","2,280","23,600",East,Bhubaneswar,"2,411",-4,Need to Check
1617471,24,"September 26, 2026","2,280","23,600",East,Bhubaneswar,"2,411",-4,Need to Check
1617471,39,"September 26, 2026","2,211","23,600",East,Bhubaneswar,"2,342",-4,Need to Check
1617471,40,"September 26, 2026","2,280","23,600",East,Bhubaneswar,"2,411",-4,Need to Check
1617471,83,"September 26, 2026","2,211","23,600",East,Bhubaneswar,"2,342",-4,Need to Check
1619452,27,"September 15, 2026","2,068","23,600",East,Bhubaneswar,"2,178",-4,Need to Check
1619452,28,"September 15, 2026","2,068","23,600",East,Bhubaneswar,"2,178",-4,Need to Check
1767140,45,"September 15, 2026","2,218","23,600",South 1,Chikmagalur,"2,353",-4,Need to Check
1767140,46,"September 15, 2026","2,218","23,600",South 1,Chikmagalur,"2,353",-4,Need to Check
1767140,64,"September 15, 2026","2,218","23,600",South 1,Chikmagalur,"2,353",-4,Need to Check
1767140,65,"September 15, 2026","2,218","23,600",South 1,Chikmagalur,"2,353",-4,Need to Check
1776233,17,"September 16, 2026","1,501","23,600",South 1,Guruvayur,"1,597",-4,Need to Check
1776233,18,"September 16, 2026","1,501","23,600",South 1,Guruvayur,"1,597",-4,Need to Check
1776233,19,"September 16, 2026","1,587","23,600",South 1,Guruvayur,"1,683",-4,Need to Check
1776233,20,"September 16, 2026","1,587","23,600",South 1,Guruvayur,"1,683",-4,Need to Check
1776233,50,"September 16, 2026","1,501","23,600",South 1,Guruvayur,"1,597",-4,Need to Check
1912757,17,"September 23, 2026","1,062","23,600",North 2,Bhimtal,"1,118",-4,Need to Check
1912757,18,"September 23, 2026","1,062","23,600",North 2,Bhimtal,"1,118",-4,Need to Check
1912757,19,"September 21, 2026","1,118","23,600",North 2,Bhimtal,"1,183",-4,Need to Check
1912757,20,"September 21, 2026","1,118","23,600",North 2,Bhimtal,"1,183",-4,Need to Check
1912757,50,"September 23, 2026","1,062","23,600",North 2,Bhimtal,"1,118",-4,Need to Check
1963434,15,"September 24, 2026","2,000","23,600",North 2,Jammu,"2,104",-4,Need to Check
1963434,38,"September 24, 2026","2,000","23,600",North 2,Jammu,"2,104",-4,Need to Check
1963434,76,"September 24, 2026","2,000","23,600",North 2,Jammu,"2,104",-4,Need to Check
1978478,17,"September 24, 2026","1,628","27,848",North 2,Jalandhar,"1,714",-4,Need to Check
1978478,18,"September 24, 2026","1,628","27,848",North 2,Jalandhar,"1,714",-4,Need to Check
1978478,19,"September 24, 2026","1,628","27,848",North 2,Jalandhar,"1,714",-4,Need to Check
1978478,20,"September 24, 2026","1,628","27,848",North 2,Jalandhar,"1,714",-4,Need to Check
1978478,50,"September 24, 2026","1,628","27,848",North 2,Jalandhar,"1,714",-4,Need to Check
1982002,27,"September 21, 2026","3,175","23,600",West,Matheran,"3,351",-4,Need to Check
1982002,28,"September 21, 2026","3,175","23,600",West,Matheran,"3,351",-4,Need to Check
1982002,29,"September 21, 2026","3,175","23,600",West,Matheran,"3,351",-4,Need to Check
1982002,30,"September 21, 2026","3,175","23,600",West,Matheran,"3,351",-4,Need to Check
1982002,31,"September 21, 2026","3,175","23,600",West,Matheran,"3,351",-4,Need to Check
1982002,32,"September 21, 2026","3,175","23,600",West,Matheran,"3,351",-4,Need to Check
1982002,33,"September 21, 2026","3,175","23,600",West,Matheran,"3,351",-4,Need to Check
1982002,34,"September 21, 2026","3,175","23,600",West,Matheran,"3,351",-4,Need to Check
1982002,57,"September 21, 2026","3,175","23,600",West,Matheran,"3,351",-4,Need to Check
2010498,15,"September 15, 2026","1,629","23,600",East,Paradeep,"1,715",-4,Need to Check
2010498,15,"September 16, 2026","1,629","23,600",East,Paradeep,"1,715",-4,Need to Check
2010498,38,"September 15, 2026","1,629","23,600",East,Paradeep,"1,715",-4,Need to Check
2010498,38,"September 16, 2026","1,629","23,600",East,Paradeep,"1,715",-4,Need to Check
2011068,17,"September 15, 2026","1,688","23,600",South 1,Bangalore,"1,783",-4,Need to Check
2011068,17,"September 16, 2026","1,688","23,600",South 1,Bangalore,"1,783",-4,Need to Check
2011068,18,"September 15, 2026","1,688","23,600",South 1,Bangalore,"1,783",-4,Need to Check
2011068,18,"September 16, 2026","1,688","23,600",South 1,Bangalore,"1,783",-4,Need to Check
2011068,19,"September 15, 2026","1,826","23,600",South 1,Bangalore,"1,921",-4,Need to Check
2011068,19,"September 16, 2026","1,826","23,600",South 1,Bangalore,"1,921",-4,Need to Check
2011068,20,"September 15, 2026","1,826","23,600",South 1,Bangalore,"1,921",-4,Need to Check
2011068,20,"September 16, 2026","1,826","23,600",South 1,Bangalore,"1,921",-4,Need to Check
2011068,50,"September 15, 2026","1,688","23,600",South 1,Bangalore,"1,783",-4,Need to Check
2011068,50,"September 16, 2026","1,688","23,600",South 1,Bangalore,"1,783",-4,Need to Check
2011692,35,"September 15, 2026","2,525","20,000",South 1,Bangalore,"2,689",-4,Need to Check
2011692,36,"September 15, 2026","2,525","20,000",South 1,Bangalore,"2,689",-4,Need to Check
2024867,17,"September 20, 2026","2,895","23,600",South 2,Chennai,"3,048",-4,Need to Check
2024867,18,"September 20, 2026","2,895","23,600",South 2,Chennai,"3,048",-4,Need to Check
2026848,17,"September 21, 2026","1,524","23,600",West,Goa,"1,619",-4,Need to Check
2026848,17,"September 22, 2026","1,524","23,600",West,Goa,"1,619",-4,Need to Check
2026848,17,"September 23, 2026","1,524","23,600",West,Goa,"1,619",-4,Need to Check
2026848,18,"September 21, 2026","1,524","23,600",West,Goa,"1,619",-4,Need to Check
2026848,18,"September 22, 2026","1,524","23,600",West,Goa,"1,619",-4,Need to Check
2026848,18,"September 23, 2026","1,524","23,600",West,Goa,"1,619",-4,Need to Check
2026848,19,"September 21, 2026","1,593","23,600",West,Goa,"1,689",-4,Need to Check
2026848,19,"September 22, 2026","1,593","23,600",West,Goa,"1,689",-4,Need to Check
2026848,19,"September 23, 2026","1,593","23,600",West,Goa,"1,689",-4,Need to Check
2026848,20,"September 21, 2026","1,593","23,600",West,Goa,"1,689",-4,Need to Check
2026848,20,"September 22, 2026","1,593","23,600",West,Goa,"1,689",-4,Need to Check
2026848,20,"September 23, 2026","1,593","23,600",West,Goa,"1,689",-4,Need to Check
2026848,21,"September 21, 2026","1,731","23,600",West,Goa,"1,829",-4,Need to Check
2026848,21,"September 22, 2026","1,731","23,600",West,Goa,"1,829",-4,Need to Check
2026848,21,"September 23, 2026","1,731","23,600",West,Goa,"1,829",-4,Need to Check
2026848,22,"September 21, 2026","1,731","23,600",West,Goa,"1,829",-4,Need to Check
2026848,22,"September 22, 2026","1,731","23,600",West,Goa,"1,829",-4,Need to Check
2026848,22,"September 23, 2026","1,731","23,600",West,Goa,"1,829",-4,Need to Check
2026848,23,"September 21, 2026","1,800","23,600",West,Goa,"1,899",-4,Need to Check
2026848,23,"September 22, 2026","1,800","23,600",West,Goa,"1,899",-4,Need to Check
2026848,23,"September 23, 2026","1,800","23,600",West,Goa,"1,899",-4,Need to Check
2026848,24,"September 21, 2026","1,800","23,600",West,Goa,"1,899",-4,Need to Check
2026848,24,"September 22, 2026","1,800","23,600",West,Goa,"1,899",-4,Need to Check
2026848,24,"September 23, 2026","1,800","23,600",West,Goa,"1,899",-4,Need to Check
2026848,29,"September 21, 2026","1,938","23,600",West,Goa,"2,039",-4,Need to Check
2026848,29,"September 22, 2026","1,938","23,600",West,Goa,"2,039",-4,Need to Check
2026848,29,"September 23, 2026","1,938","23,600",West,Goa,"2,039",-4,Need to Check
2026848,30,"September 21, 2026","1,938","23,600",West,Goa,"2,039",-4,Need to Check
2026848,30,"September 22, 2026","1,938","23,600",West,Goa,"2,039",-4,Need to Check
2026848,30,"September 23, 2026","1,938","23,600",West,Goa,"2,039",-4,Need to Check
2026848,31,"September 21, 2026","1,938","23,600",West,Goa,"2,039",-4,Need to Check
2026848,31,"September 22, 2026","1,938","23,600",West,Goa,"2,039",-4,Need to Check
2026848,31,"September 23, 2026","1,938","23,600",West,Goa,"2,039",-4,Need to Check
2026848,39,"September 21, 2026","1,731","23,600",West,Goa,"1,829",-4,Need to Check
2026848,39,"September 22, 2026","1,731","23,600",West,Goa,"1,829",-4,Need to Check
2026848,39,"September 23, 2026","1,731","23,600",West,Goa,"1,829",-4,Need to Check
2026848,40,"September 21, 2026","1,800","23,600",West,Goa,"1,899",-4,Need to Check
2026848,40,"September 22, 2026","1,800","23,600",West,Goa,"1,899",-4,Need to Check
2026848,40,"September 23, 2026","1,800","23,600",West,Goa,"1,899",-4,Need to Check
2026848,50,"September 21, 2026","1,524","23,600",West,Goa,"1,619",-4,Need to Check
2026848,50,"September 22, 2026","1,524","23,600",West,Goa,"1,619",-4,Need to Check
2026848,50,"September 23, 2026","1,524","23,600",West,Goa,"1,619",-4,Need to Check
2026848,57,"September 21, 2026","1,938","23,600",West,Goa,"2,039",-4,Need to Check
2026848,57,"September 22, 2026","1,938","23,600",West,Goa,"2,039",-4,Need to Check
2026848,57,"September 23, 2026","1,938","23,600",West,Goa,"2,039",-4,Need to Check
2026848,83,"September 21, 2026","1,731","23,600",West,Goa,"1,829",-4,Need to Check
2026848,83,"September 22, 2026","1,731","23,600",West,Goa,"1,829",-4,Need to Check
2026848,83,"September 23, 2026","1,731","23,600",West,Goa,"1,829",-4,Need to Check
2027305,19,"September 15, 2026","1,695","23,600",South 1,Mangalore,"1,800",-4,Need to Check
2027305,20,"September 15, 2026","1,695","23,600",South 1,Mangalore,"1,800",-4,Need to Check
2027305,21,"September 15, 2026","1,764","23,600",South 1,Mangalore,"1,865",-4,Need to Check
2027305,22,"September 15, 2026","1,764","23,600",South 1,Mangalore,"1,865",-4,Need to Check
2027305,39,"September 15, 2026","1,764","23,600",South 1,Mangalore,"1,865",-4,Need to Check
2027305,51,"September 15, 2026","1,695","23,600",South 1,Mangalore,"1,800",-4,Need to Check
2027305,83,"September 15, 2026","1,764","23,600",South 1,Mangalore,"1,865",-4,Need to Check
2027305,97,"September 15, 2026","1,764","23,600",South 1,Mangalore,"1,865",-4,Need to Check
2051467,21,"September 21, 2026","1,221","20,000",North 2,Prayagraj,"1,300",-4,Need to Check
2051467,22,"September 21, 2026","1,221","20,000",North 2,Prayagraj,"1,300",-4,Need to Check
2051467,27,"September 21, 2026","1,600","20,000",North 2,Prayagraj,"1,690",-4,Need to Check
2051467,27,"September 22, 2026","1,597","20,000",North 2,Prayagraj,"1,690",-4,Need to Check
2051467,27,"September 23, 2026","1,597","20,000",North 2,Prayagraj,"1,690",-4,Need to Check
2051467,28,"September 21, 2026","1,600","20,000",North 2,Prayagraj,"1,690",-4,Need to Check
2051467,28,"September 22, 2026","1,597","20,000",North 2,Prayagraj,"1,690",-4,Need to Check
2051467,28,"September 23, 2026","1,597","20,000",North 2,Prayagraj,"1,690",-4,Need to Check
2051467,39,"September 21, 2026","1,221","20,000",North 2,Prayagraj,"1,300",-4,Need to Check
2051467,83,"September 21, 2026","1,221","20,000",North 2,Prayagraj,"1,300",-4,Need to Check
2061503,19,"September 26, 2026","2,832","23,600",East,Bhubaneswar,"3,011",-4,Need to Check
2061503,20,"September 26, 2026","2,832","23,600",East,Bhubaneswar,"3,011",-4,Need to Check
2061503,21,"September 26, 2026","3,404","23,600",East,Bhubaneswar,"3,592",-4,Need to Check
2061503,22,"September 26, 2026","3,404","23,600",East,Bhubaneswar,"3,592",-4,Need to Check
2061503,23,"September 26, 2026","3,542","23,600",East,Bhubaneswar,"3,732",-4,Need to Check
2061503,24,"September 26, 2026","3,542","23,600",East,Bhubaneswar,"3,732",-4,Need to Check
2061503,39,"September 26, 2026","3,404","23,600",East,Bhubaneswar,"3,592",-4,Need to Check
2061503,40,"September 26, 2026","3,542","23,600",East,Bhubaneswar,"3,732",-4,Need to Check
2061503,83,"September 26, 2026","3,404","23,600",East,Bhubaneswar,"3,592",-4,Need to Check
2066561,29,"September 22, 2026","2,352","27,848",North 2,Dharamshala,"2,490",-4,Need to Check
2066561,29,"September 23, 2026","2,352","27,848",North 2,Dharamshala,"2,490",-4,Need to Check
2066561,30,"September 22, 2026","2,352","27,848",North 2,Dharamshala,"2,490",-4,Need to Check
2066561,30,"September 23, 2026","2,352","27,848",North 2,Dharamshala,"2,490",-4,Need to Check
2066561,31,"September 22, 2026","2,352","27,848",North 2,Dharamshala,"2,490",-4,Need to Check
2066561,31,"September 23, 2026","2,352","27,848",North 2,Dharamshala,"2,490",-4,Need to Check
2066561,32,"September 22, 2026","2,352","27,848",North 2,Dharamshala,"2,490",-4,Need to Check
2066561,32,"September 23, 2026","2,352","27,848",North 2,Dharamshala,"2,490",-4,Need to Check
2066561,33,"September 22, 2026","2,352","27,848",North 2,Dharamshala,"2,490",-4,Need to Check
2066561,33,"September 23, 2026","2,352","27,848",North 2,Dharamshala,"2,490",-4,Need to Check
2066561,34,"September 22, 2026","2,352","27,848",North 2,Dharamshala,"2,490",-4,Need to Check
2066561,34,"September 23, 2026","2,352","27,848",North 2,Dharamshala,"2,490",-4,Need to Check
2066561,42,"September 22, 2026","2,352","27,848",North 2,Dharamshala,"2,490",-4,Need to Check
2066561,42,"September 23, 2026","2,352","27,848",North 2,Dharamshala,"2,490",-4,Need to Check
2066561,43,"September 22, 2026","2,352","27,848",North 2,Dharamshala,"2,490",-4,Need to Check
2066561,43,"September 23, 2026","2,352","27,848",North 2,Dharamshala,"2,490",-4,Need to Check
2066561,47,"September 22, 2026","2,352","27,848",North 2,Dharamshala,"2,490",-4,Need to Check
2066561,47,"September 23, 2026","2,352","27,848",North 2,Dharamshala,"2,490",-4,Need to Check
2066561,48,"September 22, 2026","2,352","27,848",North 2,Dharamshala,"2,490",-4,Need to Check
2066561,48,"September 23, 2026","2,352","27,848",North 2,Dharamshala,"2,490",-4,Need to Check
2066561,57,"September 22, 2026","2,352","27,848",North 2,Dharamshala,"2,490",-4,Need to Check
2066561,57,"September 23, 2026","2,352","27,848",North 2,Dharamshala,"2,490",-4,Need to Check
4146211,27,"September 20, 2026","2,882","27,848",South 2,Hyderabad,"3,067",-4,Need to Check
4146211,28,"September 20, 2026","2,882","27,848",South 2,Hyderabad,"3,067",-4,Need to Check
4476459,21,"August 21, 2027","1,725","23,600",North 2,Dalhousie,"1,817",-4,Need to Check
4476459,21,"August 22, 2027","1,725","23,600",North 2,Dalhousie,"1,817",-4,Need to Check
4476459,21,"August 27, 2027","1,725","23,600",North 2,Dalhousie,"1,817",-4,Need to Check
4476459,21,"August 28, 2027","1,725","23,600",North 2,Dalhousie,"1,817",-4,Need to Check
4476459,21,"August 29, 2027","1,725","23,600",North 2,Dalhousie,"1,817",-4,Need to Check
4476459,21,"August 30, 2027","1,725","23,600",North 2,Dalhousie,"1,817",-4,Need to Check
4476459,21,"August 31, 2027","1,725","23,600",North 2,Dalhousie,"1,817",-4,Need to Check
4476459,21,"September 15, 2027","1,725","23,600",North 2,Dalhousie,"1,817",-4,Need to Check
4476459,22,"August 21, 2027","1,725","23,600",North 2,Dalhousie,"1,817",-4,Need to Check
4476459,22,"August 22, 2027","1,725","23,600",North 2,Dalhousie,"1,817",-4,Need to Check
4476459,22,"August 27, 2027","1,725","23,600",North 2,Dalhousie,"1,817",-4,Need to Check
4476459,22,"August 28, 2027","1,725","23,600",North 2,Dalhousie,"1,817",-4,Need to Check
4476459,22,"August 29, 2027","1,725","23,600",North 2,Dalhousie,"1,817",-4,Need to Check
4476459,22,"August 30, 2027","1,725","23,600",North 2,Dalhousie,"1,817",-4,Need to Check
4476459,22,"August 31, 2027","1,725","23,600",North 2,Dalhousie,"1,817",-4,Need to Check
4476459,22,"September 15, 2027","1,725","23,600",North 2,Dalhousie,"1,817",-4,Need to Check
4476459,23,"August 21, 2027","1,725","23,600",North 2,Dalhousie,"1,817",-4,Need to Check
4476459,23,"August 22, 2027","1,725","23,600",North 2,Dalhousie,"1,817",-4,Need to Check
4476459,23,"August 27, 2027","1,725","23,600",North 2,Dalhousie,"1,817",-4,Need to Check
4476459,23,"August 28, 2027","1,725","23,600",North 2,Dalhousie,"1,817",-4,Need to Check
4476459,23,"August 29, 2027","1,725","23,600",North 2,Dalhousie,"1,817",-4,Need to Check
4476459,23,"August 30, 2027","1,725","23,600",North 2,Dalhousie,"1,817",-4,Need to Check
4476459,23,"August 31, 2027","1,725","23,600",North 2,Dalhousie,"1,817",-4,Need to Check
4476459,23,"September 15, 2027","1,725","23,600",North 2,Dalhousie,"1,817",-4,Need to Check
4476459,24,"August 21, 2027","1,725","23,600",North 2,Dalhousie,"1,817",-4,Need to Check
4476459,24,"August 22, 2027","1,725","23,600",North 2,Dalhousie,"1,817",-4,Need to Check
4476459,24,"August 27, 2027","1,725","23,600",North 2,Dalhousie,"1,817",-4,Need to Check
4476459,24,"August 28, 2027","1,725","23,600",North 2,Dalhousie,"1,817",-4,Need to Check
4476459,24,"August 29, 2027","1,725","23,600",North 2,Dalhousie,"1,817",-4,Need to Check
4476459,24,"August 30, 2027","1,725","23,600",North 2,Dalhousie,"1,817",-4,Need to Check
4476459,24,"August 31, 2027","1,725","23,600",North 2,Dalhousie,"1,817",-4,Need to Check
4476459,24,"September 15, 2027","1,725","23,600",North 2,Dalhousie,"1,817",-4,Need to Check
4476459,39,"August 21, 2027","1,725","23,600",North 2,Dalhousie,"1,817",-4,Need to Check
4476459,39,"August 22, 2027","1,725","23,600",North 2,Dalhousie,"1,817",-4,Need to Check
4476459,39,"August 27, 2027","1,725","23,600",North 2,Dalhousie,"1,817",-4,Need to Check
4476459,39,"August 28, 2027","1,725","23,600",North 2,Dalhousie,"1,817",-4,Need to Check
4476459,39,"August 29, 2027","1,725","23,600",North 2,Dalhousie,"1,817",-4,Need to Check
4476459,39,"August 30, 2027","1,725","23,600",North 2,Dalhousie,"1,817",-4,Need to Check
4476459,39,"August 31, 2027","1,725","23,600",North 2,Dalhousie,"1,817",-4,Need to Check
4476459,39,"September 15, 2027","1,725","23,600",North 2,Dalhousie,"1,817",-4,Need to Check
4476459,40,"August 21, 2027","1,725","23,600",North 2,Dalhousie,"1,817",-4,Need to Check
4476459,40,"August 22, 2027","1,725","23,600",North 2,Dalhousie,"1,817",-4,Need to Check
4476459,40,"August 27, 2027","1,725","23,600",North 2,Dalhousie,"1,817",-4,Need to Check
4476459,40,"August 28, 2027","1,725","23,600",North 2,Dalhousie,"1,817",-4,Need to Check
4476459,40,"August 29, 2027","1,725","23,600",North 2,Dalhousie,"1,817",-4,Need to Check
4476459,40,"August 30, 2027","1,725","23,600",North 2,Dalhousie,"1,817",-4,Need to Check
4476459,40,"August 31, 2027","1,725","23,600",North 2,Dalhousie,"1,817",-4,Need to Check
4476459,40,"September 15, 2027","1,725","23,600",North 2,Dalhousie,"1,817",-4,Need to Check
4476459,83,"August 21, 2027","1,725","23,600",North 2,Dalhousie,"1,817",-4,Need to Check
4476459,83,"August 22, 2027","1,725","23,600",North 2,Dalhousie,"1,817",-4,Need to Check
4476459,83,"August 27, 2027","1,725","23,600",North 2,Dalhousie,"1,817",-4,Need to Check
4476459,83,"August 28, 2027","1,725","23,600",North 2,Dalhousie,"1,817",-4,Need to Check
4476459,83,"August 29, 2027","1,725","23,600",North 2,Dalhousie,"1,817",-4,Need to Check
4476459,83,"August 30, 2027","1,725","23,600",North 2,Dalhousie,"1,817",-4,Need to Check
4476459,83,"August 31, 2027","1,725","23,600",North 2,Dalhousie,"1,817",-4,Need to Check
4476459,83,"September 15, 2027","1,725","23,600",North 2,Dalhousie,"1,817",-4,Need to Check
5000010,19,"September 15, 2026","1,935","23,600",South 1,Bangalore,"2,050",-4,Need to Check
5000010,20,"September 15, 2026","1,935","23,600",South 1,Bangalore,"2,050",-4,Need to Check
5000010,21,"September 15, 2026","2,211","23,600",South 1,Bangalore,"2,326",-4,Need to Check
5000010,22,"September 15, 2026","2,211","23,600",South 1,Bangalore,"2,326",-4,Need to Check
5000010,39,"September 15, 2026","2,211","23,600",South 1,Bangalore,"2,326",-4,Need to Check
5000010,83,"September 15, 2026","2,211","23,600",South 1,Bangalore,"2,326",-4,Need to Check
0045959,18,"September 20, 2026","1,628","20,000",South 2,Hyderabad,"1,752",-5,Need to Check
0045959,18,"September 22, 2026","1,635","20,000",South 2,Hyderabad,"1,752",-5,Need to Check
0045959,19,"September 23, 2026","1,699","20,000",South 2,Hyderabad,"1,829",-5,Need to Check
0045959,19,"September 23, 2026","1,699","20,000",South 2,Hyderabad,"1,829",-5,Need to Check
0045959,20,"September 23, 2026","1,699","20,000",South 2,Hyderabad,"1,829",-5,Need to Check
0045959,20,"September 23, 2026","1,699","20,000",South 2,Hyderabad,"1,829",-5,Need to Check
0045959,21,"September 23, 2026","1,837","20,000",South 2,Hyderabad,"1,980",-5,Need to Check
0045959,21,"September 24, 2026","1,837","20,000",South 2,Hyderabad,"1,980",-5,Need to Check
0045959,22,"September 23, 2026","1,837","20,000",South 2,Hyderabad,"1,980",-5,Need to Check
0045959,22,"September 24, 2026","1,837","20,000",South 2,Hyderabad,"1,980",-5,Need to Check
0045959,23,"September 20, 2026","1,973","20,000",South 2,Hyderabad,"2,110",-5,Need to Check
0045959,23,"September 22, 2026","1,980","20,000",South 2,Hyderabad,"2,110",-5,Need to Check
0045959,23,"September 23, 2026","1,940","20,000",South 2,Hyderabad,"2,071",-5,Need to Check
0045959,23,"September 23, 2026","1,940","20,000",South 2,Hyderabad,"2,071",-5,Need to Check
0045959,24,"September 20, 2026","1,973","20,000",South 2,Hyderabad,"2,110",-5,Need to Check
0045959,24,"September 22, 2026","1,980","20,000",South 2,Hyderabad,"2,110",-5,Need to Check
0045959,24,"September 23, 2026","1,940","20,000",South 2,Hyderabad,"2,071",-5,Need to Check
0045959,24,"September 23, 2026","1,940","20,000",South 2,Hyderabad,"2,071",-5,Need to Check
0045959,50,"September 20, 2026","1,628","20,000",South 2,Hyderabad,"1,752",-5,Need to Check
0045959,50,"September 22, 2026","1,635","20,000",South 2,Hyderabad,"1,752",-5,Need to Check
0045959,51,"September 23, 2026","1,699","20,000",South 2,Hyderabad,"1,829",-5,Need to Check
0045959,51,"September 23, 2026","1,699","20,000",South 2,Hyderabad,"1,829",-5,Need to Check
0616586,19,"September 26, 2026","1,804","23,600",East,Bhubaneswar,"1,947",-5,Need to Check
0616586,20,"September 26, 2026","1,804","23,600",East,Bhubaneswar,"1,947",-5,Need to Check
0616586,21,"September 26, 2026","2,011","23,600",East,Bhubaneswar,"2,142",-5,Need to Check
0616586,22,"September 26, 2026","2,011","23,600",East,Bhubaneswar,"2,142",-5,Need to Check
0616586,39,"September 26, 2026","2,011","23,600",East,Bhubaneswar,"2,142",-5,Need to Check
0616586,51,"September 26, 2026","1,804","23,600",East,Bhubaneswar,"1,947",-5,Need to Check
1122516,32,"September 21, 2026","1,815","23,600",North 2,Dehradun,"1,950",-5,Need to Check
1122516,32,"September 22, 2026","1,815","23,600",North 2,Dehradun,"1,950",-5,Need to Check
1122516,33,"September 21, 2026","1,815","23,600",North 2,Dehradun,"1,950",-5,Need to Check
1122516,33,"September 22, 2026","1,815","23,600",North 2,Dehradun,"1,950",-5,Need to Check
1122516,34,"September 21, 2026","1,815","23,600",North 2,Dehradun,"1,950",-5,Need to Check
1122516,34,"September 22, 2026","1,815","23,600",North 2,Dehradun,"1,950",-5,Need to Check
1125534,29,"September 21, 2026","2,180","23,600",North 2,Dehradun,"2,343",-5,Need to Check
1125534,30,"September 21, 2026","2,180","23,600",North 2,Dehradun,"2,343",-5,Need to Check
1125534,31,"September 21, 2026","2,180","23,600",North 2,Dehradun,"2,343",-5,Need to Check
1125534,57,"September 21, 2026","2,180","23,600",North 2,Dehradun,"2,343",-5,Need to Check
1125534,89,"September 21, 2026","2,180","23,600",North 2,Dehradun,"2,343",-5,Need to Check
1126702,25,"October 4, 2026","3,223","23,600",North 2,Dehradun,"3,452",-5,Need to Check
1126702,25,"October 5, 2026","3,223","23,600",North 2,Dehradun,"3,452",-5,Need to Check
1126702,26,"October 4, 2026","3,223","23,600",North 2,Dehradun,"3,452",-5,Need to Check
1126702,26,"October 5, 2026","3,223","23,600",North 2,Dehradun,"3,452",-5,Need to Check
1127927,27,"September 21, 2026","2,111","23,600",North 2,Dehradun,"2,274",-5,Need to Check
1127927,28,"September 21, 2026","2,111","23,600",North 2,Dehradun,"2,274",-5,Need to Check
1127927,32,"September 21, 2026","2,042","23,600",North 2,Dehradun,"2,205",-5,Need to Check
1127927,33,"September 21, 2026","2,042","23,600",North 2,Dehradun,"2,205",-5,Need to Check
1127927,34,"September 21, 2026","2,042","23,600",North 2,Dehradun,"2,205",-5,Need to Check
1127927,35,"September 21, 2026","2,456","23,600",North 2,Dehradun,"2,619",-5,Need to Check
1127927,36,"September 21, 2026","2,456","23,600",North 2,Dehradun,"2,619",-5,Need to Check
1143227,27,"September 16, 2026","1,898","23,600",South 1,Munnar,"2,043",-5,Need to Check
1143227,28,"September 16, 2026","1,898","23,600",South 1,Munnar,"2,043",-5,Need to Check
1145293,17,"October 31, 2026","1,385","23,600",East,Ranchi,"1,487",-5,Need to Check
1145293,17,"November 1, 2026","1,385","23,600",East,Ranchi,"1,487",-5,Need to Check
1145293,17,"November 2, 2026","1,385","23,600",East,Ranchi,"1,487",-5,Need to Check
1145293,17,"November 3, 2026","1,385","23,600",East,Ranchi,"1,487",-5,Need to Check
1145293,17,"November 7, 2026","1,385","23,600",East,Ranchi,"1,487",-5,Need to Check
1145293,17,"November 8, 2026","1,385","23,600",East,Ranchi,"1,487",-5,Need to Check
1145293,17,"November 9, 2026","1,385","23,600",East,Ranchi,"1,487",-5,Need to Check
1145293,17,"November 10, 2026","1,385","23,600",East,Ranchi,"1,487",-5,Need to Check
1145293,17,"November 11, 2026","1,385","23,600",East,Ranchi,"1,487",-5,Need to Check
1145293,17,"November 12, 2026","1,385","23,600",East,Ranchi,"1,487",-5,Need to Check
1145293,17,"November 13, 2026","1,385","23,600",East,Ranchi,"1,487",-5,Need to Check
1145293,17,"November 14, 2026","1,385","23,600",East,Ranchi,"1,487",-5,Need to Check
1145293,17,"November 15, 2026","1,385","23,600",East,Ranchi,"1,487",-5,Need to Check
1145293,17,"November 16, 2026","1,385","23,600",East,Ranchi,"1,487",-5,Need to Check
1145293,17,"November 17, 2026","1,385","23,600",East,Ranchi,"1,487",-5,Need to Check
1145293,17,"November 18, 2026","1,385","23,600",East,Ranchi,"1,487",-5,Need to Check
1145293,17,"November 19, 2026","1,385","23,600",East,Ranchi,"1,487",-5,Need to Check
1145293,17,"November 20, 2026","1,385","23,600",East,Ranchi,"1,487",-5,Need to Check
1145293,17,"November 21, 2026","1,385","23,600",East,Ranchi,"1,487",-5,Need to Check
1145293,17,"November 22, 2026","1,385","23,600",East,Ranchi,"1,487",-5,Need to Check
1145293,17,"November 25, 2026","1,385","23,600",East,Ranchi,"1,487",-5,Need to Check
1145293,17,"November 26, 2026","1,385","23,600",East,Ranchi,"1,487",-5,Need to Check
1145293,17,"November 27, 2026","1,385","23,600",East,Ranchi,"1,487",-5,Need to Check
1145293,17,"November 28, 2026","1,385","23,600",East,Ranchi,"1,487",-5,Need to Check
1145293,17,"November 29, 2026","1,385","23,600",East,Ranchi,"1,487",-5,Need to Check
1145293,17,"December 3, 2026","1,385","23,600",East,Ranchi,"1,487",-5,Need to Check
1145293,17,"December 4, 2026","1,385","23,600",East,Ranchi,"1,487",-5,Need to Check
1145293,17,"December 5, 2026","1,385","23,600",East,Ranchi,"1,487",-5,Need to Check
1145293,17,"December 6, 2026","1,385","23,600",East,Ranchi,"1,487",-5,Need to Check
1145293,17,"December 7, 2026","1,385","23,600",East,Ranchi,"1,487",-5,Need to Check
1145293,17,"December 8, 2026","1,385","23,600",East,Ranchi,"1,487",-5,Need to Check
1145293,17,"December 9, 2026","1,385","23,600",East,Ranchi,"1,487",-5,Need to Check
1145293,17,"December 12, 2026","1,385","23,600",East,Ranchi,"1,487",-5,Need to Check
1145293,17,"December 13, 2026","1,385","23,600",East,Ranchi,"1,487",-5,Need to Check
1145293,17,"December 14, 2026","1,385","23,600",East,Ranchi,"1,487",-5,Need to Check
1145293,18,"October 31, 2026","1,385","23,600",East,Ranchi,"1,487",-5,Need to Check
1145293,18,"November 1, 2026","1,385","23,600",East,Ranchi,"1,487",-5,Need to Check
1145293,18,"November 2, 2026","1,385","23,600",East,Ranchi,"1,487",-5,Need to Check
1145293,18,"November 3, 2026","1,385","23,600",East,Ranchi,"1,487",-5,Need to Check
1145293,18,"November 7, 2026","1,385","23,600",East,Ranchi,"1,487",-5,Need to Check
1145293,18,"November 8, 2026","1,385","23,600",East,Ranchi,"1,487",-5,Need to Check
1145293,18,"November 9, 2026","1,385","23,600",East,Ranchi,"1,487",-5,Need to Check
1145293,18,"November 10, 2026","1,385","23,600",East,Ranchi,"1,487",-5,Need to Check
1145293,18,"November 11, 2026","1,385","23,600",East,Ranchi,"1,487",-5,Need to Check
1145293,18,"November 12, 2026","1,385","23,600",East,Ranchi,"1,487",-5,Need to Check
1145293,18,"November 13, 2026","1,385","23,600",East,Ranchi,"1,487",-5,Need to Check
1145293,18,"November 14, 2026","1,385","23,600",East,Ranchi,"1,487",-5,Need to Check
1145293,18,"November 15, 2026","1,385","23,600",East,Ranchi,"1,487",-5,Need to Check
1145293,18,"November 16, 2026","1,385","23,600",East,Ranchi,"1,487",-5,Need to Check
1145293,18,"November 17, 2026","1,385","23,600",East,Ranchi,"1,487",-5,Need to Check
1145293,18,"November 18, 2026","1,385","23,600",East,Ranchi,"1,487",-5,Need to Check
1145293,18,"November 19, 2026","1,385","23,600",East,Ranchi,"1,487",-5,Need to Check
1145293,18,"November 20, 2026","1,385","23,600",East,Ranchi,"1,487",-5,Need to Check
1145293,18,"November 21, 2026","1,385","23,600",East,Ranchi,"1,487",-5,Need to Check
1145293,18,"November 22, 2026","1,385","23,600",East,Ranchi,"1,487",-5,Need to Check
1145293,18,"November 25, 2026","1,385","23,600",East,Ranchi,"1,487",-5,Need to Check
1145293,18,"November 26, 2026","1,385","23,600",East,Ranchi,"1,487",-5,Need to Check
1145293,18,"November 27, 2026","1,385","23,600",East,Ranchi,"1,487",-5,Need to Check
1145293,18,"November 28, 2026","1,385","23,600",East,Ranchi,"1,487",-5,Need to Check
1145293,18,"November 29, 2026","1,385","23,600",East,Ranchi,"1,487",-5,Need to Check
1145293,18,"December 3, 2026","1,385","23,600",East,Ranchi,"1,487",-5,Need to Check
1145293,18,"December 4, 2026","1,385","23,600",East,Ranchi,"1,487",-5,Need to Check
1145293,18,"December 5, 2026","1,385","23,600",East,Ranchi,"1,487",-5,Need to Check
1145293,18,"December 6, 2026","1,385","23,600",East,Ranchi,"1,487",-5,Need to Check
1145293,18,"December 7, 2026","1,385","23,600",East,Ranchi,"1,487",-5,Need to Check
1145293,18,"December 8, 2026","1,385","23,600",East,Ranchi,"1,487",-5,Need to Check
1145293,18,"December 9, 2026","1,385","23,600",East,Ranchi,"1,487",-5,Need to Check
1145293,18,"December 12, 2026","1,385","23,600",East,Ranchi,"1,487",-5,Need to Check
1145293,18,"December 13, 2026","1,385","23,600",East,Ranchi,"1,487",-5,Need to Check
1145293,18,"December 14, 2026","1,385","23,600",East,Ranchi,"1,487",-5,Need to Check
1145293,50,"October 31, 2026","1,385","23,600",East,Ranchi,"1,487",-5,Need to Check
1145293,50,"November 1, 2026","1,385","23,600",East,Ranchi,"1,487",-5,Need to Check
1145293,50,"November 2, 2026","1,385","23,600",East,Ranchi,"1,487",-5,Need to Check
1145293,50,"November 3, 2026","1,385","23,600",East,Ranchi,"1,487",-5,Need to Check
1145293,50,"November 7, 2026","1,385","23,600",East,Ranchi,"1,487",-5,Need to Check
1145293,50,"November 8, 2026","1,385","23,600",East,Ranchi,"1,487",-5,Need to Check
1145293,50,"November 9, 2026","1,385","23,600",East,Ranchi,"1,487",-5,Need to Check
1145293,50,"November 10, 2026","1,385","23,600",East,Ranchi,"1,487",-5,Need to Check
1145293,50,"November 11, 2026","1,385","23,600",East,Ranchi,"1,487",-5,Need to Check
1145293,50,"November 12, 2026","1,385","23,600",East,Ranchi,"1,487",-5,Need to Check
1145293,50,"November 13, 2026","1,385","23,600",East,Ranchi,"1,487",-5,Need to Check
1145293,50,"November 14, 2026","1,385","23,600",East,Ranchi,"1,487",-5,Need to Check
1145293,50,"November 15, 2026","1,385","23,600",East,Ranchi,"1,487",-5,Need to Check
1145293,50,"November 16, 2026","1,385","23,600",East,Ranchi,"1,487",-5,Need to Check
1145293,50,"November 17, 2026","1,385","23,600",East,Ranchi,"1,487",-5,Need to Check
1145293,50,"November 18, 2026","1,385","23,600",East,Ranchi,"1,487",-5,Need to Check
1145293,50,"November 19, 2026","1,385","23,600",East,Ranchi,"1,487",-5,Need to Check
1145293,50,"November 20, 2026","1,385","23,600",East,Ranchi,"1,487",-5,Need to Check
1145293,50,"November 21, 2026","1,385","23,600",East,Ranchi,"1,487",-5,Need to Check
1145293,50,"November 22, 2026","1,385","23,600",East,Ranchi,"1,487",-5,Need to Check
1145293,50,"November 25, 2026","1,385","23,600",East,Ranchi,"1,487",-5,Need to Check
1145293,50,"November 26, 2026","1,385","23,600",East,Ranchi,"1,487",-5,Need to Check
1145293,50,"November 27, 2026","1,385","23,600",East,Ranchi,"1,487",-5,Need to Check
1145293,50,"November 28, 2026","1,385","23,600",East,Ranchi,"1,487",-5,Need to Check
1145293,50,"November 29, 2026","1,385","23,600",East,Ranchi,"1,487",-5,Need to Check
1145293,50,"December 3, 2026","1,385","23,600",East,Ranchi,"1,487",-5,Need to Check
1145293,50,"December 4, 2026","1,385","23,600",East,Ranchi,"1,487",-5,Need to Check
1145293,50,"December 5, 2026","1,385","23,600",East,Ranchi,"1,487",-5,Need to Check
1145293,50,"December 6, 2026","1,385","23,600",East,Ranchi,"1,487",-5,Need to Check
1145293,50,"December 7, 2026","1,385","23,600",East,Ranchi,"1,487",-5,Need to Check
1145293,50,"December 8, 2026","1,385","23,600",East,Ranchi,"1,487",-5,Need to Check
1145293,50,"December 9, 2026","1,385","23,600",East,Ranchi,"1,487",-5,Need to Check
1145293,50,"December 12, 2026","1,385","23,600",East,Ranchi,"1,487",-5,Need to Check
1145293,50,"December 13, 2026","1,385","23,600",East,Ranchi,"1,487",-5,Need to Check
1145293,50,"December 14, 2026","1,385","23,600",East,Ranchi,"1,487",-5,Need to Check
1145293,87,"October 31, 2026","1,385","23,600",East,Ranchi,"1,487",-5,Need to Check
1145293,87,"November 1, 2026","1,385","23,600",East,Ranchi,"1,487",-5,Need to Check
1145293,87,"November 2, 2026","1,385","23,600",East,Ranchi,"1,487",-5,Need to Check
1145293,87,"November 3, 2026","1,385","23,600",East,Ranchi,"1,487",-5,Need to Check
1145293,87,"November 7, 2026","1,385","23,600",East,Ranchi,"1,487",-5,Need to Check
1145293,87,"November 8, 2026","1,385","23,600",East,Ranchi,"1,487",-5,Need to Check
1145293,87,"November 9, 2026","1,385","23,600",East,Ranchi,"1,487",-5,Need to Check
1145293,87,"November 10, 2026","1,385","23,600",East,Ranchi,"1,487",-5,Need to Check
1145293,87,"November 11, 2026","1,385","23,600",East,Ranchi,"1,487",-5,Need to Check
1145293,87,"November 12, 2026","1,385","23,600",East,Ranchi,"1,487",-5,Need to Check
1145293,87,"November 13, 2026","1,385","23,600",East,Ranchi,"1,487",-5,Need to Check
1145293,87,"November 14, 2026","1,385","23,600",East,Ranchi,"1,487",-5,Need to Check
1145293,87,"November 15, 2026","1,385","23,600",East,Ranchi,"1,487",-5,Need to Check
1145293,87,"November 16, 2026","1,385","23,600",East,Ranchi,"1,487",-5,Need to Check
1145293,87,"November 17, 2026","1,385","23,600",East,Ranchi,"1,487",-5,Need to Check
1145293,87,"November 18, 2026","1,385","23,600",East,Ranchi,"1,487",-5,Need to Check
1145293,87,"November 19, 2026","1,385","23,600",East,Ranchi,"1,487",-5,Need to Check
1145293,87,"November 20, 2026","1,385","23,600",East,Ranchi,"1,487",-5,Need to Check
1145293,87,"November 21, 2026","1,385","23,600",East,Ranchi,"1,487",-5,Need to Check
1145293,87,"November 22, 2026","1,385","23,600",East,Ranchi,"1,487",-5,Need to Check
1145293,87,"November 25, 2026","1,385","23,600",East,Ranchi,"1,487",-5,Need to Check
1145293,87,"November 26, 2026","1,385","23,600",East,Ranchi,"1,487",-5,Need to Check
1145293,87,"November 27, 2026","1,385","23,600",East,Ranchi,"1,487",-5,Need to Check
1145293,87,"November 28, 2026","1,385","23,600",East,Ranchi,"1,487",-5,Need to Check
1145293,87,"November 29, 2026","1,385","23,600",East,Ranchi,"1,487",-5,Need to Check
1145293,87,"December 3, 2026","1,385","23,600",East,Ranchi,"1,487",-5,Need to Check
1145293,87,"December 4, 2026","1,385","23,600",East,Ranchi,"1,487",-5,Need to Check
1145293,87,"December 5, 2026","1,385","23,600",East,Ranchi,"1,487",-5,Need to Check
1145293,87,"December 6, 2026","1,385","23,600",East,Ranchi,"1,487",-5,Need to Check
1145293,87,"December 7, 2026","1,385","23,600",East,Ranchi,"1,487",-5,Need to Check
1145293,87,"December 8, 2026","1,385","23,600",East,Ranchi,"1,487",-5,Need to Check
1145293,87,"December 9, 2026","1,385","23,600",East,Ranchi,"1,487",-5,Need to Check
1145293,87,"December 12, 2026","1,385","23,600",East,Ranchi,"1,487",-5,Need to Check
1145293,87,"December 13, 2026","1,385","23,600",East,Ranchi,"1,487",-5,Need to Check
1145293,87,"December 14, 2026","1,385","23,600",East,Ranchi,"1,487",-5,Need to Check
1147235,27,"September 16, 2026","1,944","23,600",South 1,Munnar,"2,092",-5,Need to Check
1147235,28,"September 16, 2026","1,944","23,600",South 1,Munnar,"2,092",-5,Need to Check
1147235,29,"September 16, 2026","2,151","20,000",South 1,Munnar,"2,297",-5,Need to Check
1147235,30,"September 16, 2026","2,151","20,000",South 1,Munnar,"2,297",-5,Need to Check
1147235,31,"September 16, 2026","2,151","20,000",South 1,Munnar,"2,297",-5,Need to Check
1147235,32,"September 16, 2026","2,151","20,000",South 1,Munnar,"2,297",-5,Need to Check
1147235,33,"September 16, 2026","2,151","20,000",South 1,Munnar,"2,297",-5,Need to Check
1147235,34,"September 16, 2026","2,151","20,000",South 1,Munnar,"2,297",-5,Need to Check
1147235,57,"September 16, 2026","2,151","20,000",South 1,Munnar,"2,297",-5,Need to Check
1152305,15,"September 15, 2026","1,616","23,600",South 1,Kochi,"1,728",-5,Need to Check
1152305,27,"September 15, 2026","2,513","23,600",South 1,Kochi,"2,713",-5,Need to Check
1152305,28,"September 15, 2026","2,513","23,600",South 1,Kochi,"2,713",-5,Need to Check
1197734,17,"September 15, 2026","2,208","23,600",South 1,Alleppey,"2,357",-5,Need to Check
1197734,18,"September 15, 2026","2,208","23,600",South 1,Alleppey,"2,357",-5,Need to Check
1197734,19,"September 15, 2026","2,208","23,600",South 1,Alleppey,"2,357",-5,Need to Check
1197734,20,"September 15, 2026","2,208","23,600",South 1,Alleppey,"2,357",-5,Need to Check
1197734,50,"September 15, 2026","2,208","23,600",South 1,Alleppey,"2,357",-5,Need to Check
1205898,23,"September 21, 2026","1,621","23,600",North 2,Prayagraj,"1,750",-5,Need to Check
1205898,24,"September 21, 2026","1,621","23,600",North 2,Prayagraj,"1,750",-5,Need to Check
1205898,40,"September 21, 2026","1,621","23,600",North 2,Prayagraj,"1,750",-5,Need to Check
1241638,25,"September 22, 2026","2,699","23,600",South 2,Chennai,"2,888",-5,Need to Check
1241638,26,"September 22, 2026","2,699","23,600",South 2,Chennai,"2,888",-5,Need to Check
1261835,19,"September 20, 2026","1,847","23,600",South 2,Coimbatore,"1,968",-5,Need to Check
1261835,20,"September 20, 2026","1,847","23,600",South 2,Coimbatore,"1,968",-5,Need to Check
1261835,21,"September 20, 2026","1,847","23,600",South 2,Coimbatore,"1,968",-5,Need to Check
1261835,22,"September 20, 2026","1,847","23,600",South 2,Coimbatore,"1,968",-5,Need to Check
1261835,39,"September 20, 2026","1,847","23,600",South 2,Coimbatore,"1,968",-5,Need to Check
1261835,83,"September 20, 2026","1,847","23,600",South 2,Coimbatore,"1,968",-5,Need to Check
1265433,17,"September 21, 2026","1,670","23,600",South 2,Coimbatore,"1,785",-5,Need to Check
1265433,18,"September 21, 2026","1,670","23,600",South 2,Coimbatore,"1,785",-5,Need to Check
1265433,35,"September 20, 2026","3,430","23,600",South 2,Coimbatore,"3,664",-5,Need to Check
1265433,36,"September 20, 2026","3,430","23,600",South 2,Coimbatore,"3,664",-5,Need to Check
1298362,17,"September 21, 2026","1,701","23,600",South 2,Visakhapatnam,"1,817",-5,Need to Check
1298362,18,"September 21, 2026","1,701","23,600",South 2,Visakhapatnam,"1,817",-5,Need to Check
1298362,50,"September 21, 2026","1,701","23,600",South 2,Visakhapatnam,"1,817",-5,Need to Check
1298362,87,"September 21, 2026","1,701","23,600",South 2,Visakhapatnam,"1,817",-5,Need to Check
1298420,25,"September 21, 2026","1,289","23,600",South 2,Visakhapatnam,"1,380",-5,Need to Check
1298420,25,"September 22, 2026","1,289","23,600",South 2,Visakhapatnam,"1,380",-5,Need to Check
1298420,26,"September 21, 2026","1,289","23,600",South 2,Visakhapatnam,"1,380",-5,Need to Check
1298420,26,"September 22, 2026","1,289","23,600",South 2,Visakhapatnam,"1,380",-5,Need to Check
1307656,27,"September 21, 2026","1,597","23,600",North 2,Agra,"1,711",-5,Need to Check
1307656,27,"September 22, 2026","1,597","23,600",North 2,Agra,"1,711",-5,Need to Check
1307656,28,"September 21, 2026","1,597","23,600",North 2,Agra,"1,711",-5,Need to Check
1307656,28,"September 22, 2026","1,597","23,600",North 2,Agra,"1,711",-5,Need to Check
1314078,23,"September 19, 2026","2,197","23,600",North 1,Udaipur,"2,369",-5,Need to Check
1314078,24,"September 19, 2026","2,197","23,600",North 1,Udaipur,"2,369",-5,Need to Check
1314078,27,"September 19, 2026","2,611","23,600",North 1,Udaipur,"2,789",-5,Need to Check
1314078,28,"September 19, 2026","2,611","23,600",North 1,Udaipur,"2,789",-5,Need to Check
1314078,40,"September 19, 2026","2,197","23,600",North 1,Udaipur,"2,369",-5,Need to Check
1381541,21,"September 21, 2026","1,613","23,600",West,Goa,"1,725",-5,Need to Check
1381541,22,"September 21, 2026","1,613","23,600",West,Goa,"1,725",-5,Need to Check
1381541,39,"September 21, 2026","1,613","23,600",West,Goa,"1,725",-5,Need to Check
1381541,83,"September 21, 2026","1,613","23,600",West,Goa,"1,725",-5,Need to Check
1386481,27,"September 21, 2026","2,195","23,600",West,Goa,"2,366",-5,Need to Check
1386481,28,"September 21, 2026","2,195","23,600",West,Goa,"2,366",-5,Need to Check
1441289,35,"September 15, 2026","4,173","23,600",South 1,Ooty,"4,494",-5,Need to Check
1441289,36,"September 15, 2026","4,173","23,600",South 1,Ooty,"4,494",-5,Need to Check
1441289,37,"September 15, 2026","4,173","23,600",South 1,Ooty,"4,494",-5,Need to Check
1446075,35,"September 15, 2026","3,740","23,600",South 1,Ooty,"4,001",-5,Need to Check
1446075,36,"September 15, 2026","3,740","23,600",South 1,Ooty,"4,001",-5,Need to Check
1446075,37,"September 15, 2026","3,740","23,600",South 1,Ooty,"4,001",-5,Need to Check
1479075,15,"September 15, 2026",872,"23,600",South 1,Coorg,933,-5,Need to Check
1479075,16,"September 15, 2026",872,"23,600",South 1,Coorg,933,-5,Need to Check
1479075,38,"September 15, 2026",872,"23,600",South 1,Coorg,933,-5,Need to Check
1483392,17,"September 24, 2026","1,620","27,848",West,Kolhapur,"1,742",-5,Need to Check
1483392,18,"September 24, 2026","1,620","27,848",West,Kolhapur,"1,742",-5,Need to Check
1483392,50,"September 24, 2026","1,620","27,848",West,Kolhapur,"1,742",-5,Need to Check
1483392,87,"September 24, 2026","1,620","27,848",West,Kolhapur,"1,742",-5,Need to Check
1531125,27,"September 26, 2026","2,249","20,000",East,Guwahati,"2,400",-5,Need to Check
1531125,28,"September 26, 2026","2,249","20,000",East,Guwahati,"2,400",-5,Need to Check
1531125,29,"September 26, 2026","1,973","20,000",East,Guwahati,"2,115",-5,Need to Check
1531125,30,"September 26, 2026","1,973","20,000",East,Guwahati,"2,115",-5,Need to Check
1531125,31,"September 26, 2026","1,973","20,000",East,Guwahati,"2,115",-5,Need to Check
1531125,32,"September 26, 2026","2,111","20,000",East,Guwahati,"2,253",-5,Need to Check
1531125,33,"September 26, 2026","2,111","20,000",East,Guwahati,"2,253",-5,Need to Check
1531125,34,"September 26, 2026","2,111","20,000",East,Guwahati,"2,253",-5,Need to Check
1531125,57,"September 26, 2026","1,973","20,000",East,Guwahati,"2,115",-5,Need to Check
1541487,21,"September 21, 2026","1,971","20,000",West,Mahabaleshwar,"2,120",-5,Need to Check
1541487,21,"September 22, 2026","2,136","20,000",West,Mahabaleshwar,"2,302",-5,Need to Check
1541487,21,"September 23, 2026","2,136","20,000",West,Mahabaleshwar,"2,302",-5,Need to Check
1541487,21,"September 24, 2026","2,140","20,000",West,Mahabaleshwar,"2,302",-5,Need to Check
1541487,22,"September 21, 2026","1,971","20,000",West,Mahabaleshwar,"2,120",-5,Need to Check
1541487,22,"September 22, 2026","2,136","20,000",West,Mahabaleshwar,"2,302",-5,Need to Check
1541487,22,"September 23, 2026","2,136","20,000",West,Mahabaleshwar,"2,302",-5,Need to Check
1541487,22,"September 24, 2026","2,140","20,000",West,Mahabaleshwar,"2,302",-5,Need to Check
1541487,23,"September 21, 2026","2,109","20,000",West,Mahabaleshwar,"2,258",-5,Need to Check
1541487,23,"September 22, 2026","2,274","20,000",West,Mahabaleshwar,"2,440",-5,Need to Check
1541487,23,"September 23, 2026","2,274","20,000",West,Mahabaleshwar,"2,440",-5,Need to Check
1541487,23,"September 24, 2026","2,278","20,000",West,Mahabaleshwar,"2,440",-5,Need to Check
1541487,24,"September 21, 2026","2,109","20,000",West,Mahabaleshwar,"2,258",-5,Need to Check
1541487,24,"September 22, 2026","2,274","20,000",West,Mahabaleshwar,"2,440",-5,Need to Check
1541487,24,"September 23, 2026","2,274","20,000",West,Mahabaleshwar,"2,440",-5,Need to Check
1541487,24,"September 24, 2026","2,278","20,000",West,Mahabaleshwar,"2,440",-5,Need to Check
1541487,29,"September 22, 2026","2,481","20,000",West,Mahabaleshwar,"2,647",-5,Need to Check
1541487,29,"September 23, 2026","2,481","20,000",West,Mahabaleshwar,"2,647",-5,Need to Check
1541487,29,"September 24, 2026","2,485","20,000",West,Mahabaleshwar,"2,647",-5,Need to Check
1541487,30,"September 22, 2026","2,481","20,000",West,Mahabaleshwar,"2,647",-5,Need to Check
1541487,30,"September 23, 2026","2,481","20,000",West,Mahabaleshwar,"2,647",-5,Need to Check
1541487,30,"September 24, 2026","2,485","20,000",West,Mahabaleshwar,"2,647",-5,Need to Check
1541487,31,"September 22, 2026","2,481","20,000",West,Mahabaleshwar,"2,647",-5,Need to Check
1541487,31,"September 23, 2026","2,481","20,000",West,Mahabaleshwar,"2,647",-5,Need to Check
1541487,31,"September 24, 2026","2,485","20,000",West,Mahabaleshwar,"2,647",-5,Need to Check
1541487,39,"September 21, 2026","1,971","20,000",West,Mahabaleshwar,"2,120",-5,Need to Check
1541487,39,"September 22, 2026","2,136","20,000",West,Mahabaleshwar,"2,302",-5,Need to Check
1541487,39,"September 23, 2026","2,136","20,000",West,Mahabaleshwar,"2,302",-5,Need to Check
1541487,39,"September 24, 2026","2,140","20,000",West,Mahabaleshwar,"2,302",-5,Need to Check
1541487,57,"September 22, 2026","2,481","20,000",West,Mahabaleshwar,"2,647",-5,Need to Check
1541487,57,"September 23, 2026","2,481","20,000",West,Mahabaleshwar,"2,647",-5,Need to Check
1541487,57,"September 24, 2026","2,485","20,000",West,Mahabaleshwar,"2,647",-5,Need to Check
1596742,35,"September 20, 2026","2,250","23,600",South 2,Hyderabad,"2,412",-5,Need to Check
1596742,36,"September 20, 2026","2,250","23,600",South 2,Hyderabad,"2,412",-5,Need to Check
1614818,17,"September 26, 2026","1,746","20,000",East,Bhubaneswar,"1,876",-5,Need to Check
1614818,18,"September 26, 2026","1,746","20,000",East,Bhubaneswar,"1,876",-5,Need to Check
1614818,50,"September 26, 2026","1,746","20,000",East,Bhubaneswar,"1,876",-5,Need to Check
1619452,27,"September 16, 2026","2,014","23,600",East,Bhubaneswar,"2,156",-5,Need to Check
1619452,28,"September 16, 2026","2,014","23,600",East,Bhubaneswar,"2,156",-5,Need to Check
1755459,15,"October 24, 2026","4,171","23,600",North 1,Gandhinagar,"4,502",-5,Need to Check
1755459,16,"October 24, 2026","4,258","23,600",North 1,Gandhinagar,"4,590",-5,Need to Check
1755459,38,"October 24, 2026","4,171","23,600",North 1,Gandhinagar,"4,502",-5,Need to Check
1755459,52,"October 24, 2026","4,258","23,600",North 1,Gandhinagar,"4,590",-5,Need to Check
1755459,76,"October 24, 2026","4,171","23,600",North 1,Gandhinagar,"4,502",-5,Need to Check
1759184,42,"October 16, 2026","5,658","23,600",North 1,Gandhinagar,"6,062",-5,Need to Check
1759184,42,"October 17, 2026","5,658","23,600",North 1,Gandhinagar,"6,062",-5,Need to Check
1759184,42,"October 18, 2026","5,658","23,600",North 1,Gandhinagar,"6,062",-5,Need to Check
1759184,42,"October 19, 2026","5,658","23,600",North 1,Gandhinagar,"6,062",-5,Need to Check
1759184,42,"October 20, 2026","5,658","23,600",North 1,Gandhinagar,"6,062",-5,Need to Check
1759184,42,"October 21, 2026","5,658","23,600",North 1,Gandhinagar,"6,062",-5,Need to Check
1759184,42,"October 22, 2026","5,658","23,600",North 1,Gandhinagar,"6,062",-5,Need to Check
1759184,42,"October 23, 2026","5,658","23,600",North 1,Gandhinagar,"6,062",-5,Need to Check
1759184,42,"October 24, 2026","5,658","23,600",North 1,Gandhinagar,"6,062",-5,Need to Check
1759184,43,"October 16, 2026","5,658","23,600",North 1,Gandhinagar,"6,062",-5,Need to Check
1759184,43,"October 17, 2026","5,658","23,600",North 1,Gandhinagar,"6,062",-5,Need to Check
1759184,43,"October 18, 2026","5,658","23,600",North 1,Gandhinagar,"6,062",-5,Need to Check
1759184,43,"October 19, 2026","5,658","23,600",North 1,Gandhinagar,"6,062",-5,Need to Check
1759184,43,"October 20, 2026","5,658","23,600",North 1,Gandhinagar,"6,062",-5,Need to Check
1759184,43,"October 21, 2026","5,658","23,600",North 1,Gandhinagar,"6,062",-5,Need to Check
1759184,43,"October 22, 2026","5,658","23,600",North 1,Gandhinagar,"6,062",-5,Need to Check
1759184,43,"October 23, 2026","5,658","23,600",North 1,Gandhinagar,"6,062",-5,Need to Check
1759184,43,"October 24, 2026","5,658","23,600",North 1,Gandhinagar,"6,062",-5,Need to Check
1767140,25,"September 15, 2026","1,735","23,600",South 1,Chikmagalur,"1,870",-5,Need to Check
1767140,26,"September 15, 2026","1,735","23,600",South 1,Chikmagalur,"1,870",-5,Need to Check
1912757,23,"September 23, 2026","1,407","23,600",North 2,Bhimtal,"1,508",-5,Need to Check
1912757,24,"September 23, 2026","1,407","23,600",North 2,Bhimtal,"1,508",-5,Need to Check
1912757,40,"September 23, 2026","1,407","23,600",North 2,Bhimtal,"1,508",-5,Need to Check
1982002,21,"September 21, 2026","2,485","23,600",West,Matheran,"2,649",-5,Need to Check
1982002,22,"September 21, 2026","2,485","23,600",West,Matheran,"2,649",-5,Need to Check
1982002,23,"September 21, 2026","2,485","23,600",West,Matheran,"2,649",-5,Need to Check
1982002,24,"September 21, 2026","2,485","23,600",West,Matheran,"2,649",-5,Need to Check
1982002,39,"September 21, 2026","2,485","23,600",West,Matheran,"2,649",-5,Need to Check
1982002,40,"September 21, 2026","2,485","23,600",West,Matheran,"2,649",-5,Need to Check
1982002,83,"September 21, 2026","2,485","23,600",West,Matheran,"2,649",-5,Need to Check
2011692,27,"September 15, 2026","2,353","20,000",South 1,Bangalore,"2,517",-5,Need to Check
2011692,27,"September 16, 2026","2,353","20,000",South 1,Bangalore,"2,521",-5,Need to Check
2011692,28,"September 15, 2026","2,353","20,000",South 1,Bangalore,"2,517",-5,Need to Check
2011692,28,"September 16, 2026","2,353","20,000",South 1,Bangalore,"2,521",-5,Need to Check
2011692,32,"September 15, 2026","2,111","20,000",South 1,Bangalore,"2,275",-5,Need to Check
2011692,33,"September 15, 2026","2,111","20,000",South 1,Bangalore,"2,275",-5,Need to Check
2011692,34,"September 15, 2026","2,111","20,000",South 1,Bangalore,"2,275",-5,Need to Check
2011692,35,"September 16, 2026","2,525","20,000",South 1,Bangalore,"2,694",-5,Need to Check
2011692,36,"September 16, 2026","2,525","20,000",South 1,Bangalore,"2,694",-5,Need to Check
2027305,17,"September 15, 2026","1,557","23,600",South 1,Mangalore,"1,670",-5,Need to Check
2027305,18,"September 15, 2026","1,557","23,600",South 1,Mangalore,"1,670",-5,Need to Check
2027305,50,"September 15, 2026","1,557","23,600",South 1,Mangalore,"1,670",-5,Need to Check
2027305,87,"September 15, 2026","1,557","23,600",South 1,Mangalore,"1,670",-5,Need to Check
2051467,21,"September 22, 2026","1,217","20,000",North 2,Prayagraj,"1,300",-5,Need to Check
2051467,21,"September 23, 2026","1,217","20,000",North 2,Prayagraj,"1,300",-5,Need to Check
2051467,22,"September 22, 2026","1,217","20,000",North 2,Prayagraj,"1,300",-5,Need to Check
2051467,22,"September 23, 2026","1,217","20,000",North 2,Prayagraj,"1,300",-5,Need to Check
2051467,39,"September 22, 2026","1,217","20,000",North 2,Prayagraj,"1,300",-5,Need to Check
2051467,39,"September 23, 2026","1,217","20,000",North 2,Prayagraj,"1,300",-5,Need to Check
2051467,83,"September 22, 2026","1,217","20,000",North 2,Prayagraj,"1,300",-5,Need to Check
2051467,83,"September 23, 2026","1,217","20,000",North 2,Prayagraj,"1,300",-5,Need to Check
2061503,17,"September 26, 2026","2,714","23,600",East,Bhubaneswar,"2,892",-5,Need to Check
2061503,18,"September 26, 2026","2,714","23,600",East,Bhubaneswar,"2,892",-5,Need to Check
2061503,50,"September 26, 2026","2,714","23,600",East,Bhubaneswar,"2,892",-5,Need to Check
2066561,35,"September 21, 2026","2,724","27,848",North 2,Dharamshala,"2,911",-5,Need to Check
2066561,36,"September 21, 2026","2,724","27,848",North 2,Dharamshala,"2,911",-5,Need to Check
2074839,42,"September 16, 2026","2,301","20,000",East,Gangtok,"2,481",-5,Need to Check
2074839,42,"September 17, 2026","2,301","20,000",East,Gangtok,"2,481",-5,Need to Check
2074839,42,"September 18, 2026","2,301","20,000",East,Gangtok,"2,481",-5,Need to Check
2074839,43,"September 16, 2026","2,301","20,000",East,Gangtok,"2,481",-5,Need to Check
2074839,43,"September 17, 2026","2,301","20,000",East,Gangtok,"2,481",-5,Need to Check
2074839,43,"September 18, 2026","2,301","20,000",East,Gangtok,"2,481",-5,Need to Check
2074839,44,"September 16, 2026","2,301","20,000",East,Gangtok,"2,481",-5,Need to Check
2074839,44,"September 17, 2026","2,301","20,000",East,Gangtok,"2,481",-5,Need to Check
2074839,44,"September 18, 2026","2,301","20,000",East,Gangtok,"2,481",-5,Need to Check
2077421,27,"September 24, 2026","1,857","23,600",West,Bhopal,"2,005",-5,Need to Check
2077421,28,"September 24, 2026","1,857","23,600",West,Bhopal,"2,005",-5,Need to Check
4146211,17,"September 20, 2026","2,330","27,848",South 2,Hyderabad,"2,507",-5,Need to Check
4146211,18,"September 20, 2026","2,330","27,848",South 2,Hyderabad,"2,507",-5,Need to Check
4146211,19,"September 20, 2026","2,399","27,848",South 2,Hyderabad,"2,577",-5,Need to Check
4146211,20,"September 20, 2026","2,399","27,848",South 2,Hyderabad,"2,577",-5,Need to Check
4146211,21,"September 20, 2026","2,537","27,848",South 2,Hyderabad,"2,717",-5,Need to Check
4146211,22,"September 20, 2026","2,537","27,848",South 2,Hyderabad,"2,717",-5,Need to Check
4146211,23,"September 20, 2026","2,606","27,848",South 2,Hyderabad,"2,787",-5,Need to Check
4146211,24,"September 20, 2026","2,606","27,848",South 2,Hyderabad,"2,787",-5,Need to Check
4146211,35,"September 20, 2026","3,400","27,848",South 2,Hyderabad,"3,662",-5,Need to Check
4146211,36,"September 20, 2026","3,400","27,848",South 2,Hyderabad,"3,662",-5,Need to Check
4146211,37,"September 20, 2026","3,400","20,000",South 2,Hyderabad,"3,662",-5,Need to Check
4146211,39,"September 20, 2026","2,537","27,848",South 2,Hyderabad,"2,717",-5,Need to Check
4146211,40,"September 20, 2026","2,606","27,848",South 2,Hyderabad,"2,787",-5,Need to Check
4146211,42,"September 20, 2026","3,745","20,000",South 2,Hyderabad,"4,012",-5,Need to Check
4146211,43,"September 20, 2026","3,745","20,000",South 2,Hyderabad,"4,012",-5,Need to Check
4146211,50,"September 20, 2026","2,330","27,848",South 2,Hyderabad,"2,507",-5,Need to Check
4146211,83,"September 20, 2026","2,537","27,848",South 2,Hyderabad,"2,717",-5,Need to Check
4476459,17,"August 21, 2027","1,415","23,600",North 2,Dalhousie,"1,524",-5,Need to Check
4476459,17,"August 22, 2027","1,415","23,600",North 2,Dalhousie,"1,524",-5,Need to Check
4476459,17,"August 27, 2027","1,415","23,600",North 2,Dalhousie,"1,524",-5,Need to Check
4476459,17,"August 28, 2027","1,415","23,600",North 2,Dalhousie,"1,524",-5,Need to Check
4476459,17,"August 29, 2027","1,415","23,600",North 2,Dalhousie,"1,524",-5,Need to Check
4476459,17,"August 30, 2027","1,415","23,600",North 2,Dalhousie,"1,524",-5,Need to Check
4476459,17,"August 31, 2027","1,415","23,600",North 2,Dalhousie,"1,524",-5,Need to Check
4476459,17,"September 15, 2027","1,415","23,600",North 2,Dalhousie,"1,524",-5,Need to Check
4476459,18,"August 21, 2027","1,415","23,600",North 2,Dalhousie,"1,524",-5,Need to Check
4476459,18,"August 22, 2027","1,415","23,600",North 2,Dalhousie,"1,524",-5,Need to Check
4476459,18,"August 27, 2027","1,415","23,600",North 2,Dalhousie,"1,524",-5,Need to Check
4476459,18,"August 28, 2027","1,415","23,600",North 2,Dalhousie,"1,524",-5,Need to Check
4476459,18,"August 29, 2027","1,415","23,600",North 2,Dalhousie,"1,524",-5,Need to Check
4476459,18,"August 30, 2027","1,415","23,600",North 2,Dalhousie,"1,524",-5,Need to Check
4476459,18,"August 31, 2027","1,415","23,600",North 2,Dalhousie,"1,524",-5,Need to Check
4476459,18,"September 15, 2027","1,415","23,600",North 2,Dalhousie,"1,524",-5,Need to Check
4476459,19,"August 21, 2027","1,415","23,600",North 2,Dalhousie,"1,524",-5,Need to Check
4476459,19,"August 22, 2027","1,415","23,600",North 2,Dalhousie,"1,524",-5,Need to Check
4476459,19,"August 27, 2027","1,415","23,600",North 2,Dalhousie,"1,524",-5,Need to Check
4476459,19,"August 28, 2027","1,415","23,600",North 2,Dalhousie,"1,524",-5,Need to Check
4476459,19,"August 29, 2027","1,415","23,600",North 2,Dalhousie,"1,524",-5,Need to Check
4476459,19,"August 30, 2027","1,415","23,600",North 2,Dalhousie,"1,524",-5,Need to Check
4476459,19,"August 31, 2027","1,415","23,600",North 2,Dalhousie,"1,524",-5,Need to Check
4476459,19,"September 15, 2027","1,415","23,600",North 2,Dalhousie,"1,524",-5,Need to Check
4476459,20,"August 21, 2027","1,415","23,600",North 2,Dalhousie,"1,524",-5,Need to Check
4476459,20,"August 22, 2027","1,415","23,600",North 2,Dalhousie,"1,524",-5,Need to Check
4476459,20,"August 27, 2027","1,415","23,600",North 2,Dalhousie,"1,524",-5,Need to Check
4476459,20,"August 28, 2027","1,415","23,600",North 2,Dalhousie,"1,524",-5,Need to Check
4476459,20,"August 29, 2027","1,415","23,600",North 2,Dalhousie,"1,524",-5,Need to Check
4476459,20,"August 30, 2027","1,415","23,600",North 2,Dalhousie,"1,524",-5,Need to Check
4476459,20,"August 31, 2027","1,415","23,600",North 2,Dalhousie,"1,524",-5,Need to Check
4476459,20,"September 15, 2027","1,415","23,600",North 2,Dalhousie,"1,524",-5,Need to Check
4476459,50,"August 21, 2027","1,415","23,600",North 2,Dalhousie,"1,524",-5,Need to Check
4476459,50,"August 22, 2027","1,415","23,600",North 2,Dalhousie,"1,524",-5,Need to Check
4476459,50,"August 27, 2027","1,415","23,600",North 2,Dalhousie,"1,524",-5,Need to Check
4476459,50,"August 28, 2027","1,415","23,600",North 2,Dalhousie,"1,524",-5,Need to Check
4476459,50,"August 29, 2027","1,415","23,600",North 2,Dalhousie,"1,524",-5,Need to Check
4476459,50,"August 30, 2027","1,415","23,600",North 2,Dalhousie,"1,524",-5,Need to Check
4476459,50,"August 31, 2027","1,415","23,600",North 2,Dalhousie,"1,524",-5,Need to Check
4476459,50,"September 15, 2027","1,415","23,600",North 2,Dalhousie,"1,524",-5,Need to Check
5000010,17,"September 15, 2026","1,728","23,600",South 1,Bangalore,"1,843",-5,Need to Check
5000010,18,"September 15, 2026","1,728","23,600",South 1,Bangalore,"1,843",-5,Need to Check
5000010,50,"September 15, 2026","1,728","23,600",South 1,Bangalore,"1,843",-5,Need to Check
9772256,42,"September 24, 2026","6,507","23,600",North 2,Jispa,"6,969",-5,Need to Check
9772256,43,"September 24, 2026","6,507","23,600",North 2,Jispa,"6,969",-5,Need to Check
