property_code,sku_code,date,min_price,max_price,channel_code,sub_channel_code
45959,18,2026-09-23,1595,20000,,
45959,18,2026-09-23,1595,20000,,
45959,19,2026-09-20,1732,20000,,
45959,19,2026-09-22,1738,20000,,
45959,19,2026-12-13,1736,20000,,
45959,19,2026-12-14,1736,20000,,
45959,20,2026-09-20,1732,20000,,
45959,20,2026-09-22,1738,20000,,
45959,20,2026-12-13,1736,20000,,
45959,20,2026-12-14,1736,20000,,
45959,23,2026-09-24,1940,20000,,
45959,24,2026-09-24,1940,20000,,
45959,50,2026-09-23,1595,20000,,
45959,50,2026-09-23,1595,20000,,
45959,51,2026-09-20,1732,20000,,
45959,51,2026-09-22,1738,20000,,
45959,51,2026-12-13,1736,20000,,
45959,51,2026-12-14,1736,20000,,
616586,17,2026-09-26,1666,23600,,
616586,18,2026-09-26,1666,23600,,
616586,50,2026-09-26,1666,23600,,
616586,87,2026-09-26,1666,23600,,
1104342,19,2026-09-22,1724,32861,,
1104342,19,2026-09-23,1724,32861,,
1104342,19,2026-09-24,1724,32861,,
1104342,19,2026-12-13,1724,32861,,
1104342,19,2026-12-14,1724,32861,,
1104342,20,2026-09-22,1724,32861,,
1104342,20,2026-09-23,1724,32861,,
1104342,20,2026-09-24,1724,32861,,
1104342,20,2026-12-13,1724,32861,,
1104342,20,2026-12-14,1724,32861,,
1107594,25,2026-12-12,1968,23600,,
1107594,25,2026-12-12,1968,23600,,
1115459,25,2026-09-22,1808,20000,,
1115459,26,2026-09-22,1808,20000,,
1122516,29,2026-09-21,1677,23600,,
1122516,29,2026-09-22,1677,23600,,
1122516,30,2026-09-21,1677,23600,,
1122516,30,2026-09-22,1677,23600,,
1122516,31,2026-09-21,1677,23600,,
1122516,31,2026-09-22,1677,23600,,
1122516,32,2026-09-23,1791,23600,,
1122516,33,2026-09-23,1791,23600,,
1122516,34,2026-09-23,1791,23600,,
1122516,57,2026-09-21,1677,23600,,
1122516,57,2026-09-22,1677,23600,,
1125927,17,2026-12-13,1118,23600,,
1125927,17,2026-12-14,1118,23600,,
1125927,18,2026-12-13,1118,23600,,
1125927,18,2026-12-14,1118,23600,,
1125927,50,2026-12-13,1118,23600,,
1125927,50,2026-12-14,1118,23600,,
1126702,25,2027-09-15,2539,23600,,
1126702,26,2027-09-15,2539,23600,,
1127927,29,2026-09-21,1973,23600,,
1127927,30,2026-09-21,1973,23600,,
1127927,31,2026-09-21,1973,23600,,
1127927,57,2026-09-21,1973,23600,,
1133570,19,2026-12-12,1598,20000,,
1133570,20,2026-12-12,1598,20000,,
1133570,21,2026-12-12,1598,20000,,
1133570,22,2026-12-12,1598,20000,,
1133570,39,2026-12-12,1598,20000,,
1133570,83,2026-12-12,1598,20000,,
1136669,17,2027-09-15,1975,23600,,
1136669,18,2027-09-15,1975,23600,,
1139087,19,2026-12-12,1593,23600,,
1139087,20,2026-12-12,1593,23600,,
1139087,29,2026-12-12,1731,23600,,
1139087,30,2026-12-12,1731,23600,,
1139087,31,2026-12-12,1731,23600,,
1139087,57,2026-12-12,1731,23600,,
1143227,25,2026-09-16,1691,23600,,
1143227,26,2026-09-16,1691,23600,,
1165837,19,2026-12-13,1878,23600,,
1165837,19,2026-12-14,1878,23600,,
1165837,20,2026-12-13,1878,23600,,
1165837,20,2026-12-14,1878,23600,,
1166076,17,2026-12-13,1824,23600,,
1166076,17,2026-12-14,1824,23600,,
1166076,18,2026-12-13,1824,23600,,
1166076,18,2026-12-14,1824,23600,,
1166076,50,2026-12-13,1824,23600,,
1166076,50,2026-12-14,1824,23600,,
1167277,19,2026-12-13,1573,23600,,
1167277,19,2026-12-14,1573,23600,,
1167277,20,2026-12-13,1573,23600,,
1167277,20,2026-12-14,1573,23600,,
1168316,17,2027-09-15,1714,23600,,
1168316,18,2027-09-15,1714,23600,,
1168316,19,2027-09-15,1783,23600,,
1168316,20,2027-09-15,1783,23600,,
1168316,25,2026-12-13,2231,23600,,
1168316,25,2026-12-14,2231,23600,,
1168316,26,2026-12-13,2231,23600,,
1168316,26,2026-12-14,2231,23600,,
1168316,29,2026-12-13,2335,23600,,
1168316,29,2026-12-14,2335,23600,,
1168316,30,2026-12-13,2335,23600,,
1168316,30,2026-12-14,2335,23600,,
1168316,31,2026-12-13,2335,23600,,
1168316,31,2026-12-14,2335,23600,,
1168316,32,2026-12-13,2404,23600,,
1168316,32,2026-12-14,2404,23600,,
1168316,33,2026-12-13,2404,23600,,
1168316,33,2026-12-14,2404,23600,,
1168316,34,2026-12-13,2404,23600,,
1168316,34,2026-12-14,2404,23600,,
1168316,50,2027-09-15,1714,23600,,
1168316,51,2027-09-15,1783,23600,,
1168316,57,2026-12-13,2335,23600,,
1168316,57,2026-12-14,2335,23600,,
1168316,87,2027-09-15,1714,23600,,
1169924,23,2026-12-13,2751,23600,,
1169924,23,2026-12-14,2751,23600,,
1169924,24,2026-12-13,2751,23600,,
1169924,24,2026-12-14,2751,23600,,
1169924,40,2026-12-13,2751,23600,,
1169924,40,2026-12-14,2751,23600,,
1198531,15,2027-09-15,1232,23600,,
1198531,16,2027-09-15,1301,23600,,
1198531,38,2027-09-15,1232,23600,,
1198531,52,2027-09-15,1301,23600,,
1198531,76,2027-09-15,1232,23600,,
1203621,25,2027-09-15,1723,23600,,
1203621,26,2027-09-15,1723,23600,,
1205898,17,2026-09-21,1483,23600,,
1205898,18,2026-09-21,1483,23600,,
1205898,19,2026-09-21,1552,23600,,
1205898,20,2026-09-21,1552,23600,,
1205898,21,2026-09-21,1552,23600,,
1205898,22,2026-09-21,1552,23600,,
1205898,39,2026-09-21,1552,23600,,
1205898,50,2026-09-21,1483,23600,,
1205898,83,2026-09-21,1552,23600,,
1206030,27,2027-09-15,4101,20000,,
1206030,28,2027-09-15,4101,20000,,
1208576,32,2026-12-13,2829,20000,,
1208576,32,2026-12-14,2829,20000,,
1208576,33,2026-12-13,2829,20000,,
1208576,33,2026-12-14,2829,20000,,
1208576,34,2026-12-13,2829,20000,,
1208576,34,2026-12-14,2829,20000,,
1226887,25,2026-12-13,2332,23600,,
1226887,25,2026-12-14,2332,23600,,
1226887,26,2026-12-13,2332,23600,,
1226887,26,2026-12-14,2332,23600,,
1229040,25,2026-09-21,1592,20000,,
1229040,25,2026-09-22,1592,20000,,
1229040,25,2026-09-23,1592,20000,,
1229040,25,2026-09-24,1592,20000,,
1229040,26,2026-09-21,1592,20000,,
1229040,26,2026-09-22,1592,20000,,
1229040,26,2026-09-23,1592,20000,,
1229040,26,2026-09-24,1592,20000,,
1229511,23,2026-12-12,2046,23600,,
1229511,24,2026-12-12,2046,23600,,
1229511,40,2026-12-12,2046,23600,,
1229511,84,2026-12-12,2046,23600,,
1231999,42,2027-09-15,2930,20000,,
1231999,43,2027-09-15,2930,20000,,
1244531,27,2026-09-23,3045,23600,,
1244531,28,2026-09-23,3045,23600,,
1261835,17,2026-09-20,1640,23600,,
1261835,18,2026-09-20,1640,23600,,
1261835,50,2026-09-20,1640,23600,,
1265433,19,2026-09-20,1808,23600,,
1265433,20,2026-09-20,1808,23600,,
1265433,29,2026-09-20,2878,23600,,
1265433,30,2026-09-20,2878,23600,,
1265433,31,2026-09-20,2878,23600,,
1265433,32,2026-09-20,3085,23600,,
1265433,33,2026-09-20,3085,23600,,
1265433,34,2026-09-20,3085,23600,,
1265433,57,2026-09-20,2878,23600,,
1269686,15,2026-09-20,1312,23600,,
1269686,27,2026-09-20,2002,23600,,
1269686,28,2026-09-20,2002,23600,,
1269686,38,2026-09-20,1312,23600,,
1295755,27,2026-09-20,2670,23600,,
1295755,28,2026-09-20,2670,23600,,
1298362,23,2026-09-20,2214,23600,,
1298362,24,2026-09-20,2214,23600,,
1298362,40,2026-09-20,2214,23600,,
1307656,15,2026-09-21,941,23600,,
1307656,15,2026-09-22,941,23600,,
1307656,15,2026-12-12,1126,23600,,
1307656,16,2026-09-21,941,23600,,
1307656,16,2026-09-22,941,23600,,
1307656,16,2026-12-12,1126,23600,,
1307656,27,2026-09-23,1577,23600,,
1307656,27,2026-09-24,1577,23600,,
1307656,28,2026-09-23,1577,23600,,
1307656,28,2026-09-24,1577,23600,,
1307656,38,2026-09-21,941,23600,,
1307656,38,2026-09-22,941,23600,,
1307656,38,2026-12-12,1126,23600,,
1307656,52,2026-09-21,941,23600,,
1307656,52,2026-09-22,941,23600,,
1307656,52,2026-12-12,1126,23600,,
1327100,17,2026-12-12,3134,23600,,
1327100,18,2026-12-12,3134,23600,,
1327100,19,2026-12-12,3238,23600,,
1327100,20,2026-12-12,3238,23600,,
1327100,21,2026-12-12,3410,23600,,
1327100,22,2026-12-12,3410,23600,,
1327100,39,2026-12-12,3410,23600,,
1327100,50,2026-12-12,3134,23600,,
1327100,83,2026-12-12,3410,23600,,
1371182,17,2027-09-15,2756,23600,,
1371182,18,2027-09-15,2756,23600,,
1371182,19,2027-09-15,2963,23600,,
1371182,20,2027-09-15,2963,23600,,
1371182,50,2027-09-15,2756,23600,,
1374088,35,2027-09-15,3447,23600,,
1374088,36,2027-09-15,3447,23600,,
1381105,35,2026-09-15,2697,23600,,
1381105,35,2026-09-16,2697,23600,,
1381105,36,2026-09-15,2697,23600,,
1381105,36,2026-09-16,2697,23600,,
1381541,17,2026-09-21,1406,23600,,
1381541,18,2026-09-21,1406,23600,,
1381541,19,2026-09-21,1475,23600,,
1381541,20,2026-09-21,1475,20000,,
1381541,50,2026-09-21,1406,20000,,
1386481,21,2026-12-12,2660,23600,,
1386481,22,2026-12-12,2660,23600,,
1386481,23,2026-12-12,2763,23600,,
1386481,24,2026-12-12,2763,23600,,
1386481,25,2026-09-21,1953,23600,,
1386481,26,2026-09-21,1953,23600,,
1386481,39,2026-12-12,2660,23600,,
1386481,40,2026-12-12,2763,23600,,
1386481,83,2026-12-12,2660,23600,,
1396947,15,2026-12-13,2650,23600,,
1396947,15,2026-12-14,2650,23600,,
1396947,15,2027-09-15,2650,23600,,
1396947,16,2026-12-13,2823,23600,,
1396947,16,2026-12-14,2823,23600,,
1396947,16,2027-09-15,2823,23600,,
1396947,38,2026-12-13,2650,23600,,
1396947,38,2026-12-14,2650,23600,,
1396947,38,2027-09-15,2650,23600,,
1396947,52,2026-12-13,2823,23600,,
1396947,52,2026-12-14,2823,23600,,
1396947,52,2027-09-15,2823,23600,,
1396947,76,2026-12-13,2650,23600,,
1396947,76,2026-12-14,2650,23600,,
1396947,76,2027-09-15,2650,23600,,
1431818,17,2026-11-22,5686,27848,,
1431818,17,2026-11-23,5686,27848,,
1431818,17,2026-11-24,5686,27848,,
1431818,17,2026-11-25,5686,27848,,
1431818,17,2026-11-26,5686,27848,,
1431818,18,2026-11-22,5686,27848,,
1431818,18,2026-11-23,5686,27848,,
1431818,18,2026-11-24,5686,27848,,
1431818,18,2026-11-25,5686,27848,,
1431818,18,2026-11-26,5686,27848,,
1431818,19,2026-11-22,5755,27848,,
1431818,19,2026-11-23,5755,27848,,
1431818,19,2026-11-24,5755,27848,,
1431818,19,2026-11-25,5755,27848,,
1431818,19,2026-11-26,5755,27848,,
1431818,20,2026-11-22,5755,27848,,
1431818,20,2026-11-23,5755,27848,,
1431818,20,2026-11-24,5755,27848,,
1431818,20,2026-11-25,5755,27848,,
1431818,20,2026-11-26,5755,27848,,
1431818,21,2026-11-22,5859,27848,,
1431818,21,2026-11-23,5859,27848,,
1431818,21,2026-11-24,5859,27848,,
1431818,21,2026-11-25,5859,27848,,
1431818,21,2026-11-26,5859,27848,,
1431818,22,2026-11-22,5859,27848,,
1431818,22,2026-11-23,5859,27848,,
1431818,22,2026-11-24,5859,27848,,
1431818,22,2026-11-25,5859,27848,,
1431818,22,2026-11-26,5859,27848,,
1431818,23,2026-11-22,5945,27848,,
1431818,23,2026-11-23,5945,27848,,
1431818,23,2026-11-24,5945,27848,,
1431818,23,2026-11-25,5945,27848,,
1431818,23,2026-11-26,5945,27848,,
1431818,24,2026-11-22,5945,27848,,
1431818,24,2026-11-23,5945,27848,,
1431818,24,2026-11-24,5945,27848,,
1431818,24,2026-11-25,5945,27848,,
1431818,24,2026-11-26,5945,27848,,
1431818,39,2026-11-22,5859,27848,,
1431818,39,2026-11-23,5859,27848,,
1431818,39,2026-11-24,5859,27848,,
1431818,39,2026-11-25,5859,27848,,
1431818,39,2026-11-26,5859,27848,,
1431818,40,2026-11-22,5945,27848,,
1431818,40,2026-11-23,5945,27848,,
1431818,40,2026-11-24,5945,27848,,
1431818,40,2026-11-25,5945,27848,,
1431818,40,2026-11-26,5945,27848,,
1431818,50,2026-11-22,5686,27848,,
1431818,50,2026-11-23,5686,27848,,
1431818,50,2026-11-24,5686,27848,,
1431818,50,2026-11-25,5686,27848,,
1431818,50,2026-11-26,5686,27848,,
1431818,83,2026-11-22,5859,27848,,
1431818,83,2026-11-23,5859,27848,,
1431818,83,2026-11-24,5859,27848,,
1431818,83,2026-11-25,5859,27848,,
1431818,83,2026-11-26,5859,27848,,
1432626,17,2026-11-22,5727,23600,,
1432626,17,2026-11-23,5727,23600,,
1432626,17,2026-11-24,5727,23600,,
1432626,17,2026-11-25,5727,23600,,
1432626,17,2026-11-26,5727,23600,,
1432626,18,2026-11-22,5727,23600,,
1432626,18,2026-11-23,5727,23600,,
1432626,18,2026-11-24,5727,23600,,
1432626,18,2026-11-25,5727,23600,,
1432626,18,2026-11-26,5727,23600,,
1432626,50,2026-11-22,5727,23600,,
1432626,50,2026-11-23,5727,23600,,
1432626,50,2026-11-24,5727,23600,,
1432626,50,2026-11-25,5727,23600,,
1432626,50,2026-11-26,5727,23600,,
1436029,17,2026-11-22,5714,23600,,
1436029,17,2026-11-26,5710,23600,,
1436029,18,2026-11-22,5714,23600,,
1436029,18,2026-11-26,5710,23600,,
1436029,19,2026-11-22,5783,23600,,
1436029,19,2026-11-26,5779,23600,,
1436029,20,2026-11-22,5783,23600,,
1436029,20,2026-11-26,5779,23600,,
1436029,50,2026-11-22,5714,23600,,
1436029,50,2026-11-26,5710,23600,,
1437251,21,2026-11-22,5838,23600,,
1437251,21,2026-11-23,5838,23600,,
1437251,21,2026-11-24,5838,23600,,
1437251,21,2026-11-25,5838,23600,,
1437251,21,2026-11-26,5838,23600,,
1437251,22,2026-11-22,5838,23600,,
1437251,22,2026-11-23,5838,23600,,
1437251,22,2026-11-24,5838,23600,,
1437251,22,2026-11-25,5838,23600,,
1437251,22,2026-11-26,5838,23600,,
1437251,23,2026-11-22,5907,23600,,
1437251,23,2026-11-23,5907,23600,,
1437251,23,2026-11-24,5907,23600,,
1437251,23,2026-11-25,5907,23600,,
1437251,23,2026-11-26,5907,23600,,
1437251,24,2026-11-22,5907,23600,,
1437251,24,2026-11-23,5907,23600,,
1437251,24,2026-11-24,5907,23600,,
1437251,24,2026-11-25,5907,23600,,
1437251,24,2026-11-26,5907,23600,,
1437251,27,2026-11-22,6183,23600,,
1437251,27,2026-11-23,6183,23600,,
1437251,27,2026-11-24,6183,23600,,
1437251,27,2026-11-25,6183,23600,,
1437251,27,2026-11-26,6183,23600,,
1437251,28,2026-11-22,6183,23600,,
1437251,28,2026-11-23,6183,23600,,
1437251,28,2026-11-24,6183,23600,,
1437251,28,2026-11-25,6183,23600,,
1437251,28,2026-11-26,6183,23600,,
1437251,29,2026-11-22,6045,23600,,
1437251,29,2026-11-23,6045,23600,,
1437251,29,2026-11-24,6045,23600,,
1437251,29,2026-11-25,6045,23600,,
1437251,29,2026-11-26,6045,23600,,
1437251,30,2026-11-22,6045,23600,,
1437251,30,2026-11-23,6045,23600,,
1437251,30,2026-11-24,6045,23600,,
1437251,30,2026-11-25,6045,23600,,
1437251,30,2026-11-26,6045,23600,,
1437251,31,2026-11-22,6045,23600,,
1437251,31,2026-11-23,6045,23600,,
1437251,31,2026-11-24,6045,23600,,
1437251,31,2026-11-25,6045,23600,,
1437251,31,2026-11-26,6045,23600,,
1437251,32,2026-11-22,6114,23600,,
1437251,32,2026-11-23,6114,23600,,
1437251,32,2026-11-24,6114,23600,,
1437251,32,2026-11-25,6114,23600,,
1437251,32,2026-11-26,6114,23600,,
1437251,33,2026-11-22,6114,23600,,
1437251,33,2026-11-23,6114,23600,,
1437251,33,2026-11-24,6114,23600,,
1437251,33,2026-11-25,6114,23600,,
1437251,33,2026-11-26,6114,23600,,
1437251,34,2026-11-22,6114,23600,,
1437251,34,2026-11-23,6114,23600,,
1437251,34,2026-11-24,6114,23600,,
1437251,34,2026-11-25,6114,23600,,
1437251,34,2026-11-26,6114,23600,,
1437251,39,2026-11-22,5838,23600,,
1437251,39,2026-11-23,5838,23600,,
1437251,39,2026-11-24,5838,23600,,
1437251,39,2026-11-25,5838,23600,,
1437251,39,2026-11-26,5838,23600,,
1437251,40,2026-11-22,5907,23600,,
1437251,40,2026-11-23,5907,23600,,
1437251,40,2026-11-24,5907,23600,,
1437251,40,2026-11-25,5907,23600,,
1437251,40,2026-11-26,5907,23600,,
1437251,57,2026-11-22,6045,23600,,
1437251,57,2026-11-23,6045,23600,,
1437251,57,2026-11-24,6045,23600,,
1437251,57,2026-11-25,6045,23600,,
1437251,57,2026-11-26,6045,23600,,
1437251,83,2026-11-22,5838,23600,,
1437251,83,2026-11-23,5838,23600,,
1437251,83,2026-11-24,5838,23600,,
1437251,83,2026-11-25,5838,23600,,
1437251,83,2026-11-26,5838,23600,,
1441289,27,2026-09-15,3828,23600,,
1441289,28,2026-09-15,3828,23600,,
1446075,27,2026-09-15,3395,23600,,
1446075,28,2026-09-15,3395,23600,,
1446609,25,2026-12-13,2187,23600,,
1446609,25,2026-12-14,2187,23600,,
1446609,26,2026-12-13,2187,23600,,
1446609,26,2026-12-14,2187,23600,,
1453534,21,2026-12-13,2103,23600,,
1453534,21,2026-12-14,2103,23600,,
1453534,22,2026-12-13,2103,23600,,
1453534,22,2026-12-14,2103,23600,,
1453534,39,2026-12-13,2103,23600,,
1453534,39,2026-12-14,2103,23600,,
1453534,83,2026-12-13,2103,23600,,
1453534,83,2026-12-14,2103,23600,,
1462197,27,2026-12-13,2869,23600,,
1462197,27,2026-12-14,2869,23600,,
1462197,28,2026-12-13,2869,23600,,
1462197,28,2026-12-14,2869,23600,,
1462197,32,2027-09-15,2378,23600,,
1462197,33,2027-09-15,2378,23600,,
1462197,34,2027-09-15,2378,23600,,
1462197,58,2027-09-15,2378,23600,,
1463190,27,2026-12-12,2585,23600,,
1463190,28,2026-12-12,2585,23600,,
1483392,25,2026-12-13,2640,27848,,
1483392,25,2026-12-14,2640,27848,,
1483392,26,2026-12-13,2640,27848,,
1483392,26,2026-12-14,2640,27848,,
1483392,32,2026-12-13,2778,27848,,
1483392,32,2026-12-14,2778,27848,,
1483392,33,2026-12-13,2778,27848,,
1483392,33,2026-12-14,2778,27848,,
1483392,34,2026-12-13,2778,27848,,
1483392,34,2026-12-14,2778,27848,,
1483392,58,2026-12-13,2778,27848,,
1483392,58,2026-12-14,2778,27848,,
1483392,90,2026-12-13,2778,27848,,
1483392,90,2026-12-14,2778,27848,,
1512203,16,2026-09-24,1476,23600,,
1512203,19,2026-09-24,1683,23600,,
1512203,20,2026-09-24,1683,23600,,
1512203,25,2026-09-24,1959,23600,,
1512203,26,2026-09-24,1959,23600,,
1512203,27,2026-09-24,2097,23600,,
1512203,28,2026-09-24,2097,23600,,
1512203,51,2026-09-24,1683,23600,,
1516017,35,2026-09-19,2926,23600,,
1516017,36,2026-09-19,2926,23600,,
1531125,19,2026-09-26,1559,20000,,
1531125,21,2026-09-26,1559,20000,,
1531125,22,2026-09-26,1559,20000,,
1531125,23,2026-09-26,1697,20000,,
1531125,23,2026-11-15,1578,20000,,
1531125,23,2026-11-16,1578,20000,,
1531125,23,2026-11-24,1578,20000,,
1531125,23,2026-11-25,1578,20000,,
1531125,23,2026-12-02,1578,20000,,
1531125,23,2026-12-03,1578,20000,,
1531125,23,2026-12-04,1578,20000,,
1531125,23,2026-12-05,1578,20000,,
1531125,23,2026-12-06,1578,20000,,
1531125,23,2026-12-11,1578,20000,,
1531125,24,2026-09-26,1697,20000,,
1531125,24,2026-11-15,1578,20000,,
1531125,24,2026-11-16,1578,20000,,
1531125,24,2026-11-24,1578,20000,,
1531125,24,2026-11-25,1578,20000,,
1531125,24,2026-12-02,1578,20000,,
1531125,24,2026-12-03,1578,20000,,
1531125,24,2026-12-04,1578,20000,,
1531125,24,2026-12-05,1578,20000,,
1531125,24,2026-12-06,1578,20000,,
1531125,24,2026-12-11,1578,20000,,
1531125,39,2026-09-26,1559,20000,,
1531125,40,2026-09-26,1697,20000,,
1531125,40,2026-11-15,1578,20000,,
1531125,40,2026-11-16,1578,20000,,
1531125,40,2026-11-24,1578,20000,,
1531125,40,2026-11-25,1578,20000,,
1531125,40,2026-12-02,1578,20000,,
1531125,40,2026-12-03,1578,20000,,
1531125,40,2026-12-04,1578,20000,,
1531125,40,2026-12-05,1578,20000,,
1531125,40,2026-12-06,1578,20000,,
1531125,40,2026-12-11,1578,20000,,
1531125,83,2026-09-26,1559,20000,,
1535153,27,2026-11-18,1875,23600,,
1535153,27,2026-11-19,1875,23600,,
1535153,27,2026-11-22,1875,23600,,
1535153,27,2026-11-23,1875,23600,,
1535153,27,2026-12-01,1875,23600,,
1535153,27,2026-12-07,1875,23600,,
1535153,27,2026-12-08,1875,23600,,
1535153,27,2026-12-09,1875,23600,,
1535153,27,2026-12-10,1875,23600,,
1535153,28,2026-11-18,1875,23600,,
1535153,28,2026-11-19,1875,23600,,
1535153,28,2026-11-22,1875,23600,,
1535153,28,2026-11-23,1875,23600,,
1535153,28,2026-12-01,1875,23600,,
1535153,28,2026-12-07,1875,23600,,
1535153,28,2026-12-08,1875,23600,,
1535153,28,2026-12-09,1875,23600,,
1535153,28,2026-12-10,1875,23600,,
1541487,19,2026-09-21,1626,20000,,
1541487,19,2026-09-22,1791,20000,,
1541487,19,2026-09-23,1791,20000,,
1541487,19,2026-09-24,1795,20000,,
1541487,20,2026-09-21,1626,20000,,
1541487,20,2026-09-22,1791,20000,,
1541487,20,2026-09-23,1791,20000,,
1541487,20,2026-09-24,1795,20000,,
1547096,27,2027-09-15,1941,20000,,
1547096,28,2027-09-15,1941,20000,,
1593867,19,2027-09-15,1858,23600,,
1593867,20,2027-09-15,1858,23600,,
1593867,21,2027-09-15,1920,23600,,
1593867,22,2027-09-15,1920,23600,,
1593867,39,2027-09-15,1920,23600,,
1596319,29,2027-09-15,3040,27848,,
1596319,30,2027-09-15,3040,27848,,
1596319,31,2027-09-15,3040,27848,,
1596319,35,2027-09-15,3937,27848,,
1596319,36,2027-09-15,3937,27848,,
1596319,57,2027-09-15,3040,27848,,
1596742,27,2026-09-20,2008,23600,,
1596742,28,2026-09-20,2008,23600,,
1597119,25,2026-09-21,1658,23600,,
1597119,25,2026-09-22,1658,23600,,
1597119,25,2026-09-23,1617,23600,,
1597119,26,2026-09-21,1658,23600,,
1597119,26,2026-09-22,1658,23600,,
1597119,26,2026-09-23,1617,23600,,
1597226,17,2026-09-24,2191,23600,,
1597226,18,2026-09-24,2191,23600,,
1597226,19,2026-09-24,2329,23600,,
1597226,21,2026-09-24,2329,23600,,
1597226,22,2026-09-24,2329,23600,,
1597226,39,2026-09-24,2329,23600,,
1603145,21,2026-09-23,1610,23600,,
1603145,22,2026-09-23,1610,23600,,
1603145,27,2026-09-21,2015,23600,,
1603145,27,2026-09-22,2015,23600,,
1603145,28,2026-09-21,2015,23600,,
1603145,28,2026-09-22,2015,23600,,
1603145,39,2026-09-23,1610,23600,,
1603145,83,2026-09-23,1610,23600,,
1608379,25,2026-12-13,3511,20000,,
1608379,25,2026-12-14,3511,20000,,
1608379,26,2026-12-13,3511,20000,,
1608379,26,2026-12-14,3511,20000,,
1609002,35,2026-12-13,3270,23600,,
1609002,35,2026-12-14,3270,23600,,
1609002,36,2026-12-13,3270,23600,,
1609002,36,2026-12-14,3270,23600,,
1609002,37,2026-12-13,3270,23600,,
1609002,37,2026-12-14,3270,23600,,
1609002,42,2026-12-13,3753,23600,,
1609002,42,2026-12-14,3753,23600,,
1609002,43,2026-12-13,3753,23600,,
1609002,43,2026-12-14,3753,23600,,
1614818,15,2026-12-04,1447,20000,,
1614818,15,2026-12-05,1447,20000,,
1614818,15,2026-12-11,1447,20000,,
1614818,15,2026-12-12,1447,20000,,
1614818,17,2026-11-17,1654,20000,,
1614818,17,2026-11-24,1654,20000,,
1614818,17,2026-11-25,1654,20000,,
1614818,17,2026-12-04,1654,20000,,
1614818,17,2026-12-05,1654,20000,,
1614818,17,2026-12-11,1654,20000,,
1614818,18,2026-11-17,1654,20000,,
1614818,18,2026-11-24,1654,20000,,
1614818,18,2026-11-25,1654,20000,,
1614818,18,2026-12-04,1654,20000,,
1614818,18,2026-12-05,1654,20000,,
1614818,18,2026-12-11,1654,20000,,
1614818,19,2026-12-04,1826,20000,,
1614818,19,2026-12-05,1826,20000,,
1614818,19,2026-12-11,1826,20000,,
1614818,20,2026-12-04,1826,20000,,
1614818,20,2026-12-05,1826,20000,,
1614818,20,2026-12-11,1826,20000,,
1614818,21,2026-11-18,2081,20000,,
1614818,21,2026-11-19,2083,20000,,
1614818,21,2026-11-22,2081,20000,,
1614818,21,2026-11-23,2081,20000,,
1614818,21,2026-11-29,2081,20000,,
1614818,21,2026-11-30,2081,20000,,
1614818,22,2026-11-18,2081,20000,,
1614818,22,2026-11-19,2083,20000,,
1614818,22,2026-11-22,2081,20000,,
1614818,22,2026-11-23,2081,20000,,
1614818,22,2026-11-29,2081,20000,,
1614818,22,2026-11-30,2081,20000,,
1614818,23,2026-11-18,2254,20000,,
1614818,23,2026-11-19,2256,20000,,
1614818,23,2026-11-22,2254,20000,,
1614818,23,2026-11-23,2254,20000,,
1614818,23,2026-11-29,2254,20000,,
1614818,23,2026-11-30,2254,20000,,
1614818,24,2026-11-18,2254,20000,,
1614818,24,2026-11-19,2256,20000,,
1614818,24,2026-11-22,2254,20000,,
1614818,24,2026-11-23,2254,20000,,
1614818,24,2026-11-29,2254,20000,,
1614818,24,2026-11-30,2254,20000,,
1614818,29,2026-11-17,2654,20000,,
1614818,29,2026-11-24,2654,20000,,
1614818,29,2026-11-25,2654,20000,,
1614818,29,2026-11-26,2654,20000,,
1614818,30,2026-11-17,2654,20000,,
1614818,30,2026-11-24,2654,20000,,
1614818,30,2026-11-25,2654,20000,,
1614818,30,2026-11-26,2654,20000,,
1614818,31,2026-11-17,2654,20000,,
1614818,31,2026-11-24,2654,20000,,
1614818,31,2026-11-25,2654,20000,,
1614818,31,2026-11-26,2654,20000,,
1614818,32,2026-11-20,2932,20000,,
1614818,32,2026-11-21,2932,20000,,
1614818,32,2026-12-04,2930,20000,,
1614818,32,2026-12-05,2930,20000,,
1614818,32,2026-12-11,2930,20000,,
1614818,32,2026-12-12,2930,20000,,
1614818,33,2026-11-20,2932,20000,,
1614818,33,2026-11-21,2932,20000,,
1614818,33,2026-12-04,2930,20000,,
1614818,33,2026-12-05,2930,20000,,
1614818,33,2026-12-11,2930,20000,,
1614818,33,2026-12-12,2930,20000,,
1614818,34,2026-11-20,2932,20000,,
1614818,34,2026-11-21,2932,20000,,
1614818,34,2026-12-04,2930,20000,,
1614818,34,2026-12-05,2930,20000,,
1614818,34,2026-12-11,2930,20000,,
1614818,34,2026-12-12,2930,20000,,
1614818,38,2026-12-04,1447,20000,,
1614818,38,2026-12-05,1447,20000,,
1614818,38,2026-12-11,1447,20000,,
1614818,38,2026-12-12,1447,20000,,
1614818,39,2026-11-18,2081,20000,,
1614818,39,2026-11-19,2083,20000,,
1614818,39,2026-11-22,2081,20000,,
1614818,39,2026-11-23,2081,20000,,
1614818,39,2026-11-29,2081,20000,,
1614818,39,2026-11-30,2081,20000,,
1614818,40,2026-11-18,2254,20000,,
1614818,40,2026-11-19,2256,20000,,
1614818,40,2026-11-22,2254,20000,,
1614818,40,2026-11-23,2254,20000,,
1614818,40,2026-11-29,2254,20000,,
1614818,40,2026-11-30,2254,20000,,
1614818,50,2026-11-17,1654,20000,,
1614818,50,2026-11-24,1654,20000,,
1614818,50,2026-11-25,1654,20000,,
1614818,50,2026-12-04,1654,20000,,
1614818,50,2026-12-05,1654,20000,,
1614818,50,2026-12-11,1654,20000,,
1614818,57,2026-11-17,2654,20000,,
1614818,57,2026-11-24,2654,20000,,
1614818,57,2026-11-25,2654,20000,,
1614818,57,2026-11-26,2654,20000,,
1614818,58,2026-11-20,2932,20000,,
1614818,58,2026-11-21,2932,20000,,
1614818,58,2026-12-04,2930,20000,,
1614818,58,2026-12-05,2930,20000,,
1614818,58,2026-12-11,2930,20000,,
1614818,58,2026-12-12,2930,20000,,
1614818,83,2026-11-18,2081,20000,,
1614818,83,2026-11-19,2083,20000,,
1614818,83,2026-11-22,2081,20000,,
1614818,83,2026-11-23,2081,20000,,
1614818,83,2026-11-29,2081,20000,,
1614818,83,2026-11-30,2081,20000,,
1614818,89,2026-11-17,2654,20000,,
1614818,89,2026-11-24,2654,20000,,
1614818,89,2026-11-25,2654,20000,,
1614818,89,2026-11-26,2654,20000,,
1617471,21,2026-12-13,2261,23600,,
1617471,21,2026-12-14,2261,23600,,
1617471,22,2026-12-13,2261,23600,,
1617471,22,2026-12-14,2261,23600,,
1617471,39,2026-12-13,2261,23600,,
1617471,39,2026-12-14,2261,23600,,
1617471,83,2026-12-13,2261,23600,,
1617471,83,2026-12-14,2261,23600,,
1617763,21,2026-12-01,1573,23600,,
1617763,21,2026-12-07,1573,23600,,
1617763,21,2026-12-08,1573,23600,,
1617763,21,2026-12-09,1573,23600,,
1617763,21,2026-12-10,1573,23600,,
1617763,21,2026-12-13,1573,23600,,
1617763,21,2026-12-14,1573,23600,,
1617763,22,2026-12-01,1573,23600,,
1617763,22,2026-12-07,1573,23600,,
1617763,22,2026-12-08,1573,23600,,
1617763,22,2026-12-09,1573,23600,,
1617763,22,2026-12-10,1573,23600,,
1617763,22,2026-12-13,1573,23600,,
1617763,22,2026-12-14,1573,23600,,
1617763,23,2026-11-18,1642,23600,,
1617763,23,2026-11-19,1642,23600,,
1617763,23,2026-11-22,1642,23600,,
1617763,23,2026-11-23,1642,23600,,
1617763,23,2026-11-29,1642,23600,,
1617763,23,2026-11-30,1642,23600,,
1617763,23,2026-12-01,1642,23600,,
1617763,23,2026-12-07,1642,23600,,
1617763,23,2026-12-08,1642,23600,,
1617763,23,2026-12-09,1642,23600,,
1617763,23,2026-12-10,1642,23600,,
1617763,23,2026-12-13,1642,23600,,
1617763,23,2026-12-14,1642,23600,,
1617763,24,2026-11-18,1642,23600,,
1617763,24,2026-11-19,1642,23600,,
1617763,24,2026-11-22,1642,23600,,
1617763,24,2026-11-23,1642,23600,,
1617763,24,2026-11-29,1642,23600,,
1617763,24,2026-11-30,1642,23600,,
1617763,24,2026-12-01,1642,23600,,
1617763,24,2026-12-07,1642,23600,,
1617763,24,2026-12-08,1642,23600,,
1617763,24,2026-12-09,1642,23600,,
1617763,24,2026-12-10,1642,23600,,
1617763,24,2026-12-13,1642,23600,,
1617763,24,2026-12-14,1642,23600,,
1617763,39,2026-12-01,1573,23600,,
1617763,39,2026-12-07,1573,23600,,
1617763,39,2026-12-08,1573,23600,,
1617763,39,2026-12-09,1573,23600,,
1617763,39,2026-12-10,1573,23600,,
1617763,39,2026-12-13,1573,23600,,
1617763,39,2026-12-14,1573,23600,,
1617763,40,2026-11-18,1642,23600,,
1617763,40,2026-11-19,1642,23600,,
1617763,40,2026-11-22,1642,23600,,
1617763,40,2026-11-23,1642,23600,,
1617763,40,2026-11-29,1642,23600,,
1617763,40,2026-11-30,1642,23600,,
1617763,40,2026-12-01,1642,23600,,
1617763,40,2026-12-07,1642,23600,,
1617763,40,2026-12-08,1642,23600,,
1617763,40,2026-12-09,1642,23600,,
1617763,40,2026-12-10,1642,23600,,
1617763,40,2026-12-13,1642,23600,,
1617763,40,2026-12-14,1642,23600,,
1617763,83,2026-12-01,1573,23600,,
1617763,83,2026-12-07,1573,23600,,
1617763,83,2026-12-08,1573,23600,,
1617763,83,2026-12-09,1573,23600,,
1617763,83,2026-12-10,1573,23600,,
1617763,83,2026-12-13,1573,23600,,
1617763,83,2026-12-14,1573,23600,,
1618342,17,2026-11-20,1479,20000,,
1618342,17,2026-11-21,1479,20000,,
1618342,18,2026-11-20,1479,20000,,
1618342,18,2026-11-21,1479,20000,,
1618342,50,2026-11-20,1479,20000,,
1618342,50,2026-11-21,1479,20000,,
1702720,35,2026-12-13,3676,23600,,
1702720,35,2026-12-14,3676,23600,,
1702720,36,2026-12-13,3676,23600,,
1702720,36,2026-12-14,3676,23600,,
1755459,15,2026-10-16,4153,23600,,
1755459,15,2026-10-17,4153,23600,,
1755459,15,2026-10-18,4153,23600,,
1755459,15,2026-10-19,4153,23600,,
1755459,15,2026-10-20,4153,23600,,
1755459,15,2026-10-21,4153,23600,,
1755459,15,2026-10-22,4153,23600,,
1755459,15,2026-10-23,4153,23600,,
1755459,16,2026-10-16,4239,23600,,
1755459,16,2026-10-17,4239,23600,,
1755459,16,2026-10-18,4239,23600,,
1755459,16,2026-10-19,4239,23600,,
1755459,16,2026-10-20,4239,23600,,
1755459,16,2026-10-21,4239,23600,,
1755459,16,2026-10-22,4239,23600,,
1755459,16,2026-10-23,4239,23600,,
1755459,27,2026-10-24,5086,23600,,
1755459,28,2026-10-24,5086,23600,,
1755459,29,2026-10-24,4999,23600,,
1755459,30,2026-10-24,4999,23600,,
1755459,31,2026-10-24,4999,23600,,
1755459,32,2026-10-24,5086,23600,,
1755459,33,2026-10-24,5086,23600,,
1755459,34,2026-10-24,5086,23600,,
1755459,35,2026-10-16,5412,23600,,
1755459,35,2026-10-17,5412,23600,,
1755459,35,2026-10-18,5412,23600,,
1755459,35,2026-10-19,5412,23600,,
1755459,35,2026-10-20,5412,23600,,
1755459,35,2026-10-21,5412,23600,,
1755459,35,2026-10-22,5412,23600,,
1755459,35,2026-10-23,5412,23600,,
1755459,35,2026-10-24,5431,23600,,
1755459,36,2026-10-16,5412,23600,,
1755459,36,2026-10-17,5412,23600,,
1755459,36,2026-10-18,5412,23600,,
1755459,36,2026-10-19,5412,23600,,
1755459,36,2026-10-20,5412,23600,,
1755459,36,2026-10-21,5412,23600,,
1755459,36,2026-10-22,5412,23600,,
1755459,36,2026-10-23,5412,23600,,
1755459,36,2026-10-24,5431,23600,,
1755459,38,2026-10-16,4153,23600,,
1755459,38,2026-10-17,4153,23600,,
1755459,38,2026-10-18,4153,23600,,
1755459,38,2026-10-19,4153,23600,,
1755459,38,2026-10-20,4153,23600,,
1755459,38,2026-10-21,4153,23600,,
1755459,38,2026-10-22,4153,23600,,
1755459,38,2026-10-23,4153,23600,,
1755459,52,2026-10-16,4239,23600,,
1755459,52,2026-10-17,4239,23600,,
1755459,52,2026-10-18,4239,23600,,
1755459,52,2026-10-19,4239,23600,,
1755459,52,2026-10-20,4239,23600,,
1755459,52,2026-10-21,4239,23600,,
1755459,52,2026-10-22,4239,23600,,
1755459,52,2026-10-23,4239,23600,,
1755459,57,2026-10-24,4999,23600,,
1755459,76,2026-10-16,4153,23600,,
1755459,76,2026-10-17,4153,23600,,
1755459,76,2026-10-18,4153,23600,,
1755459,76,2026-10-19,4153,23600,,
1755459,76,2026-10-20,4153,23600,,
1755459,76,2026-10-21,4153,23600,,
1755459,76,2026-10-22,4153,23600,,
1755459,76,2026-10-23,4153,23600,,
1759184,25,2026-10-16,4830,23600,,
1759184,25,2026-10-17,4830,23600,,
1759184,25,2026-10-18,4830,23600,,
1759184,25,2026-10-19,4830,23600,,
1759184,25,2026-10-20,4830,23600,,
1759184,25,2026-10-21,4830,23600,,
1759184,25,2026-10-22,4830,23600,,
1759184,25,2026-10-23,4830,23600,,
1759184,25,2026-10-24,4830,23600,,
1759184,26,2026-10-16,4830,23600,,
1759184,26,2026-10-17,4830,23600,,
1759184,26,2026-10-18,4830,23600,,
1759184,26,2026-10-19,4830,23600,,
1759184,26,2026-10-20,4830,23600,,
1759184,26,2026-10-21,4830,23600,,
1759184,26,2026-10-22,4830,23600,,
1759184,26,2026-10-23,4830,23600,,
1759184,26,2026-10-24,4830,23600,,
1759184,27,2026-10-16,5003,23600,,
1759184,27,2026-10-17,5003,23600,,
1759184,27,2026-10-18,5003,23600,,
1759184,27,2026-10-19,5003,23600,,
1759184,27,2026-10-20,5003,23600,,
1759184,27,2026-10-21,5003,23600,,
1759184,27,2026-10-22,5003,23600,,
1759184,27,2026-10-23,5003,23600,,
1759184,27,2026-10-24,5003,23600,,
1759184,28,2026-10-16,5003,23600,,
1759184,28,2026-10-17,5003,23600,,
1759184,28,2026-10-18,5003,23600,,
1759184,28,2026-10-19,5003,23600,,
1759184,28,2026-10-20,5003,23600,,
1759184,28,2026-10-21,5003,23600,,
1759184,28,2026-10-22,5003,23600,,
1759184,28,2026-10-23,5003,23600,,
1759184,28,2026-10-24,5003,23600,,
1759184,32,2026-10-16,4830,23600,,
1759184,32,2026-10-17,4830,23600,,
1759184,32,2026-10-18,4830,23600,,
1759184,32,2026-10-19,4830,23600,,
1759184,32,2026-10-20,4830,23600,,
1759184,32,2026-10-21,4830,23600,,
1759184,32,2026-10-22,4830,23600,,
1759184,32,2026-10-23,4830,23600,,
1759184,32,2026-10-24,4830,23600,,
1759184,33,2026-10-16,4830,23600,,
1759184,33,2026-10-17,4830,23600,,
1759184,33,2026-10-18,4830,23600,,
1759184,33,2026-10-19,4830,23600,,
1759184,33,2026-10-20,4830,23600,,
1759184,33,2026-10-21,4830,23600,,
1759184,33,2026-10-22,4830,23600,,
1759184,33,2026-10-23,4830,23600,,
1759184,33,2026-10-24,4830,23600,,
1759184,34,2026-10-16,4830,23600,,
1759184,34,2026-10-17,4830,23600,,
1759184,34,2026-10-18,4830,23600,,
1759184,34,2026-10-19,4830,23600,,
1759184,34,2026-10-20,4830,23600,,
1759184,34,2026-10-21,4830,23600,,
1759184,34,2026-10-22,4830,23600,,
1759184,34,2026-10-23,4830,23600,,
1759184,34,2026-10-24,4830,23600,,
1759184,35,2026-10-16,5244,23600,,
1759184,35,2026-10-17,5244,23600,,
1759184,35,2026-10-18,5244,23600,,
1759184,35,2026-10-19,5244,23600,,
1759184,35,2026-10-20,5244,23600,,
1759184,35,2026-10-21,5244,23600,,
1759184,35,2026-10-22,5244,23600,,
1759184,35,2026-10-23,5244,23600,,
1759184,35,2026-10-24,5244,23600,,
1759184,36,2026-10-16,5244,23600,,
1759184,36,2026-10-17,5244,23600,,
1759184,36,2026-10-18,5244,23600,,
1759184,36,2026-10-19,5244,23600,,
1759184,36,2026-10-20,5244,23600,,
1759184,36,2026-10-21,5244,23600,,
1759184,36,2026-10-22,5244,23600,,
1759184,36,2026-10-23,5244,23600,,
1759184,36,2026-10-24,5244,23600,,
1759184,37,2026-10-16,5244,23600,,
1759184,37,2026-10-17,5244,23600,,
1759184,37,2026-10-18,5244,23600,,
1759184,37,2026-10-19,5244,23600,,
1759184,37,2026-10-20,5244,23600,,
1759184,37,2026-10-21,5244,23600,,
1759184,37,2026-10-22,5244,23600,,
1759184,37,2026-10-23,5244,23600,,
1759184,37,2026-10-24,5244,23600,,
1759184,58,2026-10-16,4830,23600,,
1759184,58,2026-10-17,4830,23600,,
1759184,58,2026-10-18,4830,23600,,
1759184,58,2026-10-19,4830,23600,,
1759184,58,2026-10-20,4830,23600,,
1759184,58,2026-10-21,4830,23600,,
1759184,58,2026-10-22,4830,23600,,
1759184,58,2026-10-23,4830,23600,,
1759184,58,2026-10-24,4830,23600,,
1837134,35,2026-12-12,5342,23600,,
1837134,36,2026-12-12,5342,23600,,
1912757,25,2026-09-21,1118,23600,,
1912757,26,2026-09-21,1118,23600,,
1912757,32,2026-12-13,1973,23600,,
1912757,32,2026-12-14,1973,23600,,
1912757,33,2026-12-13,1973,23600,,
1912757,33,2026-12-14,1973,23600,,
1912757,34,2026-12-13,1973,23600,,
1912757,34,2026-12-14,1973,23600,,
1912757,58,2026-12-13,1973,23600,,
1912757,58,2026-12-14,1973,23600,,
1916713,27,2027-09-15,2180,23600,,
1916713,28,2027-09-15,2180,23600,,
1929807,19,2026-09-20,1586,23600,,
1929807,20,2026-09-20,1586,23600,,
2011649,23,2027-09-15,1459,27848,,
2011649,24,2027-09-15,1459,27848,,
2011649,27,2027-09-15,1838,27848,,
2011649,28,2027-09-15,1838,27848,,
2011649,40,2027-09-15,1459,27848,,
2011692,19,2026-09-15,1766,20000,,
2011692,21,2026-09-15,1801,20000,,
2011692,21,2026-09-16,1801,20000,,
2011692,22,2026-09-15,1801,20000,,
2011692,22,2026-09-16,1801,20000,,
2011692,23,2026-09-15,1939,20000,,
2011692,23,2026-09-16,1939,20000,,
2011692,24,2026-09-15,1939,20000,,
2011692,24,2026-09-16,1939,20000,,
2011692,29,2026-09-15,1973,20000,,
2011692,29,2026-09-16,1973,20000,,
2011692,30,2026-09-15,1973,20000,,
2011692,30,2026-09-16,1973,20000,,
2011692,31,2026-09-15,1973,20000,,
2011692,31,2026-09-16,1973,20000,,
2011692,32,2026-09-16,2111,20000,,
2011692,33,2026-09-16,2111,20000,,
2011692,34,2026-09-16,2111,20000,,
2011692,39,2026-09-15,1801,20000,,
2011692,39,2026-09-16,1801,20000,,
2011692,40,2026-09-15,1939,20000,,
2011692,40,2026-09-16,1939,20000,,
2011692,57,2026-09-15,1973,20000,,
2011692,57,2026-09-16,1973,20000,,
2011692,83,2026-09-15,1801,20000,,
2011692,83,2026-09-16,1801,20000,,
2013677,19,2026-12-12,1227,20000,,
2013677,20,2026-12-12,1227,20000,,
2018414,25,2027-09-15,2654,23600,,
2018414,26,2027-09-15,2654,23600,,
2019978,27,2026-12-13,2802,20000,,
2019978,27,2026-12-14,2802,20000,,
2019978,27,2027-09-15,2802,20000,,
2019978,28,2026-12-13,2802,20000,,
2019978,28,2026-12-14,2802,20000,,
2019978,28,2027-09-15,2802,20000,,
2024299,29,2026-12-13,2847,23600,,
2024299,29,2026-12-13,2847,23600,,
2024299,29,2026-12-14,2847,23600,,
2024299,29,2026-12-14,2847,23600,,
2024299,30,2026-12-13,2847,23600,,
2024299,30,2026-12-13,2847,23600,,
2024299,30,2026-12-14,2847,23600,,
2024299,30,2026-12-14,2847,23600,,
2024299,31,2026-12-13,2847,23600,,
2024299,31,2026-12-14,2847,23600,,
2024299,32,2026-12-13,2847,23600,,
2024299,32,2026-12-13,2847,23600,,
2024299,32,2026-12-14,2847,23600,,
2024299,32,2026-12-14,2847,23600,,
2024299,33,2026-12-13,2847,23600,,
2024299,33,2026-12-13,2847,23600,,
2024299,33,2026-12-14,2847,23600,,
2024299,33,2026-12-14,2847,23600,,
2024299,34,2026-12-13,2847,23600,,
2024299,34,2026-12-14,2847,23600,,
2024299,57,2026-12-13,2847,23600,,
2024299,57,2026-12-14,2847,23600,,
2024299,58,2026-12-13,2847,23600,,
2024299,58,2026-12-14,2847,23600,,
2024299,89,2026-12-13,2847,23600,,
2024299,89,2026-12-14,2847,23600,,
2026607,35,2026-12-13,2942,20000,,
2026607,35,2026-12-14,2942,20000,,
2026607,36,2026-12-13,2942,20000,,
2026607,36,2026-12-14,2942,20000,,
2026607,37,2026-12-13,2942,20000,,
2026607,37,2026-12-14,2942,20000,,
2027305,17,2026-12-12,2251,23600,,
2027305,18,2026-12-12,2251,23600,,
2027305,50,2026-12-12,2251,23600,,
2027305,87,2026-12-12,2251,23600,,
2033589,32,2026-12-13,4029,23600,,
2033589,32,2026-12-14,4029,23600,,
2033589,33,2026-12-13,4029,23600,,
2033589,33,2026-12-14,4029,23600,,
2033589,34,2026-12-13,4029,23600,,
2033589,34,2026-12-14,4029,23600,,
2033589,35,2026-12-13,4374,23600,,
2033589,35,2026-12-14,4374,23600,,
2033589,36,2026-12-13,4374,23600,,
2033589,36,2026-12-14,4374,23600,,
2051409,16,2026-09-19,1821,23600,,
2059540,27,2026-12-12,2332,23600,,
2059540,28,2026-12-12,2332,23600,,
2065763,102,2026-12-12,2175,32861,,
2065763,103,2026-12-12,2175,32861,,
2065763,104,2026-12-12,2175,32861,,
2066561,21,2026-12-13,2108,27848,,
2066561,21,2026-12-14,2108,27848,,
2066561,22,2026-12-13,2108,27848,,
2066561,22,2026-12-14,2108,27848,,
2066561,27,2026-09-21,1965,27848,,
2066561,28,2026-09-21,1965,27848,,
2066561,29,2026-09-21,2172,27848,,
2066561,30,2026-09-21,2172,27848,,
2066561,31,2026-09-21,2172,27848,,
2066561,32,2026-09-21,2172,27848,,
2066561,33,2026-09-21,2172,27848,,
2066561,34,2026-09-21,2172,27848,,
2066561,39,2026-12-13,2108,27848,,
2066561,39,2026-12-14,2108,27848,,
2066561,42,2026-09-21,2172,27848,,
2066561,43,2026-09-21,2172,27848,,
2066561,47,2026-09-21,2172,27848,,
2066561,48,2026-09-21,2172,27848,,
2066561,57,2026-09-21,2172,27848,,
2066561,83,2026-12-13,2108,27848,,
2066561,83,2026-12-14,2108,27848,,
2071014,29,2027-09-15,2511,23600,,
2071014,30,2027-09-15,2511,23600,,
2071014,31,2027-09-15,2511,23600,,
2071014,32,2027-09-15,2580,23600,,
2071014,33,2027-09-15,2580,23600,,
2071014,34,2027-09-15,2580,23600,,
2071014,57,2027-09-15,2511,23600,,
2071014,58,2027-09-15,2580,23600,,
2071014,89,2027-09-15,2511,23600,,
2071224,17,2026-12-13,1278,23600,,
2071224,17,2026-12-14,1278,23600,,
2071224,18,2026-12-13,1278,23600,,
2071224,18,2026-12-14,1278,23600,,
2071224,19,2026-12-13,1347,23600,,
2071224,19,2026-12-14,1347,23600,,
2071224,20,2026-12-13,1347,23600,,
2071224,20,2026-12-14,1347,23600,,
2071224,50,2026-12-13,1278,23600,,
2071224,50,2026-12-14,1278,23600,,
2071224,51,2026-12-13,1347,23600,,
2071224,51,2026-12-14,1347,23600,,
2071224,87,2026-12-13,1278,23600,,
2071224,87,2026-12-14,1278,23600,,
2077421,21,2026-12-13,1443,23600,,
2077421,21,2026-12-14,1443,23600,,
2077421,22,2026-12-13,1443,23600,,
2077421,22,2026-12-14,1443,23600,,
2077421,23,2026-12-13,1512,23600,,
2077421,23,2026-12-14,1512,23600,,
2077421,24,2026-12-13,1512,23600,,
2077421,24,2026-12-14,1512,23600,,
2077421,39,2026-12-13,1443,23600,,
2077421,39,2026-12-14,1443,23600,,
2077421,40,2026-12-13,1512,23600,,
2077421,40,2026-12-14,1512,23600,,
2077421,83,2026-12-13,1443,23600,,
2077421,83,2026-12-14,1443,23600,,
2079707,27,2026-12-13,2049,23600,,
2079707,27,2026-12-14,2049,23600,,
2079707,28,2026-12-13,2049,23600,,
2079707,28,2026-12-14,2049,23600,,
3006134,19,2026-11-18,1472,23600,,
3006134,19,2026-11-19,1472,23600,,
3006134,19,2026-11-22,1472,23600,,
3006134,19,2026-11-23,1472,23600,,
3006134,20,2026-11-18,1472,23600,,
3006134,20,2026-11-19,1472,23600,,
3006134,20,2026-11-22,1472,23600,,
3006134,20,2026-11-23,1472,23600,,
3006134,21,2026-11-18,1617,23600,,
3006134,21,2026-11-19,1617,23600,,
3006134,21,2026-11-22,1617,23600,,
3006134,21,2026-11-23,1617,23600,,
3006134,22,2026-11-18,1617,23600,,
3006134,22,2026-11-19,1617,23600,,
3006134,22,2026-11-22,1617,23600,,
3006134,22,2026-11-23,1617,23600,,
3006134,29,2026-12-01,1996,23600,,
3006134,29,2026-12-07,1996,23600,,
3006134,29,2026-12-08,1996,23600,,
3006134,29,2026-12-09,1996,23600,,
3006134,29,2026-12-10,1996,23600,,
3006134,29,2026-12-13,1996,23600,,
3006134,29,2026-12-14,1996,23600,,
3006134,30,2026-12-01,1996,23600,,
3006134,30,2026-12-07,1996,23600,,
3006134,30,2026-12-08,1996,23600,,
3006134,30,2026-12-09,1996,23600,,
3006134,30,2026-12-10,1996,23600,,
3006134,30,2026-12-13,1996,23600,,
3006134,30,2026-12-14,1996,23600,,
3006134,31,2026-12-01,1996,23600,,
3006134,31,2026-12-07,1996,23600,,
3006134,31,2026-12-08,1996,23600,,
3006134,31,2026-12-09,1996,23600,,
3006134,31,2026-12-10,1996,23600,,
3006134,31,2026-12-13,1996,23600,,
3006134,31,2026-12-14,1996,23600,,
3006134,35,2026-11-18,2617,23600,,
3006134,35,2026-11-19,2617,23600,,
3006134,35,2026-11-22,2617,23600,,
3006134,35,2026-11-23,2617,23600,,
3006134,35,2026-11-29,2617,23600,,
3006134,35,2026-11-30,2617,23600,,
3006134,36,2026-11-18,2617,23600,,
3006134,36,2026-11-19,2617,23600,,
3006134,36,2026-11-22,2617,23600,,
3006134,36,2026-11-23,2617,23600,,
3006134,36,2026-11-29,2617,23600,,
3006134,36,2026-11-30,2617,23600,,
3006134,37,2026-11-18,2617,23600,,
3006134,37,2026-11-19,2617,23600,,
3006134,37,2026-11-22,2617,23600,,
3006134,37,2026-11-23,2617,23600,,
3006134,37,2026-11-29,2617,23600,,
3006134,37,2026-11-30,2617,23600,,
3006134,39,2026-11-18,1617,23600,,
3006134,39,2026-11-19,1617,23600,,
3006134,39,2026-11-22,1617,23600,,
3006134,39,2026-11-23,1617,23600,,
3006134,57,2026-12-01,1996,23600,,
3006134,57,2026-12-07,1996,23600,,
3006134,57,2026-12-08,1996,23600,,
3006134,57,2026-12-09,1996,23600,,
3006134,57,2026-12-10,1996,23600,,
3006134,57,2026-12-13,1996,23600,,
3006134,57,2026-12-14,1996,23600,,
3006134,83,2026-11-18,1617,23600,,
3006134,83,2026-11-19,1617,23600,,
3006134,83,2026-11-22,1617,23600,,
3006134,83,2026-11-23,1617,23600,,
3006134,89,2026-12-01,1996,23600,,
3006134,89,2026-12-07,1996,23600,,
3006134,89,2026-12-08,1996,23600,,
3006134,89,2026-12-09,1996,23600,,
3006134,89,2026-12-10,1996,23600,,
3006134,89,2026-12-13,1996,23600,,
3006134,89,2026-12-14,1996,23600,,
3009824,17,2026-12-13,1323,23600,,
3009824,17,2026-12-14,1323,23600,,
3009824,18,2026-12-13,1323,23600,,
3009824,18,2026-12-14,1323,23600,,
3009824,19,2026-12-13,1323,23600,,
3009824,19,2026-12-14,1323,23600,,
3009824,20,2026-12-13,1323,23600,,
3009824,20,2026-12-14,1323,23600,,
3009824,50,2026-12-13,1323,23600,,
3009824,50,2026-12-14,1323,23600,,
4146211,29,2026-09-20,2813,27848,,
4146211,30,2026-09-20,2813,27848,,
4146211,31,2026-09-20,2813,27848,,
4146211,32,2026-09-20,3055,27848,,
4146211,33,2026-09-20,3055,27848,,
4146211,34,2026-09-20,3055,27848,,
4146211,57,2026-09-20,2813,27848,,
4146211,58,2026-09-20,3055,20000,,
4146211,89,2026-09-20,2813,20000,,
5000022,21,2026-12-13,2390,20000,,
5000022,21,2026-12-14,2390,20000,,
5000022,22,2026-12-13,2390,20000,,
5000022,22,2026-12-14,2390,20000,,
5000022,39,2026-12-13,2390,20000,,
5000022,39,2026-12-14,2390,20000,,
5000022,83,2026-12-13,2390,20000,,
5000022,83,2026-12-14,2390,20000,,
8459601,27,2026-12-14,4318,23600,,
8459601,28,2026-12-14,4318,23600,,
9772256,21,2027-09-15,3123,23600,,
9772256,22,2027-09-15,3123,23600,,
9772256,23,2027-09-15,3123,23600,,
9772256,24,2027-09-15,3123,23600,,
9772256,25,2027-09-15,3675,23600,,
9772256,26,2027-09-15,3675,23600,,
9772256,35,2026-09-24,5679,23600,,
9772256,36,2026-09-24,5679,23600,,
9772256,37,2026-09-24,5679,23600,,
9772256,39,2027-09-15,3123,23600,,
9772256,40,2027-09-15,3123,23600,,
9772256,83,2027-09-15,3123,23600,,
45959,18,2026-09-24,1595,20000,,
45959,19,2026-09-24,1699,20000,,
45959,20,2026-09-24,1699,20000,,
45959,50,2026-09-24,1595,20000,,
45959,51,2026-09-24,1699,20000,,
207833,35,2026-12-13,4737,27848,,
207833,35,2026-12-14,4737,27848,,
207833,36,2026-12-13,4737,27848,,
207833,36,2026-12-14,4737,27848,,
207833,37,2026-12-13,4737,27848,,
207833,37,2026-12-14,4737,27848,,
472129,35,2026-12-13,2857,23600,,
472129,35,2026-12-14,2857,23600,,
472129,36,2026-12-13,2857,23600,,
472129,36,2026-12-14,2857,23600,,
1075048,35,2026-12-13,2271,23600,,
1075048,35,2026-12-14,2271,23600,,
1075048,36,2026-12-13,2271,23600,,
1075048,36,2026-12-14,2271,23600,,
1104841,21,2027-09-15,1655,27848,,
1104841,22,2027-09-15,1655,27848,,
1104841,23,2027-09-15,1655,27848,,
1104841,24,2027-09-15,1655,27848,,
1104841,39,2027-09-15,1655,27848,,
1104841,40,2027-09-15,1655,27848,,
1104841,83,2027-09-15,1655,27848,,
1104841,84,2027-09-15,1655,27848,,
1104841,97,2027-09-15,1655,27848,,
1122516,29,2026-09-23,1653,23600,,
1122516,30,2026-09-23,1653,23600,,
1122516,31,2026-09-23,1653,23600,,
1122516,57,2026-09-23,1653,23600,,
1125927,24179,2026-12-13,1670,23600,,
1125927,24179,2026-12-14,1670,23600,,
1125927,29,2026-12-13,1670,23600,,
1125927,29,2026-12-14,1670,23600,,
1125927,30,2026-12-13,1670,23600,,
1125927,30,2026-12-14,1670,23600,,
1125927,31,2026-12-13,1670,23600,,
1125927,31,2026-12-14,1670,23600,,
1125927,42,2026-12-13,2360,23600,,
1125927,42,2026-12-14,2360,23600,,
1125927,43,2026-12-13,2360,23600,,
1125927,43,2026-12-14,2360,23600,,
1125927,44,2026-12-13,2360,23600,,
1125927,44,2026-12-14,2360,23600,,
1125927,57,2026-12-13,1670,23600,,
1125927,57,2026-12-14,1670,23600,,
1125927,89,2026-12-13,1670,23600,,
1125927,89,2026-12-14,1670,23600,,
1126702,17,2027-09-15,1953,23600,,
1126702,18,2027-09-15,1953,23600,,
1126702,50,2027-09-15,1953,23600,,
1126702,87,2027-09-15,1953,23600,,
1127927,21,2026-09-21,1628,23600,,
1127927,22,2026-09-21,1628,23600,,
1127927,23,2026-09-21,1697,23600,,
1127927,24,2026-09-21,1697,23600,,
1127927,39,2026-09-21,1628,23600,,
1127927,40,2026-09-21,1697,23600,,
1127927,83,2026-09-21,1628,23600,,
1133570,17,2026-12-12,1460,20000,,
1133570,18,2026-12-12,1460,20000,,
1133570,50,2026-12-12,1460,20000,,
1139087,17,2026-12-12,1524,23600,,
1139087,18,2026-12-12,1524,23600,,
1139087,50,2026-12-12,1524,23600,,
1143227,21,2026-09-16,1484,23600,,
1143227,22,2026-09-16,1484,23600,,
1143227,23,2026-09-16,1484,23600,,
1143227,24,2026-09-16,1484,23600,,
1143227,39,2026-09-16,1484,23600,,
1143227,40,2026-09-16,1484,23600,,
1143227,83,2026-09-16,1484,23600,,
1147235,23,2026-09-16,1461,23600,,
1147235,24,2026-09-16,1461,23600,,
1147235,40,2026-09-16,1461,23600,,
1152305,23,2026-09-15,2168,23600,,
1152305,23,2026-09-15,2168,23600,,
1152305,24,2026-09-15,2168,23600,,
1152305,24,2026-09-15,2168,23600,,
1152305,40,2026-09-15,2168,23600,,
1165642,23,2026-12-13,2343,23600,,
1165642,23,2026-12-14,2343,23600,,
1165642,24,2026-12-13,2343,23600,,
1165642,24,2026-12-14,2343,23600,,
1165642,27,2026-12-13,2688,23600,,
1165642,27,2026-12-14,2688,23600,,
1165642,28,2026-12-13,2688,23600,,
1165642,28,2026-12-14,2688,23600,,
1165642,40,2026-12-13,2343,23600,,
1165642,40,2026-12-14,2343,23600,,
1167277,17,2026-12-13,1504,23600,,
1167277,17,2026-12-14,1504,23600,,
1167277,18,2026-12-13,1504,23600,,
1167277,18,2026-12-14,1504,23600,,
1167277,50,2026-12-13,1504,23600,,
1167277,50,2026-12-14,1504,23600,,
1168316,19,2026-12-13,1783,23600,,
1168316,19,2026-12-14,1783,23600,,
1168316,20,2026-12-13,1783,23600,,
1168316,20,2026-12-14,1783,23600,,
1168316,51,2026-12-13,1783,23600,,
1168316,51,2026-12-14,1783,23600,,
1169924,21,2026-12-13,2544,23600,,
1169924,21,2026-12-14,2544,23600,,
1169924,22,2026-12-13,2544,23600,,
1169924,22,2026-12-14,2544,23600,,
1169924,39,2026-12-13,2544,23600,,
1169924,39,2026-12-14,2544,23600,,
1169924,83,2026-12-13,2544,23600,,
1169924,83,2026-12-14,2544,23600,,
1193381,35,2026-12-13,5359,23600,,
1193381,35,2026-12-14,5359,23600,,
1193381,36,2026-12-13,5359,23600,,
1193381,36,2026-12-14,5359,23600,,
1198531,23,2027-09-15,1853,23600,,
1198531,24,2027-09-15,1853,23600,,
1198531,40,2027-09-15,1853,23600,,
1198531,84,2027-09-15,1853,23600,,
1204840,15,2026-12-13,1666,27848,,
1204840,15,2026-12-14,1666,27848,,
1204840,16,2026-12-13,1666,27848,,
1204840,16,2026-12-14,1666,27848,,
1204840,38,2026-12-13,1666,27848,,
1204840,38,2026-12-14,1666,27848,,
1204840,52,2026-12-13,1666,27848,,
1204840,52,2026-12-14,1666,27848,,
1212498,27,2026-11-22,6003,23600,,
1212498,27,2026-11-23,6003,23600,,
1212498,27,2026-11-24,6003,23600,,
1212498,27,2026-11-25,6003,23600,,
1212498,27,2026-11-26,6003,23600,,
1212498,28,2026-11-22,6003,23600,,
1212498,28,2026-11-23,6003,23600,,
1212498,28,2026-11-24,6003,23600,,
1212498,28,2026-11-25,6003,23600,,
1212498,28,2026-11-26,6003,23600,,
1226887,23,2026-12-13,2125,23600,,
1226887,23,2026-12-14,2125,23600,,
1226887,24,2026-12-13,2125,23600,,
1226887,24,2026-12-14,2125,23600,,
1226887,40,2026-12-13,2125,23600,,
1226887,40,2026-12-14,2125,23600,,
1231999,42,2026-09-20,2864,20000,,
1231999,42,2026-09-24,2864,20000,,
1231999,42,2026-12-13,2864,20000,,
1231999,42,2026-12-14,2864,20000,,
1231999,43,2026-09-20,2864,20000,,
1231999,43,2026-09-24,2864,20000,,
1231999,43,2026-12-13,2864,20000,,
1231999,43,2026-12-14,2864,20000,,
1241638,25,2026-09-23,2799,23600,,
1241638,26,2026-09-23,2799,23600,,
1246851,17,2027-09-15,1722,23600,,
1246851,18,2027-09-15,1722,23600,,
1246851,50,2027-09-15,1722,23600,,
1265433,17,2026-09-20,1670,23600,,
1265433,18,2026-09-20,1670,23600,,
1267636,17,2027-09-15,1837,23600,,
1267636,18,2027-09-15,1837,23600,,
1267636,19,2027-09-15,1906,23600,,
1267636,20,2027-09-15,1906,23600,,
1267636,50,2027-09-15,1837,23600,,
1298362,21,2026-09-20,2076,23600,,
1298362,22,2026-09-20,2076,23600,,
1298362,39,2026-09-20,2076,23600,,
1298362,83,2026-09-20,2076,23600,,
1307656,21,2026-09-21,1183,23600,,
1307656,22,2026-09-21,1183,23600,,
1307656,23,2026-09-21,1252,23600,,
1307656,23,2026-09-22,1252,23600,,
1307656,23,2026-12-12,1437,23600,,
1307656,24,2026-09-21,1252,23600,,
1307656,24,2026-09-22,1252,23600,,
1307656,24,2026-12-12,1437,23600,,
1307656,39,2026-09-21,1183,23600,,
1307656,40,2026-09-21,1252,23600,,
1307656,40,2026-09-22,1252,23600,,
1307656,40,2026-12-12,1437,23600,,
1307656,83,2026-09-21,1183,23600,,
1324743,35,2026-12-12,3482,27848,,
1324743,36,2026-12-12,3482,27848,,
1344052,25,2026-12-13,1739,23600,,
1344052,25,2026-12-14,1739,23600,,
1344052,26,2026-12-13,1739,23600,,
1344052,26,2026-12-14,1739,23600,,
1373375,27,2027-09-15,2735,23600,,
1373375,28,2027-09-15,2735,23600,,
1381105,29,2026-09-15,2283,23600,,
1381105,29,2026-09-16,2283,23600,,
1381105,30,2026-09-15,2283,23600,,
1381105,30,2026-09-16,2283,23600,,
1381105,31,2026-09-15,2283,23600,,
1381105,31,2026-09-16,2283,23600,,
1381105,32,2026-09-15,2352,23600,,
1381105,32,2026-09-16,2352,23600,,
1381105,33,2026-09-15,2352,23600,,
1381105,33,2026-09-16,2352,23600,,
1381105,34,2026-09-15,2352,23600,,
1381105,34,2026-09-16,2352,23600,,
1381105,57,2026-09-15,2283,23600,,
1381105,57,2026-09-16,2283,23600,,
1386481,17,2026-12-12,2522,23600,,
1386481,18,2026-12-12,2522,23600,,
1386481,19,2026-09-21,1608,23600,,
1386481,19,2026-12-12,2591,23600,,
1386481,20,2026-09-21,1608,23600,,
1386481,20,2026-12-12,2591,23600,,
1386481,21,2026-09-21,1677,23600,,
1386481,22,2026-09-21,1677,23600,,
1386481,23,2026-09-21,1781,23600,,
1386481,24,2026-09-21,1781,23600,,
1386481,39,2026-09-21,1677,23600,,
1386481,40,2026-09-21,1781,23600,,
1386481,50,2026-12-12,2522,23600,,
1386481,51,2026-09-21,1608,23600,,
1386481,51,2026-12-12,2591,23600,,
1386481,83,2026-09-21,1677,23600,,
1386481,87,2026-12-12,2522,23600,,
1434999,27,2026-11-22,6245,23600,,
1434999,27,2026-11-23,6245,23600,,
1434999,27,2026-11-24,6245,23600,,
1434999,27,2026-11-25,6245,23600,,
1434999,27,2026-11-26,6245,23600,,
1434999,28,2026-11-22,6245,23600,,
1434999,28,2026-11-23,6245,23600,,
1434999,28,2026-11-24,6245,23600,,
1434999,28,2026-11-25,6245,23600,,
1434999,28,2026-11-26,6245,23600,,
1437251,17,2026-11-22,5631,23600,,
1437251,17,2026-11-23,5631,23600,,
1437251,17,2026-11-24,5631,23600,,
1437251,17,2026-11-25,5631,23600,,
1437251,17,2026-11-26,5631,23600,,
1437251,18,2026-11-22,5631,23600,,
1437251,18,2026-11-23,5631,23600,,
1437251,18,2026-11-24,5631,23600,,
1437251,18,2026-11-25,5631,23600,,
1437251,18,2026-11-26,5631,23600,,
1437251,19,2026-11-22,5700,23600,,
1437251,19,2026-11-23,5700,23600,,
1437251,19,2026-11-24,5700,23600,,
1437251,19,2026-11-25,5700,23600,,
1437251,19,2026-11-26,5700,23600,,
1437251,20,2026-11-22,5700,23600,,
1437251,20,2026-11-23,5700,23600,,
1437251,20,2026-11-24,5700,23600,,
1437251,20,2026-11-25,5700,23600,,
1437251,20,2026-11-26,5700,23600,,
1437251,50,2026-11-22,5631,23600,,
1437251,50,2026-11-23,5631,23600,,
1437251,50,2026-11-24,5631,23600,,
1437251,50,2026-11-25,5631,23600,,
1437251,50,2026-11-26,5631,23600,,
1441289,25,2026-09-15,3483,23600,,
1441289,26,2026-09-15,3483,23600,,
1441289,32,2026-09-15,3483,23600,,
1441289,33,2026-09-15,3483,23600,,
1441289,34,2026-09-15,3483,23600,,
1441289,58,2026-09-15,3483,23600,,
1446075,25,2026-09-15,3050,23600,,
1446075,26,2026-09-15,3050,23600,,
1446075,29,2026-09-15,2877,23600,,
1446075,30,2026-09-15,2877,23600,,
1446075,31,2026-09-15,2877,23600,,
1446075,32,2026-09-15,3050,23600,,
1446075,33,2026-09-15,3050,23600,,
1446075,34,2026-09-15,3050,23600,,
1446075,57,2026-09-15,2877,23600,,
1446075,58,2026-09-15,3050,23600,,
1446075,89,2026-09-15,2877,23600,,
1462197,29,2027-09-15,2206,23600,,
1462197,30,2027-09-15,2206,23600,,
1462197,31,2027-09-15,2206,23600,,
1462197,32,2026-12-13,2559,23600,,
1462197,32,2026-12-14,2559,23600,,
1462197,33,2026-12-13,2559,23600,,
1462197,33,2026-12-14,2559,23600,,
1462197,34,2026-12-13,2559,23600,,
1462197,34,2026-12-14,2559,23600,,
1462197,57,2027-09-15,2206,23600,,
1462197,58,2026-12-13,2559,23600,,
1462197,58,2026-12-14,2559,23600,,
1462197,89,2027-09-15,2206,23600,,
1463190,21,2026-12-12,2309,23600,,
1463190,22,2026-12-12,2309,23600,,
1463190,23,2026-12-12,2378,23600,,
1463190,24,2026-12-12,2378,23600,,
1463190,39,2026-12-12,2309,23600,,
1463190,40,2026-12-12,2378,23600,,
1463190,83,2026-12-12,2309,23600,,
1472544,25,2026-12-13,1859,23600,,
1472544,25,2026-12-14,1859,23600,,
1472544,26,2026-12-13,1859,23600,,
1472544,26,2026-12-14,1859,23600,,
1479897,25,2026-09-15,1560,23600,,
1479897,25,2026-09-16,1560,23600,,
1479897,26,2026-09-15,1560,23600,,
1479897,26,2026-09-16,1560,23600,,
1483392,21,2026-12-13,2364,27848,,
1483392,21,2026-12-14,2364,27848,,
1483392,22,2026-12-13,2364,27848,,
1483392,22,2026-12-14,2364,27848,,
1483392,23,2026-12-13,2502,27848,,
1483392,23,2026-12-14,2502,27848,,
1483392,24,2026-12-13,2502,27848,,
1483392,24,2026-12-14,2502,27848,,
1483392,24179,2026-12-13,2502,27848,,
1483392,24179,2026-12-14,2502,27848,,
1483392,29,2026-12-13,2502,27848,,
1483392,29,2026-12-14,2502,27848,,
1483392,30,2026-12-13,2502,27848,,
1483392,30,2026-12-14,2502,27848,,
1483392,31,2026-12-13,2502,27848,,
1483392,31,2026-12-14,2502,27848,,
1483392,39,2026-12-13,2364,27848,,
1483392,39,2026-12-14,2364,27848,,
1483392,40,2026-12-13,2502,27848,,
1483392,40,2026-12-14,2502,27848,,
1483392,57,2026-12-13,2502,27848,,
1483392,57,2026-12-14,2502,27848,,
1483392,83,2026-12-13,2364,27848,,
1483392,83,2026-12-14,2364,27848,,
1483392,89,2026-12-13,2502,27848,,
1483392,89,2026-12-14,2502,27848,,
1516017,32,2026-09-19,2443,23600,,
1516017,33,2026-09-19,2443,23600,,
1516017,34,2026-09-19,2443,23600,,
1531125,17,2026-11-15,1302,20000,,
1531125,17,2026-11-16,1302,20000,,
1531125,17,2026-11-24,1302,20000,,
1531125,17,2026-11-25,1302,20000,,
1531125,17,2026-12-02,1302,20000,,
1531125,17,2026-12-03,1302,20000,,
1531125,17,2026-12-04,1302,20000,,
1531125,17,2026-12-05,1302,20000,,
1531125,17,2026-12-06,1302,20000,,
1531125,17,2026-12-11,1302,20000,,
1531125,18,2026-11-15,1302,20000,,
1531125,18,2026-11-16,1302,20000,,
1531125,18,2026-11-24,1302,20000,,
1531125,18,2026-11-25,1302,20000,,
1531125,18,2026-12-02,1302,20000,,
1531125,18,2026-12-03,1302,20000,,
1531125,18,2026-12-04,1302,20000,,
1531125,18,2026-12-05,1302,20000,,
1531125,18,2026-12-06,1302,20000,,
1531125,18,2026-12-11,1302,20000,,
1531125,19,2026-11-15,1440,20000,,
1531125,19,2026-11-16,1440,20000,,
1531125,19,2026-11-24,1440,20000,,
1531125,19,2026-11-25,1440,20000,,
1531125,19,2026-12-02,1440,20000,,
1531125,19,2026-12-03,1440,20000,,
1531125,19,2026-12-04,1440,20000,,
1531125,19,2026-12-05,1440,20000,,
1531125,19,2026-12-06,1440,20000,,
1531125,19,2026-12-11,1440,20000,,
1531125,21,2026-11-15,1440,20000,,
1531125,21,2026-11-16,1440,20000,,
1531125,21,2026-11-24,1440,20000,,
1531125,21,2026-11-25,1440,20000,,
1531125,21,2026-12-02,1440,20000,,
1531125,21,2026-12-03,1440,20000,,
1531125,21,2026-12-04,1440,20000,,
1531125,21,2026-12-05,1440,20000,,
1531125,21,2026-12-06,1440,20000,,
1531125,21,2026-12-11,1440,20000,,
1531125,22,2026-11-15,1440,20000,,
1531125,22,2026-11-16,1440,20000,,
1531125,22,2026-11-24,1440,20000,,
1531125,22,2026-11-25,1440,20000,,
1531125,22,2026-12-02,1440,20000,,
1531125,22,2026-12-03,1440,20000,,
1531125,22,2026-12-04,1440,20000,,
1531125,22,2026-12-05,1440,20000,,
1531125,22,2026-12-06,1440,20000,,
1531125,22,2026-12-11,1440,20000,,
1531125,39,2026-11-15,1440,20000,,
1531125,39,2026-11-16,1440,20000,,
1531125,39,2026-11-24,1440,20000,,
1531125,39,2026-11-25,1440,20000,,
1531125,39,2026-12-02,1440,20000,,
1531125,39,2026-12-03,1440,20000,,
1531125,39,2026-12-04,1440,20000,,
1531125,39,2026-12-05,1440,20000,,
1531125,39,2026-12-06,1440,20000,,
1531125,39,2026-12-11,1440,20000,,
1531125,83,2026-11-15,1440,20000,,
1531125,83,2026-11-16,1440,20000,,
1531125,83,2026-11-24,1440,20000,,
1531125,83,2026-11-25,1440,20000,,
1531125,83,2026-12-02,1440,20000,,
1531125,83,2026-12-03,1440,20000,,
1531125,83,2026-12-04,1440,20000,,
1531125,83,2026-12-05,1440,20000,,
1531125,83,2026-12-06,1440,20000,,
1531125,83,2026-12-11,1440,20000,,
1535153,27,2026-09-26,1946,23600,,
1535153,28,2026-09-26,1946,23600,,
1541487,17,2026-09-21,1488,20000,,
1541487,17,2026-09-22,1653,20000,,
1541487,17,2026-09-23,1653,20000,,
1541487,17,2026-09-24,1657,20000,,
1541487,18,2026-09-21,1488,20000,,
1541487,18,2026-09-22,1653,20000,,
1541487,18,2026-09-23,1653,20000,,
1541487,18,2026-09-24,1657,20000,,
1541487,50,2026-09-21,1488,20000,,
1541487,50,2026-09-22,1653,20000,,
1541487,50,2026-09-23,1653,20000,,
1541487,50,2026-09-24,1657,20000,,
1555580,25,2026-10-25,2179,23600,,
1555580,26,2026-10-25,2179,23600,,
1555580,45,2026-10-16,2439,23600,,
1555580,45,2026-10-25,2455,23600,,
1555580,46,2026-10-16,2439,23600,,
1555580,46,2026-10-25,2455,23600,,
1591753,19,2026-09-20,1777,23600,,
1591753,20,2026-09-20,1777,23600,,
1591753,23,2026-09-20,1915,23600,,
1591753,24,2026-09-20,1915,23600,,
1591753,40,2026-09-20,1915,23600,,
1593867,17,2027-09-15,1713,23600,,
1593867,18,2027-09-15,1713,23600,,
1593867,50,2027-09-15,1713,23600,,
1594371,25,2026-09-24,1197,23600,,
1594371,25,2026-12-13,1197,23600,,
1594371,25,2026-12-14,1197,23600,,
1594465,25,2026-09-23,1619,27848,,
1594465,25,2026-12-13,1950,27848,,
1594465,25,2026-12-14,1950,27848,,
1594465,26,2026-09-23,1619,27848,,
1594465,26,2026-12-13,1950,27848,,
1594465,26,2026-12-14,1950,27848,,
1594926,21,2027-09-15,1507,20000,,
1594926,22,2027-09-15,1507,20000,,
1594926,23,2027-09-15,1645,20000,,
1594926,24,2027-09-15,1645,20000,,
1594926,39,2027-09-15,1507,20000,,
1594926,40,2027-09-15,1645,20000,,
1594926,83,2027-09-15,1507,20000,,
1596319,21,2026-09-20,2488,27848,,
1596319,21,2026-09-24,2488,27848,,
1596319,21,2026-12-13,2488,27848,,
1596319,21,2026-12-14,2488,27848,,
1596319,21,2027-09-15,2488,27848,,
1596319,22,2026-09-20,2488,27848,,
1596319,22,2026-09-24,2488,27848,,
1596319,22,2026-12-13,2488,27848,,
1596319,22,2026-12-14,2488,27848,,
1596319,22,2027-09-15,2488,27848,,
1596319,27,2026-09-20,3385,27848,,
1596319,27,2026-09-24,3385,27848,,
1596319,27,2026-12-13,3385,27848,,
1596319,27,2026-12-14,3385,27848,,
1596319,27,2027-09-15,3385,27848,,
1596319,28,2026-09-20,3385,27848,,
1596319,28,2026-09-24,3385,27848,,
1596319,28,2026-12-13,3385,27848,,
1596319,28,2026-12-14,3385,27848,,
1596319,28,2027-09-15,3385,27848,,
1596319,29,2026-09-20,2971,27848,,
1596319,29,2026-09-24,2971,27848,,
1596319,29,2026-12-13,2971,27848,,
1596319,29,2026-12-14,2971,27848,,
1596319,30,2026-09-20,2971,27848,,
1596319,30,2026-09-24,2971,27848,,
1596319,30,2026-12-13,2971,27848,,
1596319,30,2026-12-14,2971,27848,,
1596319,31,2026-09-20,2971,27848,,
1596319,31,2026-09-24,2971,27848,,
1596319,31,2026-12-13,2971,27848,,
1596319,31,2026-12-14,2971,27848,,
1596319,32,2027-09-15,3109,27848,,
1596319,33,2027-09-15,3109,27848,,
1596319,34,2027-09-15,3109,27848,,
1596319,35,2026-09-20,3868,27848,,
1596319,35,2026-09-24,3868,27848,,
1596319,35,2026-12-13,3868,27848,,
1596319,35,2026-12-14,3868,27848,,
1596319,36,2026-09-20,3868,27848,,
1596319,36,2026-09-24,3868,27848,,
1596319,36,2026-12-13,3868,27848,,
1596319,36,2026-12-14,3868,27848,,
1596319,39,2026-09-20,2488,27848,,
1596319,39,2026-09-24,2488,27848,,
1596319,39,2026-12-13,2488,27848,,
1596319,39,2026-12-14,2488,27848,,
1596319,39,2027-09-15,2488,27848,,
1596319,57,2026-09-20,2971,27848,,
1596319,57,2026-09-24,2971,27848,,
1596319,57,2026-12-13,2971,27848,,
1596319,57,2026-12-14,2971,27848,,
1596319,83,2026-09-20,2488,27848,,
1596319,83,2026-09-24,2488,27848,,
1596319,83,2026-12-13,2488,27848,,
1596319,83,2026-12-14,2488,27848,,
1596319,83,2027-09-15,2488,27848,,
1596742,29,2026-09-20,1767,23600,,
1596742,30,2026-09-20,1767,23600,,
1596742,31,2026-09-20,1767,23600,,
1596742,32,2026-09-20,1905,23600,,
1596742,33,2026-09-20,1905,23600,,
1596742,34,2026-09-20,1905,23600,,
1596742,57,2026-09-20,1767,23600,,
1603145,17,2026-09-21,1187,23600,,
1603145,17,2026-09-22,1187,23600,,
1603145,18,2026-09-21,1187,23600,,
1603145,18,2026-09-22,1187,23600,,
1603145,50,2026-09-21,1187,23600,,
1603145,50,2026-09-22,1187,23600,,
1604662,35,2026-12-12,3605,20000,,
1604662,36,2026-12-12,3605,20000,,
1609002,16,2026-12-13,2166,23600,,
1609002,16,2026-12-14,2166,23600,,
1609002,27,2026-12-13,2925,23600,,
1609002,27,2026-12-14,2925,23600,,
1609002,28,2026-12-13,2925,23600,,
1609002,28,2026-12-14,2925,23600,,
1609002,32,2026-12-13,2787,23600,,
1609002,32,2026-12-14,2787,23600,,
1609002,33,2026-12-13,2787,23600,,
1609002,33,2026-12-14,2787,23600,,
1609002,34,2026-12-13,2787,23600,,
1609002,34,2026-12-14,2787,23600,,
1609002,52,2026-12-13,2166,23600,,
1609002,52,2026-12-14,2166,23600,,
1609002,58,2026-12-13,2787,23600,,
1609002,58,2026-12-14,2787,23600,,
1614818,15,2026-11-20,1448,20000,,
1614818,15,2026-11-21,1448,20000,,
1614818,19,2026-11-18,1909,20000,,
1614818,19,2026-11-19,1911,20000,,
1614818,19,2026-11-22,1909,20000,,
1614818,19,2026-11-23,1909,20000,,
1614818,19,2026-11-29,1909,20000,,
1614818,19,2026-11-30,1909,20000,,
1614818,20,2026-11-18,1909,20000,,
1614818,20,2026-11-19,1911,20000,,
1614818,20,2026-11-22,1909,20000,,
1614818,20,2026-11-23,1909,20000,,
1614818,20,2026-11-29,1909,20000,,
1614818,20,2026-11-30,1909,20000,,
1614818,23,2026-12-01,2171,20000,,
1614818,23,2026-12-02,2171,20000,,
1614818,23,2026-12-03,2171,20000,,
1614818,23,2026-12-06,2171,20000,,
1614818,23,2026-12-07,2171,20000,,
1614818,23,2026-12-08,2171,20000,,
1614818,23,2026-12-09,2171,20000,,
1614818,23,2026-12-10,2171,20000,,
1614818,23,2026-12-13,2171,20000,,
1614818,23,2026-12-14,2171,20000,,
1614818,24,2026-12-01,2171,20000,,
1614818,24,2026-12-02,2171,20000,,
1614818,24,2026-12-03,2171,20000,,
1614818,24,2026-12-06,2171,20000,,
1614818,24,2026-12-07,2171,20000,,
1614818,24,2026-12-08,2171,20000,,
1614818,24,2026-12-09,2171,20000,,
1614818,24,2026-12-10,2171,20000,,
1614818,24,2026-12-13,2171,20000,,
1614818,24,2026-12-14,2171,20000,,
1614818,27,2026-11-17,2516,20000,,
1614818,27,2026-11-24,2516,20000,,
1614818,27,2026-11-25,2516,20000,,
1614818,27,2026-11-26,2516,20000,,
1614818,27,2026-12-04,2516,20000,,
1614818,27,2026-12-05,2516,20000,,
1614818,27,2026-12-11,2516,20000,,
1614818,27,2026-12-12,2516,20000,,
1614818,28,2026-11-17,2516,20000,,
1614818,28,2026-11-24,2516,20000,,
1614818,28,2026-11-25,2516,20000,,
1614818,28,2026-11-26,2516,20000,,
1614818,28,2026-12-04,2516,20000,,
1614818,28,2026-12-05,2516,20000,,
1614818,28,2026-12-11,2516,20000,,
1614818,28,2026-12-12,2516,20000,,
1614818,29,2026-12-04,2654,20000,,
1614818,29,2026-12-05,2654,20000,,
1614818,29,2026-12-11,2654,20000,,
1614818,29,2026-12-12,2654,20000,,
1614818,30,2026-12-04,2654,20000,,
1614818,30,2026-12-05,2654,20000,,
1614818,30,2026-12-11,2654,20000,,
1614818,30,2026-12-12,2654,20000,,
1614818,31,2026-12-04,2654,20000,,
1614818,31,2026-12-05,2654,20000,,
1614818,31,2026-12-11,2654,20000,,
1614818,31,2026-12-12,2654,20000,,
1614818,38,2026-11-20,1448,20000,,
1614818,38,2026-11-21,1448,20000,,
1614818,40,2026-12-01,2171,20000,,
1614818,40,2026-12-02,2171,20000,,
1614818,40,2026-12-03,2171,20000,,
1614818,40,2026-12-06,2171,20000,,
1614818,40,2026-12-07,2171,20000,,
1614818,40,2026-12-08,2171,20000,,
1614818,40,2026-12-09,2171,20000,,
1614818,40,2026-12-10,2171,20000,,
1614818,40,2026-12-13,2171,20000,,
1614818,40,2026-12-14,2171,20000,,
1614818,57,2026-12-04,2654,20000,,
1614818,57,2026-12-05,2654,20000,,
1614818,57,2026-12-11,2654,20000,,
1614818,57,2026-12-12,2654,20000,,
1614818,89,2026-12-04,2654,20000,,
1614818,89,2026-12-05,2654,20000,,
1614818,89,2026-12-11,2654,20000,,
1614818,89,2026-12-12,2654,20000,,
1617471,19,2026-12-13,1889,23600,,
1617471,19,2026-12-14,1889,23600,,
1617763,21,2026-11-18,1573,23600,,
1617763,21,2026-11-19,1573,23600,,
1617763,21,2026-11-22,1573,23600,,
1617763,21,2026-11-23,1573,23600,,
1617763,21,2026-11-29,1573,23600,,
1617763,21,2026-11-30,1573,23600,,
1617763,22,2026-11-18,1573,23600,,
1617763,22,2026-11-19,1573,23600,,
1617763,22,2026-11-22,1573,23600,,
1617763,22,2026-11-23,1573,23600,,
1617763,22,2026-11-29,1573,23600,,
1617763,22,2026-11-30,1573,23600,,
1617763,39,2026-11-18,1573,23600,,
1617763,39,2026-11-19,1573,23600,,
1617763,39,2026-11-22,1573,23600,,
1617763,39,2026-11-23,1573,23600,,
1617763,39,2026-11-29,1573,23600,,
1617763,39,2026-11-30,1573,23600,,
1617763,83,2026-11-18,1573,23600,,
1617763,83,2026-11-19,1573,23600,,
1617763,83,2026-11-22,1573,23600,,
1617763,83,2026-11-23,1573,23600,,
1617763,83,2026-11-29,1573,23600,,
1617763,83,2026-11-30,1573,23600,,
1619814,15,2026-12-10,986,23600,,
1619814,15,2026-12-13,986,23600,,
1619814,15,2026-12-14,986,23600,,
1619814,38,2026-12-10,986,23600,,
1619814,38,2026-12-13,986,23600,,
1619814,38,2026-12-14,986,23600,,
1702720,29,2026-12-13,3055,23600,,
1702720,29,2026-12-14,3055,23600,,
1702720,30,2026-12-13,3055,23600,,
1702720,30,2026-12-14,3055,23600,,
1702720,31,2026-12-13,3055,23600,,
1702720,31,2026-12-14,3055,23600,,
1702720,57,2026-12-13,3055,23600,,
1702720,57,2026-12-14,3055,23600,,
1708941,29,2027-09-15,2109,27848,,
1708941,30,2027-09-15,2109,27848,,
1708941,31,2027-09-15,2109,27848,,
1708941,32,2027-09-15,2178,27848,,
1708941,33,2027-09-15,2178,27848,,
1708941,34,2027-09-15,2178,27848,,
1708941,57,2027-09-15,2109,27848,,
1708941,58,2027-09-15,2178,27848,,
1708941,89,2027-09-15,2109,27848,,
1755459,17,2026-10-24,4309,23600,,
1755459,18,2026-10-24,4309,23600,,
1755459,19,2026-10-16,4377,23600,,
1755459,19,2026-10-17,4377,23600,,
1755459,19,2026-10-18,4377,23600,,
1755459,19,2026-10-19,4377,23600,,
1755459,19,2026-10-20,4377,23600,,
1755459,19,2026-10-21,4377,23600,,
1755459,19,2026-10-22,4377,23600,,
1755459,19,2026-10-23,4377,23600,,
1755459,19,2026-10-24,4396,23600,,
1755459,20,2026-10-16,4377,23600,,
1755459,20,2026-10-17,4377,23600,,
1755459,20,2026-10-18,4377,23600,,
1755459,20,2026-10-19,4377,23600,,
1755459,20,2026-10-20,4377,23600,,
1755459,20,2026-10-21,4377,23600,,
1755459,20,2026-10-22,4377,23600,,
1755459,20,2026-10-23,4377,23600,,
1755459,20,2026-10-24,4396,23600,,
1755459,21,2026-10-16,4636,23600,,
1755459,21,2026-10-17,4636,23600,,
1755459,21,2026-10-18,4636,23600,,
1755459,21,2026-10-19,4636,23600,,
1755459,21,2026-10-20,4636,23600,,
1755459,21,2026-10-21,4636,23600,,
1755459,21,2026-10-22,4636,23600,,
1755459,21,2026-10-23,4636,23600,,
1755459,21,2026-10-24,4654,23600,,
1755459,22,2026-10-16,4636,23600,,
1755459,22,2026-10-17,4636,23600,,
1755459,22,2026-10-18,4636,23600,,
1755459,22,2026-10-19,4636,23600,,
1755459,22,2026-10-20,4636,23600,,
1755459,22,2026-10-21,4636,23600,,
1755459,22,2026-10-22,4636,23600,,
1755459,22,2026-10-23,4636,23600,,
1755459,22,2026-10-24,4654,23600,,
1755459,23,2026-10-16,4722,23600,,
1755459,23,2026-10-17,4722,23600,,
1755459,23,2026-10-18,4722,23600,,
1755459,23,2026-10-19,4722,23600,,
1755459,23,2026-10-20,4722,23600,,
1755459,23,2026-10-21,4722,23600,,
1755459,23,2026-10-22,4722,23600,,
1755459,23,2026-10-23,4722,23600,,
1755459,23,2026-10-24,4741,23600,,
1755459,24,2026-10-16,4722,23600,,
1755459,24,2026-10-17,4722,23600,,
1755459,24,2026-10-18,4722,23600,,
1755459,24,2026-10-19,4722,23600,,
1755459,24,2026-10-20,4722,23600,,
1755459,24,2026-10-21,4722,23600,,
1755459,24,2026-10-22,4722,23600,,
1755459,24,2026-10-23,4722,23600,,
1755459,24,2026-10-24,4741,23600,,
1755459,27,2026-10-16,5067,23600,,
1755459,27,2026-10-17,5067,23600,,
1755459,27,2026-10-18,5067,23600,,
1755459,27,2026-10-19,5067,23600,,
1755459,27,2026-10-20,5067,23600,,
1755459,27,2026-10-21,5067,23600,,
1755459,27,2026-10-22,5067,23600,,
1755459,27,2026-10-23,5067,23600,,
1755459,28,2026-10-16,5067,23600,,
1755459,28,2026-10-17,5067,23600,,
1755459,28,2026-10-18,5067,23600,,
1755459,28,2026-10-19,5067,23600,,
1755459,28,2026-10-20,5067,23600,,
1755459,28,2026-10-21,5067,23600,,
1755459,28,2026-10-22,5067,23600,,
1755459,28,2026-10-23,5067,23600,,
1755459,29,2026-10-16,4981,23600,,
1755459,29,2026-10-17,4981,23600,,
1755459,29,2026-10-18,4981,23600,,
1755459,29,2026-10-19,4981,23600,,
1755459,29,2026-10-20,4981,23600,,
1755459,29,2026-10-21,4981,23600,,
1755459,29,2026-10-22,4981,23600,,
1755459,29,2026-10-23,4981,23600,,
1755459,30,2026-10-16,4981,23600,,
1755459,30,2026-10-17,4981,23600,,
1755459,30,2026-10-18,4981,23600,,
1755459,30,2026-10-19,4981,23600,,
1755459,30,2026-10-20,4981,23600,,
1755459,30,2026-10-21,4981,23600,,
1755459,30,2026-10-22,4981,23600,,
1755459,30,2026-10-23,4981,23600,,
1755459,31,2026-10-16,4981,23600,,
1755459,31,2026-10-17,4981,23600,,
1755459,31,2026-10-18,4981,23600,,
1755459,31,2026-10-19,4981,23600,,
1755459,31,2026-10-20,4981,23600,,
1755459,31,2026-10-21,4981,23600,,
1755459,31,2026-10-22,4981,23600,,
1755459,31,2026-10-23,4981,23600,,
1755459,32,2026-10-16,5067,23600,,
1755459,32,2026-10-17,5067,23600,,
1755459,32,2026-10-18,5067,23600,,
1755459,32,2026-10-19,5067,23600,,
1755459,32,2026-10-20,5067,23600,,
1755459,32,2026-10-21,5067,23600,,
1755459,32,2026-10-22,5067,23600,,
1755459,32,2026-10-23,5067,23600,,
1755459,33,2026-10-16,5067,23600,,
1755459,33,2026-10-17,5067,23600,,
1755459,33,2026-10-18,5067,23600,,
1755459,33,2026-10-19,5067,23600,,
1755459,33,2026-10-20,5067,23600,,
1755459,33,2026-10-21,5067,23600,,
1755459,33,2026-10-22,5067,23600,,
1755459,33,2026-10-23,5067,23600,,
1755459,34,2026-10-16,5067,23600,,
1755459,34,2026-10-17,5067,23600,,
1755459,34,2026-10-18,5067,23600,,
1755459,34,2026-10-19,5067,23600,,
1755459,34,2026-10-20,5067,23600,,
1755459,34,2026-10-21,5067,23600,,
1755459,34,2026-10-22,5067,23600,,
1755459,34,2026-10-23,5067,23600,,
1755459,39,2026-10-16,4636,23600,,
1755459,39,2026-10-17,4636,23600,,
1755459,39,2026-10-18,4636,23600,,
1755459,39,2026-10-19,4636,23600,,
1755459,39,2026-10-20,4636,23600,,
1755459,39,2026-10-21,4636,23600,,
1755459,39,2026-10-22,4636,23600,,
1755459,39,2026-10-23,4636,23600,,
1755459,39,2026-10-24,4654,23600,,
1755459,40,2026-10-16,4722,23600,,
1755459,40,2026-10-17,4722,23600,,
1755459,40,2026-10-18,4722,23600,,
1755459,40,2026-10-19,4722,23600,,
1755459,40,2026-10-20,4722,23600,,
1755459,40,2026-10-21,4722,23600,,
1755459,40,2026-10-22,4722,23600,,
1755459,40,2026-10-23,4722,23600,,
1755459,40,2026-10-24,4741,23600,,
1755459,50,2026-10-24,4309,23600,,
1755459,51,2026-10-16,4377,23600,,
1755459,51,2026-10-17,4377,23600,,
1755459,51,2026-10-18,4377,23600,,
1755459,51,2026-10-19,4377,23600,,
1755459,51,2026-10-20,4377,23600,,
1755459,51,2026-10-21,4377,23600,,
1755459,51,2026-10-22,4377,23600,,
1755459,51,2026-10-23,4377,23600,,
1755459,51,2026-10-24,4396,23600,,
1755459,57,2026-10-16,4981,23600,,
1755459,57,2026-10-17,4981,23600,,
1755459,57,2026-10-18,4981,23600,,
1755459,57,2026-10-19,4981,23600,,
1755459,57,2026-10-20,4981,23600,,
1755459,57,2026-10-21,4981,23600,,
1755459,57,2026-10-22,4981,23600,,
1755459,57,2026-10-23,4981,23600,,
1755459,83,2026-10-16,4636,23600,,
1755459,83,2026-10-17,4636,23600,,
1755459,83,2026-10-18,4636,23600,,
1755459,83,2026-10-19,4636,23600,,
1755459,83,2026-10-20,4636,23600,,
1755459,83,2026-10-21,4636,23600,,
1755459,83,2026-10-22,4636,23600,,
1755459,83,2026-10-23,4636,23600,,
1755459,83,2026-10-24,4654,23600,,
1755459,87,2026-10-24,4309,23600,,
1759184,17,2026-10-16,4485,23600,,
1759184,17,2026-10-17,4485,23600,,
1759184,17,2026-10-18,4485,23600,,
1759184,17,2026-10-19,4485,23600,,
1759184,17,2026-10-20,4485,23600,,
1759184,17,2026-10-21,4485,23600,,
1759184,17,2026-10-22,4485,23600,,
1759184,17,2026-10-23,4485,23600,,
1759184,17,2026-10-24,4485,23600,,
1759184,18,2026-10-16,4485,23600,,
1759184,18,2026-10-17,4485,23600,,
1759184,18,2026-10-18,4485,23600,,
1759184,18,2026-10-19,4485,23600,,
1759184,18,2026-10-20,4485,23600,,
1759184,18,2026-10-21,4485,23600,,
1759184,18,2026-10-22,4485,23600,,
1759184,18,2026-10-23,4485,23600,,
1759184,18,2026-10-24,4485,23600,,
1759184,19,2026-10-16,4623,23600,,
1759184,19,2026-10-17,4623,23600,,
1759184,19,2026-10-18,4623,23600,,
1759184,19,2026-10-19,4623,23600,,
1759184,19,2026-10-20,4623,23600,,
1759184,19,2026-10-21,4623,23600,,
1759184,19,2026-10-22,4623,23600,,
1759184,19,2026-10-23,4623,23600,,
1759184,19,2026-10-24,4623,23600,,
1759184,20,2026-10-16,4623,23600,,
1759184,20,2026-10-17,4623,23600,,
1759184,20,2026-10-18,4623,23600,,
1759184,20,2026-10-19,4623,23600,,
1759184,20,2026-10-20,4623,23600,,
1759184,20,2026-10-21,4623,23600,,
1759184,20,2026-10-22,4623,23600,,
1759184,20,2026-10-23,4623,23600,,
1759184,20,2026-10-24,4623,23600,,
1759184,21,2026-10-16,4554,23600,,
1759184,21,2026-10-17,4554,23600,,
1759184,21,2026-10-18,4554,23600,,
1759184,21,2026-10-19,4554,23600,,
1759184,21,2026-10-20,4554,23600,,
1759184,21,2026-10-21,4554,23600,,
1759184,21,2026-10-22,4554,23600,,
1759184,21,2026-10-23,4554,23600,,
1759184,21,2026-10-24,4554,23600,,
1759184,22,2026-10-16,4554,23600,,
1759184,22,2026-10-17,4554,23600,,
1759184,22,2026-10-18,4554,23600,,
1759184,22,2026-10-19,4554,23600,,
1759184,22,2026-10-20,4554,23600,,
1759184,22,2026-10-21,4554,23600,,
1759184,22,2026-10-22,4554,23600,,
1759184,22,2026-10-23,4554,23600,,
1759184,22,2026-10-24,4554,23600,,
1759184,23,2026-10-16,4727,23600,,
1759184,23,2026-10-17,4727,23600,,
1759184,23,2026-10-18,4727,23600,,
1759184,23,2026-10-19,4727,23600,,
1759184,23,2026-10-20,4727,23600,,
1759184,23,2026-10-21,4727,23600,,
1759184,23,2026-10-22,4727,23600,,
1759184,23,2026-10-23,4727,23600,,
1759184,23,2026-10-24,4727,23600,,
1759184,24,2026-10-16,4727,23600,,
1759184,24,2026-10-17,4727,23600,,
1759184,24,2026-10-18,4727,23600,,
1759184,24,2026-10-19,4727,23600,,
1759184,24,2026-10-20,4727,23600,,
1759184,24,2026-10-21,4727,23600,,
1759184,24,2026-10-22,4727,23600,,
1759184,24,2026-10-23,4727,23600,,
1759184,24,2026-10-24,4727,23600,,
1759184,29,2026-10-16,4623,23600,,
1759184,29,2026-10-17,4623,23600,,
1759184,29,2026-10-18,4623,23600,,
1759184,29,2026-10-19,4623,23600,,
1759184,29,2026-10-20,4623,23600,,
1759184,29,2026-10-21,4623,23600,,
1759184,29,2026-10-22,4623,23600,,
1759184,29,2026-10-23,4623,23600,,
1759184,29,2026-10-24,4623,23600,,
1759184,30,2026-10-16,4623,23600,,
1759184,30,2026-10-17,4623,23600,,
1759184,30,2026-10-18,4623,23600,,
1759184,30,2026-10-19,4623,23600,,
1759184,30,2026-10-20,4623,23600,,
1759184,30,2026-10-21,4623,23600,,
1759184,30,2026-10-22,4623,23600,,
1759184,30,2026-10-23,4623,23600,,
1759184,30,2026-10-24,4623,23600,,
1759184,31,2026-10-16,4623,23600,,
1759184,31,2026-10-17,4623,23600,,
1759184,31,2026-10-18,4623,23600,,
1759184,31,2026-10-19,4623,23600,,
1759184,31,2026-10-20,4623,23600,,
1759184,31,2026-10-21,4623,23600,,
1759184,31,2026-10-22,4623,23600,,
1759184,31,2026-10-23,4623,23600,,
1759184,31,2026-10-24,4623,23600,,
1759184,39,2026-10-16,4554,23600,,
1759184,39,2026-10-17,4554,23600,,
1759184,39,2026-10-18,4554,23600,,
1759184,39,2026-10-19,4554,23600,,
1759184,39,2026-10-20,4554,23600,,
1759184,39,2026-10-21,4554,23600,,
1759184,39,2026-10-22,4554,23600,,
1759184,39,2026-10-23,4554,23600,,
1759184,39,2026-10-24,4554,23600,,
1759184,40,2026-10-16,4727,23600,,
1759184,40,2026-10-17,4727,23600,,
1759184,40,2026-10-18,4727,23600,,
1759184,40,2026-10-19,4727,23600,,
1759184,40,2026-10-20,4727,23600,,
1759184,40,2026-10-21,4727,23600,,
1759184,40,2026-10-22,4727,23600,,
1759184,40,2026-10-23,4727,23600,,
1759184,40,2026-10-24,4727,23600,,
1759184,50,2026-10-16,4485,23600,,
1759184,50,2026-10-17,4485,23600,,
1759184,50,2026-10-18,4485,23600,,
1759184,50,2026-10-19,4485,23600,,
1759184,50,2026-10-20,4485,23600,,
1759184,50,2026-10-21,4485,23600,,
1759184,50,2026-10-22,4485,23600,,
1759184,50,2026-10-23,4485,23600,,
1759184,50,2026-10-24,4485,23600,,
1759184,51,2026-10-16,4623,23600,,
1759184,51,2026-10-17,4623,23600,,
1759184,51,2026-10-18,4623,23600,,
1759184,51,2026-10-19,4623,23600,,
1759184,51,2026-10-20,4623,23600,,
1759184,51,2026-10-21,4623,23600,,
1759184,51,2026-10-22,4623,23600,,
1759184,51,2026-10-23,4623,23600,,
1759184,51,2026-10-24,4623,23600,,
1759184,57,2026-10-16,4623,23600,,
1759184,57,2026-10-17,4623,23600,,
1759184,57,2026-10-18,4623,23600,,
1759184,57,2026-10-19,4623,23600,,
1759184,57,2026-10-20,4623,23600,,
1759184,57,2026-10-21,4623,23600,,
1759184,57,2026-10-22,4623,23600,,
1759184,57,2026-10-23,4623,23600,,
1759184,57,2026-10-24,4623,23600,,
1759184,83,2026-10-16,4554,23600,,
1759184,83,2026-10-17,4554,23600,,
1759184,83,2026-10-18,4554,23600,,
1759184,83,2026-10-19,4554,23600,,
1759184,83,2026-10-20,4554,23600,,
1759184,83,2026-10-21,4554,23600,,
1759184,83,2026-10-22,4554,23600,,
1759184,83,2026-10-23,4554,23600,,
1759184,83,2026-10-24,4554,23600,,
1759184,87,2026-10-16,4485,23600,,
1759184,87,2026-10-17,4485,23600,,
1759184,87,2026-10-18,4485,23600,,
1759184,87,2026-10-19,4485,23600,,
1759184,87,2026-10-20,4485,23600,,
1759184,87,2026-10-21,4485,23600,,
1759184,87,2026-10-22,4485,23600,,
1759184,87,2026-10-23,4485,23600,,
1759184,87,2026-10-24,4485,23600,,
1759184,89,2026-10-16,4623,23600,,
1759184,89,2026-10-17,4623,23600,,
1759184,89,2026-10-18,4623,23600,,
1759184,89,2026-10-19,4623,23600,,
1759184,89,2026-10-20,4623,23600,,
1759184,89,2026-10-21,4623,23600,,
1759184,89,2026-10-22,4623,23600,,
1759184,89,2026-10-23,4623,23600,,
1759184,89,2026-10-24,4623,23600,,
1809628,42,2026-12-12,2329,23600,,
1809628,43,2026-12-12,2329,23600,,
1809628,45,2026-12-12,2157,23600,,
1809628,46,2026-12-12,2157,23600,,
1837134,29,2026-12-12,4721,23600,,
1837134,30,2026-12-12,4721,23600,,
1837134,31,2026-12-12,4721,23600,,
1837134,32,2026-12-12,4859,23600,,
1837134,33,2026-12-12,4859,23600,,
1837134,34,2026-12-12,4859,23600,,
1837134,57,2026-12-12,4721,23600,,
1879480,17,2026-12-13,990,23600,,
1879480,17,2026-12-14,990,23600,,
1879480,18,2026-12-13,990,23600,,
1879480,18,2026-12-14,990,23600,,
1879480,19,2026-12-13,990,23600,,
1879480,19,2026-12-14,990,23600,,
1879480,20,2026-12-13,990,23600,,
1879480,20,2026-12-14,990,23600,,
1879480,50,2026-12-13,990,23600,,
1879480,50,2026-12-14,990,23600,,
1892583,19,2026-12-12,1485,20000,,
1892583,20,2026-12-12,1485,20000,,
1912757,17,2026-12-13,1283,23600,,
1912757,17,2026-12-14,1283,23600,,
1912757,18,2026-12-13,1283,23600,,
1912757,18,2026-12-14,1283,23600,,
1912757,50,2026-12-13,1283,23600,,
1912757,50,2026-12-14,1283,23600,,
1921658,25,2026-12-12,2811,23600,,
1921658,26,2026-12-12,2811,23600,,
1929807,17,2026-09-20,1379,23600,,
1929807,18,2026-09-20,1379,23600,,
1929807,50,2026-09-20,1379,23600,,
2011649,29,2027-09-15,1666,27848,,
2011649,30,2027-09-15,1666,27848,,
2011649,31,2027-09-15,1666,27848,,
2011649,57,2027-09-15,1666,27848,,
2011649,89,2027-09-15,1666,27848,,
2011692,17,2026-09-15,1628,20000,,
2011692,17,2026-09-16,1628,20000,,
2011692,18,2026-09-15,1628,20000,,
2011692,18,2026-09-16,1628,20000,,
2011692,19,2026-09-16,1766,20000,,
2013677,17,2026-12-12,1158,20000,,
2013677,18,2026-12-12,1158,20000,,
2013677,50,2026-12-12,1158,20000,,
2014883,25,2026-12-12,1748,23600,,
2014883,26,2026-12-12,1748,23600,,
2014917,19,2026-12-13,1714,20000,,
2014917,19,2026-12-14,1714,20000,,
2014917,20,2026-12-13,1714,20000,,
2014917,20,2026-12-14,1714,20000,,
2015941,25,2026-12-13,1734,23600,,
2015941,25,2026-12-14,1734,23600,,
2015941,25,2027-09-15,1734,23600,,
2015941,26,2026-12-13,1734,23600,,
2015941,26,2026-12-14,1734,23600,,
2015941,26,2027-09-15,1734,23600,,
2017408,19,2027-09-15,2022,23600,,
2017408,20,2027-09-15,2022,23600,,
2018783,25,2026-12-12,1748,23600,,
2018783,26,2026-12-12,1748,23600,,
2019978,21,2026-12-13,2181,20000,,
2019978,21,2026-12-14,2181,20000,,
2019978,21,2027-09-15,2181,20000,,
2019978,22,2026-12-13,2181,20000,,
2019978,22,2026-12-14,2181,20000,,
2019978,22,2027-09-15,2181,20000,,
2019978,23,2026-12-13,2319,20000,,
2019978,23,2026-12-14,2319,20000,,
2019978,23,2027-09-15,2319,20000,,
2019978,24,2026-12-13,2319,20000,,
2019978,24,2026-12-14,2319,20000,,
2019978,24,2027-09-15,2319,20000,,
2019978,39,2026-12-13,2181,20000,,
2019978,39,2026-12-14,2181,20000,,
2019978,39,2027-09-15,2181,20000,,
2019978,40,2026-12-13,2319,20000,,
2019978,40,2026-12-14,2319,20000,,
2019978,40,2027-09-15,2319,20000,,
2019978,83,2026-12-13,2181,20000,,
2019978,83,2026-12-14,2181,20000,,
2019978,83,2027-09-15,2181,20000,,
2026607,27,2026-12-13,2804,20000,,
2026607,27,2026-12-14,2804,20000,,
2026607,28,2026-12-13,2804,20000,,
2026607,28,2026-12-14,2804,20000,,
2031351,27,2026-09-24,2369,23600,,
2031351,28,2026-09-24,2369,23600,,
2033589,29,2026-12-13,3856,23600,,
2033589,29,2026-12-14,3856,23600,,
2033589,30,2026-12-13,3856,23600,,
2033589,30,2026-12-14,3856,23600,,
2033589,31,2026-12-13,3856,23600,,
2033589,31,2026-12-14,3856,23600,,
2033589,57,2026-12-13,3856,23600,,
2033589,57,2026-12-14,3856,23600,,
2051467,19,2026-09-21,1117,20000,,
2051467,20,2026-09-21,1117,20000,,
2051467,51,2026-09-21,1117,20000,,
2066561,29,2026-12-13,2660,27848,,
2066561,29,2026-12-14,2660,27848,,
2066561,30,2026-12-13,2660,27848,,
2066561,30,2026-12-14,2660,27848,,
2066561,31,2026-12-13,2660,27848,,
2066561,31,2026-12-14,2660,27848,,
2066561,57,2026-12-13,2660,27848,,
2066561,57,2026-12-14,2660,27848,,
2077421,17,2026-12-13,1305,23600,,
2077421,17,2026-12-14,1305,23600,,
2077421,18,2026-12-13,1305,23600,,
2077421,18,2026-12-14,1305,23600,,
2077421,19,2026-09-24,1374,23600,,
2077421,19,2026-12-13,1374,23600,,
2077421,19,2026-12-14,1374,23600,,
2077421,20,2026-09-24,1374,23600,,
2077421,20,2026-12-13,1374,23600,,
2077421,20,2026-12-14,1374,23600,,
2077421,21,2026-09-24,1443,23600,,
2077421,22,2026-09-24,1443,23600,,
2077421,23,2026-09-24,1512,23600,,
2077421,24,2026-09-24,1512,23600,,
2077421,39,2026-09-24,1443,23600,,
2077421,40,2026-09-24,1512,23600,,
2077421,50,2026-12-13,1305,23600,,
2077421,50,2026-12-14,1305,23600,,
2077421,83,2026-09-24,1443,23600,,
2079707,21,2026-12-13,1566,23600,,
2079707,21,2026-12-14,1566,23600,,
2079707,22,2026-12-13,1566,23600,,
2079707,22,2026-12-14,1566,23600,,
2079707,23,2026-12-13,1635,23600,,
2079707,23,2026-12-14,1635,23600,,
2079707,24,2026-12-13,1635,23600,,
2079707,24,2026-12-14,1635,23600,,
2079707,25,2026-12-12,1748,23600,,
2079707,26,2026-12-12,1748,23600,,
2079707,39,2026-12-13,1566,23600,,
2079707,39,2026-12-14,1566,23600,,
2079707,40,2026-12-13,1635,23600,,
2079707,40,2026-12-14,1635,23600,,
2079707,83,2026-12-13,1566,23600,,
2079707,83,2026-12-14,1566,23600,,
3006134,17,2026-11-18,1334,23600,,
3006134,17,2026-11-19,1334,23600,,
3006134,17,2026-11-22,1334,23600,,
3006134,17,2026-11-23,1334,23600,,
3006134,18,2026-11-18,1334,23600,,
3006134,18,2026-11-19,1334,23600,,
3006134,18,2026-11-22,1334,23600,,
3006134,18,2026-11-23,1334,23600,,
3006134,23,2026-12-01,1824,23600,,
3006134,23,2026-12-07,1824,23600,,
3006134,23,2026-12-08,1824,23600,,
3006134,23,2026-12-09,1824,23600,,
3006134,23,2026-12-10,1824,23600,,
3006134,23,2026-12-13,1824,23600,,
3006134,23,2026-12-14,1824,23600,,
3006134,24,2026-12-01,1824,23600,,
3006134,24,2026-12-07,1824,23600,,
3006134,24,2026-12-08,1824,23600,,
3006134,24,2026-12-09,1824,23600,,
3006134,24,2026-12-10,1824,23600,,
3006134,24,2026-12-13,1824,23600,,
3006134,24,2026-12-14,1824,23600,,
3006134,40,2026-12-01,1824,23600,,
3006134,40,2026-12-07,1824,23600,,
3006134,40,2026-12-08,1824,23600,,
3006134,40,2026-12-09,1824,23600,,
3006134,40,2026-12-10,1824,23600,,
3006134,40,2026-12-13,1824,23600,,
3006134,40,2026-12-14,1824,23600,,
3006134,50,2026-11-18,1334,23600,,
3006134,50,2026-11-19,1334,23600,,
3006134,50,2026-11-22,1334,23600,,
3006134,50,2026-11-23,1334,23600,,
3009824,27,2026-09-21,1506,23600,,
3009824,27,2026-09-22,1506,23600,,
3009824,27,2026-09-23,1506,23600,,
3009824,27,2026-09-24,1506,23600,,
3009824,28,2026-09-21,1506,23600,,
3009824,28,2026-09-22,1506,23600,,
3009824,28,2026-09-23,1506,23600,,
3009824,28,2026-09-24,1506,23600,,
5000022,17,2026-12-13,2183,20000,,
5000022,17,2026-12-14,2183,20000,,
5000022,18,2026-12-13,2183,20000,,
5000022,18,2026-12-14,2183,20000,,
5000022,50,2026-12-13,2183,20000,,
5000022,50,2026-12-14,2183,20000,,
8459601,23,2026-12-14,3766,23600,,
8459601,24,2026-12-14,3766,23600,,
8459601,40,2026-12-14,3766,23600,,
9772256,29,2026-09-24,4851,23600,,
9772256,30,2026-09-24,4851,23600,,
9772256,31,2026-09-24,4851,23600,,
9772256,32,2026-09-24,4851,23600,,
9772256,33,2026-09-24,4851,23600,,
9772256,34,2026-09-24,4851,23600,,
9772256,57,2026-09-24,4851,23600,,
9772256,58,2026-09-24,4851,23600,,
9772256,89,2026-09-24,4851,23600,,
207833,29,2026-12-13,4185,27848,,
207833,29,2026-12-14,4185,27848,,
207833,30,2026-12-13,4185,27848,,
207833,30,2026-12-14,4185,27848,,
207833,31,2026-12-13,4185,27848,,
207833,31,2026-12-14,4185,27848,,
207833,32,2026-12-13,4185,27848,,
207833,32,2026-12-14,4185,27848,,
207833,33,2026-12-13,4185,27848,,
207833,33,2026-12-14,4185,27848,,
207833,34,2026-12-13,4185,27848,,
207833,34,2026-12-14,4185,27848,,
207833,57,2026-12-13,4185,27848,,
207833,57,2026-12-14,4185,27848,,
207833,58,2026-12-13,4185,27848,,
207833,58,2026-12-14,4185,27848,,
207833,89,2026-12-13,4185,27848,,
207833,89,2026-12-14,4185,27848,,
377366,42,2026-09-24,2807,23600,,
377366,43,2026-09-24,2807,23600,,
377366,44,2026-09-24,2807,23600,,
1075048,32,2026-12-13,1857,23600,,
1075048,32,2026-12-14,1857,23600,,
1075048,33,2026-12-13,1857,23600,,
1075048,33,2026-12-14,1857,23600,,
1075048,34,2026-12-13,1857,23600,,
1075048,34,2026-12-14,1857,23600,,
1104342,27,2026-09-22,2828,32861,,
1104342,27,2026-09-23,2828,32861,,
1104342,27,2026-09-24,2828,32861,,
1104342,27,2026-12-13,2828,32861,,
1104342,27,2026-12-14,2828,32861,,
1104342,28,2026-09-22,2828,32861,,
1104342,28,2026-09-23,2828,32861,,
1104342,28,2026-09-24,2828,32861,,
1104342,28,2026-12-13,2828,32861,,
1104342,28,2026-12-14,2828,32861,,
1115459,17,2026-09-15,1394,20000,,
1115459,18,2026-09-15,1394,20000,,
1115459,50,2026-09-15,1394,20000,,
1115459,87,2026-09-15,1394,20000,,
1126165,17,2026-12-13,1715,23600,,
1126165,17,2026-12-14,1715,23600,,
1126165,18,2026-12-13,1715,23600,,
1126165,18,2026-12-14,1715,23600,,
1126165,50,2026-12-13,1715,23600,,
1126165,50,2026-12-14,1715,23600,,
1126165,87,2026-12-13,1715,23600,,
1126165,87,2026-12-14,1715,23600,,
1126702,19,2027-09-15,2056,23600,,
1126702,20,2027-09-15,2056,23600,,
1126702,51,2027-09-15,2056,23600,,
1143227,17,2026-09-16,1277,23600,,
1143227,18,2026-09-16,1277,23600,,
1143227,19,2026-09-16,1277,23600,,
1143227,20,2026-09-16,1277,23600,,
1143227,50,2026-09-16,1277,23600,,
1143227,51,2026-09-16,1277,23600,,
1143227,87,2026-09-16,1277,23600,,
1147235,17,2026-09-16,1185,23600,,
1147235,18,2026-09-16,1185,23600,,
1147235,19,2026-09-16,1185,23600,,
1147235,20,2026-09-16,1185,23600,,
1147235,50,2026-09-16,1185,23600,,
1165642,21,2026-12-13,2240,23600,,
1165642,21,2026-12-14,2240,23600,,
1165642,22,2026-12-13,2240,23600,,
1165642,22,2026-12-14,2240,23600,,
1165642,39,2026-12-13,2240,23600,,
1165642,39,2026-12-14,2240,23600,,
1165642,83,2026-12-13,2240,23600,,
1165642,83,2026-12-14,2240,23600,,
1166122,29,2026-12-13,2441,23600,,
1166122,29,2026-12-14,2441,23600,,
1166122,30,2026-12-13,2441,23600,,
1166122,30,2026-12-14,2441,23600,,
1166122,31,2026-12-13,2441,23600,,
1166122,31,2026-12-14,2441,23600,,
1166122,32,2026-12-13,2441,23600,,
1166122,32,2026-12-14,2441,23600,,
1166122,33,2026-12-13,2441,23600,,
1166122,33,2026-12-14,2441,23600,,
1166122,34,2026-12-13,2441,23600,,
1166122,34,2026-12-14,2441,23600,,
1166122,57,2026-12-13,2441,23600,,
1166122,57,2026-12-14,2441,23600,,
1168316,17,2026-12-13,1714,23600,,
1168316,17,2026-12-14,1714,23600,,
1168316,18,2026-12-13,1714,23600,,
1168316,18,2026-12-14,1714,23600,,
1168316,50,2026-12-13,1714,23600,,
1168316,50,2026-12-14,1714,23600,,
1168316,87,2026-12-13,1714,23600,,
1168316,87,2026-12-14,1714,23600,,
1193381,29,2026-12-13,4669,23600,,
1193381,29,2026-12-14,4669,23600,,
1193381,30,2026-12-13,4669,23600,,
1193381,30,2026-12-14,4669,23600,,
1193381,31,2026-12-13,4669,23600,,
1193381,31,2026-12-14,4669,23600,,
1193381,32,2026-12-13,4669,23600,,
1193381,32,2026-12-14,4669,23600,,
1193381,33,2026-12-13,4669,23600,,
1193381,33,2026-12-14,4669,23600,,
1193381,34,2026-12-13,4669,23600,,
1193381,34,2026-12-14,4669,23600,,
1193381,57,2026-12-13,4669,23600,,
1193381,57,2026-12-14,4669,23600,,
1198531,19,2027-09-15,1439,23600,,
1198531,20,2027-09-15,1439,23600,,
1212498,17,2026-11-22,5520,23600,,
1212498,17,2026-11-23,5520,23600,,
1212498,17,2026-11-24,5520,23600,,
1212498,17,2026-11-25,5520,23600,,
1212498,17,2026-11-26,5520,23600,,
1212498,18,2026-11-22,5520,23600,,
1212498,18,2026-11-23,5520,23600,,
1212498,18,2026-11-24,5520,23600,,
1212498,18,2026-11-25,5520,23600,,
1212498,18,2026-11-26,5520,23600,,
1212498,19,2026-11-22,5589,23600,,
1212498,19,2026-11-23,5589,23600,,
1212498,19,2026-11-24,5589,23600,,
1212498,19,2026-11-25,5589,23600,,
1212498,19,2026-11-26,5589,23600,,
1212498,20,2026-11-22,5589,23600,,
1212498,20,2026-11-23,5589,23600,,
1212498,20,2026-11-24,5589,23600,,
1212498,20,2026-11-25,5589,23600,,
1212498,20,2026-11-26,5589,23600,,
1212498,21,2026-11-22,5658,23600,,
1212498,21,2026-11-23,5658,23600,,
1212498,21,2026-11-24,5658,23600,,
1212498,21,2026-11-25,5658,23600,,
1212498,21,2026-11-26,5658,23600,,
1212498,22,2026-11-22,5658,23600,,
1212498,22,2026-11-23,5658,23600,,
1212498,22,2026-11-24,5658,23600,,
1212498,22,2026-11-25,5658,23600,,
1212498,22,2026-11-26,5658,23600,,
1212498,39,2026-11-22,5658,23600,,
1212498,39,2026-11-23,5658,23600,,
1212498,39,2026-11-24,5658,23600,,
1212498,39,2026-11-25,5658,23600,,
1212498,39,2026-11-26,5658,23600,,
1212498,83,2026-11-22,5658,23600,,
1212498,83,2026-11-23,5658,23600,,
1212498,83,2026-11-24,5658,23600,,
1212498,83,2026-11-25,5658,23600,,
1212498,83,2026-11-26,5658,23600,,
1218072,21,2026-11-24,5949,23600,,
1218072,22,2026-11-24,5949,23600,,
1218072,23,2026-11-24,6069,23600,,
1218072,24,2026-11-24,6069,23600,,
1218072,27,2026-11-24,6483,23600,,
1218072,28,2026-11-24,6483,23600,,
1218072,39,2026-11-24,5949,23600,,
1218072,40,2026-11-24,6069,23600,,
1218072,83,2026-11-24,5949,23600,,
1226887,19,2026-12-13,1918,23600,,
1226887,19,2026-12-14,1918,23600,,
1226887,20,2026-12-13,1918,23600,,
1226887,20,2026-12-14,1918,23600,,
1226887,21,2026-12-13,1918,23600,,
1226887,21,2026-12-14,1918,23600,,
1226887,22,2026-12-13,1918,23600,,
1226887,22,2026-12-14,1918,23600,,
1226887,35,2026-11-21,4839,23600,,
1226887,36,2026-11-21,4839,23600,,
1226887,39,2026-12-13,1918,23600,,
1226887,39,2026-12-14,1918,23600,,
1226887,51,2026-12-13,1918,23600,,
1226887,51,2026-12-14,1918,23600,,
1226887,83,2026-12-13,1918,23600,,
1226887,83,2026-12-14,1918,23600,,
1229511,25,2026-12-12,2184,23600,,
1229511,26,2026-12-12,2184,23600,,
1231999,35,2026-09-20,2588,20000,,
1231999,35,2026-09-24,2588,20000,,
1231999,35,2026-12-13,2588,20000,,
1231999,35,2026-12-14,2588,20000,,
1231999,35,2027-09-15,2585,20000,,
1231999,36,2026-09-20,2588,20000,,
1231999,36,2026-09-24,2588,20000,,
1231999,36,2026-12-13,2588,20000,,
1231999,36,2026-12-14,2588,20000,,
1231999,36,2027-09-15,2585,20000,,
1231999,37,2026-09-20,2588,20000,,
1231999,37,2026-09-24,2588,20000,,
1231999,37,2026-12-13,2588,20000,,
1231999,37,2026-12-14,2588,20000,,
1231999,37,2027-09-15,2585,20000,,
1242203,27,2026-12-13,2274,23600,,
1242203,27,2026-12-14,2274,23600,,
1242203,28,2026-12-13,2274,23600,,
1242203,28,2026-12-14,2274,23600,,
1246851,21,2027-09-15,1929,23600,,
1246851,22,2027-09-15,1929,23600,,
1246851,39,2027-09-15,1929,23600,,
1246851,83,2027-09-15,1929,23600,,
1267636,21,2027-09-15,2044,23600,,
1267636,22,2027-09-15,2044,23600,,
1267636,23,2027-09-15,2113,23600,,
1267636,24,2027-09-15,2113,23600,,
1267636,39,2027-09-15,2044,23600,,
1269686,23,2026-09-20,1657,23600,,
1269686,24,2026-09-20,1657,23600,,
1269686,40,2026-09-20,1657,23600,,
1298362,19,2026-09-20,1869,23600,,
1298362,20,2026-09-20,1869,23600,,
1298362,51,2026-09-20,1869,23600,,
1307656,15,2026-09-23,921,23600,,
1307656,15,2026-09-24,921,23600,,
1307656,16,2026-09-23,921,23600,,
1307656,16,2026-09-24,921,23600,,
1307656,21,2026-09-22,1183,23600,,
1307656,21,2026-12-12,1368,23600,,
1307656,22,2026-09-22,1183,23600,,
1307656,22,2026-12-12,1368,23600,,
1307656,38,2026-09-23,921,23600,,
1307656,38,2026-09-24,921,23600,,
1307656,39,2026-09-22,1183,23600,,
1307656,39,2026-12-12,1368,23600,,
1307656,52,2026-09-23,921,23600,,
1307656,52,2026-09-24,921,23600,,
1307656,83,2026-09-22,1183,23600,,
1307656,83,2026-12-12,1368,23600,,
1324743,29,2026-12-12,3016,27848,,
1324743,30,2026-12-12,3016,27848,,
1324743,31,2026-12-12,3016,27848,,
1324743,32,2026-12-12,3137,27848,,
1324743,33,2026-12-12,3137,27848,,
1324743,34,2026-12-12,3137,27848,,
1324743,57,2026-12-12,3016,27848,,
1373375,25,2027-09-15,2528,23600,,
1373375,26,2027-09-15,2528,23600,,
1381105,19,2026-09-21,1479,23600,,
1381105,20,2026-09-21,1479,23600,,
1381105,23,2026-09-15,1885,23600,,
1381105,23,2026-09-16,1885,23600,,
1381105,23,2026-09-21,1770,23600,,
1381105,24,2026-09-15,1885,23600,,
1381105,24,2026-09-16,1885,23600,,
1381105,24,2026-09-21,1770,23600,,
1381105,40,2026-09-15,1885,23600,,
1381105,40,2026-09-16,1885,23600,,
1381105,40,2026-09-21,1770,23600,,
1386481,17,2026-09-21,1539,23600,,
1386481,18,2026-09-21,1539,23600,,
1386481,50,2026-09-21,1539,23600,,
1386481,87,2026-09-21,1539,23600,,
1396947,27,2026-12-13,3409,23600,,
1396947,27,2026-12-14,3409,23600,,
1396947,27,2027-09-15,3409,23600,,
1396947,28,2026-12-13,3409,23600,,
1396947,28,2026-12-14,3409,23600,,
1396947,28,2027-09-15,3409,23600,,
1396947,32,2026-12-13,3547,23600,,
1396947,32,2026-12-14,3547,23600,,
1396947,32,2027-09-15,3547,23600,,
1396947,33,2026-12-13,3547,23600,,
1396947,33,2026-12-14,3547,23600,,
1396947,33,2027-09-15,3547,23600,,
1396947,34,2026-12-13,3547,23600,,
1396947,34,2026-12-14,3547,23600,,
1396947,34,2027-09-15,3547,23600,,
1396947,35,2026-12-13,3892,23600,,
1396947,35,2026-12-14,3892,23600,,
1396947,35,2027-09-15,3892,23600,,
1396947,36,2026-12-13,3892,23600,,
1396947,36,2026-12-14,3892,23600,,
1396947,36,2027-09-15,3892,23600,,
1399581,27,2027-09-15,1507,27848,,
1399581,28,2027-09-15,1507,27848,,
1434999,17,2026-11-22,5520,23600,,
1434999,17,2026-11-23,5520,23600,,
1434999,17,2026-11-24,5520,23600,,
1434999,17,2026-11-25,5520,23600,,
1434999,17,2026-11-26,5520,23600,,
1434999,18,2026-11-22,5520,23600,,
1434999,18,2026-11-23,5520,23600,,
1434999,18,2026-11-24,5520,23600,,
1434999,18,2026-11-25,5520,23600,,
1434999,18,2026-11-26,5520,23600,,
1434999,19,2026-11-22,5658,23600,,
1434999,19,2026-11-23,5658,23600,,
1434999,19,2026-11-24,5658,23600,,
1434999,19,2026-11-25,5658,23600,,
1434999,19,2026-11-26,5658,23600,,
1434999,20,2026-11-22,5658,23600,,
1434999,20,2026-11-23,5658,23600,,
1434999,20,2026-11-24,5658,23600,,
1434999,20,2026-11-25,5658,23600,,
1434999,20,2026-11-26,5658,23600,,
1434999,21,2026-11-22,5727,23600,,
1434999,21,2026-11-23,5727,23600,,
1434999,21,2026-11-24,5727,23600,,
1434999,21,2026-11-25,5727,23600,,
1434999,21,2026-11-26,5727,23600,,
1434999,22,2026-11-22,5727,23600,,
1434999,22,2026-11-23,5727,23600,,
1434999,22,2026-11-24,5727,23600,,
1434999,22,2026-11-25,5727,23600,,
1434999,22,2026-11-26,5727,23600,,
1434999,23,2026-11-22,5900,23600,,
1434999,23,2026-11-23,5900,23600,,
1434999,23,2026-11-24,5900,23600,,
1434999,23,2026-11-25,5900,23600,,
1434999,23,2026-11-26,5900,23600,,
1434999,24,2026-11-22,5900,23600,,
1434999,24,2026-11-23,5900,23600,,
1434999,24,2026-11-24,5900,23600,,
1434999,24,2026-11-25,5900,23600,,
1434999,24,2026-11-26,5900,23600,,
1434999,25,2026-11-22,5900,23600,,
1434999,25,2026-11-23,5900,23600,,
1434999,25,2026-11-24,5900,23600,,
1434999,25,2026-11-25,5900,23600,,
1434999,25,2026-11-26,5900,23600,,
1434999,26,2026-11-22,5900,23600,,
1434999,26,2026-11-23,5900,23600,,
1434999,26,2026-11-24,5900,23600,,
1434999,26,2026-11-25,5900,23600,,
1434999,26,2026-11-26,5900,23600,,
1434999,39,2026-11-22,5727,23600,,
1434999,39,2026-11-23,5727,23600,,
1434999,39,2026-11-24,5727,23600,,
1434999,39,2026-11-25,5727,23600,,
1434999,39,2026-11-26,5727,23600,,
1434999,40,2026-11-22,5900,23600,,
1434999,40,2026-11-23,5900,23600,,
1434999,40,2026-11-24,5900,23600,,
1434999,40,2026-11-25,5900,23600,,
1434999,40,2026-11-26,5900,23600,,
1434999,50,2026-11-22,5520,23600,,
1434999,50,2026-11-23,5520,23600,,
1434999,50,2026-11-24,5520,23600,,
1434999,50,2026-11-25,5520,23600,,
1434999,50,2026-11-26,5520,23600,,
1434999,51,2026-11-22,5658,23600,,
1434999,51,2026-11-23,5658,23600,,
1434999,51,2026-11-24,5658,23600,,
1434999,51,2026-11-25,5658,23600,,
1434999,51,2026-11-26,5658,23600,,
1434999,83,2026-11-22,5727,23600,,
1434999,83,2026-11-23,5727,23600,,
1434999,83,2026-11-24,5727,23600,,
1434999,83,2026-11-25,5727,23600,,
1434999,83,2026-11-26,5727,23600,,
1434999,87,2026-11-22,5520,23600,,
1434999,87,2026-11-23,5520,23600,,
1434999,87,2026-11-24,5520,23600,,
1434999,87,2026-11-25,5520,23600,,
1434999,87,2026-11-26,5520,23600,,
1435465,23,2026-11-22,6278,23600,,
1435465,23,2026-11-23,6278,23600,,
1435465,23,2026-11-24,6278,23600,,
1435465,23,2026-11-25,6278,23600,,
1435465,23,2026-11-26,6278,23600,,
1435465,24,2026-11-22,6278,23600,,
1435465,24,2026-11-23,6278,23600,,
1435465,24,2026-11-24,6278,23600,,
1435465,24,2026-11-25,6278,23600,,
1435465,24,2026-11-26,6278,23600,,
1435465,27,2026-11-22,6623,23600,,
1435465,27,2026-11-23,6623,23600,,
1435465,27,2026-11-24,6623,23600,,
1435465,27,2026-11-25,6623,23600,,
1435465,27,2026-11-26,6623,23600,,
1435465,28,2026-11-22,6623,23600,,
1435465,28,2026-11-23,6623,23600,,
1435465,28,2026-11-24,6623,23600,,
1435465,28,2026-11-25,6623,23600,,
1435465,28,2026-11-26,6623,23600,,
1435465,40,2026-11-22,6278,23600,,
1435465,40,2026-11-23,6278,23600,,
1435465,40,2026-11-24,6278,23600,,
1435465,40,2026-11-25,6278,23600,,
1435465,40,2026-11-26,6278,23600,,
1441289,23,2026-09-15,3138,23600,,
1441289,24,2026-09-15,3138,23600,,
1441289,29,2026-09-15,3138,23600,,
1441289,30,2026-09-15,3138,23600,,
1441289,31,2026-09-15,3138,23600,,
1441289,40,2026-09-15,3138,23600,,
1441289,57,2026-09-15,3138,23600,,
1441289,89,2026-09-15,3138,23600,,
1446075,23,2026-09-15,2705,23600,,
1446075,24,2026-09-15,2705,23600,,
1446075,40,2026-09-15,2705,23600,,
1456807,35,2026-12-12,2679,23600,,
1456807,36,2026-12-12,2679,23600,,
1462197,29,2026-12-13,2386,23600,,
1462197,29,2026-12-14,2386,23600,,
1462197,30,2026-12-13,2386,23600,,
1462197,30,2026-12-14,2386,23600,,
1462197,31,2026-12-13,2386,23600,,
1462197,31,2026-12-14,2386,23600,,
1462197,57,2026-12-13,2386,23600,,
1462197,57,2026-12-14,2386,23600,,
1462197,89,2026-12-13,2386,23600,,
1462197,89,2026-12-14,2386,23600,,
1483392,17,2026-12-13,2157,27848,,
1483392,17,2026-12-14,2157,27848,,
1483392,18,2026-12-13,2157,27848,,
1483392,18,2026-12-14,2157,27848,,
1483392,19,2026-12-13,2295,27848,,
1483392,19,2026-12-14,2295,27848,,
1483392,20,2026-12-13,2295,27848,,
1483392,20,2026-12-14,2295,27848,,
1483392,50,2026-12-13,2157,27848,,
1483392,50,2026-12-14,2157,27848,,
1483392,51,2026-12-13,2295,27848,,
1483392,51,2026-12-14,2295,27848,,
1483392,87,2026-12-13,2157,27848,,
1483392,87,2026-12-14,2157,27848,,
1484845,27,2027-09-15,2274,23600,,
1484845,28,2027-09-15,2274,23600,,
1507731,16,2026-12-13,1480,23600,,
1507731,16,2026-12-14,1480,23600,,
1507731,52,2026-12-13,1480,23600,,
1507731,52,2026-12-14,1480,23600,,
1512203,23,2026-09-24,1752,23600,,
1512203,24,2026-09-24,1752,23600,,
1512203,40,2026-09-24,1752,23600,,
1516017,29,2026-09-19,2270,23600,,
1516017,30,2026-09-19,2270,23600,,
1516017,31,2026-09-19,2270,23600,,
1516017,57,2026-09-19,2270,23600,,
1547096,25,2027-09-15,1734,20000,,
1547096,26,2027-09-15,1734,20000,,
1555580,25,2026-10-16,2163,23600,,
1555580,26,2026-10-16,2163,23600,,
1556414,17,2026-09-24,1411,20000,,
1556414,17,2027-09-15,1419,20000,,
1556414,18,2026-09-24,1411,20000,,
1556414,18,2027-09-15,1419,20000,,
1556414,50,2026-09-24,1411,20000,,
1556414,50,2027-09-15,1419,20000,,
1591753,21,2026-09-20,1708,23600,,
1591753,22,2026-09-20,1708,23600,,
1591753,39,2026-09-20,1708,23600,,
1591753,83,2026-09-20,1708,23600,,
1596319,17,2026-09-20,2143,27848,,
1596319,17,2026-09-24,2143,27848,,
1596319,17,2026-12-13,2143,27848,,
1596319,17,2026-12-14,2143,27848,,
1596319,17,2027-09-15,2143,27848,,
1596319,18,2026-09-20,2143,27848,,
1596319,18,2026-09-24,2143,27848,,
1596319,18,2026-12-13,2143,27848,,
1596319,18,2026-12-14,2143,27848,,
1596319,18,2027-09-15,2143,27848,,
1596319,23,2026-09-20,2557,27848,,
1596319,23,2026-09-24,2557,27848,,
1596319,23,2026-12-13,2557,27848,,
1596319,23,2026-12-14,2557,27848,,
1596319,23,2027-09-15,2557,27848,,
1596319,24,2026-09-20,2557,27848,,
1596319,24,2026-09-24,2557,27848,,
1596319,24,2026-12-13,2557,27848,,
1596319,24,2026-12-14,2557,27848,,
1596319,24,2027-09-15,2557,27848,,
1596319,40,2026-09-20,2557,27848,,
1596319,40,2026-09-24,2557,27848,,
1596319,40,2026-12-13,2557,27848,,
1596319,40,2026-12-14,2557,27848,,
1596319,40,2027-09-15,2557,27848,,
1596319,50,2026-09-20,2143,27848,,
1596319,50,2026-09-24,2143,27848,,
1596319,50,2026-12-13,2143,27848,,
1596319,50,2026-12-14,2143,27848,,
1596319,50,2027-09-15,2143,27848,,
1596742,23,2026-09-20,1663,23600,,
1596742,24,2026-09-20,1663,23600,,
1596742,40,2026-09-20,1663,23600,,
1597119,25,2027-09-15,1837,23600,,
1597119,26,2027-09-15,1837,23600,,
1597226,23,2026-09-20,2357,23600,,
1597226,24,2026-09-20,2357,23600,,
1603145,23,2026-09-21,1670,23600,,
1603145,23,2026-09-22,1670,23600,,
1603145,24,2026-09-21,1670,23600,,
1603145,24,2026-09-22,1670,23600,,
1603145,27,2026-09-23,1955,23600,,
1603145,28,2026-09-23,1955,23600,,
1603145,40,2026-09-21,1670,23600,,
1603145,40,2026-09-22,1670,23600,,
1609002,23,2026-12-13,2442,23600,,
1609002,23,2026-12-14,2442,23600,,
1609002,24,2026-12-13,2442,23600,,
1609002,24,2026-12-14,2442,23600,,
1609002,40,2026-12-13,2442,23600,,
1609002,40,2026-12-14,2442,23600,,
1614818,21,2026-12-01,1999,20000,,
1614818,21,2026-12-02,1999,20000,,
1614818,21,2026-12-03,1999,20000,,
1614818,21,2026-12-06,1999,20000,,
1614818,21,2026-12-07,1999,20000,,
1614818,21,2026-12-08,1999,20000,,
1614818,21,2026-12-09,1999,20000,,
1614818,21,2026-12-10,1999,20000,,
1614818,21,2026-12-13,1999,20000,,
1614818,21,2026-12-14,1999,20000,,
1614818,22,2026-12-01,1999,20000,,
1614818,22,2026-12-02,1999,20000,,
1614818,22,2026-12-03,1999,20000,,
1614818,22,2026-12-06,1999,20000,,
1614818,22,2026-12-07,1999,20000,,
1614818,22,2026-12-08,1999,20000,,
1614818,22,2026-12-09,1999,20000,,
1614818,22,2026-12-10,1999,20000,,
1614818,22,2026-12-13,1999,20000,,
1614818,22,2026-12-14,1999,20000,,
1614818,27,2026-11-20,2518,20000,,
1614818,27,2026-11-21,2518,20000,,
1614818,28,2026-11-20,2518,20000,,
1614818,28,2026-11-21,2518,20000,,
1614818,29,2026-11-20,2656,20000,,
1614818,29,2026-11-21,2656,20000,,
1614818,30,2026-11-20,2656,20000,,
1614818,30,2026-11-21,2656,20000,,
1614818,31,2026-11-20,2656,20000,,
1614818,31,2026-11-21,2656,20000,,
1614818,39,2026-12-01,1999,20000,,
1614818,39,2026-12-02,1999,20000,,
1614818,39,2026-12-03,1999,20000,,
1614818,39,2026-12-06,1999,20000,,
1614818,39,2026-12-07,1999,20000,,
1614818,39,2026-12-08,1999,20000,,
1614818,39,2026-12-09,1999,20000,,
1614818,39,2026-12-10,1999,20000,,
1614818,39,2026-12-13,1999,20000,,
1614818,39,2026-12-14,1999,20000,,
1614818,57,2026-11-20,2656,20000,,
1614818,57,2026-11-21,2656,20000,,
1614818,83,2026-12-01,1999,20000,,
1614818,83,2026-12-02,1999,20000,,
1614818,83,2026-12-03,1999,20000,,
1614818,83,2026-12-06,1999,20000,,
1614818,83,2026-12-07,1999,20000,,
1614818,83,2026-12-08,1999,20000,,
1614818,83,2026-12-09,1999,20000,,
1614818,83,2026-12-10,1999,20000,,
1614818,83,2026-12-13,1999,20000,,
1614818,83,2026-12-14,1999,20000,,
1614818,89,2026-11-20,2656,20000,,
1614818,89,2026-11-21,2656,20000,,
1617471,17,2026-12-13,1820,23600,,
1617471,17,2026-12-14,1820,23600,,
1617471,18,2026-12-13,1820,23600,,
1617471,18,2026-12-14,1820,23600,,
1702720,17,2026-12-12,2602,23600,,
1702720,18,2026-12-12,2602,23600,,
1702720,19,2026-12-12,2602,23600,,
1702720,20,2026-12-12,2602,23600,,
1702720,27,2026-12-13,3331,23600,,
1702720,27,2026-12-14,3331,23600,,
1702720,28,2026-12-13,3331,23600,,
1702720,28,2026-12-14,3331,23600,,
1702720,32,2026-12-13,3193,23600,,
1702720,32,2026-12-14,3193,23600,,
1702720,33,2026-12-13,3193,23600,,
1702720,33,2026-12-14,3193,23600,,
1702720,34,2026-12-13,3193,23600,,
1702720,34,2026-12-14,3193,23600,,
1702720,50,2026-12-12,2602,23600,,
1755459,17,2026-10-16,4291,23600,,
1755459,17,2026-10-17,4291,23600,,
1755459,17,2026-10-18,4291,23600,,
1755459,17,2026-10-19,4291,23600,,
1755459,17,2026-10-20,4291,23600,,
1755459,17,2026-10-21,4291,23600,,
1755459,17,2026-10-22,4291,23600,,
1755459,17,2026-10-23,4291,23600,,
1755459,18,2026-10-16,4291,23600,,
1755459,18,2026-10-17,4291,23600,,
1755459,18,2026-10-18,4291,23600,,
1755459,18,2026-10-19,4291,23600,,
1755459,18,2026-10-20,4291,23600,,
1755459,18,2026-10-21,4291,23600,,
1755459,18,2026-10-22,4291,23600,,
1755459,18,2026-10-23,4291,23600,,
1755459,50,2026-10-16,4291,23600,,
1755459,50,2026-10-17,4291,23600,,
1755459,50,2026-10-18,4291,23600,,
1755459,50,2026-10-19,4291,23600,,
1755459,50,2026-10-20,4291,23600,,
1755459,50,2026-10-21,4291,23600,,
1755459,50,2026-10-22,4291,23600,,
1755459,50,2026-10-23,4291,23600,,
1755459,87,2026-10-16,4291,23600,,
1755459,87,2026-10-17,4291,23600,,
1755459,87,2026-10-18,4291,23600,,
1755459,87,2026-10-19,4291,23600,,
1755459,87,2026-10-20,4291,23600,,
1755459,87,2026-10-21,4291,23600,,
1755459,87,2026-10-22,4291,23600,,
1755459,87,2026-10-23,4291,23600,,
1759184,15,2026-10-16,4278,23600,,
1759184,15,2026-10-17,4278,23600,,
1759184,15,2026-10-18,4278,23600,,
1759184,15,2026-10-19,4278,23600,,
1759184,15,2026-10-20,4278,23600,,
1759184,15,2026-10-21,4278,23600,,
1759184,15,2026-10-22,4278,23600,,
1759184,15,2026-10-23,4278,23600,,
1759184,15,2026-10-24,4278,23600,,
1759184,16,2026-10-16,4382,23600,,
1759184,16,2026-10-17,4382,23600,,
1759184,16,2026-10-18,4382,23600,,
1759184,16,2026-10-19,4382,23600,,
1759184,16,2026-10-20,4382,23600,,
1759184,16,2026-10-21,4382,23600,,
1759184,16,2026-10-22,4382,23600,,
1759184,16,2026-10-23,4382,23600,,
1759184,16,2026-10-24,4382,23600,,
1759184,38,2026-10-16,4278,23600,,
1759184,38,2026-10-17,4278,23600,,
1759184,38,2026-10-18,4278,23600,,
1759184,38,2026-10-19,4278,23600,,
1759184,38,2026-10-20,4278,23600,,
1759184,38,2026-10-21,4278,23600,,
1759184,38,2026-10-22,4278,23600,,
1759184,38,2026-10-23,4278,23600,,
1759184,38,2026-10-24,4278,23600,,
1809628,42,2027-09-13,2553,23600,,
1809628,42,2027-09-14,2553,23600,,
1809628,43,2027-09-13,2553,23600,,
1809628,43,2027-09-14,2553,23600,,
1809628,45,2027-09-13,2381,23600,,
1809628,45,2027-09-14,2381,23600,,
1809628,46,2027-09-13,2381,23600,,
1809628,46,2027-09-14,2381,23600,,
1873520,25,2026-09-22,1650,23600,,
1873520,25,2026-09-23,1650,23600,,
1873520,26,2026-09-22,1650,23600,,
1873520,26,2026-09-23,1650,23600,,
1892583,17,2026-12-12,1347,20000,,
1892583,18,2026-12-12,1347,20000,,
1892583,50,2026-12-12,1347,20000,,
1912757,19,2026-09-23,1062,23600,,
1912757,20,2026-09-23,1062,23600,,
1912757,23,2026-12-13,1628,23600,,
1912757,23,2026-12-14,1628,23600,,
1912757,24,2026-12-13,1628,23600,,
1912757,24,2026-12-14,1628,23600,,
1912757,40,2026-12-13,1628,23600,,
1912757,40,2026-12-14,1628,23600,,
2018949,25,2026-12-12,1748,23600,,
2018949,26,2026-12-12,1748,23600,,
2024299,17,2026-12-13,2088,23600,,
2024299,17,2026-12-14,2088,23600,,
2024299,18,2026-12-13,2088,23600,,
2024299,18,2026-12-14,2088,23600,,
2024299,19,2026-12-13,2088,23600,,
2024299,19,2026-12-14,2088,23600,,
2024299,20,2026-12-13,2088,23600,,
2024299,20,2026-12-14,2088,23600,,
2024299,50,2026-12-13,2088,23600,,
2024299,50,2026-12-14,2088,23600,,
2024578,23,2027-09-15,1760,20000,,
2024578,24,2027-09-15,1760,20000,,
2026607,23,2026-12-13,2459,20000,,
2026607,23,2026-12-14,2459,20000,,
2026607,24,2026-12-13,2459,20000,,
2026607,24,2026-12-14,2459,20000,,
2026607,29,2026-12-13,2459,20000,,
2026607,29,2026-12-14,2459,20000,,
2026607,30,2026-12-13,2459,20000,,
2026607,30,2026-12-14,2459,20000,,
2026607,31,2026-12-13,2459,20000,,
2026607,31,2026-12-14,2459,20000,,
2026607,32,2026-12-13,2597,20000,,
2026607,32,2026-12-14,2597,20000,,
2026607,33,2026-12-13,2597,20000,,
2026607,33,2026-12-14,2597,20000,,
2026607,34,2026-12-13,2597,20000,,
2026607,34,2026-12-14,2597,20000,,
2026607,40,2026-12-13,2459,20000,,
2026607,40,2026-12-14,2459,20000,,
2026607,57,2026-12-13,2459,20000,,
2026607,57,2026-12-14,2459,20000,,
2026607,58,2026-12-13,2597,20000,,
2026607,58,2026-12-14,2597,20000,,
2026607,89,2026-12-13,2459,20000,,
2026607,89,2026-12-14,2459,20000,,
2033589,27,2026-12-13,2959,23600,,
2033589,27,2026-12-14,2959,23600,,
2033589,28,2026-12-13,2959,23600,,
2033589,28,2026-12-14,2959,23600,,
2051467,19,2026-09-22,1114,20000,,
2051467,19,2026-09-23,1114,20000,,
2051467,20,2026-09-22,1114,20000,,
2051467,20,2026-09-23,1114,20000,,
2051467,25,2026-09-21,1393,20000,,
2051467,25,2026-09-22,1390,20000,,
2051467,25,2026-09-23,1390,20000,,
2051467,26,2026-09-21,1393,20000,,
2051467,26,2026-09-22,1390,20000,,
2051467,26,2026-09-23,1390,20000,,
2051467,51,2026-09-22,1114,20000,,
2051467,51,2026-09-23,1114,20000,,
2066561,21,2026-09-21,1620,27848,,
2066561,22,2026-09-21,1620,27848,,
2066561,23,2026-09-21,1620,27848,,
2066561,24,2026-09-21,1620,27848,,
2066561,27,2026-12-13,2453,27848,,
2066561,27,2026-12-14,2453,27848,,
2066561,28,2026-12-13,2453,27848,,
2066561,28,2026-12-14,2453,27848,,
2066561,35,2026-12-13,3212,27848,,
2066561,35,2026-12-14,3212,27848,,
2066561,36,2026-12-13,3212,27848,,
2066561,36,2026-12-14,3212,27848,,
2066561,39,2026-09-21,1620,27848,,
2066561,40,2026-09-21,1620,27848,,
2066561,83,2026-09-21,1620,27848,,
2077421,17,2026-09-24,1305,23600,,
2077421,18,2026-09-24,1305,23600,,
2077421,50,2026-09-24,1305,23600,,
2089527,27,2026-12-12,2057,23600,,
2089527,28,2026-12-12,2057,23600,,
3006134,21,2026-12-01,1617,23600,,
3006134,21,2026-12-07,1617,23600,,
3006134,21,2026-12-08,1617,23600,,
3006134,21,2026-12-09,1617,23600,,
3006134,21,2026-12-10,1617,23600,,
3006134,21,2026-12-13,1617,23600,,
3006134,21,2026-12-14,1617,23600,,
3006134,22,2026-12-01,1617,23600,,
3006134,22,2026-12-07,1617,23600,,
3006134,22,2026-12-08,1617,23600,,
3006134,22,2026-12-09,1617,23600,,
3006134,22,2026-12-10,1617,23600,,
3006134,22,2026-12-13,1617,23600,,
3006134,22,2026-12-14,1617,23600,,
3006134,27,2026-11-18,2169,23600,,
3006134,27,2026-11-19,2169,23600,,
3006134,27,2026-11-22,2169,23600,,
3006134,27,2026-11-23,2169,23600,,
3006134,27,2026-11-29,2169,23600,,
3006134,27,2026-11-30,2169,23600,,
3006134,28,2026-11-18,2169,23600,,
3006134,28,2026-11-19,2169,23600,,
3006134,28,2026-11-22,2169,23600,,
3006134,28,2026-11-23,2169,23600,,
3006134,28,2026-11-29,2169,23600,,
3006134,28,2026-11-30,2169,23600,,
3006134,32,2026-11-18,2272,23600,,
3006134,32,2026-11-19,2272,23600,,
3006134,32,2026-11-22,2272,23600,,
3006134,32,2026-11-23,2272,23600,,
3006134,32,2026-11-29,2272,23600,,
3006134,32,2026-11-30,2272,23600,,
3006134,33,2026-11-18,2272,23600,,
3006134,33,2026-11-19,2272,23600,,
3006134,33,2026-11-22,2272,23600,,
3006134,33,2026-11-23,2272,23600,,
3006134,33,2026-11-29,2272,23600,,
3006134,33,2026-11-30,2272,23600,,
3006134,34,2026-11-18,2272,23600,,
3006134,34,2026-11-19,2272,23600,,
3006134,34,2026-11-22,2272,23600,,
3006134,34,2026-11-23,2272,23600,,
3006134,34,2026-11-29,2272,23600,,
3006134,34,2026-11-30,2272,23600,,
3006134,39,2026-12-01,1617,23600,,
3006134,39,2026-12-07,1617,23600,,
3006134,39,2026-12-08,1617,23600,,
3006134,39,2026-12-09,1617,23600,,
3006134,39,2026-12-10,1617,23600,,
3006134,39,2026-12-13,1617,23600,,
3006134,39,2026-12-14,1617,23600,,
3006134,58,2026-11-18,2272,23600,,
3006134,58,2026-11-19,2272,23600,,
3006134,58,2026-11-22,2272,23600,,
3006134,58,2026-11-23,2272,23600,,
3006134,58,2026-11-29,2272,23600,,
3006134,58,2026-11-30,2272,23600,,
3006134,83,2026-12-01,1617,23600,,
3006134,83,2026-12-07,1617,23600,,
3006134,83,2026-12-08,1617,23600,,
3006134,83,2026-12-09,1617,23600,,
3006134,83,2026-12-10,1617,23600,,
3006134,83,2026-12-13,1617,23600,,
3006134,83,2026-12-14,1617,23600,,
3721182,25,2026-12-13,1603,23600,,
3721182,25,2026-12-14,1603,23600,,
3721182,25,2027-09-15,1603,23600,,
3721182,26,2026-12-13,1603,23600,,
3721182,26,2026-12-14,1603,23600,,
3721182,26,2027-09-15,1603,23600,,
4476459,35,2026-12-12,3303,23600,,
4476459,36,2026-12-12,3303,23600,,
8459601,21,2026-12-14,3559,23600,,
8459601,22,2026-12-14,3559,23600,,
8459601,39,2026-12-14,3559,23600,,
8459601,83,2026-12-14,3559,23600,,
9772256,17,2027-09-15,2847,23600,,
9772256,18,2027-09-15,2847,23600,,
9772256,19,2027-09-15,2847,23600,,
9772256,20,2027-09-15,2847,23600,,
9772256,25,2026-09-24,4023,23600,,
9772256,26,2026-09-24,4023,23600,,
9772256,27,2026-09-24,4230,23600,,
9772256,28,2026-09-24,4230,23600,,
9772256,50,2027-09-15,2847,23600,,
9772256,51,2027-09-15,2847,23600,,
9772256,87,2027-09-15,2847,23600,,
1075048,29,2026-12-13,1719,23600,,
1075048,29,2026-12-14,1719,23600,,
1075048,30,2026-12-13,1719,23600,,
1075048,30,2026-12-14,1719,23600,,
1075048,31,2026-12-13,1719,23600,,
1075048,31,2026-12-14,1719,23600,,
1075048,57,2026-12-13,1719,23600,,
1075048,57,2026-12-14,1719,23600,,
1104841,17,2026-09-21,810,27848,,
1104841,17,2026-09-22,810,27848,,
1104841,17,2026-09-24,810,27848,,
1104841,18,2026-09-21,810,27848,,
1104841,18,2026-09-22,810,27848,,
1104841,18,2026-09-24,810,27848,,
1104841,19,2026-09-21,810,27848,,
1104841,19,2026-09-22,810,27848,,
1104841,19,2026-09-24,810,27848,,
1104841,20,2026-09-21,810,27848,,
1104841,20,2026-09-22,810,27848,,
1104841,20,2026-09-24,810,27848,,
1104841,50,2026-09-21,810,27848,,
1104841,50,2026-09-22,810,27848,,
1104841,50,2026-09-24,810,27848,,
1104841,51,2026-09-21,810,27848,,
1104841,51,2026-09-22,810,27848,,
1104841,51,2026-09-24,810,27848,,
1104841,87,2026-09-21,810,27848,,
1104841,87,2026-09-22,810,27848,,
1104841,87,2026-09-24,810,27848,,
1115459,16,2026-09-15,1118,20000,,
1115459,19,2026-09-22,1463,20000,,
1115459,20,2026-09-22,1463,20000,,
1115459,25,2026-09-15,1739,20000,,
1115459,26,2026-09-15,1739,20000,,
1115459,51,2026-09-22,1463,20000,,
1115459,52,2026-09-15,1118,20000,,
1125927,35,2026-12-13,2015,23600,,
1125927,35,2026-12-14,2015,23600,,
1125927,36,2026-12-13,2015,23600,,
1125927,36,2026-12-14,2015,23600,,
1125927,37,2026-12-13,2015,23600,,
1125927,37,2026-12-14,2015,23600,,
1125927,59,2026-12-13,2015,23600,,
1125927,59,2026-12-14,2015,23600,,
1126165,25,2026-12-13,2060,23600,,
1126165,25,2026-12-14,2060,23600,,
1126165,26,2026-12-13,2060,23600,,
1126165,26,2026-12-14,2060,23600,,
1165642,17,2026-12-13,1757,23600,,
1165642,17,2026-12-14,1757,23600,,
1165642,18,2026-12-13,1757,23600,,
1165642,18,2026-12-14,1757,23600,,
1165642,19,2026-12-13,1929,23600,,
1165642,19,2026-12-14,1929,23600,,
1165642,20,2026-12-13,1929,23600,,
1165642,20,2026-12-14,1929,23600,,
1165642,50,2026-12-13,1757,23600,,
1165642,50,2026-12-14,1757,23600,,
1166122,21,2026-12-13,2048,23600,,
1166122,21,2026-12-14,2048,23600,,
1166122,22,2026-12-13,2048,23600,,
1166122,22,2026-12-14,2048,23600,,
1166122,23,2026-12-13,2048,23600,,
1166122,23,2026-12-14,2048,23600,,
1166122,24,2026-12-13,2048,23600,,
1166122,24,2026-12-14,2048,23600,,
1166122,39,2026-12-13,2048,23600,,
1166122,39,2026-12-14,2048,23600,,
1166122,40,2026-12-13,2048,23600,,
1166122,40,2026-12-14,2048,23600,,
1166122,83,2026-12-13,2048,23600,,
1166122,83,2026-12-14,2048,23600,,
1212498,23,2026-11-22,5727,23600,,
1212498,23,2026-11-23,5727,23600,,
1212498,23,2026-11-24,5727,23600,,
1212498,23,2026-11-25,5727,23600,,
1212498,23,2026-11-26,5727,23600,,
1212498,24,2026-11-22,5727,23600,,
1212498,24,2026-11-23,5727,23600,,
1212498,24,2026-11-24,5727,23600,,
1212498,24,2026-11-25,5727,23600,,
1212498,24,2026-11-26,5727,23600,,
1212498,40,2026-11-22,5727,23600,,
1212498,40,2026-11-23,5727,23600,,
1212498,40,2026-11-24,5727,23600,,
1212498,40,2026-11-25,5727,23600,,
1212498,40,2026-11-26,5727,23600,,
1218072,17,2026-11-24,5466,23600,,
1218072,18,2026-11-24,5466,23600,,
1218072,19,2026-11-24,5569,23600,,
1218072,20,2026-11-24,5569,23600,,
1218072,21,2026-11-23,5882,23600,,
1218072,22,2026-11-23,5882,23600,,
1218072,23,2026-11-23,6003,23600,,
1218072,24,2026-11-23,6003,23600,,
1218072,25,2026-11-23,5848,23600,,
1218072,25,2026-11-24,5914,23600,,
1218072,26,2026-11-23,5848,23600,,
1218072,26,2026-11-24,5914,23600,,
1218072,27,2026-11-23,6417,23600,,
1218072,28,2026-11-23,6417,23600,,
1218072,39,2026-11-23,5882,23600,,
1218072,40,2026-11-23,6003,23600,,
1218072,50,2026-11-24,5466,23600,,
1218072,51,2026-11-24,5569,23600,,
1218072,83,2026-11-23,5882,23600,,
1218072,87,2026-11-24,5466,23600,,
1226887,17,2026-12-13,1711,23600,,
1226887,17,2026-12-14,1711,23600,,
1226887,18,2026-12-13,1711,23600,,
1226887,18,2026-12-14,1711,23600,,
1226887,29,2026-11-21,4218,23600,,
1226887,30,2026-11-21,4218,23600,,
1226887,31,2026-11-21,4218,23600,,
1226887,32,2026-11-21,4425,23600,,
1226887,33,2026-11-21,4425,23600,,
1226887,34,2026-11-21,4425,23600,,
1226887,50,2026-12-13,1711,23600,,
1226887,50,2026-12-14,1711,23600,,
1226887,57,2026-11-21,4218,23600,,
1226887,87,2026-12-13,1711,23600,,
1226887,87,2026-12-14,1711,23600,,
1229040,17,2026-09-21,1040,20000,,
1229040,17,2026-09-22,1040,20000,,
1229040,17,2026-09-23,1040,20000,,
1229040,17,2026-09-24,1040,20000,,
1229040,18,2026-09-21,1040,20000,,
1229040,18,2026-09-22,1040,20000,,
1229040,18,2026-09-23,1040,20000,,
1229040,18,2026-09-24,1040,20000,,
1229040,19,2026-09-21,1178,20000,,
1229040,19,2026-09-22,1178,20000,,
1229040,19,2026-09-23,1178,20000,,
1229040,19,2026-09-24,1178,20000,,
1229040,20,2026-09-21,1178,20000,,
1229040,20,2026-09-22,1178,20000,,
1229040,20,2026-09-23,1178,20000,,
1229040,20,2026-09-24,1178,20000,,
1229040,50,2026-09-21,1040,20000,,
1229040,50,2026-09-22,1040,20000,,
1229040,50,2026-09-23,1040,20000,,
1229040,50,2026-09-24,1040,20000,,
1229040,51,2026-09-21,1178,20000,,
1229040,51,2026-09-22,1178,20000,,
1229040,51,2026-09-23,1178,20000,,
1229040,51,2026-09-24,1178,20000,,
1229040,87,2026-09-21,1040,20000,,
1229040,87,2026-09-22,1040,20000,,
1229040,87,2026-09-23,1040,20000,,
1229040,87,2026-09-24,1040,20000,,
1229511,45,2026-09-24,2720,23600,,
1229511,46,2026-09-24,2720,23600,,
1234388,27,2027-09-15,2514,27848,,
1234388,28,2027-09-15,2514,27848,,
1246851,27,2027-09-15,2412,23600,,
1246851,28,2027-09-15,2412,23600,,
1247300,25,2027-09-15,1653,23600,,
1247300,26,2027-09-15,1653,23600,,
1265433,27,2026-09-20,2326,23600,,
1265433,28,2026-09-20,2326,23600,,
1269686,21,2026-09-20,1554,23600,,
1269686,22,2026-09-20,1554,23600,,
1269686,39,2026-09-20,1554,23600,,
1269686,83,2026-09-20,1554,23600,,
1295755,21,2026-09-20,2118,23600,,
1295755,22,2026-09-20,2118,23600,,
1295755,23,2026-09-20,2187,23600,,
1295755,24,2026-09-20,2187,23600,,
1295755,39,2026-09-20,2118,23600,,
1295755,40,2026-09-20,2187,23600,,
1295755,83,2026-09-20,2118,23600,,
1298362,17,2026-09-20,1731,23600,,
1298362,18,2026-09-20,1731,23600,,
1298362,50,2026-09-20,1731,23600,,
1298362,87,2026-09-20,1731,23600,,
1299383,25,2027-09-15,1423,23600,,
1299383,26,2027-09-15,1423,23600,,
1307656,17,2026-09-21,1010,23600,,
1307656,18,2026-09-21,1010,23600,,
1307656,19,2026-09-21,1010,23600,,
1307656,20,2026-09-21,1010,23600,,
1307656,21,2026-09-23,1163,23600,,
1307656,21,2026-09-24,1163,23600,,
1307656,22,2026-09-23,1163,23600,,
1307656,22,2026-09-24,1163,23600,,
1307656,23,2026-09-23,1232,23600,,
1307656,23,2026-09-24,1232,23600,,
1307656,24,2026-09-23,1232,23600,,
1307656,24,2026-09-24,1232,23600,,
1307656,25,2026-09-21,1010,23600,,
1307656,26,2026-09-21,1010,23600,,
1307656,39,2026-09-23,1163,23600,,
1307656,39,2026-09-24,1163,23600,,
1307656,40,2026-09-23,1232,23600,,
1307656,40,2026-09-24,1232,23600,,
1307656,50,2026-09-21,1010,23600,,
1307656,83,2026-09-23,1163,23600,,
1307656,83,2026-09-24,1163,23600,,
1324743,27,2026-12-12,2671,27848,,
1324743,28,2026-12-12,2671,27848,,
1336968,25,2026-12-13,2258,20000,,
1336968,25,2026-12-14,2258,20000,,
1336968,26,2026-12-13,2258,20000,,
1336968,26,2026-12-14,2258,20000,,
1374088,32,2027-09-15,2757,23600,,
1374088,33,2027-09-15,2757,23600,,
1374088,34,2027-09-15,2757,23600,,
1381105,17,2026-09-21,1410,23600,,
1381105,18,2026-09-21,1410,23600,,
1381105,21,2026-09-15,1816,23600,,
1381105,21,2026-09-16,1816,23600,,
1381105,21,2026-09-21,1701,23600,,
1381105,22,2026-09-15,1816,23600,,
1381105,22,2026-09-16,1816,23600,,
1381105,22,2026-09-21,1701,23600,,
1381105,39,2026-09-15,1816,23600,,
1381105,39,2026-09-16,1816,23600,,
1381105,39,2026-09-21,1701,23600,,
1381105,50,2026-09-21,1410,23600,,
1381105,83,2026-09-15,1816,23600,,
1381105,83,2026-09-16,1816,23600,,
1381105,83,2026-09-21,1701,23600,,
1394588,42,2026-12-12,2752,23600,,
1394588,43,2026-12-12,2752,23600,,
1396947,19,2026-12-13,3064,23600,,
1396947,19,2026-12-14,3064,23600,,
1396947,19,2027-09-15,3064,23600,,
1396947,20,2026-12-13,3064,23600,,
1396947,20,2026-12-14,3064,23600,,
1396947,20,2027-09-15,3064,23600,,
1396947,21,2026-12-13,2995,23600,,
1396947,21,2026-12-14,2995,23600,,
1396947,21,2027-09-15,2995,23600,,
1396947,22,2026-12-13,2995,23600,,
1396947,22,2026-12-14,2995,23600,,
1396947,22,2027-09-15,2995,23600,,
1396947,23,2026-12-13,3202,23600,,
1396947,23,2026-12-14,3202,23600,,
1396947,23,2027-09-15,3202,23600,,
1396947,24,2026-12-13,3202,23600,,
1396947,24,2026-12-14,3202,23600,,
1396947,24,2027-09-15,3202,23600,,
1396947,25,2026-12-13,3271,23600,,
1396947,25,2026-12-14,3271,23600,,
1396947,25,2027-09-15,3271,23600,,
1396947,26,2026-12-13,3271,23600,,
1396947,26,2026-12-14,3271,23600,,
1396947,26,2027-09-15,3271,23600,,
1396947,29,2026-12-13,3202,23600,,
1396947,29,2026-12-14,3202,23600,,
1396947,29,2027-09-15,3202,23600,,
1396947,30,2026-12-13,3202,23600,,
1396947,30,2026-12-14,3202,23600,,
1396947,30,2027-09-15,3202,23600,,
1396947,31,2026-12-13,3202,23600,,
1396947,31,2026-12-14,3202,23600,,
1396947,31,2027-09-15,3202,23600,,
1396947,39,2026-12-13,2995,23600,,
1396947,39,2026-12-14,2995,23600,,
1396947,39,2027-09-15,2995,23600,,
1396947,40,2026-12-13,3202,23600,,
1396947,40,2026-12-14,3202,23600,,
1396947,40,2027-09-15,3202,23600,,
1396947,51,2026-12-13,3064,23600,,
1396947,51,2026-12-14,3064,23600,,
1396947,51,2027-09-15,3064,23600,,
1396947,57,2026-12-13,3202,23600,,
1396947,57,2026-12-14,3202,23600,,
1396947,57,2027-09-15,3202,23600,,
1396947,83,2026-12-13,2995,23600,,
1396947,83,2026-12-14,2995,23600,,
1396947,83,2027-09-15,2995,23600,,
1435465,16,2026-11-22,5415,23600,,
1435465,16,2026-11-23,5415,23600,,
1435465,16,2026-11-24,5415,23600,,
1435465,16,2026-11-25,5415,23600,,
1435465,16,2026-11-26,5415,23600,,
1435465,21,2026-11-22,6140,23600,,
1435465,21,2026-11-23,6140,23600,,
1435465,21,2026-11-24,6140,23600,,
1435465,21,2026-11-25,6140,23600,,
1435465,21,2026-11-26,6140,23600,,
1435465,22,2026-11-22,6140,23600,,
1435465,22,2026-11-23,6140,23600,,
1435465,22,2026-11-24,6140,23600,,
1435465,22,2026-11-25,6140,23600,,
1435465,22,2026-11-26,6140,23600,,
1435465,39,2026-11-22,6140,23600,,
1435465,39,2026-11-23,6140,23600,,
1435465,39,2026-11-24,6140,23600,,
1435465,39,2026-11-25,6140,23600,,
1435465,39,2026-11-26,6140,23600,,
1435465,83,2026-11-22,6140,23600,,
1435465,83,2026-11-23,6140,23600,,
1435465,83,2026-11-24,6140,23600,,
1435465,83,2026-11-25,6140,23600,,
1435465,83,2026-11-26,6140,23600,,
1446075,21,2026-09-15,2532,23600,,
1446075,22,2026-09-15,2532,23600,,
1446075,39,2026-09-15,2532,23600,,
1446075,83,2026-09-15,2532,23600,,
1462197,21,2027-09-15,1792,23600,,
1462197,22,2027-09-15,1792,23600,,
1462197,23,2027-09-15,1895,23600,,
1462197,24,2027-09-15,1895,23600,,
1462197,39,2027-09-15,1792,23600,,
1462197,40,2027-09-15,1895,23600,,
1462197,83,2027-09-15,1792,23600,,
1475870,27,2027-09-15,2381,23600,,
1475870,28,2027-09-15,2381,23600,,
1486131,78,2027-09-15,1492,23600,,
1501649,25,2027-09-15,1905,20000,,
1501649,26,2027-09-15,1905,20000,,
1516017,23,2026-09-19,1891,23600,,
1516017,24,2026-09-19,1891,23600,,
1516017,40,2026-09-19,1891,23600,,
1531125,35,2026-11-15,2544,20000,,
1531125,35,2026-11-16,2544,20000,,
1531125,35,2026-11-20,2544,20000,,
1531125,35,2026-11-21,2544,20000,,
1531125,35,2026-11-24,2544,20000,,
1531125,35,2026-11-25,2544,20000,,
1531125,35,2026-11-26,2544,20000,,
1531125,35,2026-12-02,2544,20000,,
1531125,35,2026-12-03,2544,20000,,
1531125,35,2026-12-06,2544,20000,,
1531125,36,2026-11-15,2544,20000,,
1531125,36,2026-11-16,2544,20000,,
1531125,36,2026-11-20,2544,20000,,
1531125,36,2026-11-21,2544,20000,,
1531125,36,2026-11-24,2544,20000,,
1531125,36,2026-11-25,2544,20000,,
1531125,36,2026-11-26,2544,20000,,
1531125,36,2026-12-02,2544,20000,,
1531125,36,2026-12-03,2544,20000,,
1531125,36,2026-12-06,2544,20000,,
1535153,27,2026-11-27,2027,23600,,
1535153,27,2026-11-28,2027,23600,,
1535153,28,2026-11-27,2027,23600,,
1535153,28,2026-11-28,2027,23600,,
1581295,29,2026-12-13,2055,27848,,
1581295,29,2026-12-14,2055,27848,,
1581295,30,2026-12-13,2055,27848,,
1581295,30,2026-12-14,2055,27848,,
1581295,31,2026-12-13,2055,27848,,
1581295,31,2026-12-14,2055,27848,,
1581295,35,2026-12-13,2400,27848,,
1581295,35,2026-12-14,2400,27848,,
1581295,36,2026-12-13,2400,27848,,
1581295,36,2026-12-14,2400,27848,,
1591753,17,2026-09-20,1570,23600,,
1591753,18,2026-09-20,1570,23600,,
1591753,50,2026-09-20,1570,23600,,
1595502,35,2026-12-12,2495,23600,,
1595502,35,2026-12-13,2495,23600,,
1595502,36,2026-12-12,2495,23600,,
1595502,36,2026-12-13,2495,23600,,
1596319,32,2026-09-20,3040,27848,,
1596319,32,2026-09-24,3040,27848,,
1596319,32,2026-12-13,3040,27848,,
1596319,32,2026-12-14,3040,27848,,
1596319,33,2026-09-20,3040,27848,,
1596319,33,2026-09-24,3040,27848,,
1596319,33,2026-12-13,3040,27848,,
1596319,33,2026-12-14,3040,27848,,
1596319,34,2026-09-20,3040,27848,,
1596319,34,2026-09-24,3040,27848,,
1596319,34,2026-12-13,3040,27848,,
1596319,34,2026-12-14,3040,27848,,
1596742,21,2026-09-20,1560,23600,,
1596742,22,2026-09-20,1560,23600,,
1596742,39,2026-09-20,1560,23600,,
1596742,83,2026-09-20,1560,23600,,
1597226,19,2026-09-20,2219,23600,,
1597226,21,2026-09-20,2219,23600,,
1597226,22,2026-09-20,2219,23600,,
1597226,39,2026-09-20,2219,23600,,
1604662,29,2026-12-12,3053,20000,,
1604662,30,2026-12-12,3053,20000,,
1604662,31,2026-12-12,3053,20000,,
1604662,32,2026-12-12,3053,20000,,
1604662,33,2026-12-12,3053,20000,,
1604662,34,2026-12-12,3053,20000,,
1604662,57,2026-12-12,3053,20000,,
1609002,19,2026-12-13,2235,23600,,
1609002,19,2026-12-14,2235,23600,,
1609002,20,2026-12-13,2235,23600,,
1609002,20,2026-12-14,2235,23600,,
1614818,17,2026-11-29,1736,20000,,
1614818,17,2026-11-30,1736,20000,,
1614818,18,2026-11-29,1736,20000,,
1614818,18,2026-11-30,1736,20000,,
1614818,19,2026-12-01,1826,20000,,
1614818,19,2026-12-02,1826,20000,,
1614818,19,2026-12-03,1826,20000,,
1614818,19,2026-12-06,1826,20000,,
1614818,19,2026-12-07,1826,20000,,
1614818,19,2026-12-08,1826,20000,,
1614818,19,2026-12-09,1826,20000,,
1614818,19,2026-12-10,1826,20000,,
1614818,19,2026-12-13,1826,20000,,
1614818,19,2026-12-14,1826,20000,,
1614818,20,2026-12-01,1826,20000,,
1614818,20,2026-12-02,1826,20000,,
1614818,20,2026-12-03,1826,20000,,
1614818,20,2026-12-06,1826,20000,,
1614818,20,2026-12-07,1826,20000,,
1614818,20,2026-12-08,1826,20000,,
1614818,20,2026-12-09,1826,20000,,
1614818,20,2026-12-10,1826,20000,,
1614818,20,2026-12-13,1826,20000,,
1614818,20,2026-12-14,1826,20000,,
1614818,23,2026-11-17,2171,20000,,
1614818,23,2026-11-24,2171,20000,,
1614818,23,2026-11-25,2171,20000,,
1614818,23,2026-11-26,2171,20000,,
1614818,23,2026-12-04,2171,20000,,
1614818,23,2026-12-05,2171,20000,,
1614818,23,2026-12-11,2171,20000,,
1614818,23,2026-12-12,2171,20000,,
1614818,24,2026-11-17,2171,20000,,
1614818,24,2026-11-24,2171,20000,,
1614818,24,2026-11-25,2171,20000,,
1614818,24,2026-11-26,2171,20000,,
1614818,24,2026-12-04,2171,20000,,
1614818,24,2026-12-05,2171,20000,,
1614818,24,2026-12-11,2171,20000,,
1614818,24,2026-12-12,2171,20000,,
1614818,40,2026-11-17,2171,20000,,
1614818,40,2026-11-24,2171,20000,,
1614818,40,2026-11-25,2171,20000,,
1614818,40,2026-11-26,2171,20000,,
1614818,40,2026-12-04,2171,20000,,
1614818,40,2026-12-05,2171,20000,,
1614818,40,2026-12-11,2171,20000,,
1614818,40,2026-12-12,2171,20000,,
1614818,50,2026-11-29,1736,20000,,
1614818,50,2026-11-30,1736,20000,,
1837134,27,2026-12-12,3479,23600,,
1837134,28,2026-12-12,3479,23600,,
1912757,25,2026-09-23,1062,23600,,
1912757,26,2026-09-23,1062,23600,,
2011649,32,2027-09-15,1735,27848,,
2011649,33,2027-09-15,1735,27848,,
2011649,34,2027-09-15,1735,27848,,
2011649,35,2027-09-15,2114,27848,,
2011649,36,2027-09-15,2114,27848,,
2011649,37,2027-09-15,2114,27848,,
2011649,42,2027-09-15,2494,27848,,
2011649,43,2027-09-15,2494,27848,,
2011649,58,2027-09-15,1735,27848,,
2016749,25,2026-12-13,1919,23600,,
2016749,25,2026-12-14,1919,23600,,
2016749,26,2026-12-13,1919,23600,,
2016749,26,2026-12-14,1919,23600,,
2026607,19,2026-12-13,2321,20000,,
2026607,19,2026-12-14,2321,20000,,
2026607,20,2026-12-13,2321,20000,,
2026607,20,2026-12-14,2321,20000,,
2026607,21,2026-12-13,2321,20000,,
2026607,21,2026-12-14,2321,20000,,
2026607,22,2026-12-13,2321,20000,,
2026607,22,2026-12-14,2321,20000,,
2026607,39,2026-12-13,2321,20000,,
2026607,39,2026-12-14,2321,20000,,
2026607,83,2026-12-13,2321,20000,,
2026607,83,2026-12-14,2321,20000,,
2031351,19,2026-09-24,1817,23600,,
2031351,20,2026-09-24,1817,23600,,
2031351,21,2026-09-24,1921,23600,,
2031351,22,2026-09-24,1921,23600,,
2031351,23,2026-09-24,2024,23600,,
2031351,24,2026-09-24,2024,23600,,
2031351,27,2026-12-12,2683,23600,,
2031351,28,2026-12-12,2683,23600,,
2031351,39,2026-09-24,1921,23600,,
2031351,40,2026-09-24,2024,23600,,
2031351,83,2026-09-24,1921,23600,,
2033589,23,2026-12-13,2614,23600,,
2033589,23,2026-12-14,2614,23600,,
2033589,24,2026-12-13,2614,23600,,
2033589,24,2026-12-14,2614,23600,,
2033589,40,2026-12-13,2614,23600,,
2033589,40,2026-12-14,2614,23600,,
2071352,27,2026-09-24,2406,23600,,
2071352,28,2026-09-24,2406,23600,,
3006134,29,2026-11-18,1996,23600,,
3006134,29,2026-11-19,1996,23600,,
3006134,29,2026-11-22,1996,23600,,
3006134,29,2026-11-23,1996,23600,,
3006134,29,2026-11-29,1996,23600,,
3006134,29,2026-11-30,1996,23600,,
3006134,30,2026-11-18,1996,23600,,
3006134,30,2026-11-19,1996,23600,,
3006134,30,2026-11-22,1996,23600,,
3006134,30,2026-11-23,1996,23600,,
3006134,30,2026-11-29,1996,23600,,
3006134,30,2026-11-30,1996,23600,,
3006134,31,2026-11-18,1996,23600,,
3006134,31,2026-11-19,1996,23600,,
3006134,31,2026-11-22,1996,23600,,
3006134,31,2026-11-23,1996,23600,,
3006134,31,2026-11-29,1996,23600,,
3006134,31,2026-11-30,1996,23600,,
3006134,57,2026-11-18,1996,23600,,
3006134,57,2026-11-19,1996,23600,,
3006134,57,2026-11-22,1996,23600,,
3006134,57,2026-11-23,1996,23600,,
3006134,57,2026-11-29,1996,23600,,
3006134,57,2026-11-30,1996,23600,,
3006134,89,2026-11-18,1996,23600,,
3006134,89,2026-11-19,1996,23600,,
3006134,89,2026-11-22,1996,23600,,
3006134,89,2026-11-23,1996,23600,,
3006134,89,2026-11-29,1996,23600,,
3006134,89,2026-11-30,1996,23600,,
4476459,35,2026-12-13,3122,23600,,
4476459,35,2026-12-14,3122,23600,,
4476459,36,2026-12-13,3122,23600,,
4476459,36,2026-12-14,3122,23600,,
5000022,19,2026-12-13,2321,20000,,
5000022,19,2026-12-14,2321,20000,,
5000022,20,2026-12-13,2321,20000,,
5000022,20,2026-12-14,2321,20000,,
8459601,17,2026-12-14,3214,23600,,
8459601,18,2026-12-14,3214,23600,,
8459601,19,2026-12-14,3352,23600,,
8459601,20,2026-12-14,3352,23600,,
8459601,50,2026-12-14,3214,23600,,
9772256,21,2026-09-24,3402,23600,,
9772256,22,2026-09-24,3402,23600,,
9772256,23,2026-09-24,3402,23600,,
9772256,24,2026-09-24,3402,23600,,
9772256,39,2026-09-24,3402,23600,,
9772256,40,2026-09-24,3402,23600,,
9772256,83,2026-09-24,3402,23600,,
327829,27,2026-12-12,1857,23600,,
327829,28,2026-12-12,1857,23600,,
472129,32,2026-12-13,2340,23600,,
472129,32,2026-12-13,2340,23600,,
472129,32,2026-12-14,2340,23600,,
472129,32,2026-12-14,2340,23600,,
472129,33,2026-12-13,2340,23600,,
472129,33,2026-12-13,2340,23600,,
472129,33,2026-12-14,2340,23600,,
472129,33,2026-12-14,2340,23600,,
472129,34,2026-12-13,2340,23600,,
472129,34,2026-12-14,2340,23600,,
1075048,23,2026-12-13,1581,23600,,
1075048,23,2026-12-14,1581,23600,,
1075048,24,2026-12-13,1581,23600,,
1075048,24,2026-12-14,1581,23600,,
1075048,40,2026-12-13,1581,23600,,
1075048,40,2026-12-14,1581,23600,,
1125927,19,2026-12-13,1118,23600,,
1125927,19,2026-12-14,1118,23600,,
1125927,20,2026-12-13,1118,23600,,
1125927,20,2026-12-14,1118,23600,,
1126165,19,2026-12-13,1715,23600,,
1126165,19,2026-12-14,1715,23600,,
1126165,20,2026-12-13,1715,23600,,
1126165,20,2026-12-14,1715,23600,,
1126165,51,2026-12-13,1715,23600,,
1126165,51,2026-12-14,1715,23600,,
1165642,15,2026-12-13,1619,23600,,
1165642,15,2026-12-14,1619,23600,,
1165642,38,2026-12-13,1619,23600,,
1165642,38,2026-12-14,1619,23600,,
1204840,21,2026-12-13,2011,27848,,
1204840,21,2026-12-14,2011,27848,,
1204840,22,2026-12-13,2011,27848,,
1204840,22,2026-12-14,2011,27848,,
1204840,23,2026-12-13,2011,27848,,
1204840,23,2026-12-14,2011,27848,,
1204840,24,2026-12-13,2011,27848,,
1204840,24,2026-12-14,2011,27848,,
1204840,39,2026-12-13,2011,27848,,
1204840,39,2026-12-14,2011,27848,,
1213613,27,2027-09-15,3342,23600,,
1213613,28,2027-09-15,3342,23600,,
1215728,27,2027-09-15,4361,23600,,
1215728,28,2027-09-15,4361,23600,,
1215728,35,2027-09-15,4568,23600,,
1215728,36,2027-09-15,4568,23600,,
1215728,37,2027-09-15,4568,23600,,
1218072,17,2026-11-23,5399,23600,,
1218072,18,2026-11-23,5399,23600,,
1218072,19,2026-11-23,5503,23600,,
1218072,20,2026-11-23,5503,23600,,
1218072,27,2026-11-22,6294,23600,,
1218072,27,2026-11-25,6288,23600,,
1218072,27,2026-11-26,6282,23600,,
1218072,28,2026-11-22,6294,23600,,
1218072,28,2026-11-25,6288,23600,,
1218072,28,2026-11-26,6282,23600,,
1218072,50,2026-11-23,5399,23600,,
1218072,51,2026-11-23,5503,23600,,
1218072,87,2026-11-23,5399,23600,,
1226887,16,2026-11-21,3252,23600,,
1226887,27,2026-11-21,4011,23600,,
1226887,28,2026-11-21,4011,23600,,
1231999,29,2027-09-15,2033,23600,,
1231999,30,2027-09-15,2033,23600,,
1231999,31,2027-09-15,2033,23600,,
1231999,57,2027-09-15,2033,23600,,
1231999,89,2027-09-15,2033,20000,,
1242203,21,2026-12-13,1929,23600,,
1242203,21,2026-12-14,1929,23600,,
1242203,22,2026-12-13,1929,23600,,
1242203,22,2026-12-14,1929,23600,,
1242203,23,2026-12-13,1929,23600,,
1242203,23,2026-12-14,1929,23600,,
1242203,24,2026-12-13,1929,23600,,
1242203,24,2026-12-14,1929,23600,,
1242203,39,2026-12-13,1929,23600,,
1242203,39,2026-12-14,1929,23600,,
1242203,40,2026-12-13,1929,23600,,
1242203,40,2026-12-14,1929,23600,,
1242203,83,2026-12-13,1929,23600,,
1242203,83,2026-12-14,1929,23600,,
1269686,19,2026-09-20,1519,23600,,
1269686,20,2026-09-20,1519,23600,,
1307656,17,2026-09-22,1010,23600,,
1307656,17,2026-12-12,1195,23600,,
1307656,18,2026-09-22,1010,23600,,
1307656,18,2026-12-12,1195,23600,,
1307656,19,2026-09-22,1010,23600,,
1307656,19,2026-12-12,1195,23600,,
1307656,20,2026-09-22,1010,23600,,
1307656,20,2026-12-12,1195,23600,,
1307656,50,2026-09-22,1010,23600,,
1307656,50,2026-12-12,1195,23600,,
1374088,29,2027-09-15,2550,23600,,
1374088,30,2027-09-15,2550,23600,,
1374088,31,2027-09-15,2550,23600,,
1374088,57,2027-09-15,2550,23600,,
1379624,27,2026-12-13,3799,23600,,
1379624,27,2026-12-14,3799,23600,,
1379624,27,2027-09-15,3813,23600,,
1379624,28,2026-12-13,3799,23600,,
1379624,28,2026-12-14,3799,23600,,
1379624,28,2027-09-15,3813,23600,,
1381105,17,2026-09-15,1524,23600,,
1381105,17,2026-09-16,1524,23600,,
1381105,18,2026-09-15,1524,23600,,
1381105,18,2026-09-16,1524,23600,,
1381105,19,2026-09-15,1593,23600,,
1381105,19,2026-09-16,1593,23600,,
1381105,20,2026-09-15,1593,23600,,
1381105,20,2026-09-16,1593,23600,,
1381105,27,2027-09-15,1853,23600,,
1381105,28,2027-09-15,1853,23600,,
1381105,50,2026-09-15,1524,23600,,
1381105,50,2026-09-16,1524,23600,,
1396947,17,2026-12-13,2857,23600,,
1396947,17,2026-12-14,2857,23600,,
1396947,17,2027-09-15,2857,23600,,
1396947,18,2026-12-13,2857,23600,,
1396947,18,2026-12-14,2857,23600,,
1396947,18,2027-09-15,2857,23600,,
1396947,50,2026-12-13,2857,23600,,
1396947,50,2026-12-14,2857,23600,,
1396947,50,2027-09-15,2857,23600,,
1396947,87,2026-12-13,2857,23600,,
1396947,87,2026-12-14,2857,23600,,
1396947,87,2027-09-15,2857,23600,,
1431135,15,2026-11-22,5221,23600,,
1431135,15,2026-11-23,5221,23600,,
1431135,15,2026-11-24,5221,23600,,
1431135,15,2026-11-25,5221,23600,,
1431135,15,2026-11-26,5221,23600,,
1431135,16,2026-11-22,5290,23600,,
1431135,16,2026-11-23,5290,23600,,
1431135,16,2026-11-24,5290,23600,,
1431135,16,2026-11-25,5290,23600,,
1431135,16,2026-11-26,5290,23600,,
1431135,23,2026-11-22,5635,23600,,
1431135,23,2026-11-23,5635,23600,,
1431135,23,2026-11-24,5635,23600,,
1431135,23,2026-11-25,5635,23600,,
1431135,23,2026-11-26,5635,23600,,
1431135,24,2026-11-22,5635,23600,,
1431135,24,2026-11-23,5635,23600,,
1431135,24,2026-11-24,5635,23600,,
1431135,24,2026-11-25,5635,23600,,
1431135,24,2026-11-26,5635,23600,,
1431135,27,2026-11-22,5980,23600,,
1431135,27,2026-11-23,5980,23600,,
1431135,27,2026-11-24,5980,23600,,
1431135,27,2026-11-25,5980,23600,,
1431135,27,2026-11-26,5980,23600,,
1431135,28,2026-11-22,5980,23600,,
1431135,28,2026-11-23,5980,23600,,
1431135,28,2026-11-24,5980,23600,,
1431135,28,2026-11-25,5980,23600,,
1431135,28,2026-11-26,5980,23600,,
1431135,38,2026-11-22,5221,23600,,
1431135,38,2026-11-23,5221,23600,,
1431135,38,2026-11-24,5221,23600,,
1431135,38,2026-11-25,5221,23600,,
1431135,38,2026-11-26,5221,23600,,
1431135,40,2026-11-22,5635,23600,,
1431135,40,2026-11-23,5635,23600,,
1431135,40,2026-11-24,5635,23600,,
1431135,40,2026-11-25,5635,23600,,
1431135,40,2026-11-26,5635,23600,,
1435465,15,2026-11-22,5312,23600,,
1435465,15,2026-11-23,5312,23600,,
1435465,15,2026-11-24,5312,23600,,
1435465,15,2026-11-25,5312,23600,,
1435465,15,2026-11-26,5312,23600,,
1435465,17,2026-11-22,5381,23600,,
1435465,17,2026-11-23,5381,23600,,
1435465,17,2026-11-24,5381,23600,,
1435465,17,2026-11-25,5381,23600,,
1435465,17,2026-11-26,5381,23600,,
1435465,18,2026-11-22,5381,23600,,
1435465,18,2026-11-23,5381,23600,,
1435465,18,2026-11-24,5381,23600,,
1435465,18,2026-11-25,5381,23600,,
1435465,18,2026-11-26,5381,23600,,
1435465,19,2026-11-22,5519,23600,,
1435465,19,2026-11-23,5519,23600,,
1435465,19,2026-11-24,5519,23600,,
1435465,19,2026-11-25,5519,23600,,
1435465,19,2026-11-26,5519,23600,,
1435465,38,2026-11-22,5312,23600,,
1435465,38,2026-11-23,5312,23600,,
1435465,38,2026-11-24,5312,23600,,
1435465,38,2026-11-25,5312,23600,,
1435465,38,2026-11-26,5312,23600,,
1441289,19,2026-09-15,2793,23600,,
1441289,20,2026-09-15,2793,23600,,
1441289,21,2026-09-15,2793,23600,,
1441289,22,2026-09-15,2793,23600,,
1441289,39,2026-09-15,2793,23600,,
1441289,51,2026-09-15,2793,23600,,
1441289,83,2026-09-15,2793,23600,,
1446075,19,2026-09-15,2360,23600,,
1446075,20,2026-09-15,2360,23600,,
1446075,51,2026-09-15,2360,23600,,
1456807,27,2026-12-12,2265,23600,,
1456807,28,2026-12-12,2265,23600,,
1456807,29,2026-12-12,2265,23600,,
1456807,30,2026-12-12,2265,23600,,
1456807,31,2026-12-12,2265,23600,,
1456807,32,2026-12-12,2334,23600,,
1456807,33,2026-12-12,2334,23600,,
1456807,34,2026-12-12,2334,23600,,
1456807,57,2026-12-12,2265,23600,,
1462197,23,2026-12-13,2076,23600,,
1462197,23,2026-12-14,2076,23600,,
1462197,24,2026-12-13,2076,23600,,
1462197,24,2026-12-14,2076,23600,,
1462197,40,2026-12-13,2076,23600,,
1462197,40,2026-12-14,2076,23600,,
1463190,23,2026-12-13,2258,23600,,
1463190,23,2026-12-14,2258,23600,,
1463190,24,2026-12-13,2258,23600,,
1463190,24,2026-12-14,2258,23600,,
1463190,27,2026-12-13,2465,23600,,
1463190,27,2026-12-14,2465,23600,,
1463190,28,2026-12-13,2465,23600,,
1463190,28,2026-12-14,2465,23600,,
1463190,40,2026-12-13,2258,23600,,
1463190,40,2026-12-14,2258,23600,,
1475870,27,2026-12-12,3441,23600,,
1475870,28,2026-12-12,3441,23600,,
1486131,78,2026-12-13,2011,23600,,
1486131,78,2026-12-14,2011,23600,,
1516017,21,2026-09-19,1718,23600,,
1516017,22,2026-09-19,1718,23600,,
1516017,39,2026-09-19,1718,23600,,
1516017,83,2026-09-19,1718,23600,,
1558817,25,2026-10-16,1947,23600,,
1558817,25,2026-10-25,1947,23600,,
1558817,26,2026-10-16,1947,23600,,
1558817,26,2026-10-25,1947,23600,,
1591753,15,2026-09-20,1432,23600,,
1591753,38,2026-09-20,1432,23600,,
1593321,25,2027-09-15,1470,27848,,
1595502,27,2027-09-15,1813,23600,,
1595502,28,2027-09-15,1813,23600,,
1596319,19,2026-09-20,2212,27848,,
1596319,19,2026-09-24,2212,27848,,
1596319,19,2026-12-13,2212,27848,,
1596319,19,2026-12-14,2212,27848,,
1596319,19,2027-09-15,2212,27848,,
1596319,20,2026-09-20,2212,27848,,
1596319,20,2026-09-24,2212,27848,,
1596319,20,2026-12-13,2212,27848,,
1596319,20,2026-12-14,2212,27848,,
1596319,20,2027-09-15,2212,27848,,
1597226,17,2026-09-20,2081,23600,,
1597226,18,2026-09-20,2081,23600,,
1603145,23,2026-09-23,1610,23600,,
1603145,24,2026-09-23,1610,23600,,
1603145,40,2026-09-23,1610,23600,,
1604662,35,2026-12-13,3336,20000,,
1604662,35,2026-12-14,3336,20000,,
1604662,36,2026-12-13,3336,20000,,
1604662,36,2026-12-14,3336,20000,,
1614818,17,2026-12-01,1654,20000,,
1614818,17,2026-12-02,1654,20000,,
1614818,17,2026-12-03,1654,20000,,
1614818,17,2026-12-06,1654,20000,,
1614818,17,2026-12-07,1654,20000,,
1614818,17,2026-12-08,1654,20000,,
1614818,17,2026-12-09,1654,20000,,
1614818,17,2026-12-10,1654,20000,,
1614818,17,2026-12-13,1654,20000,,
1614818,17,2026-12-14,1654,20000,,
1614818,18,2026-12-01,1654,20000,,
1614818,18,2026-12-02,1654,20000,,
1614818,18,2026-12-03,1654,20000,,
1614818,18,2026-12-06,1654,20000,,
1614818,18,2026-12-07,1654,20000,,
1614818,18,2026-12-08,1654,20000,,
1614818,18,2026-12-09,1654,20000,,
1614818,18,2026-12-10,1654,20000,,
1614818,18,2026-12-13,1654,20000,,
1614818,18,2026-12-14,1654,20000,,
1614818,21,2026-11-17,1999,20000,,
1614818,21,2026-11-24,1999,20000,,
1614818,21,2026-11-25,1999,20000,,
1614818,21,2026-11-26,1999,20000,,
1614818,21,2026-12-04,1999,20000,,
1614818,21,2026-12-05,1999,20000,,
1614818,21,2026-12-11,1999,20000,,
1614818,21,2026-12-12,1999,20000,,
1614818,22,2026-11-17,1999,20000,,
1614818,22,2026-11-24,1999,20000,,
1614818,22,2026-11-25,1999,20000,,
1614818,22,2026-11-26,1999,20000,,
1614818,22,2026-12-04,1999,20000,,
1614818,22,2026-12-05,1999,20000,,
1614818,22,2026-12-11,1999,20000,,
1614818,22,2026-12-12,1999,20000,,
1614818,23,2026-11-20,2173,20000,,
1614818,23,2026-11-21,2173,20000,,
1614818,24,2026-11-20,2173,20000,,
1614818,24,2026-11-21,2173,20000,,
1614818,39,2026-11-17,1999,20000,,
1614818,39,2026-11-24,1999,20000,,
1614818,39,2026-11-25,1999,20000,,
1614818,39,2026-11-26,1999,20000,,
1614818,39,2026-12-04,1999,20000,,
1614818,39,2026-12-05,1999,20000,,
1614818,39,2026-12-11,1999,20000,,
1614818,39,2026-12-12,1999,20000,,
1614818,40,2026-11-20,2173,20000,,
1614818,40,2026-11-21,2173,20000,,
1614818,50,2026-12-01,1654,20000,,
1614818,50,2026-12-02,1654,20000,,
1614818,50,2026-12-03,1654,20000,,
1614818,50,2026-12-06,1654,20000,,
1614818,50,2026-12-07,1654,20000,,
1614818,50,2026-12-08,1654,20000,,
1614818,50,2026-12-09,1654,20000,,
1614818,50,2026-12-10,1654,20000,,
1614818,50,2026-12-13,1654,20000,,
1614818,50,2026-12-14,1654,20000,,
1614818,83,2026-11-17,1999,20000,,
1614818,83,2026-11-24,1999,20000,,
1614818,83,2026-11-25,1999,20000,,
1614818,83,2026-11-26,1999,20000,,
1614818,83,2026-12-04,1999,20000,,
1614818,83,2026-12-05,1999,20000,,
1614818,83,2026-12-11,1999,20000,,
1614818,83,2026-12-12,1999,20000,,
1702720,21,2026-12-13,2710,23600,,
1702720,21,2026-12-14,2710,23600,,
1702720,22,2026-12-13,2710,23600,,
1702720,22,2026-12-14,2710,23600,,
1702720,39,2026-12-13,2710,23600,,
1702720,39,2026-12-14,2710,23600,,
1702720,83,2026-12-13,2710,23600,,
1702720,83,2026-12-14,2710,23600,,
1809628,25,2026-12-12,1915,23600,,
1809628,26,2026-12-12,1915,23600,,
1837134,21,2026-12-12,2996,23600,,
1837134,22,2026-12-12,2996,23600,,
1837134,23,2026-12-12,2996,23600,,
1837134,24,2026-12-12,2996,23600,,
1837134,39,2026-12-12,2996,23600,,
1837134,40,2026-12-12,2996,23600,,
1837134,83,2026-12-12,2996,23600,,
2022899,27,2026-12-12,2116,23600,,
2022899,28,2026-12-12,2116,23600,,
2022899,41,2026-12-12,2116,23600,,
2026607,17,2026-12-13,2183,20000,,
2026607,17,2026-12-14,2183,20000,,
2026607,18,2026-12-13,2183,20000,,
2026607,18,2026-12-14,2183,20000,,
2026607,50,2026-12-13,2183,20000,,
2026607,50,2026-12-14,2183,20000,,
2031351,17,2026-09-24,1714,23600,,
2031351,18,2026-09-24,1714,23600,,
2031351,23,2026-12-12,2338,23600,,
2031351,24,2026-12-12,2338,23600,,
2031351,40,2026-12-12,2338,23600,,
2031351,50,2026-09-24,1714,23600,,
2033589,21,2026-12-13,2476,23600,,
2033589,21,2026-12-14,2476,23600,,
2033589,22,2026-12-13,2476,23600,,
2033589,22,2026-12-14,2476,23600,,
2033589,39,2026-12-13,2476,23600,,
2033589,39,2026-12-14,2476,23600,,
2033589,83,2026-12-13,2476,23600,,
2033589,83,2026-12-14,2476,23600,,
2066561,17,2026-09-21,1275,27848,,
2066561,18,2026-09-21,1275,27848,,
2066561,19,2026-09-21,1275,27848,,
2066561,20,2026-09-21,1275,27848,,
2066561,23,2026-12-13,2108,27848,,
2066561,23,2026-12-14,2108,27848,,
2066561,24,2026-12-13,2108,27848,,
2066561,24,2026-12-14,2108,27848,,
2066561,25,2026-09-21,1275,27848,,
2066561,26,2026-09-21,1275,27848,,
2066561,40,2026-12-13,2108,27848,,
2066561,40,2026-12-14,2108,27848,,
2066561,50,2026-09-21,1275,27848,,
2071352,25,2026-09-24,2130,23600,,
2071352,26,2026-09-24,2130,23600,,
2074839,42,2026-09-24,2489,20000,,
2074839,43,2026-09-24,2489,20000,,
2074839,44,2026-09-24,2489,20000,,
3001862,19,2026-09-15,1493,23600,,
3001862,20,2026-09-15,1493,23600,,
3001862,25,2027-09-15,1803,23600,,
3001862,26,2027-09-15,1803,23600,,
3006134,19,2026-12-01,1472,23600,,
3006134,19,2026-12-07,1472,23600,,
3006134,19,2026-12-08,1472,23600,,
3006134,19,2026-12-09,1472,23600,,
3006134,19,2026-12-10,1472,23600,,
3006134,19,2026-12-13,1472,23600,,
3006134,19,2026-12-14,1472,23600,,
3006134,20,2026-12-01,1472,23600,,
3006134,20,2026-12-07,1472,23600,,
3006134,20,2026-12-08,1472,23600,,
3006134,20,2026-12-09,1472,23600,,
3006134,20,2026-12-10,1472,23600,,
3006134,20,2026-12-13,1472,23600,,
3006134,20,2026-12-14,1472,23600,,
3009824,21,2026-09-21,1161,23600,,
3009824,21,2026-09-22,1161,23600,,
3009824,21,2026-09-23,1161,23600,,
3009824,21,2026-09-24,1161,23600,,
3009824,22,2026-09-21,1161,23600,,
3009824,22,2026-09-22,1161,23600,,
3009824,22,2026-09-23,1161,23600,,
3009824,22,2026-09-24,1161,23600,,
3009824,23,2026-09-21,1161,23600,,
3009824,23,2026-09-22,1161,23600,,
3009824,23,2026-09-23,1161,23600,,
3009824,23,2026-09-24,1161,23600,,
3009824,24,2026-09-21,1161,23600,,
3009824,24,2026-09-22,1161,23600,,
3009824,24,2026-09-23,1161,23600,,
3009824,24,2026-09-24,1161,23600,,
3009824,39,2026-09-21,1161,23600,,
3009824,39,2026-09-22,1161,23600,,
3009824,39,2026-09-23,1161,23600,,
3009824,39,2026-09-24,1161,23600,,
3009824,40,2026-09-21,1161,23600,,
3009824,40,2026-09-22,1161,23600,,
3009824,40,2026-09-23,1161,23600,,
3009824,40,2026-09-24,1161,23600,,
3009824,83,2026-09-21,1161,23600,,
3009824,83,2026-09-22,1161,23600,,
3009824,83,2026-09-23,1161,23600,,
3009824,83,2026-09-24,1161,23600,,
8459601,16,2026-12-14,3007,23600,,
8459601,52,2026-12-14,3007,23600,,
9772256,17,2026-09-24,3195,23600,,
9772256,18,2026-09-24,3195,23600,,
9772256,19,2026-09-24,3195,23600,,
9772256,20,2026-09-24,3195,23600,,
9772256,50,2026-09-24,3195,23600,,
9772256,51,2026-09-24,3195,23600,,
9772256,87,2026-09-24,3195,23600,,
15738,25,2026-12-12,1609,23600,,
15738,26,2026-12-12,1609,23600,,
124913,35,2026-09-15,2258,23600,,
124913,36,2026-09-15,2258,23600,,
207833,27,2026-12-12,3825,27848,,
207833,28,2026-12-12,3825,27848,,
265185,27,2026-09-20,2199,23600,,
265185,27,2026-09-24,2199,23600,,
265185,27,2026-12-13,2199,23600,,
265185,27,2026-12-14,2199,23600,,
265185,28,2026-09-20,2199,23600,,
265185,28,2026-09-24,2199,23600,,
265185,28,2026-12-13,2199,23600,,
265185,28,2026-12-14,2199,23600,,
327829,27,2026-12-13,1846,23600,,
327829,27,2026-12-14,1846,23600,,
327829,28,2026-12-13,1846,23600,,
327829,28,2026-12-14,1846,23600,,
472129,29,2026-12-13,2184,23600,,
472129,29,2026-12-13,2184,23600,,
472129,29,2026-12-14,2184,23600,,
472129,29,2026-12-14,2184,23600,,
472129,30,2026-12-13,2184,23600,,
472129,30,2026-12-13,2184,23600,,
472129,30,2026-12-14,2184,23600,,
472129,30,2026-12-14,2184,23600,,
472129,31,2026-12-13,2184,23600,,
472129,31,2026-12-14,2184,23600,,
472129,57,2026-12-13,2184,23600,,
472129,57,2026-12-14,2184,23600,,
1075048,21,2026-12-13,1443,23600,,
1075048,21,2026-12-14,1443,23600,,
1075048,22,2026-12-13,1443,23600,,
1075048,22,2026-12-14,1443,23600,,
1075048,39,2026-12-13,1443,23600,,
1075048,39,2026-12-14,1443,23600,,
1075048,83,2026-12-13,1443,23600,,
1075048,83,2026-12-14,1443,23600,,
1104342,23,2026-09-22,2000,32861,,
1104342,23,2026-09-23,2000,32861,,
1104342,23,2026-09-24,2000,32861,,
1104342,23,2026-12-13,2000,32861,,
1104342,23,2026-12-14,2000,32861,,
1104342,24,2026-09-22,2000,32861,,
1104342,24,2026-09-23,2000,32861,,
1104342,24,2026-09-24,2000,32861,,
1104342,24,2026-12-13,2000,32861,,
1104342,24,2026-12-14,2000,32861,,
1104342,27,2026-09-21,2528,32861,,
1104342,28,2026-09-21,2528,32861,,
1104342,40,2026-09-22,2000,32861,,
1104342,40,2026-09-23,2000,32861,,
1104342,40,2026-09-24,2000,32861,,
1104342,40,2026-12-13,2000,32861,,
1104342,40,2026-12-14,2000,32861,,
1125927,32,2026-12-13,1670,23600,,
1125927,32,2026-12-14,1670,23600,,
1125927,33,2026-12-13,1670,23600,,
1125927,33,2026-12-14,1670,23600,,
1125927,34,2026-12-13,1670,23600,,
1125927,34,2026-12-14,1670,23600,,
1125927,58,2026-12-13,1670,23600,,
1125927,58,2026-12-14,1670,23600,,
1125927,90,2026-12-13,1670,23600,,
1125927,90,2026-12-14,1670,23600,,
1193381,27,2026-12-13,3289,23600,,
1193381,27,2026-12-14,3289,23600,,
1193381,28,2026-12-13,3289,23600,,
1193381,28,2026-12-14,3289,23600,,
1206822,42,2026-12-12,4271,23600,,
1206822,43,2026-12-12,4271,23600,,
1213613,23,2027-09-15,2997,23600,,
1213613,24,2027-09-15,2997,23600,,
1213613,40,2027-09-15,2997,23600,,
1218072,21,2026-11-22,5759,23600,,
1218072,21,2026-11-25,5753,23600,,
1218072,21,2026-11-26,5747,23600,,
1218072,22,2026-11-22,5759,23600,,
1218072,22,2026-11-25,5753,23600,,
1218072,22,2026-11-26,5747,23600,,
1218072,23,2026-11-22,5880,23600,,
1218072,23,2026-11-25,5874,23600,,
1218072,23,2026-11-26,5868,23600,,
1218072,24,2026-11-22,5880,23600,,
1218072,24,2026-11-25,5874,23600,,
1218072,24,2026-11-26,5868,23600,,
1218072,25,2026-11-22,5725,23600,,
1218072,25,2026-11-25,5718,23600,,
1218072,25,2026-11-26,5713,23600,,
1218072,26,2026-11-22,5725,23600,,
1218072,26,2026-11-25,5718,23600,,
1218072,26,2026-11-26,5713,23600,,
1218072,39,2026-11-22,5759,23600,,
1218072,39,2026-11-25,5753,23600,,
1218072,39,2026-11-26,5747,23600,,
1218072,40,2026-11-22,5880,23600,,
1218072,40,2026-11-25,5874,23600,,
1218072,40,2026-11-26,5868,23600,,
1218072,83,2026-11-22,5759,23600,,
1218072,83,2026-11-25,5753,23600,,
1218072,83,2026-11-26,5747,23600,,
1218728,29,2027-09-15,4598,20000,,
1218728,30,2027-09-15,4598,20000,,
1218728,31,2027-09-15,4598,20000,,
1218728,32,2027-09-15,4805,20000,,
1218728,33,2027-09-15,4805,20000,,
1218728,34,2027-09-15,4805,20000,,
1218728,57,2027-09-15,4598,20000,,
1218728,58,2027-09-15,4805,20000,,
1218728,89,2027-09-15,4598,20000,,
1221551,27,2026-09-24,1661,20000,,
1221551,28,2026-09-24,1661,20000,,
1226887,15,2026-11-21,3045,23600,,
1226887,25,2026-11-21,3804,23600,,
1226887,26,2026-11-21,3804,23600,,
1226887,38,2026-11-21,3045,23600,,
1229511,17,2026-12-12,1598,23600,,
1229511,18,2026-12-12,1598,23600,,
1229511,50,2026-12-12,1598,23600,,
1229511,87,2026-12-12,1598,23600,,
1231999,27,2026-09-20,1795,20000,,
1231999,27,2026-09-24,1795,20000,,
1231999,27,2026-12-13,1795,20000,,
1231999,27,2026-12-14,1795,20000,,
1231999,28,2026-09-20,1795,20000,,
1231999,28,2026-09-24,1795,20000,,
1231999,28,2026-12-13,1795,20000,,
1231999,28,2026-12-14,1795,20000,,
1246851,19,2027-09-15,1860,23600,,
1246851,20,2027-09-15,1860,23600,,
1265433,23,2026-09-20,1981,23600,,
1265433,24,2026-09-20,1981,23600,,
1265433,40,2026-09-20,1981,23600,,
1269686,17,2026-09-20,1416,23600,,
1269686,18,2026-09-20,1416,23600,,
1269686,50,2026-09-20,1416,23600,,
1295755,19,2026-09-20,1807,23600,,
1295755,20,2026-09-20,1807,23600,,
1314078,16,2026-12-13,1644,23600,,
1314078,16,2026-12-14,1644,23600,,
1314078,52,2026-12-13,1644,23600,,
1314078,52,2026-12-14,1644,23600,,
1324743,21,2026-12-12,2257,27848,,
1324743,22,2026-12-12,2257,27848,,
1324743,23,2026-12-12,2326,27848,,
1324743,24,2026-12-12,2326,27848,,
1324743,39,2026-12-12,2257,27848,,
1324743,40,2026-12-12,2326,27848,,
1324743,83,2026-12-12,2257,27848,,
1379430,25,2027-09-15,2435,23600,,
1379430,26,2027-09-15,2435,23600,,
1431135,17,2026-11-22,5324,23600,,
1431135,17,2026-11-23,5324,23600,,
1431135,17,2026-11-24,5324,23600,,
1431135,17,2026-11-25,5324,23600,,
1431135,17,2026-11-26,5324,23600,,
1431135,18,2026-11-22,5324,23600,,
1431135,18,2026-11-23,5324,23600,,
1431135,18,2026-11-24,5324,23600,,
1431135,18,2026-11-25,5324,23600,,
1431135,18,2026-11-26,5324,23600,,
1431135,19,2026-11-22,5410,23600,,
1431135,19,2026-11-23,5410,23600,,
1431135,19,2026-11-24,5410,23600,,
1431135,19,2026-11-25,5410,23600,,
1431135,19,2026-11-26,5410,23600,,
1431135,20,2026-11-22,5410,23600,,
1431135,20,2026-11-23,5410,23600,,
1431135,20,2026-11-24,5410,23600,,
1431135,20,2026-11-25,5410,23600,,
1431135,20,2026-11-26,5410,23600,,
1431135,21,2026-11-22,5531,23600,,
1431135,21,2026-11-23,5531,23600,,
1431135,21,2026-11-24,5531,23600,,
1431135,21,2026-11-25,5531,23600,,
1431135,21,2026-11-26,5531,23600,,
1431135,22,2026-11-22,5531,23600,,
1431135,22,2026-11-23,5531,23600,,
1431135,22,2026-11-24,5531,23600,,
1431135,22,2026-11-25,5531,23600,,
1431135,22,2026-11-26,5531,23600,,
1431135,39,2026-11-22,5531,23600,,
1431135,39,2026-11-23,5531,23600,,
1431135,39,2026-11-24,5531,23600,,
1431135,39,2026-11-25,5531,23600,,
1431135,39,2026-11-26,5531,23600,,
1431135,50,2026-11-22,5324,23600,,
1431135,50,2026-11-23,5324,23600,,
1431135,50,2026-11-24,5324,23600,,
1431135,50,2026-11-25,5324,23600,,
1431135,50,2026-11-26,5324,23600,,
1431135,83,2026-11-22,5531,23600,,
1431135,83,2026-11-23,5531,23600,,
1431135,83,2026-11-24,5531,23600,,
1431135,83,2026-11-25,5531,23600,,
1431135,83,2026-11-26,5531,23600,,
1446075,17,2026-09-15,2187,23600,,
1446075,18,2026-09-15,2187,23600,,
1446075,50,2026-09-15,2187,23600,,
1446075,87,2026-09-15,2187,23600,,
1456807,25,2026-12-12,2127,23600,,
1456807,26,2026-12-12,2127,23600,,
1462197,21,2026-12-13,1972,23600,,
1462197,21,2026-12-14,1972,23600,,
1462197,22,2026-12-13,1972,23600,,
1462197,22,2026-12-14,1972,23600,,
1462197,39,2026-12-13,1972,23600,,
1462197,39,2026-12-14,1972,23600,,
1462197,83,2026-12-13,1972,23600,,
1462197,83,2026-12-14,1972,23600,,
1463190,21,2026-12-13,2189,23600,,
1463190,21,2026-12-14,2189,23600,,
1463190,22,2026-12-13,2189,23600,,
1463190,22,2026-12-14,2189,23600,,
1463190,39,2026-12-13,2189,23600,,
1463190,39,2026-12-14,2189,23600,,
1463190,83,2026-12-13,2189,23600,,
1463190,83,2026-12-14,2189,23600,,
1464876,27,2026-12-12,4083,23600,,
1464876,28,2026-12-12,4083,23600,,
1464876,35,2026-12-12,4186,23600,,
1464876,36,2026-12-12,4186,23600,,
1479897,17,2026-09-15,1215,23600,,
1479897,17,2026-09-16,1215,23600,,
1479897,18,2026-09-15,1215,23600,,
1479897,18,2026-09-16,1215,23600,,
1479897,19,2026-09-15,1215,23600,,
1479897,19,2026-09-16,1215,23600,,
1479897,20,2026-09-15,1215,23600,,
1479897,20,2026-09-16,1215,23600,,
1479897,50,2026-09-15,1215,23600,,
1479897,50,2026-09-16,1215,23600,,
1479897,51,2026-09-15,1215,23600,,
1479897,51,2026-09-16,1215,23600,,
1479897,87,2026-09-15,1215,23600,,
1479897,87,2026-09-16,1215,23600,,
1501176,27,2027-09-15,1653,23600,,
1501176,28,2027-09-15,1653,23600,,
1516017,27,2026-12-12,2601,23600,,
1516017,28,2026-12-12,2601,23600,,
1531125,27,2026-11-26,2130,20000,,
1531125,28,2026-11-26,2130,20000,,
1531125,35,2026-12-12,2544,20000,,
1531125,36,2026-12-12,2544,20000,,
1535153,27,2027-09-15,2048,23600,,
1535153,28,2027-09-15,2048,23600,,
1555338,25,2026-10-16,2295,23600,,
1555338,25,2026-10-25,2295,23600,,
1555338,26,2026-10-16,2295,23600,,
1555338,26,2026-10-25,2295,23600,,
1581295,32,2026-12-13,2055,27848,,
1581295,32,2026-12-14,2055,27848,,
1581295,33,2026-12-13,2055,27848,,
1581295,33,2026-12-14,2055,27848,,
1581295,35,2026-09-21,1989,27848,,
1581295,35,2026-09-22,1989,27848,,
1581295,35,2026-09-23,1989,27848,,
1581295,36,2026-09-21,1989,27848,,
1581295,36,2026-09-22,1989,27848,,
1581295,36,2026-09-23,1989,27848,,
1581295,45,2026-09-21,2023,27848,,
1581295,45,2026-09-22,2023,27848,,
1581295,45,2026-09-23,2023,27848,,
1581295,45,2026-09-24,2023,27848,,
1581295,46,2026-09-21,2023,27848,,
1581295,46,2026-09-22,2023,27848,,
1581295,46,2026-09-23,2023,27848,,
1581295,46,2026-09-24,2023,27848,,
1581295,56,2026-09-21,2023,27848,,
1581295,56,2026-09-22,2023,27848,,
1581295,56,2026-09-23,2023,27848,,
1581295,56,2026-09-24,2023,27848,,
1595502,27,2026-12-14,1776,23600,,
1595502,28,2026-12-14,1776,23600,,
1596296,27,2027-09-15,2648,32861,,
1596296,28,2027-09-15,2648,32861,,
1596296,41,2027-09-15,2648,32861,,
1603145,17,2026-09-23,1127,23600,,
1603145,18,2026-09-23,1127,23600,,
1603145,50,2026-09-23,1127,23600,,
1614818,19,2026-11-17,1826,20000,,
1614818,19,2026-11-24,1826,20000,,
1614818,19,2026-11-25,1826,20000,,
1614818,19,2026-11-26,1826,20000,,
1614818,20,2026-11-17,1826,20000,,
1614818,20,2026-11-24,1826,20000,,
1614818,20,2026-11-25,1826,20000,,
1614818,20,2026-11-26,1826,20000,,
1614818,21,2026-11-20,2000,20000,,
1614818,21,2026-11-21,2000,20000,,
1614818,22,2026-11-20,2000,20000,,
1614818,22,2026-11-21,2000,20000,,
1614818,39,2026-11-20,2000,20000,,
1614818,39,2026-11-21,2000,20000,,
1614818,83,2026-11-20,2000,20000,,
1614818,83,2026-11-21,2000,20000,,
1617471,16,2026-12-13,1433,23600,,
1617471,16,2026-12-14,1433,23600,,
1702720,23,2026-12-13,2848,23600,,
1702720,23,2026-12-14,2848,23600,,
1702720,24,2026-12-13,2848,23600,,
1702720,24,2026-12-14,2848,23600,,
1702720,40,2026-12-13,2848,23600,,
1702720,40,2026-12-14,2848,23600,,
1766640,45,2026-12-12,2317,23600,,
1766640,46,2026-12-12,2317,23600,,
1912757,19,2026-12-13,1283,23600,,
1912757,19,2026-12-14,1283,23600,,
1912757,20,2026-12-13,1283,23600,,
1912757,20,2026-12-14,1283,23600,,
1978478,35,2027-09-15,2197,27848,,
1978478,36,2027-09-15,2197,27848,,
2011649,17,2027-09-15,1148,27848,,
2011649,18,2027-09-15,1148,27848,,
2011649,19,2027-09-15,1217,27848,,
2011649,20,2027-09-15,1217,27848,,
2011649,50,2027-09-15,1148,27848,,
2019978,25,2026-12-12,2332,20000,,
2019978,26,2026-12-12,2332,20000,,
2022899,21,2026-12-12,1668,23600,,
2022899,22,2026-12-12,1668,23600,,
2022899,39,2026-12-12,1668,23600,,
2022899,83,2026-12-12,1668,23600,,
2022899,97,2026-12-12,1668,23600,,
2024578,21,2027-09-15,1415,20000,,
2024578,22,2027-09-15,1415,20000,,
2024578,39,2027-09-15,1415,20000,,
2031351,19,2026-12-12,2131,23600,,
2031351,20,2026-12-12,2131,23600,,
2031351,21,2026-12-12,2235,23600,,
2031351,22,2026-12-12,2235,23600,,
2031351,39,2026-12-12,2235,23600,,
2031351,83,2026-12-12,2235,23600,,
2031448,25,2027-09-15,1837,23600,,
2031448,26,2027-09-15,1837,23600,,
2031448,55,2027-09-15,1837,23600,,
2051467,17,2026-09-21,1014,20000,,
2051467,17,2026-09-22,1010,20000,,
2051467,17,2026-09-23,1010,20000,,
2051467,18,2026-09-21,1014,20000,,
2051467,18,2026-09-22,1010,20000,,
2051467,18,2026-09-23,1010,20000,,
2051467,50,2026-09-21,1014,20000,,
2051467,50,2026-09-22,1010,20000,,
2051467,50,2026-09-23,1010,20000,,
2051467,87,2026-09-21,1014,20000,,
2051467,87,2026-09-22,1010,20000,,
2051467,87,2026-09-23,1010,20000,,
2066561,32,2026-12-13,2660,27848,,
2066561,32,2026-12-14,2660,27848,,
2066561,33,2026-12-13,2660,27848,,
2066561,33,2026-12-14,2660,27848,,
2066561,34,2026-12-13,2660,27848,,
2066561,34,2026-12-14,2660,27848,,
2071352,27,2026-12-13,2465,23600,,
2071352,27,2026-12-14,2465,23600,,
2071352,28,2026-12-13,2465,23600,,
2071352,28,2026-12-14,2465,23600,,
3001862,17,2026-09-15,1355,23600,,
3001862,18,2026-09-15,1355,23600,,
3001862,25,2026-09-15,1355,23600,,
3001862,26,2026-09-15,1355,23600,,
3001862,50,2026-09-15,1355,23600,,
3006134,17,2026-12-01,1334,23600,,
3006134,17,2026-12-07,1334,23600,,
3006134,17,2026-12-08,1334,23600,,
3006134,17,2026-12-09,1334,23600,,
3006134,17,2026-12-10,1334,23600,,
3006134,17,2026-12-13,1334,23600,,
3006134,17,2026-12-14,1334,23600,,
3006134,18,2026-12-01,1334,23600,,
3006134,18,2026-12-07,1334,23600,,
3006134,18,2026-12-08,1334,23600,,
3006134,18,2026-12-09,1334,23600,,
3006134,18,2026-12-10,1334,23600,,
3006134,18,2026-12-13,1334,23600,,
3006134,18,2026-12-14,1334,23600,,
3006134,23,2026-11-18,1824,23600,,
3006134,23,2026-11-19,1824,23600,,
3006134,23,2026-11-22,1824,23600,,
3006134,23,2026-11-23,1824,23600,,
3006134,23,2026-11-29,1824,23600,,
3006134,23,2026-11-30,1824,23600,,
3006134,24,2026-11-18,1824,23600,,
3006134,24,2026-11-19,1824,23600,,
3006134,24,2026-11-22,1824,23600,,
3006134,24,2026-11-23,1824,23600,,
3006134,24,2026-11-29,1824,23600,,
3006134,24,2026-11-30,1824,23600,,
3006134,40,2026-11-18,1824,23600,,
3006134,40,2026-11-19,1824,23600,,
3006134,40,2026-11-22,1824,23600,,
3006134,40,2026-11-23,1824,23600,,
3006134,40,2026-11-29,1824,23600,,
3006134,40,2026-11-30,1824,23600,,
3006134,50,2026-12-01,1334,23600,,
3006134,50,2026-12-07,1334,23600,,
3006134,50,2026-12-08,1334,23600,,
3006134,50,2026-12-09,1334,23600,,
3006134,50,2026-12-10,1334,23600,,
3006134,50,2026-12-13,1334,23600,,
3006134,50,2026-12-14,1334,23600,,
4476459,29,2026-12-12,2751,23600,,
4476459,30,2026-12-12,2751,23600,,
4476459,31,2026-12-12,2751,23600,,
4476459,32,2026-12-12,2751,23600,,
4476459,33,2026-12-12,2751,23600,,
4476459,34,2026-12-12,2751,23600,,
4476459,57,2026-12-12,2751,23600,,
4477291,15,2026-12-13,1210,20000,,
4477291,15,2026-12-14,1210,20000,,
4477291,38,2026-12-13,1210,20000,,
4477291,38,2026-12-14,1210,20000,,
4477291,76,2026-12-13,1210,20000,,
4477291,76,2026-12-14,1210,20000,,
8459601,15,2026-12-14,2869,23600,,
8459601,38,2026-12-14,2869,23600,,
8459601,76,2026-12-14,2869,23600,,
207833,21,2026-12-13,3150,27848,,
207833,21,2026-12-14,3150,27848,,
207833,22,2026-12-13,3150,27848,,
207833,22,2026-12-14,3150,27848,,
207833,23,2026-12-13,3150,27848,,
207833,23,2026-12-14,3150,27848,,
207833,24,2026-12-13,3150,27848,,
207833,24,2026-12-14,3150,27848,,
207833,39,2026-12-13,3150,27848,,
207833,39,2026-12-14,3150,27848,,
207833,40,2026-12-13,3150,27848,,
207833,40,2026-12-14,3150,27848,,
207833,83,2026-12-13,3150,27848,,
207833,83,2026-12-14,3150,27848,,
256107,25,2027-09-15,1602,23600,,
256107,26,2027-09-15,1602,23600,,
327829,21,2026-12-12,1512,23600,,
327829,22,2026-12-12,1512,23600,,
327829,39,2026-12-12,1512,23600,,
327829,83,2026-12-12,1512,23600,,
472129,27,2026-12-13,2115,23600,,
472129,27,2026-12-14,2115,23600,,
472129,28,2026-12-13,2115,23600,,
472129,28,2026-12-14,2115,23600,,
1043825,35,2026-12-13,2603,23600,,
1043825,35,2026-12-14,2603,23600,,
1043825,36,2026-12-13,2603,23600,,
1043825,36,2026-12-14,2603,23600,,
1075048,17,2026-12-13,1305,23600,,
1075048,17,2026-12-14,1305,23600,,
1075048,18,2026-12-13,1305,23600,,
1075048,18,2026-12-14,1305,23600,,
1075048,50,2026-12-13,1305,23600,,
1075048,50,2026-12-14,1305,23600,,
1204840,17,2026-12-13,1804,27848,,
1204840,17,2026-12-14,1804,27848,,
1204840,18,2026-12-13,1804,27848,,
1204840,18,2026-12-14,1804,27848,,
1204840,19,2026-12-13,1804,27848,,
1204840,19,2026-12-14,1804,27848,,
1204840,20,2026-12-13,1804,27848,,
1204840,20,2026-12-14,1804,27848,,
1204840,50,2026-12-13,1804,27848,,
1204840,50,2026-12-14,1804,27848,,
1206822,35,2026-12-12,3788,23600,,
1206822,36,2026-12-12,3788,23600,,
1206822,37,2026-12-12,3788,23600,,
1206897,27,2026-12-13,1839,23600,,
1206897,27,2026-12-14,1839,23600,,
1206897,28,2026-12-13,1839,23600,,
1206897,28,2026-12-14,1839,23600,,
1209749,42,2026-12-13,4275,38776,,
1209749,42,2026-12-14,4275,38776,,
1209749,43,2026-12-13,4275,38776,,
1209749,43,2026-12-14,4275,38776,,
1213613,21,2027-09-15,2825,23600,,
1213613,22,2027-09-15,2825,23600,,
1213613,39,2027-09-15,2825,23600,,
1213613,83,2027-09-15,2825,23600,,
1215728,29,2027-09-15,4016,23600,,
1215728,30,2027-09-15,4016,23600,,
1215728,31,2027-09-15,4016,23600,,
1215728,57,2027-09-15,4016,23600,,
1215728,89,2027-09-15,4016,23600,,
1218072,17,2026-11-22,5276,23600,,
1218072,17,2026-11-25,5270,23600,,
1218072,17,2026-11-26,5264,23600,,
1218072,18,2026-11-22,5276,23600,,
1218072,18,2026-11-25,5270,23600,,
1218072,18,2026-11-26,5264,23600,,
1218072,19,2026-11-22,5380,23600,,
1218072,19,2026-11-25,5373,23600,,
1218072,19,2026-11-26,5368,23600,,
1218072,20,2026-11-22,5380,23600,,
1218072,20,2026-11-25,5373,23600,,
1218072,20,2026-11-26,5368,23600,,
1218072,50,2026-11-22,5276,23600,,
1218072,50,2026-11-25,5270,23600,,
1218072,50,2026-11-26,5264,23600,,
1218072,51,2026-11-22,5380,23600,,
1218072,51,2026-11-25,5373,23600,,
1218072,51,2026-11-26,5368,23600,,
1218072,87,2026-11-22,5276,23600,,
1218072,87,2026-11-25,5270,23600,,
1218072,87,2026-11-26,5264,23600,,
1218728,27,2027-09-15,4012,20000,,
1218728,28,2027-09-15,4012,20000,,
1218728,35,2027-09-15,5219,20000,,
1218728,36,2027-09-15,5219,20000,,
1218728,37,2027-09-15,5219,20000,,
1226887,23,2026-11-21,3597,23600,,
1226887,24,2026-11-21,3597,23600,,
1226887,40,2026-11-21,3597,23600,,
1229511,19,2026-12-12,1701,23600,,
1229511,20,2026-12-12,1701,23600,,
1229511,27,2026-09-24,2237,23600,,
1229511,28,2026-09-24,2237,23600,,
1229511,41,2026-09-24,2237,23600,,
1229511,45,2026-12-13,2720,23600,,
1229511,45,2026-12-14,2720,23600,,
1229511,46,2026-12-13,2720,23600,,
1229511,46,2026-12-14,2720,23600,,
1229511,51,2026-12-12,1701,23600,,
1246851,23,2027-09-15,2067,23600,,
1246851,24,2027-09-15,2067,23600,,
1246851,40,2027-09-15,2067,23600,,
1265433,21,2026-09-20,1843,23600,,
1265433,22,2026-09-20,1843,23600,,
1265433,39,2026-09-20,1843,23600,,
1265433,83,2026-09-20,1843,23600,,
1295755,17,2026-09-20,1738,23600,,
1295755,18,2026-09-20,1738,23600,,
1295755,50,2026-09-20,1738,23600,,
1307656,17,2026-09-23,990,23600,,
1307656,17,2026-09-24,990,23600,,
1307656,18,2026-09-23,990,23600,,
1307656,18,2026-09-24,990,23600,,
1307656,19,2026-09-23,990,23600,,
1307656,19,2026-09-24,990,23600,,
1307656,20,2026-09-23,990,23600,,
1307656,20,2026-09-24,990,23600,,
1307656,25,2026-09-22,1010,23600,,
1307656,26,2026-09-22,1010,23600,,
1307656,50,2026-09-23,990,23600,,
1307656,50,2026-09-24,990,23600,,
1314078,15,2026-12-13,1540,23600,,
1314078,15,2026-12-14,1540,23600,,
1314078,38,2026-12-13,1540,23600,,
1314078,38,2026-12-14,1540,23600,,
1314078,76,2026-12-13,1540,23600,,
1314078,76,2026-12-14,1540,23600,,
1324743,17,2026-12-12,1981,27848,,
1324743,18,2026-12-12,1981,27848,,
1324743,19,2026-12-12,2050,27848,,
1324743,20,2026-12-12,2050,27848,,
1324743,50,2026-12-12,1981,27848,,
1344052,25,2027-09-15,1356,23600,,
1344052,26,2027-09-15,1356,23600,,
1412139,25,2027-09-15,1580,23600,,
1412139,26,2027-09-15,1580,23600,,
1435986,19,2026-11-22,5316,23600,,
1435986,19,2026-11-23,5316,23600,,
1435986,19,2026-11-24,5316,23600,,
1435986,19,2026-11-25,5316,23600,,
1435986,19,2026-11-26,5316,23600,,
1435986,20,2026-11-22,5316,23600,,
1435986,20,2026-11-23,5316,23600,,
1435986,20,2026-11-24,5316,23600,,
1435986,20,2026-11-25,5316,23600,,
1435986,20,2026-11-26,5316,23600,,
1441289,17,2026-09-15,2448,23600,,
1441289,18,2026-09-15,2448,23600,,
1441289,50,2026-09-15,2448,23600,,
1441289,87,2026-09-15,2448,23600,,
1442173,19,2027-09-15,1553,20000,,
1442173,20,2027-09-15,1553,20000,,
1462197,19,2027-09-15,1481,23600,,
1462197,20,2027-09-15,1481,23600,,
1463190,25,2027-09-15,1381,20000,,
1463190,26,2027-09-15,1381,20000,,
1501649,25,2026-09-24,1828,20000,,
1501649,26,2026-09-24,1828,20000,,
1508443,25,2027-09-15,1561,23600,,
1508443,26,2027-09-15,1561,23600,,
1508980,25,2027-09-15,2099,23600,,
1531125,27,2026-11-20,2130,20000,,
1531125,27,2026-11-21,2130,20000,,
1531125,28,2026-11-20,2130,20000,,
1531125,28,2026-11-21,2130,20000,,
1531125,32,2026-11-26,1992,20000,,
1531125,33,2026-11-26,1992,20000,,
1531125,34,2026-11-26,1992,20000,,
1556414,19,2026-09-24,1618,20000,,
1556414,20,2026-09-24,1618,20000,,
1556414,51,2026-09-24,1618,20000,,
1603145,19,2026-09-21,1187,23600,,
1603145,19,2026-09-22,1187,23600,,
1603145,20,2026-09-21,1187,23600,,
1603145,20,2026-09-22,1187,23600,,
1614818,17,2026-11-26,1654,20000,,
1614818,18,2026-11-26,1654,20000,,
1614818,19,2026-12-12,1826,20000,,
1614818,20,2026-12-12,1826,20000,,
1614818,50,2026-11-26,1654,20000,,
1617471,15,2026-12-13,1364,23600,,
1617471,15,2026-12-14,1364,23600,,
1617471,38,2026-12-13,1364,23600,,
1617471,38,2026-12-14,1364,23600,,
1619814,16,2026-12-13,986,23600,,
1619814,16,2026-12-14,986,23600,,
1619814,52,2026-12-13,986,23600,,
1619814,52,2026-12-14,986,23600,,
1809628,42,2026-09-24,2033,23600,,
1809628,43,2026-09-24,2033,23600,,
1873520,25,2026-12-13,1736,23600,,
1873520,25,2026-12-14,1736,23600,,
1873520,26,2026-12-13,1736,23600,,
1873520,26,2026-12-14,1736,23600,,
2010412,25,2026-12-13,1804,23600,,
2010412,25,2026-12-14,1804,23600,,
2010412,26,2026-12-13,1804,23600,,
2010412,26,2026-12-14,1804,23600,,
2017292,25,2027-09-15,1745,23600,,
2017292,26,2027-09-15,1745,23600,,
2019492,25,2026-12-12,1923,27848,,
2019492,26,2026-12-12,1923,27848,,
2031351,17,2026-12-12,2028,23600,,
2031351,18,2026-12-12,2028,23600,,
2031351,50,2026-12-12,2028,23600,,
2066561,25,2026-12-13,1763,27848,,
2066561,25,2026-12-14,1763,27848,,
2066561,26,2026-12-13,1763,27848,,
2066561,26,2026-12-14,1763,27848,,
2074839,42,2026-09-27,2483,20000,,
2074839,42,2026-09-28,2483,20000,,
2074839,42,2026-09-29,2481,20000,,
2074839,43,2026-09-27,2483,20000,,
2074839,43,2026-09-28,2483,20000,,
2074839,43,2026-09-29,2481,20000,,
2074839,44,2026-09-27,2483,20000,,
2074839,44,2026-09-28,2483,20000,,
2074839,44,2026-09-29,2481,20000,,
2089527,27,2027-09-15,1786,23600,,
2089527,28,2027-09-15,1786,23600,,
3006134,21,2026-11-29,1617,23600,,
3006134,21,2026-11-30,1617,23600,,
3006134,22,2026-11-29,1617,23600,,
3006134,22,2026-11-30,1617,23600,,
3006134,39,2026-11-29,1617,23600,,
3006134,39,2026-11-30,1617,23600,,
3006134,83,2026-11-29,1617,23600,,
3006134,83,2026-11-30,1617,23600,,
4476459,29,2026-12-13,2570,23600,,
4476459,29,2026-12-14,2570,23600,,
4476459,30,2026-12-13,2570,23600,,
4476459,30,2026-12-14,2570,23600,,
4476459,31,2026-12-13,2570,23600,,
4476459,31,2026-12-14,2570,23600,,
4476459,32,2026-12-13,2570,23600,,
4476459,32,2026-12-14,2570,23600,,
4476459,33,2026-12-13,2570,23600,,
4476459,33,2026-12-14,2570,23600,,
4476459,34,2026-12-13,2570,23600,,
4476459,34,2026-12-14,2570,23600,,
4476459,57,2026-12-13,2570,23600,,
4476459,57,2026-12-14,2570,23600,,
2365,25,2026-12-12,2520,23600,,
2365,26,2026-12-12,2520,23600,,
15738,25,2027-09-15,1571,23600,,
15738,26,2027-09-15,1571,23600,,
124913,29,2026-09-15,1844,23600,,
124913,30,2026-09-15,1844,23600,,
124913,31,2026-09-15,1844,23600,,
124913,32,2026-09-15,1913,23600,,
124913,33,2026-09-15,1913,23600,,
124913,34,2026-09-15,1913,23600,,
124913,57,2026-09-15,1844,23600,,
327829,21,2026-12-13,1501,23600,,
327829,21,2026-12-14,1501,23600,,
327829,22,2026-12-13,1501,23600,,
327829,22,2026-12-14,1501,23600,,
327829,23,2026-12-12,1581,23600,,
327829,24,2026-12-12,1581,23600,,
327829,39,2026-12-13,1501,23600,,
327829,39,2026-12-14,1501,23600,,
327829,40,2026-12-12,1581,23600,,
327829,83,2026-12-13,1501,23600,,
327829,83,2026-12-14,1501,23600,,
377366,42,2027-09-15,2651,23600,,
377366,43,2027-09-15,2651,23600,,
377366,44,2027-09-15,2651,23600,,
1115459,19,2026-09-15,1394,20000,,
1115459,20,2026-09-15,1394,20000,,
1115459,51,2026-09-15,1394,20000,,
1125927,21,2026-12-13,1359,23600,,
1125927,21,2026-12-14,1359,23600,,
1125927,22,2026-12-13,1359,23600,,
1125927,22,2026-12-14,1359,23600,,
1125927,39,2026-12-13,1359,23600,,
1125927,39,2026-12-14,1359,23600,,
1125927,83,2026-12-13,1359,23600,,
1125927,83,2026-12-14,1359,23600,,
1165837,25,2026-12-12,2214,23600,,
1165837,26,2026-12-12,2214,23600,,
1169924,27,2026-09-15,2275,23600,,
1169924,28,2026-09-15,2275,23600,,
1193381,21,2026-12-13,2599,23600,,
1193381,21,2026-12-14,2599,23600,,
1193381,22,2026-12-13,2599,23600,,
1193381,22,2026-12-14,2599,23600,,
1193381,23,2026-12-13,2599,23600,,
1193381,23,2026-12-14,2599,23600,,
1193381,24,2026-12-13,2599,23600,,
1193381,24,2026-12-14,2599,23600,,
1193381,39,2026-12-13,2599,23600,,
1193381,39,2026-12-14,2599,23600,,
1193381,40,2026-12-13,2599,23600,,
1193381,40,2026-12-14,2599,23600,,
1193381,83,2026-12-13,2599,23600,,
1193381,83,2026-12-14,2599,23600,,
1204840,15,2026-12-12,1721,27848,,
1204840,16,2026-12-12,1721,27848,,
1204840,38,2026-12-12,1721,27848,,
1204840,52,2026-12-12,1721,27848,,
1213613,19,2027-09-15,2652,23600,,
1213613,20,2027-09-15,2652,23600,,
1215728,21,2027-09-15,3809,23600,,
1215728,22,2027-09-15,3809,23600,,
1215728,39,2027-09-15,3809,23600,,
1215728,83,2027-09-15,3809,23600,,
1218728,23,2027-09-15,3701,20000,,
1218728,24,2027-09-15,3701,20000,,
1218728,40,2027-09-15,3701,20000,,
1218728,42,2027-09-15,5633,20000,,
1218728,43,2027-09-15,5633,20000,,
1221551,21,2026-09-24,1178,20000,,
1221551,22,2026-09-24,1178,20000,,
1221551,39,2026-09-24,1178,20000,,
1221551,83,2026-09-24,1178,20000,,
1226887,19,2026-11-21,3390,23600,,
1226887,20,2026-11-21,3390,23600,,
1226887,21,2026-11-21,3390,23600,,
1226887,22,2026-11-21,3390,23600,,
1226887,39,2026-11-21,3390,23600,,
1226887,51,2026-11-21,3390,23600,,
1226887,83,2026-11-21,3390,23600,,
1229920,42,2026-12-12,1781,23600,,
1229920,43,2026-12-12,1781,23600,,
1241638,25,2026-09-24,2818,23600,,
1241638,26,2026-09-24,2818,23600,,
1245526,27,2027-09-15,2806,23600,,
1245526,28,2027-09-15,2806,23600,,
1307656,25,2026-09-23,990,23600,,
1307656,26,2026-09-23,990,23600,,
1323805,45,2026-12-12,1867,23600,,
1323805,46,2026-12-12,1867,23600,,
1346833,17,2026-12-12,1532,20000,,
1346833,17,2026-12-13,1532,20000,,
1346833,17,2026-12-14,1532,20000,,
1346833,18,2026-12-12,1532,20000,,
1346833,18,2026-12-13,1532,20000,,
1346833,18,2026-12-14,1532,20000,,
1435986,17,2026-11-22,5229,23600,,
1435986,17,2026-11-23,5229,23600,,
1435986,17,2026-11-24,5229,23600,,
1435986,17,2026-11-25,5229,23600,,
1435986,17,2026-11-26,5229,23600,,
1435986,18,2026-11-22,5229,23600,,
1435986,18,2026-11-23,5229,23600,,
1435986,18,2026-11-24,5229,23600,,
1435986,18,2026-11-25,5229,23600,,
1435986,18,2026-11-26,5229,23600,,
1435986,50,2026-11-22,5229,23600,,
1435986,50,2026-11-23,5229,23600,,
1435986,50,2026-11-24,5229,23600,,
1435986,50,2026-11-25,5229,23600,,
1435986,50,2026-11-26,5229,23600,,
1456807,23,2026-12-12,1920,23600,,
1456807,24,2026-12-12,1920,23600,,
1456807,40,2026-12-12,1920,23600,,
1462197,17,2027-09-15,1378,23600,,
1462197,18,2027-09-15,1378,23600,,
1462197,19,2026-12-13,1662,23600,,
1462197,19,2026-12-14,1662,23600,,
1462197,20,2026-12-13,1662,23600,,
1462197,20,2026-12-14,1662,23600,,
1462197,50,2027-09-15,1378,23600,,
1464876,21,2026-12-12,3427,23600,,
1464876,22,2026-12-12,3427,23600,,
1464876,23,2026-12-12,3565,23600,,
1464876,24,2026-12-12,3565,23600,,
1464876,29,2026-12-12,3531,23600,,
1464876,30,2026-12-12,3531,23600,,
1464876,31,2026-12-12,3531,23600,,
1464876,32,2026-12-12,3669,23600,,
1464876,33,2026-12-12,3669,23600,,
1464876,34,2026-12-12,3669,23600,,
1464876,39,2026-12-12,3427,23600,,
1464876,40,2026-12-12,3565,23600,,
1464876,57,2026-12-12,3531,23600,,
1464876,83,2026-12-12,3427,23600,,
1473477,27,2026-12-13,2185,23600,,
1473477,27,2026-12-14,2185,23600,,
1473477,28,2026-12-13,2185,23600,,
1473477,28,2026-12-14,2185,23600,,
1475870,17,2026-12-13,2286,23600,,
1475870,17,2026-12-14,2286,23600,,
1475870,18,2026-12-13,2286,23600,,
1475870,18,2026-12-14,2286,23600,,
1475870,19,2026-12-13,2286,23600,,
1475870,19,2026-12-14,2286,23600,,
1475870,20,2026-12-13,2286,23600,,
1475870,20,2026-12-14,2286,23600,,
1475870,50,2026-12-13,2286,23600,,
1475870,50,2026-12-14,2286,23600,,
1475870,51,2026-12-13,2286,23600,,
1475870,51,2026-12-14,2286,23600,,
1475965,27,2027-09-15,1673,23600,,
1475965,28,2027-09-15,1673,23600,,
1531125,29,2026-11-26,1854,20000,,
1531125,30,2026-11-26,1854,20000,,
1531125,31,2026-11-26,1854,20000,,
1531125,32,2026-11-20,1992,20000,,
1531125,32,2026-11-21,1992,20000,,
1531125,33,2026-11-20,1992,20000,,
1531125,33,2026-11-21,1992,20000,,
1531125,34,2026-11-20,1992,20000,,
1531125,34,2026-11-21,1992,20000,,
1531125,57,2026-11-26,1854,20000,,
1555338,25,2027-09-15,2214,23600,,
1555338,26,2027-09-15,2214,23600,,
1581295,25,2026-12-13,1572,27848,,
1581295,25,2026-12-14,1572,27848,,
1581295,26,2026-12-13,1572,27848,,
1581295,26,2026-12-14,1572,27848,,
1581295,35,2026-09-24,1989,27848,,
1581295,36,2026-09-24,1989,27848,,
1604662,29,2026-12-13,2784,20000,,
1604662,29,2026-12-14,2784,20000,,
1604662,30,2026-12-13,2784,20000,,
1604662,30,2026-12-14,2784,20000,,
1604662,31,2026-12-13,2784,20000,,
1604662,31,2026-12-14,2784,20000,,
1604662,32,2026-12-13,2784,20000,,
1604662,32,2026-12-14,2784,20000,,
1604662,33,2026-12-13,2784,20000,,
1604662,33,2026-12-14,2784,20000,,
1604662,34,2026-12-13,2784,20000,,
1604662,34,2026-12-14,2784,20000,,
1604662,57,2026-12-13,2784,20000,,
1604662,57,2026-12-14,2784,20000,,
1609002,25,2027-09-15,2191,23600,,
1609002,26,2027-09-15,2191,23600,,
1614818,17,2026-12-12,1654,20000,,
1614818,18,2026-12-12,1654,20000,,
1614818,19,2026-11-20,1828,20000,,
1614818,19,2026-11-21,1828,20000,,
1614818,20,2026-11-20,1828,20000,,
1614818,20,2026-11-21,1828,20000,,
1614818,50,2026-12-12,1654,20000,,
1767140,64,2026-12-12,3611,23600,,
1767140,65,2026-12-12,3611,23600,,
1809628,45,2026-09-24,1860,23600,,
1809628,46,2026-09-24,1860,23600,,
1978478,27,2027-09-15,1852,27848,,
1978478,28,2027-09-15,1852,27848,,
2011351,25,2026-12-12,1865,23600,,
2011351,26,2026-12-12,1865,23600,,
2022899,23,2026-12-12,1702,23600,,
2022899,24,2026-12-12,1702,23600,,
2022899,40,2026-12-12,1702,23600,,
2022899,84,2026-12-12,1702,23600,,
2024299,42,2026-12-12,3477,23600,,
2024299,42,2026-12-12,3477,23600,,
2024299,43,2026-12-12,3477,23600,,
2024299,43,2026-12-12,3477,23600,,
2071352,21,2026-09-24,1854,23600,,
2071352,22,2026-09-24,1854,23600,,
2071352,23,2026-09-24,1854,23600,,
2071352,24,2026-09-24,1854,23600,,
2071352,25,2026-12-13,2189,23600,,
2071352,25,2026-12-14,2189,23600,,
2071352,26,2026-12-13,2189,23600,,
2071352,26,2026-12-14,2189,23600,,
2071352,39,2026-09-24,1854,23600,,
2071352,40,2026-09-24,1854,23600,,
2071352,83,2026-09-24,1854,23600,,
2074839,42,2026-09-25,2483,20000,,
2074839,42,2026-09-26,2483,20000,,
2074839,43,2026-09-25,2483,20000,,
2074839,43,2026-09-26,2483,20000,,
2074839,44,2026-09-25,2483,20000,,
2074839,44,2026-09-26,2483,20000,,
2076663,25,2027-09-15,1312,23600,,
2076663,26,2027-09-15,1312,23600,,
2088875,25,2027-09-15,2096,23600,,
2088875,26,2027-09-15,2096,23600,,
3009824,17,2026-09-21,954,23600,,
3009824,17,2026-09-22,954,23600,,
3009824,17,2026-09-23,954,23600,,
3009824,17,2026-09-24,954,23600,,
3009824,18,2026-09-21,954,23600,,
3009824,18,2026-09-22,954,23600,,
3009824,18,2026-09-23,954,23600,,
3009824,18,2026-09-24,954,23600,,
3009824,19,2026-09-21,954,23600,,
3009824,19,2026-09-22,954,23600,,
3009824,19,2026-09-23,954,23600,,
3009824,19,2026-09-24,954,23600,,
3009824,20,2026-09-21,954,23600,,
3009824,20,2026-09-22,954,23600,,
3009824,20,2026-09-23,954,23600,,
3009824,20,2026-09-24,954,23600,,
3009824,50,2026-09-21,954,23600,,
3009824,50,2026-09-22,954,23600,,
3009824,50,2026-09-23,954,23600,,
3009824,50,2026-09-24,954,23600,,
124913,25,2026-09-15,1775,23600,,
124913,26,2026-09-15,1775,23600,,
242206,25,2027-09-15,2939,23600,,
265185,27,2027-09-15,2130,23600,,
265185,28,2027-09-15,2130,23600,,
327829,23,2026-12-13,1570,23600,,
327829,23,2026-12-14,1570,23600,,
327829,24,2026-12-13,1570,23600,,
327829,24,2026-12-14,1570,23600,,
327829,40,2026-12-13,1570,23600,,
327829,40,2026-12-14,1570,23600,,
371149,25,2027-09-15,3143,23600,,
371149,26,2027-09-15,3143,23600,,
1043825,27,2026-12-13,2327,23600,,
1043825,27,2026-12-14,2327,23600,,
1043825,28,2026-12-13,2327,23600,,
1043825,28,2026-12-14,2327,23600,,
1125927,27,2026-12-13,1704,23600,,
1125927,27,2026-12-14,1704,23600,,
1125927,28,2026-12-13,1704,23600,,
1125927,28,2026-12-14,1704,23600,,
1146139,27,2027-09-15,1355,23600,,
1146139,28,2027-09-15,1355,23600,,
1166122,35,2027-09-15,2354,23600,,
1166122,36,2027-09-15,2354,23600,,
1204840,21,2026-12-12,2066,27848,,
1204840,22,2026-12-12,2066,27848,,
1204840,23,2026-12-12,2066,27848,,
1204840,24,2026-12-12,2066,27848,,
1204840,39,2026-12-12,2066,27848,,
1206822,29,2026-12-12,3305,23600,,
1206822,30,2026-12-12,3305,23600,,
1206822,31,2026-12-12,3305,23600,,
1206822,32,2026-12-12,3305,23600,,
1206822,33,2026-12-12,3305,23600,,
1206822,34,2026-12-12,3305,23600,,
1206822,57,2026-12-12,3305,23600,,
1206822,58,2026-12-12,3305,23600,,
1206822,89,2026-12-12,3305,23600,,
1213613,17,2027-09-15,2480,23600,,
1213613,18,2027-09-15,2480,23600,,
1213613,50,2027-09-15,2480,23600,,
1215728,23,2027-09-15,3878,23600,,
1215728,24,2027-09-15,3878,23600,,
1215728,32,2027-09-15,4085,23600,,
1215728,33,2027-09-15,4085,23600,,
1215728,34,2027-09-15,4085,23600,,
1215728,40,2027-09-15,3878,23600,,
1215728,58,2027-09-15,4085,23600,,
1218728,15,2027-09-13,2597,20000,,
1218728,15,2027-09-14,2597,20000,,
1218728,15,2027-09-15,2597,20000,,
1218728,16,2027-09-13,2597,20000,,
1218728,16,2027-09-14,2597,20000,,
1218728,16,2027-09-15,2597,20000,,
1218728,21,2027-09-15,3563,20000,,
1218728,22,2027-09-15,3563,20000,,
1218728,38,2027-09-13,2597,20000,,
1218728,38,2027-09-14,2597,20000,,
1218728,38,2027-09-15,2597,20000,,
1218728,39,2027-09-15,3563,20000,,
1218728,52,2027-09-13,2597,20000,,
1218728,52,2027-09-14,2597,20000,,
1218728,52,2027-09-15,2597,20000,,
1218728,76,2027-09-13,2597,20000,,
1218728,76,2027-09-14,2597,20000,,
1218728,76,2027-09-15,2597,20000,,
1218728,83,2027-09-15,3563,20000,,
1226887,17,2026-11-21,3183,23600,,
1226887,18,2026-11-21,3183,23600,,
1226887,50,2026-11-21,3183,23600,,
1226887,87,2026-11-21,3183,23600,,
1229511,25,2026-09-24,1892,23600,,
1229511,26,2026-09-24,1892,23600,,
1229920,42,2026-12-14,1727,23600,,
1229920,43,2026-12-14,1727,23600,,
1241638,25,2027-09-15,2771,23600,,
1241638,26,2027-09-15,2771,23600,,
1242933,27,2027-09-15,3491,23600,,
1242933,28,2027-09-15,3491,23600,,
1346833,19,2026-12-12,1670,20000,,
1346833,19,2026-12-13,1670,20000,,
1346833,19,2026-12-14,1670,20000,,
1381192,19,2027-09-15,2207,23600,,
1381192,20,2027-09-15,2207,23600,,
1412139,25,2026-12-13,1548,23600,,
1412139,25,2026-12-14,1548,23600,,
1412139,26,2026-12-13,1548,23600,,
1412139,26,2026-12-14,1548,23600,,
1456807,19,2026-12-12,1782,23600,,
1456807,20,2026-12-12,1782,23600,,
1456807,21,2026-12-12,1851,23600,,
1456807,22,2026-12-12,1851,23600,,
1456807,39,2026-12-12,1851,23600,,
1456807,51,2026-12-12,1782,23600,,
1456807,83,2026-12-12,1851,23600,,
1531125,27,2026-12-12,2130,20000,,
1531125,28,2026-12-12,2130,20000,,
1531125,29,2026-11-20,1854,20000,,
1531125,29,2026-11-21,1854,20000,,
1531125,30,2026-11-20,1854,20000,,
1531125,30,2026-11-21,1854,20000,,
1531125,31,2026-11-20,1854,20000,,
1531125,31,2026-11-21,1854,20000,,
1531125,57,2026-11-20,1854,20000,,
1531125,57,2026-11-21,1854,20000,,
1535153,27,2026-11-29,1875,23600,,
1535153,27,2026-11-30,1875,23600,,
1535153,28,2026-11-29,1875,23600,,
1535153,28,2026-11-30,1875,23600,,
1581295,25,2027-09-15,1211,27848,,
1581295,26,2027-09-15,1211,27848,,
1581295,27,2026-09-21,1678,27848,,
1581295,27,2026-09-22,1678,27848,,
1581295,27,2026-09-23,1678,27848,,
1581295,27,2026-09-24,1678,27848,,
1581295,28,2026-09-21,1678,27848,,
1581295,28,2026-09-22,1678,27848,,
1581295,28,2026-09-23,1678,27848,,
1581295,28,2026-09-24,1678,27848,,
1581295,29,2026-09-21,1644,27848,,
1581295,29,2026-09-22,1644,27848,,
1581295,29,2026-09-23,1644,27848,,
1581295,30,2026-09-21,1644,27848,,
1581295,30,2026-09-22,1644,27848,,
1581295,30,2026-09-23,1644,27848,,
1581295,31,2026-09-21,1644,27848,,
1581295,31,2026-09-22,1644,27848,,
1581295,31,2026-09-23,1644,27848,,
1581295,32,2026-09-21,1644,27848,,
1581295,32,2026-09-22,1644,27848,,
1581295,32,2026-09-23,1644,27848,,
1581295,33,2026-09-21,1644,27848,,
1581295,33,2026-09-22,1644,27848,,
1581295,33,2026-09-23,1644,27848,,
1581295,41,2026-09-21,1678,27848,,
1581295,41,2026-09-22,1678,27848,,
1581295,41,2026-09-23,1678,27848,,
1581295,41,2026-09-24,1678,27848,,
1596296,27,2026-12-12,2536,32861,,
1596296,27,2026-12-13,2536,32861,,
1596296,27,2026-12-14,2536,32861,,
1596296,28,2026-12-12,2536,32861,,
1596296,28,2026-12-13,2536,32861,,
1596296,28,2026-12-14,2536,32861,,
1596296,41,2026-12-12,2536,32861,,
1596296,41,2026-12-13,2536,32861,,
1596296,41,2026-12-14,2536,32861,,
1608379,17,2026-12-13,3166,23600,,
1608379,17,2026-12-14,3166,23600,,
1608379,18,2026-12-13,3166,23600,,
1608379,18,2026-12-14,3166,23600,,
1608379,19,2026-12-13,3166,23600,,
1608379,19,2026-12-14,3166,23600,,
1608379,20,2026-12-13,3166,23600,,
1608379,20,2026-12-14,3166,23600,,
1608379,50,2026-12-13,3166,23600,,
1608379,50,2026-12-14,3166,23600,,
1608379,51,2026-12-13,3166,20000,,
1608379,51,2026-12-14,3166,20000,,
1608379,87,2026-12-13,3166,20000,,
1608379,87,2026-12-14,3166,20000,,
1896095,27,2027-09-15,1439,23600,,
1896095,28,2027-09-15,1439,23600,,
2017292,25,2026-12-13,1711,23600,,
2017292,25,2026-12-14,1711,23600,,
2017292,26,2026-12-13,1711,23600,,
2017292,26,2026-12-14,1711,23600,,
2024299,25,2027-09-15,1714,23600,,
2024299,26,2027-09-15,1714,23600,,
2024299,35,2026-12-12,3132,23600,,
2024299,35,2026-12-12,3132,23600,,
2024299,36,2026-12-12,3132,23600,,
2024299,36,2026-12-12,3132,23600,,
2024299,37,2026-12-12,3132,23600,,
2025675,35,2026-12-12,2682,20000,,
2025675,36,2026-12-12,2682,20000,,
2053245,35,2027-09-15,2505,23600,,
2053245,36,2027-09-15,2505,23600,,
2065763,25,2026-09-24,1696,32861,,
2065763,26,2026-09-24,1696,32861,,
2065763,55,2026-09-24,1696,32861,,
2065763,95,2026-09-24,1696,32861,,
3006134,19,2026-11-29,1472,23600,,
3006134,19,2026-11-30,1472,23600,,
3006134,20,2026-11-29,1472,23600,,
3006134,20,2026-11-30,1472,23600,,
4477291,17,2026-12-13,1279,20000,,
4477291,17,2026-12-14,1279,20000,,
4477291,18,2026-12-13,1279,20000,,
4477291,18,2026-12-14,1279,20000,,
4477291,50,2026-12-13,1279,20000,,
4477291,50,2026-12-14,1279,20000,,
242206,27,2027-09-15,3077,23600,,
242206,28,2027-09-15,3077,23600,,
1043825,29,2026-12-13,2258,23600,,
1043825,29,2026-12-14,2258,23600,,
1043825,30,2026-12-13,2258,23600,,
1043825,30,2026-12-14,2258,23600,,
1043825,31,2026-12-13,2258,23600,,
1043825,31,2026-12-14,2258,23600,,
1043825,32,2026-12-13,2258,23600,,
1043825,32,2026-12-14,2258,23600,,
1043825,33,2026-12-13,2258,23600,,
1043825,33,2026-12-14,2258,23600,,
1043825,34,2026-12-13,2258,23600,,
1043825,34,2026-12-14,2258,23600,,
1043825,57,2026-12-13,2258,23600,,
1043825,57,2026-12-14,2258,23600,,
1166122,35,2026-12-12,2714,23600,,
1166122,36,2026-12-12,2714,23600,,
1169924,23,2026-09-15,2068,23600,,
1169924,24,2026-09-15,2068,23600,,
1169924,27,2026-12-12,2693,23600,,
1169924,28,2026-12-12,2693,23600,,
1169924,40,2026-09-15,2068,23600,,
1209749,35,2026-12-13,3585,38776,,
1209749,35,2026-12-14,3585,38776,,
1209749,36,2026-12-13,3585,38776,,
1209749,36,2026-12-14,3585,38776,,
1209749,37,2026-12-13,3585,38776,,
1209749,37,2026-12-14,3585,38776,,
1218728,25,2027-09-15,3149,20000,,
1218728,26,2027-09-15,3149,20000,,
1229511,23,2026-09-24,1754,23600,,
1229511,24,2026-09-24,1754,23600,,
1229511,27,2026-12-13,2237,23600,,
1229511,27,2026-12-14,2237,23600,,
1229511,28,2026-12-13,2237,23600,,
1229511,28,2026-12-14,2237,23600,,
1229511,40,2026-09-24,1754,23600,,
1229511,41,2026-12-13,2237,23600,,
1229511,41,2026-12-14,2237,23600,,
1229511,84,2026-09-24,1754,23600,,
1229920,42,2026-09-24,1468,23600,,
1229920,43,2026-09-24,1468,23600,,
1307656,25,2026-12-13,1318,23600,,
1307656,25,2026-12-14,1318,23600,,
1307656,26,2026-12-13,1318,23600,,
1307656,26,2026-12-14,1318,23600,,
1346833,29,2026-12-12,1946,20000,,
1346833,29,2026-12-13,1946,20000,,
1346833,29,2026-12-14,1946,20000,,
1346833,30,2026-12-12,1946,20000,,
1346833,30,2026-12-13,1946,20000,,
1346833,30,2026-12-14,1946,20000,,
1346833,31,2026-12-12,1946,20000,,
1346833,31,2026-12-13,1946,20000,,
1346833,31,2026-12-14,1946,20000,,
1346833,57,2026-12-12,1946,20000,,
1346833,57,2026-12-13,1946,20000,,
1346833,57,2026-12-14,1946,20000,,
1346833,89,2026-12-12,1946,20000,,
1346833,89,2026-12-13,1946,20000,,
1346833,89,2026-12-14,1946,20000,,
1375831,27,2026-09-24,2568,23600,,
1375831,27,2027-09-15,2562,23600,,
1375831,28,2026-09-24,2568,23600,,
1375831,28,2027-09-15,2562,23600,,
1399581,27,2026-12-13,1386,27848,,
1399581,27,2026-12-14,1386,27848,,
1399581,28,2026-12-13,1386,27848,,
1399581,28,2026-12-14,1386,27848,,
1453534,25,2027-09-15,1699,23600,,
1453534,26,2027-09-15,1699,23600,,
1456807,17,2026-12-12,1713,23600,,
1456807,18,2026-12-12,1713,23600,,
1456807,50,2026-12-12,1713,23600,,
1456807,87,2026-12-12,1713,23600,,
1462197,17,2026-12-13,1558,23600,,
1462197,17,2026-12-14,1558,23600,,
1462197,18,2026-12-13,1558,23600,,
1462197,18,2026-12-14,1558,23600,,
1462197,50,2026-12-13,1558,23600,,
1462197,50,2026-12-14,1558,23600,,
1486131,25,2026-12-13,2218,23600,,
1486131,25,2026-12-14,2218,23600,,
1503376,35,2027-09-15,2558,23600,,
1503376,36,2027-09-15,2558,23600,,
1531125,32,2026-12-12,1992,20000,,
1531125,33,2026-12-12,1992,20000,,
1531125,34,2026-12-12,1992,20000,,
1535153,27,2026-12-13,1875,23600,,
1535153,27,2026-12-14,1875,23600,,
1535153,28,2026-12-13,1875,23600,,
1535153,28,2026-12-14,1875,23600,,
1558817,25,2027-09-15,1826,23600,,
1558817,26,2027-09-15,1826,23600,,
1581295,21,2026-09-21,1333,27848,,
1581295,21,2026-09-22,1333,27848,,
1581295,21,2026-09-23,1333,27848,,
1581295,21,2026-09-24,1333,27848,,
1581295,22,2026-09-21,1333,27848,,
1581295,22,2026-09-22,1333,27848,,
1581295,22,2026-09-23,1333,27848,,
1581295,22,2026-09-24,1333,27848,,
1581295,29,2026-09-24,1644,27848,,
1581295,30,2026-09-24,1644,27848,,
1581295,31,2026-09-24,1644,27848,,
1581295,32,2026-09-24,1644,27848,,
1581295,33,2026-09-24,1644,27848,,
1581295,39,2026-09-21,1333,27848,,
1581295,39,2026-09-22,1333,27848,,
1581295,39,2026-09-23,1333,27848,,
1581295,39,2026-09-24,1333,27848,,
1581295,83,2026-09-21,1333,27848,,
1581295,83,2026-09-22,1333,27848,,
1581295,83,2026-09-23,1333,27848,,
1581295,83,2026-09-24,1333,27848,,
1581295,97,2026-09-21,1333,27848,,
1581295,97,2026-09-22,1333,27848,,
1581295,97,2026-09-23,1333,27848,,
1581295,97,2026-09-24,1333,27848,,
1595009,42,2026-12-12,2645,23600,,
1595009,43,2026-12-12,2645,23600,,
1595009,44,2026-12-12,2645,23600,,
1614818,17,2026-11-20,1655,20000,,
1614818,17,2026-11-21,1655,20000,,
1614818,18,2026-11-20,1655,20000,,
1614818,18,2026-11-21,1655,20000,,
1614818,50,2026-11-20,1655,20000,,
1614818,50,2026-11-21,1655,20000,,
1702720,17,2026-12-13,2296,23600,,
1702720,17,2026-12-14,2296,23600,,
1702720,18,2026-12-13,2296,23600,,
1702720,18,2026-12-14,2296,23600,,
1702720,19,2026-12-13,2296,23600,,
1702720,19,2026-12-14,2296,23600,,
1702720,20,2026-12-13,2296,23600,,
1702720,20,2026-12-14,2296,23600,,
1702720,50,2026-12-13,2296,23600,,
1702720,50,2026-12-14,2296,23600,,
1929807,25,2026-09-24,1524,23600,,
1929807,26,2026-09-24,1524,23600,,
2031351,27,2026-12-13,2519,23600,,
2031351,27,2026-12-14,2519,23600,,
2031351,28,2026-12-13,2519,23600,,
2031351,28,2026-12-14,2519,23600,,
2037169,27,2027-09-15,2890,23600,,
2037169,28,2027-09-15,2890,23600,,
2063608,25,2027-09-15,1369,23600,,
2063608,26,2027-09-15,1369,23600,,
2071352,17,2026-09-24,1647,23600,,
2071352,18,2026-09-24,1647,23600,,
2071352,19,2026-09-24,1647,23600,,
2071352,20,2026-09-24,1647,23600,,
2071352,21,2026-12-13,1913,23600,,
2071352,21,2026-12-14,1913,23600,,
2071352,22,2026-12-13,1913,23600,,
2071352,22,2026-12-14,1913,23600,,
2071352,23,2026-12-13,1913,23600,,
2071352,23,2026-12-14,1913,23600,,
2071352,24,2026-12-13,1913,23600,,
2071352,24,2026-12-14,1913,23600,,
2071352,39,2026-12-13,1913,23600,,
2071352,39,2026-12-14,1913,23600,,
2071352,40,2026-12-13,1913,23600,,
2071352,40,2026-12-14,1913,23600,,
2071352,50,2026-09-24,1647,23600,,
2071352,51,2026-09-24,1647,23600,,
2071352,83,2026-12-13,1913,23600,,
2071352,83,2026-12-14,1913,23600,,
2071352,87,2026-09-24,1647,23600,,
2079707,25,2026-09-24,1428,23600,,
2079707,26,2026-09-24,1428,23600,,
2345375,27,2027-09-15,1692,23600,,
2345375,28,2027-09-15,1692,23600,,
9772256,42,2026-09-15,6090,23600,,
9772256,43,2026-09-15,6090,23600,,
2365,19,2026-12-12,2175,23600,,
2365,20,2026-12-12,2175,23600,,
2365,51,2026-12-12,2175,23600,,
242206,25,2026-09-24,2881,23600,,
242206,25,2026-12-13,2881,23600,,
242206,25,2026-12-14,2881,23600,,
1107594,27,2027-09-15,1884,23600,,
1107594,28,2027-09-15,1884,23600,,
1168384,25,2026-12-12,1466,23600,,
1168384,26,2026-12-12,1466,23600,,
1169924,19,2026-09-15,1551,23600,,
1169924,20,2026-09-15,1551,23600,,
1206822,17,2026-12-12,2339,23600,,
1206822,18,2026-12-12,2339,23600,,
1206822,19,2026-12-12,2339,23600,,
1206822,20,2026-12-12,2339,23600,,
1206822,50,2026-12-12,2339,23600,,
1206822,51,2026-12-12,2339,23600,,
1206822,87,2026-12-12,2339,23600,,
1206897,21,2026-12-13,1494,23600,,
1206897,21,2026-12-14,1494,23600,,
1206897,22,2026-12-13,1494,23600,,
1206897,22,2026-12-14,1494,23600,,
1206897,23,2026-12-13,1494,23600,,
1206897,23,2026-12-14,1494,23600,,
1206897,24,2026-12-13,1494,23600,,
1206897,24,2026-12-14,1494,23600,,
1206897,39,2026-12-13,1494,23600,,
1206897,39,2026-12-14,1494,23600,,
1206897,40,2026-12-13,1494,23600,,
1206897,40,2026-12-14,1494,23600,,
1206897,83,2026-12-13,1494,23600,,
1206897,83,2026-12-14,1494,23600,,
1221551,15,2026-09-24,1040,20000,,
1221551,23,2026-09-24,1247,20000,,
1221551,24,2026-09-24,1247,20000,,
1221551,38,2026-09-24,1040,20000,,
1221551,40,2026-09-24,1247,20000,,
1221551,76,2026-09-24,1040,20000,,
1229511,21,2026-09-24,1650,23600,,
1229511,22,2026-09-24,1650,23600,,
1229511,39,2026-09-24,1650,23600,,
1229511,83,2026-09-24,1650,23600,,
1229511,97,2026-09-24,1650,23600,,
1241638,25,2026-09-20,2710,23600,,
1241638,26,2026-09-20,2710,23600,,
1244531,27,2027-09-15,3079,23600,,
1244531,28,2027-09-15,3079,23600,,
1298420,25,2027-09-15,1408,23600,,
1298420,26,2027-09-15,1408,23600,,
1343286,27,2027-09-15,2381,23600,,
1343286,28,2027-09-15,2381,23600,,
1346833,32,2026-12-12,2118,20000,,
1346833,32,2026-12-13,2118,20000,,
1346833,32,2026-12-14,2118,20000,,
1346833,33,2026-12-12,2118,20000,,
1346833,33,2026-12-13,2118,20000,,
1346833,33,2026-12-14,2118,20000,,
1346833,34,2026-12-12,2118,20000,,
1346833,34,2026-12-13,2118,20000,,
1346833,34,2026-12-14,2118,20000,,
1346833,58,2026-12-12,2118,20000,,
1346833,58,2026-12-13,2118,20000,,
1346833,58,2026-12-14,2118,20000,,
1456807,16,2026-12-12,1627,23600,,
1456807,52,2026-12-12,1627,23600,,
1473477,25,2027-09-15,1529,23600,,
1473477,26,2027-09-15,1529,23600,,
1486131,25,2027-09-15,1699,23600,,
1507161,25,2027-09-15,1597,23600,,
1507161,26,2027-09-15,1597,23600,,
1531125,23,2026-11-26,1578,20000,,
1531125,24,2026-11-26,1578,20000,,
1531125,40,2026-11-26,1578,20000,,
1547096,42,2027-09-15,2148,20000,,
1547096,43,2027-09-15,2148,20000,,
1597119,25,2026-09-20,1658,23600,,
1597119,25,2026-12-13,1654,23600,,
1597119,25,2026-12-14,1654,23600,,
1597119,26,2026-09-20,1658,23600,,
1597119,26,2026-12-13,1654,23600,,
1597119,26,2026-12-14,1654,23600,,
1766640,27,2026-12-13,1877,23600,,
1766640,27,2026-12-14,1877,23600,,
1766640,28,2026-12-13,1877,23600,,
1766640,28,2026-12-14,1877,23600,,
1873520,25,2026-09-24,1650,23600,,
1873520,26,2026-09-24,1650,23600,,
1903843,27,2026-12-13,1847,23600,,
1903843,27,2026-12-14,1847,23600,,
1903843,27,2027-09-15,1847,23600,,
1903843,28,2026-12-13,1847,23600,,
1903843,28,2026-12-14,1847,23600,,
1903843,28,2027-09-15,1847,23600,,
1912757,25,2027-09-15,1118,23600,,
1912757,26,2027-09-15,1118,23600,,
1929807,25,2026-12-12,1865,23600,,
1929807,26,2026-12-12,1865,23600,,
2020755,21,2026-12-13,2972,20000,,
2020755,21,2026-12-14,2972,20000,,
2020755,22,2026-12-13,2972,20000,,
2020755,22,2026-12-14,2972,20000,,
2020755,39,2026-12-13,2972,20000,,
2020755,39,2026-12-14,2972,20000,,
2020755,83,2026-12-13,2972,20000,,
2020755,83,2026-12-14,2972,20000,,
2024299,29,2026-12-12,2787,23600,,
2024299,29,2026-12-12,2787,23600,,
2024299,30,2026-12-12,2787,23600,,
2024299,30,2026-12-12,2787,23600,,
2024299,31,2026-12-12,2787,23600,,
2024299,32,2026-12-12,2787,23600,,
2024299,32,2026-12-12,2787,23600,,
2024299,33,2026-12-12,2787,23600,,
2024299,33,2026-12-12,2787,23600,,
2024299,34,2026-12-12,2787,23600,,
2024299,57,2026-12-12,2787,23600,,
2024299,58,2026-12-12,2787,23600,,
2024299,89,2026-12-12,2787,23600,,
2024578,15,2027-09-15,1070,20000,,
2024578,38,2027-09-15,1070,20000,,
2026607,42,2026-12-12,2959,20000,,
2026607,43,2026-12-12,2959,20000,,
2083696,45,2026-12-12,2485,23600,,
2083696,46,2026-12-12,2485,23600,,
3006134,17,2026-11-29,1334,23600,,
3006134,17,2026-11-30,1334,23600,,
3006134,18,2026-11-29,1334,23600,,
3006134,18,2026-11-30,1334,23600,,
3006134,50,2026-11-29,1334,23600,,
3006134,50,2026-11-30,1334,23600,,
4477291,21,2026-12-13,1417,20000,,
4477291,21,2026-12-14,1417,20000,,
4477291,22,2026-12-13,1417,20000,,
4477291,22,2026-12-14,1417,20000,,
4477291,39,2026-12-13,1417,20000,,
4477291,39,2026-12-14,1417,20000,,
124913,19,2026-09-15,1430,23600,,
124913,20,2026-09-15,1430,23600,,
242206,27,2026-09-24,3019,23600,,
242206,27,2026-12-13,3019,23600,,
242206,27,2026-12-14,3019,23600,,
242206,28,2026-09-24,3019,23600,,
242206,28,2026-12-13,3019,23600,,
242206,28,2026-12-14,3019,23600,,
472129,21,2026-12-13,1598,23600,,
472129,21,2026-12-13,1598,23600,,
472129,21,2026-12-14,1598,23600,,
472129,21,2026-12-14,1598,23600,,
472129,22,2026-12-13,1598,23600,,
472129,22,2026-12-13,1598,23600,,
472129,22,2026-12-14,1598,23600,,
472129,22,2026-12-14,1598,23600,,
472129,23,2026-12-13,1598,23600,,
472129,23,2026-12-13,1598,23600,,
472129,23,2026-12-14,1598,23600,,
472129,23,2026-12-14,1598,23600,,
472129,24,2026-12-13,1598,23600,,
472129,24,2026-12-13,1598,23600,,
472129,24,2026-12-14,1598,23600,,
472129,24,2026-12-14,1598,23600,,
472129,39,2026-12-13,1598,23600,,
472129,39,2026-12-14,1598,23600,,
472129,40,2026-12-13,1598,23600,,
472129,40,2026-12-14,1598,23600,,
472129,83,2026-12-13,1598,23600,,
472129,83,2026-12-14,1598,23600,,
1043825,23,2026-12-13,1982,23600,,
1043825,23,2026-12-14,1982,23600,,
1043825,24,2026-12-13,1982,23600,,
1043825,24,2026-12-14,1982,23600,,
1043825,40,2026-12-13,1982,23600,,
1043825,40,2026-12-14,1982,23600,,
1104342,23,2026-09-21,1700,32861,,
1104342,24,2026-09-21,1700,32861,,
1104342,40,2026-09-21,1700,32861,,
1107594,27,2027-09-15,1884,20000,,
1107594,28,2027-09-15,1884,20000,,
1166122,27,2026-12-12,2321,23600,,
1166122,27,2027-09-15,1962,23600,,
1166122,28,2026-12-12,2321,23600,,
1166122,28,2027-09-15,1962,23600,,
1169924,17,2026-09-15,1482,23600,,
1169924,18,2026-09-15,1482,23600,,
1169924,21,2026-09-15,1861,23600,,
1169924,22,2026-09-15,1861,23600,,
1169924,23,2026-12-12,2486,23600,,
1169924,24,2026-12-12,2486,23600,,
1169924,39,2026-09-15,1861,23600,,
1169924,40,2026-12-12,2486,23600,,
1169924,50,2026-09-15,1482,23600,,
1169924,83,2026-09-15,1861,23600,,
1204840,17,2026-12-12,1859,27848,,
1204840,18,2026-12-12,1859,27848,,
1204840,19,2026-12-12,1859,27848,,
1204840,20,2026-12-12,1859,27848,,
1204840,50,2026-12-12,1859,27848,,
1206822,42,2026-12-13,3979,23600,,
1206822,42,2026-12-14,3979,23600,,
1206822,43,2026-12-13,3979,23600,,
1206822,43,2026-12-14,3979,23600,,
1218728,17,2027-09-15,2804,20000,,
1218728,18,2027-09-15,2804,20000,,
1218728,19,2027-09-15,2908,20000,,
1218728,20,2027-09-15,2908,20000,,
1218728,50,2027-09-15,2804,20000,,
1218728,51,2027-09-15,2908,20000,,
1218728,87,2027-09-15,2804,20000,,
1244531,27,2026-09-24,3045,23600,,
1244531,28,2026-09-24,3045,23600,,
1307656,25,2026-09-24,990,23600,,
1307656,26,2026-09-24,990,23600,,
1379430,25,2026-12-13,2255,23600,,
1379430,25,2026-12-14,2255,23600,,
1379430,26,2026-12-13,2255,23600,,
1379430,26,2026-12-14,2255,23600,,
1381192,23,2027-09-15,2414,23600,,
1381192,24,2027-09-15,2414,23600,,
1411710,25,2027-09-15,2008,23600,,
1411710,26,2027-09-15,2008,23600,,
1456807,15,2026-12-12,1575,23600,,
1456807,38,2026-12-12,1575,23600,,
1456807,76,2026-12-12,1575,23600,,
1475965,25,2027-09-15,1328,23600,,
1475965,26,2027-09-15,1328,23600,,
1531125,23,2026-11-20,1578,20000,,
1531125,23,2026-11-21,1578,20000,,
1531125,24,2026-11-20,1578,20000,,
1531125,24,2026-11-21,1578,20000,,
1531125,29,2026-12-12,1854,20000,,
1531125,30,2026-12-12,1854,20000,,
1531125,31,2026-12-12,1854,20000,,
1531125,40,2026-11-20,1578,20000,,
1531125,40,2026-11-21,1578,20000,,
1531125,57,2026-12-12,1854,20000,,
1555338,25,2026-09-24,2119,23600,,
1555338,26,2026-09-24,2119,23600,,
1558817,25,2026-09-24,1787,23600,,
1558817,26,2026-09-24,1787,23600,,
1603145,19,2026-09-23,1127,23600,,
1603145,20,2026-09-23,1127,23600,,
1608379,27,2026-12-13,3994,23600,,
1608379,27,2026-12-14,3994,23600,,
1608379,28,2026-12-13,3994,23600,,
1608379,28,2026-12-14,3994,23600,,
1617471,27,2026-12-13,2261,23600,,
1617471,27,2026-12-14,2261,23600,,
1617471,28,2026-12-13,2261,23600,,
1617471,28,2026-12-14,2261,23600,,
1896095,27,2027-09-15,1439,20000,,
1896095,28,2027-09-15,1439,20000,,
1921658,25,2026-09-24,2251,23600,,
1921658,26,2026-09-24,2251,23600,,
2020755,27,2026-12-13,3386,20000,,
2020755,27,2026-12-14,3386,20000,,
2020755,28,2026-12-13,3386,20000,,
2020755,28,2026-12-14,3386,20000,,
2065763,102,2027-09-15,1900,32861,,
2065763,103,2027-09-15,1900,32861,,
2065763,104,2027-09-15,1900,32861,,
2065763,113,2026-12-12,2175,32861,,
2071352,15,2026-09-24,1440,23600,,
2071352,16,2026-09-24,1440,23600,,
2071352,17,2026-12-13,1706,23600,,
2071352,17,2026-12-14,1706,23600,,
2071352,18,2026-12-13,1706,23600,,
2071352,18,2026-12-14,1706,23600,,
2071352,19,2026-12-13,1706,23600,,
2071352,19,2026-12-14,1706,23600,,
2071352,20,2026-12-13,1706,23600,,
2071352,20,2026-12-14,1706,23600,,
2071352,38,2026-09-24,1440,23600,,
2071352,50,2026-12-13,1706,23600,,
2071352,50,2026-12-14,1706,23600,,
2071352,51,2026-12-13,1706,23600,,
2071352,51,2026-12-14,1706,23600,,
2071352,52,2026-09-24,1440,23600,,
2071352,76,2026-09-24,1440,23600,,
2071352,87,2026-12-13,1706,23600,,
2071352,87,2026-12-14,1706,23600,,
2083696,45,2026-09-24,1999,23600,,
2083696,46,2026-09-24,1999,23600,,
9772256,35,2026-09-15,5262,23600,,
9772256,36,2026-09-15,5262,23600,,
9772256,37,2026-09-15,5262,23600,,
2365,17,2026-12-12,1968,23600,,
2365,18,2026-12-12,1968,23600,,
2365,50,2026-12-12,1968,23600,,
2365,87,2026-12-12,1968,23600,,
124913,17,2026-09-15,1361,23600,,
124913,18,2026-09-15,1361,23600,,
124913,50,2026-09-15,1361,23600,,
371149,25,2026-09-24,3000,23600,,
371149,25,2026-12-13,3000,23600,,
371149,25,2026-12-14,3000,23600,,
371149,26,2026-09-24,3000,23600,,
371149,26,2026-12-13,3000,23600,,
371149,26,2026-12-14,3000,23600,,
1043825,21,2026-12-13,1913,23600,,
1043825,21,2026-12-14,1913,23600,,
1043825,22,2026-12-13,1913,23600,,
1043825,22,2026-12-14,1913,23600,,
1043825,39,2026-12-13,1913,23600,,
1043825,39,2026-12-14,1913,23600,,
1043825,83,2026-12-13,1913,23600,,
1043825,83,2026-12-14,1913,23600,,
1125927,23,2026-12-13,1359,23600,,
1125927,23,2026-12-14,1359,23600,,
1125927,24,2026-12-13,1359,23600,,
1125927,24,2026-12-14,1359,23600,,
1125927,40,2026-12-13,1359,23600,,
1125927,40,2026-12-14,1359,23600,,
1204840,45,2027-09-15,1677,27848,,
1204840,46,2027-09-15,1677,27848,,
1206897,17,2026-12-13,1356,23600,,
1206897,17,2026-12-14,1356,23600,,
1206897,18,2026-12-13,1356,23600,,
1206897,18,2026-12-14,1356,23600,,
1206897,19,2026-12-13,1356,23600,,
1206897,19,2026-12-14,1356,23600,,
1206897,20,2026-12-13,1356,23600,,
1206897,20,2026-12-14,1356,23600,,
1206897,25,2026-12-13,1356,23600,,
1206897,25,2026-12-14,1356,23600,,
1206897,26,2026-12-13,1356,23600,,
1206897,26,2026-12-14,1356,23600,,
1206897,50,2026-12-13,1356,23600,,
1206897,50,2026-12-14,1356,23600,,
1247345,27,2027-09-15,1967,23600,,
1247345,28,2027-09-15,1967,23600,,
1346833,21,2026-12-12,1670,20000,,
1346833,21,2026-12-13,1670,20000,,
1346833,21,2026-12-14,1670,20000,,
1346833,22,2026-12-12,1670,20000,,
1346833,22,2026-12-13,1670,20000,,
1346833,22,2026-12-14,1670,20000,,
1346833,23,2026-12-12,1842,20000,,
1346833,23,2026-12-13,1842,20000,,
1346833,23,2026-12-14,1842,20000,,
1346833,24,2026-12-12,1842,20000,,
1346833,24,2026-12-13,1842,20000,,
1346833,24,2026-12-14,1842,20000,,
1346833,39,2026-12-12,1670,20000,,
1346833,39,2026-12-13,1670,20000,,
1346833,39,2026-12-14,1670,20000,,
1381192,32,2027-09-15,2621,23600,,
1381192,33,2027-09-15,2621,23600,,
1381192,34,2027-09-15,2621,23600,,
1432185,35,2026-11-22,5589,20000,,
1432185,35,2026-11-23,5589,20000,,
1432185,35,2026-11-24,5589,20000,,
1432185,35,2026-11-25,5589,20000,,
1432185,35,2026-11-26,5589,20000,,
1432185,36,2026-11-22,5589,20000,,
1432185,36,2026-11-23,5589,20000,,
1432185,36,2026-11-24,5589,20000,,
1432185,36,2026-11-25,5589,20000,,
1432185,36,2026-11-26,5589,20000,,
1473477,21,2026-12-13,1667,23600,,
1473477,21,2026-12-14,1667,23600,,
1473477,22,2026-12-13,1667,23600,,
1473477,22,2026-12-14,1667,23600,,
1473477,23,2026-12-13,1667,23600,,
1473477,23,2026-12-14,1667,23600,,
1473477,24,2026-12-13,1667,23600,,
1473477,24,2026-12-14,1667,23600,,
1473477,39,2026-12-13,1667,23600,,
1473477,39,2026-12-14,1667,23600,,
1473477,40,2026-12-13,1667,23600,,
1473477,40,2026-12-14,1667,23600,,
1473477,83,2026-12-13,1667,23600,,
1473477,83,2026-12-14,1667,23600,,
1501649,25,2026-12-13,1708,20000,,
1501649,25,2026-12-14,1708,20000,,
1501649,26,2026-12-13,1708,20000,,
1501649,26,2026-12-14,1708,20000,,
1531125,19,2026-11-26,1440,20000,,
1531125,21,2026-11-26,1440,20000,,
1531125,22,2026-11-26,1440,20000,,
1531125,39,2026-11-26,1440,20000,,
1531125,83,2026-11-26,1440,20000,,
1553264,25,2027-09-15,1929,23600,,
1553264,26,2027-09-15,1929,23600,,
1581295,17,2026-09-21,1161,27848,,
1581295,17,2026-09-22,1161,27848,,
1581295,17,2026-09-23,1161,27848,,
1581295,17,2026-09-24,1161,27848,,
1581295,18,2026-09-21,1161,27848,,
1581295,18,2026-09-22,1161,27848,,
1581295,18,2026-09-23,1161,27848,,
1581295,18,2026-09-24,1161,27848,,
1581295,23,2026-09-21,1333,27848,,
1581295,23,2026-09-22,1333,27848,,
1581295,23,2026-09-23,1333,27848,,
1581295,23,2026-09-24,1333,27848,,
1581295,24,2026-09-21,1333,27848,,
1581295,24,2026-09-22,1333,27848,,
1581295,24,2026-09-23,1333,27848,,
1581295,24,2026-09-24,1333,27848,,
1581295,40,2026-09-21,1333,27848,,
1581295,40,2026-09-22,1333,27848,,
1581295,40,2026-09-23,1333,27848,,
1581295,40,2026-09-24,1333,27848,,
1581295,50,2026-09-21,1161,27848,,
1581295,50,2026-09-22,1161,27848,,
1581295,50,2026-09-23,1161,27848,,
1581295,50,2026-09-24,1161,27848,,
1581295,84,2026-09-21,1333,27848,,
1581295,84,2026-09-22,1333,27848,,
1581295,84,2026-09-23,1333,27848,,
1581295,84,2026-09-24,1333,27848,,
1594465,25,2026-09-20,1619,27848,,
1594465,26,2026-09-20,1619,27848,,
1597119,25,2026-09-24,1617,23600,,
1597119,26,2026-09-24,1617,23600,,
1599756,25,2027-09-15,1688,27848,,
1599756,26,2027-09-15,1688,27848,,
1608379,15,2026-12-13,2476,20000,,
1608379,15,2026-12-14,2476,20000,,
1608379,16,2026-12-13,2476,20000,,
1608379,16,2026-12-14,2476,20000,,
1608379,38,2026-12-13,2476,20000,,
1608379,38,2026-12-14,2476,20000,,
1608379,42,2026-12-13,5305,23600,,
1608379,42,2026-12-14,5305,23600,,
1608379,43,2026-12-13,5305,23600,,
1608379,43,2026-12-14,5305,23600,,
1608379,52,2026-12-13,2476,20000,,
1608379,52,2026-12-14,2476,20000,,
1608379,76,2026-12-13,2476,20000,,
1608379,76,2026-12-14,2476,20000,,
1767140,25,2027-09-15,1712,23600,,
1767140,26,2027-09-15,1712,23600,,
1809628,42,2026-12-13,2033,23600,,
1809628,42,2026-12-14,2033,23600,,
1809628,43,2026-12-13,2033,23600,,
1809628,43,2026-12-14,2033,23600,,
1921658,25,2026-09-20,2251,23600,,
1921658,26,2026-09-20,2251,23600,,
2013841,25,2027-09-15,1286,23600,,
2014883,25,2027-09-15,1518,23600,,
2014883,26,2027-09-15,1518,23600,,
2025675,32,2026-12-12,2130,20000,,
2025675,33,2026-12-12,2130,20000,,
2025675,34,2026-12-12,2130,20000,,
2031351,23,2026-12-13,2174,23600,,
2031351,23,2026-12-14,2174,23600,,
2031351,24,2026-12-13,2174,23600,,
2031351,24,2026-12-14,2174,23600,,
2031351,40,2026-12-13,2174,23600,,
2031351,40,2026-12-14,2174,23600,,
2053245,27,2027-09-15,2022,23600,,
2053245,28,2027-09-15,2022,23600,,
2065763,25,2026-12-13,1626,32861,,
2065763,25,2026-12-14,1626,32861,,
2065763,26,2026-12-13,1626,32861,,
2065763,26,2026-12-14,1626,32861,,
2065763,55,2026-12-13,1626,32861,,
2065763,55,2026-12-14,1626,32861,,
2065763,95,2026-12-13,1626,32861,,
2065763,95,2026-12-14,1626,32861,,
2088875,25,2026-09-24,1959,23600,,
2088875,25,2026-12-13,1959,23600,,
2088875,25,2026-12-14,1959,23600,,
2088875,26,2026-09-24,1959,23600,,
2088875,26,2026-12-13,1959,23600,,
2088875,26,2026-12-14,1959,23600,,
3001862,25,2026-12-13,1623,23600,,
3001862,25,2026-12-14,1623,23600,,
3001862,26,2026-12-13,1623,23600,,
3001862,26,2026-12-14,1623,23600,,
207833,27,2026-12-13,3150,27848,,
207833,27,2026-12-14,3150,27848,,
207833,28,2026-12-13,3150,27848,,
207833,28,2026-12-14,3150,27848,,
1075048,19,2026-12-13,1305,23600,,
1075048,19,2026-12-14,1305,23600,,
1075048,20,2026-12-13,1305,23600,,
1075048,20,2026-12-14,1305,23600,,
1107594,27,2026-12-13,1868,23600,,
1107594,27,2026-12-13,1868,23600,,
1107594,27,2026-12-14,1868,23600,,
1107594,27,2026-12-14,1868,23600,,
1107594,28,2026-12-13,1868,23600,,
1107594,28,2026-12-13,1868,23600,,
1107594,28,2026-12-14,1868,23600,,
1107594,28,2026-12-14,1868,23600,,
1165837,45,2026-12-12,2766,23600,,
1165837,46,2026-12-12,2766,23600,,
1169924,19,2026-12-12,1968,23600,,
1169924,20,2026-12-12,1968,23600,,
1169924,21,2026-12-12,2279,23600,,
1169924,22,2026-12-12,2279,23600,,
1169924,39,2026-12-12,2279,23600,,
1169924,83,2026-12-12,2279,23600,,
1206822,21,2026-12-12,2477,23600,,
1206822,22,2026-12-12,2477,23600,,
1206822,23,2026-12-12,2477,23600,,
1206822,24,2026-12-12,2477,23600,,
1206822,35,2026-12-13,3496,23600,,
1206822,35,2026-12-14,3496,23600,,
1206822,36,2026-12-13,3496,23600,,
1206822,36,2026-12-14,3496,23600,,
1206822,37,2026-12-13,3496,23600,,
1206822,37,2026-12-14,3496,23600,,
1206822,39,2026-12-12,2477,23600,,
1206822,40,2026-12-12,2477,23600,,
1206822,83,2026-12-12,2477,23600,,
1221551,16,2026-09-24,1109,20000,,
1221551,52,2026-09-24,1109,20000,,
1229511,19,2026-09-24,1409,23600,,
1229511,20,2026-09-24,1409,23600,,
1229511,51,2026-09-24,1409,23600,,
1432185,27,2026-11-22,5313,20000,,
1432185,27,2026-11-23,5313,20000,,
1432185,27,2026-11-24,5313,20000,,
1432185,27,2026-11-25,5313,20000,,
1432185,27,2026-11-26,5313,20000,,
1432185,28,2026-11-22,5313,20000,,
1432185,28,2026-11-23,5313,20000,,
1432185,28,2026-11-24,5313,20000,,
1432185,28,2026-11-25,5313,20000,,
1432185,28,2026-11-26,5313,20000,,
1432185,32,2026-11-22,5313,20000,,
1432185,32,2026-11-23,5313,20000,,
1432185,32,2026-11-24,5313,20000,,
1432185,32,2026-11-25,5313,20000,,
1432185,32,2026-11-26,5313,20000,,
1432185,33,2026-11-22,5313,20000,,
1432185,33,2026-11-23,5313,20000,,
1432185,33,2026-11-24,5313,20000,,
1432185,33,2026-11-25,5313,20000,,
1432185,33,2026-11-26,5313,20000,,
1432185,34,2026-11-22,5313,20000,,
1432185,34,2026-11-23,5313,20000,,
1432185,34,2026-11-24,5313,20000,,
1432185,34,2026-11-25,5313,20000,,
1432185,34,2026-11-26,5313,20000,,
1479075,25,2027-09-15,1415,23600,,
1479075,26,2027-09-15,1415,23600,,
1581295,25,2026-09-21,1161,27848,,
1581295,25,2026-09-22,1161,27848,,
1581295,25,2026-09-23,1161,27848,,
1581295,26,2026-09-21,1161,27848,,
1581295,26,2026-09-22,1161,27848,,
1581295,26,2026-09-23,1161,27848,,
1595009,42,2026-09-24,2105,23600,,
1595009,43,2026-09-24,2105,23600,,
1595009,44,2026-09-24,2105,23600,,
1599756,25,2026-09-24,1666,27848,,
1599756,25,2026-12-13,1666,27848,,
1599756,25,2026-12-14,1666,27848,,
1599756,26,2026-09-24,1666,27848,,
1599756,26,2026-12-13,1666,27848,,
1599756,26,2026-12-14,1666,27848,,
1766857,25,2027-09-15,2077,23600,,
1766857,26,2027-09-15,2077,23600,,
1809628,25,2027-09-15,1619,23600,,
1809628,26,2027-09-15,1619,23600,,
1809628,45,2026-12-13,1860,23600,,
1809628,45,2026-12-14,1860,23600,,
1809628,46,2026-12-13,1860,23600,,
1809628,46,2026-12-14,1860,23600,,
1894945,35,2026-12-13,3717,23600,,
1894945,35,2026-12-14,3717,23600,,
1894945,36,2026-12-13,3717,23600,,
1894945,36,2026-12-14,3717,23600,,
1894945,37,2026-12-13,3717,23600,,
1894945,37,2026-12-14,3717,23600,,
2020755,17,2026-12-13,2627,20000,,
2020755,17,2026-12-14,2627,20000,,
2020755,18,2026-12-13,2627,20000,,
2020755,18,2026-12-14,2627,20000,,
2020755,23,2026-12-13,3041,20000,,
2020755,23,2026-12-14,3041,20000,,
2020755,24,2026-12-13,3041,20000,,
2020755,24,2026-12-14,3041,20000,,
2020755,40,2026-12-13,3041,20000,,
2020755,40,2026-12-14,3041,20000,,
2020755,50,2026-12-13,2627,20000,,
2020755,50,2026-12-14,2627,20000,,
2024299,25,2026-12-13,2088,23600,,
2024299,25,2026-12-14,2088,23600,,
2024299,26,2026-12-13,2088,23600,,
2024299,26,2026-12-14,2088,23600,,
2026607,35,2026-12-12,2614,20000,,
2026607,36,2026-12-12,2614,20000,,
2026607,37,2026-12-12,2614,20000,,
2031351,19,2026-12-13,1967,23600,,
2031351,19,2026-12-14,1967,23600,,
2031351,20,2026-12-13,1967,23600,,
2031351,20,2026-12-14,1967,23600,,
2031351,21,2026-12-13,2071,23600,,
2031351,21,2026-12-14,2071,23600,,
2031351,22,2026-12-13,2071,23600,,
2031351,22,2026-12-14,2071,23600,,
2031351,39,2026-12-13,2071,23600,,
2031351,39,2026-12-14,2071,23600,,
2031351,83,2026-12-13,2071,23600,,
2031351,83,2026-12-14,2071,23600,,
2065763,102,2026-09-24,1696,32861,,
2065763,103,2026-09-24,1696,32861,,
2065763,104,2026-09-24,1696,32861,,
2345375,27,2026-09-24,1628,23600,,
2345375,28,2026-09-24,1628,23600,,
242206,25,2026-09-20,2737,23600,,
418304,25,2026-12-13,2286,23600,,
418304,25,2026-12-14,2286,23600,,
418304,25,2027-09-15,2286,23600,,
418304,26,2026-12-13,2286,23600,,
418304,26,2026-12-14,2286,23600,,
418304,26,2027-09-15,2286,23600,,
1076395,25,2027-09-15,1600,23600,,
1076395,26,2027-09-15,1600,23600,,
1104342,19,2026-09-21,1424,32861,,
1104342,20,2026-09-21,1424,32861,,
1107594,25,2027-09-15,1608,23600,,
1169924,17,2026-12-12,1899,23600,,
1169924,18,2026-12-12,1899,23600,,
1169924,50,2026-12-12,1899,23600,,
1206897,15,2026-12-13,1218,23600,,
1206897,15,2026-12-14,1218,23600,,
1206897,16,2026-12-13,1218,23600,,
1206897,16,2026-12-14,1218,23600,,
1206897,38,2026-12-13,1218,23600,,
1206897,38,2026-12-14,1218,23600,,
1209749,29,2026-12-13,2895,38776,,
1209749,29,2026-12-14,2895,38776,,
1209749,30,2026-12-13,2895,38776,,
1209749,30,2026-12-14,2895,38776,,
1209749,31,2026-12-13,2895,38776,,
1209749,31,2026-12-14,2895,38776,,
1209749,32,2026-12-13,2895,38776,,
1209749,32,2026-12-14,2895,38776,,
1209749,33,2026-12-13,2895,38776,,
1209749,33,2026-12-14,2895,38776,,
1209749,34,2026-12-13,2895,38776,,
1209749,34,2026-12-14,2895,38776,,
1209749,57,2026-12-13,2895,38776,,
1209749,57,2026-12-14,2895,38776,,
1209749,58,2026-12-13,2895,38776,,
1209749,58,2026-12-14,2895,38776,,
1209749,89,2026-12-13,2895,38776,,
1209749,89,2026-12-14,2895,38776,,
1229511,17,2026-09-24,1305,23600,,
1229511,18,2026-09-24,1305,23600,,
1229511,21,2026-12-13,1650,23600,,
1229511,21,2026-12-14,1650,23600,,
1229511,22,2026-12-13,1650,23600,,
1229511,22,2026-12-14,1650,23600,,
1229511,23,2026-12-13,1754,23600,,
1229511,23,2026-12-14,1754,23600,,
1229511,24,2026-12-13,1754,23600,,
1229511,24,2026-12-14,1754,23600,,
1229511,39,2026-12-13,1650,23600,,
1229511,39,2026-12-14,1650,23600,,
1229511,40,2026-12-13,1754,23600,,
1229511,40,2026-12-14,1754,23600,,
1229511,50,2026-09-24,1305,23600,,
1229511,83,2026-12-13,1650,23600,,
1229511,83,2026-12-14,1650,23600,,
1229511,84,2026-12-13,1754,23600,,
1229511,84,2026-12-14,1754,23600,,
1229511,87,2026-09-24,1305,23600,,
1229511,97,2026-12-13,1650,23600,,
1229511,97,2026-12-14,1650,23600,,
1229920,42,2027-09-15,1540,23600,,
1229920,43,2027-09-15,1540,23600,,
1375831,27,2026-12-13,2419,23600,,
1375831,27,2026-12-14,2419,23600,,
1375831,28,2026-12-13,2419,23600,,
1375831,28,2026-12-14,2419,23600,,
1399076,27,2026-12-13,1736,23600,,
1399076,27,2026-12-14,1736,23600,,
1399076,28,2026-12-13,1736,23600,,
1399076,28,2026-12-14,1736,23600,,
1432185,23,2026-11-22,5037,20000,,
1432185,23,2026-11-23,5037,20000,,
1432185,23,2026-11-24,5037,20000,,
1432185,23,2026-11-25,5037,20000,,
1432185,23,2026-11-26,5037,20000,,
1432185,24,2026-11-22,5037,20000,,
1432185,24,2026-11-23,5037,20000,,
1432185,24,2026-11-24,5037,20000,,
1432185,24,2026-11-25,5037,20000,,
1432185,24,2026-11-26,5037,20000,,
1432185,29,2026-11-22,5106,20000,,
1432185,29,2026-11-23,5106,20000,,
1432185,29,2026-11-24,5106,20000,,
1432185,29,2026-11-25,5106,20000,,
1432185,29,2026-11-26,5106,20000,,
1432185,30,2026-11-22,5106,20000,,
1432185,30,2026-11-23,5106,20000,,
1432185,30,2026-11-24,5106,20000,,
1432185,30,2026-11-25,5106,20000,,
1432185,30,2026-11-26,5106,20000,,
1432185,31,2026-11-22,5106,20000,,
1432185,31,2026-11-23,5106,20000,,
1432185,31,2026-11-24,5106,20000,,
1432185,31,2026-11-25,5106,20000,,
1432185,31,2026-11-26,5106,20000,,
1432185,40,2026-11-22,5037,20000,,
1432185,40,2026-11-23,5037,20000,,
1432185,40,2026-11-24,5037,20000,,
1432185,40,2026-11-25,5037,20000,,
1432185,40,2026-11-26,5037,20000,,
1432185,57,2026-11-22,5106,20000,,
1432185,57,2026-11-23,5106,20000,,
1432185,57,2026-11-24,5106,20000,,
1432185,57,2026-11-25,5106,20000,,
1432185,57,2026-11-26,5106,20000,,
1472508,25,2026-12-13,2333,23600,,
1472508,25,2026-12-14,2333,23600,,
1472508,26,2026-12-13,2333,23600,,
1472508,26,2026-12-14,2333,23600,,
1475870,21,2026-12-13,2631,23600,,
1475870,21,2026-12-14,2631,23600,,
1475870,22,2026-12-13,2631,23600,,
1475870,22,2026-12-14,2631,23600,,
1475870,23,2026-12-13,2631,23600,,
1475870,23,2026-12-14,2631,23600,,
1475870,24,2026-12-13,2631,23600,,
1475870,24,2026-12-14,2631,23600,,
1475870,39,2026-12-13,2631,23600,,
1475870,39,2026-12-14,2631,23600,,
1503376,27,2027-09-15,2282,23600,,
1507161,25,2026-09-24,1523,23600,,
1507161,26,2026-09-24,1523,23600,,
1516017,27,2027-09-15,1905,40000,,
1516017,28,2027-09-15,1905,40000,,
1517075,27,2027-09-15,2275,40000,,
1517075,28,2027-09-15,2275,40000,,
1531125,17,2026-11-26,1302,20000,,
1531125,18,2026-11-26,1302,20000,,
1531125,19,2026-11-20,1440,20000,,
1531125,19,2026-11-21,1440,20000,,
1531125,21,2026-11-20,1440,20000,,
1531125,21,2026-11-21,1440,20000,,
1531125,22,2026-11-20,1440,20000,,
1531125,22,2026-11-21,1440,20000,,
1531125,23,2026-12-12,1578,20000,,
1531125,24,2026-12-12,1578,20000,,
1531125,39,2026-11-20,1440,20000,,
1531125,39,2026-11-21,1440,20000,,
1531125,40,2026-12-12,1578,20000,,
1531125,83,2026-11-20,1440,20000,,
1531125,83,2026-11-21,1440,20000,,
1555580,25,2027-09-15,1951,23600,,
1555580,26,2027-09-15,1951,23600,,
1594465,25,2027-09-15,1666,27848,,
1594465,26,2027-09-15,1666,27848,,
1595009,42,2027-09-15,2481,23600,,
1595009,43,2027-09-15,2481,23600,,
1595009,44,2027-09-15,2481,23600,,
1596716,27,2027-09-15,1666,23600,,
1596716,28,2027-09-15,1666,23600,,
1599756,25,2026-09-20,1637,27848,,
1599756,26,2026-09-20,1637,27848,,
1608379,21,2026-12-13,3511,23600,,
1608379,21,2026-12-14,3511,23600,,
1608379,22,2026-12-13,3511,23600,,
1608379,22,2026-12-14,3511,23600,,
1608379,23,2026-12-13,3511,23600,,
1608379,23,2026-12-14,3511,23600,,
1608379,24,2026-12-13,3511,23600,,
1608379,24,2026-12-14,3511,23600,,
1608379,35,2026-12-13,4753,23600,,
1608379,35,2026-12-14,4753,23600,,
1608379,36,2026-12-13,4753,23600,,
1608379,36,2026-12-14,4753,23600,,
1608379,37,2026-12-13,4753,23600,,
1608379,37,2026-12-14,4753,23600,,
1608379,39,2026-12-13,3511,23600,,
1608379,39,2026-12-14,3511,23600,,
1608379,40,2026-12-13,3511,23600,,
1608379,40,2026-12-14,3511,23600,,
1608379,83,2026-12-13,3511,23600,,
1608379,83,2026-12-14,3511,23600,,
1767140,45,2026-12-13,2811,23600,,
1767140,45,2026-12-14,2811,23600,,
1767140,46,2026-12-13,2811,23600,,
1767140,46,2026-12-14,2811,23600,,
1929807,25,2026-09-20,1379,23600,,
1929807,26,2026-09-20,1379,23600,,
2024578,42,2027-09-15,3140,20000,,
2024578,43,2027-09-15,3140,20000,,
2024578,44,2027-09-15,3140,20000,,
2026607,27,2026-12-12,2476,20000,,
2026607,28,2026-12-12,2476,20000,,
2031351,17,2026-12-13,1864,23600,,
2031351,17,2026-12-14,1864,23600,,
2031351,18,2026-12-13,1864,23600,,
2031351,18,2026-12-14,1864,23600,,
2031351,50,2026-12-13,1864,23600,,
2031351,50,2026-12-14,1864,23600,,
2063608,25,2026-12-13,1300,23600,,
2063608,25,2026-12-14,1300,23600,,
2063608,26,2026-12-13,1300,23600,,
2063608,26,2026-12-14,1300,23600,,
2071352,15,2026-12-13,1499,23600,,
2071352,15,2026-12-14,1499,23600,,
2071352,16,2026-12-13,1499,23600,,
2071352,16,2026-12-14,1499,23600,,
2071352,38,2026-12-13,1499,23600,,
2071352,38,2026-12-14,1499,23600,,
2071352,52,2026-12-13,1499,23600,,
2071352,52,2026-12-14,1499,23600,,
2071352,76,2026-12-13,1499,23600,,
2071352,76,2026-12-14,1499,23600,,
2079707,25,2027-09-15,1428,23600,,
2079707,26,2027-09-15,1428,23600,,
2083696,25,2027-09-15,1768,23600,,
2083696,26,2027-09-15,1768,23600,,
2089527,27,2026-12-13,1786,23600,,
2089527,27,2026-12-14,1786,23600,,
2089527,28,2026-12-13,1786,23600,,
2089527,28,2026-12-14,1786,23600,,
2345375,25,2026-09-24,1214,23600,,
2345375,27,2026-12-13,1601,23600,,
2345375,27,2026-12-14,1601,23600,,
2345375,28,2026-12-13,1601,23600,,
2345375,28,2026-12-14,1601,23600,,
4477291,16,2026-12-13,1210,20000,,
4477291,16,2026-12-14,1210,20000,,
4477291,52,2026-12-13,1210,20000,,
4477291,52,2026-12-14,1210,20000,,
9772256,29,2026-09-15,4434,23600,,
9772256,30,2026-09-15,4434,23600,,
9772256,31,2026-09-15,4434,23600,,
9772256,32,2026-09-15,4434,23600,,
9772256,33,2026-09-15,4434,23600,,
9772256,34,2026-09-15,4434,23600,,
9772256,57,2026-09-15,4434,23600,,
9772256,58,2026-09-15,4434,23600,,
9772256,89,2026-09-15,4434,23600,,
233415,25,2027-09-15,2000,20000,,
233415,26,2027-09-15,2000,20000,,
242206,27,2026-09-20,2875,23600,,
242206,28,2026-09-20,2875,23600,,
1075048,25,2027-09-15,1305,23600,,
1107594,25,2027-09-15,1608,20000,,
1204840,27,2026-12-13,2011,27848,,
1204840,27,2026-12-14,2011,27848,,
1204840,28,2026-12-13,2011,27848,,
1204840,28,2026-12-14,2011,27848,,
1204840,78,2026-12-13,1666,27848,,
1204840,78,2026-12-14,1666,27848,,
1204840,79,2026-12-13,1666,27848,,
1204840,79,2026-12-14,1666,27848,,
1247345,25,2027-09-15,1726,23600,,
1247345,26,2027-09-15,1726,23600,,
1247345,27,2026-09-24,1839,23600,,
1247345,28,2026-09-24,1839,23600,,
1307656,25,2027-09-15,1010,23600,,
1307656,26,2027-09-15,1010,23600,,
1346833,35,2026-12-12,2463,20000,,
1346833,35,2026-12-13,2463,20000,,
1346833,35,2026-12-14,2463,20000,,
1346833,36,2026-12-12,2463,20000,,
1346833,36,2026-12-13,2463,20000,,
1346833,36,2026-12-14,2463,20000,,
1346833,37,2026-12-12,2463,20000,,
1346833,37,2026-12-13,2463,20000,,
1346833,37,2026-12-14,2463,20000,,
1432185,19,2026-11-22,4796,20000,,
1432185,19,2026-11-23,4796,20000,,
1432185,19,2026-11-24,4796,20000,,
1432185,19,2026-11-25,4796,20000,,
1432185,19,2026-11-26,4796,20000,,
1432185,20,2026-11-22,4796,20000,,
1432185,20,2026-11-23,4796,20000,,
1432185,20,2026-11-24,4796,20000,,
1432185,20,2026-11-25,4796,20000,,
1432185,20,2026-11-26,4796,20000,,
1432185,21,2026-11-22,4899,20000,,
1432185,21,2026-11-23,4899,20000,,
1432185,21,2026-11-24,4899,20000,,
1432185,21,2026-11-25,4899,20000,,
1432185,21,2026-11-26,4899,20000,,
1432185,22,2026-11-22,4899,20000,,
1432185,22,2026-11-23,4899,20000,,
1432185,22,2026-11-24,4899,20000,,
1432185,22,2026-11-25,4899,20000,,
1432185,22,2026-11-26,4899,20000,,
1432185,39,2026-11-22,4899,20000,,
1432185,39,2026-11-23,4899,20000,,
1432185,39,2026-11-24,4899,20000,,
1432185,39,2026-11-25,4899,20000,,
1432185,39,2026-11-26,4899,20000,,
1432185,83,2026-11-22,4899,20000,,
1432185,83,2026-11-23,4899,20000,,
1432185,83,2026-11-24,4899,20000,,
1432185,83,2026-11-25,4899,20000,,
1432185,83,2026-11-26,4899,20000,,
1473477,17,2026-12-13,1460,23600,,
1473477,17,2026-12-14,1460,23600,,
1473477,18,2026-12-13,1460,23600,,
1473477,18,2026-12-14,1460,23600,,
1473477,19,2026-12-13,1460,23600,,
1473477,19,2026-12-14,1460,23600,,
1473477,20,2026-12-13,1460,23600,,
1473477,20,2026-12-14,1460,23600,,
1473477,50,2026-12-13,1460,23600,,
1473477,50,2026-12-14,1460,23600,,
1507161,25,2026-12-13,1506,23600,,
1507161,25,2026-12-14,1506,23600,,
1507161,26,2026-12-13,1506,23600,,
1507161,26,2026-12-14,1506,23600,,
1552629,35,2027-09-15,3083,23600,,
1552629,36,2027-09-15,3083,23600,,
1559112,25,2026-09-20,1611,23600,,
1559112,26,2026-09-20,1611,23600,,
1559112,55,2026-09-20,1611,23600,,
1593321,25,2026-09-24,1300,27848,,
1593321,25,2026-12-13,1300,27848,,
1593321,25,2026-12-14,1300,27848,,
1766640,21,2026-12-13,1532,23600,,
1766640,21,2026-12-14,1532,23600,,
1766640,22,2026-12-13,1532,23600,,
1766640,22,2026-12-14,1532,23600,,
1766640,23,2026-12-13,1532,23600,,
1766640,23,2026-12-14,1532,23600,,
1766640,24,2026-12-13,1532,23600,,
1766640,24,2026-12-14,1532,23600,,
1766640,39,2026-12-13,1532,23600,,
1766640,39,2026-12-14,1532,23600,,
1766640,40,2026-12-13,1532,23600,,
1766640,40,2026-12-14,1532,23600,,
1766640,83,2026-12-13,1532,23600,,
1766640,83,2026-12-14,1532,23600,,
1809628,25,2026-09-24,1619,23600,,
1809628,26,2026-09-24,1619,23600,,
1894945,35,2027-09-15,3453,23600,,
1894945,36,2027-09-15,3453,23600,,
1894945,37,2027-09-15,3453,23600,,
2015296,25,2026-12-13,1238,20000,,
2015296,25,2026-12-14,1238,20000,,
2015296,25,2027-09-15,1238,20000,,
2015296,26,2026-12-13,1238,20000,,
2015296,26,2026-12-14,1238,20000,,
2015296,26,2027-09-15,1238,20000,,
2024299,17,2026-12-12,2028,23600,,
2024299,18,2026-12-12,2028,23600,,
2024299,19,2026-12-12,2028,23600,,
2024299,20,2026-12-12,2028,23600,,
2024299,50,2026-12-12,2028,23600,,
2025675,23,2026-12-12,1889,20000,,
2025675,24,2026-12-12,1889,20000,,
2025675,29,2026-12-12,1854,20000,,
2025675,30,2026-12-12,1854,20000,,
2025675,31,2026-12-12,1854,20000,,
2025675,57,2026-12-12,1854,20000,,
2066561,42,2026-12-12,3207,27848,,
2066561,43,2026-12-12,3207,27848,,
2345375,25,2027-09-15,1278,23600,,
3002526,25,2027-09-15,1056,23600,,
3002526,26,2027-09-15,1056,23600,,
1075048,27,2026-12-12,1682,23600,,
1075048,28,2026-12-12,1682,23600,,
1206822,29,2026-12-13,3013,23600,,
1206822,29,2026-12-14,3013,23600,,
1206822,30,2026-12-13,3013,23600,,
1206822,30,2026-12-14,3013,23600,,
1206822,31,2026-12-13,3013,23600,,
1206822,31,2026-12-14,3013,23600,,
1206822,32,2026-12-13,3013,23600,,
1206822,32,2026-12-14,3013,23600,,
1206822,33,2026-12-13,3013,23600,,
1206822,33,2026-12-14,3013,23600,,
1206822,34,2026-12-13,3013,23600,,
1206822,34,2026-12-14,3013,23600,,
1206822,57,2026-12-13,3013,23600,,
1206822,57,2026-12-14,3013,23600,,
1206822,58,2026-12-13,3013,23600,,
1206822,58,2026-12-14,3013,23600,,
1206822,89,2026-12-13,3013,23600,,
1206822,89,2026-12-14,3013,23600,,
1229511,25,2026-12-13,1892,23600,,
1229511,25,2026-12-14,1892,23600,,
1229511,26,2026-12-13,1892,23600,,
1229511,26,2026-12-14,1892,23600,,
1244531,27,2026-09-20,2893,23600,,
1244531,28,2026-09-20,2893,23600,,
1247300,25,2026-09-24,1410,23600,,
1247300,26,2026-09-24,1410,23600,,
1247345,25,2026-09-24,1597,23600,,
1247345,26,2026-09-24,1597,23600,,
1394588,25,2026-11-27,1561,23600,,
1394588,25,2026-11-28,1561,23600,,
1394588,25,2026-11-29,1561,23600,,
1394588,25,2026-11-30,1561,23600,,
1394588,25,2026-12-13,1567,23600,,
1394588,25,2026-12-14,1561,23600,,
1394588,25,2027-09-15,1561,23600,,
1394588,26,2026-11-27,1561,23600,,
1394588,26,2026-11-28,1561,23600,,
1394588,26,2026-11-29,1561,23600,,
1394588,26,2026-11-30,1561,23600,,
1394588,26,2026-12-13,1567,23600,,
1394588,26,2026-12-14,1561,23600,,
1394588,26,2027-09-15,1561,23600,,
1432185,17,2026-11-22,4692,20000,,
1432185,17,2026-11-23,4692,20000,,
1432185,17,2026-11-24,4692,20000,,
1432185,17,2026-11-25,4692,20000,,
1432185,17,2026-11-26,4692,20000,,
1432185,18,2026-11-22,4692,20000,,
1432185,18,2026-11-23,4692,20000,,
1432185,18,2026-11-24,4692,20000,,
1432185,18,2026-11-25,4692,20000,,
1432185,18,2026-11-26,4692,20000,,
1432185,50,2026-11-22,4692,20000,,
1432185,50,2026-11-23,4692,20000,,
1432185,50,2026-11-24,4692,20000,,
1432185,50,2026-11-25,4692,20000,,
1432185,50,2026-11-26,4692,20000,,
1446609,27,2027-09-15,1578,23600,,
1446609,28,2027-09-15,1578,23600,,
1451268,27,2026-12-12,2194,20000,,
1451268,28,2026-12-12,2194,20000,,
1508443,25,2026-12-13,1377,23600,,
1508443,25,2026-12-14,1377,23600,,
1508443,26,2026-12-13,1377,23600,,
1508443,26,2026-12-14,1377,23600,,
1531125,17,2026-11-20,1302,20000,,
1531125,17,2026-11-21,1302,20000,,
1531125,18,2026-11-20,1302,20000,,
1531125,18,2026-11-21,1302,20000,,
1581295,19,2026-09-21,1161,27848,,
1581295,19,2026-09-22,1161,27848,,
1581295,19,2026-09-23,1161,27848,,
1581295,19,2026-09-24,1161,27848,,
1581295,20,2026-09-21,1161,27848,,
1581295,20,2026-09-22,1161,27848,,
1581295,20,2026-09-23,1161,27848,,
1581295,20,2026-09-24,1161,27848,,
1581295,25,2026-09-24,1161,27848,,
1581295,26,2026-09-24,1161,27848,,
1594465,25,2026-09-24,1619,27848,,
1594465,26,2026-09-24,1619,27848,,
1608379,29,2026-12-13,4201,23600,,
1608379,29,2026-12-14,4201,23600,,
1608379,30,2026-12-13,4201,23600,,
1608379,30,2026-12-14,4201,23600,,
1608379,31,2026-12-13,4201,23600,,
1608379,31,2026-12-14,4201,23600,,
1608379,32,2026-12-13,4201,23600,,
1608379,32,2026-12-14,4201,23600,,
1608379,33,2026-12-13,4201,23600,,
1608379,33,2026-12-14,4201,23600,,
1608379,34,2026-12-13,4201,23600,,
1608379,34,2026-12-14,4201,23600,,
1608379,57,2026-12-13,4201,23600,,
1608379,57,2026-12-14,4201,23600,,
1608379,58,2026-12-13,4201,23600,,
1608379,58,2026-12-14,4201,23600,,
1608379,89,2026-12-13,4201,23600,,
1608379,89,2026-12-14,4201,23600,,
1609002,25,2026-12-13,2235,23600,,
1609002,25,2026-12-14,2235,23600,,
1609002,26,2026-12-13,2235,23600,,
1609002,26,2026-12-14,2235,23600,,
1809628,25,2026-12-13,1619,23600,,
1809628,25,2026-12-14,1619,23600,,
1809628,26,2026-12-13,1619,23600,,
1809628,26,2026-12-14,1619,23600,,
1894945,32,2026-12-13,3165,23600,,
1894945,32,2026-12-14,3165,23600,,
1894945,33,2026-12-13,3165,23600,,
1894945,33,2026-12-14,3165,23600,,
1894945,34,2026-12-13,3165,23600,,
1894945,34,2026-12-14,3165,23600,,
1894945,58,2026-12-13,3165,23600,,
1894945,58,2026-12-14,3165,23600,,
2059540,27,2026-09-24,1857,23600,,
2059540,27,2027-09-15,1905,23600,,
2059540,28,2026-09-24,1857,23600,,
2059540,28,2027-09-15,1905,23600,,
6141453,35,2026-12-13,2654,23600,,
6141453,35,2026-12-14,2654,23600,,
6141453,36,2026-12-13,2654,23600,,
6141453,36,2026-12-14,2654,23600,,
1043825,19,2026-12-13,1568,23600,,
1043825,19,2026-12-14,1568,23600,,
1043825,20,2026-12-13,1568,23600,,
1043825,20,2026-12-14,1568,23600,,
1107594,25,2026-12-13,1592,23600,,
1107594,25,2026-12-13,1592,23600,,
1107594,25,2026-12-14,1592,23600,,
1107594,25,2026-12-14,1592,23600,,
1165837,25,2027-09-15,1809,23600,,
1165837,26,2027-09-15,1809,23600,,
1166122,35,2026-12-13,2441,23600,,
1166122,35,2026-12-14,2441,23600,,
1166122,36,2026-12-13,2441,23600,,
1166122,36,2026-12-14,2441,23600,,
1381192,17,2027-09-15,2000,23600,,
1381192,18,2027-09-15,2000,23600,,
1381192,50,2027-09-15,2000,23600,,
1452757,42,2027-09-15,2803,23600,,
1452757,43,2027-09-15,2803,23600,,
1474809,25,2026-12-13,1815,23600,,
1474809,25,2026-12-14,1815,23600,,
1474809,26,2026-12-13,1815,23600,,
1474809,26,2026-12-14,1815,23600,,
1508443,25,2026-09-24,1369,23600,,
1508443,26,2026-09-24,1369,23600,,
1531125,19,2026-12-12,1440,20000,,
1531125,21,2026-12-12,1440,20000,,
1531125,22,2026-12-12,1440,20000,,
1531125,39,2026-12-12,1440,20000,,
1531125,83,2026-12-12,1440,20000,,
1581295,15,2026-09-21,954,27848,,
1581295,15,2026-09-22,954,27848,,
1581295,15,2026-09-23,954,27848,,
1581295,15,2026-09-24,954,27848,,
1581295,38,2026-09-21,954,27848,,
1581295,38,2026-09-22,954,27848,,
1581295,38,2026-09-23,954,27848,,
1581295,38,2026-09-24,954,27848,,
1596296,45,2027-09-15,2648,32861,,
1596296,46,2027-09-15,2648,32861,,
1894945,29,2026-12-13,3062,23600,,
1894945,29,2026-12-14,3062,23600,,
1894945,30,2026-12-13,3062,23600,,
1894945,30,2026-12-14,3062,23600,,
1894945,31,2026-12-13,3062,23600,,
1894945,31,2026-12-14,3062,23600,,
1894945,57,2026-12-13,3062,23600,,
1894945,57,2026-12-14,3062,23600,,
1894945,89,2026-12-13,3062,23600,,
1894945,89,2026-12-14,3062,23600,,
1921658,25,2027-09-15,2296,23600,,
1921658,26,2027-09-15,2296,23600,,
2016749,25,2027-09-15,1640,23600,,
2016749,26,2027-09-15,1640,23600,,
2020755,19,2026-12-13,2662,20000,,
2020755,19,2026-12-14,2662,20000,,
2020755,20,2026-12-13,2662,20000,,
2020755,20,2026-12-14,2662,20000,,
2024578,35,2027-09-15,2795,20000,,
2024578,36,2027-09-15,2795,20000,,
2024578,37,2027-09-15,2795,20000,,
2024578,59,2027-09-15,2795,20000,,
2026607,32,2026-12-12,2269,20000,,
2026607,33,2026-12-12,2269,20000,,
2026607,34,2026-12-12,2269,20000,,
2026607,58,2026-12-12,2269,20000,,
2066561,42,2027-09-15,2527,27848,,
2066561,43,2027-09-15,2527,27848,,
2083696,25,2026-09-24,1723,23600,,
2083696,26,2026-09-24,1723,23600,,
9772256,27,2026-09-15,3813,23600,,
9772256,28,2026-09-15,3813,23600,,
1043825,17,2026-12-13,1499,23600,,
1043825,17,2026-12-14,1499,23600,,
1043825,18,2026-12-13,1499,23600,,
1043825,18,2026-12-14,1499,23600,,
1075048,25,2026-12-12,1544,23600,,
1168384,25,2026-12-13,1294,23600,,
1168384,25,2026-12-14,1294,23600,,
1168384,25,2027-09-15,1232,23600,,
1168384,26,2026-12-13,1294,23600,,
1168384,26,2026-12-14,1294,23600,,
1168384,26,2027-09-15,1232,23600,,
1204840,25,2026-12-13,1804,27848,,
1204840,25,2026-12-14,1804,27848,,
1204840,26,2026-12-13,1804,27848,,
1204840,26,2026-12-14,1804,27848,,
1247345,27,2026-12-13,1839,23600,,
1247345,27,2026-12-14,1839,23600,,
1247345,28,2026-12-13,1839,23600,,
1247345,28,2026-12-14,1839,23600,,
1298420,25,2026-09-20,1289,23600,,
1298420,25,2026-09-24,1289,23600,,
1298420,25,2026-12-13,1289,23600,,
1298420,25,2026-12-14,1289,23600,,
1298420,26,2026-09-20,1289,23600,,
1298420,26,2026-09-24,1289,23600,,
1298420,26,2026-12-13,1289,23600,,
1298420,26,2026-12-14,1289,23600,,
1411710,25,2026-12-13,1848,23600,,
1411710,25,2026-12-14,1848,23600,,
1411710,26,2026-12-13,1848,23600,,
1411710,26,2026-12-14,1848,23600,,
1472544,45,2026-12-13,2066,23600,,
1472544,45,2026-12-14,2066,23600,,
1472544,46,2026-12-13,2066,23600,,
1472544,46,2026-12-14,2066,23600,,
1474809,25,2027-09-15,1378,23600,,
1474809,26,2027-09-15,1378,23600,,
1475870,25,2026-12-13,2286,23600,,
1475870,25,2026-12-14,2286,23600,,
1475870,26,2026-12-13,2286,23600,,
1475870,26,2026-12-14,2286,23600,,
1552629,27,2027-09-15,2738,23600,,
1552629,28,2027-09-15,2738,23600,,
1595502,35,2027-09-15,2089,23600,,
1595502,36,2027-09-15,2089,23600,,
1726039,27,2026-12-12,2585,23600,,
1726039,28,2026-12-12,2585,23600,,
1766640,45,2027-09-15,1566,23600,,
1766640,46,2027-09-15,1566,23600,,
2014883,25,2026-12-13,1428,23600,,
2014883,25,2026-12-14,1428,23600,,
2014883,26,2026-12-13,1428,23600,,
2014883,26,2026-12-14,1428,23600,,
2018783,25,2027-09-15,1428,23600,,
2018783,26,2027-09-15,1428,23600,,
2026607,23,2026-12-12,2131,20000,,
2026607,24,2026-12-12,2131,20000,,
2026607,29,2026-12-12,2131,20000,,
2026607,30,2026-12-12,2131,20000,,
2026607,31,2026-12-12,2131,20000,,
2026607,40,2026-12-12,2131,20000,,
2026607,57,2026-12-12,2131,20000,,
2026607,89,2026-12-12,2131,20000,,
2053245,32,2027-09-15,2160,23600,,
2053245,33,2027-09-15,2160,23600,,
2053245,34,2027-09-15,2160,23600,,
2074839,42,2027-09-15,2481,20000,,
2074839,43,2027-09-15,2481,20000,,
2074839,44,2027-09-15,2481,20000,,
1204840,27,2026-12-12,2066,27848,,
1204840,28,2026-12-12,2066,27848,,
1209749,27,2026-12-13,2412,38776,,
1209749,27,2026-12-14,2412,38776,,
1209749,28,2026-12-13,2412,38776,,
1209749,28,2026-12-14,2412,38776,,
1229920,42,2026-12-13,1538,23600,,
1229920,43,2026-12-13,1538,23600,,
1242203,17,2026-12-13,1377,23600,,
1242203,17,2026-12-14,1377,23600,,
1242203,18,2026-12-13,1377,23600,,
1242203,18,2026-12-14,1377,23600,,
1242203,19,2026-12-13,1377,23600,,
1242203,19,2026-12-14,1377,23600,,
1242203,20,2026-12-13,1377,23600,,
1242203,20,2026-12-14,1377,23600,,
1242203,50,2026-12-13,1377,23600,,
1242203,50,2026-12-14,1377,23600,,
1381192,21,2027-09-15,2207,23600,,
1381192,22,2027-09-15,2207,23600,,
1381192,29,2027-09-15,2414,23600,,
1381192,30,2027-09-15,2414,23600,,
1381192,31,2027-09-15,2414,23600,,
1381192,39,2027-09-15,2207,23600,,
1381192,57,2027-09-15,2414,23600,,
1399076,27,2027-09-15,1645,23600,,
1399076,28,2027-09-15,1645,23600,,
1442173,25,2027-09-15,1553,23600,,
1442173,26,2027-09-15,1553,23600,,
1465445,19,2026-12-12,1349,20000,,
1465445,20,2026-12-12,1349,20000,,
1465445,51,2026-12-12,1349,20000,,
1594926,25,2027-09-15,1369,20000,,
1766640,17,2026-12-13,1290,23600,,
1766640,17,2026-12-14,1290,23600,,
1766640,18,2026-12-13,1290,23600,,
1766640,18,2026-12-14,1290,23600,,
1766640,19,2026-12-13,1290,23600,,
1766640,19,2026-12-14,1290,23600,,
1766640,20,2026-12-13,1290,23600,,
1766640,20,2026-12-14,1290,23600,,
1766640,50,2026-12-13,1290,23600,,
1766640,50,2026-12-14,1290,23600,,
1894945,29,2027-09-15,2797,23600,,
1894945,30,2027-09-15,2797,23600,,
1894945,31,2027-09-15,2797,23600,,
1894945,32,2027-09-15,2901,23600,,
1894945,33,2027-09-15,2901,23600,,
1894945,34,2027-09-15,2901,23600,,
1894945,57,2027-09-15,2797,23600,,
1894945,58,2027-09-15,2901,23600,,
1894945,89,2027-09-15,2797,23600,,
2018949,25,2027-09-15,1428,23600,,
2018949,26,2027-09-15,1428,23600,,
2025675,21,2026-12-12,1647,20000,,
2025675,22,2026-12-12,1647,20000,,
2025675,39,2026-12-12,1647,20000,,
2059540,27,2026-12-13,1857,23600,,
2059540,27,2026-12-14,1857,23600,,
2059540,28,2026-12-13,1857,23600,,
2059540,28,2026-12-14,1857,23600,,
2065763,113,2026-09-24,1696,32861,,
2079707,25,2026-12-13,1428,23600,,
2079707,25,2026-12-14,1428,23600,,
2079707,26,2026-12-13,1428,23600,,
2079707,26,2026-12-14,1428,23600,,
4477291,19,2026-12-13,1279,20000,,
4477291,19,2026-12-14,1279,20000,,
4477291,20,2026-12-13,1279,20000,,
4477291,20,2026-12-14,1279,20000,,
9772256,25,2026-09-15,3606,23600,,
9772256,26,2026-09-15,3606,23600,,
1075048,27,2027-09-15,1443,23600,,
1075048,28,2027-09-15,1443,23600,,
1204840,78,2026-12-12,1721,27848,,
1204840,79,2026-12-12,1721,27848,,
1231999,27,2027-09-15,1516,20000,,
1231999,28,2027-09-15,1516,20000,,
1247300,25,2026-12-13,1356,23600,,
1247300,25,2026-12-14,1356,23600,,
1247300,26,2026-12-13,1356,23600,,
1247300,26,2026-12-14,1356,23600,,
1323805,45,2027-09-15,1631,23600,,
1323805,46,2027-09-15,1631,23600,,
1379430,27,2026-09-23,3178,23600,,
1379430,28,2026-09-23,3178,23600,,
1465445,17,2026-12-12,1280,20000,,
1465445,18,2026-12-12,1280,20000,,
1465445,50,2026-12-12,1280,20000,,
1465445,87,2026-12-12,1280,20000,,
1531125,17,2026-12-12,1302,20000,,
1531125,18,2026-12-12,1302,20000,,
1552629,25,2027-09-15,2393,23600,,
1552629,26,2027-09-15,2393,23600,,
1595502,35,2026-12-14,2052,23600,,
1595502,36,2026-12-14,2052,23600,,
1921658,25,2026-12-13,2251,23600,,
1921658,25,2026-12-14,2251,23600,,
1921658,26,2026-12-13,2251,23600,,
1921658,26,2026-12-14,2251,23600,,
2010412,25,2027-09-15,1286,23600,,
2010412,26,2027-09-15,1286,23600,,
2026607,19,2026-12-12,1993,20000,,
2026607,20,2026-12-12,1993,20000,,
2026607,21,2026-12-12,1993,20000,,
2026607,22,2026-12-12,1993,20000,,
2026607,39,2026-12-12,1993,20000,,
2026607,83,2026-12-12,1993,20000,,
2053245,29,2027-09-15,1953,23600,,
2053245,30,2027-09-15,1953,23600,,
2053245,31,2027-09-15,1953,23600,,
2053245,57,2027-09-15,1953,23600,,
6141453,17,2026-12-13,1688,23600,,
6141453,17,2026-12-14,1688,23600,,
6141453,18,2026-12-13,1688,23600,,
6141453,18,2026-12-14,1688,23600,,
6141453,19,2026-12-13,1688,23600,,
6141453,19,2026-12-14,1688,23600,,
1136669,27,2027-09-15,2182,23600,,
1136669,28,2027-09-15,2182,23600,,
1166122,27,2026-12-13,2048,23600,,
1166122,27,2026-12-14,2048,23600,,
1166122,28,2026-12-13,2048,23600,,
1166122,28,2026-12-14,2048,23600,,
1288538,42,2027-09-15,2405,23600,,
1288538,43,2027-09-15,2405,23600,,
1379430,27,2026-09-24,3155,23600,,
1379430,28,2026-09-24,3155,23600,,
1385250,102,2026-12-13,2105,23600,,
1385250,102,2026-12-14,2105,23600,,
1385250,103,2026-12-13,2105,23600,,
1385250,103,2026-12-14,2105,23600,,
1451268,23,2026-12-12,1849,20000,,
1451268,24,2026-12-12,1849,20000,,
1451268,40,2026-12-12,1849,20000,,
1581295,16,2026-09-21,954,27848,,
1581295,16,2026-09-22,954,27848,,
1581295,16,2026-09-23,954,27848,,
1581295,16,2026-09-24,954,27848,,
1581295,52,2026-09-21,954,27848,,
1581295,52,2026-09-22,954,27848,,
1581295,52,2026-09-23,954,27848,,
1581295,52,2026-09-24,954,27848,,
1596296,45,2026-12-12,2536,32861,,
1596296,45,2026-12-13,2536,32861,,
1596296,45,2026-12-14,2536,32861,,
1596296,46,2026-12-12,2536,32861,,
1596296,46,2026-12-13,2536,32861,,
1596296,46,2026-12-14,2536,32861,,
2024578,32,2027-09-15,2450,20000,,
2024578,33,2027-09-15,2450,20000,,
2024578,34,2027-09-15,2450,20000,,
2024578,58,2027-09-15,2450,20000,,
2024578,90,2027-09-15,2450,20000,,
2025675,19,2026-12-12,1509,20000,,
2083696,25,2026-12-13,1643,23600,,
2083696,25,2026-12-14,1643,23600,,
2083696,26,2026-12-13,1643,23600,,
2083696,26,2026-12-14,1643,23600,,
4477291,23,2026-12-13,1417,20000,,
4477291,23,2026-12-14,1417,20000,,
4477291,24,2026-12-13,1417,20000,,
4477291,24,2026-12-14,1417,20000,,
6141453,27,2026-12-13,2102,23600,,
6141453,27,2026-12-14,2102,23600,,
6141453,28,2026-12-13,2102,23600,,
6141453,28,2026-12-14,2102,23600,,
6141453,29,2026-12-13,2102,23600,,
6141453,29,2026-12-14,2102,23600,,
6141453,30,2026-12-13,2102,23600,,
6141453,30,2026-12-14,2102,23600,,
6141453,31,2026-12-13,2102,23600,,
6141453,31,2026-12-14,2102,23600,,
6141453,32,2026-12-13,2102,23600,,
6141453,32,2026-12-14,2102,23600,,
6141453,33,2026-12-13,2102,23600,,
6141453,33,2026-12-14,2102,23600,,
6141453,34,2026-12-13,2102,23600,,
6141453,34,2026-12-14,2102,23600,,
6141453,57,2026-12-13,2102,23600,,
6141453,57,2026-12-14,2102,23600,,
1206822,17,2026-12-13,2047,23600,,
1206822,17,2026-12-14,2047,23600,,
1206822,18,2026-12-13,2047,23600,,
1206822,18,2026-12-14,2047,23600,,
1206822,19,2026-12-13,2047,23600,,
1206822,19,2026-12-14,2047,23600,,
1206822,20,2026-12-13,2047,23600,,
1206822,20,2026-12-14,2047,23600,,
1206822,50,2026-12-13,2047,23600,,
1206822,50,2026-12-14,2047,23600,,
1206822,51,2026-12-13,2047,23600,,
1206822,51,2026-12-14,2047,23600,,
1206822,87,2026-12-13,2047,23600,,
1206822,87,2026-12-14,2047,23600,,
1247345,25,2026-12-13,1597,23600,,
1247345,25,2026-12-14,1597,23600,,
1247345,26,2026-12-13,1597,23600,,
1247345,26,2026-12-14,1597,23600,,
1257158,25,2027-09-15,1415,23600,,
1257158,26,2027-09-15,1415,23600,,
1464876,35,2026-12-13,3099,23600,,
1464876,35,2026-12-14,3099,23600,,
1464876,36,2026-12-13,3099,23600,,
1464876,36,2026-12-14,3099,23600,,
1559112,25,2027-09-15,1714,23600,,
1559112,26,2027-09-15,1714,23600,,
1559112,55,2027-09-15,1714,23600,,
1766640,15,2026-12-13,1187,23600,,
1766640,15,2026-12-14,1187,23600,,
1766640,16,2026-12-13,1187,23600,,
1766640,16,2026-12-14,1187,23600,,
1766640,38,2026-12-13,1187,23600,,
1766640,38,2026-12-14,1187,23600,,
1766640,52,2026-12-13,1187,23600,,
1766640,52,2026-12-14,1187,23600,,
1809628,42,2027-09-15,2033,23600,,
1809628,43,2027-09-15,2033,23600,,
1912757,25,2026-12-13,1283,23600,,
1912757,25,2026-12-14,1283,23600,,
1912757,26,2026-12-13,1283,23600,,
1912757,26,2026-12-14,1283,23600,,
2026607,17,2026-12-12,1855,20000,,
2026607,18,2026-12-12,1855,20000,,
2026607,50,2026-12-12,1855,20000,,
2053245,23,2027-09-15,1677,23600,,
2053245,24,2027-09-15,1677,23600,,
2053245,40,2027-09-15,1677,23600,,
2345375,25,2026-12-13,1187,23600,,
2345375,25,2026-12-14,1187,23600,,
1204840,25,2026-12-12,1859,27848,,
1204840,26,2026-12-12,1859,27848,,
1307656,25,2026-12-12,1195,23600,,
1307656,26,2026-12-12,1195,23600,,
1379430,25,2026-09-23,2350,23600,,
1379430,26,2026-09-23,2350,23600,,
1394588,42,2026-11-27,2182,23600,,
1394588,42,2026-11-28,2182,23600,,
1394588,42,2026-11-29,2182,23600,,
1394588,42,2026-11-30,2182,23600,,
1394588,42,2026-12-13,2188,23600,,
1394588,42,2026-12-14,2182,23600,,
1394588,42,2027-09-15,2182,23600,,
1394588,43,2026-11-27,2182,23600,,
1394588,43,2026-11-28,2182,23600,,
1394588,43,2026-11-29,2182,23600,,
1394588,43,2026-11-30,2182,23600,,
1394588,43,2026-12-13,2188,23600,,
1394588,43,2026-12-14,2182,23600,,
1394588,43,2027-09-15,2182,23600,,
1435639,45,2026-11-22,5016,23600,,
1435639,45,2026-11-23,5016,23600,,
1435639,45,2026-11-24,5016,23600,,
1435639,45,2026-11-25,5016,23600,,
1435639,45,2026-11-26,5016,23600,,
1435639,46,2026-11-22,5016,23600,,
1435639,46,2026-11-23,5016,23600,,
1435639,46,2026-11-24,5016,23600,,
1435639,46,2026-11-25,5016,23600,,
1435639,46,2026-11-26,5016,23600,,
1464876,27,2026-12-13,2996,23600,,
1464876,27,2026-12-14,2996,23600,,
1464876,28,2026-12-13,2996,23600,,
1464876,28,2026-12-14,2996,23600,,
1472544,25,2027-09-15,1286,23600,,
1472544,26,2027-09-15,1286,23600,,
1475870,27,2026-12-13,2631,23600,,
1475870,27,2026-12-14,2631,23600,,
1475870,28,2026-12-13,2631,23600,,
1475870,28,2026-12-14,2631,23600,,
2019978,25,2026-12-13,1905,20000,,
2019978,25,2026-12-14,1905,20000,,
2019978,25,2027-09-15,1905,20000,,
2019978,26,2026-12-13,1905,20000,,
2019978,26,2026-12-14,1905,20000,,
2019978,26,2027-09-15,1905,20000,,
2025675,17,2026-12-12,1440,20000,,
2025675,18,2026-12-12,1440,20000,,
2065763,113,2027-09-15,1900,32861,,
1206822,21,2026-12-13,2185,23600,,
1206822,21,2026-12-14,2185,23600,,
1206822,22,2026-12-13,2185,23600,,
1206822,22,2026-12-14,2185,23600,,
1206822,23,2026-12-13,2185,23600,,
1206822,23,2026-12-14,2185,23600,,
1206822,24,2026-12-13,2185,23600,,
1206822,24,2026-12-14,2185,23600,,
1206822,39,2026-12-13,2185,23600,,
1206822,39,2026-12-14,2185,23600,,
1206822,40,2026-12-13,2185,23600,,
1206822,40,2026-12-14,2185,23600,,
1206822,83,2026-12-13,2185,23600,,
1206822,83,2026-12-14,2185,23600,,
1379430,23,2026-09-23,2833,23600,,
1379430,23,2026-09-24,2810,23600,,
1379430,24,2026-09-23,2833,23600,,
1379430,24,2026-09-24,2810,23600,,
1379430,25,2026-09-24,2327,23600,,
1379430,26,2026-09-24,2327,23600,,
1379430,40,2026-09-23,2833,23600,,
1379430,40,2026-09-24,2810,23600,,
1511929,42,2027-09-15,2490,40000,,
1511929,43,2027-09-15,2490,40000,,
1809628,45,2027-09-15,1860,23600,,
1809628,46,2027-09-15,1860,23600,,
2019492,25,2027-09-15,1571,27848,,
2019492,26,2027-09-15,1571,27848,,
9772256,21,2026-09-15,2985,23600,,
9772256,22,2026-09-15,2985,23600,,
9772256,23,2026-09-15,2985,23600,,
9772256,24,2026-09-15,2985,23600,,
9772256,39,2026-09-15,2985,23600,,
9772256,40,2026-09-15,2985,23600,,
9772256,83,2026-09-15,2985,23600,,
1165837,25,2026-12-13,1809,23600,,
1165837,25,2026-12-14,1809,23600,,
1165837,26,2026-12-13,1809,23600,,
1165837,26,2026-12-14,1809,23600,,
1229511,19,2026-12-13,1409,23600,,
1229511,19,2026-12-14,1409,23600,,
1229511,20,2026-12-13,1409,23600,,
1229511,20,2026-12-14,1409,23600,,
1229511,51,2026-12-13,1409,23600,,
1229511,51,2026-12-14,1409,23600,,
1242203,15,2026-12-13,1170,23600,,
1242203,15,2026-12-14,1170,23600,,
1242203,16,2026-12-13,1170,23600,,
1242203,16,2026-12-14,1170,23600,,
1242203,38,2026-12-13,1170,23600,,
1242203,38,2026-12-14,1170,23600,,
1242203,52,2026-12-13,1170,23600,,
1242203,52,2026-12-14,1170,23600,,
1242203,76,2026-12-13,1170,23600,,
1242203,76,2026-12-14,1170,23600,,
1451268,21,2026-12-12,1608,20000,,
1451268,22,2026-12-12,1608,20000,,
1451268,39,2026-12-12,1608,20000,,
1451268,83,2026-12-12,1608,20000,,
1555580,45,2027-09-15,2227,23600,,
1555580,46,2027-09-15,2227,23600,,
1929807,25,2026-12-13,1577,23600,,
1929807,25,2026-12-14,1577,23600,,
1929807,26,2026-12-13,1577,23600,,
1929807,26,2026-12-14,1577,23600,,
5000022,27,2026-12-12,2314,20000,,
5000022,28,2026-12-12,2314,20000,,
1204840,45,2026-12-13,2011,27848,,
1204840,45,2026-12-14,2011,27848,,
1204840,46,2026-12-13,2011,27848,,
1204840,46,2026-12-14,2011,27848,,
1208576,35,2026-12-12,2404,20000,,
1208576,36,2026-12-12,2404,20000,,
1229511,17,2026-12-13,1305,23600,,
1229511,17,2026-12-14,1305,23600,,
1229511,18,2026-12-13,1305,23600,,
1229511,18,2026-12-14,1305,23600,,
1229511,50,2026-12-13,1305,23600,,
1229511,50,2026-12-14,1305,23600,,
1229511,87,2026-12-13,1305,23600,,
1229511,87,2026-12-14,1305,23600,,
1379430,19,2026-09-23,2626,23600,,
1379430,20,2026-09-23,2626,23600,,
1435639,27,2026-11-22,4671,23600,,
1435639,27,2026-11-23,4671,23600,,
1435639,27,2026-11-24,4671,23600,,
1435639,27,2026-11-25,4671,23600,,
1435639,27,2026-11-26,4671,23600,,
1435639,28,2026-11-22,4671,23600,,
1435639,28,2026-11-23,4671,23600,,
1435639,28,2026-11-24,4671,23600,,
1435639,28,2026-11-25,4671,23600,,
1435639,28,2026-11-26,4671,23600,,
1435639,41,2026-11-22,4671,23600,,
1435639,41,2026-11-23,4671,23600,,
1435639,41,2026-11-24,4671,23600,,
1435639,41,2026-11-25,4671,23600,,
1435639,41,2026-11-26,4671,23600,,
1464454,25,2027-09-15,1526,23600,,
1464454,26,2027-09-15,1526,23600,,
2011351,25,2026-12-13,1524,23600,,
2011351,25,2026-12-14,1524,23600,,
2011351,25,2027-09-15,1524,23600,,
2011351,26,2026-12-13,1524,23600,,
2011351,26,2026-12-14,1524,23600,,
2011351,26,2027-09-15,1524,23600,,
2024578,24179,2027-09-15,2105,20000,,
2024578,29,2027-09-15,2105,20000,,
2024578,30,2027-09-15,2105,20000,,
2024578,31,2027-09-15,2105,20000,,
2024578,57,2027-09-15,2105,20000,,
2024578,89,2027-09-15,2105,20000,,
2065763,102,2026-12-13,1626,32861,,
2065763,102,2026-12-14,1626,32861,,
2065763,103,2026-12-13,1626,32861,,
2065763,103,2026-12-14,1626,32861,,
2065763,104,2026-12-13,1626,32861,,
2065763,104,2026-12-14,1626,32861,,
2066561,47,2026-12-12,3207,27848,,
2066561,48,2026-12-12,3207,27848,,
6141453,21,2026-12-13,1757,23600,,
6141453,21,2026-12-14,1757,23600,,
6141453,22,2026-12-13,1757,23600,,
6141453,22,2026-12-14,1757,23600,,
6141453,23,2026-12-13,1757,23600,,
6141453,23,2026-12-14,1757,23600,,
6141453,24,2026-12-13,1757,23600,,
6141453,24,2026-12-14,1757,23600,,
6141453,39,2026-12-13,1757,23600,,
6141453,39,2026-12-14,1757,23600,,
6141453,40,2026-12-13,1757,23600,,
6141453,40,2026-12-14,1757,23600,,
6141453,83,2026-12-13,1757,23600,,
6141453,83,2026-12-14,1757,23600,,
9772256,17,2026-09-15,2778,23600,,
9772256,18,2026-09-15,2778,23600,,
9772256,19,2026-09-15,2778,23600,,
9772256,20,2026-09-15,2778,23600,,
9772256,50,2026-09-15,2778,23600,,
9772256,51,2026-09-15,2778,23600,,
9772256,87,2026-09-15,2778,23600,,
1379430,15,2026-09-23,2074,23600,,
1379430,19,2026-09-24,2603,23600,,
1379430,20,2026-09-24,2603,23600,,
1379430,21,2026-09-23,2557,23600,,
1379430,22,2026-09-23,2557,23600,,
1379430,38,2026-09-23,2074,23600,,
1379430,39,2026-09-23,2557,23600,,
1379430,76,2026-09-23,2074,23600,,
1379430,83,2026-09-23,2557,23600,,
1451268,19,2026-12-12,1539,20000,,
1451268,20,2026-12-12,1539,20000,,
1464876,32,2026-12-13,2582,23600,,
1464876,32,2026-12-14,2582,23600,,
1464876,33,2026-12-13,2582,23600,,
1464876,33,2026-12-14,2582,23600,,
1464876,34,2026-12-13,2582,23600,,
1464876,34,2026-12-14,2582,23600,,
1767140,64,2026-12-13,2811,23600,,
1767140,64,2026-12-14,2811,23600,,
1767140,65,2026-12-13,2811,23600,,
1767140,65,2026-12-14,2811,23600,,
1929807,25,2027-09-15,1524,23600,,
1929807,26,2027-09-15,1524,23600,,
2013172,25,2027-09-15,2174,23600,,
2013172,26,2027-09-15,2174,23600,,
2024299,25,2026-12-12,2028,23600,,
2024299,26,2026-12-12,2028,23600,,
1165837,45,2026-12-13,2361,23600,,
1165837,45,2026-12-14,2361,23600,,
1165837,45,2027-09-15,2361,23600,,
1165837,46,2026-12-13,2361,23600,,
1165837,46,2026-12-14,2361,23600,,
1165837,46,2027-09-15,2361,23600,,
1208576,29,2026-12-12,2059,20000,,
1208576,30,2026-12-12,2059,20000,,
1208576,31,2026-12-12,2059,20000,,
1208576,57,2026-12-12,2059,20000,,
1379430,15,2026-09-24,2051,23600,,
1379430,21,2026-09-24,2534,23600,,
1379430,22,2026-09-24,2534,23600,,
1379430,38,2026-09-24,2051,23600,,
1379430,39,2026-09-24,2534,23600,,
1379430,76,2026-09-24,2051,23600,,
1379430,83,2026-09-24,2534,23600,,
1385250,102,2027-09-15,1905,23600,,
1385250,103,2027-09-15,1905,23600,,
1435639,16,2026-11-22,3947,23600,,
1435639,16,2026-11-23,3947,23600,,
1435639,16,2026-11-24,3947,23600,,
1435639,16,2026-11-25,3947,23600,,
1435639,16,2026-11-26,3947,23600,,
1435639,23,2026-11-22,4326,23600,,
1435639,23,2026-11-23,4326,23600,,
1435639,23,2026-11-24,4326,23600,,
1435639,23,2026-11-25,4326,23600,,
1435639,23,2026-11-26,4326,23600,,
1435639,24,2026-11-22,4326,23600,,
1435639,24,2026-11-23,4326,23600,,
1435639,24,2026-11-24,4326,23600,,
1435639,24,2026-11-25,4326,23600,,
1435639,24,2026-11-26,4326,23600,,
1435639,40,2026-11-22,4326,23600,,
1435639,40,2026-11-23,4326,23600,,
1435639,40,2026-11-24,4326,23600,,
1435639,40,2026-11-25,4326,23600,,
1435639,40,2026-11-26,4326,23600,,
1435639,52,2026-11-22,3947,23600,,
1435639,52,2026-11-23,3947,23600,,
1435639,52,2026-11-24,3947,23600,,
1435639,52,2026-11-25,3947,23600,,
1435639,52,2026-11-26,3947,23600,,
1435639,84,2026-11-22,4326,23600,,
1435639,84,2026-11-23,4326,23600,,
1435639,84,2026-11-24,4326,23600,,
1435639,84,2026-11-25,4326,23600,,
1435639,84,2026-11-26,4326,23600,,
1446609,25,2027-09-15,1095,23600,,
1446609,26,2027-09-15,1095,23600,,
1509602,42,2027-09-15,2504,23600,,
1509602,43,2027-09-15,2504,23600,,
1726039,21,2026-12-12,1895,23600,,
1726039,22,2026-12-12,1895,23600,,
1726039,23,2026-12-12,1895,23600,,
1726039,24,2026-12-12,1895,23600,,
1726039,39,2026-12-12,1895,23600,,
1726039,40,2026-12-12,1895,23600,,
1726039,83,2026-12-12,1895,23600,,
1766857,45,2027-09-15,2422,23600,,
1766857,46,2027-09-15,2422,23600,,
1767140,45,2027-09-15,2195,23600,,
1767140,46,2027-09-15,2195,23600,,
2018783,25,2026-12-13,1285,23600,,
2018783,25,2026-12-14,1285,23600,,
2018783,26,2026-12-13,1285,23600,,
2018783,26,2026-12-14,1285,23600,,
2053245,21,2027-09-15,1470,23600,,
2053245,22,2027-09-15,1470,23600,,
2053245,39,2027-09-15,1470,23600,,
2053245,83,2027-09-15,1470,23600,,
15738,25,2026-12-13,1236,23600,,
15738,25,2026-12-14,1236,23600,,
15738,26,2026-12-13,1236,23600,,
15738,26,2026-12-14,1236,23600,,
1464876,23,2026-12-13,2478,23600,,
1464876,23,2026-12-14,2478,23600,,
1464876,24,2026-12-13,2478,23600,,
1464876,24,2026-12-14,2478,23600,,
1464876,29,2026-12-13,2444,23600,,
1464876,29,2026-12-14,2444,23600,,
1464876,30,2026-12-13,2444,23600,,
1464876,30,2026-12-14,2444,23600,,
1464876,31,2026-12-13,2444,23600,,
1464876,31,2026-12-14,2444,23600,,
1464876,40,2026-12-13,2478,23600,,
1464876,40,2026-12-14,2478,23600,,
1464876,57,2026-12-13,2444,23600,,
1464876,57,2026-12-14,2444,23600,,
2083696,45,2027-09-15,2044,23600,,
2083696,46,2027-09-15,2044,23600,,
1204840,45,2026-12-12,2066,27848,,
1204840,46,2026-12-12,2066,27848,,
1209749,21,2026-12-13,1722,38776,,
1209749,21,2026-12-14,1722,38776,,
1209749,22,2026-12-13,1722,38776,,
1209749,22,2026-12-14,1722,38776,,
1209749,23,2026-12-13,1722,38776,,
1209749,23,2026-12-14,1722,38776,,
1209749,24,2026-12-13,1722,38776,,
1209749,24,2026-12-14,1722,38776,,
1209749,39,2026-12-13,1722,38776,,
1209749,39,2026-12-14,1722,38776,,
1209749,40,2026-12-13,1722,38776,,
1209749,40,2026-12-14,1722,38776,,
1209749,83,2026-12-13,1722,38776,,
1209749,83,2026-12-14,1722,38776,,
1379430,17,2026-09-24,2327,23600,,
1379430,18,2026-09-24,2327,23600,,
1379430,50,2026-09-24,2327,23600,,
1435639,15,2026-11-22,3809,23600,,
1435639,15,2026-11-23,3809,23600,,
1435639,15,2026-11-24,3809,23600,,
1435639,15,2026-11-25,3809,23600,,
1435639,15,2026-11-26,3809,23600,,
1435639,19,2026-11-22,4188,23600,,
1435639,19,2026-11-23,4188,23600,,
1435639,19,2026-11-24,4188,23600,,
1435639,19,2026-11-25,4188,23600,,
1435639,19,2026-11-26,4188,23600,,
1435639,20,2026-11-22,4188,23600,,
1435639,20,2026-11-23,4188,23600,,
1435639,20,2026-11-24,4188,23600,,
1435639,20,2026-11-25,4188,23600,,
1435639,20,2026-11-26,4188,23600,,
1435639,21,2026-11-22,4154,23600,,
1435639,21,2026-11-23,4154,23600,,
1435639,21,2026-11-24,4154,23600,,
1435639,21,2026-11-25,4154,23600,,
1435639,21,2026-11-26,4154,23600,,
1435639,22,2026-11-22,4154,23600,,
1435639,22,2026-11-23,4154,23600,,
1435639,22,2026-11-24,4154,23600,,
1435639,22,2026-11-25,4154,23600,,
1435639,22,2026-11-26,4154,23600,,
1435639,38,2026-11-22,3809,23600,,
1435639,38,2026-11-23,3809,23600,,
1435639,38,2026-11-24,3809,23600,,
1435639,38,2026-11-25,3809,23600,,
1435639,38,2026-11-26,3809,23600,,
1435639,39,2026-11-22,4154,23600,,
1435639,39,2026-11-23,4154,23600,,
1435639,39,2026-11-24,4154,23600,,
1435639,39,2026-11-25,4154,23600,,
1435639,39,2026-11-26,4154,23600,,
1435639,76,2026-11-22,3809,23600,,
1435639,76,2026-11-23,3809,23600,,
1435639,76,2026-11-24,3809,23600,,
1435639,76,2026-11-25,3809,23600,,
1435639,76,2026-11-26,3809,23600,,
1435639,83,2026-11-22,4154,23600,,
1435639,83,2026-11-23,4154,23600,,
1435639,83,2026-11-24,4154,23600,,
1435639,83,2026-11-25,4154,23600,,
1435639,83,2026-11-26,4154,23600,,
1435639,97,2026-11-22,4154,23600,,
1435639,97,2026-11-23,4154,23600,,
1435639,97,2026-11-24,4154,23600,,
1435639,97,2026-11-25,4154,23600,,
1435639,97,2026-11-26,4154,23600,,
1472508,25,2027-09-15,1277,23600,,
1472508,26,2027-09-15,1277,23600,,
1595009,42,2026-12-13,2109,23600,,
1595009,42,2026-12-14,2109,23600,,
1595009,43,2026-12-13,2109,23600,,
1595009,43,2026-12-14,2109,23600,,
1595009,44,2026-12-13,2109,23600,,
1595009,44,2026-12-14,2109,23600,,
2018949,25,2026-12-13,1285,23600,,
2018949,25,2026-12-14,1285,23600,,
2018949,26,2026-12-13,1285,23600,,
2018949,26,2026-12-14,1285,23600,,
2019492,25,2026-12-13,1476,27848,,
2019492,25,2026-12-14,1476,27848,,
2019492,26,2026-12-13,1476,27848,,
2019492,26,2026-12-14,1476,27848,,
1075048,27,2026-12-13,1443,23600,,
1075048,27,2026-12-14,1443,23600,,
1075048,28,2026-12-13,1443,23600,,
1075048,28,2026-12-14,1443,23600,,
1379430,17,2026-09-23,2350,23600,,
1379430,18,2026-09-23,2350,23600,,
1379430,50,2026-09-23,2350,23600,,
1435639,17,2026-11-22,4016,23600,,
1435639,17,2026-11-23,4016,23600,,
1435639,17,2026-11-24,4016,23600,,
1435639,17,2026-11-25,4016,23600,,
1435639,17,2026-11-26,4016,23600,,
1435639,18,2026-11-22,4016,23600,,
1435639,18,2026-11-23,4016,23600,,
1435639,18,2026-11-24,4016,23600,,
1435639,18,2026-11-25,4016,23600,,
1435639,18,2026-11-26,4016,23600,,
1435639,50,2026-11-22,4016,23600,,
1435639,50,2026-11-23,4016,23600,,
1435639,50,2026-11-24,4016,23600,,
1435639,50,2026-11-25,4016,23600,,
1435639,50,2026-11-26,4016,23600,,
1451268,17,2026-12-12,1401,20000,,
1451268,18,2026-12-12,1401,20000,,
1451268,50,2026-12-12,1401,20000,,
1464876,21,2026-12-13,2340,23600,,
1464876,21,2026-12-14,2340,23600,,
1464876,22,2026-12-13,2340,23600,,
1464876,22,2026-12-14,2340,23600,,
1464876,39,2026-12-13,2340,23600,,
1464876,39,2026-12-14,2340,23600,,
1464876,83,2026-12-13,2340,23600,,
1464876,83,2026-12-14,2340,23600,,
2066561,47,2027-09-15,2527,27848,,
2066561,48,2027-09-15,2527,27848,,
6141453,25,2026-12-13,1688,23600,,
6141453,25,2026-12-14,1688,23600,,
1208576,32,2026-12-12,2059,20000,,
1208576,33,2026-12-12,2059,20000,,
1208576,34,2026-12-12,2059,20000,,
1379430,16,2026-09-23,2281,23600,,
1379430,16,2026-09-24,2258,23600,,
1379430,52,2026-09-23,2281,23600,,
1379430,52,2026-09-24,2258,23600,,
2022899,45,2027-09-15,1410,23600,,
2022899,46,2027-09-15,1410,23600,,
2066561,42,2026-12-13,2660,27848,,
2066561,42,2026-12-14,2660,27848,,
2066561,43,2026-12-13,2660,27848,,
2066561,43,2026-12-14,2660,27848,,
5000022,23,2026-12-12,1934,20000,,
5000022,24,2026-12-12,1934,20000,,
5000022,40,2026-12-12,1934,20000,,
1208576,27,2026-12-12,1645,20000,,
1208576,28,2026-12-12,1645,20000,,
2020755,27,2026-12-12,2780,20000,,
2020755,28,2026-12-12,2780,20000,,
1075048,25,2026-12-13,1305,23600,,
1075048,25,2026-12-14,1305,23600,,
1438288,27,2026-11-22,4313,23600,,
1438288,27,2026-11-23,4313,23600,,
1438288,27,2026-11-24,4313,23600,,
1438288,27,2026-11-25,4313,23600,,
1438288,27,2026-11-26,4313,23600,,
1438288,28,2026-11-22,4313,23600,,
1438288,28,2026-11-23,4313,23600,,
1438288,28,2026-11-24,4313,23600,,
1438288,28,2026-11-25,4313,23600,,
1438288,28,2026-11-26,4313,23600,,
1442173,25,2027-09-15,1553,20000,,
1442173,26,2027-09-15,1553,20000,,
1726039,17,2026-12-12,1619,23600,,
1726039,18,2026-12-12,1619,23600,,
1726039,19,2026-12-12,1619,23600,,
1726039,20,2026-12-12,1619,23600,,
1726039,50,2026-12-12,1619,23600,,
2083696,45,2026-12-13,1919,23600,,
2083696,45,2026-12-14,1919,23600,,
2083696,46,2026-12-13,1919,23600,,
2083696,46,2026-12-14,1919,23600,,
1755459,25,2026-10-16,3228,23600,,
1755459,25,2026-10-17,3228,23600,,
1755459,25,2026-10-18,3228,23600,,
1755459,25,2026-10-19,3228,23600,,
1755459,25,2026-10-20,3228,23600,,
1755459,25,2026-10-21,3228,23600,,
1755459,25,2026-10-22,3228,23600,,
1755459,25,2026-10-23,3228,23600,,
1755459,25,2026-10-24,3228,23600,,
1755459,26,2026-10-16,3228,23600,,
1755459,26,2026-10-17,3228,23600,,
1755459,26,2026-10-18,3228,23600,,
1755459,26,2026-10-19,3228,23600,,
1755459,26,2026-10-20,3228,23600,,
1755459,26,2026-10-21,3228,23600,,
1755459,26,2026-10-22,3228,23600,,
1755459,26,2026-10-23,3228,23600,,
1755459,26,2026-10-24,3228,23600,,
1208576,21,2026-12-12,1369,20000,,
1208576,22,2026-12-12,1369,20000,,
1208576,39,2026-12-12,1369,20000,,
1208576,83,2026-12-12,1369,20000,,
1472459,42,2027-09-15,1852,23600,,
1472459,43,2027-09-15,1852,23600,,
2020755,21,2026-12-12,2366,20000,,
2020755,22,2026-12-12,2366,20000,,
2020755,39,2026-12-12,2366,20000,,
2020755,83,2026-12-12,2366,20000,,
1438288,25,2026-11-22,4071,23600,,
1438288,25,2026-11-23,4071,23600,,
1438288,25,2026-11-24,4071,23600,,
1438288,25,2026-11-25,4071,23600,,
1438288,25,2026-11-26,4071,23600,,
1438288,26,2026-11-22,4071,23600,,
1438288,26,2026-11-23,4071,23600,,
1438288,26,2026-11-24,4071,23600,,
1438288,26,2026-11-25,4071,23600,,
1438288,26,2026-11-26,4071,23600,,
1473477,25,2026-12-13,1460,23600,,
1473477,25,2026-12-14,1460,23600,,
1473477,26,2026-12-13,1460,23600,,
1473477,26,2026-12-14,1460,23600,,
5000022,21,2026-12-12,1693,20000,,
5000022,22,2026-12-12,1693,20000,,
5000022,39,2026-12-12,1693,20000,,
5000022,83,2026-12-12,1693,20000,,
1438288,23,2026-11-22,3968,23600,,
1438288,23,2026-11-23,3968,23600,,
1438288,23,2026-11-24,3968,23600,,
1438288,23,2026-11-25,3968,23600,,
1438288,23,2026-11-26,3968,23600,,
1438288,24,2026-11-22,3968,23600,,
1438288,24,2026-11-23,3968,23600,,
1438288,24,2026-11-24,3968,23600,,
1438288,24,2026-11-25,3968,23600,,
1438288,24,2026-11-26,3968,23600,,
1438288,40,2026-11-22,3968,23600,,
1438288,40,2026-11-23,3968,23600,,
1438288,40,2026-11-24,3968,23600,,
1438288,40,2026-11-25,3968,23600,,
1438288,40,2026-11-26,3968,23600,,
2020755,23,2026-12-12,2435,20000,,
2020755,24,2026-12-12,2435,20000,,
2020755,40,2026-12-12,2435,20000,,
2065763,113,2026-12-13,1626,32861,,
2065763,113,2026-12-14,1626,32861,,
1438288,21,2026-11-22,3795,23600,,
1438288,21,2026-11-23,3795,23600,,
1438288,21,2026-11-24,3795,23600,,
1438288,21,2026-11-25,3795,23600,,
1438288,21,2026-11-26,3795,23600,,
1438288,22,2026-11-22,3795,23600,,
1438288,22,2026-11-23,3795,23600,,
1438288,22,2026-11-24,3795,23600,,
1438288,22,2026-11-25,3795,23600,,
1438288,22,2026-11-26,3795,23600,,
1438288,39,2026-11-22,3795,23600,,
1438288,39,2026-11-23,3795,23600,,
1438288,39,2026-11-24,3795,23600,,
1438288,39,2026-11-25,3795,23600,,
1438288,39,2026-11-26,3795,23600,,
1438288,83,2026-11-22,3795,23600,,
1438288,83,2026-11-23,3795,23600,,
1438288,83,2026-11-24,3795,23600,,
1438288,83,2026-11-25,3795,23600,,
1438288,83,2026-11-26,3795,23600,,
1438288,19,2026-11-22,3726,23600,,
1438288,19,2026-11-23,3726,23600,,
1438288,19,2026-11-24,3726,23600,,
1438288,19,2026-11-25,3726,23600,,
1438288,19,2026-11-26,3726,23600,,
1438288,20,2026-11-22,3726,23600,,
1438288,20,2026-11-23,3726,23600,,
1438288,20,2026-11-24,3726,23600,,
1438288,20,2026-11-25,3726,23600,,
1438288,20,2026-11-26,3726,23600,,
1438288,51,2026-11-22,3726,23600,,
1438288,51,2026-11-23,3726,23600,,
1438288,51,2026-11-24,3726,23600,,
1438288,51,2026-11-25,3726,23600,,
1438288,51,2026-11-26,3726,23600,,
1208576,23,2026-12-12,1369,20000,,
1208576,24,2026-12-12,1369,20000,,
1208576,40,2026-12-12,1369,20000,,
1472459,45,2027-09-15,1645,23600,,
1472459,46,2027-09-15,1645,23600,,
1472544,45,2027-09-15,1493,23600,,
1472544,46,2027-09-15,1493,23600,,
4477291,21,2026-12-12,1107,20000,,
4477291,22,2026-12-12,1107,20000,,
4477291,39,2026-12-12,1107,20000,,
5000022,19,2026-12-12,1624,20000,,
5000022,20,2026-12-12,1624,20000,,
1438288,17,2026-11-22,3588,23600,,
1438288,17,2026-11-23,3588,23600,,
1438288,17,2026-11-24,3588,23600,,
1438288,17,2026-11-25,3588,23600,,
1438288,17,2026-11-26,3588,23600,,
1438288,18,2026-11-22,3588,23600,,
1438288,18,2026-11-23,3588,23600,,
1438288,18,2026-11-24,3588,23600,,
1438288,18,2026-11-25,3588,23600,,
1438288,18,2026-11-26,3588,23600,,
1438288,50,2026-11-22,3588,23600,,
1438288,50,2026-11-23,3588,23600,,
1438288,50,2026-11-24,3588,23600,,
1438288,50,2026-11-25,3588,23600,,
1438288,50,2026-11-26,3588,23600,,
1438288,87,2026-11-22,3588,23600,,
1438288,87,2026-11-23,3588,23600,,
1438288,87,2026-11-24,3588,23600,,
1438288,87,2026-11-25,3588,23600,,
1438288,87,2026-11-26,3588,23600,,
1766640,45,2026-12-13,1532,23600,,
1766640,45,2026-12-14,1532,23600,,
1766640,46,2026-12-13,1532,23600,,
1766640,46,2026-12-14,1532,23600,,
4477291,15,2026-12-12,900,20000,,
4477291,38,2026-12-12,900,20000,,
4477291,76,2026-12-12,900,20000,,
2020755,17,2026-12-12,2021,20000,,
2020755,18,2026-12-12,2021,20000,,
2020755,50,2026-12-12,2021,20000,,
2066561,47,2026-12-13,2660,27848,,
2066561,47,2026-12-14,2660,27848,,
2066561,48,2026-12-13,2660,27848,,
2066561,48,2026-12-14,2660,27848,,
4477291,17,2026-12-12,969,20000,,
4477291,18,2026-12-12,969,20000,,
4477291,50,2026-12-12,969,20000,,
5000022,17,2026-12-12,1486,20000,,
5000022,18,2026-12-12,1486,20000,,
5000022,50,2026-12-12,1486,20000,,
1767140,64,2027-09-15,2195,23600,,
1767140,65,2027-09-15,2195,23600,,
1209749,15,2026-12-13,1170,38776,,
1209749,15,2026-12-14,1170,38776,,
1209749,16,2026-12-13,1170,38776,,
1209749,16,2026-12-14,1170,38776,,
1209749,17,2026-12-13,1170,38776,,
1209749,17,2026-12-14,1170,38776,,
1209749,18,2026-12-13,1170,38776,,
1209749,18,2026-12-14,1170,38776,,
1209749,19,2026-12-13,1170,38776,,
1209749,19,2026-12-14,1170,38776,,
1209749,20,2026-12-13,1170,38776,,
1209749,20,2026-12-14,1170,38776,,
1209749,38,2026-12-13,1170,38776,,
1209749,38,2026-12-14,1170,38776,,
1894945,42,2027-09-15,2797,23600,,
1894945,43,2027-09-15,2797,23600,,
2020755,19,2026-12-12,2056,20000,,
2020755,20,2026-12-12,2056,20000,,
1126702,25,2026-09-21,2454,23600,,
1126702,26,2026-09-21,2454,23600,,
4477291,16,2026-12-12,900,20000,,
4477291,23,2026-12-12,1107,20000,,
4477291,24,2026-12-12,1107,20000,,
4477291,52,2026-12-12,900,20000,,
4477291,19,2026-12-12,969,20000,,
4477291,20,2026-12-12,969,20000,,
1126702,25,2026-09-22,2539,23600,,
1126702,25,2026-09-23,2539,23600,,
1126702,25,2026-09-24,2539,23600,,
1126702,26,2026-09-22,2539,23600,,
1126702,26,2026-09-23,2539,23600,,
1126702,26,2026-09-24,2539,23600,,
1126702,19,2026-09-21,1971,23600,,
1126702,20,2026-09-21,1971,23600,,
1126702,51,2026-09-21,1971,23600,,
1126702,17,2026-09-21,1868,23600,,
1126702,18,2026-09-21,1868,23600,,
1126702,50,2026-09-21,1868,23600,,
1126702,87,2026-09-21,1868,23600,,
1126702,19,2026-09-22,2056,23600,,
1126702,19,2026-09-23,2056,23600,,
1126702,19,2026-09-24,2056,23600,,
1126702,20,2026-09-22,2056,23600,,
1126702,20,2026-09-23,2056,23600,,
1126702,20,2026-09-24,2056,23600,,
1126702,51,2026-09-22,2056,23600,,
1126702,51,2026-09-23,2056,23600,,
1126702,51,2026-09-24,2056,23600,,
1126702,17,2026-09-22,1953,23600,,
1126702,17,2026-09-23,1953,23600,,
1126702,17,2026-09-24,1953,23600,,
1126702,18,2026-09-22,1953,23600,,
1126702,18,2026-09-23,1953,23600,,
1126702,18,2026-09-24,1953,23600,,
1126702,50,2026-09-22,1953,23600,,
1126702,50,2026-09-23,1953,23600,,
1126702,50,2026-09-24,1953,23600,,
1126702,87,2026-09-22,1953,23600,,
1126702,87,2026-09-23,1953,23600,,
1126702,87,2026-09-24,1953,23600,,
