property_code,sku_code,date,min_price,max_price,channel_code,sub_channel_code
0003211,25,2026-09-24,1957,23600,,
0019694,21,2026-09-24,2300,23600,,
0019694,22,2026-09-24,2300,23600,,
0019694,23,2026-09-24,2507,23600,,
0019694,24,2026-09-24,2507,23600,,
0019694,25,2026-09-24,2507,23600,,
0019694,26,2026-09-24,2507,23600,,
0019694,39,2026-09-24,2300,23600,,
0019694,40,2026-09-24,2507,23600,,
0019694,83,2026-09-24,2300,23600,,
0045959,18,2026-12-17,1619,20000,,
0045959,19,2026-12-17,1723,20000,,
0045959,20,2026-12-17,1723,20000,,
0045959,50,2026-12-17,1619,20000,,
0045959,51,2026-12-17,1723,20000,,
0191524,17,2026-09-24,1904,23600,,
0191524,18,2026-09-24,1904,23600,,
0191524,50,2026-09-24,1904,23600,,
0191524,87,2026-09-24,1904,23600,,
0207833,21,2026-12-17,3375,27848,,
0207833,22,2026-12-17,3375,27848,,
0207833,23,2026-12-17,3375,27848,,
0207833,24,2026-12-17,3375,27848,,
0207833,39,2026-12-17,3375,27848,,
0207833,40,2026-12-17,3375,27848,,
0207833,83,2026-12-17,3375,27848,,
0262502,27,2026-09-24,2669,23600,,
0262502,28,2026-09-24,2669,23600,,
0262502,32,2026-09-24,2773,23600,,
0262502,33,2026-09-24,2773,23600,,
0262502,34,2026-09-24,2773,23600,,
1107176,32,2026-09-24,1651,23600,,
1107176,33,2026-09-24,1651,23600,,
1107176,34,2026-09-24,1651,23600,,
1122516,32,2026-09-27,1791,23600,,
1122516,33,2026-09-27,1791,23600,,
1122516,34,2026-09-27,1791,23600,,
1126702,17,2026-10-02,2412,23600,,
1126702,17,2026-10-03,2412,23600,,
1126702,18,2026-10-02,2412,23600,,
1126702,18,2026-10-03,2412,23600,,
1126702,19,2026-10-02,2515,23600,,
1126702,19,2026-10-03,2515,23600,,
1126702,20,2026-10-02,2515,23600,,
1126702,20,2026-10-03,2515,23600,,
1126702,25,2027-09-18,2539,23600,,
1126702,26,2027-09-18,2539,23600,,
1126702,50,2026-10-02,2412,23600,,
1126702,50,2026-10-03,2412,23600,,
1126702,51,2026-10-02,2515,23600,,
1126702,51,2026-10-03,2515,23600,,
1126702,87,2026-10-02,2412,23600,,
1126702,87,2026-10-03,2412,23600,,
1127927,27,2026-09-24,2111,23600,,
1127927,28,2026-09-24,2111,23600,,
1127927,29,2026-09-24,1973,23600,,
1127927,30,2026-09-24,1973,23600,,
1127927,31,2026-09-24,1973,23600,,
1127927,32,2026-09-24,2042,23600,,
1127927,33,2026-09-24,2042,23600,,
1127927,34,2026-09-24,2042,23600,,
1127927,57,2026-09-24,1973,23600,,
1131021,15,2026-12-02,1430,20000,,
1131021,15,2026-12-03,1430,20000,,
1131021,15,2026-12-04,1430,20000,,
1131021,15,2026-12-05,1430,20000,,
1131021,15,2026-12-06,1430,20000,,
1131021,15,2026-12-11,1430,20000,,
1131021,15,2026-12-12,1430,20000,,
1131021,38,2026-12-02,1430,20000,,
1131021,38,2026-12-03,1430,20000,,
1131021,38,2026-12-04,1430,20000,,
1131021,38,2026-12-05,1430,20000,,
1131021,38,2026-12-06,1430,20000,,
1131021,38,2026-12-11,1430,20000,,
1131021,38,2026-12-12,1430,20000,,
1136669,17,2027-09-18,1975,23600,,
1136669,18,2027-09-18,1975,23600,,
1165642,21,2026-09-24,2078,23600,,
1165642,22,2026-09-24,2078,23600,,
1165642,39,2026-09-24,2078,23600,,
1165642,83,2026-09-24,2078,23600,,
1165837,21,2026-12-17,2102,23600,,
1165837,22,2026-12-17,2102,23600,,
1165837,27,2026-12-17,2723,23600,,
1165837,28,2026-12-17,2723,23600,,
1165837,39,2026-12-17,2102,23600,,
1165837,83,2026-12-17,2102,23600,,
1166076,17,2026-12-17,1824,23600,,
1166076,18,2026-12-17,1824,23600,,
1166076,50,2026-12-17,1824,23600,,
1167277,19,2026-12-17,1573,23600,,
1167277,20,2026-12-17,1573,23600,,
1168316,17,2027-09-18,1714,23600,,
1168316,18,2027-09-18,1714,23600,,
1168316,19,2027-09-18,1783,23600,,
1168316,20,2027-09-18,1783,23600,,
1168316,25,2026-12-17,2231,23600,,
1168316,26,2026-12-17,2231,23600,,
1168316,29,2026-12-17,2335,23600,,
1168316,30,2026-12-17,2335,23600,,
1168316,31,2026-12-17,2335,23600,,
1168316,32,2026-12-17,2404,23600,,
1168316,33,2026-12-17,2404,23600,,
1168316,34,2026-12-17,2404,23600,,
1168316,50,2027-09-18,1714,23600,,
1168316,51,2027-09-18,1783,23600,,
1168316,57,2026-12-17,2335,23600,,
1168316,87,2027-09-18,1714,23600,,
1169924,23,2026-12-17,2751,23600,,
1169924,24,2026-12-17,2751,23600,,
1169924,40,2026-12-17,2751,23600,,
1171648,17,2026-09-24,1738,23600,,
1171648,18,2026-09-24,1738,23600,,
1191684,17,2026-09-24,1510,20000,,
1191684,18,2026-09-24,1510,20000,,
1191684,19,2026-09-24,1579,20000,,
1191684,20,2026-09-24,1579,20000,,
1191684,50,2026-09-24,1510,20000,,
1198531,15,2027-09-18,1232,23600,,
1198531,16,2027-09-18,1301,23600,,
1198531,38,2027-09-18,1232,23600,,
1198531,52,2027-09-18,1301,23600,,
1198531,76,2027-09-18,1232,23600,,
1203621,25,2027-09-18,1723,23600,,
1203621,26,2027-09-18,1723,23600,,
1204840,25,2026-10-03,1695,27848,,
1204840,26,2026-10-03,1695,27848,,
1204840,78,2026-10-03,1557,27848,,
1204840,79,2026-10-03,1557,27848,,
1205898,19,2026-09-24,1546,23600,,
1205898,20,2026-09-24,1546,23600,,
1205898,21,2026-09-24,1546,23600,,
1205898,22,2026-09-24,1546,23600,,
1205898,23,2026-09-24,1615,23600,,
1205898,24,2026-09-24,1615,23600,,
1205898,39,2026-09-24,1546,23600,,
1205898,40,2026-09-24,1615,23600,,
1205898,83,2026-09-24,1546,23600,,
1206030,27,2027-09-18,4101,20000,,
1206030,28,2027-09-18,4101,20000,,
1206822,21,2026-10-02,2117,23600,,
1206822,21,2026-10-03,2117,23600,,
1206822,22,2026-10-02,2117,23600,,
1206822,22,2026-10-03,2117,23600,,
1206822,23,2026-10-02,2117,23600,,
1206822,23,2026-10-03,2117,23600,,
1206822,24,2026-10-02,2117,23600,,
1206822,24,2026-10-03,2117,23600,,
1206822,35,2026-10-04,3316,23600,,
1206822,36,2026-10-04,3316,23600,,
1206822,37,2026-10-04,3316,23600,,
1206822,39,2026-10-02,2117,23600,,
1206822,39,2026-10-03,2117,23600,,
1206822,40,2026-10-02,2117,23600,,
1206822,40,2026-10-03,2117,23600,,
1206822,42,2026-10-04,3799,23600,,
1206822,43,2026-10-04,3799,23600,,
1206822,83,2026-10-02,2117,23600,,
1206822,83,2026-10-03,2117,23600,,
1208576,32,2026-12-17,2829,20000,,
1208576,33,2026-12-17,2829,20000,,
1208576,34,2026-12-17,2829,20000,,
1213613,17,2027-09-18,2756,23600,,
1213613,18,2027-09-18,2756,23600,,
1213613,19,2027-09-18,2928,23600,,
1213613,20,2027-09-18,2928,23600,,
1213613,50,2027-09-18,2756,23600,,
1213894,17,2026-09-20,2019,23600,,
1213894,17,2026-09-23,2025,23600,,
1213894,18,2026-09-20,2019,23600,,
1213894,18,2026-09-23,2025,23600,,
1213894,19,2026-09-20,2157,23600,,
1213894,20,2026-09-20,2157,23600,,
1213894,21,2026-09-20,2191,23600,,
1213894,22,2026-09-20,2191,23600,,
1213894,39,2026-09-20,2191,23600,,
1213894,50,2026-09-20,2019,23600,,
1213894,50,2026-09-23,2025,23600,,
1213894,51,2026-09-20,2157,23600,,
1213894,83,2026-09-20,2191,23600,,
1213894,87,2026-09-20,2019,23600,,
1213894,87,2026-09-23,2025,23600,,
1218072,17,2026-09-24,2921,23600,,
1218072,18,2026-09-24,2921,23600,,
1218072,19,2026-09-24,3025,23600,,
1218072,20,2026-09-24,3025,23600,,
1218072,50,2026-09-24,2921,23600,,
1218072,51,2026-09-24,3025,23600,,
1218072,87,2026-09-24,2921,23600,,
1226887,25,2026-12-17,2332,23600,,
1226887,26,2026-12-17,2332,23600,,
1229040,25,2026-09-27,1592,20000,,
1229040,26,2026-09-27,1592,20000,,
1229920,32,2026-09-18,1346,23600,,
1229920,32,2026-09-24,1355,23600,,
1229920,33,2026-09-18,1346,23600,,
1229920,33,2026-09-24,1355,23600,,
1229920,34,2026-09-18,1346,23600,,
1229920,34,2026-09-24,1355,23600,,
1229920,42,2026-09-24,1355,23600,,
1229920,43,2026-09-24,1355,23600,,
1229920,58,2026-09-18,1346,23600,,
1229920,58,2026-09-24,1355,23600,,
1231999,42,2027-09-18,2930,20000,,
1231999,43,2027-09-18,2930,20000,,
1242203,27,2026-12-17,4464,23600,,
1242203,28,2026-12-17,4464,23600,,
1244531,27,2026-09-27,3045,23600,,
1244531,28,2026-09-27,3045,23600,,
1246851,19,2026-09-24,1978,23600,,
1246851,20,2026-09-24,1978,23600,,
1246851,21,2026-09-24,1978,23600,,
1246851,22,2026-09-24,1978,23600,,
1246851,39,2026-09-24,1978,23600,,
1246851,83,2026-09-24,1978,23600,,
1265433,19,2026-09-24,1808,23600,,
1265433,20,2026-09-24,1808,23600,,
1265433,29,2026-09-24,2878,23600,,
1265433,30,2026-09-24,2878,23600,,
1265433,31,2026-09-24,2878,23600,,
1265433,32,2026-09-24,3085,23600,,
1265433,33,2026-09-24,3085,23600,,
1265433,34,2026-09-24,3085,23600,,
1265433,57,2026-09-24,2878,23600,,
1269686,15,2026-09-24,1312,23600,,
1269686,27,2026-09-24,2002,23600,,
1269686,28,2026-09-24,2002,23600,,
1269686,38,2026-09-24,1312,23600,,
1291813,35,2026-09-24,3484,23600,,
1291813,36,2026-09-24,3484,23600,,
1292558,19,2026-09-18,1391,23600,,
1292558,20,2026-09-18,1391,23600,,
1295755,27,2026-09-24,2680,23600,,
1295755,28,2026-09-24,2680,23600,,
1298362,21,2026-09-24,2099,23600,,
1298362,22,2026-09-24,2099,23600,,
1298362,39,2026-09-24,2099,23600,,
1298362,83,2026-09-24,2099,23600,,
1307656,23,2026-09-27,1267,23600,,
1307656,24,2026-09-27,1267,23600,,
1307656,40,2026-09-27,1267,23600,,
1319620,35,2026-09-22,2053,23600,,
1319620,36,2026-09-22,2053,23600,,
1319620,37,2026-09-22,2053,23600,,
1324743,29,2026-09-24,2440,27848,,
1324743,30,2026-09-24,2440,27848,,
1324743,31,2026-09-24,2440,27848,,
1324743,32,2026-09-24,2561,27848,,
1324743,33,2026-09-24,2561,27848,,
1324743,34,2026-09-24,2561,27848,,
1324743,57,2026-09-24,2440,27848,,
1326972,35,2026-09-24,1941,23600,,
1326972,36,2026-09-24,1941,23600,,
1326972,37,2026-09-24,1941,23600,,
1336968,17,2026-09-19,1670,20000,,
1336968,18,2026-09-19,1670,20000,,
1336968,19,2026-09-19,1670,20000,,
1336968,20,2026-09-19,1670,20000,,
1336968,21,2026-09-19,1877,20000,,
1336968,22,2026-09-19,1877,20000,,
1336968,23,2026-09-19,1877,20000,,
1336968,24,2026-09-19,1877,20000,,
1336968,25,2026-09-18,1688,20000,,
1336968,25,2026-09-19,1670,20000,,
1336968,26,2026-09-18,1688,20000,,
1336968,26,2026-09-19,1670,20000,,
1336968,39,2026-09-19,1877,20000,,
1336968,40,2026-09-19,1877,20000,,
1336968,50,2026-09-19,1670,20000,,
1336968,83,2026-09-19,1877,20000,,
1344052,25,2027-09-18,1472,23600,,
1344052,26,2027-09-18,1472,23600,,
1353336,19,2026-10-19,2340,20000,,
1353336,19,2026-10-22,2362,20000,,
1353336,19,2026-10-25,2340,20000,,
1353336,19,2026-10-26,2340,20000,,
1353336,19,2026-10-27,2340,20000,,
1353336,19,2026-10-28,2340,20000,,
1353336,19,2026-10-29,2340,20000,,
1353336,19,2026-11-01,2340,20000,,
1353336,19,2026-11-19,2340,20000,,
1353336,19,2026-11-22,2340,20000,,
1353336,19,2026-11-23,2340,20000,,
1353336,19,2026-11-24,2362,20000,,
1353336,19,2026-11-25,2362,20000,,
1353336,19,2026-11-26,2340,20000,,
1353336,19,2026-11-29,2340,20000,,
1353336,19,2026-11-30,2340,20000,,
1353336,19,2026-12-01,2340,20000,,
1353336,19,2026-12-02,2340,20000,,
1353336,19,2026-12-03,2340,20000,,
1353336,19,2026-12-06,2340,20000,,
1353336,19,2026-12-07,2340,20000,,
1353336,19,2026-12-08,2340,20000,,
1353336,19,2026-12-09,2340,20000,,
1353336,19,2026-12-10,2340,20000,,
1353336,19,2026-12-13,2340,20000,,
1353336,19,2026-12-14,2340,20000,,
1353336,19,2026-12-15,2340,20000,,
1353336,19,2026-12-16,2340,20000,,
1353336,20,2026-10-19,2340,20000,,
1353336,20,2026-10-22,2362,20000,,
1353336,20,2026-10-25,2340,20000,,
1353336,20,2026-10-26,2340,20000,,
1353336,20,2026-10-27,2340,20000,,
1353336,20,2026-10-28,2340,20000,,
1353336,20,2026-10-29,2340,20000,,
1353336,20,2026-11-01,2340,20000,,
1353336,20,2026-11-19,2340,20000,,
1353336,20,2026-11-22,2340,20000,,
1353336,20,2026-11-23,2340,20000,,
1353336,20,2026-11-24,2362,20000,,
1353336,20,2026-11-25,2362,20000,,
1353336,20,2026-11-26,2340,20000,,
1353336,20,2026-11-29,2340,20000,,
1353336,20,2026-11-30,2340,20000,,
1353336,20,2026-12-01,2340,20000,,
1353336,20,2026-12-02,2340,20000,,
1353336,20,2026-12-03,2340,20000,,
1353336,20,2026-12-06,2340,20000,,
1353336,20,2026-12-07,2340,20000,,
1353336,20,2026-12-08,2340,20000,,
1353336,20,2026-12-09,2340,20000,,
1353336,20,2026-12-10,2340,20000,,
1353336,20,2026-12-13,2340,20000,,
1353336,20,2026-12-14,2340,20000,,
1353336,20,2026-12-15,2340,20000,,
1353336,20,2026-12-16,2340,20000,,
1353336,51,2026-10-19,2340,20000,,
1353336,51,2026-10-22,2362,20000,,
1353336,51,2026-10-25,2340,20000,,
1353336,51,2026-10-26,2340,20000,,
1353336,51,2026-10-27,2340,20000,,
1353336,51,2026-10-28,2340,20000,,
1353336,51,2026-10-29,2340,20000,,
1353336,51,2026-11-01,2340,20000,,
1353336,51,2026-11-19,2340,20000,,
1353336,51,2026-11-22,2340,20000,,
1353336,51,2026-11-23,2340,20000,,
1353336,51,2026-11-24,2362,20000,,
1353336,51,2026-11-25,2362,20000,,
1353336,51,2026-11-26,2340,20000,,
1353336,51,2026-11-29,2340,20000,,
1353336,51,2026-11-30,2340,20000,,
1353336,51,2026-12-01,2340,20000,,
1353336,51,2026-12-02,2340,20000,,
1353336,51,2026-12-03,2340,20000,,
1353336,51,2026-12-06,2340,20000,,
1353336,51,2026-12-07,2340,20000,,
1353336,51,2026-12-08,2340,20000,,
1353336,51,2026-12-09,2340,20000,,
1353336,51,2026-12-10,2340,20000,,
1353336,51,2026-12-13,2340,20000,,
1353336,51,2026-12-14,2340,20000,,
1353336,51,2026-12-15,2340,20000,,
1353336,51,2026-12-16,2340,20000,,
1373375,23,2026-09-24,2524,23600,,
1373375,24,2026-09-24,2524,23600,,
1373375,40,2026-09-24,2524,23600,,
1374088,35,2027-09-18,3447,23600,,
1374088,36,2027-09-18,3447,23600,,
1379032,21,2026-09-24,1985,20000,,
1379032,22,2026-09-24,1985,20000,,
1379032,39,2026-09-24,1985,20000,,
1385250,102,2026-12-17,2672,23600,,
1385250,103,2026-12-17,2672,23600,,
1386481,25,2026-09-24,1953,23600,,
1386481,26,2026-09-24,1953,23600,,
1395021,17,2026-09-24,1629,23600,,
1395021,18,2026-09-24,1629,23600,,
1395021,19,2026-09-24,1732,23600,,
1395021,20,2026-09-24,1732,23600,,
1395021,50,2026-09-24,1629,23600,,
1396947,15,2026-12-17,2651,23600,,
1396947,15,2027-09-18,2650,23600,,
1396947,16,2026-12-17,2824,23600,,
1396947,16,2027-09-18,2823,23600,,
1396947,38,2026-12-17,2651,23600,,
1396947,38,2027-09-18,2650,23600,,
1396947,52,2026-12-17,2824,23600,,
1396947,52,2027-09-18,2823,23600,,
1396947,76,2026-12-17,2651,23600,,
1396947,76,2027-09-18,2650,23600,,
1398875,17,2026-09-24,1865,23600,,
1398875,18,2026-09-24,1865,23600,,
1398875,50,2026-09-24,1865,23600,,
1418980,19,2026-09-20,1677,23600,,
1418980,20,2026-09-20,1677,23600,,
1437251,27,2027-09-18,1884,23600,,
1437251,28,2027-09-18,1884,23600,,
1437251,32,2027-09-18,1815,23600,,
1437251,33,2027-09-18,1815,23600,,
1437251,34,2027-09-18,1815,23600,,
1438370,19,2027-09-18,1410,23600,,
1438370,20,2027-09-18,1410,23600,,
1441289,27,2026-09-24,3844,23600,,
1441289,28,2026-09-24,3844,23600,,
1442176,17,2026-09-24,1481,23600,,
1442176,18,2026-09-24,1481,23600,,
1442176,19,2026-09-24,1481,23600,,
1446609,25,2026-12-17,2187,23600,,
1446609,26,2026-12-17,2187,23600,,
1462197,32,2027-09-18,2378,23600,,
1462197,33,2027-09-18,2378,23600,,
1462197,34,2027-09-18,2378,23600,,
1462197,58,2027-09-18,2378,23600,,
1463190,17,2026-09-24,1270,23600,,
1463190,18,2026-09-24,1270,23600,,
1463190,19,2026-09-24,1305,23600,,
1463190,20,2026-09-24,1305,23600,,
1463190,23,2026-09-22,1519,23600,,
1463190,24,2026-09-22,1519,23600,,
1463190,27,2026-09-22,1726,23600,,
1463190,28,2026-09-22,1726,23600,,
1463190,40,2026-09-22,1519,23600,,
1463190,50,2026-09-24,1270,23600,,
1463190,51,2026-09-24,1305,20000,,
1463190,87,2026-09-24,1270,20000,,
1472459,17,2026-09-24,1205,23600,,
1472459,18,2026-09-24,1205,23600,,
1472459,19,2026-09-24,1205,23600,,
1472459,20,2026-09-24,1205,23600,,
1472459,50,2026-09-24,1205,23600,,
1472508,21,2026-09-24,1494,23600,,
1472508,22,2026-09-24,1494,23600,,
1472508,23,2026-09-24,1494,23600,,
1472508,24,2026-09-24,1494,23600,,
1472508,39,2026-09-24,1494,23600,,
1472508,40,2026-09-24,1494,23600,,
1472508,83,2026-09-24,1494,23600,,
1472508,84,2026-09-24,1494,23600,,
1472508,97,2026-09-24,1494,23600,,
1475870,27,2026-12-17,3421,23600,,
1475870,28,2026-12-17,3421,23600,,
1479075,29,2026-09-24,2244,23600,,
1479075,30,2026-09-24,2244,23600,,
1479075,31,2026-09-24,2244,23600,,
1479075,32,2026-09-24,2244,23600,,
1479075,33,2026-09-24,2244,23600,,
1479075,34,2026-09-24,2244,23600,,
1479075,57,2026-09-24,2244,23600,,
1479075,58,2026-09-24,2244,23600,,
1479075,89,2026-09-24,2244,23600,,
1483392,42,2026-09-24,2683,27848,,
1483392,43,2026-09-24,2683,27848,,
1483392,44,2026-09-24,2683,27848,,
1508400,19,2026-09-24,1823,23600,,
1508400,20,2026-09-24,1823,23600,,
1508506,27,2026-09-21,2154,23600,,
1508506,28,2026-09-21,2154,23600,,
1516017,29,2026-09-24,2270,23600,,
1516017,30,2026-09-24,2270,23600,,
1516017,31,2026-09-24,2270,23600,,
1516017,57,2026-09-24,2270,23600,,
1534876,23,2026-09-24,1616,23600,,
1534876,24,2026-09-24,1616,23600,,
1541487,21,2026-09-24,1974,20000,,
1541487,22,2026-09-24,1974,20000,,
1541487,39,2026-09-24,1974,20000,,
1552629,17,2026-09-24,2080,23600,,
1552629,18,2026-09-24,2080,23600,,
1553264,19,2026-09-24,1952,23600,,
1553264,20,2026-09-24,1952,23600,,
1553264,51,2026-09-24,1952,23600,,
1593321,25,2026-11-17,1328,27848,,
1596742,27,2026-09-24,2008,23600,,
1596742,28,2026-09-24,2008,23600,,
1597119,25,2026-09-27,1617,23600,,
1597119,26,2026-09-27,1617,23600,,
1597144,23,2026-09-19,1618,23600,,
1597144,24,2026-09-19,1618,23600,,
1597144,29,2026-09-19,1728,23600,,
1597144,30,2026-09-19,1728,23600,,
1597144,31,2026-09-19,1728,23600,,
1597144,57,2026-09-19,1728,23600,,
1597226,17,2026-11-17,2191,23600,,
1597226,18,2026-11-17,2191,23600,,
1597226,19,2026-11-17,2329,23600,,
1597226,21,2026-11-17,2329,23600,,
1597226,22,2026-11-17,2329,23600,,
1597226,39,2026-11-17,2329,23600,,
1599756,29,2026-09-19,1993,27848,,
1599756,30,2026-09-19,1993,27848,,
1599756,31,2026-09-19,1993,27848,,
1599756,57,2026-09-19,1993,27848,,
1599756,89,2026-09-19,1993,27848,,
1603145,21,2026-09-27,1610,23600,,
1603145,22,2026-09-27,1610,23600,,
1603145,39,2026-09-27,1610,23600,,
1603145,83,2026-09-27,1610,23600,,
1604662,35,2026-10-03,3381,20000,,
1604662,36,2026-10-03,3381,20000,,
1608379,35,2026-10-04,5174,23600,,
1608379,36,2026-10-04,5174,23600,,
1608379,37,2026-10-04,5174,23600,,
1614818,21,2026-09-24,1918,20000,,
1614818,22,2026-09-24,1918,20000,,
1614818,23,2026-09-24,2090,20000,,
1614818,24,2026-09-24,2090,20000,,
1614818,39,2026-09-24,1918,20000,,
1614818,40,2026-09-24,2090,20000,,
1614818,83,2026-09-24,1918,20000,,
1617763,21,2026-12-17,1573,23600,,
1617763,22,2026-12-17,1573,23600,,
1617763,23,2026-12-17,1642,23600,,
1617763,24,2026-12-17,1642,23600,,
1617763,39,2026-12-17,1573,23600,,
1617763,40,2026-12-17,1642,23600,,
1617763,83,2026-12-17,1573,23600,,
1702720,35,2026-12-17,3676,23600,,
1702720,36,2026-12-17,3676,23600,,
1767649,27,2026-09-24,2576,23600,,
1767649,28,2026-09-24,2576,23600,,
1776233,19,2026-09-24,1745,23600,,
1776233,20,2026-09-24,1745,23600,,
1809628,25,2026-10-04,1936,23600,,
1809628,26,2026-10-04,1936,23600,,
1809628,42,2026-10-04,2350,23600,,
1809628,43,2026-10-04,2350,23600,,
1809628,45,2026-10-04,2178,23600,,
1809628,46,2026-10-04,2178,23600,,
1869742,19,2026-09-24,2406,23600,,
1869742,20,2026-09-24,2406,23600,,
1869742,21,2026-09-24,2406,23600,,
1869742,22,2026-09-24,2406,23600,,
1869742,39,2026-09-24,2406,23600,,
1869742,83,2026-09-24,2406,23600,,
1914908,27,2026-10-04,2519,20000,,
1914908,27,2026-10-05,2519,20000,,
1914908,27,2026-10-06,2519,20000,,
1914908,27,2026-10-08,2519,20000,,
1914908,27,2026-10-09,2519,20000,,
1914908,27,2026-10-10,2519,20000,,
1914908,27,2026-10-11,2519,20000,,
1914908,27,2026-10-12,2519,20000,,
1914908,27,2026-10-13,2519,20000,,
1914908,27,2026-10-14,2519,20000,,
1914908,27,2026-10-15,2519,20000,,
1914908,27,2026-10-16,2519,20000,,
1914908,27,2026-10-17,2519,20000,,
1914908,27,2026-10-18,2519,20000,,
1914908,28,2026-10-04,2519,20000,,
1914908,28,2026-10-05,2519,20000,,
1914908,28,2026-10-06,2519,20000,,
1914908,28,2026-10-08,2519,20000,,
1914908,28,2026-10-09,2519,20000,,
1914908,28,2026-10-10,2519,20000,,
1914908,28,2026-10-11,2519,20000,,
1914908,28,2026-10-12,2519,20000,,
1914908,28,2026-10-13,2519,20000,,
1914908,28,2026-10-14,2519,20000,,
1914908,28,2026-10-15,2519,20000,,
1914908,28,2026-10-16,2519,20000,,
1914908,28,2026-10-17,2519,20000,,
1914908,28,2026-10-18,2519,20000,,
1916713,27,2027-09-18,2180,23600,,
1916713,28,2027-09-18,2180,23600,,
1982002,21,2026-09-24,2485,23600,,
1982002,22,2026-09-24,2485,23600,,
1982002,23,2026-09-24,2485,23600,,
1982002,24,2026-09-24,2485,23600,,
1982002,39,2026-09-24,2485,23600,,
1982002,40,2026-09-24,2485,23600,,
1982002,83,2026-09-24,2485,23600,,
1989439,29,2026-09-20,1796,23600,,
1989439,30,2026-09-20,1796,23600,,
1989439,31,2026-09-20,1796,23600,,
1989439,32,2026-09-20,1830,23600,,
1989439,33,2026-09-20,1830,23600,,
1989439,34,2026-09-20,1830,23600,,
1989439,57,2026-09-20,1796,23600,,
2010498,17,2026-09-24,2149,23600,,
2010498,18,2026-09-24,2149,23600,,
2010498,19,2026-09-24,2252,23600,,
2010498,20,2026-09-24,2252,23600,,
2010498,50,2026-09-24,2149,23600,,
2011649,23,2027-09-18,1459,27848,,
2011649,24,2027-09-18,1459,27848,,
2011649,27,2027-09-18,1838,27848,,
2011649,28,2027-09-18,1838,27848,,
2011649,29,2026-09-24,1679,27848,,
2011649,30,2026-09-24,1679,27848,,
2011649,31,2026-09-24,1679,27848,,
2011649,32,2026-09-24,1817,27848,,
2011649,33,2026-09-24,1817,27848,,
2011649,34,2026-09-24,1817,27848,,
2011649,40,2027-09-18,1459,27848,,
2011649,57,2026-09-24,1679,27848,,
2011649,58,2026-09-24,1817,27848,,
2011649,89,2026-09-24,1679,27848,,
2011692,17,2026-09-21,1639,20000,,
2011692,17,2026-09-22,1645,20000,,
2011692,17,2026-09-23,1639,20000,,
2011692,18,2026-09-21,1639,20000,,
2011692,18,2026-09-22,1645,20000,,
2011692,18,2026-09-23,1639,20000,,
2011692,19,2026-09-21,1777,20000,,
2013172,17,2026-09-24,1990,23600,,
2013172,18,2026-09-24,1990,23600,,
2013172,19,2026-09-24,2335,23600,,
2013172,20,2026-09-24,2335,23600,,
2013172,21,2026-09-24,2335,23600,,
2013172,22,2026-09-24,2335,23600,,
2013172,39,2026-09-24,2335,23600,,
2013172,50,2026-09-24,1990,23600,,
2013172,51,2026-09-24,2335,23600,,
2013172,83,2026-09-24,2335,23600,,
2013172,87,2026-09-24,1990,23600,,
2018414,25,2027-09-18,2654,23600,,
2018414,26,2027-09-18,2654,23600,,
2018835,21,2026-09-24,2882,23600,,
2018835,22,2026-09-24,2882,23600,,
2018835,23,2026-09-24,3089,23600,,
2018835,24,2026-09-24,3089,23600,,
2018835,29,2026-09-24,3089,23600,,
2018835,30,2026-09-24,3089,23600,,
2018835,31,2026-09-24,3089,23600,,
2018835,39,2026-09-24,2882,23600,,
2018835,40,2026-09-24,3089,23600,,
2018835,83,2026-09-24,2882,23600,,
2019978,23,2026-09-24,2131,20000,,
2019978,24,2026-09-24,2131,20000,,
2019978,27,2026-12-17,2802,20000,,
2019978,27,2027-09-18,2802,20000,,
2019978,28,2026-12-17,2802,20000,,
2019978,28,2027-09-18,2802,20000,,
2019978,40,2026-09-24,2131,20000,,
2022899,23,2026-10-04,1720,23600,,
2022899,24,2026-10-04,1720,23600,,
2022899,40,2026-10-04,1720,23600,,
2022899,84,2026-10-04,1720,23600,,
2024299,29,2026-12-17,2847,23600,,
2024299,29,2026-12-17,2847,23600,,
2024299,30,2026-12-17,2847,23600,,
2024299,30,2026-12-17,2847,23600,,
2024299,31,2026-12-17,2847,23600,,
2024299,32,2026-12-17,2847,23600,,
2024299,32,2026-12-17,2847,23600,,
2024299,33,2026-12-17,2847,23600,,
2024299,33,2026-12-17,2847,23600,,
2024299,34,2026-12-17,2847,23600,,
2024299,57,2026-12-17,2847,23600,,
2024299,58,2026-12-17,2847,23600,,
2024299,89,2026-12-17,2847,23600,,
2026607,17,2026-09-24,1369,20000,,
2026607,18,2026-09-24,1369,20000,,
2026607,35,2026-12-17,2944,20000,,
2026607,36,2026-12-17,2944,20000,,
2026607,37,2026-12-17,2944,20000,,
2026607,50,2026-09-24,1369,20000,,
2033589,29,2027-09-18,3761,23600,,
2033589,30,2027-09-18,3761,23600,,
2033589,31,2027-09-18,3761,23600,,
2033589,57,2027-09-18,3761,23600,,
2037169,32,2027-09-18,3242,23600,,
2037169,33,2027-09-18,3242,23600,,
2037169,34,2027-09-18,3242,23600,,
2046776,21,2026-09-24,1598,23600,,
2046776,22,2026-09-24,1598,23600,,
2046776,23,2026-09-24,1736,23600,,
2046776,24,2026-09-24,1736,23600,,
2046776,39,2026-09-24,1598,23600,,
2046776,40,2026-09-24,1736,23600,,
2046776,83,2026-09-24,1598,23600,,
2051131,17,2026-09-24,1543,23600,,
2051131,18,2026-09-24,1543,23600,,
2051131,19,2026-09-24,1681,23600,,
2051131,20,2026-09-24,1681,23600,,
2051131,21,2026-09-24,1681,23600,,
2051131,22,2026-09-24,1681,23600,,
2051131,39,2026-09-24,1681,23600,,
2051131,50,2026-09-24,1543,23600,,
2051131,51,2026-09-24,1681,20000,,
2051131,83,2026-09-24,1681,23600,,
2051131,87,2026-09-24,1543,20000,,
2061639,21,2026-09-24,1457,23600,,
2061639,22,2026-09-24,1457,23600,,
2061639,39,2026-09-24,1457,23600,,
2061639,83,2026-09-24,1457,23600,,
2061880,17,2026-09-19,1543,27848,,
2061880,17,2026-09-22,1555,27848,,
2061880,17,2026-09-23,1550,27848,,
2061880,18,2026-09-19,1543,27848,,
2061880,18,2026-09-22,1555,27848,,
2061880,18,2026-09-23,1550,27848,,
2061880,19,2026-09-19,1612,27848,,
2061880,19,2026-09-23,1619,27848,,
2061880,20,2026-09-19,1612,27848,,
2061880,20,2026-09-23,1619,27848,,
2061880,21,2026-09-19,1750,27848,,
2061880,22,2026-09-19,1750,27848,,
2061880,39,2026-09-19,1750,27848,,
2061880,50,2026-09-19,1543,27848,,
2061880,50,2026-09-22,1555,27848,,
2061880,50,2026-09-23,1550,27848,,
2061880,51,2026-09-19,1612,27848,,
2061880,51,2026-09-23,1619,27848,,
2061880,83,2026-09-19,1750,27848,,
2061880,87,2026-09-19,1543,27848,,
2061880,87,2026-09-22,1555,27848,,
2061880,87,2026-09-23,1550,27848,,
2061880,97,2026-09-19,1750,27848,,
2066561,27,2026-10-04,2495,27848,,
2066561,28,2026-10-04,2495,27848,,
2066561,29,2026-10-02,2821,27848,,
2066561,29,2026-10-03,2821,27848,,
2066561,30,2026-10-02,2821,27848,,
2066561,30,2026-10-03,2821,27848,,
2066561,31,2026-10-02,2821,27848,,
2066561,31,2026-10-03,2821,27848,,
2066561,35,2026-10-04,3254,27848,,
2066561,36,2026-10-04,3254,27848,,
2066561,57,2026-10-02,2821,27848,,
2066561,57,2026-10-03,2821,27848,,
2071014,27,2026-09-24,1949,23600,,
2071014,28,2026-09-24,1949,23600,,
2071014,29,2027-09-18,2511,23600,,
2071014,30,2027-09-18,2511,23600,,
2071014,31,2027-09-18,2511,23600,,
2071014,32,2027-09-18,2580,23600,,
2071014,33,2027-09-18,2580,23600,,
2071014,34,2027-09-18,2580,23600,,
2071014,57,2027-09-18,2511,23600,,
2071014,58,2027-09-18,2580,23600,,
2071014,89,2027-09-18,2511,23600,,
2071224,17,2026-12-17,1278,23600,,
2071224,18,2026-12-17,1278,23600,,
2071224,19,2026-12-17,1347,23600,,
2071224,20,2026-12-17,1347,23600,,
2071224,50,2026-12-17,1278,23600,,
2071224,51,2026-12-17,1347,23600,,
2071224,87,2026-12-17,1278,23600,,
2076114,17,2026-09-24,1510,20000,,
2076114,18,2026-09-24,1510,20000,,
2076114,19,2026-09-24,1510,20000,,
2076114,20,2026-09-24,1510,20000,,
2076114,50,2026-09-24,1510,20000,,
2076114,51,2026-09-24,1510,20000,,
2076114,87,2026-09-24,1510,20000,,
2077421,21,2026-12-17,1443,23600,,
2077421,22,2026-12-17,1443,23600,,
2077421,23,2026-12-17,1512,23600,,
2077421,24,2026-12-17,1512,23600,,
2077421,39,2026-12-17,1443,23600,,
2077421,40,2026-12-17,1512,23600,,
2077421,83,2026-12-17,1443,23600,,
2079707,23,2026-09-24,1499,23600,,
2079707,24,2026-09-24,1499,23600,,
2079707,27,2026-12-17,2049,23600,,
2079707,28,2026-12-17,2049,23600,,
2079707,40,2026-09-24,1499,23600,,
2089527,21,2026-09-24,1639,23600,,
2089527,22,2026-09-24,1639,23600,,
2089527,23,2026-09-24,1708,23600,,
2089527,24,2026-09-24,1708,23600,,
2089527,27,2026-09-24,1639,23600,,
2089527,28,2026-09-24,1639,23600,,
2089527,39,2026-09-24,1639,23600,,
2089527,40,2026-09-24,1708,23600,,
2089527,83,2026-09-24,1639,23600,,
2317284,27,2026-09-25,1991,20000,,
2317284,27,2026-09-26,1991,20000,,
2317284,27,2026-09-27,1991,20000,,
2317284,27,2026-09-28,1991,20000,,
2317284,27,2026-09-29,1991,20000,,
2317284,27,2026-09-30,1991,20000,,
2317284,27,2026-10-01,1991,20000,,
2317284,27,2026-10-02,1991,20000,,
2317284,27,2026-10-03,1991,20000,,
2317284,27,2026-10-04,1991,20000,,
2317284,27,2026-10-05,1991,20000,,
2317284,27,2026-10-06,1991,20000,,
2317284,27,2026-10-07,1991,20000,,
2317284,27,2026-10-08,1991,20000,,
2317284,27,2026-10-09,1991,20000,,
2317284,27,2026-10-10,1991,20000,,
2317284,27,2026-10-11,1991,20000,,
2317284,27,2026-10-12,1991,20000,,
2317284,27,2026-10-13,1991,20000,,
2317284,27,2026-10-14,1991,20000,,
2317284,27,2026-10-15,1991,20000,,
2317284,27,2026-10-16,1991,20000,,
2317284,27,2026-10-17,1991,20000,,
2317284,27,2026-10-18,1991,20000,,
2317284,28,2026-09-25,1991,20000,,
2317284,28,2026-09-26,1991,20000,,
2317284,28,2026-09-27,1991,20000,,
2317284,28,2026-09-28,1991,20000,,
2317284,28,2026-09-29,1991,20000,,
2317284,28,2026-09-30,1991,20000,,
2317284,28,2026-10-01,1991,20000,,
2317284,28,2026-10-02,1991,20000,,
2317284,28,2026-10-03,1991,20000,,
2317284,28,2026-10-04,1991,20000,,
2317284,28,2026-10-05,1991,20000,,
2317284,28,2026-10-06,1991,20000,,
2317284,28,2026-10-07,1991,20000,,
2317284,28,2026-10-08,1991,20000,,
2317284,28,2026-10-09,1991,20000,,
2317284,28,2026-10-10,1991,20000,,
2317284,28,2026-10-11,1991,20000,,
2317284,28,2026-10-12,1991,20000,,
2317284,28,2026-10-13,1991,20000,,
2317284,28,2026-10-14,1991,20000,,
2317284,28,2026-10-15,1991,20000,,
2317284,28,2026-10-16,1991,20000,,
2317284,28,2026-10-17,1991,20000,,
2317284,28,2026-10-18,1991,20000,,
2341617,19,2026-09-24,1724,23600,,
2341617,20,2026-09-24,1724,23600,,
2341617,51,2026-09-24,1724,23600,,
3006134,29,2026-12-17,1996,23600,,
3006134,30,2026-12-17,1996,23600,,
3006134,31,2026-12-17,1996,23600,,
3006134,57,2026-12-17,1996,23600,,
3006134,89,2026-12-17,1996,23600,,
4146211,17,2026-09-24,2303,27848,,
4146211,18,2026-09-24,2303,27848,,
4146211,19,2026-09-24,2372,27848,,
4146211,20,2026-09-24,2372,27848,,
4146211,21,2026-09-24,2510,27848,,
4146211,22,2026-09-24,2510,27848,,
4146211,23,2026-09-24,2579,27848,,
4146211,24,2026-09-24,2579,27848,,
4146211,29,2026-09-24,2786,27848,,
4146211,30,2026-09-24,2786,27848,,
4146211,31,2026-09-24,2786,27848,,
4146211,32,2026-09-24,3027,27848,,
4146211,33,2026-09-24,3027,27848,,
4146211,34,2026-09-24,3027,27848,,
4146211,39,2026-09-24,2510,27848,,
4146211,40,2026-09-24,2579,27848,,
4146211,50,2026-09-24,2303,27848,,
4146211,57,2026-09-24,2786,27848,,
4146211,58,2026-09-24,3027,20000,,
4146211,83,2026-09-24,2510,27848,,
4146211,89,2026-09-24,2786,20000,,
4471338,17,2026-09-24,1661,23600,,
4471338,18,2026-09-24,1661,23600,,
4471338,19,2026-09-24,1661,23600,,
4471338,20,2026-09-24,1661,23600,,
4471338,50,2026-09-24,1661,23600,,
5000010,21,2026-09-24,2204,23600,,
5000010,22,2026-09-24,2204,23600,,
5000010,39,2026-09-24,2204,23600,,
5000010,83,2026-09-24,2204,23600,,
5000022,21,2026-12-17,2390,20000,,
5000022,22,2026-12-17,2390,20000,,
5000022,39,2026-12-17,2390,20000,,
5000022,83,2026-12-17,2390,20000,,
6806341,17,2026-09-24,1203,20000,,
6806341,18,2026-09-24,1203,20000,,
6806341,50,2026-09-24,1203,20000,,
9772256,29,2026-09-24,4440,23600,,
9772256,30,2026-09-24,4440,23600,,
9772256,31,2026-09-24,4440,23600,,
9772256,32,2026-09-24,4440,23600,,
9772256,33,2026-09-24,4440,23600,,
9772256,34,2026-09-24,4440,23600,,
9772256,57,2026-09-24,4440,23600,,
9772256,58,2026-09-24,4440,23600,,
9772256,89,2026-09-24,4440,23600,,
0003211,19,2026-09-24,1612,23600,,
0003211,20,2026-09-24,1612,23600,,
0019694,19,2026-09-24,2093,23600,,
0019694,20,2026-09-24,2093,23600,,
0019694,51,2026-09-24,2093,23600,,
0262017,35,2026-09-24,1992,23600,,
0262017,36,2026-09-24,1992,23600,,
0262502,29,2026-09-24,2531,23600,,
0262502,30,2026-09-24,2531,23600,,
0262502,31,2026-09-24,2531,23600,,
0262502,57,2026-09-24,2531,23600,,
1075048,35,2026-12-17,2271,23600,,
1075048,36,2026-12-17,2271,23600,,
1107176,29,2026-09-24,1548,23600,,
1107176,30,2026-09-24,1548,23600,,
1107176,31,2026-09-24,1548,23600,,
1107176,57,2026-09-24,1548,23600,,
1122516,29,2026-09-27,1653,23600,,
1122516,30,2026-09-27,1653,23600,,
1122516,31,2026-09-27,1653,23600,,
1122516,57,2026-09-27,1653,23600,,
1126702,17,2027-09-18,1953,23600,,
1126702,18,2027-09-18,1953,23600,,
1126702,50,2027-09-18,1953,23600,,
1126702,87,2027-09-18,1953,23600,,
1127927,23,2026-09-24,1697,23600,,
1127927,24,2026-09-24,1697,23600,,
1127927,40,2026-09-24,1697,23600,,
1131021,23,2026-12-02,1706,20000,,
1131021,23,2026-12-03,1706,20000,,
1131021,23,2026-12-04,1706,20000,,
1131021,23,2026-12-05,1706,20000,,
1131021,23,2026-12-06,1706,20000,,
1131021,23,2026-12-11,1706,20000,,
1131021,23,2026-12-12,1706,20000,,
1131021,24,2026-12-02,1706,20000,,
1131021,24,2026-12-03,1706,20000,,
1131021,24,2026-12-04,1706,20000,,
1131021,24,2026-12-05,1706,20000,,
1131021,24,2026-12-06,1706,20000,,
1131021,24,2026-12-11,1706,20000,,
1131021,24,2026-12-12,1706,20000,,
1131021,27,2026-10-23,2128,20000,,
1131021,27,2026-10-24,2128,20000,,
1131021,27,2026-10-25,2128,20000,,
1131021,27,2026-10-30,2128,20000,,
1131021,27,2026-10-31,2128,20000,,
1131021,28,2026-10-23,2128,20000,,
1131021,28,2026-10-24,2128,20000,,
1131021,28,2026-10-25,2128,20000,,
1131021,28,2026-10-30,2128,20000,,
1131021,28,2026-10-31,2128,20000,,
1131021,40,2026-12-02,1706,20000,,
1131021,40,2026-12-03,1706,20000,,
1131021,40,2026-12-04,1706,20000,,
1131021,40,2026-12-05,1706,20000,,
1131021,40,2026-12-06,1706,20000,,
1131021,40,2026-12-11,1706,20000,,
1131021,40,2026-12-12,1706,20000,,
1165642,17,2026-09-24,1595,23600,,
1165642,18,2026-09-24,1595,23600,,
1165642,19,2026-09-24,1767,23600,,
1165642,20,2026-09-24,1767,23600,,
1165642,23,2026-12-17,2343,23600,,
1165642,24,2026-12-17,2343,23600,,
1165642,27,2026-12-17,2688,23600,,
1165642,28,2026-12-17,2688,23600,,
1165642,40,2026-12-17,2343,23600,,
1165642,50,2026-09-24,1595,23600,,
1165837,23,2026-12-17,2171,23600,,
1165837,24,2026-12-17,2171,23600,,
1165837,40,2026-12-17,2171,23600,,
1167277,17,2026-12-17,1504,23600,,
1167277,18,2026-12-17,1504,23600,,
1167277,50,2026-12-17,1504,23600,,
1168316,19,2026-12-17,1783,23600,,
1168316,20,2026-12-17,1783,23600,,
1168316,51,2026-12-17,1783,23600,,
1169924,21,2026-12-17,2544,23600,,
1169924,22,2026-12-17,2544,23600,,
1169924,39,2026-12-17,2544,23600,,
1169924,83,2026-12-17,2544,23600,,
1198531,23,2027-09-18,1853,23600,,
1198531,24,2027-09-18,1853,23600,,
1198531,40,2027-09-18,1853,23600,,
1198531,84,2027-09-18,1853,23600,,
1204840,15,2026-12-17,1666,27848,,
1204840,16,2026-12-17,1666,27848,,
1204840,38,2026-12-17,1666,27848,,
1204840,52,2026-12-17,1666,27848,,
1205898,17,2026-09-24,1477,23600,,
1205898,18,2026-09-24,1477,23600,,
1205898,50,2026-09-24,1477,23600,,
1206822,17,2026-10-02,1979,23600,,
1206822,17,2026-10-03,1979,23600,,
1206822,18,2026-10-02,1979,23600,,
1206822,18,2026-10-03,1979,23600,,
1206822,19,2026-10-02,1979,23600,,
1206822,19,2026-10-03,1979,23600,,
1206822,20,2026-10-02,1979,23600,,
1206822,20,2026-10-03,1979,23600,,
1206822,50,2026-10-02,1979,23600,,
1206822,50,2026-10-03,1979,23600,,
1206822,51,2026-10-02,1979,23600,,
1206822,51,2026-10-03,1979,23600,,
1206822,87,2026-10-02,1979,23600,,
1206822,87,2026-10-03,1979,23600,,
1206897,21,2026-09-21,1470,23600,,
1206897,22,2026-09-21,1470,23600,,
1206897,23,2026-09-21,1470,23600,,
1206897,24,2026-09-21,1470,23600,,
1206897,39,2026-09-21,1470,23600,,
1206897,40,2026-09-21,1470,23600,,
1206897,83,2026-09-21,1470,23600,,
1208576,35,2026-10-02,2717,20000,,
1208576,35,2026-10-03,2717,20000,,
1208576,35,2026-10-04,2717,20000,,
1208576,36,2026-10-02,2717,20000,,
1208576,36,2026-10-03,2717,20000,,
1208576,36,2026-10-04,2717,20000,,
1209749,15,2026-10-02,1475,38776,,
1209749,15,2026-10-03,1475,38776,,
1209749,16,2026-10-02,1475,38776,,
1209749,16,2026-10-03,1475,38776,,
1209749,17,2026-10-02,1475,38776,,
1209749,17,2026-10-03,1475,38776,,
1209749,18,2026-10-02,1475,38776,,
1209749,18,2026-10-03,1475,38776,,
1209749,19,2026-10-02,1475,38776,,
1209749,19,2026-10-03,1475,38776,,
1209749,20,2026-10-02,1475,38776,,
1209749,20,2026-10-03,1475,38776,,
1209749,38,2026-10-02,1475,38776,,
1209749,38,2026-10-03,1475,38776,,
1226887,23,2026-12-17,2125,23600,,
1226887,24,2026-12-17,2125,23600,,
1226887,40,2026-12-17,2125,23600,,
1229920,16,2026-09-24,1148,23600,,
1229920,23,2026-09-18,1208,23600,,
1229920,23,2026-09-24,1217,23600,,
1229920,24,2026-09-18,1208,23600,,
1229920,24,2026-09-24,1217,23600,,
1229920,40,2026-09-18,1208,23600,,
1229920,40,2026-09-24,1217,23600,,
1229920,42,2026-09-18,1346,23600,,
1229920,43,2026-09-18,1346,23600,,
1229920,52,2026-09-24,1148,23600,,
1231999,42,2026-12-17,2864,20000,,
1231999,43,2026-12-17,2864,20000,,
1242203,15,2026-10-02,1475,23600,,
1242203,15,2026-10-03,1475,23600,,
1242203,15,2026-10-04,1475,23600,,
1242203,16,2026-10-02,1475,23600,,
1242203,16,2026-10-03,1475,23600,,
1242203,16,2026-10-04,1475,23600,,
1242203,21,2026-12-17,4119,23600,,
1242203,22,2026-12-17,4119,23600,,
1242203,23,2026-12-17,4119,23600,,
1242203,24,2026-12-17,4119,23600,,
1242203,38,2026-10-02,1475,23600,,
1242203,38,2026-10-03,1475,23600,,
1242203,38,2026-10-04,1475,23600,,
1242203,39,2026-12-17,4119,23600,,
1242203,40,2026-12-17,4119,23600,,
1242203,52,2026-10-02,1475,23600,,
1242203,52,2026-10-03,1475,23600,,
1242203,52,2026-10-04,1475,23600,,
1242203,76,2026-10-02,1475,23600,,
1242203,76,2026-10-03,1475,23600,,
1242203,76,2026-10-04,1475,23600,,
1242203,83,2026-12-17,4119,23600,,
1246851,27,2027-09-18,2481,23600,,
1246851,28,2027-09-18,2481,23600,,
1265433,17,2026-09-24,1670,23600,,
1265433,18,2026-09-24,1670,23600,,
1267636,17,2027-09-18,1837,23600,,
1267636,18,2027-09-18,1837,23600,,
1267636,19,2027-09-18,1906,23600,,
1267636,20,2027-09-18,1906,23600,,
1267636,50,2027-09-18,1837,23600,,
1291813,27,2026-09-24,3208,23600,,
1291813,28,2026-09-24,3208,23600,,
1291813,32,2026-09-24,3001,23600,,
1291813,33,2026-09-24,3001,23600,,
1291813,34,2026-09-24,3001,23600,,
1292171,23,2026-09-22,1346,23600,,
1292171,24,2026-09-22,1346,23600,,
1292171,35,2026-09-22,2070,23600,,
1292171,36,2026-09-22,2070,23600,,
1292171,40,2026-09-22,1346,23600,,
1298362,19,2026-09-24,1892,23600,,
1298362,20,2026-09-24,1892,23600,,
1298362,51,2026-09-24,1892,23600,,
1307656,21,2026-09-27,1198,23600,,
1307656,22,2026-09-27,1198,23600,,
1307656,39,2026-09-27,1198,23600,,
1307656,83,2026-09-27,1198,23600,,
1319620,32,2026-09-22,1708,23600,,
1319620,33,2026-09-22,1708,23600,,
1319620,34,2026-09-22,1708,23600,,
1319620,58,2026-09-22,1708,23600,,
1324743,27,2026-09-24,2095,27848,,
1324743,28,2026-09-24,2095,27848,,
1344052,25,2026-12-17,1739,23600,,
1344052,26,2026-12-17,1739,23600,,
1373375,17,2026-09-24,2110,23600,,
1373375,18,2026-09-24,2110,23600,,
1373375,19,2026-09-24,2317,23600,,
1373375,20,2026-09-24,2317,23600,,
1373375,21,2026-09-24,2317,23600,,
1373375,22,2026-09-24,2317,23600,,
1373375,39,2026-09-24,2317,23600,,
1373375,50,2026-09-24,2110,23600,,
1373375,51,2026-09-24,2317,23600,,
1373375,83,2026-09-24,2317,23600,,
1373375,87,2026-09-24,2110,23600,,
1386481,19,2026-09-24,1608,23600,,
1386481,20,2026-09-24,1608,23600,,
1386481,21,2026-09-24,1677,23600,,
1386481,22,2026-09-24,1677,23600,,
1386481,23,2026-09-24,1781,23600,,
1386481,24,2026-09-24,1781,23600,,
1386481,39,2026-09-24,1677,23600,,
1386481,40,2026-09-24,1781,23600,,
1386481,51,2026-09-24,1608,23600,,
1386481,83,2026-09-24,1677,23600,,
1396947,35,2026-12-17,3893,23600,,
1396947,36,2026-12-17,3893,23600,,
1414523,19,2026-09-24,1417,23600,,
1414523,20,2026-09-24,1417,23600,,
1418980,17,2026-09-20,1608,23600,,
1418980,18,2026-09-20,1608,23600,,
1418980,50,2026-09-20,1608,23600,,
1431135,23,2027-09-18,1566,23600,,
1431135,24,2027-09-18,1566,23600,,
1431135,40,2027-09-18,1566,23600,,
1435986,17,2027-09-18,1323,23600,,
1435986,18,2027-09-18,1323,23600,,
1435986,19,2027-09-18,1410,23600,,
1435986,20,2027-09-18,1410,23600,,
1435986,50,2027-09-18,1323,23600,,
1437251,29,2027-09-18,1746,23600,,
1437251,30,2027-09-18,1746,23600,,
1437251,31,2027-09-18,1746,23600,,
1437251,57,2027-09-18,1746,23600,,
1438370,17,2027-09-18,1323,23600,,
1438370,18,2027-09-18,1323,23600,,
1438370,50,2027-09-18,1323,23600,,
1441289,25,2026-09-24,3499,23600,,
1441289,26,2026-09-24,3499,23600,,
1441289,32,2026-09-24,3499,23600,,
1441289,33,2026-09-24,3499,23600,,
1441289,34,2026-09-24,3499,23600,,
1441289,58,2026-09-24,3499,23600,,
1446075,35,2026-09-24,3623,23600,,
1446075,36,2026-09-24,3623,23600,,
1446075,37,2026-09-24,3623,23600,,
1462197,29,2027-09-18,2206,23600,,
1462197,30,2027-09-18,2206,23600,,
1462197,31,2027-09-18,2206,23600,,
1462197,57,2027-09-18,2206,23600,,
1462197,89,2027-09-18,2206,23600,,
1463190,19,2026-09-22,1277,23600,,
1463190,20,2026-09-22,1277,23600,,
1463190,21,2026-09-22,1450,23600,,
1463190,22,2026-09-22,1450,23600,,
1463190,25,2026-09-22,1484,20000,,
1463190,26,2026-09-22,1484,20000,,
1463190,39,2026-09-22,1450,23600,,
1463190,83,2026-09-22,1450,23600,,
1472544,25,2026-12-17,1859,23600,,
1472544,26,2026-12-17,1859,23600,,
1483392,35,2026-09-24,2338,27848,,
1483392,36,2026-09-24,2338,27848,,
1483392,37,2026-09-24,2338,27848,,
1483392,59,2026-09-24,2338,27848,,
1484845,35,2026-09-24,2725,23600,,
1484845,36,2026-09-24,2725,23600,,
1502048,19,2026-09-24,1998,27848,,
1502048,20,2026-09-24,1998,27848,,
1506967,27,2026-09-24,1887,23600,,
1506967,28,2026-09-24,1887,23600,,
1506967,35,2026-09-24,1956,23600,,
1506967,36,2026-09-24,1956,23600,,
1508400,16,2026-09-24,1651,23600,,
1508400,17,2026-09-24,1651,23600,,
1508400,18,2026-09-24,1651,23600,,
1508400,21,2026-09-24,1720,23600,,
1508400,22,2026-09-24,1720,23600,,
1508400,39,2026-09-24,1720,23600,,
1508400,50,2026-09-24,1651,23600,,
1508400,83,2026-09-24,1720,23600,,
1508506,32,2026-09-21,2016,23600,,
1508506,33,2026-09-21,2016,23600,,
1508506,34,2026-09-21,2016,23600,,
1516017,23,2026-09-24,1891,23600,,
1516017,24,2026-09-24,1891,23600,,
1516017,40,2026-09-24,1891,23600,,
1534876,21,2026-09-24,1547,23600,,
1534876,22,2026-09-24,1547,23600,,
1534876,39,2026-09-24,1547,23600,,
1541487,19,2026-09-24,1629,20000,,
1541487,20,2026-09-24,1629,20000,,
1591753,23,2026-09-24,1905,23600,,
1591753,24,2026-09-24,1905,23600,,
1591753,40,2026-09-24,1905,23600,,
1593321,25,2026-09-27,1300,27848,,
1593321,25,2026-10-18,1301,27848,,
1593867,27,2027-09-18,2389,23600,,
1594371,25,2026-12-17,1197,23600,,
1594465,25,2026-09-27,1619,27848,,
1594465,25,2026-12-17,1950,27848,,
1594465,26,2026-09-27,1619,27848,,
1594465,26,2026-12-17,1950,27848,,
1594926,21,2027-09-18,1507,20000,,
1594926,22,2027-09-18,1507,20000,,
1594926,23,2027-09-18,1645,20000,,
1594926,24,2027-09-18,1645,20000,,
1594926,39,2027-09-18,1507,20000,,
1594926,40,2027-09-18,1645,20000,,
1594926,83,2027-09-18,1507,20000,,
1596742,29,2026-09-24,1767,23600,,
1596742,30,2026-09-24,1767,23600,,
1596742,31,2026-09-24,1767,23600,,
1596742,32,2026-09-24,1905,23600,,
1596742,33,2026-09-24,1905,23600,,
1596742,34,2026-09-24,1905,23600,,
1596742,57,2026-09-24,1767,23600,,
1597144,19,2026-09-19,1521,23600,,
1597144,20,2026-09-19,1521,23600,,
1599756,19,2026-09-19,1614,27848,,
1599756,20,2026-09-19,1614,27848,,
1599756,21,2026-09-19,1614,27848,,
1599756,22,2026-09-19,1614,27848,,
1599756,23,2026-09-19,1752,27848,,
1599756,24,2026-09-19,1752,27848,,
1599756,39,2026-09-19,1614,27848,,
1599756,40,2026-09-19,1752,27848,,
1599756,83,2026-09-19,1614,27848,,
1604662,29,2026-10-02,2865,20000,,
1604662,30,2026-10-02,2865,20000,,
1604662,31,2026-10-02,2865,20000,,
1604662,32,2026-10-02,2865,20000,,
1604662,33,2026-10-02,2865,20000,,
1604662,34,2026-10-02,2865,20000,,
1604662,57,2026-10-02,2865,20000,,
1608379,21,2026-10-04,3932,23600,,
1608379,22,2026-10-04,3932,23600,,
1608379,23,2026-10-04,3932,23600,,
1608379,24,2026-10-04,3932,23600,,
1608379,27,2026-10-04,4415,23600,,
1608379,28,2026-10-04,4415,23600,,
1608379,29,2026-10-04,4622,23600,,
1608379,30,2026-10-04,4622,23600,,
1608379,31,2026-10-04,4622,23600,,
1608379,32,2026-10-04,4622,23600,,
1608379,33,2026-10-04,4622,23600,,
1608379,34,2026-10-04,4622,23600,,
1608379,39,2026-10-04,3932,23600,,
1608379,40,2026-10-04,3932,23600,,
1608379,57,2026-10-04,4622,23600,,
1608379,58,2026-10-04,4622,23600,,
1608379,83,2026-10-04,3932,23600,,
1608379,89,2026-10-04,4622,23600,,
1614818,19,2026-09-24,1745,20000,,
1614818,20,2026-09-24,1745,20000,,
1619452,23,2026-09-24,1680,23600,,
1619452,24,2026-09-24,1680,23600,,
1619452,40,2026-09-24,1680,23600,,
1619814,15,2026-12-17,986,23600,,
1619814,38,2026-12-17,986,23600,,
1675415,21,2026-09-24,4493,20000,,
1675415,22,2026-09-24,4493,20000,,
1675415,23,2026-09-24,4493,20000,,
1675415,24,2026-09-24,4493,20000,,
1675415,25,2026-09-24,4631,20000,,
1675415,26,2026-09-24,4631,20000,,
1675415,27,2026-09-24,4907,20000,,
1675415,28,2026-09-24,4907,20000,,
1675415,29,2026-09-24,4631,20000,,
1675415,30,2026-09-24,4631,20000,,
1675415,31,2026-09-24,4631,20000,,
1675415,32,2026-09-24,4631,20000,,
1675415,33,2026-09-24,4631,20000,,
1675415,34,2026-09-24,4631,20000,,
1675415,35,2026-09-24,5114,20000,,
1675415,36,2026-09-24,5114,20000,,
1675415,37,2026-09-24,5114,20000,,
1675415,39,2026-09-24,4493,20000,,
1675415,40,2026-09-24,4493,20000,,
1675415,57,2026-09-24,4631,20000,,
1675415,58,2026-09-24,4631,20000,,
1675415,83,2026-09-24,4493,20000,,
1675415,89,2026-09-24,4631,20000,,
1702720,29,2026-12-17,3055,23600,,
1702720,30,2026-12-17,3055,23600,,
1702720,31,2026-12-17,3055,23600,,
1702720,57,2026-12-17,3055,23600,,
1708941,29,2027-09-18,2109,27848,,
1708941,30,2027-09-18,2109,27848,,
1708941,31,2027-09-18,2109,27848,,
1708941,32,2027-09-18,2178,27848,,
1708941,33,2027-09-18,2178,27848,,
1708941,34,2027-09-18,2178,27848,,
1708941,57,2027-09-18,2109,27848,,
1708941,58,2027-09-18,2178,27848,,
1708941,89,2027-09-18,2109,27848,,
1776233,17,2026-09-24,1658,23600,,
1776233,18,2026-09-24,1658,23600,,
1776233,50,2026-09-24,1658,23600,,
1869742,17,2026-09-24,2130,23600,,
1869742,18,2026-09-24,2130,23600,,
1869742,50,2026-09-24,2130,23600,,
1914908,21,2026-10-04,2174,20000,,
1914908,21,2026-10-05,2174,20000,,
1914908,21,2026-10-06,2174,20000,,
1914908,21,2026-10-08,2174,20000,,
1914908,21,2026-10-09,2174,20000,,
1914908,21,2026-10-10,2174,20000,,
1914908,21,2026-10-11,2174,20000,,
1914908,21,2026-10-12,2174,20000,,
1914908,21,2026-10-13,2174,20000,,
1914908,21,2026-10-14,2174,20000,,
1914908,21,2026-10-15,2174,20000,,
1914908,21,2026-10-16,2174,20000,,
1914908,21,2026-10-17,2174,20000,,
1914908,21,2026-10-18,2174,20000,,
1914908,22,2026-10-04,2174,20000,,
1914908,22,2026-10-05,2174,20000,,
1914908,22,2026-10-06,2174,20000,,
1914908,22,2026-10-08,2174,20000,,
1914908,22,2026-10-09,2174,20000,,
1914908,22,2026-10-10,2174,20000,,
1914908,22,2026-10-11,2174,20000,,
1914908,22,2026-10-12,2174,20000,,
1914908,22,2026-10-13,2174,20000,,
1914908,22,2026-10-14,2174,20000,,
1914908,22,2026-10-15,2174,20000,,
1914908,22,2026-10-16,2174,20000,,
1914908,22,2026-10-17,2174,20000,,
1914908,22,2026-10-18,2174,20000,,
1914908,23,2026-10-04,2174,20000,,
1914908,23,2026-10-05,2174,20000,,
1914908,23,2026-10-06,2174,20000,,
1914908,23,2026-10-08,2174,20000,,
1914908,23,2026-10-09,2174,20000,,
1914908,23,2026-10-10,2174,20000,,
1914908,23,2026-10-11,2174,20000,,
1914908,23,2026-10-12,2174,20000,,
1914908,23,2026-10-13,2174,20000,,
1914908,23,2026-10-14,2174,20000,,
1914908,23,2026-10-15,2174,20000,,
1914908,23,2026-10-16,2174,20000,,
1914908,23,2026-10-17,2174,20000,,
1914908,23,2026-10-18,2174,20000,,
1914908,24,2026-10-04,2174,20000,,
1914908,24,2026-10-05,2174,20000,,
1914908,24,2026-10-06,2174,20000,,
1914908,24,2026-10-08,2174,20000,,
1914908,24,2026-10-09,2174,20000,,
1914908,24,2026-10-10,2174,20000,,
1914908,24,2026-10-11,2174,20000,,
1914908,24,2026-10-12,2174,20000,,
1914908,24,2026-10-13,2174,20000,,
1914908,24,2026-10-14,2174,20000,,
1914908,24,2026-10-15,2174,20000,,
1914908,24,2026-10-16,2174,20000,,
1914908,24,2026-10-17,2174,20000,,
1914908,24,2026-10-18,2174,20000,,
1914908,39,2026-10-04,2174,20000,,
1914908,39,2026-10-05,2174,20000,,
1914908,39,2026-10-06,2174,20000,,
1914908,39,2026-10-08,2174,20000,,
1914908,39,2026-10-09,2174,20000,,
1914908,39,2026-10-10,2174,20000,,
1914908,39,2026-10-11,2174,20000,,
1914908,39,2026-10-12,2174,20000,,
1914908,39,2026-10-13,2174,20000,,
1914908,39,2026-10-14,2174,20000,,
1914908,39,2026-10-15,2174,20000,,
1914908,39,2026-10-16,2174,20000,,
1914908,39,2026-10-17,2174,20000,,
1914908,39,2026-10-18,2174,20000,,
1914908,40,2026-10-04,2174,20000,,
1914908,40,2026-10-05,2174,20000,,
1914908,40,2026-10-06,2174,20000,,
1914908,40,2026-10-08,2174,20000,,
1914908,40,2026-10-09,2174,20000,,
1914908,40,2026-10-10,2174,20000,,
1914908,40,2026-10-11,2174,20000,,
1914908,40,2026-10-12,2174,20000,,
1914908,40,2026-10-13,2174,20000,,
1914908,40,2026-10-14,2174,20000,,
1914908,40,2026-10-15,2174,20000,,
1914908,40,2026-10-16,2174,20000,,
1914908,40,2026-10-17,2174,20000,,
1914908,40,2026-10-18,2174,20000,,
1914908,83,2026-10-04,2174,20000,,
1914908,83,2026-10-05,2174,20000,,
1914908,83,2026-10-06,2174,20000,,
1914908,83,2026-10-08,2174,20000,,
1914908,83,2026-10-09,2174,20000,,
1914908,83,2026-10-10,2174,20000,,
1914908,83,2026-10-11,2174,20000,,
1914908,83,2026-10-12,2174,20000,,
1914908,83,2026-10-13,2174,20000,,
1914908,83,2026-10-14,2174,20000,,
1914908,83,2026-10-15,2174,20000,,
1914908,83,2026-10-16,2174,20000,,
1914908,83,2026-10-17,2174,20000,,
1914908,83,2026-10-18,2174,20000,,
1929807,19,2026-09-24,1578,23600,,
1929807,20,2026-09-24,1578,23600,,
1989439,35,2026-09-23,2520,23600,,
1989439,36,2026-09-23,2520,23600,,
2011302,17,2027-09-18,1653,23600,,
2011302,18,2027-09-18,1653,23600,,
2011302,19,2027-09-18,1653,23600,,
2011302,20,2027-09-18,1653,23600,,
2011302,50,2027-09-18,1653,23600,,
2011649,21,2026-09-24,1334,27848,,
2011649,22,2026-09-24,1334,27848,,
2011649,23,2026-09-24,1437,27848,,
2011649,24,2026-09-24,1437,27848,,
2011649,29,2027-09-18,1666,27848,,
2011649,30,2027-09-18,1666,27848,,
2011649,31,2027-09-18,1666,27848,,
2011649,39,2026-09-24,1334,27848,,
2011649,40,2026-09-24,1437,27848,,
2011649,57,2027-09-18,1666,27848,,
2011649,83,2026-09-24,1334,27848,,
2011649,89,2027-09-18,1666,27848,,
2011692,27,2026-09-24,2358,20000,,
2011692,28,2026-09-24,2358,20000,,
2011692,35,2026-09-24,2531,20000,,
2011692,36,2026-09-24,2531,20000,,
2014917,19,2026-12-17,1714,20000,,
2014917,20,2026-12-17,1714,20000,,
2015941,25,2026-09-25,1738,23600,,
2015941,25,2026-09-27,1738,23600,,
2015941,25,2026-10-02,1738,23600,,
2015941,25,2026-12-17,1734,23600,,
2015941,25,2027-09-18,1734,23600,,
2015941,26,2026-09-25,1738,23600,,
2015941,26,2026-09-27,1738,23600,,
2015941,26,2026-10-02,1738,23600,,
2015941,26,2026-12-17,1734,23600,,
2015941,26,2027-09-18,1734,23600,,
2017408,19,2027-09-18,2022,23600,,
2017408,20,2027-09-18,2022,23600,,
2018414,25,2026-09-22,2304,23600,,
2018414,25,2026-10-19,2610,23600,,
2018414,25,2026-10-20,2606,23600,,
2018414,25,2026-10-21,2606,23600,,
2018414,25,2026-10-22,2606,23600,,
2018414,25,2026-10-23,2606,23600,,
2018414,25,2026-10-24,2606,23600,,
2018414,25,2026-10-26,2606,23600,,
2018414,25,2026-10-27,2606,23600,,
2018414,25,2026-10-28,2606,23600,,
2018414,25,2026-10-29,2606,23600,,
2018414,25,2026-10-30,2610,23600,,
2018414,25,2026-10-31,2610,23600,,
2018414,25,2026-11-01,2606,23600,,
2018414,25,2026-11-02,2606,23600,,
2018414,25,2026-11-03,2606,23600,,
2018414,25,2026-11-04,2606,23600,,
2018414,25,2026-11-05,2606,23600,,
2018414,25,2026-11-06,2606,23600,,
2018414,25,2026-11-07,2606,23600,,
2018414,25,2026-11-08,2606,23600,,
2018414,25,2026-11-09,2606,23600,,
2018414,25,2026-11-10,2606,23600,,
2018414,25,2026-11-11,2606,23600,,
2018414,25,2026-11-12,2606,23600,,
2018414,25,2026-11-13,2606,23600,,
2018414,25,2026-11-14,2606,23600,,
2018414,25,2026-11-15,2606,23600,,
2018414,25,2026-11-16,2606,23600,,
2018414,25,2026-11-17,2606,23600,,
2018414,26,2026-09-22,2304,23600,,
2018414,26,2026-10-19,2610,23600,,
2018414,26,2026-10-20,2606,23600,,
2018414,26,2026-10-21,2606,23600,,
2018414,26,2026-10-22,2606,23600,,
2018414,26,2026-10-23,2606,23600,,
2018414,26,2026-10-24,2606,23600,,
2018414,26,2026-10-26,2606,23600,,
2018414,26,2026-10-27,2606,23600,,
2018414,26,2026-10-28,2606,23600,,
2018414,26,2026-10-29,2606,23600,,
2018414,26,2026-10-30,2610,23600,,
2018414,26,2026-10-31,2610,23600,,
2018414,26,2026-11-01,2606,23600,,
2018414,26,2026-11-02,2606,23600,,
2018414,26,2026-11-03,2606,23600,,
2018414,26,2026-11-04,2606,23600,,
2018414,26,2026-11-05,2606,23600,,
2018414,26,2026-11-06,2606,23600,,
2018414,26,2026-11-07,2606,23600,,
2018414,26,2026-11-08,2606,23600,,
2018414,26,2026-11-09,2606,23600,,
2018414,26,2026-11-10,2606,23600,,
2018414,26,2026-11-11,2606,23600,,
2018414,26,2026-11-12,2606,23600,,
2018414,26,2026-11-13,2606,23600,,
2018414,26,2026-11-14,2606,23600,,
2018414,26,2026-11-15,2606,23600,,
2018414,26,2026-11-16,2606,23600,,
2018414,26,2026-11-17,2606,23600,,
2018835,17,2026-09-24,2330,23600,,
2018835,18,2026-09-24,2330,23600,,
2018835,19,2026-09-24,2537,23600,,
2018835,20,2026-09-24,2537,23600,,
2019978,19,2026-09-24,1855,20000,,
2019978,20,2026-09-24,1855,20000,,
2019978,21,2026-09-24,1993,20000,,
2019978,21,2026-12-17,2181,20000,,
2019978,21,2027-09-18,2181,20000,,
2019978,22,2026-09-24,1993,20000,,
2019978,22,2026-12-17,2181,20000,,
2019978,22,2027-09-18,2181,20000,,
2019978,23,2026-12-17,2319,20000,,
2019978,23,2027-09-18,2319,20000,,
2019978,24,2026-12-17,2319,20000,,
2019978,24,2027-09-18,2319,20000,,
2019978,39,2026-09-24,1993,20000,,
2019978,39,2026-12-17,2181,20000,,
2019978,39,2027-09-18,2181,20000,,
2019978,40,2026-12-17,2319,20000,,
2019978,40,2027-09-18,2319,20000,,
2019978,83,2026-09-24,1993,20000,,
2019978,83,2026-12-17,2181,20000,,
2019978,83,2027-09-18,2181,20000,,
2026607,27,2026-12-17,2806,20000,,
2026607,28,2026-12-17,2806,20000,,
2032928,27,2027-08-27,1522,23600,,
2032928,27,2027-08-28,1522,23600,,
2032928,27,2027-08-29,1522,23600,,
2032928,27,2027-08-30,1522,23600,,
2032928,27,2027-08-31,1522,23600,,
2032928,27,2027-09-18,1522,23600,,
2032928,28,2027-08-27,1522,23600,,
2032928,28,2027-08-28,1522,23600,,
2032928,28,2027-08-29,1522,23600,,
2032928,28,2027-08-30,1522,23600,,
2032928,28,2027-08-31,1522,23600,,
2032928,28,2027-09-18,1522,23600,,
2033589,27,2027-09-18,2864,23600,,
2033589,28,2027-09-18,2864,23600,,
2046776,19,2026-09-24,1425,23600,,
2046776,20,2026-09-24,1425,23600,,
2046776,51,2026-09-24,1425,23600,,
2051409,16,2026-09-24,1758,23600,,
2051467,19,2026-09-27,1116,20000,,
2051467,20,2026-09-27,1116,20000,,
2051467,51,2026-09-27,1116,20000,,
2053245,21,2027-09-18,1470,23600,,
2053245,22,2027-09-18,1470,23600,,
2053245,39,2027-09-18,1470,23600,,
2053245,83,2027-09-18,1470,23600,,
2059540,23,2026-09-24,1845,23600,,
2059540,24,2026-09-24,1845,23600,,
2061639,19,2026-09-24,1284,23600,,
2061639,20,2026-09-24,1284,23600,,
2065763,102,2026-09-24,1533,32861,,
2065763,103,2026-09-24,1533,32861,,
2065763,104,2026-09-24,1533,32861,,
2065763,113,2026-09-24,1533,32861,,
2065763,25,2026-09-24,1533,32861,,
2065763,26,2026-09-24,1533,32861,,
2065763,55,2026-09-24,1533,32861,,
2065763,95,2026-09-24,1533,32861,,
2066561,23,2026-10-04,2150,27848,,
2066561,24,2026-10-04,2150,27848,,
2066561,27,2026-10-02,2614,27848,,
2066561,27,2026-10-03,2614,27848,,
2066561,28,2026-10-02,2614,27848,,
2066561,28,2026-10-03,2614,27848,,
2066561,35,2026-10-02,3373,27848,,
2066561,35,2026-10-03,3373,27848,,
2066561,36,2026-10-02,3373,27848,,
2066561,36,2026-10-03,3373,27848,,
2066561,40,2026-10-04,2150,27848,,
2067711,17,2026-09-24,1247,23600,,
2067711,18,2026-09-24,1247,23600,,
2067711,19,2026-09-24,1247,23600,,
2067711,20,2026-09-24,1247,23600,,
2067711,50,2026-09-24,1247,23600,,
2071014,19,2026-09-24,1397,23600,,
2071014,21,2026-09-24,1535,23600,,
2071014,22,2026-09-24,1535,23600,,
2071014,23,2026-09-24,1604,23600,,
2071014,24,2026-09-24,1604,23600,,
2071014,39,2026-09-24,1535,23600,,
2071014,40,2026-09-24,1604,23600,,
2071014,83,2026-09-24,1535,23600,,
2074839,42,2026-10-01,3021,20000,,
2074839,42,2026-10-02,3048,20000,,
2074839,42,2026-10-03,3048,20000,,
2074839,43,2026-10-01,3021,20000,,
2074839,43,2026-10-02,3048,20000,,
2074839,43,2026-10-03,3048,20000,,
2074839,44,2026-10-01,3021,20000,,
2074839,44,2026-10-02,3048,20000,,
2074839,44,2026-10-03,3048,20000,,
2077421,17,2026-12-17,1305,23600,,
2077421,18,2026-12-17,1305,23600,,
2077421,19,2026-12-17,1374,23600,,
2077421,20,2026-12-17,1374,23600,,
2077421,50,2026-12-17,1305,23600,,
2079707,17,2026-09-24,1292,23600,,
2079707,18,2026-09-24,1292,23600,,
2079707,19,2026-09-24,1361,23600,,
2079707,20,2026-09-24,1361,23600,,
2079707,21,2026-09-24,1430,23600,,
2079707,21,2026-12-17,1566,23600,,
2079707,22,2026-09-24,1430,23600,,
2079707,22,2026-12-17,1566,23600,,
2079707,23,2026-12-17,1635,23600,,
2079707,24,2026-12-17,1635,23600,,
2079707,25,2026-09-24,1292,23600,,
2079707,26,2026-09-24,1292,23600,,
2079707,39,2026-09-24,1430,23600,,
2079707,39,2026-12-17,1566,23600,,
2079707,40,2026-12-17,1635,23600,,
2079707,50,2026-09-24,1292,23600,,
2079707,83,2026-09-24,1430,23600,,
2079707,83,2026-12-17,1566,23600,,
2089527,16,2026-09-24,1397,23600,,
2089527,17,2026-09-24,1432,23600,,
2089527,18,2026-09-24,1432,23600,,
2089527,19,2026-09-24,1501,23600,,
2317284,21,2026-09-25,1646,20000,,
2317284,21,2026-09-26,1646,20000,,
2317284,21,2026-09-27,1646,20000,,
2317284,21,2026-09-28,1646,20000,,
2317284,21,2026-09-29,1646,20000,,
2317284,21,2026-09-30,1646,20000,,
2317284,21,2026-10-01,1646,20000,,
2317284,21,2026-10-02,1646,20000,,
2317284,21,2026-10-03,1646,20000,,
2317284,21,2026-10-04,1646,20000,,
2317284,21,2026-10-05,1646,20000,,
2317284,21,2026-10-06,1646,20000,,
2317284,21,2026-10-07,1646,20000,,
2317284,21,2026-10-08,1646,20000,,
2317284,21,2026-10-09,1646,20000,,
2317284,21,2026-10-10,1646,20000,,
2317284,21,2026-10-11,1646,20000,,
2317284,21,2026-10-12,1646,20000,,
2317284,21,2026-10-13,1646,20000,,
2317284,21,2026-10-14,1646,20000,,
2317284,21,2026-10-15,1646,20000,,
2317284,21,2026-10-16,1646,20000,,
2317284,21,2026-10-17,1646,20000,,
2317284,21,2026-10-18,1646,20000,,
2317284,22,2026-09-25,1646,20000,,
2317284,22,2026-09-26,1646,20000,,
2317284,22,2026-09-27,1646,20000,,
2317284,22,2026-09-28,1646,20000,,
2317284,22,2026-09-29,1646,20000,,
2317284,22,2026-09-30,1646,20000,,
2317284,22,2026-10-01,1646,20000,,
2317284,22,2026-10-02,1646,20000,,
2317284,22,2026-10-03,1646,20000,,
2317284,22,2026-10-04,1646,20000,,
2317284,22,2026-10-05,1646,20000,,
2317284,22,2026-10-06,1646,20000,,
2317284,22,2026-10-07,1646,20000,,
2317284,22,2026-10-08,1646,20000,,
2317284,22,2026-10-09,1646,20000,,
2317284,22,2026-10-10,1646,20000,,
2317284,22,2026-10-11,1646,20000,,
2317284,22,2026-10-12,1646,20000,,
2317284,22,2026-10-13,1646,20000,,
2317284,22,2026-10-14,1646,20000,,
2317284,22,2026-10-15,1646,20000,,
2317284,22,2026-10-16,1646,20000,,
2317284,22,2026-10-17,1646,20000,,
2317284,22,2026-10-18,1646,20000,,
2317284,23,2026-09-25,1646,20000,,
2317284,23,2026-09-26,1646,20000,,
2317284,23,2026-09-27,1646,20000,,
2317284,23,2026-09-28,1646,20000,,
2317284,23,2026-09-29,1646,20000,,
2317284,23,2026-09-30,1646,20000,,
2317284,23,2026-10-01,1646,20000,,
2317284,23,2026-10-02,1646,20000,,
2317284,23,2026-10-03,1646,20000,,
2317284,23,2026-10-04,1646,20000,,
2317284,23,2026-10-05,1646,20000,,
2317284,23,2026-10-06,1646,20000,,
2317284,23,2026-10-07,1646,20000,,
2317284,23,2026-10-08,1646,20000,,
2317284,23,2026-10-09,1646,20000,,
2317284,23,2026-10-10,1646,20000,,
2317284,23,2026-10-11,1646,20000,,
2317284,23,2026-10-12,1646,20000,,
2317284,23,2026-10-13,1646,20000,,
2317284,23,2026-10-14,1646,20000,,
2317284,23,2026-10-15,1646,20000,,
2317284,23,2026-10-16,1646,20000,,
2317284,23,2026-10-17,1646,20000,,
2317284,23,2026-10-18,1646,20000,,
2317284,24,2026-09-25,1646,20000,,
2317284,24,2026-09-26,1646,20000,,
2317284,24,2026-09-27,1646,20000,,
2317284,24,2026-09-28,1646,20000,,
2317284,24,2026-09-29,1646,20000,,
2317284,24,2026-09-30,1646,20000,,
2317284,24,2026-10-01,1646,20000,,
2317284,24,2026-10-02,1646,20000,,
2317284,24,2026-10-03,1646,20000,,
2317284,24,2026-10-04,1646,20000,,
2317284,24,2026-10-05,1646,20000,,
2317284,24,2026-10-06,1646,20000,,
2317284,24,2026-10-07,1646,20000,,
2317284,24,2026-10-08,1646,20000,,
2317284,24,2026-10-09,1646,20000,,
2317284,24,2026-10-10,1646,20000,,
2317284,24,2026-10-11,1646,20000,,
2317284,24,2026-10-12,1646,20000,,
2317284,24,2026-10-13,1646,20000,,
2317284,24,2026-10-14,1646,20000,,
2317284,24,2026-10-15,1646,20000,,
2317284,24,2026-10-16,1646,20000,,
2317284,24,2026-10-17,1646,20000,,
2317284,24,2026-10-18,1646,20000,,
2317284,39,2026-09-25,1646,20000,,
2317284,39,2026-09-26,1646,20000,,
2317284,39,2026-09-27,1646,20000,,
2317284,39,2026-09-28,1646,20000,,
2317284,39,2026-09-29,1646,20000,,
2317284,39,2026-09-30,1646,20000,,
2317284,39,2026-10-01,1646,20000,,
2317284,39,2026-10-02,1646,20000,,
2317284,39,2026-10-03,1646,20000,,
2317284,39,2026-10-04,1646,20000,,
2317284,39,2026-10-05,1646,20000,,
2317284,39,2026-10-06,1646,20000,,
2317284,39,2026-10-07,1646,20000,,
2317284,39,2026-10-08,1646,20000,,
2317284,39,2026-10-09,1646,20000,,
2317284,39,2026-10-10,1646,20000,,
2317284,39,2026-10-11,1646,20000,,
2317284,39,2026-10-12,1646,20000,,
2317284,39,2026-10-13,1646,20000,,
2317284,39,2026-10-14,1646,20000,,
2317284,39,2026-10-15,1646,20000,,
2317284,39,2026-10-16,1646,20000,,
2317284,39,2026-10-17,1646,20000,,
2317284,39,2026-10-18,1646,20000,,
2317284,40,2026-09-25,1646,20000,,
2317284,40,2026-09-26,1646,20000,,
2317284,40,2026-09-27,1646,20000,,
2317284,40,2026-09-28,1646,20000,,
2317284,40,2026-09-29,1646,20000,,
2317284,40,2026-09-30,1646,20000,,
2317284,40,2026-10-01,1646,20000,,
2317284,40,2026-10-02,1646,20000,,
2317284,40,2026-10-03,1646,20000,,
2317284,40,2026-10-04,1646,20000,,
2317284,40,2026-10-05,1646,20000,,
2317284,40,2026-10-06,1646,20000,,
2317284,40,2026-10-07,1646,20000,,
2317284,40,2026-10-08,1646,20000,,
2317284,40,2026-10-09,1646,20000,,
2317284,40,2026-10-10,1646,20000,,
2317284,40,2026-10-11,1646,20000,,
2317284,40,2026-10-12,1646,20000,,
2317284,40,2026-10-13,1646,20000,,
2317284,40,2026-10-14,1646,20000,,
2317284,40,2026-10-15,1646,20000,,
2317284,40,2026-10-16,1646,20000,,
2317284,40,2026-10-17,1646,20000,,
2317284,40,2026-10-18,1646,20000,,
2317284,83,2026-09-25,1646,20000,,
2317284,83,2026-09-26,1646,20000,,
2317284,83,2026-09-27,1646,20000,,
2317284,83,2026-09-28,1646,20000,,
2317284,83,2026-09-29,1646,20000,,
2317284,83,2026-09-30,1646,20000,,
2317284,83,2026-10-01,1646,20000,,
2317284,83,2026-10-02,1646,20000,,
2317284,83,2026-10-03,1646,20000,,
2317284,83,2026-10-04,1646,20000,,
2317284,83,2026-10-05,1646,20000,,
2317284,83,2026-10-06,1646,20000,,
2317284,83,2026-10-07,1646,20000,,
2317284,83,2026-10-08,1646,20000,,
2317284,83,2026-10-09,1646,20000,,
2317284,83,2026-10-10,1646,20000,,
2317284,83,2026-10-11,1646,20000,,
2317284,83,2026-10-12,1646,20000,,
2317284,83,2026-10-13,1646,20000,,
2317284,83,2026-10-14,1646,20000,,
2317284,83,2026-10-15,1646,20000,,
2317284,83,2026-10-16,1646,20000,,
2317284,83,2026-10-17,1646,20000,,
2317284,83,2026-10-18,1646,20000,,
2341617,17,2026-09-24,1517,23600,,
2341617,18,2026-09-24,1517,23600,,
2341617,50,2026-09-24,1517,23600,,
2341617,87,2026-09-24,1517,23600,,
3001712,23,2026-09-19,1621,23600,,
3001712,24,2026-09-19,1621,23600,,
3001712,40,2026-09-19,1621,23600,,
3006134,23,2026-12-17,1824,23600,,
3006134,24,2026-12-17,1824,23600,,
3006134,40,2026-12-17,1824,23600,,
3009824,21,2026-10-04,1298,23600,,
3009824,21,2026-10-05,1298,23600,,
3009824,21,2026-10-06,1298,23600,,
3009824,21,2026-10-07,1298,23600,,
3009824,21,2026-10-08,1298,23600,,
3009824,21,2026-10-09,1298,23600,,
3009824,21,2026-10-10,1298,23600,,
3009824,21,2026-10-11,1298,23600,,
3009824,21,2026-10-12,1298,23600,,
3009824,21,2026-10-13,1298,23600,,
3009824,21,2026-10-14,1298,23600,,
3009824,21,2026-10-15,1298,23600,,
3009824,21,2026-10-16,1298,23600,,
3009824,21,2026-10-17,1298,23600,,
3009824,21,2026-10-18,1298,23600,,
3009824,22,2026-10-04,1298,23600,,
3009824,22,2026-10-05,1298,23600,,
3009824,22,2026-10-06,1298,23600,,
3009824,22,2026-10-07,1298,23600,,
3009824,22,2026-10-08,1298,23600,,
3009824,22,2026-10-09,1298,23600,,
3009824,22,2026-10-10,1298,23600,,
3009824,22,2026-10-11,1298,23600,,
3009824,22,2026-10-12,1298,23600,,
3009824,22,2026-10-13,1298,23600,,
3009824,22,2026-10-14,1298,23600,,
3009824,22,2026-10-15,1298,23600,,
3009824,22,2026-10-16,1298,23600,,
3009824,22,2026-10-17,1298,23600,,
3009824,22,2026-10-18,1298,23600,,
3009824,23,2026-10-04,1298,23600,,
3009824,23,2026-10-05,1298,23600,,
3009824,23,2026-10-06,1298,23600,,
3009824,23,2026-10-07,1298,23600,,
3009824,23,2026-10-08,1298,23600,,
3009824,23,2026-10-09,1298,23600,,
3009824,23,2026-10-10,1298,23600,,
3009824,23,2026-10-11,1298,23600,,
3009824,23,2026-10-12,1298,23600,,
3009824,23,2026-10-13,1298,23600,,
3009824,23,2026-10-14,1298,23600,,
3009824,23,2026-10-15,1298,23600,,
3009824,23,2026-10-16,1298,23600,,
3009824,23,2026-10-17,1298,23600,,
3009824,23,2026-10-18,1298,23600,,
3009824,24,2026-10-04,1298,23600,,
3009824,24,2026-10-05,1298,23600,,
3009824,24,2026-10-06,1298,23600,,
3009824,24,2026-10-07,1298,23600,,
3009824,24,2026-10-08,1298,23600,,
3009824,24,2026-10-09,1298,23600,,
3009824,24,2026-10-10,1298,23600,,
3009824,24,2026-10-11,1298,23600,,
3009824,24,2026-10-12,1298,23600,,
3009824,24,2026-10-13,1298,23600,,
3009824,24,2026-10-14,1298,23600,,
3009824,24,2026-10-15,1298,23600,,
3009824,24,2026-10-16,1298,23600,,
3009824,24,2026-10-17,1298,23600,,
3009824,24,2026-10-18,1298,23600,,
3009824,39,2026-10-04,1298,23600,,
3009824,39,2026-10-05,1298,23600,,
3009824,39,2026-10-06,1298,23600,,
3009824,39,2026-10-07,1298,23600,,
3009824,39,2026-10-08,1298,23600,,
3009824,39,2026-10-09,1298,23600,,
3009824,39,2026-10-10,1298,23600,,
3009824,39,2026-10-11,1298,23600,,
3009824,39,2026-10-12,1298,23600,,
3009824,39,2026-10-13,1298,23600,,
3009824,39,2026-10-14,1298,23600,,
3009824,39,2026-10-15,1298,23600,,
3009824,39,2026-10-16,1298,23600,,
3009824,39,2026-10-17,1298,23600,,
3009824,39,2026-10-18,1298,23600,,
3009824,40,2026-10-04,1298,23600,,
3009824,40,2026-10-05,1298,23600,,
3009824,40,2026-10-06,1298,23600,,
3009824,40,2026-10-07,1298,23600,,
3009824,40,2026-10-08,1298,23600,,
3009824,40,2026-10-09,1298,23600,,
3009824,40,2026-10-10,1298,23600,,
3009824,40,2026-10-11,1298,23600,,
3009824,40,2026-10-12,1298,23600,,
3009824,40,2026-10-13,1298,23600,,
3009824,40,2026-10-14,1298,23600,,
3009824,40,2026-10-15,1298,23600,,
3009824,40,2026-10-16,1298,23600,,
3009824,40,2026-10-17,1298,23600,,
3009824,40,2026-10-18,1298,23600,,
3009824,83,2026-10-04,1298,23600,,
3009824,83,2026-10-05,1298,23600,,
3009824,83,2026-10-06,1298,23600,,
3009824,83,2026-10-07,1298,23600,,
3009824,83,2026-10-08,1298,23600,,
3009824,83,2026-10-09,1298,23600,,
3009824,83,2026-10-10,1298,23600,,
3009824,83,2026-10-11,1298,23600,,
3009824,83,2026-10-12,1298,23600,,
3009824,83,2026-10-13,1298,23600,,
3009824,83,2026-10-14,1298,23600,,
3009824,83,2026-10-15,1298,23600,,
3009824,83,2026-10-16,1298,23600,,
3009824,83,2026-10-17,1298,23600,,
3009824,83,2026-10-18,1298,23600,,
4476459,35,2026-10-03,3025,23600,,
4476459,36,2026-10-03,3025,23600,,
5000010,17,2026-09-24,1721,23600,,
5000010,18,2026-09-24,1721,23600,,
5000010,19,2026-09-24,1928,23600,,
5000010,20,2026-09-24,1928,23600,,
5000010,50,2026-09-24,1721,23600,,
5000022,17,2026-12-17,2183,20000,,
5000022,18,2026-12-17,2183,20000,,
5000022,50,2026-12-17,2183,20000,,
6141453,35,2026-10-02,3152,23600,,
6141453,35,2026-10-03,3152,23600,,
6141453,35,2026-10-04,3033,23600,,
6141453,36,2026-10-02,3152,23600,,
6141453,36,2026-10-03,3152,23600,,
6141453,36,2026-10-04,3033,23600,,
9772256,27,2026-09-24,3819,23600,,
9772256,28,2026-09-24,3819,23600,,
9772256,35,2027-09-18,5040,23600,,
9772256,36,2027-09-18,5040,23600,,
9772256,37,2027-09-18,5040,23600,,
0003211,16,2026-09-24,1439,23600,,
0003211,17,2026-09-24,1543,23600,,
0003211,18,2026-09-24,1543,23600,,
0003211,50,2026-09-24,1543,23600,,
0019694,17,2026-09-24,1886,23600,,
0019694,18,2026-09-24,1886,23600,,
0019694,50,2026-09-24,1886,23600,,
0019694,87,2026-09-24,1886,23600,,
0262017,27,2026-09-24,1785,23600,,
0262017,28,2026-09-24,1785,23600,,
1075048,32,2026-12-17,1857,23600,,
1075048,33,2026-12-17,1857,23600,,
1075048,34,2026-12-17,1857,23600,,
1107176,23,2026-09-24,1341,23600,,
1107176,24,2026-09-24,1341,23600,,
1126702,19,2027-09-18,2056,23600,,
1126702,20,2027-09-18,2056,23600,,
1126702,25,2026-10-04,2871,23600,,
1126702,26,2026-10-04,2871,23600,,
1126702,51,2027-09-18,2056,23600,,
1127927,21,2026-09-24,1628,23600,,
1127927,22,2026-09-24,1628,23600,,
1127927,39,2026-09-24,1628,23600,,
1127927,83,2026-09-24,1628,23600,,
1131021,16,2026-10-23,1507,20000,,
1131021,16,2026-10-24,1507,20000,,
1131021,16,2026-10-25,1507,20000,,
1131021,16,2026-10-30,1507,20000,,
1131021,16,2026-10-31,1507,20000,,
1131021,21,2026-12-02,1568,20000,,
1131021,21,2026-12-03,1568,20000,,
1131021,21,2026-12-04,1568,20000,,
1131021,21,2026-12-05,1568,20000,,
1131021,21,2026-12-06,1568,20000,,
1131021,21,2026-12-11,1568,20000,,
1131021,21,2026-12-12,1568,20000,,
1131021,22,2026-12-02,1568,20000,,
1131021,22,2026-12-03,1568,20000,,
1131021,22,2026-12-04,1568,20000,,
1131021,22,2026-12-05,1568,20000,,
1131021,22,2026-12-06,1568,20000,,
1131021,22,2026-12-11,1568,20000,,
1131021,22,2026-12-12,1568,20000,,
1131021,39,2026-12-02,1568,20000,,
1131021,39,2026-12-03,1568,20000,,
1131021,39,2026-12-04,1568,20000,,
1131021,39,2026-12-05,1568,20000,,
1131021,39,2026-12-06,1568,20000,,
1131021,39,2026-12-11,1568,20000,,
1131021,39,2026-12-12,1568,20000,,
1131021,83,2026-12-02,1568,20000,,
1131021,83,2026-12-03,1568,20000,,
1131021,83,2026-12-04,1568,20000,,
1131021,83,2026-12-05,1568,20000,,
1131021,83,2026-12-06,1568,20000,,
1131021,83,2026-12-11,1568,20000,,
1131021,83,2026-12-12,1568,20000,,
1146139,27,2027-09-18,1463,23600,,
1146139,28,2027-09-18,1463,23600,,
1165642,15,2026-09-24,1457,23600,,
1165642,21,2026-12-17,2240,23600,,
1165642,22,2026-12-17,2240,23600,,
1165642,38,2026-09-24,1457,23600,,
1165642,39,2026-12-17,2240,23600,,
1165642,83,2026-12-17,2240,23600,,
1166122,29,2026-12-17,2441,23600,,
1166122,30,2026-12-17,2441,23600,,
1166122,31,2026-12-17,2441,23600,,
1166122,32,2026-12-17,2441,23600,,
1166122,33,2026-12-17,2441,23600,,
1166122,34,2026-12-17,2441,23600,,
1166122,57,2026-12-17,2441,23600,,
1168316,17,2026-12-17,1714,23600,,
1168316,18,2026-12-17,1714,23600,,
1168316,50,2026-12-17,1714,23600,,
1168316,87,2026-12-17,1714,23600,,
1198531,19,2027-09-18,1439,23600,,
1198531,20,2027-09-18,1439,23600,,
1206822,29,2026-10-04,2833,23600,,
1206822,30,2026-10-04,2833,23600,,
1206822,31,2026-10-04,2833,23600,,
1206822,32,2026-10-04,2833,23600,,
1206822,33,2026-10-04,2833,23600,,
1206822,34,2026-10-04,2833,23600,,
1206822,57,2026-10-04,2833,23600,,
1206822,58,2026-10-04,2833,23600,,
1206822,89,2026-10-04,2833,23600,,
1206897,17,2026-09-21,1332,23600,,
1206897,18,2026-09-21,1332,23600,,
1206897,19,2026-09-21,1332,23600,,
1206897,20,2026-09-21,1332,23600,,
1206897,25,2026-09-21,1332,23600,,
1206897,26,2026-09-21,1332,23600,,
1206897,50,2026-09-21,1332,23600,,
1208576,27,2026-10-04,1958,20000,,
1208576,28,2026-10-04,1958,20000,,
1208576,29,2026-10-02,2372,20000,,
1208576,29,2026-10-03,2372,20000,,
1208576,29,2026-10-04,2372,20000,,
1208576,30,2026-10-02,2372,20000,,
1208576,30,2026-10-03,2372,20000,,
1208576,30,2026-10-04,2372,20000,,
1208576,31,2026-10-02,2372,20000,,
1208576,31,2026-10-03,2372,20000,,
1208576,31,2026-10-04,2372,20000,,
1208576,32,2026-10-02,2372,20000,,
1208576,32,2026-10-03,2372,20000,,
1208576,32,2026-10-04,2372,20000,,
1208576,33,2026-10-02,2372,20000,,
1208576,33,2026-10-03,2372,20000,,
1208576,33,2026-10-04,2372,20000,,
1208576,34,2026-10-02,2372,20000,,
1208576,34,2026-10-03,2372,20000,,
1208576,34,2026-10-04,2372,20000,,
1208576,57,2026-10-02,2372,20000,,
1208576,57,2026-10-03,2372,20000,,
1208576,57,2026-10-04,2372,20000,,
1209749,15,2026-10-04,1438,38776,,
1209749,16,2026-10-04,1438,38776,,
1209749,17,2026-10-04,1438,38776,,
1209749,18,2026-10-04,1438,38776,,
1209749,19,2026-10-04,1438,38776,,
1209749,20,2026-10-04,1438,38776,,
1209749,38,2026-10-04,1438,38776,,
1216141,27,2026-10-28,2765,23600,,
1216141,27,2026-10-29,2765,23600,,
1216141,27,2026-10-30,2765,23600,,
1216141,27,2026-11-30,2768,23600,,
1216141,27,2026-12-01,2797,23600,,
1216141,27,2026-12-17,2765,23600,,
1216141,28,2026-10-28,2765,23600,,
1216141,28,2026-10-29,2765,23600,,
1216141,28,2026-10-30,2765,23600,,
1216141,28,2026-11-30,2768,23600,,
1216141,28,2026-12-01,2797,23600,,
1216141,28,2026-12-17,2765,23600,,
1226887,19,2026-12-17,1918,23600,,
1226887,20,2026-12-17,1918,23600,,
1226887,21,2026-12-17,1918,23600,,
1226887,22,2026-12-17,1918,23600,,
1226887,39,2026-12-17,1918,23600,,
1226887,51,2026-12-17,1918,23600,,
1226887,83,2026-12-17,1918,23600,,
1229920,16,2026-09-18,1139,23600,,
1229920,52,2026-09-18,1139,23600,,
1231999,35,2026-12-17,2588,20000,,
1231999,35,2027-09-18,2585,20000,,
1231999,36,2026-12-17,2588,20000,,
1231999,36,2027-09-18,2585,20000,,
1231999,37,2026-12-17,2588,20000,,
1231999,37,2027-09-18,2585,20000,,
1242203,17,2026-12-17,3567,23600,,
1242203,18,2026-12-17,3567,23600,,
1242203,19,2026-12-17,3567,23600,,
1242203,20,2026-12-17,3567,23600,,
1242203,50,2026-12-17,3567,23600,,
1246851,17,2026-09-24,1702,23600,,
1246851,18,2026-09-24,1702,23600,,
1246851,19,2027-09-18,1929,23600,,
1246851,20,2027-09-18,1929,23600,,
1246851,50,2026-09-24,1702,23600,,
1267636,21,2027-09-18,2044,23600,,
1267636,22,2027-09-18,2044,23600,,
1267636,23,2027-09-18,2113,23600,,
1267636,24,2027-09-18,2113,23600,,
1267636,39,2027-09-18,2044,23600,,
1269686,23,2026-09-24,1657,23600,,
1269686,24,2026-09-24,1657,23600,,
1269686,40,2026-09-24,1657,23600,,
1291813,23,2026-09-24,2725,23600,,
1291813,24,2026-09-24,2725,23600,,
1291813,40,2026-09-24,2725,23600,,
1292171,21,2026-09-22,1277,23600,,
1292171,22,2026-09-22,1277,23600,,
1292171,27,2026-09-24,1571,23600,,
1292171,28,2026-09-24,1571,23600,,
1292171,39,2026-09-22,1277,23600,,
1292171,83,2026-09-22,1277,23600,,
1295755,23,2026-09-24,2197,23600,,
1295755,24,2026-09-24,2197,23600,,
1295755,40,2026-09-24,2197,23600,,
1298362,17,2026-09-24,1754,23600,,
1298362,18,2026-09-24,1754,23600,,
1298362,50,2026-09-24,1754,23600,,
1298362,87,2026-09-24,1754,23600,,
1319620,29,2026-09-22,1501,23600,,
1319620,30,2026-09-22,1501,23600,,
1319620,31,2026-09-22,1501,23600,,
1319620,57,2026-09-22,1501,23600,,
1319620,89,2026-09-22,1501,23600,,
1324743,23,2026-09-24,1750,27848,,
1324743,24,2026-09-24,1750,27848,,
1324743,40,2026-09-24,1750,27848,,
1326972,27,2026-09-24,1631,23600,,
1326972,28,2026-09-24,1631,23600,,
1326972,32,2026-09-24,1596,23600,,
1326972,33,2026-09-24,1596,23600,,
1326972,34,2026-09-24,1596,23600,,
1326972,58,2026-09-24,1596,23600,,
1373375,15,2026-09-24,1972,23600,,
1373375,38,2026-09-24,1972,23600,,
1379624,27,2027-09-18,3896,23600,,
1379624,28,2027-09-18,3896,23600,,
1386481,17,2026-09-24,1539,23600,,
1386481,18,2026-09-24,1539,23600,,
1386481,50,2026-09-24,1539,23600,,
1386481,87,2026-09-24,1539,23600,,
1396947,27,2026-12-17,3410,23600,,
1396947,27,2027-09-18,3409,23600,,
1396947,28,2026-12-17,3410,23600,,
1396947,28,2027-09-18,3409,23600,,
1396947,32,2026-12-17,3548,23600,,
1396947,32,2027-09-18,3547,23600,,
1396947,33,2026-12-17,3548,23600,,
1396947,33,2027-09-18,3547,23600,,
1396947,34,2026-12-17,3548,23600,,
1396947,34,2027-09-18,3547,23600,,
1396947,35,2027-09-18,3892,23600,,
1396947,36,2027-09-18,3892,23600,,
1399581,27,2027-09-18,1507,27848,,
1399581,28,2027-09-18,1507,27848,,
1414523,15,2026-09-24,1210,23600,,
1414523,16,2026-09-24,1279,23600,,
1414523,17,2026-09-24,1348,23600,,
1414523,18,2026-09-24,1348,23600,,
1414523,38,2026-09-24,1210,23600,,
1414523,50,2026-09-24,1348,23600,,
1414523,52,2026-09-24,1279,23600,,
1414523,76,2026-09-24,1210,23600,,
1431135,21,2027-09-18,1463,23600,,
1431135,22,2027-09-18,1463,23600,,
1431135,39,2027-09-18,1463,23600,,
1431135,83,2027-09-18,1463,23600,,
1437251,21,2027-09-18,1539,23600,,
1437251,22,2027-09-18,1539,23600,,
1437251,23,2027-09-18,1608,23600,,
1437251,24,2027-09-18,1608,23600,,
1437251,39,2027-09-18,1539,23600,,
1437251,40,2027-09-18,1608,23600,,
1437251,83,2027-09-18,1539,23600,,
1441289,23,2026-09-24,3154,23600,,
1441289,24,2026-09-24,3154,23600,,
1441289,29,2026-09-24,3154,23600,,
1441289,30,2026-09-24,3154,23600,,
1441289,31,2026-09-24,3154,23600,,
1441289,40,2026-09-24,3154,23600,,
1441289,57,2026-09-24,3154,23600,,
1441289,89,2026-09-24,3154,23600,,
1446075,27,2026-09-24,3278,23600,,
1446075,28,2026-09-24,3278,23600,,
1453534,25,2027-09-18,1860,23600,,
1453534,26,2027-09-18,1860,23600,,
1463190,17,2026-09-22,1243,23600,,
1463190,18,2026-09-22,1243,23600,,
1463190,50,2026-09-22,1243,23600,,
1463190,51,2026-09-22,1277,20000,,
1463190,87,2026-09-22,1243,20000,,
1472508,17,2026-09-24,1149,23600,,
1472508,18,2026-09-24,1149,23600,,
1472508,19,2026-09-24,1149,23600,,
1472508,20,2026-09-24,1149,23600,,
1472508,25,2026-09-24,1149,23600,,
1472508,26,2026-09-24,1149,23600,,
1472508,50,2026-09-24,1149,23600,,
1479075,21,2026-09-24,1899,23600,,
1479075,22,2026-09-24,1899,23600,,
1479075,23,2026-09-24,1899,23600,,
1479075,24,2026-09-24,1899,23600,,
1479075,39,2026-09-24,1899,23600,,
1479075,40,2026-09-24,1899,23600,,
1479075,83,2026-09-24,1899,23600,,
1483392,27,2026-09-24,2062,27848,,
1483392,28,2026-09-24,2062,27848,,
1483570,27,2026-09-24,1862,23600,,
1483570,28,2026-09-24,1862,23600,,
1484845,27,2027-09-18,2274,23600,,
1484845,28,2027-09-18,2274,23600,,
1484845,29,2026-09-24,2311,23600,,
1484845,30,2026-09-24,2311,23600,,
1484845,31,2026-09-24,2311,23600,,
1484845,32,2026-09-24,2449,23600,,
1484845,33,2026-09-24,2449,23600,,
1484845,34,2026-09-24,2449,23600,,
1484845,57,2026-09-24,2311,23600,,
1502048,17,2026-09-24,1860,27848,,
1502048,18,2026-09-24,1860,27848,,
1502048,50,2026-09-24,1860,27848,,
1507731,16,2026-12-17,1482,23600,,
1507731,52,2026-12-17,1482,23600,,
1508400,15,2026-09-24,1513,23600,,
1508400,38,2026-09-24,1513,23600,,
1508506,23,2026-09-21,1809,23600,,
1508506,24,2026-09-21,1809,23600,,
1508506,29,2026-09-21,1844,23600,,
1508506,30,2026-09-21,1844,23600,,
1508506,31,2026-09-21,1844,23600,,
1508506,40,2026-09-21,1809,23600,,
1508506,57,2026-09-21,1844,23600,,
1516017,21,2026-09-24,1718,23600,,
1516017,22,2026-09-24,1718,23600,,
1516017,39,2026-09-24,1718,23600,,
1516017,83,2026-09-24,1718,23600,,
1534876,16,2026-09-24,1340,23600,,
1534876,17,2026-09-24,1340,23600,,
1534876,18,2026-09-24,1340,23600,,
1534876,19,2026-09-24,1409,23600,,
1534876,20,2026-09-24,1409,23600,,
1534876,50,2026-09-24,1340,23600,,
1534876,52,2026-09-24,1340,23600,,
1541487,17,2026-09-24,1491,20000,,
1541487,18,2026-09-24,1491,20000,,
1541487,50,2026-09-24,1491,20000,,
1547096,25,2027-09-18,1734,20000,,
1547096,26,2027-09-18,1734,20000,,
1553264,17,2026-09-24,1607,23600,,
1553264,18,2026-09-24,1607,23600,,
1553264,50,2026-09-24,1607,23600,,
1553264,87,2026-09-24,1607,23600,,
1556414,17,2027-09-18,1419,20000,,
1556414,18,2027-09-18,1419,20000,,
1556414,50,2027-09-18,1419,20000,,
1581295,35,2027-08-21,2108,27848,,
1581295,35,2027-08-22,2108,27848,,
1581295,35,2027-08-27,2108,27848,,
1581295,35,2027-08-28,2108,27848,,
1581295,35,2027-08-29,2108,27848,,
1581295,35,2027-08-30,2108,27848,,
1581295,35,2027-08-31,2108,27848,,
1581295,36,2027-08-21,2108,27848,,
1581295,36,2027-08-22,2108,27848,,
1581295,36,2027-08-27,2108,27848,,
1581295,36,2027-08-28,2108,27848,,
1581295,36,2027-08-29,2108,27848,,
1581295,36,2027-08-30,2108,27848,,
1581295,36,2027-08-31,2108,27848,,
1581295,45,2027-08-21,2142,27848,,
1581295,45,2027-08-22,2142,27848,,
1581295,45,2027-08-27,2142,27848,,
1581295,45,2027-08-28,2142,27848,,
1581295,45,2027-08-29,2142,27848,,
1581295,45,2027-08-30,2142,27848,,
1581295,45,2027-08-31,2142,27848,,
1581295,46,2027-08-21,2142,27848,,
1581295,46,2027-08-22,2142,27848,,
1581295,46,2027-08-27,2142,27848,,
1581295,46,2027-08-28,2142,27848,,
1581295,46,2027-08-29,2142,27848,,
1581295,46,2027-08-30,2142,27848,,
1581295,46,2027-08-31,2142,27848,,
1581295,56,2027-08-21,2142,27848,,
1581295,56,2027-08-22,2142,27848,,
1581295,56,2027-08-27,2142,27848,,
1581295,56,2027-08-28,2142,27848,,
1581295,56,2027-08-29,2142,27848,,
1581295,56,2027-08-30,2142,27848,,
1581295,56,2027-08-31,2142,27848,,
1591753,19,2026-09-24,1767,23600,,
1591753,20,2026-09-24,1767,23600,,
1591753,21,2026-09-24,1698,23600,,
1591753,22,2026-09-24,1698,23600,,
1591753,39,2026-09-24,1698,23600,,
1591753,83,2026-09-24,1698,23600,,
1593867,21,2027-09-18,1837,23600,,
1593867,22,2027-09-18,1837,23600,,
1593867,39,2027-09-18,1837,23600,,
1596742,23,2026-09-24,1663,23600,,
1596742,24,2026-09-24,1663,23600,,
1596742,40,2026-09-24,1663,23600,,
1597119,25,2027-09-18,1837,23600,,
1597119,26,2027-09-18,1837,23600,,
1597144,21,2026-09-19,1411,23600,,
1597144,22,2026-09-19,1411,23600,,
1597144,39,2026-09-19,1411,23600,,
1603145,27,2026-09-27,1955,23600,,
1603145,28,2026-09-27,1955,23600,,
1604662,29,2026-10-03,2829,20000,,
1604662,30,2026-10-03,2829,20000,,
1604662,31,2026-10-03,2829,20000,,
1604662,32,2026-10-03,2829,20000,,
1604662,33,2026-10-03,2829,20000,,
1604662,34,2026-10-03,2829,20000,,
1604662,57,2026-10-03,2829,20000,,
1614818,17,2026-09-24,1573,20000,,
1614818,18,2026-09-24,1573,20000,,
1614818,50,2026-09-24,1573,20000,,
1619452,21,2026-09-24,1611,23600,,
1619452,22,2026-09-24,1611,23600,,
1619452,39,2026-09-24,1611,23600,,
1619452,83,2026-09-24,1611,23600,,
1675415,17,2026-09-24,4286,20000,,
1675415,18,2026-09-24,4286,20000,,
1675415,19,2026-09-24,4286,20000,,
1675415,20,2026-09-24,4286,20000,,
1675415,50,2026-09-24,4286,20000,,
1675415,51,2026-09-24,4286,20000,,
1675415,87,2026-09-24,4286,20000,,
1702720,27,2026-12-17,3331,23600,,
1702720,28,2026-12-17,3331,23600,,
1702720,32,2026-12-17,3193,23600,,
1702720,33,2026-12-17,3193,23600,,
1702720,34,2026-12-17,3193,23600,,
1755459,15,2026-09-24,1562,23600,,
1755459,16,2026-09-24,1649,23600,,
1755459,35,2026-09-24,2822,23600,,
1755459,36,2026-09-24,2822,23600,,
1755459,38,2026-09-24,1562,23600,,
1755459,52,2026-09-24,1649,23600,,
1755459,76,2026-09-24,1562,23600,,
1767649,21,2026-09-24,1886,23600,,
1767649,22,2026-09-24,1886,23600,,
1767649,23,2026-09-24,1886,23600,,
1767649,24,2026-09-24,1886,23600,,
1767649,39,2026-09-24,1886,23600,,
1767649,40,2026-09-24,1886,23600,,
1767649,83,2026-09-24,1886,23600,,
1868924,21,2026-09-24,2198,23600,,
1868924,22,2026-09-24,2198,23600,,
1868924,23,2026-09-24,2319,23600,,
1868924,24,2026-09-24,2319,23600,,
1868924,39,2026-09-24,2198,23600,,
1873520,25,2026-09-27,1650,23600,,
1873520,26,2026-09-27,1650,23600,,
1884844,27,2026-09-22,1927,23600,,
1884844,27,2026-09-23,1927,23600,,
1884844,28,2026-09-22,1927,23600,,
1884844,28,2026-09-23,1927,23600,,
1912757,17,2026-12-01,1283,23600,,
1912757,17,2026-12-07,1283,23600,,
1912757,17,2026-12-08,1283,23600,,
1912757,17,2026-12-09,1283,23600,,
1912757,17,2026-12-10,1283,23600,,
1912757,17,2026-12-13,1283,23600,,
1912757,17,2026-12-14,1283,23600,,
1912757,17,2026-12-15,1283,23600,,
1912757,17,2026-12-16,1283,23600,,
1912757,18,2026-12-01,1283,23600,,
1912757,18,2026-12-07,1283,23600,,
1912757,18,2026-12-08,1283,23600,,
1912757,18,2026-12-09,1283,23600,,
1912757,18,2026-12-10,1283,23600,,
1912757,18,2026-12-13,1283,23600,,
1912757,18,2026-12-14,1283,23600,,
1912757,18,2026-12-15,1283,23600,,
1912757,18,2026-12-16,1283,23600,,
1912757,19,2026-12-01,1283,23600,,
1912757,19,2026-12-07,1283,23600,,
1912757,19,2026-12-08,1283,23600,,
1912757,19,2026-12-09,1283,23600,,
1912757,19,2026-12-10,1283,23600,,
1912757,19,2026-12-13,1283,23600,,
1912757,19,2026-12-14,1283,23600,,
1912757,19,2026-12-15,1283,23600,,
1912757,19,2026-12-16,1283,23600,,
1912757,20,2026-12-01,1283,23600,,
1912757,20,2026-12-07,1283,23600,,
1912757,20,2026-12-08,1283,23600,,
1912757,20,2026-12-09,1283,23600,,
1912757,20,2026-12-10,1283,23600,,
1912757,20,2026-12-13,1283,23600,,
1912757,20,2026-12-14,1283,23600,,
1912757,20,2026-12-15,1283,23600,,
1912757,20,2026-12-16,1283,23600,,
1912757,50,2026-12-01,1283,23600,,
1912757,50,2026-12-07,1283,23600,,
1912757,50,2026-12-08,1283,23600,,
1912757,50,2026-12-09,1283,23600,,
1912757,50,2026-12-10,1283,23600,,
1912757,50,2026-12-13,1283,23600,,
1912757,50,2026-12-14,1283,23600,,
1912757,50,2026-12-15,1283,23600,,
1912757,50,2026-12-16,1283,23600,,
1914908,17,2026-10-04,1967,20000,,
1914908,17,2026-10-05,1967,20000,,
1914908,17,2026-10-06,1967,20000,,
1914908,17,2026-10-08,1967,20000,,
1914908,17,2026-10-09,1967,20000,,
1914908,17,2026-10-10,1967,20000,,
1914908,17,2026-10-11,1967,20000,,
1914908,17,2026-10-12,1967,20000,,
1914908,17,2026-10-13,1967,20000,,
1914908,17,2026-10-14,1967,20000,,
1914908,17,2026-10-15,1967,20000,,
1914908,17,2026-10-16,1967,20000,,
1914908,17,2026-10-17,1967,20000,,
1914908,17,2026-10-18,1967,20000,,
1914908,18,2026-10-04,1967,20000,,
1914908,18,2026-10-05,1967,20000,,
1914908,18,2026-10-06,1967,20000,,
1914908,18,2026-10-08,1967,20000,,
1914908,18,2026-10-09,1967,20000,,
1914908,18,2026-10-10,1967,20000,,
1914908,18,2026-10-11,1967,20000,,
1914908,18,2026-10-12,1967,20000,,
1914908,18,2026-10-13,1967,20000,,
1914908,18,2026-10-14,1967,20000,,
1914908,18,2026-10-15,1967,20000,,
1914908,18,2026-10-16,1967,20000,,
1914908,18,2026-10-17,1967,20000,,
1914908,18,2026-10-18,1967,20000,,
1914908,19,2026-10-04,1967,20000,,
1914908,19,2026-10-05,1967,20000,,
1914908,19,2026-10-06,1967,20000,,
1914908,19,2026-10-08,1967,20000,,
1914908,19,2026-10-09,1967,20000,,
1914908,19,2026-10-10,1967,20000,,
1914908,19,2026-10-11,1967,20000,,
1914908,19,2026-10-12,1967,20000,,
1914908,19,2026-10-13,1967,20000,,
1914908,19,2026-10-14,1967,20000,,
1914908,19,2026-10-15,1967,20000,,
1914908,19,2026-10-16,1967,20000,,
1914908,19,2026-10-17,1967,20000,,
1914908,19,2026-10-18,1967,20000,,
1914908,20,2026-10-04,1967,20000,,
1914908,20,2026-10-05,1967,20000,,
1914908,20,2026-10-06,1967,20000,,
1914908,20,2026-10-08,1967,20000,,
1914908,20,2026-10-09,1967,20000,,
1914908,20,2026-10-10,1967,20000,,
1914908,20,2026-10-11,1967,20000,,
1914908,20,2026-10-12,1967,20000,,
1914908,20,2026-10-13,1967,20000,,
1914908,20,2026-10-14,1967,20000,,
1914908,20,2026-10-15,1967,20000,,
1914908,20,2026-10-16,1967,20000,,
1914908,20,2026-10-17,1967,20000,,
1914908,20,2026-10-18,1967,20000,,
1914908,50,2026-10-04,1967,20000,,
1914908,50,2026-10-05,1967,20000,,
1914908,50,2026-10-06,1967,20000,,
1914908,50,2026-10-08,1967,20000,,
1914908,50,2026-10-09,1967,20000,,
1914908,50,2026-10-10,1967,20000,,
1914908,50,2026-10-11,1967,20000,,
1914908,50,2026-10-12,1967,20000,,
1914908,50,2026-10-13,1967,20000,,
1914908,50,2026-10-14,1967,20000,,
1914908,50,2026-10-15,1967,20000,,
1914908,50,2026-10-16,1967,20000,,
1914908,50,2026-10-17,1967,20000,,
1914908,50,2026-10-18,1967,20000,,
1929807,17,2026-09-24,1371,23600,,
1929807,18,2026-09-24,1371,23600,,
1929807,25,2026-09-24,1371,23600,,
1929807,26,2026-09-24,1371,23600,,
1929807,50,2026-09-24,1371,23600,,
2010498,15,2026-09-24,1528,23600,,
2010498,16,2026-09-24,1631,23600,,
2010498,38,2026-09-24,1528,23600,,
2011649,17,2026-09-24,1196,27848,,
2011649,18,2026-09-24,1196,27848,,
2011649,19,2026-09-24,1265,27848,,
2011649,20,2026-09-24,1265,27848,,
2011649,50,2026-09-24,1196,27848,,
2011692,32,2026-09-24,2117,20000,,
2011692,33,2026-09-24,2117,20000,,
2011692,34,2026-09-24,2117,20000,,
2018414,25,2026-10-09,2572,23600,,
2018414,25,2026-10-10,2572,23600,,
2018414,25,2026-10-11,2568,23600,,
2018414,26,2026-10-09,2572,23600,,
2018414,26,2026-10-10,2572,23600,,
2018414,26,2026-10-11,2568,23600,,
2018783,25,2026-09-22,1285,23600,,
2018783,25,2026-10-03,1661,23600,,
2018783,25,2026-10-16,1661,23600,,
2018783,25,2026-11-24,1573,23600,,
2018783,25,2026-11-25,1573,23600,,
2018783,25,2026-12-02,1573,23600,,
2018783,25,2026-12-03,1573,23600,,
2018783,25,2026-12-04,1573,23600,,
2018783,25,2026-12-05,1573,23600,,
2018783,25,2026-12-06,1573,23600,,
2018783,25,2026-12-11,1573,23600,,
2018783,25,2026-12-12,1573,23600,,
2018783,26,2026-09-22,1285,23600,,
2018783,26,2026-10-03,1661,23600,,
2018783,26,2026-10-16,1661,23600,,
2018783,26,2026-11-24,1573,23600,,
2018783,26,2026-11-25,1573,23600,,
2018783,26,2026-12-02,1573,23600,,
2018783,26,2026-12-03,1573,23600,,
2018783,26,2026-12-04,1573,23600,,
2018783,26,2026-12-05,1573,23600,,
2018783,26,2026-12-06,1573,23600,,
2018783,26,2026-12-11,1573,23600,,
2018783,26,2026-12-12,1573,23600,,
2019978,17,2026-09-24,1717,20000,,
2019978,18,2026-09-24,1717,20000,,
2019978,25,2026-09-24,1717,20000,,
2019978,26,2026-09-24,1717,20000,,
2019978,50,2026-09-24,1717,20000,,
2024299,17,2026-12-17,2088,23600,,
2024299,18,2026-12-17,2088,23600,,
2024299,19,2026-12-17,2088,23600,,
2024299,20,2026-12-17,2088,23600,,
2024299,50,2026-12-17,2088,23600,,
2024578,23,2026-11-17,1760,20000,,
2024578,23,2027-09-18,1760,20000,,
2024578,24,2026-11-17,1760,20000,,
2024578,24,2027-09-18,1760,20000,,
2026607,23,2026-12-17,2461,20000,,
2026607,24,2026-12-17,2461,20000,,
2026607,29,2026-12-17,2461,20000,,
2026607,30,2026-12-17,2461,20000,,
2026607,31,2026-12-17,2461,20000,,
2026607,32,2026-12-17,2599,20000,,
2026607,33,2026-12-17,2599,20000,,
2026607,34,2026-12-17,2599,20000,,
2026607,40,2026-12-17,2461,20000,,
2026607,57,2026-12-17,2461,20000,,
2026607,58,2026-12-17,2599,20000,,
2026607,89,2026-12-17,2461,20000,,
2033589,17,2027-09-18,2381,23600,,
2033589,18,2027-09-18,2381,23600,,
2033589,19,2027-09-18,2450,23600,,
2033589,20,2027-09-18,2450,23600,,
2033589,21,2027-09-18,2381,23600,,
2033589,22,2027-09-18,2381,23600,,
2033589,23,2027-09-18,2519,23600,,
2033589,24,2027-09-18,2519,23600,,
2033589,39,2027-09-18,2381,23600,,
2033589,40,2027-09-18,2519,23600,,
2033589,50,2027-09-18,2381,23600,,
2033589,83,2027-09-18,2381,23600,,
2046776,17,2026-09-24,1287,23600,,
2046776,18,2026-09-24,1287,23600,,
2046776,50,2026-09-24,1287,23600,,
2046776,87,2026-09-24,1287,23600,,
2051467,19,2026-11-17,1114,20000,,
2051467,20,2026-11-17,1114,20000,,
2051467,25,2026-09-27,1392,20000,,
2051467,25,2026-11-17,1390,20000,,
2051467,26,2026-09-27,1392,20000,,
2051467,26,2026-11-17,1390,20000,,
2051467,51,2026-11-17,1114,20000,,
2053245,23,2027-09-18,1608,23600,,
2053245,24,2027-09-18,1608,23600,,
2053245,40,2027-09-18,1608,23600,,
2059540,21,2026-09-24,1673,23600,,
2059540,22,2026-09-24,1673,23600,,
2059540,27,2026-09-24,1673,23600,,
2059540,28,2026-09-24,1673,23600,,
2059540,39,2026-09-24,1673,23600,,
2061639,17,2026-09-24,1215,23600,,
2061639,18,2026-09-24,1215,23600,,
2061639,50,2026-09-24,1215,23600,,
2066561,23,2026-10-02,2269,27848,,
2066561,23,2026-10-03,2269,27848,,
2066561,24,2026-10-02,2269,27848,,
2066561,24,2026-10-03,2269,27848,,
2066561,32,2026-10-04,2702,27848,,
2066561,33,2026-10-04,2702,27848,,
2066561,34,2026-10-04,2702,27848,,
2066561,40,2026-10-02,2269,27848,,
2066561,40,2026-10-03,2269,27848,,
2066561,42,2026-10-04,2702,27848,,
2066561,42,2026-12-17,3676,27848,,
2066561,43,2026-10-04,2702,27848,,
2066561,43,2026-12-17,3676,27848,,
2066561,47,2026-10-04,2702,27848,,
2066561,48,2026-10-04,2702,27848,,
2071014,17,2026-09-24,1328,23600,,
2071014,18,2026-09-24,1328,23600,,
2089527,15,2026-09-24,1328,23600,,
2089527,38,2026-09-24,1328,23600,,
2317284,17,2026-09-25,1370,20000,,
2317284,17,2026-09-26,1370,20000,,
2317284,17,2026-09-27,1370,20000,,
2317284,17,2026-09-28,1370,20000,,
2317284,17,2026-09-29,1370,20000,,
2317284,17,2026-09-30,1370,20000,,
2317284,17,2026-10-01,1370,20000,,
2317284,17,2026-10-02,1370,20000,,
2317284,17,2026-10-03,1370,20000,,
2317284,17,2026-10-04,1370,20000,,
2317284,17,2026-10-05,1370,20000,,
2317284,17,2026-10-06,1370,20000,,
2317284,17,2026-10-07,1370,20000,,
2317284,17,2026-10-08,1370,20000,,
2317284,17,2026-10-09,1370,20000,,
2317284,17,2026-10-10,1370,20000,,
2317284,17,2026-10-11,1370,20000,,
2317284,17,2026-10-12,1370,20000,,
2317284,17,2026-10-13,1370,20000,,
2317284,17,2026-10-14,1370,20000,,
2317284,17,2026-10-15,1370,20000,,
2317284,17,2026-10-16,1370,20000,,
2317284,17,2026-10-17,1370,20000,,
2317284,17,2026-10-18,1370,20000,,
2317284,18,2026-09-25,1370,20000,,
2317284,18,2026-09-26,1370,20000,,
2317284,18,2026-09-27,1370,20000,,
2317284,18,2026-09-28,1370,20000,,
2317284,18,2026-09-29,1370,20000,,
2317284,18,2026-09-30,1370,20000,,
2317284,18,2026-10-01,1370,20000,,
2317284,18,2026-10-02,1370,20000,,
2317284,18,2026-10-03,1370,20000,,
2317284,18,2026-10-04,1370,20000,,
2317284,18,2026-10-05,1370,20000,,
2317284,18,2026-10-06,1370,20000,,
2317284,18,2026-10-07,1370,20000,,
2317284,18,2026-10-08,1370,20000,,
2317284,18,2026-10-09,1370,20000,,
2317284,18,2026-10-10,1370,20000,,
2317284,18,2026-10-11,1370,20000,,
2317284,18,2026-10-12,1370,20000,,
2317284,18,2026-10-13,1370,20000,,
2317284,18,2026-10-14,1370,20000,,
2317284,18,2026-10-15,1370,20000,,
2317284,18,2026-10-16,1370,20000,,
2317284,18,2026-10-17,1370,20000,,
2317284,18,2026-10-18,1370,20000,,
2317284,19,2026-09-25,1370,20000,,
2317284,19,2026-09-26,1370,20000,,
2317284,19,2026-09-27,1370,20000,,
2317284,19,2026-09-28,1370,20000,,
2317284,19,2026-09-29,1370,20000,,
2317284,19,2026-09-30,1370,20000,,
2317284,19,2026-10-01,1370,20000,,
2317284,19,2026-10-02,1370,20000,,
2317284,19,2026-10-03,1370,20000,,
2317284,19,2026-10-04,1370,20000,,
2317284,19,2026-10-05,1370,20000,,
2317284,19,2026-10-06,1370,20000,,
2317284,19,2026-10-07,1370,20000,,
2317284,19,2026-10-08,1370,20000,,
2317284,19,2026-10-09,1370,20000,,
2317284,19,2026-10-10,1370,20000,,
2317284,19,2026-10-11,1370,20000,,
2317284,19,2026-10-12,1370,20000,,
2317284,19,2026-10-13,1370,20000,,
2317284,19,2026-10-14,1370,20000,,
2317284,19,2026-10-15,1370,20000,,
2317284,19,2026-10-16,1370,20000,,
2317284,19,2026-10-17,1370,20000,,
2317284,19,2026-10-18,1370,20000,,
2317284,20,2026-09-25,1370,20000,,
2317284,20,2026-09-26,1370,20000,,
2317284,20,2026-09-27,1370,20000,,
2317284,20,2026-09-28,1370,20000,,
2317284,20,2026-09-29,1370,20000,,
2317284,20,2026-09-30,1370,20000,,
2317284,20,2026-10-01,1370,20000,,
2317284,20,2026-10-02,1370,20000,,
2317284,20,2026-10-03,1370,20000,,
2317284,20,2026-10-04,1370,20000,,
2317284,20,2026-10-05,1370,20000,,
2317284,20,2026-10-06,1370,20000,,
2317284,20,2026-10-07,1370,20000,,
2317284,20,2026-10-08,1370,20000,,
2317284,20,2026-10-09,1370,20000,,
2317284,20,2026-10-10,1370,20000,,
2317284,20,2026-10-11,1370,20000,,
2317284,20,2026-10-12,1370,20000,,
2317284,20,2026-10-13,1370,20000,,
2317284,20,2026-10-14,1370,20000,,
2317284,20,2026-10-15,1370,20000,,
2317284,20,2026-10-16,1370,20000,,
2317284,20,2026-10-17,1370,20000,,
2317284,20,2026-10-18,1370,20000,,
2317284,50,2026-09-25,1370,20000,,
2317284,50,2026-09-26,1370,20000,,
2317284,50,2026-09-27,1370,20000,,
2317284,50,2026-09-28,1370,20000,,
2317284,50,2026-09-29,1370,20000,,
2317284,50,2026-09-30,1370,20000,,
2317284,50,2026-10-01,1370,20000,,
2317284,50,2026-10-02,1370,20000,,
2317284,50,2026-10-03,1370,20000,,
2317284,50,2026-10-04,1370,20000,,
2317284,50,2026-10-05,1370,20000,,
2317284,50,2026-10-06,1370,20000,,
2317284,50,2026-10-07,1370,20000,,
2317284,50,2026-10-08,1370,20000,,
2317284,50,2026-10-09,1370,20000,,
2317284,50,2026-10-10,1370,20000,,
2317284,50,2026-10-11,1370,20000,,
2317284,50,2026-10-12,1370,20000,,
2317284,50,2026-10-13,1370,20000,,
2317284,50,2026-10-14,1370,20000,,
2317284,50,2026-10-15,1370,20000,,
2317284,50,2026-10-16,1370,20000,,
2317284,50,2026-10-17,1370,20000,,
2317284,50,2026-10-18,1370,20000,,
3001712,21,2026-09-19,1414,23600,,
3001712,22,2026-09-19,1414,23600,,
3001712,39,2026-09-19,1414,23600,,
3001712,83,2026-09-19,1414,23600,,
3006134,21,2026-12-17,1617,23600,,
3006134,22,2026-12-17,1617,23600,,
3006134,39,2026-12-17,1617,23600,,
3006134,83,2026-12-17,1617,23600,,
3721182,25,2026-12-17,1603,23600,,
3721182,25,2027-09-18,1603,23600,,
3721182,26,2026-12-17,1603,23600,,
3721182,26,2027-09-18,1603,23600,,
4476459,35,2026-12-17,3200,23600,,
4476459,36,2026-12-17,3200,23600,,
6141453,17,2026-10-04,2067,23600,,
6141453,18,2026-10-04,2067,23600,,
6141453,19,2026-10-04,2067,23600,,
9772256,25,2026-09-24,3612,23600,,
9772256,26,2026-09-24,3612,23600,,
0003211,15,2026-09-24,1336,23600,,
0003211,38,2026-09-24,1336,23600,,
0262017,32,2026-09-24,1647,23600,,
0262017,33,2026-09-24,1647,23600,,
0262017,34,2026-09-24,1647,23600,,
0262502,23,2026-09-24,2186,23600,,
0262502,24,2026-09-24,2186,23600,,
0262502,40,2026-09-24,2186,23600,,
1075048,29,2026-12-17,1719,23600,,
1075048,30,2026-12-17,1719,23600,,
1075048,31,2026-12-17,1719,23600,,
1075048,57,2026-12-17,1719,23600,,
1107176,21,2026-09-24,1272,23600,,
1107176,22,2026-09-24,1272,23600,,
1107176,39,2026-09-24,1272,23600,,
1131021,15,2026-10-23,1369,20000,,
1131021,15,2026-10-24,1369,20000,,
1131021,15,2026-10-25,1369,20000,,
1131021,15,2026-10-30,1369,20000,,
1131021,15,2026-10-31,1369,20000,,
1131021,38,2026-10-23,1369,20000,,
1131021,38,2026-10-24,1369,20000,,
1131021,38,2026-10-25,1369,20000,,
1131021,38,2026-10-30,1369,20000,,
1131021,38,2026-10-31,1369,20000,,
1165642,17,2026-12-17,1757,23600,,
1165642,18,2026-12-17,1757,23600,,
1165642,19,2026-12-17,1929,23600,,
1165642,20,2026-12-17,1929,23600,,
1165642,50,2026-12-17,1757,23600,,
1166122,21,2026-12-17,2048,23600,,
1166122,22,2026-12-17,2048,23600,,
1166122,23,2026-12-17,2048,23600,,
1166122,24,2026-12-17,2048,23600,,
1166122,39,2026-12-17,2048,23600,,
1166122,40,2026-12-17,2048,23600,,
1166122,83,2026-12-17,2048,23600,,
1204840,27,2026-10-04,1795,27848,,
1204840,28,2026-10-04,1795,27848,,
1204840,45,2026-10-04,1795,27848,,
1204840,46,2026-10-04,1795,27848,,
1206897,15,2026-09-21,1194,23600,,
1206897,16,2026-09-21,1194,23600,,
1206897,38,2026-09-21,1194,23600,,
1208576,21,2026-10-02,1682,20000,,
1208576,21,2026-10-03,1682,20000,,
1208576,22,2026-10-02,1682,20000,,
1208576,22,2026-10-03,1682,20000,,
1208576,27,2026-10-02,1958,20000,,
1208576,27,2026-10-03,1958,20000,,
1208576,28,2026-10-02,1958,20000,,
1208576,28,2026-10-03,1958,20000,,
1208576,39,2026-10-02,1682,20000,,
1208576,39,2026-10-03,1682,20000,,
1208576,83,2026-10-02,1682,20000,,
1208576,83,2026-10-03,1682,20000,,
1216141,19,2026-12-01,2314,23600,,
1216141,20,2026-12-01,2314,23600,,
1216141,21,2026-12-01,2383,23600,,
1216141,22,2026-12-01,2383,23600,,
1216141,23,2026-11-30,2423,23600,,
1216141,23,2026-12-01,2452,23600,,
1216141,24,2026-11-30,2423,23600,,
1216141,24,2026-12-01,2452,23600,,
1216141,27,2026-10-19,2764,23600,,
1216141,27,2026-10-20,2764,23600,,
1216141,27,2026-10-21,2764,23600,,
1216141,27,2026-10-22,2764,23600,,
1216141,27,2026-10-23,2764,23600,,
1216141,27,2026-10-24,2764,23600,,
1216141,27,2026-10-26,2764,23600,,
1216141,27,2026-10-27,2764,23600,,
1216141,27,2026-10-31,2764,23600,,
1216141,27,2026-11-01,2764,23600,,
1216141,27,2026-11-02,2764,23600,,
1216141,27,2026-11-18,2764,23600,,
1216141,27,2026-11-19,2764,23600,,
1216141,27,2026-11-27,2764,23600,,
1216141,27,2026-11-28,2764,23600,,
1216141,27,2026-11-29,2764,23600,,
1216141,27,2026-12-07,2764,23600,,
1216141,27,2026-12-08,2764,23600,,
1216141,27,2026-12-09,2764,23600,,
1216141,27,2026-12-10,2764,23600,,
1216141,27,2026-12-13,2764,23600,,
1216141,27,2026-12-14,2764,23600,,
1216141,27,2026-12-15,2764,23600,,
1216141,27,2026-12-16,2764,23600,,
1216141,28,2026-10-19,2764,23600,,
1216141,28,2026-10-20,2764,23600,,
1216141,28,2026-10-21,2764,23600,,
1216141,28,2026-10-22,2764,23600,,
1216141,28,2026-10-23,2764,23600,,
1216141,28,2026-10-24,2764,23600,,
1216141,28,2026-10-26,2764,23600,,
1216141,28,2026-10-27,2764,23600,,
1216141,28,2026-10-31,2764,23600,,
1216141,28,2026-11-01,2764,23600,,
1216141,28,2026-11-02,2764,23600,,
1216141,28,2026-11-18,2764,23600,,
1216141,28,2026-11-19,2764,23600,,
1216141,28,2026-11-27,2764,23600,,
1216141,28,2026-11-28,2764,23600,,
1216141,28,2026-11-29,2764,23600,,
1216141,28,2026-12-07,2764,23600,,
1216141,28,2026-12-08,2764,23600,,
1216141,28,2026-12-09,2764,23600,,
1216141,28,2026-12-10,2764,23600,,
1216141,28,2026-12-13,2764,23600,,
1216141,28,2026-12-14,2764,23600,,
1216141,28,2026-12-15,2764,23600,,
1216141,28,2026-12-16,2764,23600,,
1216141,39,2026-12-01,2383,23600,,
1216141,40,2026-11-30,2423,23600,,
1216141,40,2026-12-01,2452,23600,,
1216141,83,2026-12-01,2383,23600,,
1219455,27,2027-09-18,2360,23600,,
1219455,28,2027-09-18,2360,23600,,
1226887,17,2026-12-17,1711,23600,,
1226887,18,2026-12-17,1711,23600,,
1226887,50,2026-12-17,1711,23600,,
1226887,87,2026-12-17,1711,23600,,
1229040,17,2026-09-27,1040,20000,,
1229040,18,2026-09-27,1040,20000,,
1229040,19,2026-09-27,1178,20000,,
1229040,20,2026-09-27,1178,20000,,
1229040,50,2026-09-27,1040,20000,,
1229040,51,2026-09-27,1178,20000,,
1229040,87,2026-09-27,1040,20000,,
1229920,42,2026-10-02,1795,23600,,
1229920,42,2026-10-03,1795,23600,,
1229920,43,2026-10-02,1795,23600,,
1229920,43,2026-10-03,1795,23600,,
1234388,27,2027-09-18,2514,27848,,
1234388,28,2027-09-18,2514,27848,,
1242203,15,2026-12-17,3360,23600,,
1242203,16,2026-12-17,3360,23600,,
1242203,38,2026-12-17,3360,23600,,
1242203,52,2026-12-17,3360,23600,,
1242203,76,2026-12-17,3360,23600,,
1246851,23,2027-09-18,2136,23600,,
1246851,24,2027-09-18,2136,23600,,
1246851,40,2027-09-18,2136,23600,,
1247300,25,2027-09-18,1653,23600,,
1247300,26,2027-09-18,1653,23600,,
1265433,27,2026-09-24,2326,23600,,
1265433,28,2026-09-24,2326,23600,,
1269686,21,2026-09-24,1554,23600,,
1269686,22,2026-09-24,1554,23600,,
1269686,39,2026-09-24,1554,23600,,
1269686,83,2026-09-24,1554,23600,,
1291813,29,2026-09-24,2656,23600,,
1291813,30,2026-09-24,2656,23600,,
1291813,31,2026-09-24,2656,23600,,
1291813,57,2026-09-24,2656,23600,,
1292171,32,2026-09-22,1587,23600,,
1292171,33,2026-09-22,1587,23600,,
1292171,34,2026-09-22,1587,23600,,
1295755,21,2026-09-24,2128,23600,,
1295755,22,2026-09-24,2128,23600,,
1295755,39,2026-09-24,2128,23600,,
1295755,83,2026-09-24,2128,23600,,
1299383,25,2027-09-18,1423,23600,,
1299383,26,2027-09-18,1423,23600,,
1307656,17,2026-09-27,1025,23600,,
1307656,18,2026-09-27,1025,23600,,
1307656,19,2026-09-27,1025,23600,,
1307656,20,2026-09-27,1025,23600,,
1307656,50,2026-09-27,1025,23600,,
1319620,23,2026-09-22,1363,23600,,
1319620,24,2026-09-22,1363,23600,,
1319620,35,2026-09-24,2053,23600,,
1319620,36,2026-09-24,2053,23600,,
1319620,37,2026-09-24,2053,23600,,
1324743,21,2026-09-24,1681,27848,,
1324743,22,2026-09-24,1681,27848,,
1324743,39,2026-09-24,1681,27848,,
1324743,83,2026-09-24,1681,27848,,
1326972,29,2026-09-24,1493,23600,,
1326972,30,2026-09-24,1493,23600,,
1326972,31,2026-09-24,1493,23600,,
1326972,57,2026-09-24,1493,23600,,
1326972,89,2026-09-24,1493,23600,,
1336968,25,2026-12-17,2258,20000,,
1336968,26,2026-12-17,2258,20000,,
1374088,32,2027-09-18,2757,23600,,
1374088,33,2027-09-18,2757,23600,,
1374088,34,2027-09-18,2757,23600,,
1396947,19,2026-12-17,3065,23600,,
1396947,19,2027-09-18,3064,23600,,
1396947,20,2026-12-17,3065,23600,,
1396947,20,2027-09-18,3064,23600,,
1396947,21,2026-12-17,2996,23600,,
1396947,21,2027-09-18,2995,23600,,
1396947,22,2026-12-17,2996,23600,,
1396947,22,2027-09-18,2995,23600,,
1396947,23,2026-12-17,3203,23600,,
1396947,23,2027-09-18,3202,23600,,
1396947,24,2026-12-17,3203,23600,,
1396947,24,2027-09-18,3202,23600,,
1396947,25,2026-12-17,3272,23600,,
1396947,25,2027-09-18,3271,23600,,
1396947,26,2026-12-17,3272,23600,,
1396947,26,2027-09-18,3271,23600,,
1396947,29,2026-12-17,3203,23600,,
1396947,29,2027-09-18,3202,23600,,
1396947,30,2026-12-17,3203,23600,,
1396947,30,2027-09-18,3202,23600,,
1396947,31,2026-12-17,3203,23600,,
1396947,31,2027-09-18,3202,23600,,
1396947,39,2026-12-17,2996,23600,,
1396947,39,2027-09-18,2995,23600,,
1396947,40,2026-12-17,3203,23600,,
1396947,40,2027-09-18,3202,23600,,
1396947,51,2026-12-17,3065,23600,,
1396947,51,2027-09-18,3064,23600,,
1396947,57,2026-12-17,3203,23600,,
1396947,57,2027-09-18,3202,23600,,
1396947,83,2026-12-17,2996,23600,,
1396947,83,2027-09-18,2995,23600,,
1431135,19,2027-09-18,1342,23600,,
1431135,20,2027-09-18,1342,23600,,
1441289,19,2026-09-24,2809,23600,,
1441289,20,2026-09-24,2809,23600,,
1441289,21,2026-09-24,2809,23600,,
1441289,22,2026-09-24,2809,23600,,
1441289,39,2026-09-24,2809,23600,,
1441289,51,2026-09-24,2809,23600,,
1441289,83,2026-09-24,2809,23600,,
1446075,25,2026-09-24,2933,23600,,
1446075,26,2026-09-24,2933,23600,,
1446075,29,2026-09-24,2761,23600,,
1446075,30,2026-09-24,2761,23600,,
1446075,31,2026-09-24,2761,23600,,
1446075,32,2026-09-24,2933,23600,,
1446075,33,2026-09-24,2933,23600,,
1446075,34,2026-09-24,2933,23600,,
1446075,57,2026-09-24,2761,23600,,
1446075,58,2026-09-24,2933,23600,,
1446075,89,2026-09-24,2761,23600,,
1462197,21,2027-09-18,1792,23600,,
1462197,22,2027-09-18,1792,23600,,
1462197,23,2027-09-18,1895,23600,,
1462197,24,2027-09-18,1895,23600,,
1462197,39,2027-09-18,1792,23600,,
1462197,40,2027-09-18,1895,23600,,
1462197,83,2027-09-18,1792,23600,,
1475870,27,2027-09-18,2381,23600,,
1475870,28,2027-09-18,2381,23600,,
1483392,25,2026-09-24,1855,27848,,
1483392,26,2026-09-24,1855,27848,,
1483392,32,2026-09-24,1993,27848,,
1483392,33,2026-09-24,1993,27848,,
1483392,34,2026-09-24,1993,27848,,
1483392,58,2026-09-24,1993,27848,,
1483392,90,2026-09-24,1993,27848,,
1483570,25,2026-09-24,1655,23600,,
1483570,26,2026-09-24,1655,23600,,
1484845,23,2026-09-24,2104,23600,,
1484845,24,2026-09-24,2104,23600,,
1484845,40,2026-09-24,2104,23600,,
1486131,78,2027-09-18,1492,23600,,
1501649,25,2027-09-18,1905,20000,,
1501649,26,2027-09-18,1905,20000,,
1506967,19,2026-09-24,1404,23600,,
1506967,21,2026-09-24,1404,23600,,
1506967,22,2026-09-24,1404,23600,,
1506967,23,2026-09-24,1473,23600,,
1506967,24,2026-09-24,1473,23600,,
1506967,29,2026-09-24,1473,23600,,
1506967,30,2026-09-24,1473,23600,,
1506967,31,2026-09-24,1473,23600,,
1506967,32,2026-09-24,1542,23600,,
1506967,33,2026-09-24,1542,23600,,
1506967,34,2026-09-24,1542,23600,,
1506967,39,2026-09-24,1404,23600,,
1506967,40,2026-09-24,1473,23600,,
1506967,57,2026-09-24,1473,23600,,
1506967,83,2026-09-24,1404,23600,,
1508506,21,2026-09-21,1637,23600,,
1508506,22,2026-09-21,1637,23600,,
1508506,39,2026-09-21,1637,23600,,
1508506,83,2026-09-21,1637,23600,,
1534876,15,2026-09-24,1271,23600,,
1534876,38,2026-09-24,1271,23600,,
1534876,76,2026-09-24,1271,23600,,
1552629,29,2026-09-24,2632,23600,,
1552629,30,2026-09-24,2632,23600,,
1552629,31,2026-09-24,2632,23600,,
1552629,32,2026-09-24,2839,23600,,
1552629,33,2026-09-24,2839,23600,,
1552629,34,2026-09-24,2839,23600,,
1552629,57,2026-09-24,2632,23600,,
1581295,29,2026-12-17,2055,27848,,
1581295,30,2026-12-17,2055,27848,,
1581295,31,2026-12-17,2055,27848,,
1581295,35,2026-12-17,2400,27848,,
1581295,36,2026-12-17,2400,27848,,
1591753,17,2026-09-24,1560,23600,,
1591753,18,2026-09-24,1560,23600,,
1591753,50,2026-09-24,1560,23600,,
1593249,16,2026-12-17,1767,20000,,
1593867,17,2027-09-18,1630,23600,,
1593867,18,2027-09-18,1630,23600,,
1593867,19,2027-09-18,1768,23600,,
1593867,20,2027-09-18,1768,23600,,
1593867,23,2027-09-18,2044,23600,,
1593867,24,2027-09-18,2044,23600,,
1593867,50,2027-09-18,1630,23600,,
1595502,35,2026-12-17,2495,23600,,
1595502,36,2026-12-17,2495,23600,,
1596742,21,2026-09-24,1560,23600,,
1596742,22,2026-09-24,1560,23600,,
1596742,39,2026-09-24,1560,23600,,
1596742,83,2026-09-24,1560,23600,,
1597144,17,2026-09-19,1314,23600,,
1597144,18,2026-09-19,1314,23600,,
1597144,50,2026-09-19,1314,23600,,
1603145,23,2026-09-27,1610,23600,,
1603145,24,2026-09-27,1610,23600,,
1603145,40,2026-09-27,1610,23600,,
1604662,35,2026-10-04,3161,20000,,
1604662,36,2026-10-04,3161,20000,,
1619452,19,2026-09-24,1404,23600,,
1619452,20,2026-09-24,1404,23600,,
1755459,27,2026-09-24,2477,23600,,
1755459,28,2026-09-24,2477,23600,,
1755459,29,2026-09-24,2390,23600,,
1755459,30,2026-09-24,2390,23600,,
1755459,31,2026-09-24,2390,23600,,
1755459,32,2026-09-24,2477,23600,,
1755459,33,2026-09-24,2477,23600,,
1755459,34,2026-09-24,2477,23600,,
1755459,57,2026-09-24,2390,23600,,
1868924,19,2026-09-24,2094,23600,,
1868924,20,2026-09-24,2094,23600,,
1884844,23,2026-09-22,1582,23600,,
1884844,23,2026-09-23,1582,23600,,
1884844,24,2026-09-22,1582,23600,,
1884844,24,2026-09-23,1582,23600,,
1884844,25,2026-09-22,1582,23600,,
1884844,25,2026-09-23,1582,23600,,
1884844,26,2026-09-22,1582,23600,,
1884844,26,2026-09-23,1582,23600,,
2011649,32,2027-09-18,1735,27848,,
2011649,33,2027-09-18,1735,27848,,
2011649,34,2027-09-18,1735,27848,,
2011649,35,2027-09-18,2114,27848,,
2011649,36,2027-09-18,2114,27848,,
2011649,37,2027-09-18,2114,27848,,
2011649,42,2027-09-18,2494,27848,,
2011649,43,2027-09-18,2494,27848,,
2011649,58,2027-09-18,1735,27848,,
2011692,21,2026-09-24,1806,20000,,
2011692,22,2026-09-24,1806,20000,,
2011692,23,2026-09-24,1944,20000,,
2011692,24,2026-09-24,1944,20000,,
2011692,29,2026-09-24,1979,20000,,
2011692,30,2026-09-24,1979,20000,,
2011692,31,2026-09-24,1979,20000,,
2011692,39,2026-09-24,1806,20000,,
2011692,40,2026-09-24,1944,20000,,
2011692,57,2026-09-24,1979,20000,,
2011692,83,2026-09-24,1806,20000,,
2016749,25,2026-12-17,1919,23600,,
2016749,26,2026-12-17,1919,23600,,
2018414,25,2026-10-04,2560,23600,,
2018414,25,2026-10-05,2560,23600,,
2018414,25,2026-10-06,2560,23600,,
2018414,25,2026-10-07,2560,23600,,
2018414,25,2026-10-08,2564,23600,,
2018414,25,2026-10-12,2564,23600,,
2018414,25,2026-10-13,2564,23600,,
2018414,25,2026-10-14,2564,23600,,
2018414,25,2026-10-15,2560,23600,,
2018414,25,2026-10-17,2564,23600,,
2018414,25,2026-10-18,2564,23600,,
2018414,26,2026-10-04,2560,23600,,
2018414,26,2026-10-05,2560,23600,,
2018414,26,2026-10-06,2560,23600,,
2018414,26,2026-10-07,2560,23600,,
2018414,26,2026-10-08,2564,23600,,
2018414,26,2026-10-12,2564,23600,,
2018414,26,2026-10-13,2564,23600,,
2018414,26,2026-10-14,2564,23600,,
2018414,26,2026-10-15,2560,23600,,
2018414,26,2026-10-17,2564,23600,,
2018414,26,2026-10-18,2564,23600,,
2018783,25,2026-10-01,1661,23600,,
2018783,26,2026-10-01,1661,23600,,
2026607,19,2026-12-17,2323,20000,,
2026607,20,2026-12-17,2323,20000,,
2026607,21,2026-12-17,2323,20000,,
2026607,22,2026-12-17,2323,20000,,
2026607,39,2026-12-17,2323,20000,,
2026607,83,2026-12-17,2323,20000,,
2066561,25,2026-10-04,1805,27848,,
2066561,26,2026-10-04,1805,27848,,
2066561,32,2026-10-02,2821,27848,,
2066561,32,2026-10-03,2821,27848,,
2066561,33,2026-10-02,2821,27848,,
2066561,33,2026-10-03,2821,27848,,
2066561,34,2026-10-02,2821,27848,,
2066561,34,2026-10-03,2821,27848,,
3009824,17,2026-10-04,1091,23600,,
3009824,17,2026-10-05,1091,23600,,
3009824,17,2026-10-06,1091,23600,,
3009824,17,2026-10-07,1091,23600,,
3009824,17,2026-10-08,1091,23600,,
3009824,17,2026-10-09,1091,23600,,
3009824,17,2026-10-10,1091,23600,,
3009824,17,2026-10-11,1091,23600,,
3009824,17,2026-10-12,1091,23600,,
3009824,17,2026-10-13,1091,23600,,
3009824,17,2026-10-14,1091,23600,,
3009824,17,2026-10-15,1091,23600,,
3009824,17,2026-10-16,1091,23600,,
3009824,17,2026-10-17,1091,23600,,
3009824,17,2026-10-18,1091,23600,,
3009824,18,2026-10-04,1091,23600,,
3009824,18,2026-10-05,1091,23600,,
3009824,18,2026-10-06,1091,23600,,
3009824,18,2026-10-07,1091,23600,,
3009824,18,2026-10-08,1091,23600,,
3009824,18,2026-10-09,1091,23600,,
3009824,18,2026-10-10,1091,23600,,
3009824,18,2026-10-11,1091,23600,,
3009824,18,2026-10-12,1091,23600,,
3009824,18,2026-10-13,1091,23600,,
3009824,18,2026-10-14,1091,23600,,
3009824,18,2026-10-15,1091,23600,,
3009824,18,2026-10-16,1091,23600,,
3009824,18,2026-10-17,1091,23600,,
3009824,18,2026-10-18,1091,23600,,
3009824,19,2026-10-04,1091,23600,,
3009824,19,2026-10-05,1091,23600,,
3009824,19,2026-10-06,1091,23600,,
3009824,19,2026-10-07,1091,23600,,
3009824,19,2026-10-08,1091,23600,,
3009824,19,2026-10-09,1091,23600,,
3009824,19,2026-10-10,1091,23600,,
3009824,19,2026-10-11,1091,23600,,
3009824,19,2026-10-12,1091,23600,,
3009824,19,2026-10-13,1091,23600,,
3009824,19,2026-10-14,1091,23600,,
3009824,19,2026-10-15,1091,23600,,
3009824,19,2026-10-16,1091,23600,,
3009824,19,2026-10-17,1091,23600,,
3009824,19,2026-10-18,1091,23600,,
3009824,20,2026-10-04,1091,23600,,
3009824,20,2026-10-05,1091,23600,,
3009824,20,2026-10-06,1091,23600,,
3009824,20,2026-10-07,1091,23600,,
3009824,20,2026-10-08,1091,23600,,
3009824,20,2026-10-09,1091,23600,,
3009824,20,2026-10-10,1091,23600,,
3009824,20,2026-10-11,1091,23600,,
3009824,20,2026-10-12,1091,23600,,
3009824,20,2026-10-13,1091,23600,,
3009824,20,2026-10-14,1091,23600,,
3009824,20,2026-10-15,1091,23600,,
3009824,20,2026-10-16,1091,23600,,
3009824,20,2026-10-17,1091,23600,,
3009824,20,2026-10-18,1091,23600,,
3009824,50,2026-10-04,1091,23600,,
3009824,50,2026-10-05,1091,23600,,
3009824,50,2026-10-06,1091,23600,,
3009824,50,2026-10-07,1091,23600,,
3009824,50,2026-10-08,1091,23600,,
3009824,50,2026-10-09,1091,23600,,
3009824,50,2026-10-10,1091,23600,,
3009824,50,2026-10-11,1091,23600,,
3009824,50,2026-10-12,1091,23600,,
3009824,50,2026-10-13,1091,23600,,
3009824,50,2026-10-14,1091,23600,,
3009824,50,2026-10-15,1091,23600,,
3009824,50,2026-10-16,1091,23600,,
3009824,50,2026-10-17,1091,23600,,
3009824,50,2026-10-18,1091,23600,,
4476459,35,2026-10-04,2954,23600,,
4476459,36,2026-10-04,2954,23600,,
5000022,19,2026-12-17,2321,20000,,
5000022,20,2026-12-17,2321,20000,,
6141453,27,2026-10-02,2600,23600,,
6141453,27,2026-10-03,2600,23600,,
6141453,27,2026-10-04,2481,23600,,
6141453,28,2026-10-02,2600,23600,,
6141453,28,2026-10-03,2600,23600,,
6141453,28,2026-10-04,2481,23600,,
6141453,29,2026-10-02,2600,23600,,
6141453,29,2026-10-03,2600,23600,,
6141453,29,2026-10-04,2481,23600,,
6141453,30,2026-10-02,2600,23600,,
6141453,30,2026-10-03,2600,23600,,
6141453,30,2026-10-04,2481,23600,,
6141453,31,2026-10-02,2600,23600,,
6141453,31,2026-10-03,2600,23600,,
6141453,31,2026-10-04,2481,23600,,
6141453,32,2026-10-02,2600,23600,,
6141453,32,2026-10-03,2600,23600,,
6141453,32,2026-10-04,2481,23600,,
6141453,33,2026-10-02,2600,23600,,
6141453,33,2026-10-03,2600,23600,,
6141453,33,2026-10-04,2481,23600,,
6141453,34,2026-10-02,2600,23600,,
6141453,34,2026-10-03,2600,23600,,
6141453,34,2026-10-04,2481,23600,,
6141453,57,2026-10-02,2600,23600,,
6141453,57,2026-10-03,2600,23600,,
6141453,57,2026-10-04,2481,23600,,
9772256,21,2026-09-24,2991,23600,,
9772256,22,2026-09-24,2991,23600,,
9772256,23,2026-09-24,2991,23600,,
9772256,24,2026-09-24,2991,23600,,
9772256,29,2027-09-18,4212,23600,,
9772256,30,2027-09-18,4212,23600,,
9772256,31,2027-09-18,4212,23600,,
9772256,32,2027-09-18,4212,23600,,
9772256,33,2027-09-18,4212,23600,,
9772256,34,2027-09-18,4212,23600,,
9772256,39,2026-09-24,2991,23600,,
9772256,40,2026-09-24,2991,23600,,
9772256,57,2027-09-18,4212,23600,,
9772256,58,2027-09-18,4212,23600,,
9772256,83,2026-09-24,2991,23600,,
9772256,89,2027-09-18,4212,23600,,
0262017,29,2026-09-24,1544,23600,,
0262017,30,2026-09-24,1544,23600,,
0262017,31,2026-09-24,1544,23600,,
0262017,57,2026-09-24,1544,23600,,
0262502,19,2026-09-24,1979,23600,,
0262502,21,2026-09-24,1979,23600,,
0262502,22,2026-09-24,1979,23600,,
0262502,39,2026-09-24,1979,23600,,
0262502,83,2026-09-24,1979,23600,,
1075048,23,2026-12-17,1581,23600,,
1075048,24,2026-12-17,1581,23600,,
1075048,40,2026-12-17,1581,23600,,
1126702,19,2026-10-04,2388,23600,,
1126702,20,2026-10-04,2388,23600,,
1126702,51,2026-10-04,2388,23600,,
1131021,23,2026-10-23,1645,20000,,
1131021,23,2026-10-24,1645,20000,,
1131021,23,2026-10-25,1645,20000,,
1131021,23,2026-10-30,1645,20000,,
1131021,23,2026-10-31,1645,20000,,
1131021,24,2026-10-23,1645,20000,,
1131021,24,2026-10-24,1645,20000,,
1131021,24,2026-10-25,1645,20000,,
1131021,24,2026-10-30,1645,20000,,
1131021,24,2026-10-31,1645,20000,,
1131021,40,2026-10-23,1645,20000,,
1131021,40,2026-10-24,1645,20000,,
1131021,40,2026-10-25,1645,20000,,
1131021,40,2026-10-30,1645,20000,,
1131021,40,2026-10-31,1645,20000,,
1165642,15,2026-12-17,1619,23600,,
1165642,38,2026-12-17,1619,23600,,
1204840,21,2026-12-17,2011,27848,,
1204840,22,2026-12-17,2011,27848,,
1204840,23,2026-12-17,2011,27848,,
1204840,24,2026-12-17,2011,27848,,
1204840,39,2026-12-17,2011,27848,,
1204840,78,2027-09-18,1148,27848,,
1204840,79,2027-09-18,1148,27848,,
1208576,23,2026-10-04,1682,20000,,
1208576,24,2026-10-04,1682,20000,,
1208576,40,2026-10-04,1682,20000,,
1215728,27,2027-09-18,4361,23600,,
1215728,28,2027-09-18,4361,23600,,
1215728,35,2027-09-18,4568,23600,,
1215728,36,2027-09-18,4568,23600,,
1215728,37,2027-09-18,4568,23600,,
1216141,17,2026-12-01,2176,23600,,
1216141,18,2026-12-01,2176,23600,,
1216141,19,2026-10-19,2281,23600,,
1216141,19,2026-10-20,2281,23600,,
1216141,19,2026-10-21,2281,23600,,
1216141,19,2026-10-22,2281,23600,,
1216141,19,2026-10-23,2281,23600,,
1216141,19,2026-10-24,2281,23600,,
1216141,19,2026-10-26,2281,23600,,
1216141,19,2026-10-27,2281,23600,,
1216141,19,2026-10-28,2282,23600,,
1216141,19,2026-10-29,2282,23600,,
1216141,19,2026-10-30,2282,23600,,
1216141,19,2026-10-31,2281,23600,,
1216141,19,2026-11-01,2281,23600,,
1216141,19,2026-11-02,2281,23600,,
1216141,19,2026-11-18,2281,23600,,
1216141,19,2026-11-19,2281,23600,,
1216141,19,2026-11-27,2281,23600,,
1216141,19,2026-11-28,2281,23600,,
1216141,19,2026-11-29,2281,23600,,
1216141,19,2026-11-30,2285,23600,,
1216141,19,2026-12-07,2281,23600,,
1216141,19,2026-12-08,2281,23600,,
1216141,19,2026-12-09,2281,23600,,
1216141,19,2026-12-10,2281,23600,,
1216141,19,2026-12-13,2281,23600,,
1216141,19,2026-12-14,2281,23600,,
1216141,19,2026-12-15,2281,23600,,
1216141,19,2026-12-16,2281,23600,,
1216141,19,2026-12-17,2282,23600,,
1216141,20,2026-10-19,2281,23600,,
1216141,20,2026-10-20,2281,23600,,
1216141,20,2026-10-21,2281,23600,,
1216141,20,2026-10-22,2281,23600,,
1216141,20,2026-10-23,2281,23600,,
1216141,20,2026-10-24,2281,23600,,
1216141,20,2026-10-26,2281,23600,,
1216141,20,2026-10-27,2281,23600,,
1216141,20,2026-10-28,2282,23600,,
1216141,20,2026-10-29,2282,23600,,
1216141,20,2026-10-30,2282,23600,,
1216141,20,2026-10-31,2281,23600,,
1216141,20,2026-11-01,2281,23600,,
1216141,20,2026-11-02,2281,23600,,
1216141,20,2026-11-18,2281,23600,,
1216141,20,2026-11-19,2281,23600,,
1216141,20,2026-11-27,2281,23600,,
1216141,20,2026-11-28,2281,23600,,
1216141,20,2026-11-29,2281,23600,,
1216141,20,2026-11-30,2285,23600,,
1216141,20,2026-12-07,2281,23600,,
1216141,20,2026-12-08,2281,23600,,
1216141,20,2026-12-09,2281,23600,,
1216141,20,2026-12-10,2281,23600,,
1216141,20,2026-12-13,2281,23600,,
1216141,20,2026-12-14,2281,23600,,
1216141,20,2026-12-15,2281,23600,,
1216141,20,2026-12-16,2281,23600,,
1216141,20,2026-12-17,2282,23600,,
1216141,21,2026-10-19,2350,23600,,
1216141,21,2026-10-20,2350,23600,,
1216141,21,2026-10-21,2350,23600,,
1216141,21,2026-10-22,2350,23600,,
1216141,21,2026-10-23,2350,23600,,
1216141,21,2026-10-24,2350,23600,,
1216141,21,2026-10-26,2350,23600,,
1216141,21,2026-10-27,2350,23600,,
1216141,21,2026-10-28,2351,23600,,
1216141,21,2026-10-29,2351,23600,,
1216141,21,2026-10-30,2351,23600,,
1216141,21,2026-10-31,2350,23600,,
1216141,21,2026-11-01,2350,23600,,
1216141,21,2026-11-02,2350,23600,,
1216141,21,2026-11-18,2350,23600,,
1216141,21,2026-11-19,2350,23600,,
1216141,21,2026-11-27,2350,23600,,
1216141,21,2026-11-28,2350,23600,,
1216141,21,2026-11-29,2350,23600,,
1216141,21,2026-11-30,2354,23600,,
1216141,21,2026-12-07,2350,23600,,
1216141,21,2026-12-08,2350,23600,,
1216141,21,2026-12-09,2350,23600,,
1216141,21,2026-12-10,2350,23600,,
1216141,21,2026-12-13,2350,23600,,
1216141,21,2026-12-14,2350,23600,,
1216141,21,2026-12-15,2350,23600,,
1216141,21,2026-12-16,2350,23600,,
1216141,21,2026-12-17,2351,23600,,
1216141,22,2026-10-19,2350,23600,,
1216141,22,2026-10-20,2350,23600,,
1216141,22,2026-10-21,2350,23600,,
1216141,22,2026-10-22,2350,23600,,
1216141,22,2026-10-23,2350,23600,,
1216141,22,2026-10-24,2350,23600,,
1216141,22,2026-10-26,2350,23600,,
1216141,22,2026-10-27,2350,23600,,
1216141,22,2026-10-28,2351,23600,,
1216141,22,2026-10-29,2351,23600,,
1216141,22,2026-10-30,2351,23600,,
1216141,22,2026-10-31,2350,23600,,
1216141,22,2026-11-01,2350,23600,,
1216141,22,2026-11-02,2350,23600,,
1216141,22,2026-11-18,2350,23600,,
1216141,22,2026-11-19,2350,23600,,
1216141,22,2026-11-27,2350,23600,,
1216141,22,2026-11-28,2350,23600,,
1216141,22,2026-11-29,2350,23600,,
1216141,22,2026-11-30,2354,23600,,
1216141,22,2026-12-07,2350,23600,,
1216141,22,2026-12-08,2350,23600,,
1216141,22,2026-12-09,2350,23600,,
1216141,22,2026-12-10,2350,23600,,
1216141,22,2026-12-13,2350,23600,,
1216141,22,2026-12-14,2350,23600,,
1216141,22,2026-12-15,2350,23600,,
1216141,22,2026-12-16,2350,23600,,
1216141,22,2026-12-17,2351,23600,,
1216141,23,2026-10-19,2419,23600,,
1216141,23,2026-10-20,2419,23600,,
1216141,23,2026-10-21,2419,23600,,
1216141,23,2026-10-22,2419,23600,,
1216141,23,2026-10-23,2419,23600,,
1216141,23,2026-10-24,2419,23600,,
1216141,23,2026-10-26,2419,23600,,
1216141,23,2026-10-27,2419,23600,,
1216141,23,2026-10-28,2420,23600,,
1216141,23,2026-10-29,2420,23600,,
1216141,23,2026-10-30,2420,23600,,
1216141,23,2026-10-31,2419,23600,,
1216141,23,2026-11-01,2419,23600,,
1216141,23,2026-11-02,2419,23600,,
1216141,23,2026-11-18,2419,23600,,
1216141,23,2026-11-19,2419,23600,,
1216141,23,2026-11-27,2419,23600,,
1216141,23,2026-11-28,2419,23600,,
1216141,23,2026-11-29,2419,23600,,
1216141,23,2026-12-07,2419,23600,,
1216141,23,2026-12-08,2419,23600,,
1216141,23,2026-12-09,2419,23600,,
1216141,23,2026-12-10,2419,23600,,
1216141,23,2026-12-13,2419,23600,,
1216141,23,2026-12-14,2419,23600,,
1216141,23,2026-12-15,2419,23600,,
1216141,23,2026-12-16,2419,23600,,
1216141,23,2026-12-17,2420,23600,,
1216141,24,2026-10-19,2419,23600,,
1216141,24,2026-10-20,2419,23600,,
1216141,24,2026-10-21,2419,23600,,
1216141,24,2026-10-22,2419,23600,,
1216141,24,2026-10-23,2419,23600,,
1216141,24,2026-10-24,2419,23600,,
1216141,24,2026-10-26,2419,23600,,
1216141,24,2026-10-27,2419,23600,,
1216141,24,2026-10-28,2420,23600,,
1216141,24,2026-10-29,2420,23600,,
1216141,24,2026-10-30,2420,23600,,
1216141,24,2026-10-31,2419,23600,,
1216141,24,2026-11-01,2419,23600,,
1216141,24,2026-11-02,2419,23600,,
1216141,24,2026-11-18,2419,23600,,
1216141,24,2026-11-19,2419,23600,,
1216141,24,2026-11-27,2419,23600,,
1216141,24,2026-11-28,2419,23600,,
1216141,24,2026-11-29,2419,23600,,
1216141,24,2026-12-07,2419,23600,,
1216141,24,2026-12-08,2419,23600,,
1216141,24,2026-12-09,2419,23600,,
1216141,24,2026-12-10,2419,23600,,
1216141,24,2026-12-13,2419,23600,,
1216141,24,2026-12-14,2419,23600,,
1216141,24,2026-12-15,2419,23600,,
1216141,24,2026-12-16,2419,23600,,
1216141,24,2026-12-17,2420,23600,,
1216141,39,2026-10-19,2350,23600,,
1216141,39,2026-10-20,2350,23600,,
1216141,39,2026-10-21,2350,23600,,
1216141,39,2026-10-22,2350,23600,,
1216141,39,2026-10-23,2350,23600,,
1216141,39,2026-10-24,2350,23600,,
1216141,39,2026-10-26,2350,23600,,
1216141,39,2026-10-27,2350,23600,,
1216141,39,2026-10-28,2351,23600,,
1216141,39,2026-10-29,2351,23600,,
1216141,39,2026-10-30,2351,23600,,
1216141,39,2026-10-31,2350,23600,,
1216141,39,2026-11-01,2350,23600,,
1216141,39,2026-11-02,2350,23600,,
1216141,39,2026-11-18,2350,23600,,
1216141,39,2026-11-19,2350,23600,,
1216141,39,2026-11-27,2350,23600,,
1216141,39,2026-11-28,2350,23600,,
1216141,39,2026-11-29,2350,23600,,
1216141,39,2026-11-30,2354,23600,,
1216141,39,2026-12-07,2350,23600,,
1216141,39,2026-12-08,2350,23600,,
1216141,39,2026-12-09,2350,23600,,
1216141,39,2026-12-10,2350,23600,,
1216141,39,2026-12-13,2350,23600,,
1216141,39,2026-12-14,2350,23600,,
1216141,39,2026-12-15,2350,23600,,
1216141,39,2026-12-16,2350,23600,,
1216141,39,2026-12-17,2351,23600,,
1216141,40,2026-10-19,2419,23600,,
1216141,40,2026-10-20,2419,23600,,
1216141,40,2026-10-21,2419,23600,,
1216141,40,2026-10-22,2419,23600,,
1216141,40,2026-10-23,2419,23600,,
1216141,40,2026-10-24,2419,23600,,
1216141,40,2026-10-26,2419,23600,,
1216141,40,2026-10-27,2419,23600,,
1216141,40,2026-10-28,2420,23600,,
1216141,40,2026-10-29,2420,23600,,
1216141,40,2026-10-30,2420,23600,,
1216141,40,2026-10-31,2419,23600,,
1216141,40,2026-11-01,2419,23600,,
1216141,40,2026-11-02,2419,23600,,
1216141,40,2026-11-18,2419,23600,,
1216141,40,2026-11-19,2419,23600,,
1216141,40,2026-11-27,2419,23600,,
1216141,40,2026-11-28,2419,23600,,
1216141,40,2026-11-29,2419,23600,,
1216141,40,2026-12-07,2419,23600,,
1216141,40,2026-12-08,2419,23600,,
1216141,40,2026-12-09,2419,23600,,
1216141,40,2026-12-10,2419,23600,,
1216141,40,2026-12-13,2419,23600,,
1216141,40,2026-12-14,2419,23600,,
1216141,40,2026-12-15,2419,23600,,
1216141,40,2026-12-16,2419,23600,,
1216141,40,2026-12-17,2420,23600,,
1216141,50,2026-12-01,2176,23600,,
1216141,83,2026-10-19,2350,23600,,
1216141,83,2026-10-20,2350,23600,,
1216141,83,2026-10-21,2350,23600,,
1216141,83,2026-10-22,2350,23600,,
1216141,83,2026-10-23,2350,23600,,
1216141,83,2026-10-24,2350,23600,,
1216141,83,2026-10-26,2350,23600,,
1216141,83,2026-10-27,2350,23600,,
1216141,83,2026-10-28,2351,23600,,
1216141,83,2026-10-29,2351,23600,,
1216141,83,2026-10-30,2351,23600,,
1216141,83,2026-10-31,2350,23600,,
1216141,83,2026-11-01,2350,23600,,
1216141,83,2026-11-02,2350,23600,,
1216141,83,2026-11-18,2350,23600,,
1216141,83,2026-11-19,2350,23600,,
1216141,83,2026-11-27,2350,23600,,
1216141,83,2026-11-28,2350,23600,,
1216141,83,2026-11-29,2350,23600,,
1216141,83,2026-11-30,2354,23600,,
1216141,83,2026-12-07,2350,23600,,
1216141,83,2026-12-08,2350,23600,,
1216141,83,2026-12-09,2350,23600,,
1216141,83,2026-12-10,2350,23600,,
1216141,83,2026-12-13,2350,23600,,
1216141,83,2026-12-14,2350,23600,,
1216141,83,2026-12-15,2350,23600,,
1216141,83,2026-12-16,2350,23600,,
1216141,83,2026-12-17,2351,23600,,
1231999,29,2027-09-18,2033,23600,,
1231999,30,2027-09-18,2033,23600,,
1231999,31,2027-09-18,2033,23600,,
1231999,57,2027-09-18,2033,23600,,
1231999,89,2027-09-18,2033,20000,,
1253706,35,2027-09-18,3636,23600,,
1253706,36,2027-09-18,3636,23600,,
1269686,19,2026-09-24,1519,23600,,
1269686,20,2026-09-24,1519,23600,,
1291813,21,2026-09-24,2518,23600,,
1291813,22,2026-09-24,2518,23600,,
1291813,39,2026-09-24,2518,23600,,
1291813,83,2026-09-24,2518,23600,,
1292171,23,2026-09-24,1295,23600,,
1292171,24,2026-09-24,1295,23600,,
1292171,29,2026-09-22,1484,23600,,
1292171,30,2026-09-22,1484,23600,,
1292171,31,2026-09-22,1484,23600,,
1292171,40,2026-09-24,1295,23600,,
1292171,57,2026-09-22,1484,23600,,
1319620,19,2026-09-22,1191,23600,,
1319620,21,2026-09-22,1225,23600,,
1319620,22,2026-09-22,1225,23600,,
1319620,39,2026-09-22,1225,23600,,
1324743,17,2026-09-24,1405,27848,,
1324743,18,2026-09-24,1405,27848,,
1324743,19,2026-09-24,1474,27848,,
1324743,20,2026-09-24,1474,27848,,
1324743,50,2026-09-24,1405,27848,,
1374088,29,2027-09-18,2550,23600,,
1374088,30,2027-09-18,2550,23600,,
1374088,31,2027-09-18,2550,23600,,
1374088,57,2027-09-18,2550,23600,,
1379624,27,2026-12-17,3799,23600,,
1379624,28,2026-12-17,3799,23600,,
1381105,27,2027-09-18,1853,23600,,
1381105,28,2027-09-18,1853,23600,,
1396947,17,2026-12-17,2858,23600,,
1396947,17,2027-09-18,2857,23600,,
1396947,18,2026-12-17,2858,23600,,
1396947,18,2027-09-18,2857,23600,,
1396947,50,2026-12-17,2858,23600,,
1396947,50,2027-09-18,2857,23600,,
1396947,87,2026-12-17,2858,23600,,
1396947,87,2027-09-18,2857,23600,,
1431135,17,2027-09-18,1256,23600,,
1431135,18,2027-09-18,1256,23600,,
1431135,50,2027-09-18,1256,23600,,
1437251,17,2027-09-18,1332,23600,,
1437251,18,2027-09-18,1332,23600,,
1437251,19,2027-09-18,1401,23600,,
1437251,20,2027-09-18,1401,23600,,
1437251,50,2027-09-18,1332,23600,,
1446075,21,2026-09-24,2416,23600,,
1446075,22,2026-09-24,2416,23600,,
1446075,23,2026-09-24,2588,23600,,
1446075,24,2026-09-24,2588,23600,,
1446075,39,2026-09-24,2416,23600,,
1446075,40,2026-09-24,2588,23600,,
1446075,83,2026-09-24,2416,23600,,
1463190,23,2026-12-17,2258,23600,,
1463190,24,2026-12-17,2258,23600,,
1463190,27,2026-12-17,2465,23600,,
1463190,28,2026-12-17,2465,23600,,
1463190,40,2026-12-17,2258,23600,,
1483392,23,2026-09-24,1717,27848,,
1483392,24,2026-09-24,1717,27848,,
1483392,24179,2026-09-24,1717,27848,,
1483392,29,2026-09-24,1717,27848,,
1483392,30,2026-09-24,1717,27848,,
1483392,31,2026-09-24,1717,27848,,
1483392,40,2026-09-24,1717,27848,,
1483392,57,2026-09-24,1717,27848,,
1483392,89,2026-09-24,1717,27848,,
1483570,21,2026-09-24,1448,23600,,
1483570,22,2026-09-24,1448,23600,,
1483570,23,2026-09-24,1517,23600,,
1483570,24,2026-09-24,1517,23600,,
1483570,39,2026-09-24,1448,23600,,
1483570,40,2026-09-24,1517,23600,,
1483570,83,2026-09-24,1448,23600,,
1484845,21,2026-09-24,1966,23600,,
1484845,22,2026-09-24,1966,23600,,
1484845,39,2026-09-24,1966,23600,,
1484845,83,2026-09-24,1966,23600,,
1506967,17,2026-09-24,1335,23600,,
1506967,18,2026-09-24,1335,23600,,
1508506,16,2026-09-21,1533,23600,,
1508980,25,2027-09-18,2147,23600,,
1552629,23,2026-09-24,2494,23600,,
1552629,24,2026-09-24,2494,23600,,
1552629,40,2026-09-24,2494,23600,,
1581295,27,2027-08-21,1797,27848,,
1581295,27,2027-08-22,1797,27848,,
1581295,27,2027-08-27,1797,27848,,
1581295,27,2027-08-28,1797,27848,,
1581295,27,2027-08-29,1797,27848,,
1581295,27,2027-08-30,1797,27848,,
1581295,27,2027-08-31,1797,27848,,
1581295,28,2027-08-21,1797,27848,,
1581295,28,2027-08-22,1797,27848,,
1581295,28,2027-08-27,1797,27848,,
1581295,28,2027-08-28,1797,27848,,
1581295,28,2027-08-29,1797,27848,,
1581295,28,2027-08-30,1797,27848,,
1581295,28,2027-08-31,1797,27848,,
1581295,32,2027-08-21,1763,27848,,
1581295,32,2027-08-22,1763,27848,,
1581295,32,2027-08-27,1763,27848,,
1581295,32,2027-08-28,1763,27848,,
1581295,32,2027-08-29,1763,27848,,
1581295,32,2027-08-30,1763,27848,,
1581295,32,2027-08-31,1763,27848,,
1581295,33,2027-08-21,1763,27848,,
1581295,33,2027-08-22,1763,27848,,
1581295,33,2027-08-27,1763,27848,,
1581295,33,2027-08-28,1763,27848,,
1581295,33,2027-08-29,1763,27848,,
1581295,33,2027-08-30,1763,27848,,
1581295,33,2027-08-31,1763,27848,,
1581295,35,2027-09-18,2039,27848,,
1581295,36,2027-09-18,2039,27848,,
1581295,41,2027-08-21,1797,27848,,
1581295,41,2027-08-22,1797,27848,,
1581295,41,2027-08-27,1797,27848,,
1581295,41,2027-08-28,1797,27848,,
1581295,41,2027-08-29,1797,27848,,
1581295,41,2027-08-30,1797,27848,,
1581295,41,2027-08-31,1797,27848,,
1581295,45,2027-09-18,2073,27848,,
1581295,46,2027-09-18,2073,27848,,
1581295,56,2027-09-18,2073,27848,,
1593249,15,2026-12-17,1664,20000,,
1593249,38,2026-12-17,1664,20000,,
1593321,25,2027-09-18,1470,27848,,
1595502,27,2027-09-18,1813,23600,,
1595502,28,2027-09-18,1813,23600,,
1604662,35,2026-12-17,3336,20000,,
1604662,36,2026-12-17,3336,20000,,
1619452,17,2026-09-24,1335,23600,,
1619452,18,2026-09-24,1335,23600,,
1619452,50,2026-09-24,1335,23600,,
1702720,21,2026-12-17,2710,23600,,
1702720,22,2026-12-17,2710,23600,,
1702720,39,2026-12-17,2710,23600,,
1702720,83,2026-12-17,2710,23600,,
1755459,21,2026-09-24,2045,23600,,
1755459,22,2026-09-24,2045,23600,,
1755459,23,2026-09-24,2132,23600,,
1755459,24,2026-09-24,2132,23600,,
1755459,39,2026-09-24,2045,23600,,
1755459,40,2026-09-24,2132,23600,,
1755459,83,2026-09-24,2045,23600,,
1868924,17,2026-09-24,1991,23600,,
1868924,18,2026-09-24,1991,23600,,
1868924,50,2026-09-24,1991,23600,,
1884844,21,2026-09-22,1478,23600,,
1884844,21,2026-09-23,1478,23600,,
1884844,22,2026-09-22,1478,23600,,
1884844,22,2026-09-23,1478,23600,,
1884844,39,2026-09-22,1478,23600,,
1884844,39,2026-09-23,1478,23600,,
1912757,25,2026-09-25,1540,23600,,
1912757,26,2026-09-25,1540,23600,,
1916713,21,2026-11-01,2159,23600,,
1916713,21,2026-11-02,2159,23600,,
1916713,21,2026-11-03,2159,23600,,
1916713,21,2026-11-04,2159,23600,,
1916713,21,2026-11-05,2159,23600,,
1916713,21,2026-11-12,2159,23600,,
1916713,22,2026-11-01,2159,23600,,
1916713,22,2026-11-02,2159,23600,,
1916713,22,2026-11-03,2159,23600,,
1916713,22,2026-11-04,2159,23600,,
1916713,22,2026-11-05,2159,23600,,
1916713,22,2026-11-12,2159,23600,,
1916713,23,2026-11-01,2159,23600,,
1916713,23,2026-11-02,2159,23600,,
1916713,23,2026-11-03,2159,23600,,
1916713,23,2026-11-04,2159,23600,,
1916713,23,2026-11-05,2159,23600,,
1916713,23,2026-11-12,2159,23600,,
1916713,24,2026-11-01,2159,23600,,
1916713,24,2026-11-02,2159,23600,,
1916713,24,2026-11-03,2159,23600,,
1916713,24,2026-11-04,2159,23600,,
1916713,24,2026-11-05,2159,23600,,
1916713,24,2026-11-12,2159,23600,,
1916713,39,2026-11-01,2159,23600,,
1916713,39,2026-11-02,2159,23600,,
1916713,39,2026-11-03,2159,23600,,
1916713,39,2026-11-04,2159,23600,,
1916713,39,2026-11-05,2159,23600,,
1916713,39,2026-11-12,2159,23600,,
1916713,40,2026-11-01,2159,23600,,
1916713,40,2026-11-02,2159,23600,,
1916713,40,2026-11-03,2159,23600,,
1916713,40,2026-11-04,2159,23600,,
1916713,40,2026-11-05,2159,23600,,
1916713,40,2026-11-12,2159,23600,,
1916713,83,2026-11-01,2159,23600,,
1916713,83,2026-11-02,2159,23600,,
1916713,83,2026-11-03,2159,23600,,
1916713,83,2026-11-04,2159,23600,,
1916713,83,2026-11-05,2159,23600,,
1916713,83,2026-11-12,2159,23600,,
2011692,17,2026-09-24,1634,20000,,
2011692,18,2026-09-24,1634,20000,,
2011692,19,2026-09-24,1772,20000,,
2026607,17,2026-12-17,2185,20000,,
2026607,18,2026-12-17,2185,20000,,
2026607,50,2026-12-17,2185,20000,,
2031448,25,2026-09-24,1572,23600,,
2031448,26,2026-09-24,1572,23600,,
2031448,55,2026-09-24,1572,23600,,
2032928,21,2027-08-27,1194,23600,,
2032928,21,2027-08-28,1194,23600,,
2032928,21,2027-08-29,1194,23600,,
2032928,21,2027-08-30,1194,23600,,
2032928,21,2027-08-31,1194,23600,,
2032928,21,2027-09-18,1194,23600,,
2032928,22,2027-08-27,1194,23600,,
2032928,22,2027-08-28,1194,23600,,
2032928,22,2027-08-29,1194,23600,,
2032928,22,2027-08-30,1194,23600,,
2032928,22,2027-08-31,1194,23600,,
2032928,22,2027-09-18,1194,23600,,
2032928,23,2027-08-27,1246,23600,,
2032928,23,2027-08-28,1246,23600,,
2032928,23,2027-08-29,1246,23600,,
2032928,23,2027-08-30,1246,23600,,
2032928,23,2027-08-31,1246,23600,,
2032928,23,2027-09-18,1246,23600,,
2032928,24,2027-08-27,1246,23600,,
2032928,24,2027-08-28,1246,23600,,
2032928,24,2027-08-29,1246,23600,,
2032928,24,2027-08-30,1246,23600,,
2032928,24,2027-08-31,1246,23600,,
2032928,24,2027-09-18,1246,23600,,
2032928,39,2027-08-27,1194,23600,,
2032928,39,2027-08-28,1194,23600,,
2032928,39,2027-08-29,1194,23600,,
2032928,39,2027-08-30,1194,23600,,
2032928,39,2027-08-31,1194,23600,,
2032928,39,2027-09-18,1194,23600,,
2032928,40,2027-08-27,1246,23600,,
2032928,40,2027-08-28,1246,23600,,
2032928,40,2027-08-29,1246,23600,,
2032928,40,2027-08-30,1246,23600,,
2032928,40,2027-08-31,1246,23600,,
2032928,40,2027-09-18,1246,23600,,
2032928,83,2027-08-27,1194,23600,,
2032928,83,2027-08-28,1194,23600,,
2032928,83,2027-08-29,1194,23600,,
2032928,83,2027-08-30,1194,23600,,
2032928,83,2027-08-31,1194,23600,,
2032928,83,2027-09-18,1194,23600,,
2037169,29,2027-09-18,2897,23600,,
2037169,30,2027-09-18,2897,23600,,
2037169,31,2027-09-18,2897,23600,,
2037169,57,2027-09-18,2897,23600,,
2066561,25,2026-10-02,1924,27848,,
2066561,25,2026-10-03,1924,27848,,
2066561,26,2026-10-02,1924,27848,,
2066561,26,2026-10-03,1924,27848,,
2317284,27,2026-12-01,1884,20000,,
2317284,27,2026-12-07,1884,20000,,
2317284,27,2026-12-08,1884,20000,,
2317284,27,2026-12-09,1884,20000,,
2317284,27,2026-12-10,1884,20000,,
2317284,27,2026-12-13,1884,20000,,
2317284,27,2026-12-14,1884,20000,,
2317284,27,2026-12-15,1884,20000,,
2317284,27,2026-12-16,1884,20000,,
2317284,28,2026-12-01,1884,20000,,
2317284,28,2026-12-07,1884,20000,,
2317284,28,2026-12-08,1884,20000,,
2317284,28,2026-12-09,1884,20000,,
2317284,28,2026-12-10,1884,20000,,
2317284,28,2026-12-13,1884,20000,,
2317284,28,2026-12-14,1884,20000,,
2317284,28,2026-12-15,1884,20000,,
2317284,28,2026-12-16,1884,20000,,
3001862,25,2027-09-18,1803,23600,,
3001862,26,2027-09-18,1803,23600,,
3006134,19,2026-12-17,1472,23600,,
3006134,20,2026-12-17,1472,23600,,
4476459,29,2026-10-03,2473,23600,,
4476459,29,2026-12-17,2648,23600,,
4476459,30,2026-10-03,2473,23600,,
4476459,30,2026-12-17,2648,23600,,
4476459,31,2026-10-03,2473,23600,,
4476459,31,2026-12-17,2648,23600,,
4476459,32,2026-10-03,2473,23600,,
4476459,32,2026-12-17,2648,23600,,
4476459,33,2026-10-03,2473,23600,,
4476459,33,2026-12-17,2648,23600,,
4476459,34,2026-10-03,2473,23600,,
4476459,34,2026-12-17,2648,23600,,
4476459,57,2026-10-03,2473,23600,,
4476459,57,2026-12-17,2648,23600,,
6141453,21,2026-10-02,2255,23600,,
6141453,21,2026-10-03,2255,23600,,
6141453,22,2026-10-02,2255,23600,,
6141453,22,2026-10-03,2255,23600,,
6141453,23,2026-10-02,2255,23600,,
6141453,23,2026-10-03,2255,23600,,
6141453,24,2026-10-02,2255,23600,,
6141453,24,2026-10-03,2255,23600,,
6141453,39,2026-10-02,2255,23600,,
6141453,39,2026-10-03,2255,23600,,
6141453,40,2026-10-02,2255,23600,,
6141453,40,2026-10-03,2255,23600,,
6141453,83,2026-10-02,2255,23600,,
6141453,83,2026-10-03,2255,23600,,
9772256,17,2026-09-24,2784,23600,,
9772256,18,2026-09-24,2784,23600,,
9772256,19,2026-09-24,2784,23600,,
9772256,20,2026-09-24,2784,23600,,
9772256,50,2026-09-24,2784,23600,,
9772256,51,2026-09-24,2784,23600,,
9772256,87,2026-09-24,2784,23600,,
0262017,23,2026-09-24,1440,23600,,
0262017,24,2026-09-24,1440,23600,,
0262017,40,2026-09-24,1440,23600,,
0327829,27,2026-12-17,1846,23600,,
0327829,28,2026-12-17,1846,23600,,
1075048,21,2026-12-17,1443,23600,,
1075048,22,2026-12-17,1443,23600,,
1075048,39,2026-12-17,1443,23600,,
1075048,83,2026-12-17,1443,23600,,
1115459,27,2027-09-18,1877,20000,,
1115459,28,2027-09-18,1877,20000,,
1126702,17,2026-10-04,2285,23600,,
1126702,18,2026-10-04,2285,23600,,
1126702,50,2026-10-04,2285,23600,,
1126702,87,2026-10-04,2285,23600,,
1131021,21,2026-10-23,1507,20000,,
1131021,21,2026-10-24,1507,20000,,
1131021,21,2026-10-25,1507,20000,,
1131021,21,2026-10-30,1507,20000,,
1131021,21,2026-10-31,1507,20000,,
1131021,22,2026-10-23,1507,20000,,
1131021,22,2026-10-24,1507,20000,,
1131021,22,2026-10-25,1507,20000,,
1131021,22,2026-10-30,1507,20000,,
1131021,22,2026-10-31,1507,20000,,
1131021,39,2026-10-23,1507,20000,,
1131021,39,2026-10-24,1507,20000,,
1131021,39,2026-10-25,1507,20000,,
1131021,39,2026-10-30,1507,20000,,
1131021,39,2026-10-31,1507,20000,,
1131021,83,2026-10-23,1507,20000,,
1131021,83,2026-10-24,1507,20000,,
1131021,83,2026-10-25,1507,20000,,
1131021,83,2026-10-30,1507,20000,,
1131021,83,2026-10-31,1507,20000,,
1204840,25,2026-10-04,1588,27848,,
1204840,26,2026-10-04,1588,27848,,
1206822,17,2026-10-04,1867,23600,,
1206822,18,2026-10-04,1867,23600,,
1206822,19,2026-10-04,1867,23600,,
1206822,20,2026-10-04,1867,23600,,
1206822,21,2026-10-04,2005,23600,,
1206822,22,2026-10-04,2005,23600,,
1206822,23,2026-10-04,2005,23600,,
1206822,24,2026-10-04,2005,23600,,
1206822,39,2026-10-04,2005,23600,,
1206822,40,2026-10-04,2005,23600,,
1206822,50,2026-10-04,1867,23600,,
1206822,51,2026-10-04,1867,23600,,
1206822,83,2026-10-04,2005,23600,,
1206822,87,2026-10-04,1867,23600,,
1208576,23,2026-10-02,1682,20000,,
1208576,23,2026-10-03,1682,20000,,
1208576,24,2026-10-02,1682,20000,,
1208576,24,2026-10-03,1682,20000,,
1208576,40,2026-10-02,1682,20000,,
1208576,40,2026-10-03,1682,20000,,
1216141,17,2026-10-19,2143,23600,,
1216141,17,2026-10-20,2143,23600,,
1216141,17,2026-10-21,2143,23600,,
1216141,17,2026-10-22,2143,23600,,
1216141,17,2026-10-23,2143,23600,,
1216141,17,2026-10-24,2143,23600,,
1216141,17,2026-10-26,2143,23600,,
1216141,17,2026-10-27,2143,23600,,
1216141,17,2026-10-28,2144,23600,,
1216141,17,2026-10-29,2144,23600,,
1216141,17,2026-10-30,2144,23600,,
1216141,17,2026-10-31,2143,23600,,
1216141,17,2026-11-01,2143,23600,,
1216141,17,2026-11-02,2143,23600,,
1216141,17,2026-11-18,2143,23600,,
1216141,17,2026-11-19,2143,23600,,
1216141,17,2026-11-27,2143,23600,,
1216141,17,2026-11-28,2143,23600,,
1216141,17,2026-11-29,2143,23600,,
1216141,17,2026-11-30,2147,23600,,
1216141,17,2026-12-07,2143,23600,,
1216141,17,2026-12-08,2143,23600,,
1216141,17,2026-12-09,2143,23600,,
1216141,17,2026-12-10,2143,23600,,
1216141,17,2026-12-13,2143,23600,,
1216141,17,2026-12-14,2143,23600,,
1216141,17,2026-12-15,2143,23600,,
1216141,17,2026-12-16,2143,23600,,
1216141,17,2026-12-17,2144,23600,,
1216141,18,2026-10-19,2143,23600,,
1216141,18,2026-10-20,2143,23600,,
1216141,18,2026-10-21,2143,23600,,
1216141,18,2026-10-22,2143,23600,,
1216141,18,2026-10-23,2143,23600,,
1216141,18,2026-10-24,2143,23600,,
1216141,18,2026-10-26,2143,23600,,
1216141,18,2026-10-27,2143,23600,,
1216141,18,2026-10-28,2144,23600,,
1216141,18,2026-10-29,2144,23600,,
1216141,18,2026-10-30,2144,23600,,
1216141,18,2026-10-31,2143,23600,,
1216141,18,2026-11-01,2143,23600,,
1216141,18,2026-11-02,2143,23600,,
1216141,18,2026-11-18,2143,23600,,
1216141,18,2026-11-19,2143,23600,,
1216141,18,2026-11-27,2143,23600,,
1216141,18,2026-11-28,2143,23600,,
1216141,18,2026-11-29,2143,23600,,
1216141,18,2026-11-30,2147,23600,,
1216141,18,2026-12-07,2143,23600,,
1216141,18,2026-12-08,2143,23600,,
1216141,18,2026-12-09,2143,23600,,
1216141,18,2026-12-10,2143,23600,,
1216141,18,2026-12-13,2143,23600,,
1216141,18,2026-12-14,2143,23600,,
1216141,18,2026-12-15,2143,23600,,
1216141,18,2026-12-16,2143,23600,,
1216141,18,2026-12-17,2144,23600,,
1216141,50,2026-10-19,2143,23600,,
1216141,50,2026-10-20,2143,23600,,
1216141,50,2026-10-21,2143,23600,,
1216141,50,2026-10-22,2143,23600,,
1216141,50,2026-10-23,2143,23600,,
1216141,50,2026-10-24,2143,23600,,
1216141,50,2026-10-26,2143,23600,,
1216141,50,2026-10-27,2143,23600,,
1216141,50,2026-10-28,2144,23600,,
1216141,50,2026-10-29,2144,23600,,
1216141,50,2026-10-30,2144,23600,,
1216141,50,2026-10-31,2143,23600,,
1216141,50,2026-11-01,2143,23600,,
1216141,50,2026-11-02,2143,23600,,
1216141,50,2026-11-18,2143,23600,,
1216141,50,2026-11-19,2143,23600,,
1216141,50,2026-11-27,2143,23600,,
1216141,50,2026-11-28,2143,23600,,
1216141,50,2026-11-29,2143,23600,,
1216141,50,2026-11-30,2147,23600,,
1216141,50,2026-12-07,2143,23600,,
1216141,50,2026-12-08,2143,23600,,
1216141,50,2026-12-09,2143,23600,,
1216141,50,2026-12-10,2143,23600,,
1216141,50,2026-12-13,2143,23600,,
1216141,50,2026-12-14,2143,23600,,
1216141,50,2026-12-15,2143,23600,,
1216141,50,2026-12-16,2143,23600,,
1216141,50,2026-12-17,2144,23600,,
1218728,29,2027-09-18,4598,20000,,
1218728,30,2027-09-18,4598,20000,,
1218728,31,2027-09-18,4598,20000,,
1218728,32,2027-09-18,4805,20000,,
1218728,33,2027-09-18,4805,20000,,
1218728,34,2027-09-18,4805,20000,,
1218728,57,2027-09-18,4598,20000,,
1218728,58,2027-09-18,4805,20000,,
1218728,89,2027-09-18,4598,20000,,
1231999,27,2026-12-17,1795,20000,,
1231999,28,2026-12-17,1795,20000,,
1247345,23,2026-09-27,1977,23600,,
1247345,24,2026-09-27,1977,23600,,
1253706,32,2027-09-18,3119,23600,,
1253706,33,2027-09-18,3119,23600,,
1253706,34,2027-09-18,3119,23600,,
1265433,23,2026-09-24,1981,23600,,
1265433,24,2026-09-24,1981,23600,,
1265433,40,2026-09-24,1981,23600,,
1269686,17,2026-09-24,1416,23600,,
1269686,18,2026-09-24,1416,23600,,
1269686,50,2026-09-24,1416,23600,,
1291813,19,2026-09-24,2311,23600,,
1291813,20,2026-09-24,2311,23600,,
1292171,21,2026-09-24,1226,23600,,
1292171,22,2026-09-24,1226,23600,,
1292171,39,2026-09-24,1226,23600,,
1292171,83,2026-09-24,1226,23600,,
1295755,17,2026-09-24,1749,23600,,
1295755,18,2026-09-24,1749,23600,,
1295755,19,2026-09-24,1818,23600,,
1295755,20,2026-09-24,1818,23600,,
1295755,50,2026-09-24,1749,23600,,
1307656,25,2026-09-27,1025,23600,,
1307656,26,2026-09-27,1025,23600,,
1314078,16,2026-12-17,1644,23600,,
1314078,52,2026-12-17,1644,23600,,
1319620,17,2026-09-22,1087,23600,,
1319620,18,2026-09-22,1087,23600,,
1319620,29,2026-09-24,1501,23600,,
1319620,30,2026-09-24,1501,23600,,
1319620,31,2026-09-24,1501,23600,,
1319620,32,2026-09-24,1708,23600,,
1319620,33,2026-09-24,1708,23600,,
1319620,34,2026-09-24,1708,23600,,
1319620,57,2026-09-24,1501,23600,,
1319620,58,2026-09-24,1708,23600,,
1319620,89,2026-09-24,1501,23600,,
1326972,23,2026-09-24,1286,23600,,
1326972,24,2026-09-24,1286,23600,,
1326972,40,2026-09-24,1286,23600,,
1379430,25,2027-09-18,2435,23600,,
1379430,26,2027-09-18,2435,23600,,
1441289,17,2026-09-24,2464,23600,,
1441289,18,2026-09-24,2464,23600,,
1441289,50,2026-09-24,2464,23600,,
1441289,87,2026-09-24,2464,23600,,
1446075,19,2026-09-24,2243,23600,,
1446075,20,2026-09-24,2243,23600,,
1446075,51,2026-09-24,2243,23600,,
1463190,21,2026-12-17,2189,23600,,
1463190,22,2026-12-17,2189,23600,,
1463190,39,2026-12-17,2189,23600,,
1463190,83,2026-12-17,2189,23600,,
1479075,15,2026-09-24,933,23600,,
1479075,16,2026-09-24,933,23600,,
1479075,38,2026-09-24,933,23600,,
1483392,19,2026-09-24,1510,27848,,
1483392,20,2026-09-24,1510,27848,,
1483392,21,2026-09-24,1579,27848,,
1483392,22,2026-09-24,1579,27848,,
1483392,39,2026-09-24,1579,27848,,
1483392,51,2026-09-24,1510,27848,,
1483392,83,2026-09-24,1579,27848,,
1484845,19,2026-09-24,1690,23600,,
1484845,20,2026-09-24,1690,23600,,
1501176,27,2027-09-18,1653,23600,,
1501176,28,2027-09-18,1653,23600,,
1535153,27,2027-09-18,2048,23600,,
1535153,28,2027-09-18,2048,23600,,
1581295,32,2026-12-17,2055,27848,,
1581295,33,2026-12-17,2055,27848,,
1581295,35,2026-09-27,1989,27848,,
1581295,36,2026-09-27,1989,27848,,
1581295,45,2026-09-27,2023,27848,,
1581295,46,2026-09-27,2023,27848,,
1581295,56,2026-09-27,2023,27848,,
1591753,15,2026-09-24,1422,23600,,
1591753,38,2026-09-24,1422,23600,,
1596296,27,2027-09-18,2648,32861,,
1596296,28,2027-09-18,2648,32861,,
1596296,41,2027-09-18,2648,32861,,
1599756,25,2027-09-18,1826,27848,,
1599756,26,2027-09-18,1826,27848,,
1603145,17,2026-09-27,1127,23600,,
1603145,18,2026-09-27,1127,23600,,
1603145,50,2026-09-27,1127,23600,,
1604662,29,2026-10-04,2609,20000,,
1604662,30,2026-10-04,2609,20000,,
1604662,31,2026-10-04,2609,20000,,
1604662,32,2026-10-04,2609,20000,,
1604662,33,2026-10-04,2609,20000,,
1604662,34,2026-10-04,2609,20000,,
1604662,57,2026-10-04,2609,20000,,
1617471,27,2026-12-17,2432,23600,,
1617471,28,2026-12-17,2432,23600,,
1619637,19,2026-09-24,1685,23600,,
1619637,20,2026-09-24,1685,23600,,
1702720,23,2026-12-17,2848,23600,,
1702720,24,2026-12-17,2848,23600,,
1702720,40,2026-12-17,2848,23600,,
1884844,19,2026-09-22,1237,23600,,
1884844,19,2026-09-23,1237,23600,,
1884844,20,2026-09-22,1237,23600,,
1884844,20,2026-09-23,1237,23600,,
1912757,25,2026-11-06,1509,23600,,
1912757,25,2026-11-13,1509,23600,,
1912757,26,2026-11-06,1509,23600,,
1912757,26,2026-11-13,1509,23600,,
1916713,21,2026-10-27,2137,23600,,
1916713,21,2026-10-28,2137,23600,,
1916713,21,2026-10-29,2137,23600,,
1916713,21,2026-11-18,2137,23600,,
1916713,21,2026-11-19,2137,23600,,
1916713,21,2026-11-22,2137,23600,,
1916713,21,2026-11-23,2137,23600,,
1916713,22,2026-10-27,2137,23600,,
1916713,22,2026-10-28,2137,23600,,
1916713,22,2026-10-29,2137,23600,,
1916713,22,2026-11-18,2137,23600,,
1916713,22,2026-11-19,2137,23600,,
1916713,22,2026-11-22,2137,23600,,
1916713,22,2026-11-23,2137,23600,,
1916713,23,2026-10-27,2137,23600,,
1916713,23,2026-10-28,2137,23600,,
1916713,23,2026-10-29,2137,23600,,
1916713,23,2026-11-18,2137,23600,,
1916713,23,2026-11-19,2137,23600,,
1916713,23,2026-11-22,2137,23600,,
1916713,23,2026-11-23,2137,23600,,
1916713,24,2026-10-27,2137,23600,,
1916713,24,2026-10-28,2137,23600,,
1916713,24,2026-10-29,2137,23600,,
1916713,24,2026-11-18,2137,23600,,
1916713,24,2026-11-19,2137,23600,,
1916713,24,2026-11-22,2137,23600,,
1916713,24,2026-11-23,2137,23600,,
1916713,39,2026-10-27,2137,23600,,
1916713,39,2026-10-28,2137,23600,,
1916713,39,2026-10-29,2137,23600,,
1916713,39,2026-11-18,2137,23600,,
1916713,39,2026-11-19,2137,23600,,
1916713,39,2026-11-22,2137,23600,,
1916713,39,2026-11-23,2137,23600,,
1916713,40,2026-10-27,2137,23600,,
1916713,40,2026-10-28,2137,23600,,
1916713,40,2026-10-29,2137,23600,,
1916713,40,2026-11-18,2137,23600,,
1916713,40,2026-11-19,2137,23600,,
1916713,40,2026-11-22,2137,23600,,
1916713,40,2026-11-23,2137,23600,,
1916713,83,2026-10-27,2137,23600,,
1916713,83,2026-10-28,2137,23600,,
1916713,83,2026-10-29,2137,23600,,
1916713,83,2026-11-18,2137,23600,,
1916713,83,2026-11-19,2137,23600,,
1916713,83,2026-11-22,2137,23600,,
1916713,83,2026-11-23,2137,23600,,
1978478,35,2027-09-18,2197,27848,,
1978478,36,2027-09-18,2197,27848,,
1989439,29,2026-09-23,1796,23600,,
1989439,30,2026-09-23,1796,23600,,
1989439,31,2026-09-23,1796,23600,,
1989439,32,2026-09-23,1830,23600,,
1989439,33,2026-09-23,1830,23600,,
1989439,34,2026-09-23,1830,23600,,
1989439,57,2026-09-23,1796,23600,,
2011649,17,2027-09-18,1148,27848,,
2011649,18,2027-09-18,1148,27848,,
2011649,19,2027-09-18,1217,27848,,
2011649,20,2027-09-18,1217,27848,,
2011649,50,2027-09-18,1148,27848,,
2018414,25,2026-09-23,2293,23600,,
2018414,25,2026-09-24,2293,23600,,
2018414,25,2026-09-26,2446,23600,,
2018414,25,2026-09-27,2446,23600,,
2018414,25,2026-09-28,2454,23600,,
2018414,25,2026-09-29,2457,23600,,
2018414,25,2026-09-30,2454,23600,,
2018414,25,2026-10-02,2446,23600,,
2018414,26,2026-09-23,2293,23600,,
2018414,26,2026-09-24,2293,23600,,
2018414,26,2026-09-26,2446,23600,,
2018414,26,2026-09-27,2446,23600,,
2018414,26,2026-09-28,2454,23600,,
2018414,26,2026-09-29,2457,23600,,
2018414,26,2026-09-30,2454,23600,,
2018414,26,2026-10-02,2446,23600,,
2024578,21,2026-11-17,1415,20000,,
2024578,21,2027-09-18,1415,20000,,
2024578,22,2026-11-17,1415,20000,,
2024578,22,2027-09-18,1415,20000,,
2024578,39,2026-11-17,1415,20000,,
2024578,39,2027-09-18,1415,20000,,
2031448,25,2027-09-18,1837,23600,,
2031448,26,2027-09-18,1837,23600,,
2031448,55,2027-09-18,1837,23600,,
2051467,17,2026-09-27,1012,20000,,
2051467,17,2026-11-17,1010,20000,,
2051467,18,2026-09-27,1012,20000,,
2051467,18,2026-11-17,1010,20000,,
2051467,50,2026-09-27,1012,20000,,
2051467,50,2026-11-17,1010,20000,,
2051467,87,2026-09-27,1012,20000,,
2051467,87,2026-11-17,1010,20000,,
2065763,25,2027-09-18,1762,32861,,
2065763,26,2027-09-18,1762,32861,,
2065763,55,2027-09-18,1762,32861,,
2065763,95,2027-09-18,1762,32861,,
2077421,27,2026-09-24,1596,23600,,
2077421,28,2026-09-24,1596,23600,,
2317284,27,2026-10-19,1859,20000,,
2317284,27,2026-10-20,1859,20000,,
2317284,27,2026-10-21,1859,20000,,
2317284,27,2026-10-22,1859,20000,,
2317284,27,2026-10-23,1859,20000,,
2317284,27,2026-10-24,1859,20000,,
2317284,27,2026-10-25,1859,20000,,
2317284,27,2026-10-26,1859,20000,,
2317284,27,2026-10-27,1859,20000,,
2317284,27,2026-10-28,1859,20000,,
2317284,27,2026-10-29,1859,20000,,
2317284,27,2026-10-30,1859,20000,,
2317284,27,2026-10-31,1859,20000,,
2317284,27,2026-11-01,1859,20000,,
2317284,27,2026-11-02,1859,20000,,
2317284,27,2026-11-03,1859,20000,,
2317284,27,2026-11-04,1859,20000,,
2317284,27,2026-11-05,1859,20000,,
2317284,27,2026-11-06,1859,20000,,
2317284,27,2026-11-07,1859,20000,,
2317284,27,2026-11-08,1859,20000,,
2317284,27,2026-11-09,1859,20000,,
2317284,27,2026-11-10,1859,20000,,
2317284,27,2026-11-11,1859,20000,,
2317284,27,2026-11-12,1859,20000,,
2317284,27,2026-11-13,1859,20000,,
2317284,27,2026-11-14,1859,20000,,
2317284,27,2026-11-15,1859,20000,,
2317284,27,2026-11-16,1859,20000,,
2317284,27,2026-11-17,1859,20000,,
2317284,27,2026-11-18,1859,20000,,
2317284,27,2026-11-19,1859,20000,,
2317284,27,2026-11-22,1859,20000,,
2317284,27,2026-11-23,1859,20000,,
2317284,27,2026-11-24,1859,20000,,
2317284,27,2026-11-25,1859,20000,,
2317284,27,2026-12-02,1859,20000,,
2317284,27,2026-12-03,1859,20000,,
2317284,27,2026-12-04,1859,20000,,
2317284,27,2026-12-05,1859,20000,,
2317284,27,2026-12-06,1859,20000,,
2317284,27,2026-12-11,1859,20000,,
2317284,27,2026-12-12,1859,20000,,
2317284,28,2026-10-19,1859,20000,,
2317284,28,2026-10-20,1859,20000,,
2317284,28,2026-10-21,1859,20000,,
2317284,28,2026-10-22,1859,20000,,
2317284,28,2026-10-23,1859,20000,,
2317284,28,2026-10-24,1859,20000,,
2317284,28,2026-10-25,1859,20000,,
2317284,28,2026-10-26,1859,20000,,
2317284,28,2026-10-27,1859,20000,,
2317284,28,2026-10-28,1859,20000,,
2317284,28,2026-10-29,1859,20000,,
2317284,28,2026-10-30,1859,20000,,
2317284,28,2026-10-31,1859,20000,,
2317284,28,2026-11-01,1859,20000,,
2317284,28,2026-11-02,1859,20000,,
2317284,28,2026-11-03,1859,20000,,
2317284,28,2026-11-04,1859,20000,,
2317284,28,2026-11-05,1859,20000,,
2317284,28,2026-11-06,1859,20000,,
2317284,28,2026-11-07,1859,20000,,
2317284,28,2026-11-08,1859,20000,,
2317284,28,2026-11-09,1859,20000,,
2317284,28,2026-11-10,1859,20000,,
2317284,28,2026-11-11,1859,20000,,
2317284,28,2026-11-12,1859,20000,,
2317284,28,2026-11-13,1859,20000,,
2317284,28,2026-11-14,1859,20000,,
2317284,28,2026-11-15,1859,20000,,
2317284,28,2026-11-16,1859,20000,,
2317284,28,2026-11-17,1859,20000,,
2317284,28,2026-11-18,1859,20000,,
2317284,28,2026-11-19,1859,20000,,
2317284,28,2026-11-22,1859,20000,,
2317284,28,2026-11-23,1859,20000,,
2317284,28,2026-11-24,1859,20000,,
2317284,28,2026-11-25,1859,20000,,
2317284,28,2026-12-02,1859,20000,,
2317284,28,2026-12-03,1859,20000,,
2317284,28,2026-12-04,1859,20000,,
2317284,28,2026-12-05,1859,20000,,
2317284,28,2026-12-06,1859,20000,,
2317284,28,2026-12-11,1859,20000,,
2317284,28,2026-12-12,1859,20000,,
3006134,17,2026-12-17,1334,23600,,
3006134,18,2026-12-17,1334,23600,,
3006134,50,2026-12-17,1334,23600,,
4477291,15,2026-12-17,1210,20000,,
4477291,38,2026-12-17,1210,20000,,
4477291,76,2026-12-17,1210,20000,,
6141453,21,2026-10-04,2136,23600,,
6141453,22,2026-10-04,2136,23600,,
6141453,23,2026-10-04,2136,23600,,
6141453,24,2026-10-04,2136,23600,,
6141453,25,2026-10-04,2067,23600,,
6141453,39,2026-10-04,2136,23600,,
6141453,40,2026-10-04,2136,23600,,
6141453,83,2026-10-04,2136,23600,,
9772256,27,2027-09-18,3591,23600,,
9772256,28,2027-09-18,3591,23600,,
0256107,25,2027-09-18,1602,23600,,
0256107,26,2027-09-18,1602,23600,,
0262017,21,2026-09-24,1337,23600,,
0262017,22,2026-09-24,1337,23600,,
0262017,39,2026-09-24,1337,23600,,
0262017,83,2026-09-24,1337,23600,,
0262502,17,2026-09-24,1772,23600,,
0262502,18,2026-09-24,1772,23600,,
1075048,17,2026-12-17,1305,23600,,
1075048,18,2026-12-17,1305,23600,,
1075048,50,2026-12-17,1305,23600,,
1136293,23,2026-09-24,1678,23600,,
1136293,24,2026-09-24,1678,23600,,
1204840,17,2026-12-17,1804,27848,,
1204840,18,2026-12-17,1804,27848,,
1204840,19,2026-12-17,1804,27848,,
1204840,20,2026-12-17,1804,27848,,
1204840,50,2026-12-17,1804,27848,,
1204840,78,2026-10-04,1450,27848,,
1204840,79,2026-10-04,1450,27848,,
1215728,29,2027-09-18,4016,23600,,
1215728,30,2027-09-18,4016,23600,,
1215728,31,2027-09-18,4016,23600,,
1215728,57,2027-09-18,4016,23600,,
1215728,89,2027-09-18,4016,23600,,
1218728,27,2027-09-18,4012,20000,,
1218728,28,2027-09-18,4012,20000,,
1218728,35,2027-09-18,5219,20000,,
1218728,36,2027-09-18,5219,20000,,
1218728,37,2027-09-18,5219,20000,,
1229920,42,2026-10-04,1712,23600,,
1229920,43,2026-10-04,1712,23600,,
1241638,25,2027-09-18,2848,23600,,
1241638,26,2027-09-18,2848,23600,,
1247345,19,2026-09-27,1735,23600,,
1247345,20,2026-09-27,1735,23600,,
1247345,21,2026-09-27,1839,23600,,
1247345,22,2026-09-27,1839,23600,,
1247345,27,2026-09-27,1839,23600,,
1247345,28,2026-09-27,1839,23600,,
1247345,39,2026-09-27,1839,23600,,
1253706,29,2027-09-18,2946,23600,,
1253706,30,2027-09-18,2946,23600,,
1253706,31,2027-09-18,2946,23600,,
1253706,57,2027-09-18,2946,23600,,
1257158,25,2026-09-27,1380,23600,,
1257158,26,2026-09-27,1380,23600,,
1265433,21,2026-09-24,1843,23600,,
1265433,22,2026-09-24,1843,23600,,
1265433,39,2026-09-24,1843,23600,,
1265433,83,2026-09-24,1843,23600,,
1291813,17,2026-09-24,2104,23600,,
1291813,18,2026-09-24,2104,23600,,
1291813,50,2026-09-24,2104,23600,,
1292171,35,2026-09-24,2020,23600,,
1292171,36,2026-09-24,2020,23600,,
1307656,25,2026-10-02,1333,23600,,
1307656,25,2026-10-03,1333,23600,,
1307656,26,2026-10-02,1333,23600,,
1307656,26,2026-10-03,1333,23600,,
1314078,15,2026-12-17,1540,23600,,
1314078,38,2026-12-17,1540,23600,,
1314078,76,2026-12-17,1540,23600,,
1412139,25,2027-09-18,1580,23600,,
1412139,26,2027-09-18,1580,23600,,
1442173,19,2027-09-18,1553,20000,,
1442173,20,2027-09-18,1553,20000,,
1446075,17,2026-09-24,2071,23600,,
1446075,18,2026-09-24,2071,23600,,
1446075,50,2026-09-24,2071,23600,,
1446075,87,2026-09-24,2071,23600,,
1462197,19,2027-09-18,1481,23600,,
1462197,20,2027-09-18,1481,23600,,
1483392,17,2026-09-24,1372,27848,,
1483392,18,2026-09-24,1372,27848,,
1483392,50,2026-09-24,1372,27848,,
1483392,87,2026-09-24,1372,27848,,
1483570,17,2026-09-24,1241,23600,,
1483570,18,2026-09-24,1241,23600,,
1483570,19,2026-09-24,1310,23600,,
1483570,20,2026-09-24,1310,23600,,
1483570,50,2026-09-24,1241,23600,,
1483570,51,2026-09-24,1310,23600,,
1483570,87,2026-09-24,1241,23600,,
1484845,17,2026-09-24,1552,23600,,
1484845,18,2026-09-24,1552,23600,,
1484845,50,2026-09-24,1552,23600,,
1508443,25,2027-09-18,1561,23600,,
1508443,26,2027-09-18,1561,23600,,
1508506,15,2026-09-21,1361,23600,,
1508506,38,2026-09-21,1361,23600,,
1552629,21,2026-09-24,2287,23600,,
1552629,22,2026-09-24,2287,23600,,
1552629,39,2026-09-24,2287,23600,,
1552629,83,2026-09-24,2287,23600,,
1553264,25,2026-09-24,1607,23600,,
1553264,26,2026-09-24,1607,23600,,
1581295,35,2026-10-02,2275,27848,,
1581295,35,2026-10-03,2275,27848,,
1581295,35,2026-10-04,2210,27848,,
1581295,36,2026-10-02,2275,27848,,
1581295,36,2026-10-03,2275,27848,,
1581295,36,2026-10-04,2210,27848,,
1619637,17,2026-09-24,1478,23600,,
1619637,18,2026-09-24,1478,23600,,
1619637,50,2026-09-24,1478,23600,,
1619814,16,2026-12-17,986,23600,,
1619814,52,2026-12-17,986,23600,,
1755459,17,2026-09-24,1700,23600,,
1755459,18,2026-09-24,1700,23600,,
1755459,19,2026-09-24,1787,23600,,
1755459,20,2026-09-24,1787,23600,,
1755459,50,2026-09-24,1700,23600,,
1755459,51,2026-09-24,1787,23600,,
1755459,87,2026-09-24,1700,23600,,
1873520,25,2026-12-17,1736,23600,,
1873520,26,2026-12-17,1736,23600,,
1884844,17,2026-09-22,1133,23600,,
1884844,17,2026-09-23,1133,23600,,
1884844,18,2026-09-22,1133,23600,,
1884844,18,2026-09-23,1133,23600,,
1884844,50,2026-09-22,1133,23600,,
1884844,50,2026-09-23,1133,23600,,
1912757,25,2026-10-31,1489,23600,,
1912757,26,2026-10-31,1489,23600,,
2010412,25,2026-12-17,1804,23600,,
2010412,26,2026-12-17,1804,23600,,
2013841,25,2026-09-24,1098,23600,,
2015941,25,2026-09-24,1486,23600,,
2015941,26,2026-09-24,1486,23600,,
2017292,25,2027-09-18,1745,23600,,
2017292,26,2027-09-18,1745,23600,,
2020755,27,2026-12-13,2901,20000,,
2020755,28,2026-12-13,2901,20000,,
2043486,27,2026-09-24,2479,23600,,
2043486,28,2026-09-24,2479,23600,,
2089527,27,2027-09-18,1786,23600,,
2089527,28,2027-09-18,1786,23600,,
2317284,21,2026-12-01,1539,20000,,
2317284,21,2026-12-07,1539,20000,,
2317284,21,2026-12-08,1539,20000,,
2317284,21,2026-12-09,1539,20000,,
2317284,21,2026-12-10,1539,20000,,
2317284,21,2026-12-13,1539,20000,,
2317284,21,2026-12-14,1539,20000,,
2317284,21,2026-12-15,1539,20000,,
2317284,21,2026-12-16,1539,20000,,
2317284,22,2026-12-01,1539,20000,,
2317284,22,2026-12-07,1539,20000,,
2317284,22,2026-12-08,1539,20000,,
2317284,22,2026-12-09,1539,20000,,
2317284,22,2026-12-10,1539,20000,,
2317284,22,2026-12-13,1539,20000,,
2317284,22,2026-12-14,1539,20000,,
2317284,22,2026-12-15,1539,20000,,
2317284,22,2026-12-16,1539,20000,,
2317284,23,2026-12-01,1539,20000,,
2317284,23,2026-12-07,1539,20000,,
2317284,23,2026-12-08,1539,20000,,
2317284,23,2026-12-09,1539,20000,,
2317284,23,2026-12-10,1539,20000,,
2317284,23,2026-12-13,1539,20000,,
2317284,23,2026-12-14,1539,20000,,
2317284,23,2026-12-15,1539,20000,,
2317284,23,2026-12-16,1539,20000,,
2317284,24,2026-12-01,1539,20000,,
2317284,24,2026-12-07,1539,20000,,
2317284,24,2026-12-08,1539,20000,,
2317284,24,2026-12-09,1539,20000,,
2317284,24,2026-12-10,1539,20000,,
2317284,24,2026-12-13,1539,20000,,
2317284,24,2026-12-14,1539,20000,,
2317284,24,2026-12-15,1539,20000,,
2317284,24,2026-12-16,1539,20000,,
2317284,39,2026-12-01,1539,20000,,
2317284,39,2026-12-07,1539,20000,,
2317284,39,2026-12-08,1539,20000,,
2317284,39,2026-12-09,1539,20000,,
2317284,39,2026-12-10,1539,20000,,
2317284,39,2026-12-13,1539,20000,,
2317284,39,2026-12-14,1539,20000,,
2317284,39,2026-12-15,1539,20000,,
2317284,39,2026-12-16,1539,20000,,
2317284,40,2026-12-01,1539,20000,,
2317284,40,2026-12-07,1539,20000,,
2317284,40,2026-12-08,1539,20000,,
2317284,40,2026-12-09,1539,20000,,
2317284,40,2026-12-10,1539,20000,,
2317284,40,2026-12-13,1539,20000,,
2317284,40,2026-12-14,1539,20000,,
2317284,40,2026-12-15,1539,20000,,
2317284,40,2026-12-16,1539,20000,,
2317284,83,2026-12-01,1539,20000,,
2317284,83,2026-12-07,1539,20000,,
2317284,83,2026-12-08,1539,20000,,
2317284,83,2026-12-09,1539,20000,,
2317284,83,2026-12-10,1539,20000,,
2317284,83,2026-12-13,1539,20000,,
2317284,83,2026-12-14,1539,20000,,
2317284,83,2026-12-15,1539,20000,,
2317284,83,2026-12-16,1539,20000,,
4476459,29,2026-10-04,2402,23600,,
4476459,30,2026-10-04,2402,23600,,
4476459,31,2026-10-04,2402,23600,,
4476459,32,2026-10-04,2402,23600,,
4476459,33,2026-10-04,2402,23600,,
4476459,34,2026-10-04,2402,23600,,
4476459,57,2026-10-04,2402,23600,,
9772256,25,2027-09-18,3384,23600,,
9772256,26,2027-09-18,3384,23600,,
0015738,25,2027-09-18,1571,23600,,
0015738,26,2027-09-18,1571,23600,,
0207833,27,2026-12-17,3375,27848,,
0207833,28,2026-12-17,3375,27848,,
0245564,27,2026-09-27,4526,23600,,
0245564,27,2026-09-27,4526,23600,,
0245564,28,2026-09-27,4526,23600,,
0245564,28,2026-09-27,4526,23600,,
0327829,21,2026-12-17,1501,23600,,
0327829,22,2026-12-17,1501,23600,,
0327829,39,2026-12-17,1501,23600,,
0327829,83,2026-12-17,1501,23600,,
0377366,42,2027-09-18,2651,23600,,
0377366,43,2027-09-18,2651,23600,,
0377366,44,2027-09-18,2651,23600,,
1136293,21,2026-09-24,1609,23600,,
1136293,22,2026-09-24,1609,23600,,
1136293,39,2026-09-24,1609,23600,,
1204840,27,2027-09-18,1493,27848,,
1204840,28,2027-09-18,1493,27848,,
1215728,21,2027-09-18,3809,23600,,
1215728,22,2027-09-18,3809,23600,,
1215728,39,2027-09-18,3809,23600,,
1215728,83,2027-09-18,3809,23600,,
1218728,23,2027-09-18,3701,20000,,
1218728,24,2027-09-18,3701,20000,,
1218728,40,2027-09-18,3701,20000,,
1218728,42,2027-09-18,5633,20000,,
1218728,43,2027-09-18,5633,20000,,
1219455,23,2027-09-18,1808,23600,,
1219455,24,2027-09-18,1808,23600,,
1219455,40,2027-09-18,1808,23600,,
1245526,27,2027-09-18,2806,23600,,
1245526,28,2027-09-18,2806,23600,,
1247300,19,2026-09-27,1475,23600,,
1247300,20,2026-09-27,1475,23600,,
1247300,51,2026-09-27,1475,23600,,
1247345,17,2026-09-27,1597,23600,,
1247345,18,2026-09-27,1597,23600,,
1247345,25,2026-09-27,1597,23600,,
1247345,26,2026-09-27,1597,23600,,
1247345,50,2026-09-27,1597,23600,,
1319620,23,2026-09-24,1363,23600,,
1319620,24,2026-09-24,1363,23600,,
1326972,21,2026-09-24,1182,23600,,
1326972,22,2026-09-24,1182,23600,,
1326972,39,2026-09-24,1182,23600,,
1326972,83,2026-09-24,1182,23600,,
1394588,25,2027-09-18,1734,23600,,
1394588,26,2027-09-18,1734,23600,,
1462197,17,2027-09-18,1378,23600,,
1462197,18,2027-09-18,1378,23600,,
1462197,50,2027-09-18,1378,23600,,
1475965,27,2027-09-18,1673,23600,,
1475965,28,2027-09-18,1673,23600,,
1552629,25,2026-09-24,2080,23600,,
1552629,26,2026-09-24,2080,23600,,
1555338,25,2027-09-18,2214,23600,,
1555338,26,2027-09-18,2214,23600,,
1558817,25,2027-09-18,1881,23600,,
1558817,26,2027-09-18,1881,23600,,
1581295,23,2027-08-21,1452,27848,,
1581295,23,2027-08-22,1452,27848,,
1581295,23,2027-08-27,1452,27848,,
1581295,23,2027-08-28,1452,27848,,
1581295,23,2027-08-29,1452,27848,,
1581295,23,2027-08-30,1452,27848,,
1581295,23,2027-08-31,1452,27848,,
1581295,24,2027-08-21,1452,27848,,
1581295,24,2027-08-22,1452,27848,,
1581295,24,2027-08-27,1452,27848,,
1581295,24,2027-08-28,1452,27848,,
1581295,24,2027-08-29,1452,27848,,
1581295,24,2027-08-30,1452,27848,,
1581295,24,2027-08-31,1452,27848,,
1581295,25,2026-12-17,1572,27848,,
1581295,26,2026-12-17,1572,27848,,
1581295,27,2027-09-18,1728,27848,,
1581295,28,2027-09-18,1728,27848,,
1581295,29,2026-10-02,1930,27848,,
1581295,29,2026-10-03,1930,27848,,
1581295,29,2026-10-04,1865,27848,,
1581295,29,2027-08-21,1694,27848,,
1581295,29,2027-08-22,1694,27848,,
1581295,29,2027-08-27,1694,27848,,
1581295,29,2027-08-28,1694,27848,,
1581295,29,2027-08-29,1694,27848,,
1581295,29,2027-08-30,1694,27848,,
1581295,29,2027-08-31,1694,27848,,
1581295,29,2027-09-18,1694,27848,,
1581295,30,2026-10-02,1930,27848,,
1581295,30,2026-10-03,1930,27848,,
1581295,30,2026-10-04,1865,27848,,
1581295,30,2027-08-21,1694,27848,,
1581295,30,2027-08-22,1694,27848,,
1581295,30,2027-08-27,1694,27848,,
1581295,30,2027-08-28,1694,27848,,
1581295,30,2027-08-29,1694,27848,,
1581295,30,2027-08-30,1694,27848,,
1581295,30,2027-08-31,1694,27848,,
1581295,30,2027-09-18,1694,27848,,
1581295,31,2026-10-02,1930,27848,,
1581295,31,2026-10-03,1930,27848,,
1581295,31,2026-10-04,1865,27848,,
1581295,31,2027-08-21,1694,27848,,
1581295,31,2027-08-22,1694,27848,,
1581295,31,2027-08-27,1694,27848,,
1581295,31,2027-08-28,1694,27848,,
1581295,31,2027-08-29,1694,27848,,
1581295,31,2027-08-30,1694,27848,,
1581295,31,2027-08-31,1694,27848,,
1581295,31,2027-09-18,1694,27848,,
1581295,32,2027-09-18,1694,27848,,
1581295,33,2027-09-18,1694,27848,,
1581295,40,2027-08-21,1452,27848,,
1581295,40,2027-08-22,1452,27848,,
1581295,40,2027-08-27,1452,27848,,
1581295,40,2027-08-28,1452,27848,,
1581295,40,2027-08-29,1452,27848,,
1581295,40,2027-08-30,1452,27848,,
1581295,40,2027-08-31,1452,27848,,
1581295,41,2027-09-18,1728,27848,,
1581295,84,2027-08-21,1452,27848,,
1581295,84,2027-08-22,1452,27848,,
1581295,84,2027-08-27,1452,27848,,
1581295,84,2027-08-28,1452,27848,,
1581295,84,2027-08-29,1452,27848,,
1581295,84,2027-08-30,1452,27848,,
1581295,84,2027-08-31,1452,27848,,
1603145,19,2026-09-27,1127,23600,,
1603145,20,2026-09-27,1127,23600,,
1604662,29,2026-12-17,2784,20000,,
1604662,30,2026-12-17,2784,20000,,
1604662,31,2026-12-17,2784,20000,,
1604662,32,2026-12-17,2784,20000,,
1604662,33,2026-12-17,2784,20000,,
1604662,34,2026-12-17,2784,20000,,
1604662,57,2026-12-17,2784,20000,,
1609002,25,2027-09-18,2191,23600,,
1609002,26,2027-09-18,2191,23600,,
1978478,27,2027-09-18,1852,27848,,
1978478,28,2027-09-18,1852,27848,,
2020755,21,2026-12-13,2487,20000,,
2020755,22,2026-12-13,2487,20000,,
2020755,23,2026-12-13,2556,20000,,
2020755,24,2026-12-13,2556,20000,,
2020755,39,2026-12-13,2487,20000,,
2020755,40,2026-12-13,2556,20000,,
2020755,83,2026-12-13,2487,20000,,
2066561,42,2026-10-02,2821,27848,,
2066561,42,2026-10-03,2821,27848,,
2066561,43,2026-10-02,2821,27848,,
2066561,43,2026-10-03,2821,27848,,
2066561,47,2026-10-02,2821,27848,,
2066561,47,2026-10-03,2821,27848,,
2066561,48,2026-10-02,2821,27848,,
2066561,48,2026-10-03,2821,27848,,
2076663,25,2027-09-18,1312,23600,,
2076663,26,2027-09-18,1312,23600,,
2088875,25,2027-09-18,2096,23600,,
2088875,26,2027-09-18,2096,23600,,
2317284,21,2026-10-19,1514,20000,,
2317284,21,2026-10-20,1514,20000,,
2317284,21,2026-10-21,1514,20000,,
2317284,21,2026-10-22,1514,20000,,
2317284,21,2026-10-23,1514,20000,,
2317284,21,2026-10-24,1514,20000,,
2317284,21,2026-10-25,1514,20000,,
2317284,21,2026-10-26,1514,20000,,
2317284,21,2026-10-27,1514,20000,,
2317284,21,2026-10-28,1514,20000,,
2317284,21,2026-10-29,1514,20000,,
2317284,21,2026-10-30,1514,20000,,
2317284,21,2026-10-31,1514,20000,,
2317284,21,2026-11-01,1514,20000,,
2317284,21,2026-11-02,1514,20000,,
2317284,21,2026-11-03,1514,20000,,
2317284,21,2026-11-04,1514,20000,,
2317284,21,2026-11-05,1514,20000,,
2317284,21,2026-11-06,1514,20000,,
2317284,21,2026-11-07,1514,20000,,
2317284,21,2026-11-08,1514,20000,,
2317284,21,2026-11-09,1514,20000,,
2317284,21,2026-11-10,1514,20000,,
2317284,21,2026-11-11,1514,20000,,
2317284,21,2026-11-12,1514,20000,,
2317284,21,2026-11-13,1514,20000,,
2317284,21,2026-11-14,1514,20000,,
2317284,21,2026-11-15,1514,20000,,
2317284,21,2026-11-16,1514,20000,,
2317284,21,2026-11-17,1514,20000,,
2317284,21,2026-11-18,1514,20000,,
2317284,21,2026-11-19,1514,20000,,
2317284,21,2026-11-22,1514,20000,,
2317284,21,2026-11-23,1514,20000,,
2317284,21,2026-11-24,1514,20000,,
2317284,21,2026-11-25,1514,20000,,
2317284,21,2026-12-02,1514,20000,,
2317284,21,2026-12-03,1514,20000,,
2317284,21,2026-12-04,1514,20000,,
2317284,21,2026-12-05,1514,20000,,
2317284,21,2026-12-06,1514,20000,,
2317284,21,2026-12-11,1514,20000,,
2317284,21,2026-12-12,1514,20000,,
2317284,22,2026-10-19,1514,20000,,
2317284,22,2026-10-20,1514,20000,,
2317284,22,2026-10-21,1514,20000,,
2317284,22,2026-10-22,1514,20000,,
2317284,22,2026-10-23,1514,20000,,
2317284,22,2026-10-24,1514,20000,,
2317284,22,2026-10-25,1514,20000,,
2317284,22,2026-10-26,1514,20000,,
2317284,22,2026-10-27,1514,20000,,
2317284,22,2026-10-28,1514,20000,,
2317284,22,2026-10-29,1514,20000,,
2317284,22,2026-10-30,1514,20000,,
2317284,22,2026-10-31,1514,20000,,
2317284,22,2026-11-01,1514,20000,,
2317284,22,2026-11-02,1514,20000,,
2317284,22,2026-11-03,1514,20000,,
2317284,22,2026-11-04,1514,20000,,
2317284,22,2026-11-05,1514,20000,,
2317284,22,2026-11-06,1514,20000,,
2317284,22,2026-11-07,1514,20000,,
2317284,22,2026-11-08,1514,20000,,
2317284,22,2026-11-09,1514,20000,,
2317284,22,2026-11-10,1514,20000,,
2317284,22,2026-11-11,1514,20000,,
2317284,22,2026-11-12,1514,20000,,
2317284,22,2026-11-13,1514,20000,,
2317284,22,2026-11-14,1514,20000,,
2317284,22,2026-11-15,1514,20000,,
2317284,22,2026-11-16,1514,20000,,
2317284,22,2026-11-17,1514,20000,,
2317284,22,2026-11-18,1514,20000,,
2317284,22,2026-11-19,1514,20000,,
2317284,22,2026-11-22,1514,20000,,
2317284,22,2026-11-23,1514,20000,,
2317284,22,2026-11-24,1514,20000,,
2317284,22,2026-11-25,1514,20000,,
2317284,22,2026-12-02,1514,20000,,
2317284,22,2026-12-03,1514,20000,,
2317284,22,2026-12-04,1514,20000,,
2317284,22,2026-12-05,1514,20000,,
2317284,22,2026-12-06,1514,20000,,
2317284,22,2026-12-11,1514,20000,,
2317284,22,2026-12-12,1514,20000,,
2317284,23,2026-10-19,1514,20000,,
2317284,23,2026-10-20,1514,20000,,
2317284,23,2026-10-21,1514,20000,,
2317284,23,2026-10-22,1514,20000,,
2317284,23,2026-10-23,1514,20000,,
2317284,23,2026-10-24,1514,20000,,
2317284,23,2026-10-25,1514,20000,,
2317284,23,2026-10-26,1514,20000,,
2317284,23,2026-10-27,1514,20000,,
2317284,23,2026-10-28,1514,20000,,
2317284,23,2026-10-29,1514,20000,,
2317284,23,2026-10-30,1514,20000,,
2317284,23,2026-10-31,1514,20000,,
2317284,23,2026-11-01,1514,20000,,
2317284,23,2026-11-02,1514,20000,,
2317284,23,2026-11-03,1514,20000,,
2317284,23,2026-11-04,1514,20000,,
2317284,23,2026-11-05,1514,20000,,
2317284,23,2026-11-06,1514,20000,,
2317284,23,2026-11-07,1514,20000,,
2317284,23,2026-11-08,1514,20000,,
2317284,23,2026-11-09,1514,20000,,
2317284,23,2026-11-10,1514,20000,,
2317284,23,2026-11-11,1514,20000,,
2317284,23,2026-11-12,1514,20000,,
2317284,23,2026-11-13,1514,20000,,
2317284,23,2026-11-14,1514,20000,,
2317284,23,2026-11-15,1514,20000,,
2317284,23,2026-11-16,1514,20000,,
2317284,23,2026-11-17,1514,20000,,
2317284,23,2026-11-18,1514,20000,,
2317284,23,2026-11-19,1514,20000,,
2317284,23,2026-11-22,1514,20000,,
2317284,23,2026-11-23,1514,20000,,
2317284,23,2026-11-24,1514,20000,,
2317284,23,2026-11-25,1514,20000,,
2317284,23,2026-12-02,1514,20000,,
2317284,23,2026-12-03,1514,20000,,
2317284,23,2026-12-04,1514,20000,,
2317284,23,2026-12-05,1514,20000,,
2317284,23,2026-12-06,1514,20000,,
2317284,23,2026-12-11,1514,20000,,
2317284,23,2026-12-12,1514,20000,,
2317284,24,2026-10-19,1514,20000,,
2317284,24,2026-10-20,1514,20000,,
2317284,24,2026-10-21,1514,20000,,
2317284,24,2026-10-22,1514,20000,,
2317284,24,2026-10-23,1514,20000,,
2317284,24,2026-10-24,1514,20000,,
2317284,24,2026-10-25,1514,20000,,
2317284,24,2026-10-26,1514,20000,,
2317284,24,2026-10-27,1514,20000,,
2317284,24,2026-10-28,1514,20000,,
2317284,24,2026-10-29,1514,20000,,
2317284,24,2026-10-30,1514,20000,,
2317284,24,2026-10-31,1514,20000,,
2317284,24,2026-11-01,1514,20000,,
2317284,24,2026-11-02,1514,20000,,
2317284,24,2026-11-03,1514,20000,,
2317284,24,2026-11-04,1514,20000,,
2317284,24,2026-11-05,1514,20000,,
2317284,24,2026-11-06,1514,20000,,
2317284,24,2026-11-07,1514,20000,,
2317284,24,2026-11-08,1514,20000,,
2317284,24,2026-11-09,1514,20000,,
2317284,24,2026-11-10,1514,20000,,
2317284,24,2026-11-11,1514,20000,,
2317284,24,2026-11-12,1514,20000,,
2317284,24,2026-11-13,1514,20000,,
2317284,24,2026-11-14,1514,20000,,
2317284,24,2026-11-15,1514,20000,,
2317284,24,2026-11-16,1514,20000,,
2317284,24,2026-11-17,1514,20000,,
2317284,24,2026-11-18,1514,20000,,
2317284,24,2026-11-19,1514,20000,,
2317284,24,2026-11-22,1514,20000,,
2317284,24,2026-11-23,1514,20000,,
2317284,24,2026-11-24,1514,20000,,
2317284,24,2026-11-25,1514,20000,,
2317284,24,2026-12-02,1514,20000,,
2317284,24,2026-12-03,1514,20000,,
2317284,24,2026-12-04,1514,20000,,
2317284,24,2026-12-05,1514,20000,,
2317284,24,2026-12-06,1514,20000,,
2317284,24,2026-12-11,1514,20000,,
2317284,24,2026-12-12,1514,20000,,
2317284,39,2026-10-19,1514,20000,,
2317284,39,2026-10-20,1514,20000,,
2317284,39,2026-10-21,1514,20000,,
2317284,39,2026-10-22,1514,20000,,
2317284,39,2026-10-23,1514,20000,,
2317284,39,2026-10-24,1514,20000,,
2317284,39,2026-10-25,1514,20000,,
2317284,39,2026-10-26,1514,20000,,
2317284,39,2026-10-27,1514,20000,,
2317284,39,2026-10-28,1514,20000,,
2317284,39,2026-10-29,1514,20000,,
2317284,39,2026-10-30,1514,20000,,
2317284,39,2026-10-31,1514,20000,,
2317284,39,2026-11-01,1514,20000,,
2317284,39,2026-11-02,1514,20000,,
2317284,39,2026-11-03,1514,20000,,
2317284,39,2026-11-04,1514,20000,,
2317284,39,2026-11-05,1514,20000,,
2317284,39,2026-11-06,1514,20000,,
2317284,39,2026-11-07,1514,20000,,
2317284,39,2026-11-08,1514,20000,,
2317284,39,2026-11-09,1514,20000,,
2317284,39,2026-11-10,1514,20000,,
2317284,39,2026-11-11,1514,20000,,
2317284,39,2026-11-12,1514,20000,,
2317284,39,2026-11-13,1514,20000,,
2317284,39,2026-11-14,1514,20000,,
2317284,39,2026-11-15,1514,20000,,
2317284,39,2026-11-16,1514,20000,,
2317284,39,2026-11-17,1514,20000,,
2317284,39,2026-11-18,1514,20000,,
2317284,39,2026-11-19,1514,20000,,
2317284,39,2026-11-22,1514,20000,,
2317284,39,2026-11-23,1514,20000,,
2317284,39,2026-11-24,1514,20000,,
2317284,39,2026-11-25,1514,20000,,
2317284,39,2026-12-02,1514,20000,,
2317284,39,2026-12-03,1514,20000,,
2317284,39,2026-12-04,1514,20000,,
2317284,39,2026-12-05,1514,20000,,
2317284,39,2026-12-06,1514,20000,,
2317284,39,2026-12-11,1514,20000,,
2317284,39,2026-12-12,1514,20000,,
2317284,40,2026-10-19,1514,20000,,
2317284,40,2026-10-20,1514,20000,,
2317284,40,2026-10-21,1514,20000,,
2317284,40,2026-10-22,1514,20000,,
2317284,40,2026-10-23,1514,20000,,
2317284,40,2026-10-24,1514,20000,,
2317284,40,2026-10-25,1514,20000,,
2317284,40,2026-10-26,1514,20000,,
2317284,40,2026-10-27,1514,20000,,
2317284,40,2026-10-28,1514,20000,,
2317284,40,2026-10-29,1514,20000,,
2317284,40,2026-10-30,1514,20000,,
2317284,40,2026-10-31,1514,20000,,
2317284,40,2026-11-01,1514,20000,,
2317284,40,2026-11-02,1514,20000,,
2317284,40,2026-11-03,1514,20000,,
2317284,40,2026-11-04,1514,20000,,
2317284,40,2026-11-05,1514,20000,,
2317284,40,2026-11-06,1514,20000,,
2317284,40,2026-11-07,1514,20000,,
2317284,40,2026-11-08,1514,20000,,
2317284,40,2026-11-09,1514,20000,,
2317284,40,2026-11-10,1514,20000,,
2317284,40,2026-11-11,1514,20000,,
2317284,40,2026-11-12,1514,20000,,
2317284,40,2026-11-13,1514,20000,,
2317284,40,2026-11-14,1514,20000,,
2317284,40,2026-11-15,1514,20000,,
2317284,40,2026-11-16,1514,20000,,
2317284,40,2026-11-17,1514,20000,,
2317284,40,2026-11-18,1514,20000,,
2317284,40,2026-11-19,1514,20000,,
2317284,40,2026-11-22,1514,20000,,
2317284,40,2026-11-23,1514,20000,,
2317284,40,2026-11-24,1514,20000,,
2317284,40,2026-11-25,1514,20000,,
2317284,40,2026-12-02,1514,20000,,
2317284,40,2026-12-03,1514,20000,,
2317284,40,2026-12-04,1514,20000,,
2317284,40,2026-12-05,1514,20000,,
2317284,40,2026-12-06,1514,20000,,
2317284,40,2026-12-11,1514,20000,,
2317284,40,2026-12-12,1514,20000,,
2317284,83,2026-10-19,1514,20000,,
2317284,83,2026-10-20,1514,20000,,
2317284,83,2026-10-21,1514,20000,,
2317284,83,2026-10-22,1514,20000,,
2317284,83,2026-10-23,1514,20000,,
2317284,83,2026-10-24,1514,20000,,
2317284,83,2026-10-25,1514,20000,,
2317284,83,2026-10-26,1514,20000,,
2317284,83,2026-10-27,1514,20000,,
2317284,83,2026-10-28,1514,20000,,
2317284,83,2026-10-29,1514,20000,,
2317284,83,2026-10-30,1514,20000,,
2317284,83,2026-10-31,1514,20000,,
2317284,83,2026-11-01,1514,20000,,
2317284,83,2026-11-02,1514,20000,,
2317284,83,2026-11-03,1514,20000,,
2317284,83,2026-11-04,1514,20000,,
2317284,83,2026-11-05,1514,20000,,
2317284,83,2026-11-06,1514,20000,,
2317284,83,2026-11-07,1514,20000,,
2317284,83,2026-11-08,1514,20000,,
2317284,83,2026-11-09,1514,20000,,
2317284,83,2026-11-10,1514,20000,,
2317284,83,2026-11-11,1514,20000,,
2317284,83,2026-11-12,1514,20000,,
2317284,83,2026-11-13,1514,20000,,
2317284,83,2026-11-14,1514,20000,,
2317284,83,2026-11-15,1514,20000,,
2317284,83,2026-11-16,1514,20000,,
2317284,83,2026-11-17,1514,20000,,
2317284,83,2026-11-18,1514,20000,,
2317284,83,2026-11-19,1514,20000,,
2317284,83,2026-11-22,1514,20000,,
2317284,83,2026-11-23,1514,20000,,
2317284,83,2026-11-24,1514,20000,,
2317284,83,2026-11-25,1514,20000,,
2317284,83,2026-12-02,1514,20000,,
2317284,83,2026-12-03,1514,20000,,
2317284,83,2026-12-04,1514,20000,,
2317284,83,2026-12-05,1514,20000,,
2317284,83,2026-12-06,1514,20000,,
2317284,83,2026-12-11,1514,20000,,
2317284,83,2026-12-12,1514,20000,,
4477291,15,2026-10-02,1075,20000,,
4477291,15,2026-10-03,1075,20000,,
4477291,15,2026-10-04,1075,20000,,
4477291,38,2026-10-02,1075,20000,,
4477291,38,2026-10-03,1075,20000,,
4477291,38,2026-10-04,1075,20000,,
4477291,76,2026-10-02,1075,20000,,
4477291,76,2026-10-03,1075,20000,,
4477291,76,2026-10-04,1075,20000,,
6141453,25,2026-10-02,2186,23600,,
6141453,25,2026-10-03,2186,23600,,
0242206,25,2027-09-18,2939,23600,,
0265185,35,2026-09-19,3545,23600,,
0265185,35,2026-09-20,3545,23600,,
0265185,35,2026-09-21,3545,23600,,
0265185,35,2026-09-22,3545,23600,,
0265185,35,2026-09-23,3545,23600,,
0265185,35,2026-09-24,3545,23600,,
0265185,35,2026-09-25,3545,23600,,
0265185,35,2026-09-26,3545,23600,,
0265185,35,2026-09-27,3545,23600,,
0265185,35,2026-09-28,3545,23600,,
0265185,35,2026-09-29,3545,23600,,
0265185,35,2026-09-30,3545,23600,,
0265185,35,2026-10-02,3545,23600,,
0265185,35,2026-10-04,3545,23600,,
0265185,35,2026-10-05,3545,23600,,
0265185,35,2026-10-06,3545,23600,,
0265185,35,2026-10-07,3545,23600,,
0265185,35,2026-10-08,3545,23600,,
0265185,35,2026-10-09,3545,23600,,
0265185,35,2026-10-10,3545,23600,,
0265185,35,2026-10-11,3545,23600,,
0265185,35,2026-10-12,3545,23600,,
0265185,35,2026-10-13,3545,23600,,
0265185,35,2026-10-14,3545,23600,,
0265185,35,2026-10-15,3545,23600,,
0265185,35,2026-10-17,3545,23600,,
0265185,35,2026-10-18,3545,23600,,
0265185,35,2026-10-19,3545,23600,,
0265185,35,2026-10-20,3545,23600,,
0265185,35,2026-10-21,3545,23600,,
0265185,35,2026-10-22,3545,23600,,
0265185,35,2026-10-23,3545,23600,,
0265185,35,2026-10-24,3545,23600,,
0265185,35,2026-10-26,3545,23600,,
0265185,35,2026-10-27,3545,23600,,
0265185,35,2026-10-28,3545,23600,,
0265185,35,2026-10-29,3545,23600,,
0265185,35,2026-10-30,3545,23600,,
0265185,35,2026-10-31,3545,23600,,
0265185,35,2026-11-01,3545,23600,,
0265185,35,2026-11-02,3545,23600,,
0265185,35,2026-11-03,3545,23600,,
0265185,35,2026-11-04,3545,23600,,
0265185,35,2026-11-05,3545,23600,,
0265185,35,2026-11-06,3545,23600,,
0265185,35,2026-11-07,3545,23600,,
0265185,35,2026-11-08,3545,23600,,
0265185,35,2026-11-09,3545,23600,,
0265185,35,2026-11-10,3545,23600,,
0265185,35,2026-11-11,3545,23600,,
0265185,35,2026-11-12,3545,23600,,
0265185,35,2026-11-13,3545,23600,,
0265185,35,2026-11-14,3545,23600,,
0265185,35,2026-11-15,3545,23600,,
0265185,35,2026-11-16,3545,23600,,
0265185,35,2026-11-17,3545,23600,,
0265185,35,2026-11-18,3545,23600,,
0265185,35,2026-11-19,3545,23600,,
0265185,35,2026-11-22,3545,23600,,
0265185,35,2026-11-23,3545,23600,,
0265185,35,2026-11-27,3545,23600,,
0265185,35,2026-11-28,3545,23600,,
0265185,35,2026-11-29,3545,23600,,
0265185,35,2026-11-30,3545,23600,,
0265185,35,2026-12-01,3545,23600,,
0265185,35,2026-12-07,3545,23600,,
0265185,35,2026-12-08,3545,23600,,
0265185,35,2026-12-09,3545,23600,,
0265185,35,2026-12-10,3545,23600,,
0265185,35,2026-12-13,3545,23600,,
0265185,35,2026-12-14,3545,23600,,
0265185,35,2026-12-15,3545,23600,,
0265185,35,2026-12-16,3545,23600,,
0265185,35,2026-12-17,3545,23600,,
0265185,36,2026-09-19,3545,23600,,
0265185,36,2026-09-20,3545,23600,,
0265185,36,2026-09-21,3545,23600,,
0265185,36,2026-09-22,3545,23600,,
0265185,36,2026-09-23,3545,23600,,
0265185,36,2026-09-24,3545,23600,,
0265185,36,2026-09-25,3545,23600,,
0265185,36,2026-09-26,3545,23600,,
0265185,36,2026-09-27,3545,23600,,
0265185,36,2026-09-28,3545,23600,,
0265185,36,2026-09-29,3545,23600,,
0265185,36,2026-09-30,3545,23600,,
0265185,36,2026-10-02,3545,23600,,
0265185,36,2026-10-04,3545,23600,,
0265185,36,2026-10-05,3545,23600,,
0265185,36,2026-10-06,3545,23600,,
0265185,36,2026-10-07,3545,23600,,
0265185,36,2026-10-08,3545,23600,,
0265185,36,2026-10-09,3545,23600,,
0265185,36,2026-10-10,3545,23600,,
0265185,36,2026-10-11,3545,23600,,
0265185,36,2026-10-12,3545,23600,,
0265185,36,2026-10-13,3545,23600,,
0265185,36,2026-10-14,3545,23600,,
0265185,36,2026-10-15,3545,23600,,
0265185,36,2026-10-17,3545,23600,,
0265185,36,2026-10-18,3545,23600,,
0265185,36,2026-10-19,3545,23600,,
0265185,36,2026-10-20,3545,23600,,
0265185,36,2026-10-21,3545,23600,,
0265185,36,2026-10-22,3545,23600,,
0265185,36,2026-10-23,3545,23600,,
0265185,36,2026-10-24,3545,23600,,
0265185,36,2026-10-26,3545,23600,,
0265185,36,2026-10-27,3545,23600,,
0265185,36,2026-10-28,3545,23600,,
0265185,36,2026-10-29,3545,23600,,
0265185,36,2026-10-30,3545,23600,,
0265185,36,2026-10-31,3545,23600,,
0265185,36,2026-11-01,3545,23600,,
0265185,36,2026-11-02,3545,23600,,
0265185,36,2026-11-03,3545,23600,,
0265185,36,2026-11-04,3545,23600,,
0265185,36,2026-11-05,3545,23600,,
0265185,36,2026-11-06,3545,23600,,
0265185,36,2026-11-07,3545,23600,,
0265185,36,2026-11-08,3545,23600,,
0265185,36,2026-11-09,3545,23600,,
0265185,36,2026-11-10,3545,23600,,
0265185,36,2026-11-11,3545,23600,,
0265185,36,2026-11-12,3545,23600,,
0265185,36,2026-11-13,3545,23600,,
0265185,36,2026-11-14,3545,23600,,
0265185,36,2026-11-15,3545,23600,,
0265185,36,2026-11-16,3545,23600,,
0265185,36,2026-11-17,3545,23600,,
0265185,36,2026-11-18,3545,23600,,
0265185,36,2026-11-19,3545,23600,,
0265185,36,2026-11-22,3545,23600,,
0265185,36,2026-11-23,3545,23600,,
0265185,36,2026-11-27,3545,23600,,
0265185,36,2026-11-28,3545,23600,,
0265185,36,2026-11-29,3545,23600,,
0265185,36,2026-11-30,3545,23600,,
0265185,36,2026-12-01,3545,23600,,
0265185,36,2026-12-07,3545,23600,,
0265185,36,2026-12-08,3545,23600,,
0265185,36,2026-12-09,3545,23600,,
0265185,36,2026-12-10,3545,23600,,
0265185,36,2026-12-13,3545,23600,,
0265185,36,2026-12-14,3545,23600,,
0265185,36,2026-12-15,3545,23600,,
0265185,36,2026-12-16,3545,23600,,
0265185,36,2026-12-17,3545,23600,,
0327829,23,2026-12-17,1570,23600,,
0327829,24,2026-12-17,1570,23600,,
0327829,40,2026-12-17,1570,23600,,
0371149,25,2027-09-18,3143,23600,,
0371149,26,2027-09-18,3143,23600,,
1064422,17,2026-09-27,1081,23600,,
1064422,18,2026-09-27,1081,23600,,
1064422,19,2026-09-27,1081,23600,,
1064422,20,2026-09-27,1081,23600,,
1064422,50,2026-09-27,1081,23600,,
1115459,21,2027-09-18,1532,20000,,
1115459,22,2027-09-18,1532,20000,,
1115459,23,2027-09-18,1532,20000,,
1115459,24,2027-09-18,1532,20000,,
1115459,39,2027-09-18,1532,20000,,
1115459,40,2027-09-18,1532,20000,,
1115459,83,2027-09-18,1532,20000,,
1136293,17,2026-09-24,1402,23600,,
1136293,18,2026-09-24,1402,23600,,
1136293,19,2026-09-24,1471,23600,,
1136293,20,2026-09-24,1471,23600,,
1136293,50,2026-09-24,1402,23600,,
1165837,25,2027-09-18,1809,23600,,
1165837,26,2027-09-18,1809,23600,,
1166122,35,2027-09-18,2354,23600,,
1166122,36,2027-09-18,2354,23600,,
1215728,23,2027-09-18,3878,23600,,
1215728,24,2027-09-18,3878,23600,,
1215728,32,2027-09-18,4085,23600,,
1215728,33,2027-09-18,4085,23600,,
1215728,34,2027-09-18,4085,23600,,
1215728,40,2027-09-18,3878,23600,,
1215728,58,2027-09-18,4085,23600,,
1218728,15,2027-09-18,2597,20000,,
1218728,16,2027-09-18,2597,20000,,
1218728,21,2027-09-18,3563,20000,,
1218728,22,2027-09-18,3563,20000,,
1218728,38,2027-09-18,2597,20000,,
1218728,39,2027-09-18,3563,20000,,
1218728,52,2027-09-18,2597,20000,,
1218728,76,2027-09-18,2597,20000,,
1218728,83,2027-09-18,3563,20000,,
1242933,27,2027-09-18,3491,23600,,
1242933,28,2027-09-18,3491,23600,,
1247300,17,2026-09-27,1406,23600,,
1247300,18,2026-09-27,1406,23600,,
1247300,25,2026-09-27,1406,23600,,
1247300,26,2026-09-27,1406,23600,,
1247300,50,2026-09-27,1406,23600,,
1247300,87,2026-09-27,1406,23600,,
1247345,15,2026-09-27,1494,23600,,
1247345,16,2026-09-27,1563,23600,,
1247345,38,2026-09-27,1494,23600,,
1381192,19,2027-09-18,2207,23600,,
1381192,20,2027-09-18,2207,23600,,
1412139,25,2026-12-17,1548,23600,,
1412139,26,2026-12-17,1548,23600,,
1535153,27,2026-12-17,1885,23600,,
1535153,28,2026-12-17,1885,23600,,
1581295,27,2026-09-27,1678,27848,,
1581295,28,2026-09-27,1678,27848,,
1581295,29,2026-09-27,1644,27848,,
1581295,30,2026-09-27,1644,27848,,
1581295,31,2026-09-27,1644,27848,,
1581295,32,2026-09-27,1644,27848,,
1581295,33,2026-09-27,1644,27848,,
1581295,41,2026-09-27,1678,27848,,
1596296,27,2026-12-17,2536,32861,,
1596296,28,2026-12-17,2536,32861,,
1596296,41,2026-12-17,2536,32861,,
1896095,27,2027-09-18,1439,23600,,
1896095,28,2027-09-18,1439,23600,,
1912757,25,2026-09-26,1463,23600,,
1912757,25,2026-11-01,1459,23600,,
1912757,25,2026-11-02,1459,23600,,
1912757,25,2026-11-03,1459,23600,,
1912757,25,2026-11-04,1459,23600,,
1912757,25,2026-11-05,1459,23600,,
1912757,25,2026-11-12,1459,23600,,
1912757,26,2026-09-26,1463,23600,,
1912757,26,2026-11-01,1459,23600,,
1912757,26,2026-11-02,1459,23600,,
1912757,26,2026-11-03,1459,23600,,
1912757,26,2026-11-04,1459,23600,,
1912757,26,2026-11-05,1459,23600,,
1912757,26,2026-11-12,1459,23600,,
2017292,25,2026-12-17,1711,23600,,
2017292,26,2026-12-17,1711,23600,,
2024299,25,2027-09-18,1714,23600,,
2024299,26,2027-09-18,1714,23600,,
2043486,23,2026-09-24,2134,23600,,
2043486,24,2026-09-24,2134,23600,,
2043486,40,2026-09-24,2134,23600,,
2077421,23,2026-09-24,1251,23600,,
2077421,24,2026-09-24,1251,23600,,
2077421,40,2026-09-24,1251,23600,,
2317284,17,2026-12-01,1263,20000,,
2317284,17,2026-12-07,1263,20000,,
2317284,17,2026-12-08,1263,20000,,
2317284,17,2026-12-09,1263,20000,,
2317284,17,2026-12-10,1263,20000,,
2317284,17,2026-12-13,1263,20000,,
2317284,17,2026-12-14,1263,20000,,
2317284,17,2026-12-15,1263,20000,,
2317284,17,2026-12-16,1263,20000,,
2317284,18,2026-12-01,1263,20000,,
2317284,18,2026-12-07,1263,20000,,
2317284,18,2026-12-08,1263,20000,,
2317284,18,2026-12-09,1263,20000,,
2317284,18,2026-12-10,1263,20000,,
2317284,18,2026-12-13,1263,20000,,
2317284,18,2026-12-14,1263,20000,,
2317284,18,2026-12-15,1263,20000,,
2317284,18,2026-12-16,1263,20000,,
2317284,19,2026-12-01,1263,20000,,
2317284,19,2026-12-07,1263,20000,,
2317284,19,2026-12-08,1263,20000,,
2317284,19,2026-12-09,1263,20000,,
2317284,19,2026-12-10,1263,20000,,
2317284,19,2026-12-13,1263,20000,,
2317284,19,2026-12-14,1263,20000,,
2317284,19,2026-12-15,1263,20000,,
2317284,19,2026-12-16,1263,20000,,
2317284,20,2026-12-01,1263,20000,,
2317284,20,2026-12-07,1263,20000,,
2317284,20,2026-12-08,1263,20000,,
2317284,20,2026-12-09,1263,20000,,
2317284,20,2026-12-10,1263,20000,,
2317284,20,2026-12-13,1263,20000,,
2317284,20,2026-12-14,1263,20000,,
2317284,20,2026-12-15,1263,20000,,
2317284,20,2026-12-16,1263,20000,,
2317284,50,2026-12-01,1263,20000,,
2317284,50,2026-12-07,1263,20000,,
2317284,50,2026-12-08,1263,20000,,
2317284,50,2026-12-09,1263,20000,,
2317284,50,2026-12-10,1263,20000,,
2317284,50,2026-12-13,1263,20000,,
2317284,50,2026-12-14,1263,20000,,
2317284,50,2026-12-15,1263,20000,,
2317284,50,2026-12-16,1263,20000,,
4477291,17,2026-12-17,1279,20000,,
4477291,18,2026-12-17,1279,20000,,
4477291,50,2026-12-17,1279,20000,,
0242206,27,2027-09-18,3077,23600,,
0242206,28,2027-09-18,3077,23600,,
0245564,23,2026-09-27,3974,23600,,
0245564,23,2026-09-27,3974,23600,,
0245564,24,2026-09-27,3974,23600,,
0245564,24,2026-09-27,3974,23600,,
0245564,40,2026-09-27,3974,23600,,
1197891,19,2026-09-24,1766,23600,,
1197891,20,2026-09-24,1766,23600,,
1218728,25,2027-09-18,3149,20000,,
1218728,26,2027-09-18,3149,20000,,
1219455,21,2027-09-18,1636,23600,,
1219455,22,2027-09-18,1636,23600,,
1219455,39,2027-09-18,1636,23600,,
1219455,83,2027-09-18,1636,23600,,
1247300,15,2026-09-27,1337,23600,,
1247536,35,2026-09-27,3175,23600,,
1247536,36,2026-09-27,3175,23600,,
1307656,25,2026-12-17,1318,23600,,
1307656,26,2026-12-17,1318,23600,,
1319620,19,2026-09-24,1191,23600,,
1319620,21,2026-09-24,1225,23600,,
1319620,22,2026-09-24,1225,23600,,
1319620,39,2026-09-24,1225,23600,,
1375831,27,2027-09-18,2562,23600,,
1375831,28,2027-09-18,2562,23600,,
1399581,27,2026-12-17,1386,27848,,
1399581,28,2026-12-17,1386,27848,,
1503376,35,2027-09-18,2558,23600,,
1503376,36,2027-09-18,2558,23600,,
1581295,19,2027-08-21,1280,27848,,
1581295,19,2027-08-22,1280,27848,,
1581295,19,2027-08-27,1280,27848,,
1581295,19,2027-08-28,1280,27848,,
1581295,19,2027-08-29,1280,27848,,
1581295,19,2027-08-30,1280,27848,,
1581295,19,2027-08-31,1280,27848,,
1581295,20,2027-08-21,1280,27848,,
1581295,20,2027-08-22,1280,27848,,
1581295,20,2027-08-27,1280,27848,,
1581295,20,2027-08-28,1280,27848,,
1581295,20,2027-08-29,1280,27848,,
1581295,20,2027-08-30,1280,27848,,
1581295,20,2027-08-31,1280,27848,,
1581295,21,2026-09-27,1333,27848,,
1581295,22,2026-09-27,1333,27848,,
1581295,32,2026-10-02,1930,27848,,
1581295,32,2026-10-03,1930,27848,,
1581295,32,2026-10-04,1865,27848,,
1581295,33,2026-10-02,1930,27848,,
1581295,33,2026-10-03,1930,27848,,
1581295,33,2026-10-04,1865,27848,,
1581295,39,2026-09-27,1333,27848,,
1581295,83,2026-09-27,1333,27848,,
1581295,97,2026-09-27,1333,27848,,
1702720,17,2026-12-17,2296,23600,,
1702720,18,2026-12-17,2296,23600,,
1702720,19,2026-12-17,2296,23600,,
1702720,20,2026-12-17,2296,23600,,
1702720,50,2026-12-17,2296,23600,,
1914908,42,2026-10-30,3243,20000,,
1914908,42,2026-10-31,3243,20000,,
1914908,43,2026-10-30,3243,20000,,
1914908,43,2026-10-31,3243,20000,,
2018783,25,2026-11-20,1573,23600,,
2018783,25,2026-11-21,1573,23600,,
2018783,25,2026-11-26,1573,23600,,
2018783,26,2026-11-20,1573,23600,,
2018783,26,2026-11-21,1573,23600,,
2018783,26,2026-11-26,1573,23600,,
2020755,19,2026-12-13,2177,20000,,
2020755,20,2026-12-13,2177,20000,,
2020755,21,2026-11-21,2811,20000,,
2020755,22,2026-11-21,2811,20000,,
2020755,27,2026-12-01,2780,20000,,
2020755,27,2026-12-07,2780,20000,,
2020755,27,2026-12-08,2780,20000,,
2020755,27,2026-12-09,2780,20000,,
2020755,27,2026-12-10,2780,20000,,
2020755,28,2026-12-01,2780,20000,,
2020755,28,2026-12-07,2780,20000,,
2020755,28,2026-12-08,2780,20000,,
2020755,28,2026-12-09,2780,20000,,
2020755,28,2026-12-10,2780,20000,,
2020755,39,2026-11-21,2811,20000,,
2020755,83,2026-11-21,2811,20000,,
2031351,27,2026-12-17,2519,23600,,
2031351,28,2026-12-17,2519,23600,,
2043486,21,2026-09-24,2048,23600,,
2043486,22,2026-09-24,2048,23600,,
2043486,39,2026-09-24,2048,23600,,
2043486,83,2026-09-24,2048,23600,,
2063608,25,2027-09-18,1369,23600,,
2063608,26,2027-09-18,1369,23600,,
2077421,21,2026-09-24,1182,23600,,
2077421,22,2026-09-24,1182,23600,,
2077421,39,2026-09-24,1182,23600,,
2077421,83,2026-09-24,1182,23600,,
2345375,27,2027-09-18,1692,23600,,
2345375,28,2027-09-18,1692,23600,,
0242206,25,2026-12-17,2881,23600,,
0245564,21,2026-09-27,3629,23600,,
0245564,21,2026-09-27,3629,23600,,
0245564,22,2026-09-27,3629,23600,,
0245564,22,2026-09-27,3629,23600,,
0245564,39,2026-09-27,3629,23600,,
0245564,83,2026-09-27,3629,23600,,
0265185,27,2026-12-17,2199,23600,,
0265185,28,2026-12-17,2199,23600,,
0265185,32,2026-09-19,3062,23600,,
0265185,32,2026-09-20,3062,23600,,
0265185,32,2026-09-21,3062,23600,,
0265185,32,2026-09-22,3062,23600,,
0265185,32,2026-09-23,3062,23600,,
0265185,32,2026-09-24,3062,23600,,
0265185,32,2026-09-25,3062,23600,,
0265185,32,2026-09-26,3062,23600,,
0265185,32,2026-09-27,3062,23600,,
0265185,32,2026-09-28,3062,23600,,
0265185,32,2026-09-29,3062,23600,,
0265185,32,2026-09-30,3062,23600,,
0265185,32,2026-10-02,3062,23600,,
0265185,32,2026-10-04,3062,23600,,
0265185,32,2026-10-05,3062,23600,,
0265185,32,2026-10-06,3062,23600,,
0265185,32,2026-10-07,3062,23600,,
0265185,32,2026-10-08,3062,23600,,
0265185,32,2026-10-09,3062,23600,,
0265185,32,2026-10-10,3062,23600,,
0265185,32,2026-10-11,3062,23600,,
0265185,32,2026-10-12,3062,23600,,
0265185,32,2026-10-13,3062,23600,,
0265185,32,2026-10-14,3062,23600,,
0265185,32,2026-10-15,3062,23600,,
0265185,32,2026-10-17,3062,23600,,
0265185,32,2026-10-18,3062,23600,,
0265185,32,2026-10-19,3062,23600,,
0265185,32,2026-10-20,3062,23600,,
0265185,32,2026-10-21,3062,23600,,
0265185,32,2026-10-22,3062,23600,,
0265185,32,2026-10-23,3062,23600,,
0265185,32,2026-10-24,3062,23600,,
0265185,32,2026-10-26,3062,23600,,
0265185,32,2026-10-27,3062,23600,,
0265185,32,2026-10-28,3062,23600,,
0265185,32,2026-10-29,3062,23600,,
0265185,32,2026-10-30,3062,23600,,
0265185,32,2026-10-31,3062,23600,,
0265185,32,2026-11-01,3062,23600,,
0265185,32,2026-11-02,3062,23600,,
0265185,32,2026-11-03,3062,23600,,
0265185,32,2026-11-04,3062,23600,,
0265185,32,2026-11-05,3062,23600,,
0265185,32,2026-11-06,3062,23600,,
0265185,32,2026-11-07,3062,23600,,
0265185,32,2026-11-08,3062,23600,,
0265185,32,2026-11-09,3062,23600,,
0265185,32,2026-11-10,3062,23600,,
0265185,32,2026-11-11,3062,23600,,
0265185,32,2026-11-12,3062,23600,,
0265185,32,2026-11-13,3062,23600,,
0265185,32,2026-11-14,3062,23600,,
0265185,32,2026-11-15,3062,23600,,
0265185,32,2026-11-16,3062,23600,,
0265185,32,2026-11-17,3062,23600,,
0265185,32,2026-11-18,3062,23600,,
0265185,32,2026-11-19,3062,23600,,
0265185,32,2026-11-22,3062,23600,,
0265185,32,2026-11-23,3062,23600,,
0265185,32,2026-11-27,3062,23600,,
0265185,32,2026-11-28,3062,23600,,
0265185,32,2026-11-29,3062,23600,,
0265185,32,2026-11-30,3062,23600,,
0265185,32,2026-12-01,3062,23600,,
0265185,32,2026-12-07,3062,23600,,
0265185,32,2026-12-08,3062,23600,,
0265185,32,2026-12-09,3062,23600,,
0265185,32,2026-12-10,3062,23600,,
0265185,32,2026-12-13,3062,23600,,
0265185,32,2026-12-14,3062,23600,,
0265185,32,2026-12-15,3062,23600,,
0265185,32,2026-12-16,3062,23600,,
0265185,32,2026-12-17,3062,23600,,
0265185,33,2026-09-19,3062,23600,,
0265185,33,2026-09-20,3062,23600,,
0265185,33,2026-09-21,3062,23600,,
0265185,33,2026-09-22,3062,23600,,
0265185,33,2026-09-23,3062,23600,,
0265185,33,2026-09-24,3062,23600,,
0265185,33,2026-09-25,3062,23600,,
0265185,33,2026-09-26,3062,23600,,
0265185,33,2026-09-27,3062,23600,,
0265185,33,2026-09-28,3062,23600,,
0265185,33,2026-09-29,3062,23600,,
0265185,33,2026-09-30,3062,23600,,
0265185,33,2026-10-02,3062,23600,,
0265185,33,2026-10-04,3062,23600,,
0265185,33,2026-10-05,3062,23600,,
0265185,33,2026-10-06,3062,23600,,
0265185,33,2026-10-07,3062,23600,,
0265185,33,2026-10-08,3062,23600,,
0265185,33,2026-10-09,3062,23600,,
0265185,33,2026-10-10,3062,23600,,
0265185,33,2026-10-11,3062,23600,,
0265185,33,2026-10-12,3062,23600,,
0265185,33,2026-10-13,3062,23600,,
0265185,33,2026-10-14,3062,23600,,
0265185,33,2026-10-15,3062,23600,,
0265185,33,2026-10-17,3062,23600,,
0265185,33,2026-10-18,3062,23600,,
0265185,33,2026-10-19,3062,23600,,
0265185,33,2026-10-20,3062,23600,,
0265185,33,2026-10-21,3062,23600,,
0265185,33,2026-10-22,3062,23600,,
0265185,33,2026-10-23,3062,23600,,
0265185,33,2026-10-24,3062,23600,,
0265185,33,2026-10-26,3062,23600,,
0265185,33,2026-10-27,3062,23600,,
0265185,33,2026-10-28,3062,23600,,
0265185,33,2026-10-29,3062,23600,,
0265185,33,2026-10-30,3062,23600,,
0265185,33,2026-10-31,3062,23600,,
0265185,33,2026-11-01,3062,23600,,
0265185,33,2026-11-02,3062,23600,,
0265185,33,2026-11-03,3062,23600,,
0265185,33,2026-11-04,3062,23600,,
0265185,33,2026-11-05,3062,23600,,
0265185,33,2026-11-06,3062,23600,,
0265185,33,2026-11-07,3062,23600,,
0265185,33,2026-11-08,3062,23600,,
0265185,33,2026-11-09,3062,23600,,
0265185,33,2026-11-10,3062,23600,,
0265185,33,2026-11-11,3062,23600,,
0265185,33,2026-11-12,3062,23600,,
0265185,33,2026-11-13,3062,23600,,
0265185,33,2026-11-14,3062,23600,,
0265185,33,2026-11-15,3062,23600,,
0265185,33,2026-11-16,3062,23600,,
0265185,33,2026-11-17,3062,23600,,
0265185,33,2026-11-18,3062,23600,,
0265185,33,2026-11-19,3062,23600,,
0265185,33,2026-11-22,3062,23600,,
0265185,33,2026-11-23,3062,23600,,
0265185,33,2026-11-27,3062,23600,,
0265185,33,2026-11-28,3062,23600,,
0265185,33,2026-11-29,3062,23600,,
0265185,33,2026-11-30,3062,23600,,
0265185,33,2026-12-01,3062,23600,,
0265185,33,2026-12-07,3062,23600,,
0265185,33,2026-12-08,3062,23600,,
0265185,33,2026-12-09,3062,23600,,
0265185,33,2026-12-10,3062,23600,,
0265185,33,2026-12-13,3062,23600,,
0265185,33,2026-12-14,3062,23600,,
0265185,33,2026-12-15,3062,23600,,
0265185,33,2026-12-16,3062,23600,,
0265185,33,2026-12-17,3062,23600,,
0265185,34,2026-09-19,3062,23600,,
0265185,34,2026-09-20,3062,23600,,
0265185,34,2026-09-21,3062,23600,,
0265185,34,2026-09-22,3062,23600,,
0265185,34,2026-09-23,3062,23600,,
0265185,34,2026-09-24,3062,23600,,
0265185,34,2026-09-25,3062,23600,,
0265185,34,2026-09-26,3062,23600,,
0265185,34,2026-09-27,3062,23600,,
0265185,34,2026-09-28,3062,23600,,
0265185,34,2026-09-29,3062,23600,,
0265185,34,2026-09-30,3062,23600,,
0265185,34,2026-10-02,3062,23600,,
0265185,34,2026-10-04,3062,23600,,
0265185,34,2026-10-05,3062,23600,,
0265185,34,2026-10-06,3062,23600,,
0265185,34,2026-10-07,3062,23600,,
0265185,34,2026-10-08,3062,23600,,
0265185,34,2026-10-09,3062,23600,,
0265185,34,2026-10-10,3062,23600,,
0265185,34,2026-10-11,3062,23600,,
0265185,34,2026-10-12,3062,23600,,
0265185,34,2026-10-13,3062,23600,,
0265185,34,2026-10-14,3062,23600,,
0265185,34,2026-10-15,3062,23600,,
0265185,34,2026-10-17,3062,23600,,
0265185,34,2026-10-18,3062,23600,,
0265185,34,2026-10-19,3062,23600,,
0265185,34,2026-10-20,3062,23600,,
0265185,34,2026-10-21,3062,23600,,
0265185,34,2026-10-22,3062,23600,,
0265185,34,2026-10-23,3062,23600,,
0265185,34,2026-10-24,3062,23600,,
0265185,34,2026-10-26,3062,23600,,
0265185,34,2026-10-27,3062,23600,,
0265185,34,2026-10-28,3062,23600,,
0265185,34,2026-10-29,3062,23600,,
0265185,34,2026-10-30,3062,23600,,
0265185,34,2026-10-31,3062,23600,,
0265185,34,2026-11-01,3062,23600,,
0265185,34,2026-11-02,3062,23600,,
0265185,34,2026-11-03,3062,23600,,
0265185,34,2026-11-04,3062,23600,,
0265185,34,2026-11-05,3062,23600,,
0265185,34,2026-11-06,3062,23600,,
0265185,34,2026-11-07,3062,23600,,
0265185,34,2026-11-08,3062,23600,,
0265185,34,2026-11-09,3062,23600,,
0265185,34,2026-11-10,3062,23600,,
0265185,34,2026-11-11,3062,23600,,
0265185,34,2026-11-12,3062,23600,,
0265185,34,2026-11-13,3062,23600,,
0265185,34,2026-11-14,3062,23600,,
0265185,34,2026-11-15,3062,23600,,
0265185,34,2026-11-16,3062,23600,,
0265185,34,2026-11-17,3062,23600,,
0265185,34,2026-11-18,3062,23600,,
0265185,34,2026-11-19,3062,23600,,
0265185,34,2026-11-22,3062,23600,,
0265185,34,2026-11-23,3062,23600,,
0265185,34,2026-11-27,3062,23600,,
0265185,34,2026-11-28,3062,23600,,
0265185,34,2026-11-29,3062,23600,,
0265185,34,2026-11-30,3062,23600,,
0265185,34,2026-12-01,3062,23600,,
0265185,34,2026-12-07,3062,23600,,
0265185,34,2026-12-08,3062,23600,,
0265185,34,2026-12-09,3062,23600,,
0265185,34,2026-12-10,3062,23600,,
0265185,34,2026-12-13,3062,23600,,
0265185,34,2026-12-14,3062,23600,,
0265185,34,2026-12-15,3062,23600,,
0265185,34,2026-12-16,3062,23600,,
0265185,34,2026-12-17,3062,23600,,
0265185,35,2027-09-18,3476,23600,,
0265185,36,2027-09-18,3476,23600,,
1107594,27,2027-09-18,1884,23600,,
1107594,28,2027-09-18,1884,23600,,
1115459,15,2027-09-18,1187,20000,,
1115459,16,2027-09-18,1187,20000,,
1115459,38,2027-09-18,1187,20000,,
1115459,52,2027-09-18,1187,20000,,
1115459,76,2027-09-18,1187,20000,,
1197891,17,2026-09-24,1697,23600,,
1197891,18,2026-09-24,1697,23600,,
1197891,50,2026-09-24,1697,23600,,
1204840,25,2027-09-18,1286,27848,,
1204840,26,2027-09-18,1286,27848,,
1242933,27,2026-12-17,3421,23600,,
1242933,28,2026-12-17,3421,23600,,
1244531,27,2027-09-18,3079,23600,,
1244531,28,2027-09-18,3079,23600,,
1247536,27,2026-09-27,2968,23600,,
1247536,28,2026-09-27,2968,23600,,
1253706,27,2027-08-21,2153,23600,,
1253706,27,2027-08-22,2153,23600,,
1253706,27,2027-08-27,2153,23600,,
1253706,27,2027-08-28,2153,23600,,
1253706,27,2027-08-29,2153,23600,,
1253706,27,2027-08-30,2153,23600,,
1253706,27,2027-08-31,2153,23600,,
1253706,27,2027-09-18,2153,23600,,
1253706,28,2027-08-21,2153,23600,,
1253706,28,2027-08-22,2153,23600,,
1253706,28,2027-08-27,2153,23600,,
1253706,28,2027-08-28,2153,23600,,
1253706,28,2027-08-29,2153,23600,,
1253706,28,2027-08-30,2153,23600,,
1253706,28,2027-08-31,2153,23600,,
1253706,28,2027-09-18,2153,23600,,
1298420,25,2027-09-18,1408,23600,,
1298420,26,2027-09-18,1408,23600,,
1473477,25,2027-09-18,1529,23600,,
1473477,26,2027-09-18,1529,23600,,
1486131,25,2027-09-18,1699,23600,,
1507161,25,2027-09-18,1597,23600,,
1507161,26,2027-09-18,1597,23600,,
1597119,25,2026-12-17,1654,23600,,
1597119,26,2026-12-17,1654,23600,,
1903843,27,2027-09-18,1847,23600,,
1903843,28,2027-09-18,1847,23600,,
1912757,25,2026-10-27,1425,23600,,
1912757,25,2026-10-28,1425,23600,,
1912757,25,2026-10-29,1425,23600,,
1912757,25,2027-09-18,1118,23600,,
1912757,26,2026-10-27,1425,23600,,
1912757,26,2026-10-28,1425,23600,,
1912757,26,2026-10-29,1425,23600,,
1912757,26,2027-09-18,1118,23600,,
1914908,35,2026-10-30,2898,20000,,
1914908,35,2026-10-31,2898,20000,,
1914908,36,2026-10-30,2898,20000,,
1914908,36,2026-10-31,2898,20000,,
1914908,37,2026-10-30,2898,20000,,
1914908,37,2026-10-31,2898,20000,,
1914908,42,2026-11-06,3182,20000,,
1914908,42,2026-11-13,3182,20000,,
1914908,43,2026-11-06,3182,20000,,
1914908,43,2026-11-13,3182,20000,,
2020755,17,2026-12-13,2142,20000,,
2020755,18,2026-12-13,2142,20000,,
2020755,27,2026-11-21,3225,20000,,
2020755,28,2026-11-21,3225,20000,,
2020755,50,2026-12-13,2142,20000,,
2024578,15,2026-11-17,1070,20000,,
2024578,15,2027-09-18,1070,20000,,
2024578,38,2026-11-17,1070,20000,,
2024578,38,2027-09-18,1070,20000,,
2077421,19,2026-09-24,1113,23600,,
2077421,20,2026-09-24,1113,23600,,
2317284,17,2026-10-19,1238,20000,,
2317284,17,2026-10-20,1238,20000,,
2317284,17,2026-10-21,1238,20000,,
2317284,17,2026-10-22,1238,20000,,
2317284,17,2026-10-23,1238,20000,,
2317284,17,2026-10-24,1238,20000,,
2317284,17,2026-10-25,1238,20000,,
2317284,17,2026-10-26,1238,20000,,
2317284,17,2026-10-27,1238,20000,,
2317284,17,2026-10-28,1238,20000,,
2317284,17,2026-10-29,1238,20000,,
2317284,17,2026-10-30,1238,20000,,
2317284,17,2026-10-31,1238,20000,,
2317284,17,2026-11-01,1238,20000,,
2317284,17,2026-11-02,1238,20000,,
2317284,17,2026-11-03,1238,20000,,
2317284,17,2026-11-04,1238,20000,,
2317284,17,2026-11-05,1238,20000,,
2317284,17,2026-11-06,1238,20000,,
2317284,17,2026-11-07,1238,20000,,
2317284,17,2026-11-08,1238,20000,,
2317284,17,2026-11-09,1238,20000,,
2317284,17,2026-11-10,1238,20000,,
2317284,17,2026-11-11,1238,20000,,
2317284,17,2026-11-12,1238,20000,,
2317284,17,2026-11-13,1238,20000,,
2317284,17,2026-11-14,1238,20000,,
2317284,17,2026-11-15,1238,20000,,
2317284,17,2026-11-16,1238,20000,,
2317284,17,2026-11-17,1238,20000,,
2317284,17,2026-11-18,1238,20000,,
2317284,17,2026-11-19,1238,20000,,
2317284,17,2026-11-22,1238,20000,,
2317284,17,2026-11-23,1238,20000,,
2317284,17,2026-11-24,1238,20000,,
2317284,17,2026-11-25,1238,20000,,
2317284,17,2026-12-02,1238,20000,,
2317284,17,2026-12-03,1238,20000,,
2317284,17,2026-12-04,1238,20000,,
2317284,17,2026-12-05,1238,20000,,
2317284,17,2026-12-06,1238,20000,,
2317284,17,2026-12-11,1238,20000,,
2317284,17,2026-12-12,1238,20000,,
2317284,18,2026-10-19,1238,20000,,
2317284,18,2026-10-20,1238,20000,,
2317284,18,2026-10-21,1238,20000,,
2317284,18,2026-10-22,1238,20000,,
2317284,18,2026-10-23,1238,20000,,
2317284,18,2026-10-24,1238,20000,,
2317284,18,2026-10-25,1238,20000,,
2317284,18,2026-10-26,1238,20000,,
2317284,18,2026-10-27,1238,20000,,
2317284,18,2026-10-28,1238,20000,,
2317284,18,2026-10-29,1238,20000,,
2317284,18,2026-10-30,1238,20000,,
2317284,18,2026-10-31,1238,20000,,
2317284,18,2026-11-01,1238,20000,,
2317284,18,2026-11-02,1238,20000,,
2317284,18,2026-11-03,1238,20000,,
2317284,18,2026-11-04,1238,20000,,
2317284,18,2026-11-05,1238,20000,,
2317284,18,2026-11-06,1238,20000,,
2317284,18,2026-11-07,1238,20000,,
2317284,18,2026-11-08,1238,20000,,
2317284,18,2026-11-09,1238,20000,,
2317284,18,2026-11-10,1238,20000,,
2317284,18,2026-11-11,1238,20000,,
2317284,18,2026-11-12,1238,20000,,
2317284,18,2026-11-13,1238,20000,,
2317284,18,2026-11-14,1238,20000,,
2317284,18,2026-11-15,1238,20000,,
2317284,18,2026-11-16,1238,20000,,
2317284,18,2026-11-17,1238,20000,,
2317284,18,2026-11-18,1238,20000,,
2317284,18,2026-11-19,1238,20000,,
2317284,18,2026-11-22,1238,20000,,
2317284,18,2026-11-23,1238,20000,,
2317284,18,2026-11-24,1238,20000,,
2317284,18,2026-11-25,1238,20000,,
2317284,18,2026-12-02,1238,20000,,
2317284,18,2026-12-03,1238,20000,,
2317284,18,2026-12-04,1238,20000,,
2317284,18,2026-12-05,1238,20000,,
2317284,18,2026-12-06,1238,20000,,
2317284,18,2026-12-11,1238,20000,,
2317284,18,2026-12-12,1238,20000,,
2317284,19,2026-10-19,1238,20000,,
2317284,19,2026-10-20,1238,20000,,
2317284,19,2026-10-21,1238,20000,,
2317284,19,2026-10-22,1238,20000,,
2317284,19,2026-10-23,1238,20000,,
2317284,19,2026-10-24,1238,20000,,
2317284,19,2026-10-25,1238,20000,,
2317284,19,2026-10-26,1238,20000,,
2317284,19,2026-10-27,1238,20000,,
2317284,19,2026-10-28,1238,20000,,
2317284,19,2026-10-29,1238,20000,,
2317284,19,2026-10-30,1238,20000,,
2317284,19,2026-10-31,1238,20000,,
2317284,19,2026-11-01,1238,20000,,
2317284,19,2026-11-02,1238,20000,,
2317284,19,2026-11-03,1238,20000,,
2317284,19,2026-11-04,1238,20000,,
2317284,19,2026-11-05,1238,20000,,
2317284,19,2026-11-06,1238,20000,,
2317284,19,2026-11-07,1238,20000,,
2317284,19,2026-11-08,1238,20000,,
2317284,19,2026-11-09,1238,20000,,
2317284,19,2026-11-10,1238,20000,,
2317284,19,2026-11-11,1238,20000,,
2317284,19,2026-11-12,1238,20000,,
2317284,19,2026-11-13,1238,20000,,
2317284,19,2026-11-14,1238,20000,,
2317284,19,2026-11-15,1238,20000,,
2317284,19,2026-11-16,1238,20000,,
2317284,19,2026-11-17,1238,20000,,
2317284,19,2026-11-18,1238,20000,,
2317284,19,2026-11-19,1238,20000,,
2317284,19,2026-11-22,1238,20000,,
2317284,19,2026-11-23,1238,20000,,
2317284,19,2026-11-24,1238,20000,,
2317284,19,2026-11-25,1238,20000,,
2317284,19,2026-12-02,1238,20000,,
2317284,19,2026-12-03,1238,20000,,
2317284,19,2026-12-04,1238,20000,,
2317284,19,2026-12-05,1238,20000,,
2317284,19,2026-12-06,1238,20000,,
2317284,19,2026-12-11,1238,20000,,
2317284,19,2026-12-12,1238,20000,,
2317284,20,2026-10-19,1238,20000,,
2317284,20,2026-10-20,1238,20000,,
2317284,20,2026-10-21,1238,20000,,
2317284,20,2026-10-22,1238,20000,,
2317284,20,2026-10-23,1238,20000,,
2317284,20,2026-10-24,1238,20000,,
2317284,20,2026-10-25,1238,20000,,
2317284,20,2026-10-26,1238,20000,,
2317284,20,2026-10-27,1238,20000,,
2317284,20,2026-10-28,1238,20000,,
2317284,20,2026-10-29,1238,20000,,
2317284,20,2026-10-30,1238,20000,,
2317284,20,2026-10-31,1238,20000,,
2317284,20,2026-11-01,1238,20000,,
2317284,20,2026-11-02,1238,20000,,
2317284,20,2026-11-03,1238,20000,,
2317284,20,2026-11-04,1238,20000,,
2317284,20,2026-11-05,1238,20000,,
2317284,20,2026-11-06,1238,20000,,
2317284,20,2026-11-07,1238,20000,,
2317284,20,2026-11-08,1238,20000,,
2317284,20,2026-11-09,1238,20000,,
2317284,20,2026-11-10,1238,20000,,
2317284,20,2026-11-11,1238,20000,,
2317284,20,2026-11-12,1238,20000,,
2317284,20,2026-11-13,1238,20000,,
2317284,20,2026-11-14,1238,20000,,
2317284,20,2026-11-15,1238,20000,,
2317284,20,2026-11-16,1238,20000,,
2317284,20,2026-11-17,1238,20000,,
2317284,20,2026-11-18,1238,20000,,
2317284,20,2026-11-19,1238,20000,,
2317284,20,2026-11-22,1238,20000,,
2317284,20,2026-11-23,1238,20000,,
2317284,20,2026-11-24,1238,20000,,
2317284,20,2026-11-25,1238,20000,,
2317284,20,2026-12-02,1238,20000,,
2317284,20,2026-12-03,1238,20000,,
2317284,20,2026-12-04,1238,20000,,
2317284,20,2026-12-05,1238,20000,,
2317284,20,2026-12-06,1238,20000,,
2317284,20,2026-12-11,1238,20000,,
2317284,20,2026-12-12,1238,20000,,
2317284,50,2026-10-19,1238,20000,,
2317284,50,2026-10-20,1238,20000,,
2317284,50,2026-10-21,1238,20000,,
2317284,50,2026-10-22,1238,20000,,
2317284,50,2026-10-23,1238,20000,,
2317284,50,2026-10-24,1238,20000,,
2317284,50,2026-10-25,1238,20000,,
2317284,50,2026-10-26,1238,20000,,
2317284,50,2026-10-27,1238,20000,,
2317284,50,2026-10-28,1238,20000,,
2317284,50,2026-10-29,1238,20000,,
2317284,50,2026-10-30,1238,20000,,
2317284,50,2026-10-31,1238,20000,,
2317284,50,2026-11-01,1238,20000,,
2317284,50,2026-11-02,1238,20000,,
2317284,50,2026-11-03,1238,20000,,
2317284,50,2026-11-04,1238,20000,,
2317284,50,2026-11-05,1238,20000,,
2317284,50,2026-11-06,1238,20000,,
2317284,50,2026-11-07,1238,20000,,
2317284,50,2026-11-08,1238,20000,,
2317284,50,2026-11-09,1238,20000,,
2317284,50,2026-11-10,1238,20000,,
2317284,50,2026-11-11,1238,20000,,
2317284,50,2026-11-12,1238,20000,,
2317284,50,2026-11-13,1238,20000,,
2317284,50,2026-11-14,1238,20000,,
2317284,50,2026-11-15,1238,20000,,
2317284,50,2026-11-16,1238,20000,,
2317284,50,2026-11-17,1238,20000,,
2317284,50,2026-11-18,1238,20000,,
2317284,50,2026-11-19,1238,20000,,
2317284,50,2026-11-22,1238,20000,,
2317284,50,2026-11-23,1238,20000,,
2317284,50,2026-11-24,1238,20000,,
2317284,50,2026-11-25,1238,20000,,
2317284,50,2026-12-02,1238,20000,,
2317284,50,2026-12-03,1238,20000,,
2317284,50,2026-12-04,1238,20000,,
2317284,50,2026-12-05,1238,20000,,
2317284,50,2026-12-06,1238,20000,,
2317284,50,2026-12-11,1238,20000,,
2317284,50,2026-12-12,1238,20000,,
4477291,21,2026-12-17,1417,20000,,
4477291,22,2026-12-17,1417,20000,,
4477291,39,2026-12-17,1417,20000,,
9772256,21,2027-09-18,2763,23600,,
9772256,22,2027-09-18,2763,23600,,
9772256,23,2027-09-18,2763,23600,,
9772256,24,2027-09-18,2763,23600,,
9772256,39,2027-09-18,2763,23600,,
9772256,40,2027-09-18,2763,23600,,
9772256,83,2027-09-18,2763,23600,,
0242206,27,2026-12-17,3019,23600,,
0242206,28,2026-12-17,3019,23600,,
0243121,27,2026-09-27,2522,23600,,
0243121,28,2026-09-27,2522,23600,,
0265185,29,2026-09-19,2889,23600,,
0265185,29,2026-09-20,2889,23600,,
0265185,29,2026-09-21,2889,23600,,
0265185,29,2026-09-22,2889,23600,,
0265185,29,2026-09-23,2889,23600,,
0265185,29,2026-09-24,2889,23600,,
0265185,29,2026-09-25,2889,23600,,
0265185,29,2026-09-26,2889,23600,,
0265185,29,2026-09-27,2889,23600,,
0265185,29,2026-09-28,2889,23600,,
0265185,29,2026-09-29,2889,23600,,
0265185,29,2026-09-30,2889,23600,,
0265185,29,2026-10-02,2889,23600,,
0265185,29,2026-10-04,2889,23600,,
0265185,29,2026-10-05,2889,23600,,
0265185,29,2026-10-06,2889,23600,,
0265185,29,2026-10-07,2889,23600,,
0265185,29,2026-10-08,2889,23600,,
0265185,29,2026-10-09,2889,23600,,
0265185,29,2026-10-10,2889,23600,,
0265185,29,2026-10-11,2889,23600,,
0265185,29,2026-10-12,2889,23600,,
0265185,29,2026-10-13,2889,23600,,
0265185,29,2026-10-14,2889,23600,,
0265185,29,2026-10-15,2889,23600,,
0265185,29,2026-10-17,2889,23600,,
0265185,29,2026-10-18,2889,23600,,
0265185,29,2026-10-19,2889,23600,,
0265185,29,2026-10-20,2889,23600,,
0265185,29,2026-10-21,2889,23600,,
0265185,29,2026-10-22,2889,23600,,
0265185,29,2026-10-23,2889,23600,,
0265185,29,2026-10-24,2889,23600,,
0265185,29,2026-10-26,2889,23600,,
0265185,29,2026-10-27,2889,23600,,
0265185,29,2026-10-28,2889,23600,,
0265185,29,2026-10-29,2889,23600,,
0265185,29,2026-10-30,2889,23600,,
0265185,29,2026-10-31,2889,23600,,
0265185,29,2026-11-01,2889,23600,,
0265185,29,2026-11-02,2889,23600,,
0265185,29,2026-11-03,2889,23600,,
0265185,29,2026-11-04,2889,23600,,
0265185,29,2026-11-05,2889,23600,,
0265185,29,2026-11-06,2889,23600,,
0265185,29,2026-11-07,2889,23600,,
0265185,29,2026-11-08,2889,23600,,
0265185,29,2026-11-09,2889,23600,,
0265185,29,2026-11-10,2889,23600,,
0265185,29,2026-11-11,2889,23600,,
0265185,29,2026-11-12,2889,23600,,
0265185,29,2026-11-13,2889,23600,,
0265185,29,2026-11-14,2889,23600,,
0265185,29,2026-11-15,2889,23600,,
0265185,29,2026-11-16,2889,23600,,
0265185,29,2026-11-17,2889,23600,,
0265185,29,2026-11-18,2889,23600,,
0265185,29,2026-11-19,2889,23600,,
0265185,29,2026-11-22,2889,23600,,
0265185,29,2026-11-23,2889,23600,,
0265185,29,2026-11-27,2889,23600,,
0265185,29,2026-11-28,2889,23600,,
0265185,29,2026-11-29,2889,23600,,
0265185,29,2026-11-30,2889,23600,,
0265185,29,2026-12-01,2889,23600,,
0265185,29,2026-12-07,2889,23600,,
0265185,29,2026-12-08,2889,23600,,
0265185,29,2026-12-09,2889,23600,,
0265185,29,2026-12-10,2889,23600,,
0265185,29,2026-12-13,2889,23600,,
0265185,29,2026-12-14,2889,23600,,
0265185,29,2026-12-15,2889,23600,,
0265185,29,2026-12-16,2889,23600,,
0265185,29,2026-12-17,2889,23600,,
0265185,30,2026-09-19,2889,23600,,
0265185,30,2026-09-20,2889,23600,,
0265185,30,2026-09-21,2889,23600,,
0265185,30,2026-09-22,2889,23600,,
0265185,30,2026-09-23,2889,23600,,
0265185,30,2026-09-24,2889,23600,,
0265185,30,2026-09-25,2889,23600,,
0265185,30,2026-09-26,2889,23600,,
0265185,30,2026-09-27,2889,23600,,
0265185,30,2026-09-28,2889,23600,,
0265185,30,2026-09-29,2889,23600,,
0265185,30,2026-09-30,2889,23600,,
0265185,30,2026-10-02,2889,23600,,
0265185,30,2026-10-04,2889,23600,,
0265185,30,2026-10-05,2889,23600,,
0265185,30,2026-10-06,2889,23600,,
0265185,30,2026-10-07,2889,23600,,
0265185,30,2026-10-08,2889,23600,,
0265185,30,2026-10-09,2889,23600,,
0265185,30,2026-10-10,2889,23600,,
0265185,30,2026-10-11,2889,23600,,
0265185,30,2026-10-12,2889,23600,,
0265185,30,2026-10-13,2889,23600,,
0265185,30,2026-10-14,2889,23600,,
0265185,30,2026-10-15,2889,23600,,
0265185,30,2026-10-17,2889,23600,,
0265185,30,2026-10-18,2889,23600,,
0265185,30,2026-10-19,2889,23600,,
0265185,30,2026-10-20,2889,23600,,
0265185,30,2026-10-21,2889,23600,,
0265185,30,2026-10-22,2889,23600,,
0265185,30,2026-10-23,2889,23600,,
0265185,30,2026-10-24,2889,23600,,
0265185,30,2026-10-26,2889,23600,,
0265185,30,2026-10-27,2889,23600,,
0265185,30,2026-10-28,2889,23600,,
0265185,30,2026-10-29,2889,23600,,
0265185,30,2026-10-30,2889,23600,,
0265185,30,2026-10-31,2889,23600,,
0265185,30,2026-11-01,2889,23600,,
0265185,30,2026-11-02,2889,23600,,
0265185,30,2026-11-03,2889,23600,,
0265185,30,2026-11-04,2889,23600,,
0265185,30,2026-11-05,2889,23600,,
0265185,30,2026-11-06,2889,23600,,
0265185,30,2026-11-07,2889,23600,,
0265185,30,2026-11-08,2889,23600,,
0265185,30,2026-11-09,2889,23600,,
0265185,30,2026-11-10,2889,23600,,
0265185,30,2026-11-11,2889,23600,,
0265185,30,2026-11-12,2889,23600,,
0265185,30,2026-11-13,2889,23600,,
0265185,30,2026-11-14,2889,23600,,
0265185,30,2026-11-15,2889,23600,,
0265185,30,2026-11-16,2889,23600,,
0265185,30,2026-11-17,2889,23600,,
0265185,30,2026-11-18,2889,23600,,
0265185,30,2026-11-19,2889,23600,,
0265185,30,2026-11-22,2889,23600,,
0265185,30,2026-11-23,2889,23600,,
0265185,30,2026-11-27,2889,23600,,
0265185,30,2026-11-28,2889,23600,,
0265185,30,2026-11-29,2889,23600,,
0265185,30,2026-11-30,2889,23600,,
0265185,30,2026-12-01,2889,23600,,
0265185,30,2026-12-07,2889,23600,,
0265185,30,2026-12-08,2889,23600,,
0265185,30,2026-12-09,2889,23600,,
0265185,30,2026-12-10,2889,23600,,
0265185,30,2026-12-13,2889,23600,,
0265185,30,2026-12-14,2889,23600,,
0265185,30,2026-12-15,2889,23600,,
0265185,30,2026-12-16,2889,23600,,
0265185,30,2026-12-17,2889,23600,,
0265185,31,2026-09-19,2889,23600,,
0265185,31,2026-09-20,2889,23600,,
0265185,31,2026-09-21,2889,23600,,
0265185,31,2026-09-22,2889,23600,,
0265185,31,2026-09-23,2889,23600,,
0265185,31,2026-09-24,2889,23600,,
0265185,31,2026-09-25,2889,23600,,
0265185,31,2026-09-26,2889,23600,,
0265185,31,2026-09-27,2889,23600,,
0265185,31,2026-09-28,2889,23600,,
0265185,31,2026-09-29,2889,23600,,
0265185,31,2026-09-30,2889,23600,,
0265185,31,2026-10-02,2889,23600,,
0265185,31,2026-10-04,2889,23600,,
0265185,31,2026-10-05,2889,23600,,
0265185,31,2026-10-06,2889,23600,,
0265185,31,2026-10-07,2889,23600,,
0265185,31,2026-10-08,2889,23600,,
0265185,31,2026-10-09,2889,23600,,
0265185,31,2026-10-10,2889,23600,,
0265185,31,2026-10-11,2889,23600,,
0265185,31,2026-10-12,2889,23600,,
0265185,31,2026-10-13,2889,23600,,
0265185,31,2026-10-14,2889,23600,,
0265185,31,2026-10-15,2889,23600,,
0265185,31,2026-10-17,2889,23600,,
0265185,31,2026-10-18,2889,23600,,
0265185,31,2026-10-19,2889,23600,,
0265185,31,2026-10-20,2889,23600,,
0265185,31,2026-10-21,2889,23600,,
0265185,31,2026-10-22,2889,23600,,
0265185,31,2026-10-23,2889,23600,,
0265185,31,2026-10-24,2889,23600,,
0265185,31,2026-10-26,2889,23600,,
0265185,31,2026-10-27,2889,23600,,
0265185,31,2026-10-28,2889,23600,,
0265185,31,2026-10-29,2889,23600,,
0265185,31,2026-10-30,2889,23600,,
0265185,31,2026-10-31,2889,23600,,
0265185,31,2026-11-01,2889,23600,,
0265185,31,2026-11-02,2889,23600,,
0265185,31,2026-11-03,2889,23600,,
0265185,31,2026-11-04,2889,23600,,
0265185,31,2026-11-05,2889,23600,,
0265185,31,2026-11-06,2889,23600,,
0265185,31,2026-11-07,2889,23600,,
0265185,31,2026-11-08,2889,23600,,
0265185,31,2026-11-09,2889,23600,,
0265185,31,2026-11-10,2889,23600,,
0265185,31,2026-11-11,2889,23600,,
0265185,31,2026-11-12,2889,23600,,
0265185,31,2026-11-13,2889,23600,,
0265185,31,2026-11-14,2889,23600,,
0265185,31,2026-11-15,2889,23600,,
0265185,31,2026-11-16,2889,23600,,
0265185,31,2026-11-17,2889,23600,,
0265185,31,2026-11-18,2889,23600,,
0265185,31,2026-11-19,2889,23600,,
0265185,31,2026-11-22,2889,23600,,
0265185,31,2026-11-23,2889,23600,,
0265185,31,2026-11-27,2889,23600,,
0265185,31,2026-11-28,2889,23600,,
0265185,31,2026-11-29,2889,23600,,
0265185,31,2026-11-30,2889,23600,,
0265185,31,2026-12-01,2889,23600,,
0265185,31,2026-12-07,2889,23600,,
0265185,31,2026-12-08,2889,23600,,
0265185,31,2026-12-09,2889,23600,,
0265185,31,2026-12-10,2889,23600,,
0265185,31,2026-12-13,2889,23600,,
0265185,31,2026-12-14,2889,23600,,
0265185,31,2026-12-15,2889,23600,,
0265185,31,2026-12-16,2889,23600,,
0265185,31,2026-12-17,2889,23600,,
0265185,57,2026-09-19,2889,23600,,
0265185,57,2026-09-20,2889,23600,,
0265185,57,2026-09-21,2889,23600,,
0265185,57,2026-09-22,2889,23600,,
0265185,57,2026-09-23,2889,23600,,
0265185,57,2026-09-24,2889,23600,,
0265185,57,2026-09-25,2889,23600,,
0265185,57,2026-09-26,2889,23600,,
0265185,57,2026-09-27,2889,23600,,
0265185,57,2026-09-28,2889,23600,,
0265185,57,2026-09-29,2889,23600,,
0265185,57,2026-09-30,2889,23600,,
0265185,57,2026-10-02,2889,23600,,
0265185,57,2026-10-04,2889,23600,,
0265185,57,2026-10-05,2889,23600,,
0265185,57,2026-10-06,2889,23600,,
0265185,57,2026-10-07,2889,23600,,
0265185,57,2026-10-08,2889,23600,,
0265185,57,2026-10-09,2889,23600,,
0265185,57,2026-10-10,2889,23600,,
0265185,57,2026-10-11,2889,23600,,
0265185,57,2026-10-12,2889,23600,,
0265185,57,2026-10-13,2889,23600,,
0265185,57,2026-10-14,2889,23600,,
0265185,57,2026-10-15,2889,23600,,
0265185,57,2026-10-17,2889,23600,,
0265185,57,2026-10-18,2889,23600,,
0265185,57,2026-10-19,2889,23600,,
0265185,57,2026-10-20,2889,23600,,
0265185,57,2026-10-21,2889,23600,,
0265185,57,2026-10-22,2889,23600,,
0265185,57,2026-10-23,2889,23600,,
0265185,57,2026-10-24,2889,23600,,
0265185,57,2026-10-26,2889,23600,,
0265185,57,2026-10-27,2889,23600,,
0265185,57,2026-10-28,2889,23600,,
0265185,57,2026-10-29,2889,23600,,
0265185,57,2026-10-30,2889,23600,,
0265185,57,2026-10-31,2889,23600,,
0265185,57,2026-11-01,2889,23600,,
0265185,57,2026-11-02,2889,23600,,
0265185,57,2026-11-03,2889,23600,,
0265185,57,2026-11-04,2889,23600,,
0265185,57,2026-11-05,2889,23600,,
0265185,57,2026-11-06,2889,23600,,
0265185,57,2026-11-07,2889,23600,,
0265185,57,2026-11-08,2889,23600,,
0265185,57,2026-11-09,2889,23600,,
0265185,57,2026-11-10,2889,23600,,
0265185,57,2026-11-11,2889,23600,,
0265185,57,2026-11-12,2889,23600,,
0265185,57,2026-11-13,2889,23600,,
0265185,57,2026-11-14,2889,23600,,
0265185,57,2026-11-15,2889,23600,,
0265185,57,2026-11-16,2889,23600,,
0265185,57,2026-11-17,2889,23600,,
0265185,57,2026-11-18,2889,23600,,
0265185,57,2026-11-19,2889,23600,,
0265185,57,2026-11-22,2889,23600,,
0265185,57,2026-11-23,2889,23600,,
0265185,57,2026-11-27,2889,23600,,
0265185,57,2026-11-28,2889,23600,,
0265185,57,2026-11-29,2889,23600,,
0265185,57,2026-11-30,2889,23600,,
0265185,57,2026-12-01,2889,23600,,
0265185,57,2026-12-07,2889,23600,,
0265185,57,2026-12-08,2889,23600,,
0265185,57,2026-12-09,2889,23600,,
0265185,57,2026-12-10,2889,23600,,
0265185,57,2026-12-13,2889,23600,,
0265185,57,2026-12-14,2889,23600,,
0265185,57,2026-12-15,2889,23600,,
0265185,57,2026-12-16,2889,23600,,
0265185,57,2026-12-17,2889,23600,,
1107594,27,2027-09-18,1884,20000,,
1107594,28,2027-09-18,1884,20000,,
1166122,27,2027-09-18,1962,23600,,
1166122,28,2027-09-18,1962,23600,,
1197891,15,2026-09-24,1524,23600,,
1197891,16,2026-09-24,1593,23600,,
1197891,38,2026-09-24,1524,23600,,
1206822,42,2026-12-17,3979,23600,,
1206822,43,2026-12-17,3979,23600,,
1218728,17,2027-09-18,2804,20000,,
1218728,18,2027-09-18,2804,20000,,
1218728,19,2027-09-18,2908,20000,,
1218728,20,2027-09-18,2908,20000,,
1218728,50,2027-09-18,2804,20000,,
1218728,51,2027-09-18,2908,20000,,
1218728,87,2027-09-18,2804,20000,,
1292171,32,2026-09-24,1537,23600,,
1292171,33,2026-09-24,1537,23600,,
1292171,34,2026-09-24,1537,23600,,
1319620,17,2026-09-24,1087,23600,,
1319620,18,2026-09-24,1087,23600,,
1373375,27,2027-09-18,2545,23600,,
1373375,28,2027-09-18,2545,23600,,
1379430,25,2026-12-17,2255,23600,,
1379430,26,2026-12-17,2255,23600,,
1381192,23,2027-09-18,2414,23600,,
1381192,24,2027-09-18,2414,23600,,
1411710,25,2027-09-18,2008,23600,,
1411710,26,2027-09-18,2008,23600,,
1475965,25,2027-09-18,1328,23600,,
1475965,26,2027-09-18,1328,23600,,
1581295,21,2027-08-21,1383,27848,,
1581295,21,2027-08-22,1383,27848,,
1581295,21,2027-08-27,1383,27848,,
1581295,21,2027-08-28,1383,27848,,
1581295,21,2027-08-29,1383,27848,,
1581295,21,2027-08-30,1383,27848,,
1581295,21,2027-08-31,1383,27848,,
1581295,21,2027-09-18,1383,27848,,
1581295,22,2027-08-21,1383,27848,,
1581295,22,2027-08-22,1383,27848,,
1581295,22,2027-08-27,1383,27848,,
1581295,22,2027-08-28,1383,27848,,
1581295,22,2027-08-29,1383,27848,,
1581295,22,2027-08-30,1383,27848,,
1581295,22,2027-08-31,1383,27848,,
1581295,22,2027-09-18,1383,27848,,
1581295,23,2027-09-18,1383,27848,,
1581295,24,2027-09-18,1383,27848,,
1581295,39,2027-08-21,1383,27848,,
1581295,39,2027-08-22,1383,27848,,
1581295,39,2027-08-27,1383,27848,,
1581295,39,2027-08-28,1383,27848,,
1581295,39,2027-08-29,1383,27848,,
1581295,39,2027-08-30,1383,27848,,
1581295,39,2027-08-31,1383,27848,,
1581295,39,2027-09-18,1383,27848,,
1581295,40,2027-09-18,1383,27848,,
1581295,83,2027-08-21,1383,27848,,
1581295,83,2027-08-22,1383,27848,,
1581295,83,2027-08-27,1383,27848,,
1581295,83,2027-08-28,1383,27848,,
1581295,83,2027-08-29,1383,27848,,
1581295,83,2027-08-30,1383,27848,,
1581295,83,2027-08-31,1383,27848,,
1581295,83,2027-09-18,1383,27848,,
1581295,84,2027-09-18,1383,27848,,
1581295,97,2027-08-21,1383,27848,,
1581295,97,2027-08-22,1383,27848,,
1581295,97,2027-08-27,1383,27848,,
1581295,97,2027-08-28,1383,27848,,
1581295,97,2027-08-29,1383,27848,,
1581295,97,2027-08-30,1383,27848,,
1581295,97,2027-08-31,1383,27848,,
1581295,97,2027-09-18,1383,27848,,
1896095,27,2027-09-18,1439,20000,,
1896095,28,2027-09-18,1439,20000,,
1912757,25,2026-10-30,1406,23600,,
1912757,26,2026-10-30,1406,23600,,
1914908,42,2026-10-19,3153,20000,,
1914908,42,2026-10-20,3153,20000,,
1914908,42,2026-10-21,3153,20000,,
1914908,42,2026-10-22,3153,20000,,
1914908,42,2026-10-23,3153,20000,,
1914908,42,2026-10-24,3153,20000,,
1914908,42,2026-10-25,3153,20000,,
1914908,42,2026-10-26,3153,20000,,
1914908,42,2026-10-27,3153,20000,,
1914908,42,2026-10-28,3153,20000,,
1914908,42,2026-10-29,3153,20000,,
1914908,42,2026-11-01,3153,20000,,
1914908,42,2026-11-02,3153,20000,,
1914908,42,2026-11-03,3153,20000,,
1914908,42,2026-11-04,3153,20000,,
1914908,42,2026-11-05,3153,20000,,
1914908,42,2026-11-07,3153,20000,,
1914908,42,2026-11-08,3153,20000,,
1914908,42,2026-11-09,3153,20000,,
1914908,42,2026-11-10,3153,20000,,
1914908,42,2026-11-11,3153,20000,,
1914908,42,2026-11-12,3153,20000,,
1914908,42,2026-11-14,3153,20000,,
1914908,42,2026-11-15,3153,20000,,
1914908,42,2026-11-16,3153,20000,,
1914908,42,2026-11-17,3153,20000,,
1914908,42,2026-11-18,3153,20000,,
1914908,42,2026-11-19,3153,20000,,
1914908,42,2026-11-22,3153,20000,,
1914908,42,2026-11-23,3153,20000,,
1914908,42,2026-11-24,3153,20000,,
1914908,42,2026-11-25,3153,20000,,
1914908,42,2026-12-01,3153,20000,,
1914908,42,2026-12-02,3153,20000,,
1914908,42,2026-12-03,3153,20000,,
1914908,42,2026-12-04,3153,20000,,
1914908,42,2026-12-05,3153,20000,,
1914908,42,2026-12-06,3153,20000,,
1914908,42,2026-12-07,3153,20000,,
1914908,42,2026-12-08,3153,20000,,
1914908,42,2026-12-09,3153,20000,,
1914908,42,2026-12-10,3153,20000,,
1914908,42,2026-12-11,3153,20000,,
1914908,42,2026-12-12,3153,20000,,
1914908,42,2026-12-13,3153,20000,,
1914908,42,2026-12-14,3153,20000,,
1914908,42,2026-12-15,3153,20000,,
1914908,42,2026-12-16,3153,20000,,
1914908,43,2026-10-19,3153,20000,,
1914908,43,2026-10-20,3153,20000,,
1914908,43,2026-10-21,3153,20000,,
1914908,43,2026-10-22,3153,20000,,
1914908,43,2026-10-23,3153,20000,,
1914908,43,2026-10-24,3153,20000,,
1914908,43,2026-10-25,3153,20000,,
1914908,43,2026-10-26,3153,20000,,
1914908,43,2026-10-27,3153,20000,,
1914908,43,2026-10-28,3153,20000,,
1914908,43,2026-10-29,3153,20000,,
1914908,43,2026-11-01,3153,20000,,
1914908,43,2026-11-02,3153,20000,,
1914908,43,2026-11-03,3153,20000,,
1914908,43,2026-11-04,3153,20000,,
1914908,43,2026-11-05,3153,20000,,
1914908,43,2026-11-07,3153,20000,,
1914908,43,2026-11-08,3153,20000,,
1914908,43,2026-11-09,3153,20000,,
1914908,43,2026-11-10,3153,20000,,
1914908,43,2026-11-11,3153,20000,,
1914908,43,2026-11-12,3153,20000,,
1914908,43,2026-11-14,3153,20000,,
1914908,43,2026-11-15,3153,20000,,
1914908,43,2026-11-16,3153,20000,,
1914908,43,2026-11-17,3153,20000,,
1914908,43,2026-11-18,3153,20000,,
1914908,43,2026-11-19,3153,20000,,
1914908,43,2026-11-22,3153,20000,,
1914908,43,2026-11-23,3153,20000,,
1914908,43,2026-11-24,3153,20000,,
1914908,43,2026-11-25,3153,20000,,
1914908,43,2026-12-01,3153,20000,,
1914908,43,2026-12-02,3153,20000,,
1914908,43,2026-12-03,3153,20000,,
1914908,43,2026-12-04,3153,20000,,
1914908,43,2026-12-05,3153,20000,,
1914908,43,2026-12-06,3153,20000,,
1914908,43,2026-12-07,3153,20000,,
1914908,43,2026-12-08,3153,20000,,
1914908,43,2026-12-09,3153,20000,,
1914908,43,2026-12-10,3153,20000,,
1914908,43,2026-12-11,3153,20000,,
1914908,43,2026-12-12,3153,20000,,
1914908,43,2026-12-13,3153,20000,,
1914908,43,2026-12-14,3153,20000,,
1914908,43,2026-12-15,3153,20000,,
1914908,43,2026-12-16,3153,20000,,
2018414,25,2026-09-25,2286,23600,,
2018414,26,2026-09-25,2286,23600,,
2020755,17,2026-11-21,2466,20000,,
2020755,18,2026-11-21,2466,20000,,
2020755,23,2026-12-01,2435,20000,,
2020755,23,2026-12-07,2435,20000,,
2020755,23,2026-12-08,2435,20000,,
2020755,23,2026-12-09,2435,20000,,
2020755,23,2026-12-10,2435,20000,,
2020755,24,2026-12-01,2435,20000,,
2020755,24,2026-12-07,2435,20000,,
2020755,24,2026-12-08,2435,20000,,
2020755,24,2026-12-09,2435,20000,,
2020755,24,2026-12-10,2435,20000,,
2020755,40,2026-12-01,2435,20000,,
2020755,40,2026-12-07,2435,20000,,
2020755,40,2026-12-08,2435,20000,,
2020755,40,2026-12-09,2435,20000,,
2020755,40,2026-12-10,2435,20000,,
2020755,50,2026-11-21,2466,20000,,
2043486,17,2026-09-24,1841,23600,,
2043486,18,2026-09-24,1841,23600,,
2043486,19,2026-09-24,1910,23600,,
2043486,20,2026-09-24,1910,23600,,
2043486,50,2026-09-24,1841,23600,,
2077421,17,2026-09-24,1044,23600,,
2077421,18,2026-09-24,1044,23600,,
2077421,50,2026-09-24,1044,23600,,
4477291,17,2026-10-02,1144,20000,,
4477291,17,2026-10-03,1144,20000,,
4477291,17,2026-10-04,1144,20000,,
4477291,18,2026-10-02,1144,20000,,
4477291,18,2026-10-03,1144,20000,,
4477291,18,2026-10-04,1144,20000,,
4477291,50,2026-10-02,1144,20000,,
4477291,50,2026-10-03,1144,20000,,
4477291,50,2026-10-04,1144,20000,,
9772256,17,2027-09-18,2556,23600,,
9772256,18,2027-09-18,2556,23600,,
9772256,19,2027-09-18,2556,23600,,
9772256,20,2027-09-18,2556,23600,,
9772256,50,2027-09-18,2556,23600,,
9772256,51,2027-09-18,2556,23600,,
9772256,87,2027-09-18,2556,23600,,
0265185,32,2027-09-18,2993,23600,,
0265185,33,2027-09-18,2993,23600,,
0265185,34,2027-09-18,2993,23600,,
0371149,25,2026-12-17,3000,23600,,
0371149,26,2026-12-17,3000,23600,,
1165837,17,2026-12-17,1550,23600,,
1165837,18,2026-12-17,1550,23600,,
1165837,19,2026-12-17,1619,23600,,
1165837,20,2026-12-17,1619,23600,,
1165837,50,2026-12-17,1550,23600,,
1243669,27,2026-09-27,3348,23600,,
1243669,28,2026-09-27,3348,23600,,
1247345,27,2027-09-18,1967,23600,,
1247345,28,2027-09-18,1967,23600,,
1247536,32,2026-09-27,2623,23600,,
1247536,33,2026-09-27,2623,23600,,
1247536,34,2026-09-27,2623,23600,,
1373375,25,2027-09-18,2338,23600,,
1373375,26,2027-09-18,2338,23600,,
1381192,32,2027-09-18,2621,23600,,
1381192,33,2027-09-18,2621,23600,,
1381192,34,2027-09-18,2621,23600,,
1479075,17,2026-09-24,1071,23600,,
1479075,18,2026-09-24,1071,23600,,
1479075,19,2026-09-24,1071,23600,,
1479075,20,2026-09-24,1071,23600,,
1479075,25,2026-09-24,1071,23600,,
1479075,26,2026-09-24,1071,23600,,
1479075,50,2026-09-24,1071,23600,,
1501649,25,2026-12-17,1708,20000,,
1501649,26,2026-12-17,1708,20000,,
1553264,25,2027-09-18,1929,23600,,
1553264,26,2027-09-18,1929,23600,,
1581295,17,2026-09-27,1161,27848,,
1581295,18,2026-09-27,1161,27848,,
1581295,23,2026-09-27,1333,27848,,
1581295,24,2026-09-27,1333,27848,,
1581295,25,2026-10-04,1382,27848,,
1581295,26,2026-10-04,1382,27848,,
1581295,40,2026-09-27,1333,27848,,
1581295,50,2026-09-27,1161,27848,,
1581295,84,2026-09-27,1333,27848,,
1767140,25,2027-09-18,1712,23600,,
1767140,26,2027-09-18,1712,23600,,
1809628,42,2026-12-17,2033,23600,,
1809628,43,2026-12-17,2033,23600,,
1912757,25,2026-09-27,1391,23600,,
1912757,25,2026-09-28,1391,23600,,
1912757,25,2026-09-29,1391,23600,,
1912757,25,2026-09-30,1391,23600,,
1912757,25,2026-10-01,1391,23600,,
1912757,25,2026-10-02,1391,23600,,
1912757,25,2026-10-03,1391,23600,,
1912757,25,2026-10-04,1391,23600,,
1912757,25,2026-10-05,1391,23600,,
1912757,25,2026-10-06,1391,23600,,
1912757,25,2026-10-09,1391,23600,,
1912757,25,2026-10-10,1391,23600,,
1912757,25,2026-10-11,1391,23600,,
1912757,25,2026-10-12,1391,23600,,
1912757,25,2026-10-13,1391,23600,,
1912757,25,2026-10-14,1391,23600,,
1912757,25,2026-10-15,1391,23600,,
1912757,25,2026-10-16,1391,23600,,
1912757,25,2026-10-17,1391,23600,,
1912757,25,2026-10-18,1391,23600,,
1912757,26,2026-09-27,1391,23600,,
1912757,26,2026-09-28,1391,23600,,
1912757,26,2026-09-29,1391,23600,,
1912757,26,2026-09-30,1391,23600,,
1912757,26,2026-10-01,1391,23600,,
1912757,26,2026-10-02,1391,23600,,
1912757,26,2026-10-03,1391,23600,,
1912757,26,2026-10-04,1391,23600,,
1912757,26,2026-10-05,1391,23600,,
1912757,26,2026-10-06,1391,23600,,
1912757,26,2026-10-09,1391,23600,,
1912757,26,2026-10-10,1391,23600,,
1912757,26,2026-10-11,1391,23600,,
1912757,26,2026-10-12,1391,23600,,
1912757,26,2026-10-13,1391,23600,,
1912757,26,2026-10-14,1391,23600,,
1912757,26,2026-10-15,1391,23600,,
1912757,26,2026-10-16,1391,23600,,
1912757,26,2026-10-17,1391,23600,,
1912757,26,2026-10-18,1391,23600,,
1914908,35,2026-11-06,2837,20000,,
1914908,35,2026-11-13,2837,20000,,
1914908,36,2026-11-06,2837,20000,,
1914908,36,2026-11-13,2837,20000,,
1914908,37,2026-11-06,2837,20000,,
1914908,37,2026-11-13,2837,20000,,
2013841,25,2027-09-18,1286,23600,,
2014883,25,2027-09-18,1518,23600,,
2014883,26,2027-09-18,1518,23600,,
2020755,21,2026-11-20,2710,20000,,
2020755,21,2026-12-01,2366,20000,,
2020755,21,2026-12-07,2366,20000,,
2020755,21,2026-12-08,2366,20000,,
2020755,21,2026-12-09,2366,20000,,
2020755,21,2026-12-10,2366,20000,,
2020755,22,2026-11-20,2710,20000,,
2020755,22,2026-12-01,2366,20000,,
2020755,22,2026-12-07,2366,20000,,
2020755,22,2026-12-08,2366,20000,,
2020755,22,2026-12-09,2366,20000,,
2020755,22,2026-12-10,2366,20000,,
2020755,23,2026-11-21,2880,20000,,
2020755,24,2026-11-21,2880,20000,,
2020755,39,2026-11-20,2710,20000,,
2020755,39,2026-12-01,2366,20000,,
2020755,39,2026-12-07,2366,20000,,
2020755,39,2026-12-08,2366,20000,,
2020755,39,2026-12-09,2366,20000,,
2020755,39,2026-12-10,2366,20000,,
2020755,40,2026-11-21,2880,20000,,
2020755,83,2026-11-20,2710,20000,,
2020755,83,2026-12-01,2366,20000,,
2020755,83,2026-12-07,2366,20000,,
2020755,83,2026-12-08,2366,20000,,
2020755,83,2026-12-09,2366,20000,,
2020755,83,2026-12-10,2366,20000,,
2031351,23,2026-12-17,2174,23600,,
2031351,24,2026-12-17,2174,23600,,
2031351,40,2026-12-17,2174,23600,,
2065763,25,2026-12-17,1626,32861,,
2065763,26,2026-12-17,1626,32861,,
2065763,55,2026-12-17,1626,32861,,
2065763,95,2026-12-17,1626,32861,,
2066561,47,2026-12-17,3676,27848,,
2066561,48,2026-12-17,3676,27848,,
2088875,25,2026-12-17,1959,23600,,
2088875,26,2026-12-17,1959,23600,,
3001862,25,2026-12-17,1623,23600,,
3001862,26,2026-12-17,1623,23600,,
4477291,21,2026-10-02,1282,20000,,
4477291,21,2026-10-03,1282,20000,,
4477291,21,2026-10-04,1282,20000,,
4477291,22,2026-10-02,1282,20000,,
4477291,22,2026-10-03,1282,20000,,
4477291,22,2026-10-04,1282,20000,,
4477291,39,2026-10-02,1282,20000,,
4477291,39,2026-10-03,1282,20000,,
4477291,39,2026-10-04,1282,20000,,
0124913,35,2026-09-18,2123,23600,,
0124913,36,2026-09-18,2123,23600,,
0265185,27,2027-09-18,2130,23600,,
0265185,28,2027-09-18,2130,23600,,
0265185,29,2027-09-18,2820,23600,,
0265185,30,2027-09-18,2820,23600,,
0265185,31,2027-09-18,2820,23600,,
0265185,57,2027-09-18,2820,23600,,
1075048,19,2026-12-17,1305,23600,,
1075048,20,2026-12-17,1305,23600,,
1107594,27,2026-12-17,1868,23600,,
1107594,27,2026-12-17,1868,23600,,
1107594,28,2026-12-17,1868,23600,,
1107594,28,2026-12-17,1868,23600,,
1206822,35,2026-12-17,3496,23600,,
1206822,36,2026-12-17,3496,23600,,
1206822,37,2026-12-17,3496,23600,,
1247536,23,2026-09-27,2416,23600,,
1247536,24,2026-09-27,2416,23600,,
1247536,29,2026-09-27,2416,23600,,
1247536,30,2026-09-27,2416,23600,,
1247536,31,2026-09-27,2416,23600,,
1247536,40,2026-09-27,2416,23600,,
1247536,57,2026-09-27,2416,23600,,
1292171,29,2026-09-24,1433,23600,,
1292171,30,2026-09-24,1433,23600,,
1292171,31,2026-09-24,1433,23600,,
1292171,57,2026-09-24,1433,23600,,
1479075,25,2027-09-18,1415,23600,,
1479075,26,2027-09-18,1415,23600,,
1581295,16,2027-08-21,1073,27848,,
1581295,16,2027-08-22,1073,27848,,
1581295,16,2027-08-27,1073,27848,,
1581295,16,2027-08-28,1073,27848,,
1581295,16,2027-08-29,1073,27848,,
1581295,16,2027-08-30,1073,27848,,
1581295,16,2027-08-31,1073,27848,,
1581295,25,2026-09-27,1161,27848,,
1581295,25,2026-10-02,1447,27848,,
1581295,25,2026-10-03,1447,27848,,
1581295,26,2026-09-27,1161,27848,,
1581295,26,2026-10-02,1447,27848,,
1581295,26,2026-10-03,1447,27848,,
1581295,52,2027-08-21,1073,27848,,
1581295,52,2027-08-22,1073,27848,,
1581295,52,2027-08-27,1073,27848,,
1581295,52,2027-08-28,1073,27848,,
1581295,52,2027-08-29,1073,27848,,
1581295,52,2027-08-30,1073,27848,,
1581295,52,2027-08-31,1073,27848,,
1599756,25,2026-12-17,1666,27848,,
1599756,26,2026-12-17,1666,27848,,
1766857,25,2027-09-18,2077,23600,,
1766857,26,2027-09-18,2077,23600,,
1809628,25,2027-09-18,1619,23600,,
1809628,26,2027-09-18,1619,23600,,
1809628,45,2026-12-17,1860,23600,,
1809628,46,2026-12-17,1860,23600,,
1912757,25,2026-11-18,1378,23600,,
1912757,25,2026-11-19,1378,23600,,
1912757,25,2026-11-22,1378,23600,,
1912757,25,2026-11-23,1378,23600,,
1912757,26,2026-11-18,1378,23600,,
1912757,26,2026-11-19,1378,23600,,
1912757,26,2026-11-22,1378,23600,,
1912757,26,2026-11-23,1378,23600,,
1914908,29,2026-10-30,2553,20000,,
1914908,29,2026-10-31,2553,20000,,
1914908,30,2026-10-30,2553,20000,,
1914908,30,2026-10-31,2553,20000,,
1914908,31,2026-10-30,2553,20000,,
1914908,31,2026-10-31,2553,20000,,
1914908,32,2026-10-30,2553,20000,,
1914908,32,2026-10-31,2553,20000,,
1914908,33,2026-10-30,2553,20000,,
1914908,33,2026-10-31,2553,20000,,
1914908,34,2026-10-30,2553,20000,,
1914908,34,2026-10-31,2553,20000,,
1914908,35,2026-10-19,2808,20000,,
1914908,35,2026-10-20,2808,20000,,
1914908,35,2026-10-21,2808,20000,,
1914908,35,2026-10-22,2808,20000,,
1914908,35,2026-10-23,2808,20000,,
1914908,35,2026-10-24,2808,20000,,
1914908,35,2026-10-25,2808,20000,,
1914908,35,2026-10-26,2808,20000,,
1914908,35,2026-10-27,2808,20000,,
1914908,35,2026-10-28,2808,20000,,
1914908,35,2026-10-29,2808,20000,,
1914908,35,2026-11-01,2808,20000,,
1914908,35,2026-11-02,2808,20000,,
1914908,35,2026-11-03,2808,20000,,
1914908,35,2026-11-04,2808,20000,,
1914908,35,2026-11-05,2808,20000,,
1914908,35,2026-11-07,2808,20000,,
1914908,35,2026-11-08,2808,20000,,
1914908,35,2026-11-09,2808,20000,,
1914908,35,2026-11-10,2808,20000,,
1914908,35,2026-11-11,2808,20000,,
1914908,35,2026-11-12,2808,20000,,
1914908,35,2026-11-14,2808,20000,,
1914908,35,2026-11-15,2808,20000,,
1914908,35,2026-11-16,2808,20000,,
1914908,35,2026-11-17,2808,20000,,
1914908,35,2026-11-18,2808,20000,,
1914908,35,2026-11-19,2808,20000,,
1914908,35,2026-11-22,2808,20000,,
1914908,35,2026-11-23,2808,20000,,
1914908,35,2026-11-24,2808,20000,,
1914908,35,2026-11-25,2808,20000,,
1914908,35,2026-12-01,2808,20000,,
1914908,35,2026-12-02,2808,20000,,
1914908,35,2026-12-03,2808,20000,,
1914908,35,2026-12-04,2808,20000,,
1914908,35,2026-12-05,2808,20000,,
1914908,35,2026-12-06,2808,20000,,
1914908,35,2026-12-07,2808,20000,,
1914908,35,2026-12-08,2808,20000,,
1914908,35,2026-12-09,2808,20000,,
1914908,35,2026-12-10,2808,20000,,
1914908,35,2026-12-11,2808,20000,,
1914908,35,2026-12-12,2808,20000,,
1914908,35,2026-12-13,2808,20000,,
1914908,35,2026-12-14,2808,20000,,
1914908,35,2026-12-15,2808,20000,,
1914908,35,2026-12-16,2808,20000,,
1914908,36,2026-10-19,2808,20000,,
1914908,36,2026-10-20,2808,20000,,
1914908,36,2026-10-21,2808,20000,,
1914908,36,2026-10-22,2808,20000,,
1914908,36,2026-10-23,2808,20000,,
1914908,36,2026-10-24,2808,20000,,
1914908,36,2026-10-25,2808,20000,,
1914908,36,2026-10-26,2808,20000,,
1914908,36,2026-10-27,2808,20000,,
1914908,36,2026-10-28,2808,20000,,
1914908,36,2026-10-29,2808,20000,,
1914908,36,2026-11-01,2808,20000,,
1914908,36,2026-11-02,2808,20000,,
1914908,36,2026-11-03,2808,20000,,
1914908,36,2026-11-04,2808,20000,,
1914908,36,2026-11-05,2808,20000,,
1914908,36,2026-11-07,2808,20000,,
1914908,36,2026-11-08,2808,20000,,
1914908,36,2026-11-09,2808,20000,,
1914908,36,2026-11-10,2808,20000,,
1914908,36,2026-11-11,2808,20000,,
1914908,36,2026-11-12,2808,20000,,
1914908,36,2026-11-14,2808,20000,,
1914908,36,2026-11-15,2808,20000,,
1914908,36,2026-11-16,2808,20000,,
1914908,36,2026-11-17,2808,20000,,
1914908,36,2026-11-18,2808,20000,,
1914908,36,2026-11-19,2808,20000,,
1914908,36,2026-11-22,2808,20000,,
1914908,36,2026-11-23,2808,20000,,
1914908,36,2026-11-24,2808,20000,,
1914908,36,2026-11-25,2808,20000,,
1914908,36,2026-12-01,2808,20000,,
1914908,36,2026-12-02,2808,20000,,
1914908,36,2026-12-03,2808,20000,,
1914908,36,2026-12-04,2808,20000,,
1914908,36,2026-12-05,2808,20000,,
1914908,36,2026-12-06,2808,20000,,
1914908,36,2026-12-07,2808,20000,,
1914908,36,2026-12-08,2808,20000,,
1914908,36,2026-12-09,2808,20000,,
1914908,36,2026-12-10,2808,20000,,
1914908,36,2026-12-11,2808,20000,,
1914908,36,2026-12-12,2808,20000,,
1914908,36,2026-12-13,2808,20000,,
1914908,36,2026-12-14,2808,20000,,
1914908,36,2026-12-15,2808,20000,,
1914908,36,2026-12-16,2808,20000,,
1914908,37,2026-10-19,2808,20000,,
1914908,37,2026-10-20,2808,20000,,
1914908,37,2026-10-21,2808,20000,,
1914908,37,2026-10-22,2808,20000,,
1914908,37,2026-10-23,2808,20000,,
1914908,37,2026-10-24,2808,20000,,
1914908,37,2026-10-25,2808,20000,,
1914908,37,2026-10-26,2808,20000,,
1914908,37,2026-10-27,2808,20000,,
1914908,37,2026-10-28,2808,20000,,
1914908,37,2026-10-29,2808,20000,,
1914908,37,2026-11-01,2808,20000,,
1914908,37,2026-11-02,2808,20000,,
1914908,37,2026-11-03,2808,20000,,
1914908,37,2026-11-04,2808,20000,,
1914908,37,2026-11-05,2808,20000,,
1914908,37,2026-11-07,2808,20000,,
1914908,37,2026-11-08,2808,20000,,
1914908,37,2026-11-09,2808,20000,,
1914908,37,2026-11-10,2808,20000,,
1914908,37,2026-11-11,2808,20000,,
1914908,37,2026-11-12,2808,20000,,
1914908,37,2026-11-14,2808,20000,,
1914908,37,2026-11-15,2808,20000,,
1914908,37,2026-11-16,2808,20000,,
1914908,37,2026-11-17,2808,20000,,
1914908,37,2026-11-18,2808,20000,,
1914908,37,2026-11-19,2808,20000,,
1914908,37,2026-11-22,2808,20000,,
1914908,37,2026-11-23,2808,20000,,
1914908,37,2026-11-24,2808,20000,,
1914908,37,2026-11-25,2808,20000,,
1914908,37,2026-12-01,2808,20000,,
1914908,37,2026-12-02,2808,20000,,
1914908,37,2026-12-03,2808,20000,,
1914908,37,2026-12-04,2808,20000,,
1914908,37,2026-12-05,2808,20000,,
1914908,37,2026-12-06,2808,20000,,
1914908,37,2026-12-07,2808,20000,,
1914908,37,2026-12-08,2808,20000,,
1914908,37,2026-12-09,2808,20000,,
1914908,37,2026-12-10,2808,20000,,
1914908,37,2026-12-11,2808,20000,,
1914908,37,2026-12-12,2808,20000,,
1914908,37,2026-12-13,2808,20000,,
1914908,37,2026-12-14,2808,20000,,
1914908,37,2026-12-15,2808,20000,,
1914908,37,2026-12-16,2808,20000,,
1914908,57,2026-10-30,2553,20000,,
1914908,57,2026-10-31,2553,20000,,
1914908,58,2026-10-30,2553,20000,,
1914908,58,2026-10-31,2553,20000,,
1914908,89,2026-10-30,2553,20000,,
1914908,89,2026-10-31,2553,20000,,
2020755,21,2026-11-29,2487,20000,,
2020755,22,2026-11-29,2487,20000,,
2020755,27,2026-11-20,3124,20000,,
2020755,28,2026-11-20,3124,20000,,
2020755,39,2026-11-29,2487,20000,,
2020755,83,2026-11-29,2487,20000,,
2024299,25,2026-12-17,2088,23600,,
2024299,26,2026-12-17,2088,23600,,
2031351,19,2026-12-17,1967,23600,,
2031351,20,2026-12-17,1967,23600,,
2031351,21,2026-12-17,2071,23600,,
2031351,22,2026-12-17,2071,23600,,
2031351,39,2026-12-17,2071,23600,,
2031351,83,2026-12-17,2071,23600,,
2074839,42,2026-09-30,2301,20000,,
2074839,43,2026-09-30,2301,20000,,
2074839,44,2026-09-30,2301,20000,,
0418304,25,2026-12-17,2286,23600,,
0418304,25,2027-09-18,2286,23600,,
0418304,26,2026-12-17,2286,23600,,
0418304,26,2027-09-18,2286,23600,,
1076395,25,2027-09-18,1600,23600,,
1076395,26,2027-09-18,1600,23600,,
1104841,45,2027-09-18,2759,27848,,
1104841,46,2027-09-18,2759,27848,,
1107594,25,2027-09-18,1608,23600,,
1253706,23,2027-08-21,1635,23600,,
1253706,23,2027-08-22,1635,23600,,
1253706,23,2027-08-27,1635,23600,,
1253706,23,2027-08-28,1635,23600,,
1253706,23,2027-08-29,1635,23600,,
1253706,23,2027-08-30,1635,23600,,
1253706,23,2027-08-31,1635,23600,,
1253706,23,2027-09-18,1635,23600,,
1253706,24,2027-08-21,1635,23600,,
1253706,24,2027-08-22,1635,23600,,
1253706,24,2027-08-27,1635,23600,,
1253706,24,2027-08-28,1635,23600,,
1253706,24,2027-08-29,1635,23600,,
1253706,24,2027-08-30,1635,23600,,
1253706,24,2027-08-31,1635,23600,,
1253706,24,2027-09-18,1635,23600,,
1253706,40,2027-08-21,1635,23600,,
1253706,40,2027-08-22,1635,23600,,
1253706,40,2027-08-27,1635,23600,,
1253706,40,2027-08-28,1635,23600,,
1253706,40,2027-08-29,1635,23600,,
1253706,40,2027-08-30,1635,23600,,
1253706,40,2027-08-31,1635,23600,,
1253706,40,2027-09-18,1635,23600,,
1375831,27,2026-12-17,2419,23600,,
1375831,28,2026-12-17,2419,23600,,
1399076,27,2026-12-17,1736,23600,,
1399076,28,2026-12-17,1736,23600,,
1472508,25,2026-12-17,2333,23600,,
1472508,26,2026-12-17,2333,23600,,
1503376,27,2027-09-18,2282,23600,,
1516017,27,2027-09-18,1905,40000,,
1516017,28,2027-09-18,1905,40000,,
1517075,27,2027-09-18,2275,40000,,
1517075,28,2027-09-18,2275,40000,,
1581295,17,2027-08-21,1211,27848,,
1581295,17,2027-08-22,1211,27848,,
1581295,17,2027-08-27,1211,27848,,
1581295,17,2027-08-28,1211,27848,,
1581295,17,2027-08-29,1211,27848,,
1581295,17,2027-08-30,1211,27848,,
1581295,17,2027-08-31,1211,27848,,
1581295,17,2027-09-18,1211,27848,,
1581295,18,2027-08-21,1211,27848,,
1581295,18,2027-08-22,1211,27848,,
1581295,18,2027-08-27,1211,27848,,
1581295,18,2027-08-28,1211,27848,,
1581295,18,2027-08-29,1211,27848,,
1581295,18,2027-08-30,1211,27848,,
1581295,18,2027-08-31,1211,27848,,
1581295,18,2027-09-18,1211,27848,,
1581295,19,2027-09-18,1211,27848,,
1581295,20,2027-09-18,1211,27848,,
1581295,50,2027-08-21,1211,27848,,
1581295,50,2027-08-22,1211,27848,,
1581295,50,2027-08-27,1211,27848,,
1581295,50,2027-08-28,1211,27848,,
1581295,50,2027-08-29,1211,27848,,
1581295,50,2027-08-30,1211,27848,,
1581295,50,2027-08-31,1211,27848,,
1581295,50,2027-09-18,1211,27848,,
1594465,25,2027-09-18,1666,27848,,
1594465,26,2027-09-18,1666,27848,,
1596716,27,2027-09-18,1666,23600,,
1596716,28,2027-09-18,1666,23600,,
1767140,45,2026-12-17,2811,23600,,
1767140,46,2026-12-17,2811,23600,,
2020755,19,2026-12-01,2056,20000,,
2020755,19,2026-12-07,2056,20000,,
2020755,19,2026-12-08,2056,20000,,
2020755,19,2026-12-09,2056,20000,,
2020755,19,2026-12-10,2056,20000,,
2020755,20,2026-12-01,2056,20000,,
2020755,20,2026-12-07,2056,20000,,
2020755,20,2026-12-08,2056,20000,,
2020755,20,2026-12-09,2056,20000,,
2020755,20,2026-12-10,2056,20000,,
2020755,27,2026-11-29,2901,20000,,
2020755,28,2026-11-29,2901,20000,,
2024578,42,2026-11-17,3140,20000,,
2024578,42,2027-09-18,3140,20000,,
2024578,43,2026-11-17,3140,20000,,
2024578,43,2027-09-18,3140,20000,,
2024578,44,2026-11-17,3140,20000,,
2024578,44,2027-09-18,3140,20000,,
2031351,17,2026-12-17,1864,23600,,
2031351,18,2026-12-17,1864,23600,,
2031351,50,2026-12-17,1864,23600,,
2063608,25,2026-12-17,1300,23600,,
2063608,26,2026-12-17,1300,23600,,
2079707,25,2027-09-18,1428,23600,,
2079707,26,2027-09-18,1428,23600,,
2083696,25,2027-09-18,1768,23600,,
2083696,26,2027-09-18,1768,23600,,
2089527,27,2026-12-17,1786,23600,,
2089527,28,2026-12-17,1786,23600,,
2345375,27,2026-12-17,1601,23600,,
2345375,28,2026-12-17,1601,23600,,
4477291,16,2026-12-17,1210,20000,,
4477291,52,2026-12-17,1210,20000,,
0233415,25,2027-09-18,2000,20000,,
0233415,26,2027-09-18,2000,20000,,
0243121,23,2026-09-27,1970,23600,,
0243121,24,2026-09-27,1970,23600,,
0243121,40,2026-09-27,1970,23600,,
0245564,19,2026-09-27,2732,23600,,
0245564,19,2026-09-27,2732,23600,,
0245564,20,2026-09-27,2732,23600,,
0245564,20,2026-09-27,2732,23600,,
1075048,25,2027-09-18,1305,23600,,
1107594,25,2027-09-18,1608,20000,,
1204840,27,2026-12-17,2011,27848,,
1204840,28,2026-12-17,2011,27848,,
1204840,78,2026-12-17,1666,27848,,
1204840,79,2026-12-17,1666,27848,,
1247345,25,2027-09-18,1726,23600,,
1247345,26,2027-09-18,1726,23600,,
1247536,19,2026-09-27,2278,23600,,
1247536,21,2026-09-27,2209,23600,,
1247536,22,2026-09-27,2209,23600,,
1247536,39,2026-09-27,2209,23600,,
1247536,83,2026-09-27,2209,23600,,
1253706,21,2027-08-21,1566,23600,,
1253706,21,2027-08-22,1566,23600,,
1253706,21,2027-08-27,1566,23600,,
1253706,21,2027-08-28,1566,23600,,
1253706,21,2027-08-29,1566,23600,,
1253706,21,2027-08-30,1566,23600,,
1253706,21,2027-08-31,1566,23600,,
1253706,21,2027-09-18,1566,23600,,
1253706,22,2027-08-21,1566,23600,,
1253706,22,2027-08-22,1566,23600,,
1253706,22,2027-08-27,1566,23600,,
1253706,22,2027-08-28,1566,23600,,
1253706,22,2027-08-29,1566,23600,,
1253706,22,2027-08-30,1566,23600,,
1253706,22,2027-08-31,1566,23600,,
1253706,22,2027-09-18,1566,23600,,
1253706,39,2027-08-21,1566,23600,,
1253706,39,2027-08-22,1566,23600,,
1253706,39,2027-08-27,1566,23600,,
1253706,39,2027-08-28,1566,23600,,
1253706,39,2027-08-29,1566,23600,,
1253706,39,2027-08-30,1566,23600,,
1253706,39,2027-08-31,1566,23600,,
1253706,39,2027-09-18,1566,23600,,
1253706,83,2027-08-21,1566,23600,,
1253706,83,2027-08-22,1566,23600,,
1253706,83,2027-08-27,1566,23600,,
1253706,83,2027-08-28,1566,23600,,
1253706,83,2027-08-29,1566,23600,,
1253706,83,2027-08-30,1566,23600,,
1253706,83,2027-08-31,1566,23600,,
1253706,83,2027-09-18,1566,23600,,
1307656,25,2027-09-18,1010,23600,,
1307656,26,2027-09-18,1010,23600,,
1507161,25,2026-12-17,1506,23600,,
1507161,26,2026-12-17,1506,23600,,
1552629,35,2027-09-18,3083,23600,,
1552629,36,2027-09-18,3083,23600,,
1555580,25,2027-09-18,1951,23600,,
1555580,26,2027-09-18,1951,23600,,
1593321,25,2026-12-17,1300,27848,,
1894945,35,2027-09-18,3453,23600,,
1894945,36,2027-09-18,3453,23600,,
1894945,37,2027-09-18,3453,23600,,
1914908,29,2026-11-06,2492,20000,,
1914908,29,2026-11-13,2492,20000,,
1914908,30,2026-11-06,2492,20000,,
1914908,30,2026-11-13,2492,20000,,
1914908,31,2026-11-06,2492,20000,,
1914908,31,2026-11-13,2492,20000,,
1914908,32,2026-11-06,2492,20000,,
1914908,32,2026-11-13,2492,20000,,
1914908,33,2026-11-06,2492,20000,,
1914908,33,2026-11-13,2492,20000,,
1914908,34,2026-11-06,2492,20000,,
1914908,34,2026-11-13,2492,20000,,
1914908,57,2026-11-06,2492,20000,,
1914908,57,2026-11-13,2492,20000,,
1914908,58,2026-11-06,2492,20000,,
1914908,58,2026-11-13,2492,20000,,
1914908,89,2026-11-06,2492,20000,,
1914908,89,2026-11-13,2492,20000,,
1916713,27,2026-11-18,2137,23600,,
1916713,27,2026-11-19,2137,23600,,
1916713,27,2026-11-22,2137,23600,,
1916713,27,2026-11-23,2137,23600,,
1916713,28,2026-11-18,2137,23600,,
1916713,28,2026-11-19,2137,23600,,
1916713,28,2026-11-22,2137,23600,,
1916713,28,2026-11-23,2137,23600,,
2015296,25,2026-12-17,1238,20000,,
2015296,25,2027-09-18,1238,20000,,
2015296,26,2026-12-17,1238,20000,,
2015296,26,2027-09-18,1238,20000,,
2020755,17,2026-11-20,2365,20000,,
2020755,17,2026-12-01,2021,20000,,
2020755,17,2026-12-07,2021,20000,,
2020755,17,2026-12-08,2021,20000,,
2020755,17,2026-12-09,2021,20000,,
2020755,17,2026-12-10,2021,20000,,
2020755,18,2026-11-20,2365,20000,,
2020755,18,2026-12-01,2021,20000,,
2020755,18,2026-12-07,2021,20000,,
2020755,18,2026-12-08,2021,20000,,
2020755,18,2026-12-09,2021,20000,,
2020755,18,2026-12-10,2021,20000,,
2020755,19,2026-11-21,2500,20000,,
2020755,20,2026-11-21,2500,20000,,
2020755,23,2026-11-20,2779,20000,,
2020755,24,2026-11-20,2779,20000,,
2020755,40,2026-11-20,2779,20000,,
2020755,50,2026-11-20,2365,20000,,
2020755,50,2026-12-01,2021,20000,,
2020755,50,2026-12-07,2021,20000,,
2020755,50,2026-12-08,2021,20000,,
2020755,50,2026-12-09,2021,20000,,
2020755,50,2026-12-10,2021,20000,,
2037169,27,2027-09-18,2690,23600,,
2037169,28,2027-09-18,2690,23600,,
2345375,25,2027-09-18,1278,23600,,
3002526,25,2027-09-18,1056,23600,,
3002526,26,2027-09-18,1056,23600,,
1126702,25,2026-09-27,2619,23600,,
1126702,26,2026-09-27,2619,23600,,
1206822,29,2026-12-17,3013,23600,,
1206822,30,2026-12-17,3013,23600,,
1206822,31,2026-12-17,3013,23600,,
1206822,32,2026-12-17,3013,23600,,
1206822,33,2026-12-17,3013,23600,,
1206822,34,2026-12-17,3013,23600,,
1206822,57,2026-12-17,3013,23600,,
1206822,58,2026-12-17,3013,23600,,
1206822,89,2026-12-17,3013,23600,,
1229920,42,2027-09-18,1493,23600,,
1229920,43,2027-09-18,1493,23600,,
1243669,23,2026-09-27,2831,23600,,
1243669,24,2026-09-27,2831,23600,,
1243669,40,2026-09-27,2831,23600,,
1253706,19,2027-08-21,1497,23600,,
1253706,19,2027-08-22,1497,23600,,
1253706,19,2027-08-27,1497,23600,,
1253706,19,2027-08-28,1497,23600,,
1253706,19,2027-08-29,1497,23600,,
1253706,19,2027-08-30,1497,23600,,
1253706,19,2027-08-31,1497,23600,,
1253706,19,2027-09-18,1497,23600,,
1253706,20,2027-08-21,1497,23600,,
1253706,20,2027-08-22,1497,23600,,
1253706,20,2027-08-27,1497,23600,,
1253706,20,2027-08-28,1497,23600,,
1253706,20,2027-08-29,1497,23600,,
1253706,20,2027-08-30,1497,23600,,
1253706,20,2027-08-31,1497,23600,,
1253706,20,2027-09-18,1497,23600,,
1394588,25,2026-12-17,1567,23600,,
1394588,26,2026-12-17,1567,23600,,
1394588,42,2027-09-18,2355,23600,,
1394588,43,2027-09-18,2355,23600,,
1446609,27,2027-09-18,1578,23600,,
1446609,28,2027-09-18,1578,23600,,
1508443,25,2026-12-17,1377,23600,,
1508443,26,2026-12-17,1377,23600,,
1581295,19,2026-09-27,1161,27848,,
1581295,20,2026-09-27,1161,27848,,
1809628,25,2026-12-17,1619,23600,,
1809628,26,2026-12-17,1619,23600,,
1914908,29,2026-10-19,2463,20000,,
1914908,29,2026-10-20,2463,20000,,
1914908,29,2026-10-21,2463,20000,,
1914908,29,2026-10-22,2463,20000,,
1914908,29,2026-10-23,2463,20000,,
1914908,29,2026-10-24,2463,20000,,
1914908,29,2026-10-25,2463,20000,,
1914908,29,2026-10-26,2463,20000,,
1914908,29,2026-10-27,2463,20000,,
1914908,29,2026-10-28,2463,20000,,
1914908,29,2026-10-29,2463,20000,,
1914908,29,2026-11-01,2463,20000,,
1914908,29,2026-11-02,2463,20000,,
1914908,29,2026-11-03,2463,20000,,
1914908,29,2026-11-04,2463,20000,,
1914908,29,2026-11-05,2463,20000,,
1914908,29,2026-11-07,2463,20000,,
1914908,29,2026-11-08,2463,20000,,
1914908,29,2026-11-09,2463,20000,,
1914908,29,2026-11-10,2463,20000,,
1914908,29,2026-11-11,2463,20000,,
1914908,29,2026-11-12,2463,20000,,
1914908,29,2026-11-14,2463,20000,,
1914908,29,2026-11-15,2463,20000,,
1914908,29,2026-11-16,2463,20000,,
1914908,29,2026-11-17,2463,20000,,
1914908,29,2026-11-18,2463,20000,,
1914908,29,2026-11-19,2463,20000,,
1914908,29,2026-11-22,2463,20000,,
1914908,29,2026-11-23,2463,20000,,
1914908,29,2026-11-24,2463,20000,,
1914908,29,2026-11-25,2463,20000,,
1914908,29,2026-12-01,2463,20000,,
1914908,29,2026-12-02,2463,20000,,
1914908,29,2026-12-03,2463,20000,,
1914908,29,2026-12-04,2463,20000,,
1914908,29,2026-12-05,2463,20000,,
1914908,29,2026-12-06,2463,20000,,
1914908,29,2026-12-07,2463,20000,,
1914908,29,2026-12-08,2463,20000,,
1914908,29,2026-12-09,2463,20000,,
1914908,29,2026-12-10,2463,20000,,
1914908,29,2026-12-11,2463,20000,,
1914908,29,2026-12-12,2463,20000,,
1914908,29,2026-12-13,2463,20000,,
1914908,29,2026-12-14,2463,20000,,
1914908,29,2026-12-15,2463,20000,,
1914908,29,2026-12-16,2463,20000,,
1914908,30,2026-10-19,2463,20000,,
1914908,30,2026-10-20,2463,20000,,
1914908,30,2026-10-21,2463,20000,,
1914908,30,2026-10-22,2463,20000,,
1914908,30,2026-10-23,2463,20000,,
1914908,30,2026-10-24,2463,20000,,
1914908,30,2026-10-25,2463,20000,,
1914908,30,2026-10-26,2463,20000,,
1914908,30,2026-10-27,2463,20000,,
1914908,30,2026-10-28,2463,20000,,
1914908,30,2026-10-29,2463,20000,,
1914908,30,2026-11-01,2463,20000,,
1914908,30,2026-11-02,2463,20000,,
1914908,30,2026-11-03,2463,20000,,
1914908,30,2026-11-04,2463,20000,,
1914908,30,2026-11-05,2463,20000,,
1914908,30,2026-11-07,2463,20000,,
1914908,30,2026-11-08,2463,20000,,
1914908,30,2026-11-09,2463,20000,,
1914908,30,2026-11-10,2463,20000,,
1914908,30,2026-11-11,2463,20000,,
1914908,30,2026-11-12,2463,20000,,
1914908,30,2026-11-14,2463,20000,,
1914908,30,2026-11-15,2463,20000,,
1914908,30,2026-11-16,2463,20000,,
1914908,30,2026-11-17,2463,20000,,
1914908,30,2026-11-18,2463,20000,,
1914908,30,2026-11-19,2463,20000,,
1914908,30,2026-11-22,2463,20000,,
1914908,30,2026-11-23,2463,20000,,
1914908,30,2026-11-24,2463,20000,,
1914908,30,2026-11-25,2463,20000,,
1914908,30,2026-12-01,2463,20000,,
1914908,30,2026-12-02,2463,20000,,
1914908,30,2026-12-03,2463,20000,,
1914908,30,2026-12-04,2463,20000,,
1914908,30,2026-12-05,2463,20000,,
1914908,30,2026-12-06,2463,20000,,
1914908,30,2026-12-07,2463,20000,,
1914908,30,2026-12-08,2463,20000,,
1914908,30,2026-12-09,2463,20000,,
1914908,30,2026-12-10,2463,20000,,
1914908,30,2026-12-11,2463,20000,,
1914908,30,2026-12-12,2463,20000,,
1914908,30,2026-12-13,2463,20000,,
1914908,30,2026-12-14,2463,20000,,
1914908,30,2026-12-15,2463,20000,,
1914908,30,2026-12-16,2463,20000,,
1914908,31,2026-10-19,2463,20000,,
1914908,31,2026-10-20,2463,20000,,
1914908,31,2026-10-21,2463,20000,,
1914908,31,2026-10-22,2463,20000,,
1914908,31,2026-10-23,2463,20000,,
1914908,31,2026-10-24,2463,20000,,
1914908,31,2026-10-25,2463,20000,,
1914908,31,2026-10-26,2463,20000,,
1914908,31,2026-10-27,2463,20000,,
1914908,31,2026-10-28,2463,20000,,
1914908,31,2026-10-29,2463,20000,,
1914908,31,2026-11-01,2463,20000,,
1914908,31,2026-11-02,2463,20000,,
1914908,31,2026-11-03,2463,20000,,
1914908,31,2026-11-04,2463,20000,,
1914908,31,2026-11-05,2463,20000,,
1914908,31,2026-11-07,2463,20000,,
1914908,31,2026-11-08,2463,20000,,
1914908,31,2026-11-09,2463,20000,,
1914908,31,2026-11-10,2463,20000,,
1914908,31,2026-11-11,2463,20000,,
1914908,31,2026-11-12,2463,20000,,
1914908,31,2026-11-14,2463,20000,,
1914908,31,2026-11-15,2463,20000,,
1914908,31,2026-11-16,2463,20000,,
1914908,31,2026-11-17,2463,20000,,
1914908,31,2026-11-18,2463,20000,,
1914908,31,2026-11-19,2463,20000,,
1914908,31,2026-11-22,2463,20000,,
1914908,31,2026-11-23,2463,20000,,
1914908,31,2026-11-24,2463,20000,,
1914908,31,2026-11-25,2463,20000,,
1914908,31,2026-12-01,2463,20000,,
1914908,31,2026-12-02,2463,20000,,
1914908,31,2026-12-03,2463,20000,,
1914908,31,2026-12-04,2463,20000,,
1914908,31,2026-12-05,2463,20000,,
1914908,31,2026-12-06,2463,20000,,
1914908,31,2026-12-07,2463,20000,,
1914908,31,2026-12-08,2463,20000,,
1914908,31,2026-12-09,2463,20000,,
1914908,31,2026-12-10,2463,20000,,
1914908,31,2026-12-11,2463,20000,,
1914908,31,2026-12-12,2463,20000,,
1914908,31,2026-12-13,2463,20000,,
1914908,31,2026-12-14,2463,20000,,
1914908,31,2026-12-15,2463,20000,,
1914908,31,2026-12-16,2463,20000,,
1914908,32,2026-10-19,2463,20000,,
1914908,32,2026-10-20,2463,20000,,
1914908,32,2026-10-21,2463,20000,,
1914908,32,2026-10-22,2463,20000,,
1914908,32,2026-10-23,2463,20000,,
1914908,32,2026-10-24,2463,20000,,
1914908,32,2026-10-25,2463,20000,,
1914908,32,2026-10-26,2463,20000,,
1914908,32,2026-10-27,2463,20000,,
1914908,32,2026-10-28,2463,20000,,
1914908,32,2026-10-29,2463,20000,,
1914908,32,2026-11-01,2463,20000,,
1914908,32,2026-11-02,2463,20000,,
1914908,32,2026-11-03,2463,20000,,
1914908,32,2026-11-04,2463,20000,,
1914908,32,2026-11-05,2463,20000,,
1914908,32,2026-11-07,2463,20000,,
1914908,32,2026-11-08,2463,20000,,
1914908,32,2026-11-09,2463,20000,,
1914908,32,2026-11-10,2463,20000,,
1914908,32,2026-11-11,2463,20000,,
1914908,32,2026-11-12,2463,20000,,
1914908,32,2026-11-14,2463,20000,,
1914908,32,2026-11-15,2463,20000,,
1914908,32,2026-11-16,2463,20000,,
1914908,32,2026-11-17,2463,20000,,
1914908,32,2026-11-18,2463,20000,,
1914908,32,2026-11-19,2463,20000,,
1914908,32,2026-11-22,2463,20000,,
1914908,32,2026-11-23,2463,20000,,
1914908,32,2026-11-24,2463,20000,,
1914908,32,2026-11-25,2463,20000,,
1914908,32,2026-12-01,2463,20000,,
1914908,32,2026-12-02,2463,20000,,
1914908,32,2026-12-03,2463,20000,,
1914908,32,2026-12-04,2463,20000,,
1914908,32,2026-12-05,2463,20000,,
1914908,32,2026-12-06,2463,20000,,
1914908,32,2026-12-07,2463,20000,,
1914908,32,2026-12-08,2463,20000,,
1914908,32,2026-12-09,2463,20000,,
1914908,32,2026-12-10,2463,20000,,
1914908,32,2026-12-11,2463,20000,,
1914908,32,2026-12-12,2463,20000,,
1914908,32,2026-12-13,2463,20000,,
1914908,32,2026-12-14,2463,20000,,
1914908,32,2026-12-15,2463,20000,,
1914908,32,2026-12-16,2463,20000,,
1914908,33,2026-10-19,2463,20000,,
1914908,33,2026-10-20,2463,20000,,
1914908,33,2026-10-21,2463,20000,,
1914908,33,2026-10-22,2463,20000,,
1914908,33,2026-10-23,2463,20000,,
1914908,33,2026-10-24,2463,20000,,
1914908,33,2026-10-25,2463,20000,,
1914908,33,2026-10-26,2463,20000,,
1914908,33,2026-10-27,2463,20000,,
1914908,33,2026-10-28,2463,20000,,
1914908,33,2026-10-29,2463,20000,,
1914908,33,2026-11-01,2463,20000,,
1914908,33,2026-11-02,2463,20000,,
1914908,33,2026-11-03,2463,20000,,
1914908,33,2026-11-04,2463,20000,,
1914908,33,2026-11-05,2463,20000,,
1914908,33,2026-11-07,2463,20000,,
1914908,33,2026-11-08,2463,20000,,
1914908,33,2026-11-09,2463,20000,,
1914908,33,2026-11-10,2463,20000,,
1914908,33,2026-11-11,2463,20000,,
1914908,33,2026-11-12,2463,20000,,
1914908,33,2026-11-14,2463,20000,,
1914908,33,2026-11-15,2463,20000,,
1914908,33,2026-11-16,2463,20000,,
1914908,33,2026-11-17,2463,20000,,
1914908,33,2026-11-18,2463,20000,,
1914908,33,2026-11-19,2463,20000,,
1914908,33,2026-11-22,2463,20000,,
1914908,33,2026-11-23,2463,20000,,
1914908,33,2026-11-24,2463,20000,,
1914908,33,2026-11-25,2463,20000,,
1914908,33,2026-12-01,2463,20000,,
1914908,33,2026-12-02,2463,20000,,
1914908,33,2026-12-03,2463,20000,,
1914908,33,2026-12-04,2463,20000,,
1914908,33,2026-12-05,2463,20000,,
1914908,33,2026-12-06,2463,20000,,
1914908,33,2026-12-07,2463,20000,,
1914908,33,2026-12-08,2463,20000,,
1914908,33,2026-12-09,2463,20000,,
1914908,33,2026-12-10,2463,20000,,
1914908,33,2026-12-11,2463,20000,,
1914908,33,2026-12-12,2463,20000,,
1914908,33,2026-12-13,2463,20000,,
1914908,33,2026-12-14,2463,20000,,
1914908,33,2026-12-15,2463,20000,,
1914908,33,2026-12-16,2463,20000,,
1914908,34,2026-10-19,2463,20000,,
1914908,34,2026-10-20,2463,20000,,
1914908,34,2026-10-21,2463,20000,,
1914908,34,2026-10-22,2463,20000,,
1914908,34,2026-10-23,2463,20000,,
1914908,34,2026-10-24,2463,20000,,
1914908,34,2026-10-25,2463,20000,,
1914908,34,2026-10-26,2463,20000,,
1914908,34,2026-10-27,2463,20000,,
1914908,34,2026-10-28,2463,20000,,
1914908,34,2026-10-29,2463,20000,,
1914908,34,2026-11-01,2463,20000,,
1914908,34,2026-11-02,2463,20000,,
1914908,34,2026-11-03,2463,20000,,
1914908,34,2026-11-04,2463,20000,,
1914908,34,2026-11-05,2463,20000,,
1914908,34,2026-11-07,2463,20000,,
1914908,34,2026-11-08,2463,20000,,
1914908,34,2026-11-09,2463,20000,,
1914908,34,2026-11-10,2463,20000,,
1914908,34,2026-11-11,2463,20000,,
1914908,34,2026-11-12,2463,20000,,
1914908,34,2026-11-14,2463,20000,,
1914908,34,2026-11-15,2463,20000,,
1914908,34,2026-11-16,2463,20000,,
1914908,34,2026-11-17,2463,20000,,
1914908,34,2026-11-18,2463,20000,,
1914908,34,2026-11-19,2463,20000,,
1914908,34,2026-11-22,2463,20000,,
1914908,34,2026-11-23,2463,20000,,
1914908,34,2026-11-24,2463,20000,,
1914908,34,2026-11-25,2463,20000,,
1914908,34,2026-12-01,2463,20000,,
1914908,34,2026-12-02,2463,20000,,
1914908,34,2026-12-03,2463,20000,,
1914908,34,2026-12-04,2463,20000,,
1914908,34,2026-12-05,2463,20000,,
1914908,34,2026-12-06,2463,20000,,
1914908,34,2026-12-07,2463,20000,,
1914908,34,2026-12-08,2463,20000,,
1914908,34,2026-12-09,2463,20000,,
1914908,34,2026-12-10,2463,20000,,
1914908,34,2026-12-11,2463,20000,,
1914908,34,2026-12-12,2463,20000,,
1914908,34,2026-12-13,2463,20000,,
1914908,34,2026-12-14,2463,20000,,
1914908,34,2026-12-15,2463,20000,,
1914908,34,2026-12-16,2463,20000,,
1914908,57,2026-10-19,2463,20000,,
1914908,57,2026-10-20,2463,20000,,
1914908,57,2026-10-21,2463,20000,,
1914908,57,2026-10-22,2463,20000,,
1914908,57,2026-10-23,2463,20000,,
1914908,57,2026-10-24,2463,20000,,
1914908,57,2026-10-25,2463,20000,,
1914908,57,2026-10-26,2463,20000,,
1914908,57,2026-10-27,2463,20000,,
1914908,57,2026-10-28,2463,20000,,
1914908,57,2026-10-29,2463,20000,,
1914908,57,2026-11-01,2463,20000,,
1914908,57,2026-11-02,2463,20000,,
1914908,57,2026-11-03,2463,20000,,
1914908,57,2026-11-04,2463,20000,,
1914908,57,2026-11-05,2463,20000,,
1914908,57,2026-11-07,2463,20000,,
1914908,57,2026-11-08,2463,20000,,
1914908,57,2026-11-09,2463,20000,,
1914908,57,2026-11-10,2463,20000,,
1914908,57,2026-11-11,2463,20000,,
1914908,57,2026-11-12,2463,20000,,
1914908,57,2026-11-14,2463,20000,,
1914908,57,2026-11-15,2463,20000,,
1914908,57,2026-11-16,2463,20000,,
1914908,57,2026-11-17,2463,20000,,
1914908,57,2026-11-18,2463,20000,,
1914908,57,2026-11-19,2463,20000,,
1914908,57,2026-11-22,2463,20000,,
1914908,57,2026-11-23,2463,20000,,
1914908,57,2026-11-24,2463,20000,,
1914908,57,2026-11-25,2463,20000,,
1914908,57,2026-12-01,2463,20000,,
1914908,57,2026-12-02,2463,20000,,
1914908,57,2026-12-03,2463,20000,,
1914908,57,2026-12-04,2463,20000,,
1914908,57,2026-12-05,2463,20000,,
1914908,57,2026-12-06,2463,20000,,
1914908,57,2026-12-07,2463,20000,,
1914908,57,2026-12-08,2463,20000,,
1914908,57,2026-12-09,2463,20000,,
1914908,57,2026-12-10,2463,20000,,
1914908,57,2026-12-11,2463,20000,,
1914908,57,2026-12-12,2463,20000,,
1914908,57,2026-12-13,2463,20000,,
1914908,57,2026-12-14,2463,20000,,
1914908,57,2026-12-15,2463,20000,,
1914908,57,2026-12-16,2463,20000,,
1914908,58,2026-10-19,2463,20000,,
1914908,58,2026-10-20,2463,20000,,
1914908,58,2026-10-21,2463,20000,,
1914908,58,2026-10-22,2463,20000,,
1914908,58,2026-10-23,2463,20000,,
1914908,58,2026-10-24,2463,20000,,
1914908,58,2026-10-25,2463,20000,,
1914908,58,2026-10-26,2463,20000,,
1914908,58,2026-10-27,2463,20000,,
1914908,58,2026-10-28,2463,20000,,
1914908,58,2026-10-29,2463,20000,,
1914908,58,2026-11-01,2463,20000,,
1914908,58,2026-11-02,2463,20000,,
1914908,58,2026-11-03,2463,20000,,
1914908,58,2026-11-04,2463,20000,,
1914908,58,2026-11-05,2463,20000,,
1914908,58,2026-11-07,2463,20000,,
1914908,58,2026-11-08,2463,20000,,
1914908,58,2026-11-09,2463,20000,,
1914908,58,2026-11-10,2463,20000,,
1914908,58,2026-11-11,2463,20000,,
1914908,58,2026-11-12,2463,20000,,
1914908,58,2026-11-14,2463,20000,,
1914908,58,2026-11-15,2463,20000,,
1914908,58,2026-11-16,2463,20000,,
1914908,58,2026-11-17,2463,20000,,
1914908,58,2026-11-18,2463,20000,,
1914908,58,2026-11-19,2463,20000,,
1914908,58,2026-11-22,2463,20000,,
1914908,58,2026-11-23,2463,20000,,
1914908,58,2026-11-24,2463,20000,,
1914908,58,2026-11-25,2463,20000,,
1914908,58,2026-12-01,2463,20000,,
1914908,58,2026-12-02,2463,20000,,
1914908,58,2026-12-03,2463,20000,,
1914908,58,2026-12-04,2463,20000,,
1914908,58,2026-12-05,2463,20000,,
1914908,58,2026-12-06,2463,20000,,
1914908,58,2026-12-07,2463,20000,,
1914908,58,2026-12-08,2463,20000,,
1914908,58,2026-12-09,2463,20000,,
1914908,58,2026-12-10,2463,20000,,
1914908,58,2026-12-11,2463,20000,,
1914908,58,2026-12-12,2463,20000,,
1914908,58,2026-12-13,2463,20000,,
1914908,58,2026-12-14,2463,20000,,
1914908,58,2026-12-15,2463,20000,,
1914908,58,2026-12-16,2463,20000,,
1914908,89,2026-10-19,2463,20000,,
1914908,89,2026-10-20,2463,20000,,
1914908,89,2026-10-21,2463,20000,,
1914908,89,2026-10-22,2463,20000,,
1914908,89,2026-10-23,2463,20000,,
1914908,89,2026-10-24,2463,20000,,
1914908,89,2026-10-25,2463,20000,,
1914908,89,2026-10-26,2463,20000,,
1914908,89,2026-10-27,2463,20000,,
1914908,89,2026-10-28,2463,20000,,
1914908,89,2026-10-29,2463,20000,,
1914908,89,2026-11-01,2463,20000,,
1914908,89,2026-11-02,2463,20000,,
1914908,89,2026-11-03,2463,20000,,
1914908,89,2026-11-04,2463,20000,,
1914908,89,2026-11-05,2463,20000,,
1914908,89,2026-11-07,2463,20000,,
1914908,89,2026-11-08,2463,20000,,
1914908,89,2026-11-09,2463,20000,,
1914908,89,2026-11-10,2463,20000,,
1914908,89,2026-11-11,2463,20000,,
1914908,89,2026-11-12,2463,20000,,
1914908,89,2026-11-14,2463,20000,,
1914908,89,2026-11-15,2463,20000,,
1914908,89,2026-11-16,2463,20000,,
1914908,89,2026-11-17,2463,20000,,
1914908,89,2026-11-18,2463,20000,,
1914908,89,2026-11-19,2463,20000,,
1914908,89,2026-11-22,2463,20000,,
1914908,89,2026-11-23,2463,20000,,
1914908,89,2026-11-24,2463,20000,,
1914908,89,2026-11-25,2463,20000,,
1914908,89,2026-12-01,2463,20000,,
1914908,89,2026-12-02,2463,20000,,
1914908,89,2026-12-03,2463,20000,,
1914908,89,2026-12-04,2463,20000,,
1914908,89,2026-12-05,2463,20000,,
1914908,89,2026-12-06,2463,20000,,
1914908,89,2026-12-07,2463,20000,,
1914908,89,2026-12-08,2463,20000,,
1914908,89,2026-12-09,2463,20000,,
1914908,89,2026-12-10,2463,20000,,
1914908,89,2026-12-11,2463,20000,,
1914908,89,2026-12-12,2463,20000,,
1914908,89,2026-12-13,2463,20000,,
1914908,89,2026-12-14,2463,20000,,
1914908,89,2026-12-15,2463,20000,,
1914908,89,2026-12-16,2463,20000,,
2059540,27,2027-09-18,1905,23600,,
2059540,28,2027-09-18,1905,23600,,
0124913,32,2026-09-18,1778,23600,,
0124913,33,2026-09-18,1778,23600,,
0124913,34,2026-09-18,1778,23600,,
0243121,21,2026-09-27,1832,23600,,
0243121,22,2026-09-27,1832,23600,,
0243121,39,2026-09-27,1832,23600,,
0243121,83,2026-09-27,1832,23600,,
1107594,25,2026-12-17,1592,23600,,
1107594,25,2026-12-17,1592,23600,,
1166122,35,2026-12-17,2441,23600,,
1166122,36,2026-12-17,2441,23600,,
1243669,21,2026-09-27,2658,23600,,
1243669,22,2026-09-27,2658,23600,,
1243669,39,2026-09-27,2658,23600,,
1243669,83,2026-09-27,2658,23600,,
1247536,17,2026-09-27,2071,23600,,
1247536,18,2026-09-27,2071,23600,,
1253706,17,2027-08-21,1428,23600,,
1253706,17,2027-08-22,1428,23600,,
1253706,17,2027-08-27,1428,23600,,
1253706,17,2027-08-28,1428,23600,,
1253706,17,2027-08-29,1428,23600,,
1253706,17,2027-08-30,1428,23600,,
1253706,17,2027-08-31,1428,23600,,
1253706,17,2027-09-18,1428,23600,,
1253706,18,2027-08-21,1428,23600,,
1253706,18,2027-08-22,1428,23600,,
1253706,18,2027-08-27,1428,23600,,
1253706,18,2027-08-28,1428,23600,,
1253706,18,2027-08-29,1428,23600,,
1253706,18,2027-08-30,1428,23600,,
1253706,18,2027-08-31,1428,23600,,
1253706,18,2027-09-18,1428,23600,,
1253706,50,2027-08-21,1428,23600,,
1253706,50,2027-08-22,1428,23600,,
1253706,50,2027-08-27,1428,23600,,
1253706,50,2027-08-28,1428,23600,,
1253706,50,2027-08-29,1428,23600,,
1253706,50,2027-08-30,1428,23600,,
1253706,50,2027-08-31,1428,23600,,
1253706,50,2027-09-18,1428,23600,,
1381192,17,2027-09-18,2000,23600,,
1381192,18,2027-09-18,2000,23600,,
1381192,50,2027-09-18,2000,23600,,
1474809,25,2026-12-17,1815,23600,,
1474809,26,2026-12-17,1815,23600,,
1581295,15,2026-09-27,954,27848,,
1581295,38,2026-09-27,954,27848,,
1596296,45,2027-09-18,2648,32861,,
1596296,46,2027-09-18,2648,32861,,
1914908,27,2026-10-30,2070,20000,,
1914908,27,2026-10-31,2070,20000,,
1914908,28,2026-10-30,2070,20000,,
1914908,28,2026-10-31,2070,20000,,
1921658,25,2027-09-18,2296,23600,,
1921658,26,2027-09-18,2296,23600,,
2016749,25,2027-09-18,1640,23600,,
2016749,26,2027-09-18,1640,23600,,
2020755,17,2026-11-29,2142,20000,,
2020755,18,2026-11-29,2142,20000,,
2020755,23,2026-11-29,2556,20000,,
2020755,24,2026-11-29,2556,20000,,
2020755,40,2026-11-29,2556,20000,,
2020755,50,2026-11-29,2142,20000,,
2024578,35,2026-11-17,2795,20000,,
2024578,35,2027-09-18,2795,20000,,
2024578,36,2026-11-17,2795,20000,,
2024578,36,2027-09-18,2795,20000,,
2024578,37,2026-11-17,2795,20000,,
2024578,37,2027-09-18,2795,20000,,
2024578,59,2026-11-17,2795,20000,,
2024578,59,2027-09-18,2795,20000,,
2066561,42,2027-09-18,2527,27848,,
2066561,43,2027-09-18,2527,27848,,
0124913,29,2026-09-18,1709,23600,,
0124913,30,2026-09-18,1709,23600,,
0124913,31,2026-09-18,1709,23600,,
0124913,57,2026-09-18,1709,23600,,
0245564,16,2026-09-27,2456,23600,,
0245564,16,2026-09-27,2456,23600,,
0245564,17,2026-09-27,2456,23600,,
0245564,17,2026-09-27,2456,23600,,
0245564,18,2026-09-27,2456,23600,,
0245564,18,2026-09-27,2456,23600,,
0245564,50,2026-09-27,2456,23600,,
0245564,52,2026-09-27,2456,23600,,
0245564,52,2026-09-27,2456,23600,,
1126702,25,2026-09-18,2396,23600,,
1126702,26,2026-09-18,2396,23600,,
1168384,25,2026-12-17,1294,23600,,
1168384,26,2026-12-17,1294,23600,,
1204840,25,2026-12-17,1804,27848,,
1204840,26,2026-12-17,1804,27848,,
1247345,27,2026-12-17,1839,23600,,
1247345,28,2026-12-17,1839,23600,,
1298420,25,2026-12-17,1289,23600,,
1298420,26,2026-12-17,1289,23600,,
1411710,25,2026-12-17,1848,23600,,
1411710,26,2026-12-17,1848,23600,,
1472544,45,2026-12-17,2066,23600,,
1472544,46,2026-12-17,2066,23600,,
1474809,25,2027-09-18,1378,23600,,
1474809,26,2027-09-18,1378,23600,,
1552629,25,2027-09-18,2462,23600,,
1552629,26,2027-09-18,2462,23600,,
1552629,27,2027-09-18,2738,23600,,
1552629,28,2027-09-18,2738,23600,,
1595502,35,2027-09-18,2089,23600,,
1595502,36,2027-09-18,2089,23600,,
1766640,45,2027-09-18,1566,23600,,
1766640,46,2027-09-18,1566,23600,,
2014883,25,2026-12-17,1428,23600,,
2014883,26,2026-12-17,1428,23600,,
2018783,25,2027-09-18,1428,23600,,
2018783,26,2027-09-18,1428,23600,,
2065763,102,2027-09-18,1762,32861,,
2065763,103,2027-09-18,1762,32861,,
2065763,104,2027-09-18,1762,32861,,
2074839,42,2027-09-18,2481,20000,,
2074839,43,2027-09-18,2481,20000,,
2074839,44,2027-09-18,2481,20000,,
4477291,16,2026-10-02,1075,20000,,
4477291,16,2026-10-03,1075,20000,,
4477291,16,2026-10-04,1075,20000,,
4477291,52,2026-10-02,1075,20000,,
4477291,52,2026-10-03,1075,20000,,
4477291,52,2026-10-04,1075,20000,,
0124913,25,2026-09-18,1640,23600,,
0124913,26,2026-09-18,1640,23600,,
0245564,15,2026-09-27,2318,23600,,
0245564,15,2026-09-27,2318,23600,,
0245564,38,2026-09-27,2318,23600,,
0245564,38,2026-09-27,2318,23600,,
0245564,76,2026-09-27,2318,23600,,
1229920,42,2026-12-17,1538,23600,,
1229920,43,2026-12-17,1538,23600,,
1353336,35,2026-11-06,7383,20000,,
1353336,35,2026-11-07,7383,20000,,
1353336,35,2026-11-08,7383,20000,,
1353336,35,2026-11-09,7383,20000,,
1353336,35,2026-11-10,7383,20000,,
1353336,35,2026-11-11,7383,20000,,
1353336,35,2026-11-12,7383,20000,,
1353336,35,2026-11-13,7383,20000,,
1353336,35,2026-11-14,7383,20000,,
1353336,35,2026-11-15,7383,20000,,
1353336,35,2026-11-16,7383,20000,,
1353336,36,2026-11-06,7383,20000,,
1353336,36,2026-11-07,7383,20000,,
1353336,36,2026-11-08,7383,20000,,
1353336,36,2026-11-09,7383,20000,,
1353336,36,2026-11-10,7383,20000,,
1353336,36,2026-11-11,7383,20000,,
1353336,36,2026-11-12,7383,20000,,
1353336,36,2026-11-13,7383,20000,,
1353336,36,2026-11-14,7383,20000,,
1353336,36,2026-11-15,7383,20000,,
1353336,36,2026-11-16,7383,20000,,
1381192,21,2027-09-18,2207,23600,,
1381192,22,2027-09-18,2207,23600,,
1381192,29,2027-09-18,2414,23600,,
1381192,30,2027-09-18,2414,23600,,
1381192,31,2027-09-18,2414,23600,,
1381192,39,2027-09-18,2207,23600,,
1381192,57,2027-09-18,2414,23600,,
1399076,27,2027-09-18,1645,23600,,
1399076,28,2027-09-18,1645,23600,,
1442173,25,2027-09-18,1553,23600,,
1442173,26,2027-09-18,1553,23600,,
1581295,15,2027-08-21,1004,27848,,
1581295,15,2027-08-22,1004,27848,,
1581295,15,2027-08-27,1004,27848,,
1581295,15,2027-08-28,1004,27848,,
1581295,15,2027-08-29,1004,27848,,
1581295,15,2027-08-30,1004,27848,,
1581295,15,2027-08-31,1004,27848,,
1581295,15,2027-09-18,1004,27848,,
1581295,16,2027-09-18,1004,27848,,
1581295,38,2027-08-21,1004,27848,,
1581295,38,2027-08-22,1004,27848,,
1581295,38,2027-08-27,1004,27848,,
1581295,38,2027-08-28,1004,27848,,
1581295,38,2027-08-29,1004,27848,,
1581295,38,2027-08-30,1004,27848,,
1581295,38,2027-08-31,1004,27848,,
1581295,38,2027-09-18,1004,27848,,
1581295,52,2027-09-18,1004,27848,,
1594926,25,2027-09-18,1369,20000,,
1894945,29,2027-09-18,2797,23600,,
1894945,30,2027-09-18,2797,23600,,
1894945,31,2027-09-18,2797,23600,,
1894945,32,2027-09-18,2901,23600,,
1894945,33,2027-09-18,2901,23600,,
1894945,34,2027-09-18,2901,23600,,
1894945,57,2027-09-18,2797,23600,,
1894945,58,2027-09-18,2901,23600,,
1894945,89,2027-09-18,2797,23600,,
1912757,25,2026-12-01,1283,23600,,
1912757,25,2026-12-07,1283,23600,,
1912757,25,2026-12-08,1283,23600,,
1912757,25,2026-12-09,1283,23600,,
1912757,25,2026-12-10,1283,23600,,
1912757,25,2026-12-13,1283,23600,,
1912757,25,2026-12-14,1283,23600,,
1912757,25,2026-12-15,1283,23600,,
1912757,25,2026-12-16,1283,23600,,
1912757,26,2026-12-01,1283,23600,,
1912757,26,2026-12-07,1283,23600,,
1912757,26,2026-12-08,1283,23600,,
1912757,26,2026-12-09,1283,23600,,
1912757,26,2026-12-10,1283,23600,,
1912757,26,2026-12-13,1283,23600,,
1912757,26,2026-12-14,1283,23600,,
1912757,26,2026-12-15,1283,23600,,
1912757,26,2026-12-16,1283,23600,,
1914908,27,2026-11-06,2009,20000,,
1914908,27,2026-11-13,2009,20000,,
1914908,28,2026-11-06,2009,20000,,
1914908,28,2026-11-13,2009,20000,,
2018949,25,2027-09-18,1428,23600,,
2018949,26,2027-09-18,1428,23600,,
2020755,19,2026-11-20,2399,20000,,
2020755,20,2026-11-20,2399,20000,,
2059540,27,2026-12-17,1857,23600,,
2059540,28,2026-12-17,1857,23600,,
2079707,25,2026-12-17,1428,23600,,
2079707,26,2026-12-17,1428,23600,,
4477291,19,2026-12-17,1279,20000,,
4477291,20,2026-12-17,1279,20000,,
1075048,27,2027-09-18,1443,23600,,
1075048,28,2027-09-18,1443,23600,,
1104841,27,2027-09-18,2207,27848,,
1104841,28,2027-09-18,2207,27848,,
1104841,41,2027-09-18,2207,27848,,
1247300,25,2026-12-17,1356,23600,,
1247300,26,2026-12-17,1356,23600,,
1323805,45,2027-09-18,1631,23600,,
1323805,46,2027-09-18,1631,23600,,
1353336,32,2026-11-06,7038,20000,,
1353336,32,2026-11-07,7038,20000,,
1353336,32,2026-11-08,7038,20000,,
1353336,32,2026-11-09,7038,20000,,
1353336,32,2026-11-10,7038,20000,,
1353336,32,2026-11-11,7038,20000,,
1353336,32,2026-11-12,7038,20000,,
1353336,32,2026-11-13,7038,20000,,
1353336,32,2026-11-14,7038,20000,,
1353336,32,2026-11-15,7038,20000,,
1353336,32,2026-11-16,7038,20000,,
1353336,33,2026-11-06,7038,20000,,
1353336,33,2026-11-07,7038,20000,,
1353336,33,2026-11-08,7038,20000,,
1353336,33,2026-11-09,7038,20000,,
1353336,33,2026-11-10,7038,20000,,
1353336,33,2026-11-11,7038,20000,,
1353336,33,2026-11-12,7038,20000,,
1353336,33,2026-11-13,7038,20000,,
1353336,33,2026-11-14,7038,20000,,
1353336,33,2026-11-15,7038,20000,,
1353336,33,2026-11-16,7038,20000,,
1353336,34,2026-11-06,7038,20000,,
1353336,34,2026-11-07,7038,20000,,
1353336,34,2026-11-08,7038,20000,,
1353336,34,2026-11-09,7038,20000,,
1353336,34,2026-11-10,7038,20000,,
1353336,34,2026-11-11,7038,20000,,
1353336,34,2026-11-12,7038,20000,,
1353336,34,2026-11-13,7038,20000,,
1353336,34,2026-11-14,7038,20000,,
1353336,34,2026-11-15,7038,20000,,
1353336,34,2026-11-16,7038,20000,,
1921658,25,2026-12-17,2251,23600,,
1921658,26,2026-12-17,2251,23600,,
2010412,25,2027-09-18,1286,23600,,
2010412,26,2027-09-18,1286,23600,,
1126702,19,2026-09-27,2136,23600,,
1126702,20,2026-09-27,2136,23600,,
1126702,51,2026-09-27,2136,23600,,
1136669,27,2027-09-18,2182,23600,,
1136669,28,2027-09-18,2182,23600,,
1165837,45,2027-09-18,2361,23600,,
1165837,46,2027-09-18,2361,23600,,
1166122,27,2026-12-17,2048,23600,,
1166122,28,2026-12-17,2048,23600,,
1168384,25,2027-09-18,1198,23600,,
1168384,26,2027-09-18,1198,23600,,
1288538,42,2027-09-18,2405,23600,,
1288538,43,2027-09-18,2405,23600,,
1353336,29,2026-11-06,6831,20000,,
1353336,29,2026-11-07,6831,20000,,
1353336,29,2026-11-08,6831,20000,,
1353336,29,2026-11-09,6831,20000,,
1353336,29,2026-11-10,6831,20000,,
1353336,29,2026-11-11,6831,20000,,
1353336,29,2026-11-12,6831,20000,,
1353336,29,2026-11-13,6831,20000,,
1353336,29,2026-11-14,6831,20000,,
1353336,29,2026-11-15,6831,20000,,
1353336,29,2026-11-16,6831,20000,,
1353336,30,2026-11-06,6831,20000,,
1353336,30,2026-11-07,6831,20000,,
1353336,30,2026-11-08,6831,20000,,
1353336,30,2026-11-09,6831,20000,,
1353336,30,2026-11-10,6831,20000,,
1353336,30,2026-11-11,6831,20000,,
1353336,30,2026-11-12,6831,20000,,
1353336,30,2026-11-13,6831,20000,,
1353336,30,2026-11-14,6831,20000,,
1353336,30,2026-11-15,6831,20000,,
1353336,30,2026-11-16,6831,20000,,
1353336,31,2026-11-06,6831,20000,,
1353336,31,2026-11-07,6831,20000,,
1353336,31,2026-11-08,6831,20000,,
1353336,31,2026-11-09,6831,20000,,
1353336,31,2026-11-10,6831,20000,,
1353336,31,2026-11-11,6831,20000,,
1353336,31,2026-11-12,6831,20000,,
1353336,31,2026-11-13,6831,20000,,
1353336,31,2026-11-14,6831,20000,,
1353336,31,2026-11-15,6831,20000,,
1353336,31,2026-11-16,6831,20000,,
1353336,57,2026-11-06,6831,20000,,
1353336,57,2026-11-07,6831,20000,,
1353336,57,2026-11-08,6831,20000,,
1353336,57,2026-11-09,6831,20000,,
1353336,57,2026-11-10,6831,20000,,
1353336,57,2026-11-11,6831,20000,,
1353336,57,2026-11-12,6831,20000,,
1353336,57,2026-11-13,6831,20000,,
1353336,57,2026-11-14,6831,20000,,
1353336,57,2026-11-15,6831,20000,,
1353336,57,2026-11-16,6831,20000,,
1581295,16,2026-09-27,954,27848,,
1581295,52,2026-09-27,954,27848,,
1596296,45,2026-12-17,2536,32861,,
1596296,46,2026-12-17,2536,32861,,
1914908,21,2026-10-30,1725,20000,,
1914908,21,2026-10-31,1725,20000,,
1914908,22,2026-10-30,1725,20000,,
1914908,22,2026-10-31,1725,20000,,
1914908,23,2026-10-30,1725,20000,,
1914908,23,2026-10-31,1725,20000,,
1914908,24,2026-10-30,1725,20000,,
1914908,24,2026-10-31,1725,20000,,
1914908,27,2026-10-19,1980,20000,,
1914908,27,2026-10-20,1980,20000,,
1914908,27,2026-10-21,1980,20000,,
1914908,27,2026-10-22,1980,20000,,
1914908,27,2026-10-23,1980,20000,,
1914908,27,2026-10-24,1980,20000,,
1914908,27,2026-10-25,1980,20000,,
1914908,27,2026-10-26,1980,20000,,
1914908,27,2026-10-27,1980,20000,,
1914908,27,2026-10-28,1980,20000,,
1914908,27,2026-10-29,1980,20000,,
1914908,27,2026-11-01,1980,20000,,
1914908,27,2026-11-02,1980,20000,,
1914908,27,2026-11-03,1980,20000,,
1914908,27,2026-11-04,1980,20000,,
1914908,27,2026-11-05,1980,20000,,
1914908,27,2026-11-07,1980,20000,,
1914908,27,2026-11-08,1980,20000,,
1914908,27,2026-11-09,1980,20000,,
1914908,27,2026-11-10,1980,20000,,
1914908,27,2026-11-11,1980,20000,,
1914908,27,2026-11-12,1980,20000,,
1914908,27,2026-11-14,1980,20000,,
1914908,27,2026-11-15,1980,20000,,
1914908,27,2026-11-16,1980,20000,,
1914908,27,2026-11-17,1980,20000,,
1914908,27,2026-11-18,1980,20000,,
1914908,27,2026-11-19,1980,20000,,
1914908,27,2026-11-22,1980,20000,,
1914908,27,2026-11-23,1980,20000,,
1914908,27,2026-11-24,1980,20000,,
1914908,27,2026-11-25,1980,20000,,
1914908,27,2026-12-01,1980,20000,,
1914908,27,2026-12-02,1980,20000,,
1914908,27,2026-12-03,1980,20000,,
1914908,27,2026-12-04,1980,20000,,
1914908,27,2026-12-05,1980,20000,,
1914908,27,2026-12-06,1980,20000,,
1914908,27,2026-12-07,1980,20000,,
1914908,27,2026-12-08,1980,20000,,
1914908,27,2026-12-09,1980,20000,,
1914908,27,2026-12-10,1980,20000,,
1914908,27,2026-12-11,1980,20000,,
1914908,27,2026-12-12,1980,20000,,
1914908,27,2026-12-13,1980,20000,,
1914908,27,2026-12-14,1980,20000,,
1914908,27,2026-12-15,1980,20000,,
1914908,27,2026-12-16,1980,20000,,
1914908,28,2026-10-19,1980,20000,,
1914908,28,2026-10-20,1980,20000,,
1914908,28,2026-10-21,1980,20000,,
1914908,28,2026-10-22,1980,20000,,
1914908,28,2026-10-23,1980,20000,,
1914908,28,2026-10-24,1980,20000,,
1914908,28,2026-10-25,1980,20000,,
1914908,28,2026-10-26,1980,20000,,
1914908,28,2026-10-27,1980,20000,,
1914908,28,2026-10-28,1980,20000,,
1914908,28,2026-10-29,1980,20000,,
1914908,28,2026-11-01,1980,20000,,
1914908,28,2026-11-02,1980,20000,,
1914908,28,2026-11-03,1980,20000,,
1914908,28,2026-11-04,1980,20000,,
1914908,28,2026-11-05,1980,20000,,
1914908,28,2026-11-07,1980,20000,,
1914908,28,2026-11-08,1980,20000,,
1914908,28,2026-11-09,1980,20000,,
1914908,28,2026-11-10,1980,20000,,
1914908,28,2026-11-11,1980,20000,,
1914908,28,2026-11-12,1980,20000,,
1914908,28,2026-11-14,1980,20000,,
1914908,28,2026-11-15,1980,20000,,
1914908,28,2026-11-16,1980,20000,,
1914908,28,2026-11-17,1980,20000,,
1914908,28,2026-11-18,1980,20000,,
1914908,28,2026-11-19,1980,20000,,
1914908,28,2026-11-22,1980,20000,,
1914908,28,2026-11-23,1980,20000,,
1914908,28,2026-11-24,1980,20000,,
1914908,28,2026-11-25,1980,20000,,
1914908,28,2026-12-01,1980,20000,,
1914908,28,2026-12-02,1980,20000,,
1914908,28,2026-12-03,1980,20000,,
1914908,28,2026-12-04,1980,20000,,
1914908,28,2026-12-05,1980,20000,,
1914908,28,2026-12-06,1980,20000,,
1914908,28,2026-12-07,1980,20000,,
1914908,28,2026-12-08,1980,20000,,
1914908,28,2026-12-09,1980,20000,,
1914908,28,2026-12-10,1980,20000,,
1914908,28,2026-12-11,1980,20000,,
1914908,28,2026-12-12,1980,20000,,
1914908,28,2026-12-13,1980,20000,,
1914908,28,2026-12-14,1980,20000,,
1914908,28,2026-12-15,1980,20000,,
1914908,28,2026-12-16,1980,20000,,
1914908,39,2026-10-30,1725,20000,,
1914908,39,2026-10-31,1725,20000,,
1914908,40,2026-10-30,1725,20000,,
1914908,40,2026-10-31,1725,20000,,
1914908,83,2026-10-30,1725,20000,,
1914908,83,2026-10-31,1725,20000,,
2024578,32,2026-11-17,2450,20000,,
2024578,32,2027-09-18,2450,20000,,
2024578,33,2026-11-17,2450,20000,,
2024578,33,2027-09-18,2450,20000,,
2024578,34,2026-11-17,2450,20000,,
2024578,34,2027-09-18,2450,20000,,
2024578,58,2026-11-17,2450,20000,,
2024578,58,2027-09-18,2450,20000,,
2024578,90,2026-11-17,2450,20000,,
2024578,90,2027-09-18,2450,20000,,
2083696,25,2026-12-17,1643,23600,,
2083696,26,2026-12-17,1643,23600,,
4477291,23,2026-12-17,1417,20000,,
4477291,24,2026-12-17,1417,20000,,
1126702,17,2026-09-27,2032,23600,,
1126702,18,2026-09-27,2032,23600,,
1126702,50,2026-09-27,2032,23600,,
1126702,87,2026-09-27,2032,23600,,
1204840,45,2027-09-18,1493,27848,,
1204840,46,2027-09-18,1493,27848,,
1206822,17,2026-12-17,2047,23600,,
1206822,18,2026-12-17,2047,23600,,
1206822,19,2026-12-17,2047,23600,,
1206822,20,2026-12-17,2047,23600,,
1206822,50,2026-12-17,2047,23600,,
1206822,51,2026-12-17,2047,23600,,
1206822,87,2026-12-17,2047,23600,,
1247345,25,2026-12-17,1597,23600,,
1247345,26,2026-12-17,1597,23600,,
1257158,25,2027-09-18,1415,23600,,
1257158,26,2027-09-18,1415,23600,,
1353336,27,2026-11-06,7107,20000,,
1353336,27,2026-11-07,7107,20000,,
1353336,27,2026-11-08,7107,20000,,
1353336,27,2026-11-09,7107,20000,,
1353336,27,2026-11-10,7107,20000,,
1353336,27,2026-11-11,7107,20000,,
1353336,27,2026-11-12,7107,20000,,
1353336,27,2026-11-13,7107,20000,,
1353336,27,2026-11-14,7107,20000,,
1353336,27,2026-11-15,7107,20000,,
1353336,27,2026-11-16,7107,20000,,
1353336,28,2026-11-06,7107,20000,,
1353336,28,2026-11-07,7107,20000,,
1353336,28,2026-11-08,7107,20000,,
1353336,28,2026-11-09,7107,20000,,
1353336,28,2026-11-10,7107,20000,,
1353336,28,2026-11-11,7107,20000,,
1353336,28,2026-11-12,7107,20000,,
1353336,28,2026-11-13,7107,20000,,
1353336,28,2026-11-14,7107,20000,,
1353336,28,2026-11-15,7107,20000,,
1353336,28,2026-11-16,7107,20000,,
1559112,25,2027-09-18,1714,23600,,
1559112,26,2027-09-18,1714,23600,,
1559112,55,2027-09-18,1714,23600,,
1595009,42,2027-09-18,2274,23600,,
1595009,43,2027-09-18,2274,23600,,
1595009,44,2027-09-18,2274,23600,,
1809628,42,2027-09-18,2033,23600,,
1809628,43,2027-09-18,2033,23600,,
2020755,19,2026-11-29,2177,20000,,
2020755,20,2026-11-29,2177,20000,,
2345375,25,2026-12-17,1187,23600,,
4477291,19,2026-10-02,1144,20000,,
4477291,19,2026-10-03,1144,20000,,
4477291,19,2026-10-04,1144,20000,,
4477291,20,2026-10-02,1144,20000,,
4477291,20,2026-10-03,1144,20000,,
4477291,20,2026-10-04,1144,20000,,
1394588,42,2026-12-17,2188,23600,,
1394588,43,2026-12-17,2188,23600,,
1472544,25,2027-09-18,1286,23600,,
1472544,26,2027-09-18,1286,23600,,
2019978,25,2026-12-17,1905,20000,,
2019978,25,2027-09-18,1905,20000,,
2019978,26,2026-12-17,1905,20000,,
2019978,26,2027-09-18,1905,20000,,
1126702,19,2026-09-18,1913,23600,,
1126702,20,2026-09-18,1913,23600,,
1126702,51,2026-09-18,1913,23600,,
1206822,21,2026-12-17,2185,23600,,
1206822,22,2026-12-17,2185,23600,,
1206822,23,2026-12-17,2185,23600,,
1206822,24,2026-12-17,2185,23600,,
1206822,39,2026-12-17,2185,23600,,
1206822,40,2026-12-17,2185,23600,,
1206822,83,2026-12-17,2185,23600,,
1353336,21,2026-11-06,6624,20000,,
1353336,21,2026-11-07,6624,20000,,
1353336,21,2026-11-08,6624,20000,,
1353336,21,2026-11-09,6624,20000,,
1353336,21,2026-11-10,6624,20000,,
1353336,21,2026-11-11,6624,20000,,
1353336,21,2026-11-12,6624,20000,,
1353336,21,2026-11-13,6624,20000,,
1353336,21,2026-11-14,6624,20000,,
1353336,21,2026-11-15,6624,20000,,
1353336,21,2026-11-16,6624,20000,,
1353336,22,2026-11-06,6624,20000,,
1353336,22,2026-11-07,6624,20000,,
1353336,22,2026-11-08,6624,20000,,
1353336,22,2026-11-09,6624,20000,,
1353336,22,2026-11-10,6624,20000,,
1353336,22,2026-11-11,6624,20000,,
1353336,22,2026-11-12,6624,20000,,
1353336,22,2026-11-13,6624,20000,,
1353336,22,2026-11-14,6624,20000,,
1353336,22,2026-11-15,6624,20000,,
1353336,22,2026-11-16,6624,20000,,
1353336,23,2026-11-06,6762,20000,,
1353336,23,2026-11-07,6762,20000,,
1353336,23,2026-11-08,6762,20000,,
1353336,23,2026-11-09,6762,20000,,
1353336,23,2026-11-10,6762,20000,,
1353336,23,2026-11-11,6762,20000,,
1353336,23,2026-11-12,6762,20000,,
1353336,23,2026-11-13,6762,20000,,
1353336,23,2026-11-14,6762,20000,,
1353336,23,2026-11-15,6762,20000,,
1353336,23,2026-11-16,6762,20000,,
1353336,24,2026-11-06,6762,20000,,
1353336,24,2026-11-07,6762,20000,,
1353336,24,2026-11-08,6762,20000,,
1353336,24,2026-11-09,6762,20000,,
1353336,24,2026-11-10,6762,20000,,
1353336,24,2026-11-11,6762,20000,,
1353336,24,2026-11-12,6762,20000,,
1353336,24,2026-11-13,6762,20000,,
1353336,24,2026-11-14,6762,20000,,
1353336,24,2026-11-15,6762,20000,,
1353336,24,2026-11-16,6762,20000,,
1353336,39,2026-11-06,6624,20000,,
1353336,39,2026-11-07,6624,20000,,
1353336,39,2026-11-08,6624,20000,,
1353336,39,2026-11-09,6624,20000,,
1353336,39,2026-11-10,6624,20000,,
1353336,39,2026-11-11,6624,20000,,
1353336,39,2026-11-12,6624,20000,,
1353336,39,2026-11-13,6624,20000,,
1353336,39,2026-11-14,6624,20000,,
1353336,39,2026-11-15,6624,20000,,
1353336,39,2026-11-16,6624,20000,,
1353336,40,2026-11-06,6762,20000,,
1353336,40,2026-11-07,6762,20000,,
1353336,40,2026-11-08,6762,20000,,
1353336,40,2026-11-09,6762,20000,,
1353336,40,2026-11-10,6762,20000,,
1353336,40,2026-11-11,6762,20000,,
1353336,40,2026-11-12,6762,20000,,
1353336,40,2026-11-13,6762,20000,,
1353336,40,2026-11-14,6762,20000,,
1353336,40,2026-11-15,6762,20000,,
1353336,40,2026-11-16,6762,20000,,
1353336,83,2026-11-06,6624,20000,,
1353336,83,2026-11-07,6624,20000,,
1353336,83,2026-11-08,6624,20000,,
1353336,83,2026-11-09,6624,20000,,
1353336,83,2026-11-10,6624,20000,,
1353336,83,2026-11-11,6624,20000,,
1353336,83,2026-11-12,6624,20000,,
1353336,83,2026-11-13,6624,20000,,
1353336,83,2026-11-14,6624,20000,,
1353336,83,2026-11-15,6624,20000,,
1353336,83,2026-11-16,6624,20000,,
1511929,42,2027-09-18,2490,40000,,
1511929,43,2027-09-18,2490,40000,,
1809628,45,2027-09-18,1860,23600,,
1809628,46,2027-09-18,1860,23600,,
2019492,25,2027-09-18,1571,27848,,
2019492,26,2027-09-18,1571,27848,,
4477291,23,2026-10-02,1282,20000,,
4477291,23,2026-10-03,1282,20000,,
4477291,23,2026-10-04,1282,20000,,
4477291,24,2026-10-02,1282,20000,,
4477291,24,2026-10-03,1282,20000,,
4477291,24,2026-10-04,1282,20000,,
0124913,19,2026-09-18,1295,23600,,
0124913,20,2026-09-18,1295,23600,,
1353336,25,2026-11-06,6866,20000,,
1353336,25,2026-11-07,6866,20000,,
1353336,25,2026-11-08,6866,20000,,
1353336,25,2026-11-09,6866,20000,,
1353336,25,2026-11-10,6866,20000,,
1353336,25,2026-11-11,6866,20000,,
1353336,25,2026-11-12,6866,20000,,
1353336,25,2026-11-13,6866,20000,,
1353336,25,2026-11-14,6866,20000,,
1353336,25,2026-11-15,6866,20000,,
1353336,25,2026-11-16,6866,20000,,
1353336,26,2026-11-06,6866,20000,,
1353336,26,2026-11-07,6866,20000,,
1353336,26,2026-11-08,6866,20000,,
1353336,26,2026-11-09,6866,20000,,
1353336,26,2026-11-10,6866,20000,,
1353336,26,2026-11-11,6866,20000,,
1353336,26,2026-11-12,6866,20000,,
1353336,26,2026-11-13,6866,20000,,
1353336,26,2026-11-14,6866,20000,,
1353336,26,2026-11-15,6866,20000,,
1353336,26,2026-11-16,6866,20000,,
1914908,17,2026-10-30,1518,20000,,
1914908,17,2026-10-31,1518,20000,,
1914908,18,2026-10-30,1518,20000,,
1914908,18,2026-10-31,1518,20000,,
1914908,19,2026-10-30,1518,20000,,
1914908,19,2026-10-31,1518,20000,,
1914908,20,2026-10-30,1518,20000,,
1914908,20,2026-10-31,1518,20000,,
1914908,21,2026-11-06,1664,20000,,
1914908,21,2026-11-13,1664,20000,,
1914908,22,2026-11-06,1664,20000,,
1914908,22,2026-11-13,1664,20000,,
1914908,23,2026-11-06,1664,20000,,
1914908,23,2026-11-13,1664,20000,,
1914908,24,2026-11-06,1664,20000,,
1914908,24,2026-11-13,1664,20000,,
1914908,39,2026-11-06,1664,20000,,
1914908,39,2026-11-13,1664,20000,,
1914908,40,2026-11-06,1664,20000,,
1914908,40,2026-11-13,1664,20000,,
1914908,50,2026-10-30,1518,20000,,
1914908,50,2026-10-31,1518,20000,,
1914908,83,2026-11-06,1664,20000,,
1914908,83,2026-11-13,1664,20000,,
1929807,25,2026-12-17,1577,23600,,
1929807,26,2026-12-17,1577,23600,,
1126702,17,2026-09-18,1810,23600,,
1126702,18,2026-09-18,1810,23600,,
1126702,50,2026-09-18,1810,23600,,
1126702,87,2026-09-18,1810,23600,,
1204840,45,2026-12-17,2011,27848,,
1204840,46,2026-12-17,2011,27848,,
1464454,25,2027-09-18,1526,23600,,
1464454,26,2027-09-18,1526,23600,,
1555580,45,2027-09-18,2227,23600,,
1555580,46,2027-09-18,2227,23600,,
1914908,21,2026-10-19,1635,20000,,
1914908,21,2026-10-20,1635,20000,,
1914908,21,2026-10-21,1635,20000,,
1914908,21,2026-10-22,1635,20000,,
1914908,21,2026-10-23,1635,20000,,
1914908,21,2026-10-24,1635,20000,,
1914908,21,2026-10-25,1635,20000,,
1914908,21,2026-10-26,1635,20000,,
1914908,21,2026-10-27,1635,20000,,
1914908,21,2026-10-28,1635,20000,,
1914908,21,2026-10-29,1635,20000,,
1914908,21,2026-11-01,1635,20000,,
1914908,21,2026-11-02,1635,20000,,
1914908,21,2026-11-03,1635,20000,,
1914908,21,2026-11-04,1635,20000,,
1914908,21,2026-11-05,1635,20000,,
1914908,21,2026-11-07,1635,20000,,
1914908,21,2026-11-08,1635,20000,,
1914908,21,2026-11-09,1635,20000,,
1914908,21,2026-11-10,1635,20000,,
1914908,21,2026-11-11,1635,20000,,
1914908,21,2026-11-12,1635,20000,,
1914908,21,2026-11-14,1635,20000,,
1914908,21,2026-11-15,1635,20000,,
1914908,21,2026-11-16,1635,20000,,
1914908,21,2026-11-17,1635,20000,,
1914908,21,2026-11-18,1635,20000,,
1914908,21,2026-11-19,1635,20000,,
1914908,21,2026-11-22,1635,20000,,
1914908,21,2026-11-23,1635,20000,,
1914908,21,2026-11-24,1635,20000,,
1914908,21,2026-11-25,1635,20000,,
1914908,21,2026-12-01,1635,20000,,
1914908,21,2026-12-02,1635,20000,,
1914908,21,2026-12-03,1635,20000,,
1914908,21,2026-12-04,1635,20000,,
1914908,21,2026-12-05,1635,20000,,
1914908,21,2026-12-06,1635,20000,,
1914908,21,2026-12-07,1635,20000,,
1914908,21,2026-12-08,1635,20000,,
1914908,21,2026-12-09,1635,20000,,
1914908,21,2026-12-10,1635,20000,,
1914908,21,2026-12-11,1635,20000,,
1914908,21,2026-12-12,1635,20000,,
1914908,21,2026-12-13,1635,20000,,
1914908,21,2026-12-14,1635,20000,,
1914908,21,2026-12-15,1635,20000,,
1914908,21,2026-12-16,1635,20000,,
1914908,22,2026-10-19,1635,20000,,
1914908,22,2026-10-20,1635,20000,,
1914908,22,2026-10-21,1635,20000,,
1914908,22,2026-10-22,1635,20000,,
1914908,22,2026-10-23,1635,20000,,
1914908,22,2026-10-24,1635,20000,,
1914908,22,2026-10-25,1635,20000,,
1914908,22,2026-10-26,1635,20000,,
1914908,22,2026-10-27,1635,20000,,
1914908,22,2026-10-28,1635,20000,,
1914908,22,2026-10-29,1635,20000,,
1914908,22,2026-11-01,1635,20000,,
1914908,22,2026-11-02,1635,20000,,
1914908,22,2026-11-03,1635,20000,,
1914908,22,2026-11-04,1635,20000,,
1914908,22,2026-11-05,1635,20000,,
1914908,22,2026-11-07,1635,20000,,
1914908,22,2026-11-08,1635,20000,,
1914908,22,2026-11-09,1635,20000,,
1914908,22,2026-11-10,1635,20000,,
1914908,22,2026-11-11,1635,20000,,
1914908,22,2026-11-12,1635,20000,,
1914908,22,2026-11-14,1635,20000,,
1914908,22,2026-11-15,1635,20000,,
1914908,22,2026-11-16,1635,20000,,
1914908,22,2026-11-17,1635,20000,,
1914908,22,2026-11-18,1635,20000,,
1914908,22,2026-11-19,1635,20000,,
1914908,22,2026-11-22,1635,20000,,
1914908,22,2026-11-23,1635,20000,,
1914908,22,2026-11-24,1635,20000,,
1914908,22,2026-11-25,1635,20000,,
1914908,22,2026-12-01,1635,20000,,
1914908,22,2026-12-02,1635,20000,,
1914908,22,2026-12-03,1635,20000,,
1914908,22,2026-12-04,1635,20000,,
1914908,22,2026-12-05,1635,20000,,
1914908,22,2026-12-06,1635,20000,,
1914908,22,2026-12-07,1635,20000,,
1914908,22,2026-12-08,1635,20000,,
1914908,22,2026-12-09,1635,20000,,
1914908,22,2026-12-10,1635,20000,,
1914908,22,2026-12-11,1635,20000,,
1914908,22,2026-12-12,1635,20000,,
1914908,22,2026-12-13,1635,20000,,
1914908,22,2026-12-14,1635,20000,,
1914908,22,2026-12-15,1635,20000,,
1914908,22,2026-12-16,1635,20000,,
1914908,23,2026-10-19,1635,20000,,
1914908,23,2026-10-20,1635,20000,,
1914908,23,2026-10-21,1635,20000,,
1914908,23,2026-10-22,1635,20000,,
1914908,23,2026-10-23,1635,20000,,
1914908,23,2026-10-24,1635,20000,,
1914908,23,2026-10-25,1635,20000,,
1914908,23,2026-10-26,1635,20000,,
1914908,23,2026-10-27,1635,20000,,
1914908,23,2026-10-28,1635,20000,,
1914908,23,2026-10-29,1635,20000,,
1914908,23,2026-11-01,1635,20000,,
1914908,23,2026-11-02,1635,20000,,
1914908,23,2026-11-03,1635,20000,,
1914908,23,2026-11-04,1635,20000,,
1914908,23,2026-11-05,1635,20000,,
1914908,23,2026-11-07,1635,20000,,
1914908,23,2026-11-08,1635,20000,,
1914908,23,2026-11-09,1635,20000,,
1914908,23,2026-11-10,1635,20000,,
1914908,23,2026-11-11,1635,20000,,
1914908,23,2026-11-12,1635,20000,,
1914908,23,2026-11-14,1635,20000,,
1914908,23,2026-11-15,1635,20000,,
1914908,23,2026-11-16,1635,20000,,
1914908,23,2026-11-17,1635,20000,,
1914908,23,2026-11-18,1635,20000,,
1914908,23,2026-11-19,1635,20000,,
1914908,23,2026-11-22,1635,20000,,
1914908,23,2026-11-23,1635,20000,,
1914908,23,2026-11-24,1635,20000,,
1914908,23,2026-11-25,1635,20000,,
1914908,23,2026-12-01,1635,20000,,
1914908,23,2026-12-02,1635,20000,,
1914908,23,2026-12-03,1635,20000,,
1914908,23,2026-12-04,1635,20000,,
1914908,23,2026-12-05,1635,20000,,
1914908,23,2026-12-06,1635,20000,,
1914908,23,2026-12-07,1635,20000,,
1914908,23,2026-12-08,1635,20000,,
1914908,23,2026-12-09,1635,20000,,
1914908,23,2026-12-10,1635,20000,,
1914908,23,2026-12-11,1635,20000,,
1914908,23,2026-12-12,1635,20000,,
1914908,23,2026-12-13,1635,20000,,
1914908,23,2026-12-14,1635,20000,,
1914908,23,2026-12-15,1635,20000,,
1914908,23,2026-12-16,1635,20000,,
1914908,24,2026-10-19,1635,20000,,
1914908,24,2026-10-20,1635,20000,,
1914908,24,2026-10-21,1635,20000,,
1914908,24,2026-10-22,1635,20000,,
1914908,24,2026-10-23,1635,20000,,
1914908,24,2026-10-24,1635,20000,,
1914908,24,2026-10-25,1635,20000,,
1914908,24,2026-10-26,1635,20000,,
1914908,24,2026-10-27,1635,20000,,
1914908,24,2026-10-28,1635,20000,,
1914908,24,2026-10-29,1635,20000,,
1914908,24,2026-11-01,1635,20000,,
1914908,24,2026-11-02,1635,20000,,
1914908,24,2026-11-03,1635,20000,,
1914908,24,2026-11-04,1635,20000,,
1914908,24,2026-11-05,1635,20000,,
1914908,24,2026-11-07,1635,20000,,
1914908,24,2026-11-08,1635,20000,,
1914908,24,2026-11-09,1635,20000,,
1914908,24,2026-11-10,1635,20000,,
1914908,24,2026-11-11,1635,20000,,
1914908,24,2026-11-12,1635,20000,,
1914908,24,2026-11-14,1635,20000,,
1914908,24,2026-11-15,1635,20000,,
1914908,24,2026-11-16,1635,20000,,
1914908,24,2026-11-17,1635,20000,,
1914908,24,2026-11-18,1635,20000,,
1914908,24,2026-11-19,1635,20000,,
1914908,24,2026-11-22,1635,20000,,
1914908,24,2026-11-23,1635,20000,,
1914908,24,2026-11-24,1635,20000,,
1914908,24,2026-11-25,1635,20000,,
1914908,24,2026-12-01,1635,20000,,
1914908,24,2026-12-02,1635,20000,,
1914908,24,2026-12-03,1635,20000,,
1914908,24,2026-12-04,1635,20000,,
1914908,24,2026-12-05,1635,20000,,
1914908,24,2026-12-06,1635,20000,,
1914908,24,2026-12-07,1635,20000,,
1914908,24,2026-12-08,1635,20000,,
1914908,24,2026-12-09,1635,20000,,
1914908,24,2026-12-10,1635,20000,,
1914908,24,2026-12-11,1635,20000,,
1914908,24,2026-12-12,1635,20000,,
1914908,24,2026-12-13,1635,20000,,
1914908,24,2026-12-14,1635,20000,,
1914908,24,2026-12-15,1635,20000,,
1914908,24,2026-12-16,1635,20000,,
1914908,39,2026-10-19,1635,20000,,
1914908,39,2026-10-20,1635,20000,,
1914908,39,2026-10-21,1635,20000,,
1914908,39,2026-10-22,1635,20000,,
1914908,39,2026-10-23,1635,20000,,
1914908,39,2026-10-24,1635,20000,,
1914908,39,2026-10-25,1635,20000,,
1914908,39,2026-10-26,1635,20000,,
1914908,39,2026-10-27,1635,20000,,
1914908,39,2026-10-28,1635,20000,,
1914908,39,2026-10-29,1635,20000,,
1914908,39,2026-11-01,1635,20000,,
1914908,39,2026-11-02,1635,20000,,
1914908,39,2026-11-03,1635,20000,,
1914908,39,2026-11-04,1635,20000,,
1914908,39,2026-11-05,1635,20000,,
1914908,39,2026-11-07,1635,20000,,
1914908,39,2026-11-08,1635,20000,,
1914908,39,2026-11-09,1635,20000,,
1914908,39,2026-11-10,1635,20000,,
1914908,39,2026-11-11,1635,20000,,
1914908,39,2026-11-12,1635,20000,,
1914908,39,2026-11-14,1635,20000,,
1914908,39,2026-11-15,1635,20000,,
1914908,39,2026-11-16,1635,20000,,
1914908,39,2026-11-17,1635,20000,,
1914908,39,2026-11-18,1635,20000,,
1914908,39,2026-11-19,1635,20000,,
1914908,39,2026-11-22,1635,20000,,
1914908,39,2026-11-23,1635,20000,,
1914908,39,2026-11-24,1635,20000,,
1914908,39,2026-11-25,1635,20000,,
1914908,39,2026-12-01,1635,20000,,
1914908,39,2026-12-02,1635,20000,,
1914908,39,2026-12-03,1635,20000,,
1914908,39,2026-12-04,1635,20000,,
1914908,39,2026-12-05,1635,20000,,
1914908,39,2026-12-06,1635,20000,,
1914908,39,2026-12-07,1635,20000,,
1914908,39,2026-12-08,1635,20000,,
1914908,39,2026-12-09,1635,20000,,
1914908,39,2026-12-10,1635,20000,,
1914908,39,2026-12-11,1635,20000,,
1914908,39,2026-12-12,1635,20000,,
1914908,39,2026-12-13,1635,20000,,
1914908,39,2026-12-14,1635,20000,,
1914908,39,2026-12-15,1635,20000,,
1914908,39,2026-12-16,1635,20000,,
1914908,40,2026-10-19,1635,20000,,
1914908,40,2026-10-20,1635,20000,,
1914908,40,2026-10-21,1635,20000,,
1914908,40,2026-10-22,1635,20000,,
1914908,40,2026-10-23,1635,20000,,
1914908,40,2026-10-24,1635,20000,,
1914908,40,2026-10-25,1635,20000,,
1914908,40,2026-10-26,1635,20000,,
1914908,40,2026-10-27,1635,20000,,
1914908,40,2026-10-28,1635,20000,,
1914908,40,2026-10-29,1635,20000,,
1914908,40,2026-11-01,1635,20000,,
1914908,40,2026-11-02,1635,20000,,
1914908,40,2026-11-03,1635,20000,,
1914908,40,2026-11-04,1635,20000,,
1914908,40,2026-11-05,1635,20000,,
1914908,40,2026-11-07,1635,20000,,
1914908,40,2026-11-08,1635,20000,,
1914908,40,2026-11-09,1635,20000,,
1914908,40,2026-11-10,1635,20000,,
1914908,40,2026-11-11,1635,20000,,
1914908,40,2026-11-12,1635,20000,,
1914908,40,2026-11-14,1635,20000,,
1914908,40,2026-11-15,1635,20000,,
1914908,40,2026-11-16,1635,20000,,
1914908,40,2026-11-17,1635,20000,,
1914908,40,2026-11-18,1635,20000,,
1914908,40,2026-11-19,1635,20000,,
1914908,40,2026-11-22,1635,20000,,
1914908,40,2026-11-23,1635,20000,,
1914908,40,2026-11-24,1635,20000,,
1914908,40,2026-11-25,1635,20000,,
1914908,40,2026-12-01,1635,20000,,
1914908,40,2026-12-02,1635,20000,,
1914908,40,2026-12-03,1635,20000,,
1914908,40,2026-12-04,1635,20000,,
1914908,40,2026-12-05,1635,20000,,
1914908,40,2026-12-06,1635,20000,,
1914908,40,2026-12-07,1635,20000,,
1914908,40,2026-12-08,1635,20000,,
1914908,40,2026-12-09,1635,20000,,
1914908,40,2026-12-10,1635,20000,,
1914908,40,2026-12-11,1635,20000,,
1914908,40,2026-12-12,1635,20000,,
1914908,40,2026-12-13,1635,20000,,
1914908,40,2026-12-14,1635,20000,,
1914908,40,2026-12-15,1635,20000,,
1914908,40,2026-12-16,1635,20000,,
1914908,83,2026-10-19,1635,20000,,
1914908,83,2026-10-20,1635,20000,,
1914908,83,2026-10-21,1635,20000,,
1914908,83,2026-10-22,1635,20000,,
1914908,83,2026-10-23,1635,20000,,
1914908,83,2026-10-24,1635,20000,,
1914908,83,2026-10-25,1635,20000,,
1914908,83,2026-10-26,1635,20000,,
1914908,83,2026-10-27,1635,20000,,
1914908,83,2026-10-28,1635,20000,,
1914908,83,2026-10-29,1635,20000,,
1914908,83,2026-11-01,1635,20000,,
1914908,83,2026-11-02,1635,20000,,
1914908,83,2026-11-03,1635,20000,,
1914908,83,2026-11-04,1635,20000,,
1914908,83,2026-11-05,1635,20000,,
1914908,83,2026-11-07,1635,20000,,
1914908,83,2026-11-08,1635,20000,,
1914908,83,2026-11-09,1635,20000,,
1914908,83,2026-11-10,1635,20000,,
1914908,83,2026-11-11,1635,20000,,
1914908,83,2026-11-12,1635,20000,,
1914908,83,2026-11-14,1635,20000,,
1914908,83,2026-11-15,1635,20000,,
1914908,83,2026-11-16,1635,20000,,
1914908,83,2026-11-17,1635,20000,,
1914908,83,2026-11-18,1635,20000,,
1914908,83,2026-11-19,1635,20000,,
1914908,83,2026-11-22,1635,20000,,
1914908,83,2026-11-23,1635,20000,,
1914908,83,2026-11-24,1635,20000,,
1914908,83,2026-11-25,1635,20000,,
1914908,83,2026-12-01,1635,20000,,
1914908,83,2026-12-02,1635,20000,,
1914908,83,2026-12-03,1635,20000,,
1914908,83,2026-12-04,1635,20000,,
1914908,83,2026-12-05,1635,20000,,
1914908,83,2026-12-06,1635,20000,,
1914908,83,2026-12-07,1635,20000,,
1914908,83,2026-12-08,1635,20000,,
1914908,83,2026-12-09,1635,20000,,
1914908,83,2026-12-10,1635,20000,,
1914908,83,2026-12-11,1635,20000,,
1914908,83,2026-12-12,1635,20000,,
1914908,83,2026-12-13,1635,20000,,
1914908,83,2026-12-14,1635,20000,,
1914908,83,2026-12-15,1635,20000,,
1914908,83,2026-12-16,1635,20000,,
2011351,25,2026-12-17,1524,23600,,
2011351,25,2027-09-18,1524,23600,,
2011351,26,2026-12-17,1524,23600,,
2011351,26,2027-09-18,1524,23600,,
2024578,24179,2026-11-17,2105,20000,,
2024578,24179,2027-09-18,2105,20000,,
2024578,29,2026-11-17,2105,20000,,
2024578,29,2027-09-18,2105,20000,,
2024578,30,2026-11-17,2105,20000,,
2024578,30,2027-09-18,2105,20000,,
2024578,31,2026-11-17,2105,20000,,
2024578,31,2027-09-18,2105,20000,,
2024578,57,2026-11-17,2105,20000,,
2024578,57,2027-09-18,2105,20000,,
2024578,89,2026-11-17,2105,20000,,
2024578,89,2027-09-18,2105,20000,,
2065763,102,2026-12-17,1626,32861,,
2065763,103,2026-12-17,1626,32861,,
2065763,104,2026-12-17,1626,32861,,
0124913,17,2026-09-18,1226,23600,,
0124913,18,2026-09-18,1226,23600,,
0124913,50,2026-09-18,1226,23600,,
1353336,17,2026-11-06,6417,20000,,
1353336,17,2026-11-07,6417,20000,,
1353336,17,2026-11-08,6417,20000,,
1353336,17,2026-11-09,6417,20000,,
1353336,17,2026-11-10,6417,20000,,
1353336,17,2026-11-11,6417,20000,,
1353336,17,2026-11-12,6417,20000,,
1353336,17,2026-11-13,6417,20000,,
1353336,17,2026-11-14,6417,20000,,
1353336,17,2026-11-15,6417,20000,,
1353336,17,2026-11-16,6417,20000,,
1353336,18,2026-11-06,6417,20000,,
1353336,18,2026-11-07,6417,20000,,
1353336,18,2026-11-08,6417,20000,,
1353336,18,2026-11-09,6417,20000,,
1353336,18,2026-11-10,6417,20000,,
1353336,18,2026-11-11,6417,20000,,
1353336,18,2026-11-12,6417,20000,,
1353336,18,2026-11-13,6417,20000,,
1353336,18,2026-11-14,6417,20000,,
1353336,18,2026-11-15,6417,20000,,
1353336,18,2026-11-16,6417,20000,,
1353336,19,2026-11-06,6521,20000,,
1353336,19,2026-11-07,6521,20000,,
1353336,19,2026-11-08,6521,20000,,
1353336,19,2026-11-09,6521,20000,,
1353336,19,2026-11-10,6521,20000,,
1353336,19,2026-11-11,6521,20000,,
1353336,19,2026-11-12,6521,20000,,
1353336,19,2026-11-13,6521,20000,,
1353336,19,2026-11-14,6521,20000,,
1353336,19,2026-11-15,6521,20000,,
1353336,19,2026-11-16,6521,20000,,
1353336,20,2026-11-06,6521,20000,,
1353336,20,2026-11-07,6521,20000,,
1353336,20,2026-11-08,6521,20000,,
1353336,20,2026-11-09,6521,20000,,
1353336,20,2026-11-10,6521,20000,,
1353336,20,2026-11-11,6521,20000,,
1353336,20,2026-11-12,6521,20000,,
1353336,20,2026-11-13,6521,20000,,
1353336,20,2026-11-14,6521,20000,,
1353336,20,2026-11-15,6521,20000,,
1353336,20,2026-11-16,6521,20000,,
1353336,50,2026-11-06,6417,20000,,
1353336,50,2026-11-07,6417,20000,,
1353336,50,2026-11-08,6417,20000,,
1353336,50,2026-11-09,6417,20000,,
1353336,50,2026-11-10,6417,20000,,
1353336,50,2026-11-11,6417,20000,,
1353336,50,2026-11-12,6417,20000,,
1353336,50,2026-11-13,6417,20000,,
1353336,50,2026-11-14,6417,20000,,
1353336,50,2026-11-15,6417,20000,,
1353336,50,2026-11-16,6417,20000,,
1353336,51,2026-11-06,6521,20000,,
1353336,51,2026-11-07,6521,20000,,
1353336,51,2026-11-08,6521,20000,,
1353336,51,2026-11-09,6521,20000,,
1353336,51,2026-11-10,6521,20000,,
1353336,51,2026-11-11,6521,20000,,
1353336,51,2026-11-12,6521,20000,,
1353336,51,2026-11-13,6521,20000,,
1353336,51,2026-11-14,6521,20000,,
1353336,51,2026-11-15,6521,20000,,
1353336,51,2026-11-16,6521,20000,,
1353336,87,2026-11-06,6417,20000,,
1353336,87,2026-11-07,6417,20000,,
1353336,87,2026-11-08,6417,20000,,
1353336,87,2026-11-09,6417,20000,,
1353336,87,2026-11-10,6417,20000,,
1353336,87,2026-11-11,6417,20000,,
1353336,87,2026-11-12,6417,20000,,
1353336,87,2026-11-13,6417,20000,,
1353336,87,2026-11-14,6417,20000,,
1353336,87,2026-11-15,6417,20000,,
1353336,87,2026-11-16,6417,20000,,
1767140,64,2026-12-17,2811,23600,,
1767140,65,2026-12-17,2811,23600,,
1929807,25,2027-09-18,1524,23600,,
1929807,26,2027-09-18,1524,23600,,
2013172,25,2027-09-18,2174,23600,,
2013172,26,2027-09-18,2174,23600,,
1385250,102,2027-09-18,1905,23600,,
1385250,103,2027-09-18,1905,23600,,
1446609,25,2027-09-18,1095,23600,,
1446609,26,2027-09-18,1095,23600,,
1766857,45,2027-09-18,2422,23600,,
1766857,46,2027-09-18,2422,23600,,
1767140,45,2027-09-18,2195,23600,,
1767140,46,2027-09-18,2195,23600,,
2018783,25,2026-12-17,1285,23600,,
2018783,26,2026-12-17,1285,23600,,
0015738,25,2026-12-17,1236,23600,,
0015738,26,2026-12-17,1236,23600,,
1104841,25,2027-09-18,1379,27848,,
1104841,26,2027-09-18,1379,27848,,
1914908,17,2026-11-06,1457,20000,,
1914908,17,2026-11-13,1457,20000,,
1914908,18,2026-11-06,1457,20000,,
1914908,18,2026-11-13,1457,20000,,
1914908,19,2026-11-06,1457,20000,,
1914908,19,2026-11-13,1457,20000,,
1914908,20,2026-11-06,1457,20000,,
1914908,20,2026-11-13,1457,20000,,
1914908,50,2026-11-06,1457,20000,,
1914908,50,2026-11-13,1457,20000,,
2083696,45,2027-09-18,2044,23600,,
2083696,46,2027-09-18,2044,23600,,
1104841,21,2027-09-18,1655,27848,,
1104841,22,2027-09-18,1655,27848,,
1104841,23,2027-09-18,1655,27848,,
1104841,24,2027-09-18,1655,27848,,
1104841,39,2027-09-18,1655,27848,,
1104841,40,2027-09-18,1655,27848,,
1104841,83,2027-09-18,1655,27848,,
1104841,84,2027-09-18,1655,27848,,
1104841,97,2027-09-18,1655,27848,,
1472508,25,2027-09-18,1277,23600,,
1472508,26,2027-09-18,1277,23600,,
1595009,42,2026-12-17,2109,23600,,
1595009,43,2026-12-17,2109,23600,,
1595009,44,2026-12-17,2109,23600,,
2018949,25,2026-12-17,1285,23600,,
2018949,26,2026-12-17,1285,23600,,
2019492,25,2026-12-17,1476,27848,,
2019492,26,2026-12-17,1476,27848,,
1075048,27,2026-12-17,1443,23600,,
1075048,28,2026-12-17,1443,23600,,
1914908,17,2026-10-19,1428,20000,,
1914908,17,2026-10-20,1428,20000,,
1914908,17,2026-10-21,1428,20000,,
1914908,17,2026-10-22,1428,20000,,
1914908,17,2026-10-23,1428,20000,,
1914908,17,2026-10-24,1428,20000,,
1914908,17,2026-10-25,1428,20000,,
1914908,17,2026-10-26,1428,20000,,
1914908,17,2026-10-27,1428,20000,,
1914908,17,2026-10-28,1428,20000,,
1914908,17,2026-10-29,1428,20000,,
1914908,17,2026-11-01,1428,20000,,
1914908,17,2026-11-02,1428,20000,,
1914908,17,2026-11-03,1428,20000,,
1914908,17,2026-11-04,1428,20000,,
1914908,17,2026-11-05,1428,20000,,
1914908,17,2026-11-07,1428,20000,,
1914908,17,2026-11-08,1428,20000,,
1914908,17,2026-11-09,1428,20000,,
1914908,17,2026-11-10,1428,20000,,
1914908,17,2026-11-11,1428,20000,,
1914908,17,2026-11-12,1428,20000,,
1914908,17,2026-11-14,1428,20000,,
1914908,17,2026-11-15,1428,20000,,
1914908,17,2026-11-16,1428,20000,,
1914908,17,2026-11-17,1428,20000,,
1914908,17,2026-11-18,1428,20000,,
1914908,17,2026-11-19,1428,20000,,
1914908,17,2026-11-22,1428,20000,,
1914908,17,2026-11-23,1428,20000,,
1914908,17,2026-11-24,1428,20000,,
1914908,17,2026-11-25,1428,20000,,
1914908,17,2026-12-01,1428,20000,,
1914908,17,2026-12-02,1428,20000,,
1914908,17,2026-12-03,1428,20000,,
1914908,17,2026-12-04,1428,20000,,
1914908,17,2026-12-05,1428,20000,,
1914908,17,2026-12-06,1428,20000,,
1914908,17,2026-12-07,1428,20000,,
1914908,17,2026-12-08,1428,20000,,
1914908,17,2026-12-09,1428,20000,,
1914908,17,2026-12-10,1428,20000,,
1914908,17,2026-12-11,1428,20000,,
1914908,17,2026-12-12,1428,20000,,
1914908,17,2026-12-13,1428,20000,,
1914908,17,2026-12-14,1428,20000,,
1914908,17,2026-12-15,1428,20000,,
1914908,17,2026-12-16,1428,20000,,
1914908,18,2026-10-19,1428,20000,,
1914908,18,2026-10-20,1428,20000,,
1914908,18,2026-10-21,1428,20000,,
1914908,18,2026-10-22,1428,20000,,
1914908,18,2026-10-23,1428,20000,,
1914908,18,2026-10-24,1428,20000,,
1914908,18,2026-10-25,1428,20000,,
1914908,18,2026-10-26,1428,20000,,
1914908,18,2026-10-27,1428,20000,,
1914908,18,2026-10-28,1428,20000,,
1914908,18,2026-10-29,1428,20000,,
1914908,18,2026-11-01,1428,20000,,
1914908,18,2026-11-02,1428,20000,,
1914908,18,2026-11-03,1428,20000,,
1914908,18,2026-11-04,1428,20000,,
1914908,18,2026-11-05,1428,20000,,
1914908,18,2026-11-07,1428,20000,,
1914908,18,2026-11-08,1428,20000,,
1914908,18,2026-11-09,1428,20000,,
1914908,18,2026-11-10,1428,20000,,
1914908,18,2026-11-11,1428,20000,,
1914908,18,2026-11-12,1428,20000,,
1914908,18,2026-11-14,1428,20000,,
1914908,18,2026-11-15,1428,20000,,
1914908,18,2026-11-16,1428,20000,,
1914908,18,2026-11-17,1428,20000,,
1914908,18,2026-11-18,1428,20000,,
1914908,18,2026-11-19,1428,20000,,
1914908,18,2026-11-22,1428,20000,,
1914908,18,2026-11-23,1428,20000,,
1914908,18,2026-11-24,1428,20000,,
1914908,18,2026-11-25,1428,20000,,
1914908,18,2026-12-01,1428,20000,,
1914908,18,2026-12-02,1428,20000,,
1914908,18,2026-12-03,1428,20000,,
1914908,18,2026-12-04,1428,20000,,
1914908,18,2026-12-05,1428,20000,,
1914908,18,2026-12-06,1428,20000,,
1914908,18,2026-12-07,1428,20000,,
1914908,18,2026-12-08,1428,20000,,
1914908,18,2026-12-09,1428,20000,,
1914908,18,2026-12-10,1428,20000,,
1914908,18,2026-12-11,1428,20000,,
1914908,18,2026-12-12,1428,20000,,
1914908,18,2026-12-13,1428,20000,,
1914908,18,2026-12-14,1428,20000,,
1914908,18,2026-12-15,1428,20000,,
1914908,18,2026-12-16,1428,20000,,
1914908,19,2026-10-19,1428,20000,,
1914908,19,2026-10-20,1428,20000,,
1914908,19,2026-10-21,1428,20000,,
1914908,19,2026-10-22,1428,20000,,
1914908,19,2026-10-23,1428,20000,,
1914908,19,2026-10-24,1428,20000,,
1914908,19,2026-10-25,1428,20000,,
1914908,19,2026-10-26,1428,20000,,
1914908,19,2026-10-27,1428,20000,,
1914908,19,2026-10-28,1428,20000,,
1914908,19,2026-10-29,1428,20000,,
1914908,19,2026-11-01,1428,20000,,
1914908,19,2026-11-02,1428,20000,,
1914908,19,2026-11-03,1428,20000,,
1914908,19,2026-11-04,1428,20000,,
1914908,19,2026-11-05,1428,20000,,
1914908,19,2026-11-07,1428,20000,,
1914908,19,2026-11-08,1428,20000,,
1914908,19,2026-11-09,1428,20000,,
1914908,19,2026-11-10,1428,20000,,
1914908,19,2026-11-11,1428,20000,,
1914908,19,2026-11-12,1428,20000,,
1914908,19,2026-11-14,1428,20000,,
1914908,19,2026-11-15,1428,20000,,
1914908,19,2026-11-16,1428,20000,,
1914908,19,2026-11-17,1428,20000,,
1914908,19,2026-11-18,1428,20000,,
1914908,19,2026-11-19,1428,20000,,
1914908,19,2026-11-22,1428,20000,,
1914908,19,2026-11-23,1428,20000,,
1914908,19,2026-11-24,1428,20000,,
1914908,19,2026-11-25,1428,20000,,
1914908,19,2026-12-01,1428,20000,,
1914908,19,2026-12-02,1428,20000,,
1914908,19,2026-12-03,1428,20000,,
1914908,19,2026-12-04,1428,20000,,
1914908,19,2026-12-05,1428,20000,,
1914908,19,2026-12-06,1428,20000,,
1914908,19,2026-12-07,1428,20000,,
1914908,19,2026-12-08,1428,20000,,
1914908,19,2026-12-09,1428,20000,,
1914908,19,2026-12-10,1428,20000,,
1914908,19,2026-12-11,1428,20000,,
1914908,19,2026-12-12,1428,20000,,
1914908,19,2026-12-13,1428,20000,,
1914908,19,2026-12-14,1428,20000,,
1914908,19,2026-12-15,1428,20000,,
1914908,19,2026-12-16,1428,20000,,
1914908,20,2026-10-19,1428,20000,,
1914908,20,2026-10-20,1428,20000,,
1914908,20,2026-10-21,1428,20000,,
1914908,20,2026-10-22,1428,20000,,
1914908,20,2026-10-23,1428,20000,,
1914908,20,2026-10-24,1428,20000,,
1914908,20,2026-10-25,1428,20000,,
1914908,20,2026-10-26,1428,20000,,
1914908,20,2026-10-27,1428,20000,,
1914908,20,2026-10-28,1428,20000,,
1914908,20,2026-10-29,1428,20000,,
1914908,20,2026-11-01,1428,20000,,
1914908,20,2026-11-02,1428,20000,,
1914908,20,2026-11-03,1428,20000,,
1914908,20,2026-11-04,1428,20000,,
1914908,20,2026-11-05,1428,20000,,
1914908,20,2026-11-07,1428,20000,,
1914908,20,2026-11-08,1428,20000,,
1914908,20,2026-11-09,1428,20000,,
1914908,20,2026-11-10,1428,20000,,
1914908,20,2026-11-11,1428,20000,,
1914908,20,2026-11-12,1428,20000,,
1914908,20,2026-11-14,1428,20000,,
1914908,20,2026-11-15,1428,20000,,
1914908,20,2026-11-16,1428,20000,,
1914908,20,2026-11-17,1428,20000,,
1914908,20,2026-11-18,1428,20000,,
1914908,20,2026-11-19,1428,20000,,
1914908,20,2026-11-22,1428,20000,,
1914908,20,2026-11-23,1428,20000,,
1914908,20,2026-11-24,1428,20000,,
1914908,20,2026-11-25,1428,20000,,
1914908,20,2026-12-01,1428,20000,,
1914908,20,2026-12-02,1428,20000,,
1914908,20,2026-12-03,1428,20000,,
1914908,20,2026-12-04,1428,20000,,
1914908,20,2026-12-05,1428,20000,,
1914908,20,2026-12-06,1428,20000,,
1914908,20,2026-12-07,1428,20000,,
1914908,20,2026-12-08,1428,20000,,
1914908,20,2026-12-09,1428,20000,,
1914908,20,2026-12-10,1428,20000,,
1914908,20,2026-12-11,1428,20000,,
1914908,20,2026-12-12,1428,20000,,
1914908,20,2026-12-13,1428,20000,,
1914908,20,2026-12-14,1428,20000,,
1914908,20,2026-12-15,1428,20000,,
1914908,20,2026-12-16,1428,20000,,
1914908,50,2026-10-19,1428,20000,,
1914908,50,2026-10-20,1428,20000,,
1914908,50,2026-10-21,1428,20000,,
1914908,50,2026-10-22,1428,20000,,
1914908,50,2026-10-23,1428,20000,,
1914908,50,2026-10-24,1428,20000,,
1914908,50,2026-10-25,1428,20000,,
1914908,50,2026-10-26,1428,20000,,
1914908,50,2026-10-27,1428,20000,,
1914908,50,2026-10-28,1428,20000,,
1914908,50,2026-10-29,1428,20000,,
1914908,50,2026-11-01,1428,20000,,
1914908,50,2026-11-02,1428,20000,,
1914908,50,2026-11-03,1428,20000,,
1914908,50,2026-11-04,1428,20000,,
1914908,50,2026-11-05,1428,20000,,
1914908,50,2026-11-07,1428,20000,,
1914908,50,2026-11-08,1428,20000,,
1914908,50,2026-11-09,1428,20000,,
1914908,50,2026-11-10,1428,20000,,
1914908,50,2026-11-11,1428,20000,,
1914908,50,2026-11-12,1428,20000,,
1914908,50,2026-11-14,1428,20000,,
1914908,50,2026-11-15,1428,20000,,
1914908,50,2026-11-16,1428,20000,,
1914908,50,2026-11-17,1428,20000,,
1914908,50,2026-11-18,1428,20000,,
1914908,50,2026-11-19,1428,20000,,
1914908,50,2026-11-22,1428,20000,,
1914908,50,2026-11-23,1428,20000,,
1914908,50,2026-11-24,1428,20000,,
1914908,50,2026-11-25,1428,20000,,
1914908,50,2026-12-01,1428,20000,,
1914908,50,2026-12-02,1428,20000,,
1914908,50,2026-12-03,1428,20000,,
1914908,50,2026-12-04,1428,20000,,
1914908,50,2026-12-05,1428,20000,,
1914908,50,2026-12-06,1428,20000,,
1914908,50,2026-12-07,1428,20000,,
1914908,50,2026-12-08,1428,20000,,
1914908,50,2026-12-09,1428,20000,,
1914908,50,2026-12-10,1428,20000,,
1914908,50,2026-12-11,1428,20000,,
1914908,50,2026-12-12,1428,20000,,
1914908,50,2026-12-13,1428,20000,,
1914908,50,2026-12-14,1428,20000,,
1914908,50,2026-12-15,1428,20000,,
1914908,50,2026-12-16,1428,20000,,
2065763,113,2027-09-18,1762,32861,,
2066561,47,2027-09-18,2527,27848,,
2066561,48,2027-09-18,2527,27848,,
2022899,45,2027-09-18,1410,23600,,
2022899,46,2027-09-18,1410,23600,,
1509602,42,2027-09-18,2504,23600,,
1509602,43,2027-09-18,2504,23600,,
1581295,25,2027-09-18,1211,27848,,
1581295,26,2027-09-18,1211,27848,,
1075048,25,2026-12-17,1305,23600,,
1442173,25,2027-09-18,1553,20000,,
1442173,26,2027-09-18,1553,20000,,
2083696,45,2026-12-17,1919,23600,,
2083696,46,2026-12-17,1919,23600,,
1353336,35,2026-12-24,7383,20000,,
1353336,35,2026-12-25,7383,20000,,
1353336,35,2026-12-26,7383,20000,,
1353336,35,2026-12-27,7383,20000,,
1353336,35,2026-12-28,7383,20000,,
1353336,35,2026-12-29,7383,20000,,
1353336,35,2026-12-30,7383,20000,,
1353336,35,2026-12-31,7383,20000,,
1353336,35,2027-01-01,7383,20000,,
1353336,35,2027-01-02,7383,20000,,
1353336,35,2027-01-03,7383,20000,,
1353336,35,2027-01-04,7383,20000,,
1353336,35,2027-01-05,7383,20000,,
1353336,36,2026-12-24,7383,20000,,
1353336,36,2026-12-25,7383,20000,,
1353336,36,2026-12-26,7383,20000,,
1353336,36,2026-12-27,7383,20000,,
1353336,36,2026-12-28,7383,20000,,
1353336,36,2026-12-29,7383,20000,,
1353336,36,2026-12-30,7383,20000,,
1353336,36,2026-12-31,7383,20000,,
1353336,36,2027-01-01,7383,20000,,
1353336,36,2027-01-02,7383,20000,,
1353336,36,2027-01-03,7383,20000,,
1353336,36,2027-01-04,7383,20000,,
1353336,36,2027-01-05,7383,20000,,
1472459,42,2027-09-18,1852,23600,,
1472459,43,2027-09-18,1852,23600,,
1353336,32,2026-12-24,7038,20000,,
1353336,32,2026-12-25,7038,20000,,
1353336,32,2026-12-26,7038,20000,,
1353336,32,2026-12-27,7038,20000,,
1353336,32,2026-12-28,7038,20000,,
1353336,32,2026-12-29,7038,20000,,
1353336,32,2026-12-30,7038,20000,,
1353336,32,2026-12-31,7038,20000,,
1353336,32,2027-01-01,7038,20000,,
1353336,32,2027-01-02,7038,20000,,
1353336,32,2027-01-03,7038,20000,,
1353336,32,2027-01-04,7038,20000,,
1353336,32,2027-01-05,7038,20000,,
1353336,33,2026-12-24,7038,20000,,
1353336,33,2026-12-25,7038,20000,,
1353336,33,2026-12-26,7038,20000,,
1353336,33,2026-12-27,7038,20000,,
1353336,33,2026-12-28,7038,20000,,
1353336,33,2026-12-29,7038,20000,,
1353336,33,2026-12-30,7038,20000,,
1353336,33,2026-12-31,7038,20000,,
1353336,33,2027-01-01,7038,20000,,
1353336,33,2027-01-02,7038,20000,,
1353336,33,2027-01-03,7038,20000,,
1353336,33,2027-01-04,7038,20000,,
1353336,33,2027-01-05,7038,20000,,
1353336,34,2026-12-24,7038,20000,,
1353336,34,2026-12-25,7038,20000,,
1353336,34,2026-12-26,7038,20000,,
1353336,34,2026-12-27,7038,20000,,
1353336,34,2026-12-28,7038,20000,,
1353336,34,2026-12-29,7038,20000,,
1353336,34,2026-12-30,7038,20000,,
1353336,34,2026-12-31,7038,20000,,
1353336,34,2027-01-01,7038,20000,,
1353336,34,2027-01-02,7038,20000,,
1353336,34,2027-01-03,7038,20000,,
1353336,34,2027-01-04,7038,20000,,
1353336,34,2027-01-05,7038,20000,,
1353336,27,2026-12-24,7107,20000,,
1353336,27,2026-12-25,7107,20000,,
1353336,27,2026-12-26,7107,20000,,
1353336,27,2026-12-27,7107,20000,,
1353336,27,2026-12-28,7107,20000,,
1353336,27,2026-12-29,7107,20000,,
1353336,27,2026-12-30,7107,20000,,
1353336,27,2026-12-31,7107,20000,,
1353336,27,2027-01-01,7107,20000,,
1353336,27,2027-01-02,7107,20000,,
1353336,27,2027-01-03,7107,20000,,
1353336,27,2027-01-04,7107,20000,,
1353336,27,2027-01-05,7107,20000,,
1353336,28,2026-12-24,7107,20000,,
1353336,28,2026-12-25,7107,20000,,
1353336,28,2026-12-26,7107,20000,,
1353336,28,2026-12-27,7107,20000,,
1353336,28,2026-12-28,7107,20000,,
1353336,28,2026-12-29,7107,20000,,
1353336,28,2026-12-30,7107,20000,,
1353336,28,2026-12-31,7107,20000,,
1353336,28,2027-01-01,7107,20000,,
1353336,28,2027-01-02,7107,20000,,
1353336,28,2027-01-03,7107,20000,,
1353336,28,2027-01-04,7107,20000,,
1353336,28,2027-01-05,7107,20000,,
1353336,29,2026-12-24,6831,20000,,
1353336,29,2026-12-25,6831,20000,,
1353336,29,2026-12-26,6831,20000,,
1353336,29,2026-12-27,6831,20000,,
1353336,29,2026-12-28,6831,20000,,
1353336,29,2026-12-29,6831,20000,,
1353336,29,2026-12-30,6831,20000,,
1353336,29,2026-12-31,6831,20000,,
1353336,29,2027-01-01,6831,20000,,
1353336,29,2027-01-02,6831,20000,,
1353336,29,2027-01-03,6831,20000,,
1353336,29,2027-01-04,6831,20000,,
1353336,29,2027-01-05,6831,20000,,
1353336,30,2026-12-24,6831,20000,,
1353336,30,2026-12-25,6831,20000,,
1353336,30,2026-12-26,6831,20000,,
1353336,30,2026-12-27,6831,20000,,
1353336,30,2026-12-28,6831,20000,,
1353336,30,2026-12-29,6831,20000,,
1353336,30,2026-12-30,6831,20000,,
1353336,30,2026-12-31,6831,20000,,
1353336,30,2027-01-01,6831,20000,,
1353336,30,2027-01-02,6831,20000,,
1353336,30,2027-01-03,6831,20000,,
1353336,30,2027-01-04,6831,20000,,
1353336,30,2027-01-05,6831,20000,,
1353336,31,2026-12-24,6831,20000,,
1353336,31,2026-12-25,6831,20000,,
1353336,31,2026-12-26,6831,20000,,
1353336,31,2026-12-27,6831,20000,,
1353336,31,2026-12-28,6831,20000,,
1353336,31,2026-12-29,6831,20000,,
1353336,31,2026-12-30,6831,20000,,
1353336,31,2026-12-31,6831,20000,,
1353336,31,2027-01-01,6831,20000,,
1353336,31,2027-01-02,6831,20000,,
1353336,31,2027-01-03,6831,20000,,
1353336,31,2027-01-04,6831,20000,,
1353336,31,2027-01-05,6831,20000,,
1353336,57,2026-12-24,6831,20000,,
1353336,57,2026-12-25,6831,20000,,
1353336,57,2026-12-26,6831,20000,,
1353336,57,2026-12-27,6831,20000,,
1353336,57,2026-12-28,6831,20000,,
1353336,57,2026-12-29,6831,20000,,
1353336,57,2026-12-30,6831,20000,,
1353336,57,2026-12-31,6831,20000,,
1353336,57,2027-01-01,6831,20000,,
1353336,57,2027-01-02,6831,20000,,
1353336,57,2027-01-03,6831,20000,,
1353336,57,2027-01-04,6831,20000,,
1353336,57,2027-01-05,6831,20000,,
2065763,113,2026-12-17,1626,32861,,
1165837,25,2026-12-17,1550,23600,,
1165837,26,2026-12-17,1550,23600,,
1165837,45,2026-12-17,2102,23600,,
1165837,46,2026-12-17,2102,23600,,
1353336,23,2026-12-24,6762,20000,,
1353336,23,2026-12-25,6762,20000,,
1353336,23,2026-12-26,6762,20000,,
1353336,23,2026-12-27,6762,20000,,
1353336,23,2026-12-28,6762,20000,,
1353336,23,2026-12-29,6762,20000,,
1353336,23,2026-12-30,6762,20000,,
1353336,23,2026-12-31,6762,20000,,
1353336,23,2027-01-01,6762,20000,,
1353336,23,2027-01-02,6762,20000,,
1353336,23,2027-01-03,6762,20000,,
1353336,23,2027-01-04,6762,20000,,
1353336,23,2027-01-05,6762,20000,,
1353336,24,2026-12-24,6762,20000,,
1353336,24,2026-12-25,6762,20000,,
1353336,24,2026-12-26,6762,20000,,
1353336,24,2026-12-27,6762,20000,,
1353336,24,2026-12-28,6762,20000,,
1353336,24,2026-12-29,6762,20000,,
1353336,24,2026-12-30,6762,20000,,
1353336,24,2026-12-31,6762,20000,,
1353336,24,2027-01-01,6762,20000,,
1353336,24,2027-01-02,6762,20000,,
1353336,24,2027-01-03,6762,20000,,
1353336,24,2027-01-04,6762,20000,,
1353336,24,2027-01-05,6762,20000,,
1353336,40,2026-12-24,6762,20000,,
1353336,40,2026-12-25,6762,20000,,
1353336,40,2026-12-26,6762,20000,,
1353336,40,2026-12-27,6762,20000,,
1353336,40,2026-12-28,6762,20000,,
1353336,40,2026-12-29,6762,20000,,
1353336,40,2026-12-30,6762,20000,,
1353336,40,2026-12-31,6762,20000,,
1353336,40,2027-01-01,6762,20000,,
1353336,40,2027-01-02,6762,20000,,
1353336,40,2027-01-03,6762,20000,,
1353336,40,2027-01-04,6762,20000,,
1353336,40,2027-01-05,6762,20000,,
1472459,45,2027-09-18,1645,23600,,
1472459,46,2027-09-18,1645,23600,,
1472544,45,2027-09-18,1493,23600,,
1472544,46,2027-09-18,1493,23600,,
1353336,21,2026-12-24,6624,20000,,
1353336,21,2026-12-25,6624,20000,,
1353336,21,2026-12-26,6624,20000,,
1353336,21,2026-12-27,6624,20000,,
1353336,21,2026-12-28,6624,20000,,
1353336,21,2026-12-29,6624,20000,,
1353336,21,2026-12-30,6624,20000,,
1353336,21,2026-12-31,6624,20000,,
1353336,21,2027-01-01,6624,20000,,
1353336,21,2027-01-02,6624,20000,,
1353336,21,2027-01-03,6624,20000,,
1353336,21,2027-01-04,6624,20000,,
1353336,21,2027-01-05,6624,20000,,
1353336,22,2026-12-24,6624,20000,,
1353336,22,2026-12-25,6624,20000,,
1353336,22,2026-12-26,6624,20000,,
1353336,22,2026-12-27,6624,20000,,
1353336,22,2026-12-28,6624,20000,,
1353336,22,2026-12-29,6624,20000,,
1353336,22,2026-12-30,6624,20000,,
1353336,22,2026-12-31,6624,20000,,
1353336,22,2027-01-01,6624,20000,,
1353336,22,2027-01-02,6624,20000,,
1353336,22,2027-01-03,6624,20000,,
1353336,22,2027-01-04,6624,20000,,
1353336,22,2027-01-05,6624,20000,,
1353336,25,2026-12-24,6866,20000,,
1353336,25,2026-12-25,6866,20000,,
1353336,25,2026-12-26,6866,20000,,
1353336,25,2026-12-27,6866,20000,,
1353336,25,2026-12-28,6866,20000,,
1353336,25,2026-12-29,6866,20000,,
1353336,25,2026-12-30,6866,20000,,
1353336,25,2026-12-31,6866,20000,,
1353336,25,2027-01-01,6866,20000,,
1353336,25,2027-01-02,6866,20000,,
1353336,25,2027-01-03,6866,20000,,
1353336,25,2027-01-04,6866,20000,,
1353336,25,2027-01-05,6866,20000,,
1353336,26,2026-12-24,6866,20000,,
1353336,26,2026-12-25,6866,20000,,
1353336,26,2026-12-26,6866,20000,,
1353336,26,2026-12-27,6866,20000,,
1353336,26,2026-12-28,6866,20000,,
1353336,26,2026-12-29,6866,20000,,
1353336,26,2026-12-30,6866,20000,,
1353336,26,2026-12-31,6866,20000,,
1353336,26,2027-01-01,6866,20000,,
1353336,26,2027-01-02,6866,20000,,
1353336,26,2027-01-03,6866,20000,,
1353336,26,2027-01-04,6866,20000,,
1353336,26,2027-01-05,6866,20000,,
1353336,39,2026-12-24,6624,20000,,
1353336,39,2026-12-25,6624,20000,,
1353336,39,2026-12-26,6624,20000,,
1353336,39,2026-12-27,6624,20000,,
1353336,39,2026-12-28,6624,20000,,
1353336,39,2026-12-29,6624,20000,,
1353336,39,2026-12-30,6624,20000,,
1353336,39,2026-12-31,6624,20000,,
1353336,39,2027-01-01,6624,20000,,
1353336,39,2027-01-02,6624,20000,,
1353336,39,2027-01-03,6624,20000,,
1353336,39,2027-01-04,6624,20000,,
1353336,39,2027-01-05,6624,20000,,
1353336,83,2026-12-24,6624,20000,,
1353336,83,2026-12-25,6624,20000,,
1353336,83,2026-12-26,6624,20000,,
1353336,83,2026-12-27,6624,20000,,
1353336,83,2026-12-28,6624,20000,,
1353336,83,2026-12-29,6624,20000,,
1353336,83,2026-12-30,6624,20000,,
1353336,83,2026-12-31,6624,20000,,
1353336,83,2027-01-01,6624,20000,,
1353336,83,2027-01-02,6624,20000,,
1353336,83,2027-01-03,6624,20000,,
1353336,83,2027-01-04,6624,20000,,
1353336,83,2027-01-05,6624,20000,,
1767140,64,2027-09-18,2195,23600,,
1767140,65,2027-09-18,2195,23600,,
1353336,19,2026-12-24,6521,20000,,
1353336,19,2026-12-25,6521,20000,,
1353336,19,2026-12-26,6521,20000,,
1353336,19,2026-12-27,6521,20000,,
1353336,19,2026-12-28,6521,20000,,
1353336,19,2026-12-29,6521,20000,,
1353336,19,2026-12-30,6521,20000,,
1353336,19,2026-12-31,6521,20000,,
1353336,19,2027-01-01,6521,20000,,
1353336,19,2027-01-02,6521,20000,,
1353336,19,2027-01-03,6521,20000,,
1353336,19,2027-01-04,6521,20000,,
1353336,19,2027-01-05,6521,20000,,
1353336,20,2026-12-24,6521,20000,,
1353336,20,2026-12-25,6521,20000,,
1353336,20,2026-12-26,6521,20000,,
1353336,20,2026-12-27,6521,20000,,
1353336,20,2026-12-28,6521,20000,,
1353336,20,2026-12-29,6521,20000,,
1353336,20,2026-12-30,6521,20000,,
1353336,20,2026-12-31,6521,20000,,
1353336,20,2027-01-01,6521,20000,,
1353336,20,2027-01-02,6521,20000,,
1353336,20,2027-01-03,6521,20000,,
1353336,20,2027-01-04,6521,20000,,
1353336,20,2027-01-05,6521,20000,,
1353336,51,2026-12-24,6521,20000,,
1353336,51,2026-12-25,6521,20000,,
1353336,51,2026-12-26,6521,20000,,
1353336,51,2026-12-27,6521,20000,,
1353336,51,2026-12-28,6521,20000,,
1353336,51,2026-12-29,6521,20000,,
1353336,51,2026-12-30,6521,20000,,
1353336,51,2026-12-31,6521,20000,,
1353336,51,2027-01-01,6521,20000,,
1353336,51,2027-01-02,6521,20000,,
1353336,51,2027-01-03,6521,20000,,
1353336,51,2027-01-04,6521,20000,,
1353336,51,2027-01-05,6521,20000,,
1353336,17,2026-12-24,6417,20000,,
1353336,17,2026-12-25,6417,20000,,
1353336,17,2026-12-26,6417,20000,,
1353336,17,2026-12-27,6417,20000,,
1353336,17,2026-12-28,6417,20000,,
1353336,17,2026-12-29,6417,20000,,
1353336,17,2026-12-30,6417,20000,,
1353336,17,2026-12-31,6417,20000,,
1353336,17,2027-01-01,6417,20000,,
1353336,17,2027-01-02,6417,20000,,
1353336,17,2027-01-03,6417,20000,,
1353336,17,2027-01-04,6417,20000,,
1353336,17,2027-01-05,6417,20000,,
1353336,18,2026-12-24,6417,20000,,
1353336,18,2026-12-25,6417,20000,,
1353336,18,2026-12-26,6417,20000,,
1353336,18,2026-12-27,6417,20000,,
1353336,18,2026-12-28,6417,20000,,
1353336,18,2026-12-29,6417,20000,,
1353336,18,2026-12-30,6417,20000,,
1353336,18,2026-12-31,6417,20000,,
1353336,18,2027-01-01,6417,20000,,
1353336,18,2027-01-02,6417,20000,,
1353336,18,2027-01-03,6417,20000,,
1353336,18,2027-01-04,6417,20000,,
1353336,18,2027-01-05,6417,20000,,
1353336,50,2026-12-24,6417,20000,,
1353336,50,2026-12-25,6417,20000,,
1353336,50,2026-12-26,6417,20000,,
1353336,50,2026-12-27,6417,20000,,
1353336,50,2026-12-28,6417,20000,,
1353336,50,2026-12-29,6417,20000,,
1353336,50,2026-12-30,6417,20000,,
1353336,50,2026-12-31,6417,20000,,
1353336,50,2027-01-01,6417,20000,,
1353336,50,2027-01-02,6417,20000,,
1353336,50,2027-01-03,6417,20000,,
1353336,50,2027-01-04,6417,20000,,
1353336,50,2027-01-05,6417,20000,,
1353336,87,2026-12-24,6417,20000,,
1353336,87,2026-12-25,6417,20000,,
1353336,87,2026-12-26,6417,20000,,
1353336,87,2026-12-27,6417,20000,,
1353336,87,2026-12-28,6417,20000,,
1353336,87,2026-12-29,6417,20000,,
1353336,87,2026-12-30,6417,20000,,
1353336,87,2026-12-31,6417,20000,,
1353336,87,2027-01-01,6417,20000,,
1353336,87,2027-01-02,6417,20000,,
1353336,87,2027-01-03,6417,20000,,
1353336,87,2027-01-04,6417,20000,,
1353336,87,2027-01-05,6417,20000,,
1894945,42,2027-09-18,2797,23600,,
1894945,43,2027-09-18,2797,23600,,
1104841,17,2027-09-18,827,27848,,
1104841,18,2027-09-18,827,27848,,
1104841,19,2027-09-18,827,27848,,
1104841,20,2027-09-18,827,27848,,
1104841,50,2027-09-18,827,27848,,
1104841,51,2027-09-18,827,27848,,
1104841,87,2027-09-18,827,27848,,
