property_code,sku_code,date,min_price,max_price,channel_code,sub_channel_code
1398627,18,2026-11-23,13413,20000,,
1398627,19,2026-11-21,13517,20000,,
1398627,19,2026-11-23,13517,20000,,
1398627,20,2026-11-21,13517,20000,,
1398627,20,2026-11-23,13517,20000,,
1398627,21,2026-11-21,13862,20000,,
1398627,21,2026-11-23,13862,20000,,
1398627,22,2026-11-21,13862,20000,,
1398627,22,2026-11-23,13862,20000,,
1398627,23,2026-11-21,14000,20000,,
1398627,23,2026-11-23,14000,20000,,
1398627,24,2026-11-21,14000,20000,,
1398627,24,2026-11-23,14000,20000,,
1398627,25,2026-11-21,13862,20000,,
1398627,25,2026-11-23,13862,20000,,
1398627,26,2026-11-21,13862,20000,,
1398627,26,2026-11-23,13862,20000,,
1398627,27,2026-11-21,14345,20000,,
1398627,27,2026-11-23,14345,20000,,
1398627,28,2026-11-21,14345,20000,,
1398627,28,2026-11-23,14345,20000,,
1398627,38,2026-11-21,13275,20000,,
1398627,38,2026-11-23,13275,20000,,
1398627,39,2026-11-21,13862,20000,,
1398627,39,2026-11-23,13862,20000,,
1398627,40,2026-11-21,14000,20000,,
1398627,40,2026-11-23,14000,20000,,
1398627,50,2026-11-21,13413,20000,,
1398627,50,2026-11-23,13413,20000,,
1398627,51,2026-11-21,13517,20000,,
1398627,51,2026-11-23,13517,20000,,
1398627,83,2026-11-21,13862,20000,,
1398627,83,2026-11-23,13862,20000,,
1398627,87,2026-11-21,13413,20000,,
1398627,87,2026-11-23,13413,20000,,
1398875,23,2026-09-25,2348,23600,,
1398875,23,2026-09-26,2348,23600,,
1398875,24,2026-09-25,2348,23600,,
1398875,24,2026-09-26,2348,23600,,
1398875,40,2026-09-25,2348,23600,,
1398875,40,2026-09-26,2348,23600,,
1414523,16,2026-12-18,1350,23600,,
1414523,16,2026-12-19,1350,23600,,
1414523,17,2026-12-18,1419,23600,,
1414523,17,2026-12-19,1419,23600,,
1414523,18,2026-12-18,1419,23600,,
1414523,18,2026-12-19,1419,23600,,
1414523,50,2026-12-18,1419,23600,,
1414523,50,2026-12-19,1419,23600,,
1414523,52,2026-12-18,1350,23600,,
1414523,52,2026-12-19,1350,23600,,
1416724,17,2026-09-26,1285,23600,,
1416724,18,2026-09-26,1285,23600,,
1416724,23,2026-09-25,1600,23600,,
1416724,24,2026-09-25,1600,23600,,
1416724,40,2026-09-25,1600,23600,,
1416724,50,2026-09-26,1285,23600,,
1431135,15,2027-09-20,1152,23600,,
1431135,16,2027-09-20,1221,23600,,
1431135,38,2027-09-20,1152,23600,,
1435465,15,2026-09-20,1499,23600,,
1435465,17,2026-09-22,1611,23600,,
1435465,18,2026-09-22,1611,23600,,
1435465,19,2026-09-22,1749,23600,,
1435465,38,2026-09-20,1499,23600,,
1437251,15,2027-09-20,1194,23600,,
1437251,38,2027-09-20,1194,23600,,
1438370,23,2027-09-20,1686,23600,,
1438370,24,2027-09-20,1686,23600,,
1438370,40,2027-09-20,1686,23600,,
1441289,23,2026-09-25,3462,23600,,
1441289,24,2026-09-25,3462,23600,,
1441289,29,2026-09-25,3462,23600,,
1441289,30,2026-09-25,3462,23600,,
1441289,31,2026-09-25,3462,23600,,
1441289,40,2026-09-25,3462,23600,,
1441289,57,2026-09-25,3462,23600,,
1441289,89,2026-09-25,3462,23600,,
1442173,25,2026-09-25,1847,23600,,
1442173,25,2026-09-25,1847,23600,,
1442173,26,2026-09-25,1847,23600,,
1442173,26,2026-09-25,1847,23600,,
1446609,29,2026-11-29,1905,23600,,
1446609,29,2026-11-30,1905,23600,,
1446609,30,2026-11-29,1905,23600,,
1446609,30,2026-11-30,1905,23600,,
1446609,31,2026-11-29,1905,23600,,
1446609,31,2026-11-30,1905,23600,,
1446609,32,2026-11-29,1905,23600,,
1446609,32,2026-11-30,1905,23600,,
1446609,33,2026-11-29,1905,23600,,
1446609,33,2026-11-30,1905,23600,,
1446609,34,2026-11-29,1905,23600,,
1446609,34,2026-11-30,1905,23600,,
1446609,57,2026-11-29,1905,23600,,
1446609,57,2026-11-30,1905,23600,,
1452757,32,2027-09-20,2953,23600,,
1452757,33,2027-09-20,2953,23600,,
1452757,34,2027-09-20,2953,23600,,
1452757,58,2027-09-20,2953,23600,,
1462197,17,2026-09-25,1369,23600,,
1462197,17,2026-09-26,1498,23600,,
1462197,18,2026-09-25,1369,23600,,
1462197,18,2026-09-26,1498,23600,,
1462197,19,2026-09-24,1348,23600,,
1462197,19,2026-09-25,1473,23600,,
1462197,19,2026-09-26,1601,23600,,
1462197,20,2026-09-24,1348,23600,,
1462197,20,2026-09-25,1473,23600,,
1462197,20,2026-09-26,1601,23600,,
1462197,35,2027-09-20,3172,23600,,
1462197,36,2027-09-20,3172,23600,,
1462197,37,2027-09-20,3172,23600,,
1462197,50,2026-09-25,1369,23600,,
1462197,50,2026-09-26,1498,23600,,
1463190,17,2026-09-25,1369,23600,,
1463190,18,2026-09-25,1369,23600,,
1463190,19,2026-09-25,1404,23600,,
1463190,20,2026-09-25,1404,23600,,
1463190,50,2026-09-25,1369,23600,,
1464617,21,2027-09-20,1552,23600,,
1464617,22,2027-09-20,1552,23600,,
1464617,23,2027-09-20,1690,23600,,
1464617,24,2027-09-20,1690,23600,,
1464617,39,2027-09-20,1552,23600,,
1464617,40,2027-09-20,1690,23600,,
1464617,83,2027-09-20,1552,23600,,
1472508,24186,2026-09-25,3299,23600,,
1472508,24187,2026-09-25,3299,23600,,
1472508,24188,2026-09-25,3989,23600,,
1472508,24188,2026-09-26,3962,23600,,
1472508,24189,2026-09-26,4652,23600,,
1472508,35,2026-09-25,3299,23600,,
1472508,36,2026-09-25,3299,23600,,
1472508,37,2026-09-25,3299,23600,,
1472508,42,2026-09-25,3989,23600,,
1472508,42,2026-09-26,3962,23600,,
1472508,43,2026-09-25,3989,23600,,
1472508,43,2026-09-26,3962,23600,,
1472508,44,2026-09-25,3989,23600,,
1472508,44,2026-09-26,3962,23600,,
1472508,47,2026-09-26,4652,23600,,
1472508,48,2026-09-26,4652,23600,,
1472508,49,2026-09-26,4652,23600,,
1472508,59,2026-09-25,3299,23600,,
1472508,60,2026-09-25,3989,23600,,
1472508,60,2026-09-26,3962,23600,,
1472508,61,2026-09-26,4652,23600,,
1472508,91,2026-09-25,3299,23600,,
1472508,92,2026-09-25,3989,23600,,
1472508,92,2026-09-26,3962,23600,,
1474895,27,2026-09-20,1802,23600,,
1474895,28,2026-09-20,1802,23600,,
1476116,17,2026-09-20,1382,23600,,
1476116,18,2026-09-20,1382,23600,,
1476116,19,2026-09-20,1382,23600,,
1476116,20,2026-09-20,1382,23600,,
1476116,21,2026-12-18,4604,23600,,
1476116,21,2026-12-19,4604,23600,,
1476116,22,2026-12-18,4604,23600,,
1476116,22,2026-12-19,4604,23600,,
1476116,39,2026-12-18,4604,23600,,
1476116,39,2026-12-19,4604,23600,,
1476116,50,2026-09-20,1382,23600,,
1476116,51,2026-09-20,1382,23600,,
1476116,83,2026-12-18,4604,23600,,
1476116,83,2026-12-19,4604,23600,,
1476116,87,2026-09-20,1382,23600,,
1476116,97,2026-12-18,4604,23600,,
1476116,97,2026-12-19,4604,23600,,
1477699,17,2026-09-20,1109,23600,,
1477699,18,2026-09-20,1109,23600,,
1477699,19,2026-09-20,1213,23600,,
1477699,20,2026-09-20,1213,23600,,
1477699,50,2026-09-20,1109,23600,,
1477699,51,2026-09-20,1213,23600,,
1477699,87,2026-09-20,1109,23600,,
1483392,27,2026-09-25,2292,27848,,
1483392,27,2026-09-26,2292,27848,,
1483392,28,2026-09-25,2292,27848,,
1483392,28,2026-09-26,2292,27848,,
1483392,35,2026-09-25,2568,27848,,
1483392,35,2026-09-26,2568,27848,,
1483392,36,2026-09-25,2568,27848,,
1483392,36,2026-09-26,2568,27848,,
1483392,37,2026-09-25,2568,27848,,
1483392,37,2026-09-26,2568,27848,,
1483392,59,2026-09-25,2568,27848,,
1483392,59,2026-09-26,2568,27848,,
1486131,17,2026-09-25,1594,23600,,
1486131,18,2026-09-25,1594,23600,,
1486131,19,2026-09-25,1663,23600,,
1486131,20,2026-09-25,1663,23600,,
1486131,25,2026-09-25,1594,23600,,
1486131,50,2026-09-25,1594,23600,,
1486131,78,2026-09-24,1387,23600,,
1486131,78,2026-09-25,1387,23600,,
1501176,21,2026-09-25,1414,23600,,
1501176,21,2026-09-26,1418,23600,,
1501176,22,2026-09-25,1414,23600,,
1501176,22,2026-09-26,1418,23600,,
1501176,39,2026-09-25,1414,23600,,
1501176,39,2026-09-26,1418,23600,,
1501176,83,2026-09-25,1414,23600,,
1501176,83,2026-09-26,1418,23600,,
1501664,19,2026-09-20,1904,23600,,
1501664,19,2026-09-21,1806,23600,,
1501664,20,2026-09-20,1904,23600,,
1501664,20,2026-09-21,1806,23600,,
1501664,21,2026-09-20,2042,23600,,
1501664,21,2026-09-21,1944,23600,,
1501664,22,2026-09-20,2042,23600,,
1501664,22,2026-09-21,1944,23600,,
1501664,23,2026-09-20,2180,23600,,
1501664,23,2026-09-21,2082,23600,,
1501664,24,2026-09-20,2180,23600,,
1501664,24,2026-09-21,2082,23600,,
1501664,39,2026-09-20,2042,23600,,
1501664,39,2026-09-21,1944,23600,,
1501664,40,2026-09-20,2180,23600,,
1501664,40,2026-09-21,2082,23600,,
1501664,83,2026-09-20,2042,23600,,
1501664,83,2026-09-21,1944,23600,,
1501731,21,2026-09-25,1528,23600,,
1501731,22,2026-09-25,1528,23600,,
1501731,23,2026-09-25,1631,23600,,
1501731,23,2026-09-26,1623,23600,,
1501731,24,2026-09-25,1631,23600,,
1501731,24,2026-09-26,1623,23600,,
1501731,39,2026-09-25,1528,23600,,
1501731,40,2026-09-25,1631,23600,,
1501731,40,2026-09-26,1623,23600,,
1501731,83,2026-09-25,1528,23600,,
1508400,15,2026-09-20,1520,23600,,
1508400,15,2026-09-21,1435,23600,,
1508400,16,2026-09-20,1658,23600,,
1508400,16,2026-09-21,1573,23600,,
1508400,17,2026-09-20,1658,23600,,
1508400,17,2026-09-21,1573,23600,,
1508400,18,2026-09-20,1658,23600,,
1508400,18,2026-09-21,1573,23600,,
1508400,27,2026-09-25,2343,23600,,
1508400,27,2026-09-26,2343,23600,,
1508400,28,2026-09-25,2343,23600,,
1508400,28,2026-09-26,2343,23600,,
1508400,38,2026-09-20,1520,23600,,
1508400,38,2026-09-21,1435,23600,,
1508400,50,2026-09-20,1658,23600,,
1508400,50,2026-09-21,1573,23600,,
1508506,16,2026-09-25,1671,23600,,
1508506,16,2026-09-26,1666,23600,,
1508506,21,2026-09-26,1770,23600,,
1508506,22,2026-09-26,1770,23600,,
1508506,39,2026-09-26,1770,23600,,
1508506,83,2026-09-26,1770,23600,,
1509356,19,2026-09-25,1296,23600,,
1509356,19,2026-09-26,1296,23600,,
1509356,20,2026-09-25,1296,23600,,
1509356,20,2026-09-26,1296,23600,,
1509356,21,2026-09-25,1400,23600,,
1509356,21,2026-09-26,1400,23600,,
1509356,22,2026-09-25,1400,23600,,
1509356,22,2026-09-26,1400,23600,,
1509356,39,2026-09-25,1400,23600,,
1509356,39,2026-09-26,1400,23600,,
1512806,24179,2026-09-25,2595,23600,,
1512806,24179,2026-10-03,2707,23600,,
1512806,24180,2026-09-25,2595,23600,,
1512806,24180,2026-10-03,2707,23600,,
1512806,29,2026-09-25,2595,23600,,
1512806,29,2026-10-03,2707,23600,,
1512806,30,2026-09-25,2595,23600,,
1512806,30,2026-10-03,2707,23600,,
1512806,31,2026-09-25,2595,23600,,
1512806,31,2026-10-03,2707,23600,,
1512806,57,2026-09-25,2595,23600,,
1512806,57,2026-10-03,2707,23600,,
1512806,89,2026-09-25,2595,23600,,
1512806,89,2026-10-03,2707,23600,,
1516017,35,2026-09-25,2929,23600,,
1516017,36,2026-09-25,2929,23600,,
1535153,27,2026-09-25,1854,23600,,
1535153,28,2026-09-25,1854,23600,,
1539442,21,2026-09-25,1734,23600,,
1539442,21,2026-09-26,1734,23600,,
1539442,22,2026-09-25,1734,23600,,
1539442,22,2026-09-26,1734,23600,,
1539442,39,2026-09-25,1734,23600,,
1539442,39,2026-09-26,1734,23600,,
1539442,83,2026-09-25,1734,23600,,
1539442,83,2026-09-26,1734,23600,,
1545063,35,2026-09-20,1828,23600,,
1545063,35,2026-09-21,1828,23600,,
1545063,35,2026-09-22,1832,23600,,
1545063,35,2026-09-23,1832,23600,,
1545063,36,2026-09-20,1828,23600,,
1545063,36,2026-09-21,1828,23600,,
1545063,36,2026-09-22,1832,23600,,
1545063,36,2026-09-23,1832,23600,,
1555338,17,2026-09-26,2014,23600,,
1555338,18,2026-09-26,2014,23600,,
1555338,25,2026-09-26,2014,23600,,
1555338,26,2026-09-26,2014,23600,,
1555338,50,2026-09-26,2014,23600,,
1555338,87,2026-09-26,2014,23600,,
1559260,19,2026-09-25,1932,23600,,
1559260,19,2026-09-26,1934,23600,,
1559260,20,2026-09-25,1932,23600,,
1559260,20,2026-09-26,1934,23600,,
1559260,25,2027-09-20,2286,23600,,
1559260,26,2027-09-20,2286,23600,,
1559260,51,2026-09-25,1932,23600,,
1559260,51,2026-09-26,1934,23600,,
1591753,27,2026-09-26,2398,23600,,
1591753,28,2026-09-26,2398,23600,,
1593820,19,2026-09-25,2624,27848,,
1593820,20,2026-09-25,2624,27848,,
1593820,21,2026-09-25,2727,27848,,
1593820,22,2026-09-25,2727,27848,,
1593820,23,2026-09-25,2900,27848,,
1593820,24,2026-09-25,2900,27848,,
1593820,27,2026-09-25,3590,27848,,
1593820,28,2026-09-25,3590,27848,,
1593820,39,2026-09-25,2727,27848,,
1593820,40,2026-09-25,2900,27848,,
1593820,83,2026-09-25,2727,27848,,
1593867,15,2026-09-24,1452,23600,,
1593867,15,2026-09-25,1452,23600,,
1596121,17,2026-09-25,1833,23600,,
1596121,17,2026-09-26,1833,23600,,
1596121,18,2026-09-25,1833,23600,,
1596121,18,2026-09-26,1833,23600,,
1596121,50,2026-09-25,1833,23600,,
1596121,50,2026-09-26,1833,23600,,
1596651,15,2026-12-18,1230,20000,,
1596651,15,2026-12-19,1230,20000,,
1596651,38,2026-12-18,1230,20000,,
1596651,38,2026-12-19,1230,20000,,
1597144,16,2026-09-20,1395,23600,,
1597144,32,2026-09-20,1912,23600,,
1597144,33,2026-09-20,1912,23600,,
1597144,34,2026-09-20,1912,23600,,
1597144,35,2026-09-20,2257,23600,,
1597144,36,2026-09-20,2257,23600,,
1597226,17,2027-09-20,2238,23600,,
1597226,18,2027-09-20,2238,23600,,
1597226,19,2027-09-20,2376,23600,,
1597226,21,2027-09-20,2376,23600,,
1597226,22,2027-09-20,2376,23600,,
1597226,23,2026-11-18,2467,23600,,
1597226,23,2026-11-19,2467,23600,,
1597226,23,2027-09-20,2480,23600,,
1597226,24,2026-11-18,2467,23600,,
1597226,24,2026-11-19,2467,23600,,
1597226,24,2027-09-20,2480,23600,,
1597226,39,2027-09-20,2376,23600,,
1599756,27,2026-09-25,2130,27848,,
1599756,28,2026-09-25,2130,27848,,
1599756,29,2026-09-25,2026,27848,,
1599756,30,2026-09-25,2026,27848,,
1599756,31,2026-09-25,2026,27848,,
1599756,32,2026-09-25,2164,27848,,
1599756,33,2026-09-25,2164,27848,,
1599756,34,2026-09-25,2164,27848,,
1599756,57,2026-09-25,2026,27848,,
1599756,58,2026-09-25,2164,27848,,
1599756,89,2026-09-25,2026,27848,,
1604662,35,2026-09-27,2665,20000,,
1604662,36,2026-09-27,2665,20000,,
1608379,15,2026-09-20,2229,20000,,
1608379,16,2026-09-20,2229,20000,,
1608379,29,2026-09-25,3954,23600,,
1608379,30,2026-09-25,3954,23600,,
1608379,31,2026-09-25,3954,23600,,
1608379,32,2026-09-25,3954,23600,,
1608379,33,2026-09-25,3954,23600,,
1608379,34,2026-09-25,3954,23600,,
1608379,35,2026-09-25,4506,23600,,
1608379,36,2026-09-25,4506,23600,,
1608379,37,2026-09-25,4506,23600,,
1608379,38,2026-09-20,2229,20000,,
1608379,52,2026-09-20,2229,20000,,
1608379,57,2026-09-25,3954,23600,,
1608379,58,2026-09-25,3954,23600,,
1608379,76,2026-09-20,2229,20000,,
1608379,89,2026-09-25,3954,23600,,
1609002,15,2026-09-24,2009,23600,,
1609002,16,2026-09-24,2009,23600,,
1609002,16,2026-09-25,2009,23600,,
1609002,17,2026-09-24,2078,23600,,
1609002,17,2026-09-25,2078,23600,,
1609002,18,2026-09-24,2078,23600,,
1609002,18,2026-09-25,2078,23600,,
1609002,19,2026-09-24,2078,23600,,
1609002,19,2026-09-25,2078,23600,,
1609002,20,2026-09-24,2078,23600,,
1609002,20,2026-09-25,2078,23600,,
1609002,25,2026-09-24,2078,23600,,
1609002,25,2026-09-25,2078,23600,,
1609002,25,2026-10-01,2706,23600,,
1609002,26,2026-09-24,2078,23600,,
1609002,26,2026-09-25,2078,23600,,
1609002,26,2026-10-01,2706,23600,,
1609002,38,2026-09-24,2009,23600,,
1609002,50,2026-09-24,2078,23600,,
1609002,50,2026-09-25,2078,23600,,
1609002,52,2026-09-24,2009,23600,,
1609002,52,2026-09-25,2009,23600,,
1609002,76,2026-09-24,2009,23600,,
1611760,17,2026-09-26,1347,23600,,
1611760,18,2026-09-26,1347,23600,,
1611760,21,2026-12-18,2494,23600,,
1611760,21,2026-12-19,2494,23600,,
1611760,22,2026-12-18,2494,23600,,
1611760,22,2026-12-19,2494,23600,,
1611760,23,2026-12-18,2563,23600,,
1611760,23,2026-12-19,2563,23600,,
1611760,24,2026-12-18,2563,23600,,
1611760,24,2026-12-19,2563,23600,,
1611760,29,2026-12-18,2632,23600,,
1611760,29,2026-12-19,2632,23600,,
1611760,30,2026-12-18,2632,23600,,
1611760,30,2026-12-19,2632,23600,,
1611760,31,2026-12-18,2632,23600,,
1611760,31,2026-12-19,2632,23600,,
1611760,32,2026-12-18,2701,23600,,
1611760,32,2026-12-19,2701,23600,,
1611760,33,2026-12-18,2701,23600,,
1611760,33,2026-12-19,2701,23600,,
1611760,34,2026-12-18,2701,23600,,
1611760,34,2026-12-19,2701,23600,,
1611760,39,2026-12-18,2494,23600,,
1611760,39,2026-12-19,2494,23600,,
1611760,40,2026-12-18,2563,23600,,
1611760,40,2026-12-19,2563,23600,,
1611760,50,2026-09-26,1347,23600,,
1611760,57,2026-12-18,2632,23600,,
1611760,57,2026-12-19,2632,23600,,
1611760,83,2026-12-18,2494,23600,,
1611760,83,2026-12-19,2494,23600,,
1614818,15,2026-09-25,1384,20000,,
1614818,27,2026-09-25,2454,20000,,
1614818,28,2026-09-25,2454,20000,,
1614818,29,2026-09-25,2592,20000,,
1614818,30,2026-09-25,2592,20000,,
1614818,31,2026-09-25,2592,20000,,
1614818,32,2026-09-25,2868,20000,,
1614818,32,2026-09-26,2848,20000,,
1614818,33,2026-09-25,2868,20000,,
1614818,33,2026-09-26,2848,20000,,
1614818,34,2026-09-25,2868,20000,,
1614818,34,2026-09-26,2848,20000,,
1614818,35,2026-09-26,3193,20000,,
1614818,36,2026-09-26,3193,20000,,
1614818,37,2026-09-26,3193,20000,,
1614818,38,2026-09-25,1384,20000,,
1614818,42,2026-09-26,3538,20000,,
1614818,43,2026-09-26,3538,20000,,
1614818,57,2026-09-25,2592,20000,,
1614818,58,2026-09-25,2868,20000,,
1614818,58,2026-09-26,2848,20000,,
1614818,89,2026-09-25,2592,20000,,
1619452,27,2026-09-25,2059,23600,,
1619452,28,2026-09-25,2059,23600,,
1708941,42,2027-09-20,3006,27848,,
1708941,43,2027-09-20,3006,27848,,
1759184,42,2026-11-21,14668,23600,,
1759184,42,2026-11-22,14668,23600,,
1759184,42,2026-11-23,14668,23600,,
1759184,42,2026-11-24,14668,23600,,
1759184,43,2026-11-21,14668,23600,,
1759184,43,2026-11-22,14668,23600,,
1759184,43,2026-11-23,14668,23600,,
1759184,43,2026-11-24,14668,23600,,
1766191,17,2026-09-20,1323,20000,,
1766191,18,2026-09-20,1323,20000,,
1766191,19,2026-09-20,1323,20000,,
1766191,20,2026-09-20,1323,20000,,
1766191,50,2026-09-20,1323,20000,,
1767649,29,2026-12-18,5448,23600,,
1767649,29,2026-12-19,5448,23600,,
1767649,30,2026-12-18,5448,23600,,
1767649,30,2026-12-19,5448,23600,,
1767649,31,2026-12-18,5448,23600,,
1767649,31,2026-12-19,5448,23600,,
1767649,32,2026-12-18,5448,23600,,
1767649,32,2026-12-19,5448,23600,,
1767649,33,2026-12-18,5448,23600,,
1767649,33,2026-12-19,5448,23600,,
1767649,34,2026-12-18,5448,23600,,
1767649,34,2026-12-19,5448,23600,,
1767649,35,2026-12-18,6138,23600,,
1767649,35,2026-12-19,6138,23600,,
1767649,36,2026-12-18,6138,23600,,
1767649,36,2026-12-19,6138,23600,,
1767649,57,2026-12-18,5448,23600,,
1767649,57,2026-12-19,5448,23600,,
1809628,25,2026-10-01,1999,23600,,
1809628,26,2026-10-01,1999,23600,,
1809628,42,2026-10-01,2413,23600,,
1809628,43,2026-10-01,2413,23600,,
1809628,45,2026-10-01,2241,23600,,
1809628,46,2026-10-01,2241,23600,,
1828376,21,2026-09-25,2036,23600,,
1828376,21,2026-09-26,2036,23600,,
1828376,22,2026-09-25,2036,23600,,
1828376,22,2026-09-26,2036,23600,,
1828376,39,2026-09-25,2036,23600,,
1828376,39,2026-09-26,2036,23600,,
1828376,83,2026-09-25,2036,23600,,
1828376,83,2026-09-26,2036,23600,,
1873520,25,2027-09-20,1929,23600,,
1873520,26,2027-09-20,1929,23600,,
1894945,17,2026-09-26,1694,23600,,
1894945,18,2026-09-26,1694,23600,,
1894945,19,2026-09-26,1729,23600,,
1894945,20,2026-09-26,1729,23600,,
1894945,50,2026-09-26,1694,23600,,
1912757,17,2026-10-30,1328,23600,,
1912757,18,2026-10-30,1328,23600,,
1912757,19,2026-10-30,1328,23600,,
1912757,20,2026-10-30,1328,23600,,
1912757,25,2026-10-30,1328,23600,,
1912757,26,2026-10-30,1328,23600,,
1912757,27,2026-11-20,2151,23600,,
1912757,27,2026-11-21,2151,23600,,
1912757,27,2026-11-22,2151,23600,,
1912757,27,2026-11-23,2151,23600,,
1912757,27,2026-11-26,2151,23600,,
1912757,27,2026-11-27,2151,23600,,
1912757,27,2026-11-28,2151,23600,,
1912757,27,2026-11-29,2151,23600,,
1912757,27,2026-11-30,2151,23600,,
1912757,27,2026-12-02,2151,23600,,
1912757,27,2026-12-03,2151,23600,,
1912757,27,2026-12-04,2151,23600,,
1912757,27,2026-12-05,2151,23600,,
1912757,27,2026-12-06,2151,23600,,
1912757,27,2026-12-11,2151,23600,,
1912757,27,2026-12-12,2151,23600,,
1912757,27,2026-12-17,2151,23600,,
1912757,27,2026-12-18,2151,23600,,
1912757,27,2026-12-19,2151,23600,,
1912757,28,2026-11-20,2151,23600,,
1912757,28,2026-11-21,2151,23600,,
1912757,28,2026-11-22,2151,23600,,
1912757,28,2026-11-23,2151,23600,,
1912757,28,2026-11-26,2151,23600,,
1912757,28,2026-11-27,2151,23600,,
1912757,28,2026-11-28,2151,23600,,
1912757,28,2026-11-29,2151,23600,,
1912757,28,2026-11-30,2151,23600,,
1912757,28,2026-12-02,2151,23600,,
1912757,28,2026-12-03,2151,23600,,
1912757,28,2026-12-04,2151,23600,,
1912757,28,2026-12-05,2151,23600,,
1912757,28,2026-12-06,2151,23600,,
1912757,28,2026-12-11,2151,23600,,
1912757,28,2026-12-12,2151,23600,,
1912757,28,2026-12-17,2151,23600,,
1912757,28,2026-12-18,2151,23600,,
1912757,28,2026-12-19,2151,23600,,
1912757,50,2026-10-30,1328,23600,,
1978478,17,2026-09-25,1543,27848,,
1978478,17,2026-09-26,1543,27848,,
1978478,18,2026-09-25,1543,27848,,
1978478,18,2026-09-26,1543,27848,,
1978478,19,2026-09-25,1543,27848,,
1978478,19,2026-09-26,1543,27848,,
1978478,20,2026-09-25,1543,27848,,
1978478,20,2026-09-26,1543,27848,,
1978478,21,2026-09-25,1681,27848,,
1978478,21,2026-09-26,1681,27848,,
1978478,22,2026-09-25,1681,27848,,
1978478,22,2026-09-26,1681,27848,,
1978478,23,2026-09-25,1681,27848,,
1978478,23,2026-09-26,1681,27848,,
1978478,24,2026-09-25,1681,27848,,
1978478,24,2026-09-26,1681,27848,,
1978478,39,2026-09-25,1681,27848,,
1978478,39,2026-09-26,1681,27848,,
1978478,40,2026-09-25,1681,27848,,
1978478,40,2026-09-26,1681,27848,,
1978478,50,2026-09-25,1543,27848,,
1978478,50,2026-09-26,1543,27848,,
1978478,83,2026-09-25,1681,27848,,
1978478,83,2026-09-26,1681,27848,,
1986521,21,2026-09-23,2167,23600,,
1986521,21,2026-09-24,2167,23600,,
1986521,22,2026-09-23,2167,23600,,
1986521,22,2026-09-24,2167,23600,,
1986521,23,2026-09-23,2270,23600,,
1986521,23,2026-09-24,2270,23600,,
1986521,24,2026-09-23,2270,23600,,
1986521,24,2026-09-24,2270,23600,,
1986521,35,2026-09-20,3653,23600,,
1986521,35,2026-09-21,3613,23600,,
1986521,36,2026-09-20,3653,23600,,
1986521,36,2026-09-21,3613,23600,,
1986521,39,2026-09-23,2167,23600,,
1986521,39,2026-09-24,2167,23600,,
1986521,40,2026-09-23,2270,23600,,
1986521,40,2026-09-24,2270,23600,,
1986521,83,2026-09-23,2167,23600,,
1986521,83,2026-09-24,2167,23600,,
1989439,35,2026-09-24,2529,23600,,
1989439,36,2026-09-24,2529,23600,,
2008591,21,2026-09-25,1453,23600,,
2008591,22,2026-09-25,1453,23600,,
2008591,39,2026-09-25,1453,23600,,
2008591,83,2026-09-25,1453,23600,,
2010498,27,2026-09-25,3029,23600,,
2010498,28,2026-09-25,3029,23600,,
2011302,29,2027-09-20,2343,23600,,
2011302,30,2027-09-20,2343,23600,,
2011302,31,2027-09-20,2343,23600,,
2011302,32,2027-09-20,2343,23600,,
2011302,33,2027-09-20,2343,23600,,
2011302,34,2027-09-20,2343,23600,,
2011302,57,2027-09-20,2343,23600,,
2011302,58,2027-09-20,2343,23600,,
2011302,89,2027-09-20,2343,23600,,
2011649,21,2027-09-20,1390,27848,,
2011649,22,2027-09-20,1390,27848,,
2011649,39,2027-09-20,1390,27848,,
2011649,83,2027-09-20,1390,27848,,
2011692,17,2026-12-18,1809,20000,,
2011692,17,2026-12-19,1809,20000,,
2011692,18,2026-12-18,1809,20000,,
2011692,18,2026-12-19,1809,20000,,
2011740,17,2026-09-26,1402,23600,,
2011740,18,2026-09-26,1402,23600,,
2011740,19,2026-09-26,1471,23600,,
2011740,20,2026-09-26,1471,23600,,
2011740,50,2026-09-26,1402,23600,,
2012154,23,2026-12-18,2171,23600,,
2012154,23,2026-12-19,2171,23600,,
2012154,23,2027-09-20,2171,23600,,
2012154,24,2026-12-18,2171,23600,,
2012154,24,2026-12-19,2171,23600,,
2012154,24,2027-09-20,2171,23600,,
2012154,27,2026-12-18,2171,23600,,
2012154,27,2026-12-19,2171,23600,,
2012154,27,2027-09-20,2171,23600,,
2012154,28,2026-12-18,2171,23600,,
2012154,28,2026-12-19,2171,23600,,
2012154,28,2027-09-20,2171,23600,,
2012154,40,2026-12-18,2171,23600,,
2012154,40,2026-12-19,2171,23600,,
2012154,40,2027-09-20,2171,23600,,
2013172,27,2026-09-25,3370,23600,,
2013172,28,2026-09-25,3370,23600,,
2013172,35,2026-09-25,3715,23600,,
2013172,36,2026-09-25,3715,23600,,
2013172,37,2026-09-25,3715,23600,,
2013518,17,2026-09-22,1007,23600,,
2013518,18,2026-09-22,1007,23600,,
2013518,19,2026-09-22,1076,23600,,
2013518,20,2026-09-22,1076,23600,,
2013518,21,2026-09-22,1145,23600,,
2013518,22,2026-09-22,1145,23600,,
2013518,23,2026-09-22,1214,23600,,
2013518,23,2026-09-23,1255,23600,,
2013518,24,2026-09-22,1214,23600,,
2013518,24,2026-09-23,1255,23600,,
2013518,39,2026-09-22,1145,23600,,
2013518,40,2026-09-22,1214,23600,,
2013518,40,2026-09-23,1255,23600,,
2013518,50,2026-09-22,1007,23600,,
2013518,83,2026-09-22,1145,23600,,
2015932,21,2026-09-25,1357,38776,,
2015932,21,2026-09-26,1350,38776,,
2015932,22,2026-09-25,1357,38776,,
2015932,22,2026-09-26,1350,38776,,
2015932,23,2026-09-26,1488,38776,,
2015932,24,2026-09-26,1488,38776,,
2015932,39,2026-09-25,1357,38776,,
2015932,39,2026-09-26,1350,38776,,
2015932,40,2026-09-26,1488,38776,,
2015932,83,2026-09-25,1357,38776,,
2015932,83,2026-09-26,1350,38776,,
2017563,19,2026-12-18,1438,23600,,
2017563,19,2026-12-19,1438,23600,,
2017563,20,2026-12-18,1438,23600,,
2017563,20,2026-12-19,1438,23600,,
2018445,27,2026-09-26,2285,23600,,
2018445,28,2026-09-26,2285,23600,,
2018989,25,2026-09-25,2754,23600,,
2018989,26,2026-09-25,2754,23600,,
2022899,23,2026-10-01,1775,23600,,
2022899,24,2026-10-01,1775,23600,,
2022899,40,2026-10-01,1775,23600,,
2022899,84,2026-10-01,1775,23600,,
2024578,15,2026-09-26,1018,20000,,
2024578,32,2026-09-20,2429,20000,,
2024578,33,2026-09-20,2429,20000,,
2024578,34,2026-09-20,2429,20000,,
2024578,35,2026-09-20,2774,20000,,
2024578,36,2026-09-20,2774,20000,,
2024578,37,2026-09-20,2774,20000,,
2024578,38,2026-09-26,1018,20000,,
2024578,58,2026-09-20,2429,20000,,
2024578,59,2026-09-20,2774,20000,,
2024578,90,2026-09-20,2429,20000,,
2024867,17,2026-09-25,2895,23600,,
2024867,17,2026-09-26,2895,23600,,
2024867,18,2026-09-25,2895,23600,,
2024867,18,2026-09-26,2895,23600,,
2026607,27,2026-09-26,1990,20000,,
2026607,28,2026-09-26,1990,20000,,
2026607,35,2026-09-26,2128,20000,,
2026607,36,2026-09-26,2128,20000,,
2026607,37,2026-09-26,2128,20000,,
2026607,42,2026-09-25,2447,20000,,
2026607,43,2026-09-25,2447,20000,,
2027305,27,2026-09-26,2375,23600,,
2027305,28,2026-09-26,2375,23600,,
2027305,35,2026-09-25,2568,23600,,
2027305,35,2026-09-26,2651,23600,,
2027305,36,2026-09-25,2568,23600,,
2027305,36,2026-09-26,2651,23600,,
2027305,37,2026-09-25,2568,23600,,
2027305,37,2026-09-26,2651,23600,,
2027305,41,2026-09-26,2375,23600,,
2027305,42,2026-09-25,2913,23600,,
2027305,43,2026-09-25,2913,23600,,
2027305,45,2026-09-25,2637,23600,,
2027305,46,2026-09-25,2637,23600,,
2033589,21,2026-09-25,2534,23600,,
2033589,21,2026-09-26,2534,23600,,
2033589,21,2026-12-02,2667,23600,,
2033589,21,2026-12-03,2667,23600,,
2033589,21,2026-12-06,2667,23600,,
2033589,22,2026-09-25,2534,23600,,
2033589,22,2026-09-26,2534,23600,,
2033589,22,2026-12-02,2667,23600,,
2033589,22,2026-12-03,2667,23600,,
2033589,22,2026-12-06,2667,23600,,
2033589,23,2026-12-02,2805,23600,,
2033589,23,2026-12-03,2805,23600,,
2033589,23,2026-12-06,2805,23600,,
2033589,24,2026-12-02,2805,23600,,
2033589,24,2026-12-03,2805,23600,,
2033589,24,2026-12-06,2805,23600,,
2033589,27,2026-12-02,3150,23600,,
2033589,27,2026-12-03,3150,23600,,
2033589,27,2026-12-06,3150,23600,,
2033589,28,2026-12-02,3150,23600,,
2033589,28,2026-12-03,3150,23600,,
2033589,28,2026-12-06,3150,23600,,
2033589,39,2026-09-25,2534,23600,,
2033589,39,2026-09-26,2534,23600,,
2033589,39,2026-12-02,2667,23600,,
2033589,39,2026-12-03,2667,23600,,
2033589,39,2026-12-06,2667,23600,,
2033589,40,2026-12-02,2805,23600,,
2033589,40,2026-12-03,2805,23600,,
2033589,40,2026-12-06,2805,23600,,
2033589,83,2026-09-25,2534,23600,,
2033589,83,2026-09-26,2534,23600,,
2033589,83,2026-12-02,2667,23600,,
2033589,83,2026-12-03,2667,23600,,
2033589,83,2026-12-06,2667,23600,,
2034103,29,2026-11-09,1899,23600,,
2034103,29,2026-11-10,1898,23600,,
2034103,29,2026-11-11,1898,23600,,
2034103,29,2026-11-16,1898,23600,,
2034103,29,2026-11-17,1898,23600,,
2034103,29,2026-11-24,1898,23600,,
2034103,29,2026-11-25,1898,23600,,
2034103,29,2026-11-26,1898,23600,,
2034103,30,2026-11-09,1899,23600,,
2034103,30,2026-11-10,1898,23600,,
2034103,30,2026-11-11,1898,23600,,
2034103,30,2026-11-16,1898,23600,,
2034103,30,2026-11-17,1898,23600,,
2034103,30,2026-11-24,1898,23600,,
2034103,30,2026-11-25,1898,23600,,
2034103,30,2026-11-26,1898,23600,,
2034103,31,2026-11-09,1899,23600,,
2034103,31,2026-11-10,1898,23600,,
2034103,31,2026-11-11,1898,23600,,
2034103,31,2026-11-16,1898,23600,,
2034103,31,2026-11-17,1898,23600,,
2034103,31,2026-11-24,1898,23600,,
2034103,31,2026-11-25,1898,23600,,
2034103,31,2026-11-26,1898,23600,,
2034103,32,2026-11-09,1968,23600,,
2034103,32,2026-11-10,1967,23600,,
2034103,32,2026-11-11,1967,23600,,
2034103,32,2026-11-16,1967,23600,,
2034103,32,2026-11-17,1967,23600,,
2034103,32,2026-11-24,1967,23600,,
2034103,32,2026-11-25,1967,23600,,
2034103,32,2026-11-26,1967,23600,,
2034103,33,2026-11-09,1968,23600,,
2034103,33,2026-11-10,1967,23600,,
2034103,33,2026-11-11,1967,23600,,
2034103,33,2026-11-16,1967,23600,,
2034103,33,2026-11-17,1967,23600,,
2034103,33,2026-11-24,1967,23600,,
2034103,33,2026-11-25,1967,23600,,
2034103,33,2026-11-26,1967,23600,,
2034103,34,2026-11-09,1968,23600,,
2034103,34,2026-11-10,1967,23600,,
2034103,34,2026-11-11,1967,23600,,
2034103,34,2026-11-16,1967,23600,,
2034103,34,2026-11-17,1967,23600,,
2034103,34,2026-11-24,1967,23600,,
2034103,34,2026-11-25,1967,23600,,
2034103,34,2026-11-26,1967,23600,,
2034103,57,2026-11-09,1899,23600,,
2034103,57,2026-11-10,1898,23600,,
2034103,57,2026-11-11,1898,23600,,
2034103,57,2026-11-16,1898,23600,,
2034103,57,2026-11-17,1898,23600,,
2034103,57,2026-11-24,1898,23600,,
2034103,57,2026-11-25,1898,23600,,
2034103,57,2026-11-26,1898,23600,,
2034103,58,2026-11-09,1968,23600,,
2034103,58,2026-11-10,1967,23600,,
2034103,58,2026-11-11,1967,23600,,
2034103,58,2026-11-16,1967,23600,,
2034103,58,2026-11-17,1967,23600,,
2034103,58,2026-11-24,1967,23600,,
2034103,58,2026-11-25,1967,23600,,
2034103,58,2026-11-26,1967,23600,,
2034103,89,2026-11-09,1899,23600,,
2034103,89,2026-11-10,1898,23600,,
2034103,89,2026-11-11,1898,23600,,
2034103,89,2026-11-16,1898,23600,,
2034103,89,2026-11-17,1898,23600,,
2034103,89,2026-11-24,1898,23600,,
2034103,89,2026-11-25,1898,23600,,
2034103,89,2026-11-26,1898,23600,,
2037169,17,2027-09-20,2000,23600,,
2037169,18,2027-09-20,2000,23600,,
2037169,50,2027-09-20,2000,23600,,
2041595,17,2026-09-25,1231,23600,,
2041595,18,2026-09-25,1231,23600,,
2041595,19,2026-09-25,1369,23600,,
2041595,19,2026-09-26,1362,23600,,
2041595,20,2026-09-25,1369,23600,,
2041595,20,2026-09-26,1362,23600,,
2041595,50,2026-09-25,1231,23600,,
2043614,15,2026-09-25,1461,20000,,
2043614,15,2026-09-26,1471,20000,,
2043614,16,2026-09-25,1530,20000,,
2043614,17,2026-09-25,1599,20000,,
2043614,18,2026-09-25,1599,20000,,
2043614,38,2026-09-25,1461,20000,,
2043614,38,2026-09-26,1471,20000,,
2043614,50,2026-09-25,1599,20000,,
2043614,52,2026-09-25,1530,20000,,
2043614,76,2026-09-25,1461,20000,,
2043614,76,2026-09-26,1471,20000,,
2051467,27,2026-09-28,1599,20000,,
2051467,28,2026-09-28,1599,20000,,
2053245,29,2027-09-20,1953,23600,,
2053245,30,2027-09-20,1953,23600,,
2053245,31,2027-09-20,1953,23600,,
2053245,57,2027-09-20,1953,23600,,
2055653,17,2026-09-25,1607,23600,,
2055653,18,2026-09-25,1607,23600,,
2055653,50,2026-09-25,1607,23600,,
2059541,17,2026-09-22,1843,27848,,
2059541,18,2026-09-22,1843,27848,,
2059541,19,2026-09-22,2050,27848,,
2059541,20,2026-09-22,2050,27848,,
2059541,50,2026-09-22,1843,27848,,
2061111,27,2026-09-25,2990,23600,,
2061111,27,2026-09-26,2984,23600,,
2061111,28,2026-09-25,2990,23600,,
2061111,28,2026-09-26,2984,23600,,
2061111,29,2026-09-25,2628,23600,,
2061111,29,2026-09-26,2622,23600,,
2061111,30,2026-09-25,2628,23600,,
2061111,30,2026-09-26,2622,23600,,
2061111,31,2026-09-25,2628,23600,,
2061111,31,2026-09-26,2622,23600,,
2061111,32,2026-09-25,2749,23600,,
2061111,32,2026-09-26,2743,23600,,
2061111,33,2026-09-25,2749,23600,,
2061111,33,2026-09-26,2743,23600,,
2061111,34,2026-09-25,2749,23600,,
2061111,34,2026-09-26,2743,23600,,
2061111,35,2026-09-25,3301,23600,,
2061111,35,2026-09-26,3295,23600,,
2061111,36,2026-09-25,3301,23600,,
2061111,36,2026-09-26,3295,23600,,
2061111,37,2026-09-25,3301,23600,,
2061111,37,2026-09-26,3295,23600,,
2061111,57,2026-09-25,2628,23600,,
2061111,57,2026-09-26,2622,23600,,
2061111,58,2026-09-25,2749,23600,,
2061111,58,2026-09-26,2743,23600,,
2061111,89,2026-09-25,2628,23600,,
2061111,89,2026-09-26,2622,23600,,
2061503,17,2026-09-25,2579,23600,,
2061503,17,2026-09-26,2579,23600,,
2061503,18,2026-09-25,2579,23600,,
2061503,18,2026-09-26,2579,23600,,
2061503,50,2026-09-25,2579,23600,,
2061503,50,2026-09-26,2579,23600,,
2061639,21,2027-09-20,1496,23600,,
2061639,22,2027-09-20,1496,23600,,
2061639,27,2026-09-25,1871,23600,,
2061639,27,2026-09-26,1871,23600,,
2061639,28,2026-09-25,1871,23600,,
2061639,28,2026-09-26,1871,23600,,
2061639,39,2027-09-20,1496,23600,,
2061639,41,2026-09-25,1871,23600,,
2061639,41,2026-09-26,1871,23600,,
2061639,83,2027-09-20,1496,23600,,
2065763,17,2026-09-25,1539,32861,,
2065763,18,2026-09-25,1539,32861,,
2065763,25399,2026-09-25,1539,32861,,
2065763,50,2026-09-25,1539,32861,,
2065763,87,2026-09-25,1539,32861,,
2065763,93,2026-09-25,1539,32861,,
2066561,29,2026-09-28,2352,27848,,
2066561,30,2026-09-28,2352,27848,,
2066561,31,2026-09-28,2352,27848,,
2066561,32,2026-09-28,2352,27848,,
2066561,33,2026-09-28,2352,27848,,
2066561,34,2026-09-28,2352,27848,,
2066561,42,2026-09-28,2352,27848,,
2066561,43,2026-09-28,2352,27848,,
2066561,47,2026-09-28,2352,27848,,
2066561,48,2026-09-28,2352,27848,,
2066561,57,2026-09-28,2352,27848,,
2071014,17,2026-09-25,1388,23600,,
2071014,17,2026-09-26,1388,23600,,
2071014,18,2026-09-25,1388,23600,,
2071014,18,2026-09-26,1388,23600,,
2071014,19,2026-09-25,1457,23600,,
2071014,19,2026-09-26,1457,23600,,
2071014,21,2026-09-25,1595,23600,,
2071014,21,2026-09-26,1595,23600,,
2071014,22,2026-09-25,1595,23600,,
2071014,22,2026-09-26,1595,23600,,
2071014,23,2026-09-25,1664,23600,,
2071014,23,2026-09-26,1664,23600,,
2071014,24,2026-09-25,1664,23600,,
2071014,24,2026-09-26,1664,23600,,
2071014,39,2026-09-25,1595,23600,,
2071014,39,2026-09-26,1595,23600,,
2071014,40,2026-09-25,1664,23600,,
2071014,40,2026-09-26,1664,23600,,
2071014,83,2026-09-25,1595,23600,,
2071014,83,2026-09-26,1595,23600,,
2075824,21,2026-09-21,1369,23600,,
2075824,22,2026-09-21,1369,23600,,
2075824,23,2026-09-21,1490,23600,,
2075824,24,2026-09-21,1490,23600,,
2075824,39,2026-09-21,1369,23600,,
2075824,40,2026-09-21,1490,23600,,
2075824,83,2026-09-21,1369,23600,,
2076114,25,2026-09-25,2631,20000,,
2076114,25,2026-09-26,2646,20000,,
2076114,26,2026-09-25,2631,20000,,
2076114,26,2026-09-26,2646,20000,,
2076114,27,2026-09-25,2907,20000,,
2076114,28,2026-09-25,2907,20000,,
2089527,35,2026-09-25,2777,23600,,
2089527,35,2026-09-26,2777,23600,,
2089527,36,2026-09-25,2777,23600,,
2089527,36,2026-09-26,2777,23600,,
2098048,21,2026-10-21,1295,23600,,
2098048,21,2026-10-22,1295,23600,,
2098048,21,2026-10-23,1295,23600,,
2098048,21,2026-10-24,1295,23600,,
2098048,21,2026-10-25,1295,23600,,
2098048,21,2026-10-26,1295,23600,,
2098048,21,2026-10-27,1295,23600,,
2098048,21,2026-10-28,1295,23600,,
2098048,21,2026-10-29,1295,23600,,
2098048,21,2026-10-30,1295,23600,,
2098048,21,2026-10-31,1295,23600,,
2098048,21,2026-11-01,1295,23600,,
2098048,21,2026-11-02,1295,23600,,
2098048,21,2026-11-03,1295,23600,,
2098048,21,2026-11-04,1295,23600,,
2098048,21,2026-11-05,1295,23600,,
2098048,21,2026-11-06,1295,23600,,
2098048,21,2026-11-07,1295,23600,,
2098048,21,2026-11-08,1295,23600,,
2098048,21,2026-11-09,1295,23600,,
2098048,21,2026-11-10,1295,23600,,
2098048,21,2026-11-11,1295,23600,,
2098048,21,2026-11-12,1295,23600,,
2098048,21,2026-11-13,1295,23600,,
2098048,21,2026-11-14,1295,23600,,
2098048,21,2026-11-15,1295,23600,,
2098048,21,2026-11-16,1295,23600,,
2098048,21,2026-11-17,1295,23600,,
2098048,21,2026-11-18,1295,23600,,
2098048,21,2026-11-19,1295,23600,,
2098048,22,2026-10-21,1295,23600,,
2098048,22,2026-10-22,1295,23600,,
2098048,22,2026-10-23,1295,23600,,
2098048,22,2026-10-24,1295,23600,,
2098048,22,2026-10-25,1295,23600,,
2098048,22,2026-10-26,1295,23600,,
2098048,22,2026-10-27,1295,23600,,
2098048,22,2026-10-28,1295,23600,,
2098048,22,2026-10-29,1295,23600,,
2098048,22,2026-10-30,1295,23600,,
2098048,22,2026-10-31,1295,23600,,
2098048,22,2026-11-01,1295,23600,,
2098048,22,2026-11-02,1295,23600,,
2098048,22,2026-11-03,1295,23600,,
2098048,22,2026-11-04,1295,23600,,
2098048,22,2026-11-05,1295,23600,,
2098048,22,2026-11-06,1295,23600,,
2098048,22,2026-11-07,1295,23600,,
2098048,22,2026-11-08,1295,23600,,
2098048,22,2026-11-09,1295,23600,,
2098048,22,2026-11-10,1295,23600,,
2098048,22,2026-11-11,1295,23600,,
2098048,22,2026-11-12,1295,23600,,
2098048,22,2026-11-13,1295,23600,,
2098048,22,2026-11-14,1295,23600,,
2098048,22,2026-11-15,1295,23600,,
2098048,22,2026-11-16,1295,23600,,
2098048,22,2026-11-17,1295,23600,,
2098048,22,2026-11-18,1295,23600,,
2098048,22,2026-11-19,1295,23600,,
2098048,23,2026-10-21,1295,23600,,
2098048,23,2026-10-22,1295,23600,,
2098048,23,2026-10-23,1295,23600,,
2098048,23,2026-10-24,1295,23600,,
2098048,23,2026-10-25,1295,23600,,
2098048,23,2026-10-26,1295,23600,,
2098048,23,2026-10-27,1295,23600,,
2098048,23,2026-10-28,1295,23600,,
2098048,23,2026-10-29,1295,23600,,
2098048,23,2026-10-30,1295,23600,,
2098048,23,2026-10-31,1295,23600,,
2098048,23,2026-11-01,1295,23600,,
2098048,23,2026-11-02,1295,23600,,
2098048,23,2026-11-03,1295,23600,,
2098048,23,2026-11-04,1295,23600,,
2098048,23,2026-11-05,1295,23600,,
2098048,23,2026-11-06,1295,23600,,
2098048,23,2026-11-07,1295,23600,,
2098048,23,2026-11-08,1295,23600,,
2098048,23,2026-11-09,1295,23600,,
2098048,23,2026-11-10,1295,23600,,
2098048,23,2026-11-11,1295,23600,,
2098048,23,2026-11-12,1295,23600,,
2098048,23,2026-11-13,1295,23600,,
2098048,23,2026-11-14,1295,23600,,
2098048,23,2026-11-15,1295,23600,,
2098048,23,2026-11-16,1295,23600,,
2098048,23,2026-11-17,1295,23600,,
2098048,23,2026-11-18,1295,23600,,
2098048,23,2026-11-19,1295,23600,,
2098048,24,2026-10-21,1295,23600,,
2098048,24,2026-10-22,1295,23600,,
2098048,24,2026-10-23,1295,23600,,
2098048,24,2026-10-24,1295,23600,,
2098048,24,2026-10-25,1295,23600,,
2098048,24,2026-10-26,1295,23600,,
2098048,24,2026-10-27,1295,23600,,
2098048,24,2026-10-28,1295,23600,,
2098048,24,2026-10-29,1295,23600,,
2098048,24,2026-10-30,1295,23600,,
2098048,24,2026-10-31,1295,23600,,
2098048,24,2026-11-01,1295,23600,,
2098048,24,2026-11-02,1295,23600,,
2098048,24,2026-11-03,1295,23600,,
2098048,24,2026-11-04,1295,23600,,
2098048,24,2026-11-05,1295,23600,,
2098048,24,2026-11-06,1295,23600,,
2098048,24,2026-11-07,1295,23600,,
2098048,24,2026-11-08,1295,23600,,
2098048,24,2026-11-09,1295,23600,,
2098048,24,2026-11-10,1295,23600,,
2098048,24,2026-11-11,1295,23600,,
2098048,24,2026-11-12,1295,23600,,
2098048,24,2026-11-13,1295,23600,,
2098048,24,2026-11-14,1295,23600,,
2098048,24,2026-11-15,1295,23600,,
2098048,24,2026-11-16,1295,23600,,
2098048,24,2026-11-17,1295,23600,,
2098048,24,2026-11-18,1295,23600,,
2098048,24,2026-11-19,1295,23600,,
2098048,35,2026-11-20,1782,23600,,
2098048,35,2026-11-21,1782,23600,,
2098048,35,2026-11-22,1782,23600,,
2098048,35,2026-11-23,1782,23600,,
2098048,35,2026-11-24,1782,23600,,
2098048,35,2026-11-25,1782,23600,,
2098048,35,2026-11-26,1782,23600,,
2098048,35,2026-11-27,1782,23600,,
2098048,35,2026-11-28,1782,23600,,
2098048,35,2026-11-29,1782,23600,,
2098048,35,2026-11-30,1782,23600,,
2098048,35,2026-12-01,1782,23600,,
2098048,35,2026-12-02,1782,23600,,
2098048,35,2026-12-03,1782,23600,,
2098048,35,2026-12-04,1782,23600,,
2098048,35,2026-12-05,1782,23600,,
2098048,35,2026-12-06,1782,23600,,
2098048,35,2026-12-07,1782,23600,,
2098048,35,2026-12-08,1782,23600,,
2098048,35,2026-12-09,1782,23600,,
2098048,35,2026-12-10,1782,23600,,
2098048,35,2026-12-11,1782,23600,,
2098048,35,2026-12-12,1782,23600,,
2098048,35,2026-12-13,1782,23600,,
2098048,35,2026-12-14,1782,23600,,
2098048,35,2026-12-15,1782,23600,,
2098048,35,2026-12-16,1782,23600,,
2098048,35,2026-12-17,1782,23600,,
2098048,35,2026-12-18,1782,23600,,
2098048,35,2026-12-19,1782,23600,,
2098048,36,2026-11-20,1782,23600,,
2098048,36,2026-11-21,1782,23600,,
2098048,36,2026-11-22,1782,23600,,
2098048,36,2026-11-23,1782,23600,,
2098048,36,2026-11-24,1782,23600,,
2098048,36,2026-11-25,1782,23600,,
2098048,36,2026-11-26,1782,23600,,
2098048,36,2026-11-27,1782,23600,,
2098048,36,2026-11-28,1782,23600,,
2098048,36,2026-11-29,1782,23600,,
2098048,36,2026-11-30,1782,23600,,
2098048,36,2026-12-01,1782,23600,,
2098048,36,2026-12-02,1782,23600,,
2098048,36,2026-12-03,1782,23600,,
2098048,36,2026-12-04,1782,23600,,
2098048,36,2026-12-05,1782,23600,,
2098048,36,2026-12-06,1782,23600,,
2098048,36,2026-12-07,1782,23600,,
2098048,36,2026-12-08,1782,23600,,
2098048,36,2026-12-09,1782,23600,,
2098048,36,2026-12-10,1782,23600,,
2098048,36,2026-12-11,1782,23600,,
2098048,36,2026-12-12,1782,23600,,
2098048,36,2026-12-13,1782,23600,,
2098048,36,2026-12-14,1782,23600,,
2098048,36,2026-12-15,1782,23600,,
2098048,36,2026-12-16,1782,23600,,
2098048,36,2026-12-17,1782,23600,,
2098048,36,2026-12-18,1782,23600,,
2098048,36,2026-12-19,1782,23600,,
2098048,39,2026-10-21,1295,23600,,
2098048,39,2026-10-22,1295,23600,,
2098048,39,2026-10-23,1295,23600,,
2098048,39,2026-10-24,1295,23600,,
2098048,39,2026-10-25,1295,23600,,
2098048,39,2026-10-26,1295,23600,,
2098048,39,2026-10-27,1295,23600,,
2098048,39,2026-10-28,1295,23600,,
2098048,39,2026-10-29,1295,23600,,
2098048,39,2026-10-30,1295,23600,,
2098048,39,2026-10-31,1295,23600,,
2098048,39,2026-11-01,1295,23600,,
2098048,39,2026-11-02,1295,23600,,
2098048,39,2026-11-03,1295,23600,,
2098048,39,2026-11-04,1295,23600,,
2098048,39,2026-11-05,1295,23600,,
2098048,39,2026-11-06,1295,23600,,
2098048,39,2026-11-07,1295,23600,,
2098048,39,2026-11-08,1295,23600,,
2098048,39,2026-11-09,1295,23600,,
2098048,39,2026-11-10,1295,23600,,
2098048,39,2026-11-11,1295,23600,,
2098048,39,2026-11-12,1295,23600,,
2098048,39,2026-11-13,1295,23600,,
2098048,39,2026-11-14,1295,23600,,
2098048,39,2026-11-15,1295,23600,,
2098048,39,2026-11-16,1295,23600,,
2098048,39,2026-11-17,1295,23600,,
2098048,39,2026-11-18,1295,23600,,
2098048,39,2026-11-19,1295,23600,,
3001250,19,2026-09-25,1348,23600,,
3001250,19,2026-09-26,1348,23600,,
3001250,20,2026-09-25,1348,23600,,
3001250,20,2026-09-26,1348,23600,,
3006134,17,2026-09-25,1380,23600,,
3006134,17,2026-09-26,1380,23600,,
3006134,18,2026-09-25,1380,23600,,
3006134,18,2026-09-26,1380,23600,,
3006134,19,2026-09-25,1518,23600,,
3006134,19,2026-09-26,1518,23600,,
3006134,20,2026-09-25,1518,23600,,
3006134,20,2026-09-26,1518,23600,,
3006134,50,2026-09-25,1380,23600,,
3006134,50,2026-09-26,1380,23600,,
3009824,27,2026-10-19,1651,23600,,
3009824,27,2026-10-20,1651,23600,,
3009824,28,2026-10-19,1651,23600,,
3009824,28,2026-10-20,1651,23600,,
4146211,21,2026-09-26,2554,27848,,
4146211,22,2026-09-26,2554,27848,,
4146211,23,2026-09-26,2623,27848,,
4146211,24,2026-09-26,2623,27848,,
4146211,27,2026-09-26,2899,27848,,
4146211,28,2026-09-26,2899,27848,,
4146211,35,2026-09-26,3417,27848,,
4146211,36,2026-09-26,3417,27848,,
4146211,37,2026-09-26,3417,20000,,
4146211,39,2026-09-26,2554,27848,,
4146211,40,2026-09-26,2623,27848,,
4146211,42,2026-09-26,3762,20000,,
4146211,43,2026-09-26,3762,20000,,
4146211,83,2026-09-26,2554,27848,,
4471338,27,2026-09-25,2282,23600,,
4471338,27,2026-09-26,2282,23600,,
4471338,28,2026-09-25,2282,23600,,
4471338,28,2026-09-26,2282,23600,,
4471338,29,2026-09-25,2351,23600,,
4471338,29,2026-09-26,2351,23600,,
4471338,30,2026-09-25,2351,23600,,
4471338,30,2026-09-26,2351,23600,,
4471338,31,2026-09-25,2351,23600,,
4471338,31,2026-09-26,2351,23600,,
4471338,32,2026-09-25,2351,23600,,
4471338,32,2026-09-26,2351,23600,,
4471338,33,2026-09-25,2351,23600,,
4471338,33,2026-09-26,2351,23600,,
4471338,34,2026-09-25,2351,23600,,
4471338,34,2026-09-26,2351,23600,,
4471338,35,2026-09-25,2834,23600,,
4471338,35,2026-09-26,2834,23600,,
4471338,36,2026-09-25,2834,23600,,
4471338,36,2026-09-26,2834,23600,,
4471338,57,2026-09-25,2351,23600,,
4471338,57,2026-09-26,2351,23600,,
4476459,15,2026-10-11,1376,23600,,
4476459,15,2026-10-12,1376,23600,,
4476459,16,2026-10-11,1376,23600,,
4476459,16,2026-10-12,1376,23600,,
4476459,21,2026-10-05,1751,23600,,
4476459,21,2026-10-06,1751,23600,,
4476459,21,2026-10-08,1751,23600,,
4476459,21,2026-10-22,1751,23600,,
4476459,21,2026-10-25,1751,23600,,
4476459,21,2026-10-26,1751,23600,,
4476459,21,2026-10-27,1751,23600,,
4476459,21,2026-10-28,1751,23600,,
4476459,21,2026-10-29,1752,23600,,
4476459,22,2026-10-05,1751,23600,,
4476459,22,2026-10-06,1751,23600,,
4476459,22,2026-10-08,1751,23600,,
4476459,22,2026-10-22,1751,23600,,
4476459,22,2026-10-25,1751,23600,,
4476459,22,2026-10-26,1751,23600,,
4476459,22,2026-10-27,1751,23600,,
4476459,22,2026-10-28,1751,23600,,
4476459,22,2026-10-29,1752,23600,,
4476459,23,2026-10-05,1751,23600,,
4476459,23,2026-10-06,1751,23600,,
4476459,23,2026-10-08,1751,23600,,
4476459,23,2026-10-22,1751,23600,,
4476459,23,2026-10-25,1751,23600,,
4476459,23,2026-10-26,1751,23600,,
4476459,23,2026-10-27,1751,23600,,
4476459,23,2026-10-28,1751,23600,,
4476459,23,2026-10-29,1752,23600,,
4476459,24,2026-10-05,1751,23600,,
4476459,24,2026-10-06,1751,23600,,
4476459,24,2026-10-08,1751,23600,,
4476459,24,2026-10-22,1751,23600,,
4476459,24,2026-10-25,1751,23600,,
4476459,24,2026-10-26,1751,23600,,
4476459,24,2026-10-27,1751,23600,,
4476459,24,2026-10-28,1751,23600,,
4476459,24,2026-10-29,1752,23600,,
4476459,29,2026-11-29,2027,23600,,
4476459,29,2026-11-30,2027,23600,,
4476459,29,2026-12-18,3622,23600,,
4476459,29,2026-12-19,3622,23600,,
4476459,30,2026-11-29,2027,23600,,
4476459,30,2026-11-30,2027,23600,,
4476459,30,2026-12-18,3622,23600,,
4476459,30,2026-12-19,3622,23600,,
4476459,31,2026-11-29,2027,23600,,
4476459,31,2026-11-30,2027,23600,,
4476459,31,2026-12-18,3622,23600,,
4476459,31,2026-12-19,3622,23600,,
4476459,32,2026-11-29,2027,23600,,
4476459,32,2026-11-30,2027,23600,,
4476459,32,2026-12-18,3622,23600,,
4476459,32,2026-12-19,3622,23600,,
4476459,33,2026-11-29,2027,23600,,
4476459,33,2026-11-30,2027,23600,,
4476459,33,2026-12-18,3622,23600,,
4476459,33,2026-12-19,3622,23600,,
4476459,34,2026-11-29,2027,23600,,
4476459,34,2026-11-30,2027,23600,,
4476459,34,2026-12-18,3622,23600,,
4476459,34,2026-12-19,3622,23600,,
4476459,35,2026-10-01,3146,23600,,
4476459,35,2026-10-16,3163,23600,,
4476459,35,2026-11-08,3096,23600,,
4476459,36,2026-10-01,3146,23600,,
4476459,36,2026-10-16,3163,23600,,
4476459,36,2026-11-08,3096,23600,,
4476459,38,2026-10-11,1376,23600,,
4476459,38,2026-10-12,1376,23600,,
4476459,39,2026-10-05,1751,23600,,
4476459,39,2026-10-06,1751,23600,,
4476459,39,2026-10-08,1751,23600,,
4476459,39,2026-10-22,1751,23600,,
4476459,39,2026-10-25,1751,23600,,
4476459,39,2026-10-26,1751,23600,,
4476459,39,2026-10-27,1751,23600,,
4476459,39,2026-10-28,1751,23600,,
4476459,39,2026-10-29,1752,23600,,
4476459,40,2026-10-05,1751,23600,,
4476459,40,2026-10-06,1751,23600,,
4476459,40,2026-10-08,1751,23600,,
4476459,40,2026-10-22,1751,23600,,
4476459,40,2026-10-25,1751,23600,,
4476459,40,2026-10-26,1751,23600,,
4476459,40,2026-10-27,1751,23600,,
4476459,40,2026-10-28,1751,23600,,
4476459,40,2026-10-29,1752,23600,,
4476459,52,2026-10-11,1376,23600,,
4476459,52,2026-10-12,1376,23600,,
4476459,57,2026-11-29,2027,23600,,
4476459,57,2026-11-30,2027,23600,,
4476459,57,2026-12-18,3622,23600,,
4476459,57,2026-12-19,3622,23600,,
4476459,76,2026-10-11,1376,23600,,
4476459,76,2026-10-12,1376,23600,,
4476459,83,2026-10-05,1751,23600,,
4476459,83,2026-10-06,1751,23600,,
4476459,83,2026-10-08,1751,23600,,
4476459,83,2026-10-22,1751,23600,,
4476459,83,2026-10-25,1751,23600,,
4476459,83,2026-10-26,1751,23600,,
4476459,83,2026-10-27,1751,23600,,
4476459,83,2026-10-28,1751,23600,,
4476459,83,2026-10-29,1752,23600,,
4477291,15,2026-10-18,1215,20000,,
4477291,21,2026-10-30,1206,20000,,
4477291,22,2026-10-30,1206,20000,,
4477291,23,2026-10-30,1206,20000,,
4477291,24,2026-10-30,1206,20000,,
4477291,38,2026-10-18,1215,20000,,
4477291,39,2026-10-30,1206,20000,,
4477291,76,2026-10-18,1215,20000,,
5000010,27,2026-09-25,3180,23600,,
5000010,27,2026-09-26,3176,23600,,
5000010,28,2026-09-25,3180,23600,,
5000010,28,2026-09-26,3176,23600,,
5000010,32,2026-09-25,3111,23600,,
5000010,32,2026-09-26,3107,23600,,
5000010,33,2026-09-25,3111,23600,,
5000010,33,2026-09-26,3107,23600,,
5000010,34,2026-09-25,3111,23600,,
5000010,34,2026-09-26,3107,23600,,
5000010,35,2026-09-25,3801,23600,,
5000010,36,2026-09-25,3801,23600,,
5000010,37,2026-09-25,3801,23600,,
5000010,58,2026-09-25,3111,23600,,
5000010,58,2026-09-26,3107,23600,,
5000022,23,2026-09-25,2025,20000,,
5000022,24,2026-09-25,2025,20000,,
5000022,40,2026-09-25,2025,20000,,
6141453,17,2026-09-20,1596,23600,,
6141453,17,2026-10-01,2186,23600,,
6141453,18,2026-09-20,1596,23600,,
6141453,18,2026-10-01,2186,23600,,
6141453,19,2026-09-20,1596,23600,,
6141453,19,2026-10-01,2186,23600,,
6141453,21,2026-09-20,1665,23600,,
6141453,22,2026-09-20,1665,23600,,
6141453,23,2026-09-20,1665,23600,,
6141453,24,2026-09-20,1665,23600,,
6141453,25,2026-09-20,1596,23600,,
6141453,25,2027-09-20,1779,23600,,
6141453,39,2026-09-20,1665,23600,,
6141453,40,2026-09-20,1665,23600,,
6141453,83,2026-09-20,1665,23600,,
6474322,17,2026-09-25,1520,23600,,
6474322,18,2026-09-25,1520,23600,,
6474322,50,2026-09-25,1520,23600,,
6806341,17,2026-09-25,1232,20000,,
6806341,17,2026-09-26,1232,20000,,
6806341,18,2026-09-25,1232,20000,,
6806341,18,2026-09-26,1232,20000,,
6806341,50,2026-09-25,1232,20000,,
6806341,50,2026-09-26,1232,20000,,
9772256,42,2026-09-26,6115,23600,,
9772256,43,2026-09-26,6115,23600,,
0019694,27,2026-09-25,2921,23600,,
0019694,28,2026-09-25,2921,23600,,
0042415,25,2026-09-20,1743,27848,,
0042415,26,2026-09-20,1743,27848,,
0045959,17,2026-09-22,1429,23600,,
0045959,17,2026-09-23,1429,23600,,
0045959,18,2026-09-22,1429,20000,,
0045959,18,2026-09-22,1429,20000,,
0045959,18,2026-09-23,1429,20000,,
0045959,18,2026-09-23,1429,20000,,
0045959,19,2026-09-22,1533,20000,,
0045959,19,2026-09-22,1533,20000,,
0045959,19,2026-09-23,1533,20000,,
0045959,19,2026-09-23,1533,20000,,
0045959,20,2026-09-22,1533,20000,,
0045959,20,2026-09-22,1533,20000,,
0045959,20,2026-09-23,1533,20000,,
0045959,20,2026-09-23,1533,20000,,
0045959,21,2026-09-25,1734,20000,,
0045959,21,2026-09-25,1734,20000,,
0045959,22,2026-09-25,1734,20000,,
0045959,22,2026-09-25,1734,20000,,
0045959,23,2026-09-25,1837,20000,,
0045959,23,2026-09-25,1837,20000,,
0045959,23,2026-12-18,1964,20000,,
0045959,23,2026-12-19,1964,20000,,
0045959,24,2026-09-25,1837,20000,,
0045959,24,2026-09-25,1837,20000,,
0045959,24,2026-12-18,1964,20000,,
0045959,24,2026-12-19,1964,20000,,
0045959,25,2026-09-24,2085,23600,,
0045959,26,2026-09-24,2085,23600,,
0045959,39,2026-09-25,1734,23600,,
0045959,50,2026-09-22,1429,20000,,
0045959,50,2026-09-22,1429,20000,,
0045959,50,2026-09-23,1429,20000,,
0045959,50,2026-09-23,1429,20000,,
0045959,51,2026-09-22,1533,20000,,
0045959,51,2026-09-22,1533,20000,,
0045959,51,2026-09-23,1533,20000,,
0045959,51,2026-09-23,1533,20000,,
0045959,83,2026-09-25,1734,23600,,
0045959,87,2026-09-22,1429,23600,,
0045959,87,2026-09-23,1429,23600,,
0124913,17,2026-11-10,1759,23600,,
0124913,17,2026-11-11,1775,23600,,
0124913,17,2026-11-12,1775,23600,,
0124913,17,2026-11-16,1775,23600,,
0124913,17,2026-11-29,1775,23600,,
0124913,18,2026-11-10,1759,23600,,
0124913,18,2026-11-11,1775,23600,,
0124913,18,2026-11-12,1775,23600,,
0124913,18,2026-11-16,1775,23600,,
0124913,18,2026-11-29,1775,23600,,
0124913,19,2026-11-10,1828,23600,,
0124913,19,2026-11-11,1844,23600,,
0124913,19,2026-11-12,1844,23600,,
0124913,19,2026-11-16,1844,23600,,
0124913,19,2026-11-29,1844,23600,,
0124913,19,2026-12-02,1762,23600,,
0124913,19,2026-12-09,1762,23600,,
0124913,19,2026-12-10,1762,23600,,
0124913,19,2026-12-14,1762,23600,,
0124913,20,2026-11-10,1828,23600,,
0124913,20,2026-11-11,1844,23600,,
0124913,20,2026-11-12,1844,23600,,
0124913,20,2026-11-16,1844,23600,,
0124913,20,2026-11-29,1844,23600,,
0124913,20,2026-12-02,1762,23600,,
0124913,20,2026-12-09,1762,23600,,
0124913,20,2026-12-10,1762,23600,,
0124913,20,2026-12-14,1762,23600,,
0124913,25,2026-10-22,2075,23600,,
0124913,25,2026-10-28,2075,23600,,
0124913,25,2026-10-29,2075,23600,,
0124913,25,2026-11-04,2156,23600,,
0124913,25,2026-11-09,2156,23600,,
0124913,25,2026-11-10,2173,23600,,
0124913,25,2026-11-22,2156,23600,,
0124913,25,2026-12-02,2107,23600,,
0124913,25,2026-12-03,2091,23600,,
0124913,25,2026-12-09,2107,23600,,
0124913,25,2026-12-10,2107,23600,,
0124913,25,2026-12-14,2107,23600,,
0124913,25,2026-12-15,2091,23600,,
0124913,26,2026-10-22,2075,23600,,
0124913,26,2026-10-28,2075,23600,,
0124913,26,2026-10-29,2075,23600,,
0124913,26,2026-11-04,2156,23600,,
0124913,26,2026-11-09,2156,23600,,
0124913,26,2026-11-10,2173,23600,,
0124913,26,2026-11-22,2156,23600,,
0124913,26,2026-12-02,2107,23600,,
0124913,26,2026-12-03,2091,23600,,
0124913,26,2026-12-09,2107,23600,,
0124913,26,2026-12-10,2107,23600,,
0124913,26,2026-12-14,2107,23600,,
0124913,26,2026-12-15,2091,23600,,
0124913,29,2026-10-22,2144,23600,,
0124913,29,2026-10-28,2144,23600,,
0124913,29,2026-10-29,2144,23600,,
0124913,29,2026-11-04,2225,23600,,
0124913,29,2026-11-09,2225,23600,,
0124913,29,2026-11-22,2225,23600,,
0124913,29,2026-12-02,2176,23600,,
0124913,29,2026-12-03,2160,23600,,
0124913,29,2026-12-09,2176,23600,,
0124913,29,2026-12-10,2176,23600,,
0124913,29,2026-12-14,2176,23600,,
0124913,29,2026-12-15,2160,23600,,
0124913,30,2026-10-22,2144,23600,,
0124913,30,2026-10-28,2144,23600,,
0124913,30,2026-10-29,2144,23600,,
0124913,30,2026-11-04,2225,23600,,
0124913,30,2026-11-09,2225,23600,,
0124913,30,2026-11-22,2225,23600,,
0124913,30,2026-12-02,2176,23600,,
0124913,30,2026-12-03,2160,23600,,
0124913,30,2026-12-09,2176,23600,,
0124913,30,2026-12-10,2176,23600,,
0124913,30,2026-12-14,2176,23600,,
0124913,30,2026-12-15,2160,23600,,
0124913,31,2026-10-22,2144,23600,,
0124913,31,2026-10-28,2144,23600,,
0124913,31,2026-10-29,2144,23600,,
0124913,31,2026-11-04,2225,23600,,
0124913,31,2026-11-09,2225,23600,,
0124913,31,2026-11-22,2225,23600,,
0124913,31,2026-12-02,2176,23600,,
0124913,31,2026-12-03,2160,23600,,
0124913,31,2026-12-09,2176,23600,,
0124913,31,2026-12-10,2176,23600,,
0124913,31,2026-12-14,2176,23600,,
0124913,31,2026-12-15,2160,23600,,
0124913,32,2026-10-22,2213,23600,,
0124913,32,2026-10-28,2213,23600,,
0124913,32,2026-10-29,2213,23600,,
0124913,32,2026-11-01,2278,23600,,
0124913,32,2026-11-04,2294,23600,,
0124913,32,2026-11-09,2294,23600,,
0124913,32,2026-11-22,2294,23600,,
0124913,32,2026-12-03,2229,23600,,
0124913,32,2026-12-15,2229,23600,,
0124913,33,2026-10-22,2213,23600,,
0124913,33,2026-10-28,2213,23600,,
0124913,33,2026-10-29,2213,23600,,
0124913,33,2026-11-01,2278,23600,,
0124913,33,2026-11-04,2294,23600,,
0124913,33,2026-11-09,2294,23600,,
0124913,33,2026-11-22,2294,23600,,
0124913,33,2026-12-03,2229,23600,,
0124913,33,2026-12-15,2229,23600,,
0124913,34,2026-10-22,2213,23600,,
0124913,34,2026-10-28,2213,23600,,
0124913,34,2026-10-29,2213,23600,,
0124913,34,2026-11-01,2278,23600,,
0124913,34,2026-11-04,2294,23600,,
0124913,34,2026-11-09,2294,23600,,
0124913,34,2026-11-22,2294,23600,,
0124913,34,2026-12-03,2229,23600,,
0124913,34,2026-12-15,2229,23600,,
0124913,35,2026-10-25,2525,23600,,
0124913,35,2026-10-27,2525,23600,,
0124913,35,2026-11-01,2623,23600,,
0124913,35,2026-11-03,2607,23600,,
0124913,35,2026-11-05,2607,23600,,
0124913,35,2026-11-30,2607,23600,,
0124913,35,2026-12-01,2542,23600,,
0124913,35,2026-12-07,2558,23600,,
0124913,35,2026-12-16,2542,23600,,
0124913,36,2026-10-25,2525,23600,,
0124913,36,2026-10-27,2525,23600,,
0124913,36,2026-11-01,2623,23600,,
0124913,36,2026-11-03,2607,23600,,
0124913,36,2026-11-05,2607,23600,,
0124913,36,2026-11-30,2607,23600,,
0124913,36,2026-12-01,2542,23600,,
0124913,36,2026-12-07,2558,23600,,
0124913,36,2026-12-16,2542,23600,,
0124913,50,2026-11-10,1759,23600,,
0124913,50,2026-11-11,1775,23600,,
0124913,50,2026-11-12,1775,23600,,
0124913,50,2026-11-16,1775,23600,,
0124913,50,2026-11-29,1775,23600,,
0124913,57,2026-10-22,2144,23600,,
0124913,57,2026-10-28,2144,23600,,
0124913,57,2026-10-29,2144,23600,,
0124913,57,2026-11-04,2225,23600,,
0124913,57,2026-11-09,2225,23600,,
0124913,57,2026-11-22,2225,23600,,
0124913,57,2026-12-02,2176,23600,,
0124913,57,2026-12-03,2160,23600,,
0124913,57,2026-12-09,2176,23600,,
0124913,57,2026-12-10,2176,23600,,
0124913,57,2026-12-14,2176,23600,,
0124913,57,2026-12-15,2160,23600,,
0191524,25,2026-09-25,2701,23600,,
0191524,25,2026-09-26,2647,23600,,
0191524,26,2026-09-25,2701,23600,,
0191524,26,2026-09-26,2647,23600,,
0191524,27,2026-09-26,2854,23600,,
0191524,28,2026-09-26,2854,23600,,
0191524,29,2026-09-25,2425,23600,,
0191524,30,2026-09-25,2425,23600,,
0191524,31,2026-09-25,2425,23600,,
0191524,32,2026-09-25,2563,23600,,
0191524,33,2026-09-25,2563,23600,,
0191524,34,2026-09-25,2563,23600,,
0191524,57,2026-09-25,2425,23600,,
0245564,15,2026-09-26,2181,23600,,
0245564,15,2026-09-26,2181,23600,,
0245564,16,2026-09-26,2319,23600,,
0245564,16,2026-09-26,2319,23600,,
0245564,17,2026-09-26,2319,23600,,
0245564,17,2026-09-26,2319,23600,,
0245564,18,2026-09-26,2319,23600,,
0245564,18,2026-09-26,2319,23600,,
0245564,19,2026-09-26,2595,23600,,
0245564,19,2026-09-26,2595,23600,,
0245564,20,2026-09-26,2595,23600,,
0245564,20,2026-09-26,2595,23600,,
0245564,38,2026-09-26,2181,23600,,
0245564,38,2026-09-26,2181,23600,,
0245564,50,2026-09-26,2319,23600,,
0245564,52,2026-09-26,2319,23600,,
0245564,52,2026-09-26,2319,23600,,
0245564,76,2026-09-26,2181,23600,,
0265185,23,2027-09-20,2199,23600,,
0265185,24,2027-09-20,2199,23600,,
0265185,40,2027-09-20,2199,23600,,
0395630,15,2026-09-25,1722,35400,,
0395630,15,2026-09-26,1721,35400,,
0395630,27,2026-09-25,2826,35400,,
0395630,27,2026-09-26,2825,35400,,
0395630,28,2026-09-25,2826,35400,,
0395630,28,2026-09-26,2825,35400,,
0472129,21,2026-09-25,1497,23600,,
0472129,21,2026-09-25,1497,23600,,
0472129,22,2026-09-25,1497,23600,,
0472129,22,2026-09-25,1497,23600,,
0472129,23,2026-09-25,1497,23600,,
0472129,23,2026-09-25,1497,23600,,
0472129,24,2026-09-25,1497,23600,,
0472129,24,2026-09-25,1497,23600,,
0472129,39,2026-09-25,1497,23600,,
0472129,40,2026-09-25,1497,23600,,
0472129,83,2026-09-25,1497,23600,,
1104342,19,2026-10-06,1751,32861,,
1104342,19,2026-10-07,1751,32861,,
1104342,19,2026-10-08,1751,32861,,
1104342,19,2026-10-09,1751,32861,,
1104342,19,2026-10-10,1751,32861,,
1104342,19,2026-10-11,1751,32861,,
1104342,19,2026-10-12,1751,32861,,
1104342,19,2026-10-13,1751,32861,,
1104342,19,2026-10-14,1751,32861,,
1104342,19,2026-10-15,1751,32861,,
1104342,19,2026-10-16,1751,32861,,
1104342,19,2026-10-17,1751,32861,,
1104342,19,2026-10-18,1751,32861,,
1104342,19,2026-10-19,1751,32861,,
1104342,19,2026-10-20,1751,32861,,
1104342,20,2026-10-06,1751,32861,,
1104342,20,2026-10-07,1751,32861,,
1104342,20,2026-10-08,1751,32861,,
1104342,20,2026-10-09,1751,32861,,
1104342,20,2026-10-10,1751,32861,,
1104342,20,2026-10-11,1751,32861,,
1104342,20,2026-10-12,1751,32861,,
1104342,20,2026-10-13,1751,32861,,
1104342,20,2026-10-14,1751,32861,,
1104342,20,2026-10-15,1751,32861,,
1104342,20,2026-10-16,1751,32861,,
1104342,20,2026-10-17,1751,32861,,
1104342,20,2026-10-18,1751,32861,,
1104342,20,2026-10-19,1751,32861,,
1104342,20,2026-10-20,1751,32861,,
1104342,23,2026-11-01,1869,32861,,
1104342,23,2026-11-02,1869,32861,,
1104342,23,2026-11-03,1869,32861,,
1104342,23,2026-11-04,1869,32861,,
1104342,23,2026-11-05,1869,32861,,
1104342,23,2026-11-11,1869,32861,,
1104342,23,2026-11-12,1869,32861,,
1104342,23,2026-11-17,1869,32861,,
1104342,23,2026-11-18,1869,32861,,
1104342,23,2026-11-19,1869,32861,,
1104342,24,2026-11-01,1869,32861,,
1104342,24,2026-11-02,1869,32861,,
1104342,24,2026-11-03,1869,32861,,
1104342,24,2026-11-04,1869,32861,,
1104342,24,2026-11-05,1869,32861,,
1104342,24,2026-11-11,1869,32861,,
1104342,24,2026-11-12,1869,32861,,
1104342,24,2026-11-17,1869,32861,,
1104342,24,2026-11-18,1869,32861,,
1104342,24,2026-11-19,1869,32861,,
1104342,27,2026-11-22,2634,32861,,
1104342,27,2026-11-23,2634,32861,,
1104342,27,2026-11-24,2634,32861,,
1104342,27,2026-11-25,2634,32861,,
1104342,27,2026-12-07,2628,32861,,
1104342,27,2026-12-08,2628,32861,,
1104342,27,2026-12-09,2628,32861,,
1104342,27,2026-12-10,2628,32861,,
1104342,27,2026-12-13,2628,32861,,
1104342,27,2026-12-14,2628,32861,,
1104342,28,2026-11-22,2634,32861,,
1104342,28,2026-11-23,2634,32861,,
1104342,28,2026-11-24,2634,32861,,
1104342,28,2026-11-25,2634,32861,,
1104342,28,2026-12-07,2628,32861,,
1104342,28,2026-12-08,2628,32861,,
1104342,28,2026-12-09,2628,32861,,
1104342,28,2026-12-10,2628,32861,,
1104342,28,2026-12-13,2628,32861,,
1104342,28,2026-12-14,2628,32861,,
1104342,40,2026-11-01,1869,32861,,
1104342,40,2026-11-02,1869,32861,,
1104342,40,2026-11-03,1869,32861,,
1104342,40,2026-11-04,1869,32861,,
1104342,40,2026-11-05,1869,32861,,
1104342,40,2026-11-11,1869,32861,,
1104342,40,2026-11-12,1869,32861,,
1104342,40,2026-11-17,1869,32861,,
1104342,40,2026-11-18,1869,32861,,
1104342,40,2026-11-19,1869,32861,,
1115459,17,2027-09-20,1601,20000,,
1115459,18,2027-09-20,1601,20000,,
1115459,19,2027-09-20,1601,20000,,
1115459,20,2027-09-20,1601,20000,,
1115459,50,2027-09-20,1601,20000,,
1115459,51,2027-09-20,1601,20000,,
1115459,87,2027-09-20,1601,20000,,
1122516,29,2026-10-05,1708,23600,,
1122516,30,2026-10-05,1708,23600,,
1122516,31,2026-10-05,1708,23600,,
1122516,32,2026-11-06,1965,23600,,
1122516,32,2026-11-07,1975,23600,,
1122516,32,2026-11-13,1965,23600,,
1122516,32,2026-11-14,1965,23600,,
1122516,32,2026-11-21,1972,23600,,
1122516,33,2026-11-06,1965,23600,,
1122516,33,2026-11-07,1975,23600,,
1122516,33,2026-11-13,1965,23600,,
1122516,33,2026-11-14,1965,23600,,
1122516,33,2026-11-21,1972,23600,,
1122516,34,2026-11-06,1965,23600,,
1122516,34,2026-11-07,1975,23600,,
1122516,34,2026-11-13,1965,23600,,
1122516,34,2026-11-14,1965,23600,,
1122516,34,2026-11-21,1972,23600,,
1122516,35,2026-11-27,2286,23600,,
1122516,36,2026-11-27,2286,23600,,
1122516,57,2026-10-05,1708,23600,,
1125534,17,2026-10-05,1714,23600,,
1125534,17,2026-10-11,1714,23600,,
1125534,17,2026-10-12,1714,23600,,
1125534,17,2026-10-13,1714,23600,,
1125534,17,2026-10-14,1714,23600,,
1125534,17,2026-10-15,1714,23600,,
1125534,17,2026-10-22,1714,23600,,
1125534,17,2026-11-18,1763,23600,,
1125534,17,2026-11-23,1755,23600,,
1125534,17,2026-12-02,1772,23600,,
1125534,17,2026-12-14,1772,23600,,
1125534,18,2026-10-05,1714,23600,,
1125534,18,2026-10-11,1714,23600,,
1125534,18,2026-10-12,1714,23600,,
1125534,18,2026-10-13,1714,23600,,
1125534,18,2026-10-14,1714,23600,,
1125534,18,2026-10-15,1714,23600,,
1125534,18,2026-10-22,1714,23600,,
1125534,18,2026-11-18,1763,23600,,
1125534,18,2026-11-23,1755,23600,,
1125534,18,2026-12-02,1772,23600,,
1125534,18,2026-12-14,1772,23600,,
1125534,19,2026-11-17,1815,23600,,
1125534,19,2026-11-29,1822,23600,,
1125534,20,2026-11-17,1815,23600,,
1125534,20,2026-11-29,1822,23600,,
1125534,29,2026-11-09,2281,23600,,
1125534,29,2026-11-19,2281,23600,,
1125534,29,2026-11-24,2273,23600,,
1125534,29,2026-11-25,2290,23600,,
1125534,29,2026-12-06,2290,23600,,
1125534,30,2026-11-09,2281,23600,,
1125534,30,2026-11-19,2281,23600,,
1125534,30,2026-11-24,2273,23600,,
1125534,30,2026-11-25,2290,23600,,
1125534,30,2026-12-06,2290,23600,,
1125534,31,2026-11-09,2281,23600,,
1125534,31,2026-11-19,2281,23600,,
1125534,31,2026-11-24,2273,23600,,
1125534,31,2026-11-25,2290,23600,,
1125534,31,2026-12-06,2290,23600,,
1125534,32,2026-11-01,2350,23600,,
1125534,32,2026-11-02,2333,23600,,
1125534,32,2026-11-10,2333,23600,,
1125534,32,2026-11-26,2340,23600,,
1125534,32,2026-12-03,2357,23600,,
1125534,32,2026-12-08,2340,23600,,
1125534,32,2026-12-09,2357,23600,,
1125534,33,2026-11-01,2350,23600,,
1125534,33,2026-11-02,2333,23600,,
1125534,33,2026-11-10,2333,23600,,
1125534,33,2026-11-26,2340,23600,,
1125534,33,2026-12-03,2357,23600,,
1125534,33,2026-12-08,2340,23600,,
1125534,33,2026-12-09,2357,23600,,
1125534,34,2026-11-01,2350,23600,,
1125534,34,2026-11-02,2333,23600,,
1125534,34,2026-11-10,2333,23600,,
1125534,34,2026-11-26,2340,23600,,
1125534,34,2026-12-03,2357,23600,,
1125534,34,2026-12-08,2340,23600,,
1125534,34,2026-12-09,2357,23600,,
1125534,35,2026-10-05,2680,23600,,
1125534,35,2026-10-11,2680,23600,,
1125534,35,2026-10-12,2680,23600,,
1125534,35,2026-10-13,2680,23600,,
1125534,35,2026-10-14,2680,23600,,
1125534,35,2026-10-15,2680,23600,,
1125534,35,2026-10-22,2680,23600,,
1125534,35,2026-11-02,2747,23600,,
1125534,35,2026-11-10,2747,23600,,
1125534,35,2026-11-18,2729,23600,,
1125534,35,2026-11-22,2738,23600,,
1125534,35,2026-11-23,2721,23600,,
1125534,35,2026-11-30,2738,23600,,
1125534,35,2026-12-02,2738,23600,,
1125534,35,2026-12-08,2754,23600,,
1125534,35,2026-12-14,2738,23600,,
1125534,36,2026-10-05,2680,23600,,
1125534,36,2026-10-11,2680,23600,,
1125534,36,2026-10-12,2680,23600,,
1125534,36,2026-10-13,2680,23600,,
1125534,36,2026-10-14,2680,23600,,
1125534,36,2026-10-15,2680,23600,,
1125534,36,2026-10-22,2680,23600,,
1125534,36,2026-11-02,2747,23600,,
1125534,36,2026-11-10,2747,23600,,
1125534,36,2026-11-18,2729,23600,,
1125534,36,2026-11-22,2738,23600,,
1125534,36,2026-11-23,2721,23600,,
1125534,36,2026-11-30,2738,23600,,
1125534,36,2026-12-02,2738,23600,,
1125534,36,2026-12-08,2754,23600,,
1125534,36,2026-12-14,2738,23600,,
1125534,37,2026-10-05,2680,23600,,
1125534,37,2026-10-11,2680,23600,,
1125534,37,2026-10-12,2680,23600,,
1125534,37,2026-10-13,2680,23600,,
1125534,37,2026-10-14,2680,23600,,
1125534,37,2026-10-15,2680,23600,,
1125534,37,2026-10-22,2680,23600,,
1125534,37,2026-11-02,2747,23600,,
1125534,37,2026-11-10,2747,23600,,
1125534,37,2026-11-18,2729,23600,,
1125534,37,2026-11-22,2738,23600,,
1125534,37,2026-11-23,2721,23600,,
1125534,37,2026-11-30,2738,23600,,
1125534,37,2026-12-02,2738,23600,,
1125534,37,2026-12-08,2754,23600,,
1125534,37,2026-12-14,2738,23600,,
1125534,42,2026-10-05,3094,23600,,
1125534,42,2026-10-11,3094,23600,,
1125534,42,2026-10-12,3094,23600,,
1125534,42,2026-10-13,3094,23600,,
1125534,42,2026-10-14,3094,23600,,
1125534,42,2026-10-15,3094,23600,,
1125534,42,2026-10-22,3094,23600,,
1125534,42,2026-11-09,3109,23600,,
1125534,42,2026-11-18,3143,23600,,
1125534,42,2026-11-19,3109,23600,,
1125534,42,2026-11-23,3135,23600,,
1125534,42,2026-11-25,3118,23600,,
1125534,42,2026-12-02,3152,23600,,
1125534,42,2026-12-06,3118,23600,,
1125534,42,2026-12-07,3135,23600,,
1125534,42,2026-12-14,3152,23600,,
1125534,43,2026-10-05,3094,23600,,
1125534,43,2026-10-11,3094,23600,,
1125534,43,2026-10-12,3094,23600,,
1125534,43,2026-10-13,3094,23600,,
1125534,43,2026-10-14,3094,23600,,
1125534,43,2026-10-15,3094,23600,,
1125534,43,2026-10-22,3094,23600,,
1125534,43,2026-11-09,3109,23600,,
1125534,43,2026-11-18,3143,23600,,
1125534,43,2026-11-19,3109,23600,,
1125534,43,2026-11-23,3135,23600,,
1125534,43,2026-11-25,3118,23600,,
1125534,43,2026-12-02,3152,23600,,
1125534,43,2026-12-06,3118,23600,,
1125534,43,2026-12-07,3135,23600,,
1125534,43,2026-12-14,3152,23600,,
1125534,50,2026-10-05,1714,23600,,
1125534,50,2026-10-11,1714,23600,,
1125534,50,2026-10-12,1714,23600,,
1125534,50,2026-10-13,1714,23600,,
1125534,50,2026-10-14,1714,23600,,
1125534,50,2026-10-15,1714,23600,,
1125534,50,2026-10-22,1714,23600,,
1125534,50,2026-11-18,1763,23600,,
1125534,50,2026-11-23,1755,23600,,
1125534,50,2026-12-02,1772,23600,,
1125534,50,2026-12-14,1772,23600,,
1125534,57,2026-11-09,2281,23600,,
1125534,57,2026-11-19,2281,23600,,
1125534,57,2026-11-24,2273,23600,,
1125534,57,2026-11-25,2290,23600,,
1125534,57,2026-12-06,2290,23600,,
1125534,58,2026-11-01,2350,23600,,
1125534,58,2026-11-02,2333,23600,,
1125534,58,2026-11-10,2333,23600,,
1125534,58,2026-11-26,2340,23600,,
1125534,58,2026-12-03,2357,23600,,
1125534,58,2026-12-08,2340,23600,,
1125534,58,2026-12-09,2357,23600,,
1125534,89,2026-11-09,2281,23600,,
1125534,89,2026-11-19,2281,23600,,
1125534,89,2026-11-24,2273,23600,,
1125534,89,2026-11-25,2290,23600,,
1125534,89,2026-12-06,2290,23600,,
1125927,17,2026-10-05,1139,23600,,
1125927,17,2026-11-07,1346,23600,,
1125927,17,2026-11-24,1273,23600,,
1125927,18,2026-10-05,1139,23600,,
1125927,18,2026-11-07,1346,23600,,
1125927,18,2026-11-24,1273,23600,,
1125927,24179,2026-11-10,1674,23600,,
1125927,24179,2026-11-14,1930,23600,,
1125927,24179,2027-09-20,1532,23600,,
1125927,27,2026-11-21,2114,23600,,
1125927,27,2026-12-04,1895,23600,,
1125927,28,2026-11-21,2114,23600,,
1125927,28,2026-12-04,1895,23600,,
1125927,29,2026-11-10,1674,23600,,
1125927,29,2026-11-14,1930,23600,,
1125927,29,2027-09-20,1532,23600,,
1125927,30,2026-11-10,1674,23600,,
1125927,30,2026-11-14,1930,23600,,
1125927,30,2027-09-20,1532,23600,,
1125927,31,2026-11-10,1674,23600,,
1125927,31,2026-11-14,1930,23600,,
1125927,31,2027-09-20,1532,23600,,
1125927,32,2026-11-10,1674,23600,,
1125927,32,2027-09-20,1532,23600,,
1125927,33,2026-11-10,1674,23600,,
1125927,33,2027-09-20,1532,23600,,
1125927,34,2026-11-10,1674,23600,,
1125927,34,2027-09-20,1532,23600,,
1125927,42,2026-11-14,2620,23600,,
1125927,43,2026-11-14,2620,23600,,
1125927,44,2026-11-14,2620,23600,,
1125927,47,2026-10-05,2726,23600,,
1125927,47,2026-10-26,2730,23600,,
1125927,47,2026-11-07,2933,23600,,
1125927,47,2026-11-20,2919,23600,,
1125927,47,2026-11-24,2860,23600,,
1125927,47,2026-12-02,2705,23600,,
1125927,47,2026-12-03,2705,23600,,
1125927,47,2026-12-06,2705,23600,,
1125927,48,2026-10-05,2726,23600,,
1125927,48,2026-10-26,2730,23600,,
1125927,48,2026-11-07,2933,23600,,
1125927,48,2026-11-20,2919,23600,,
1125927,48,2026-11-24,2860,23600,,
1125927,48,2026-12-02,2705,23600,,
1125927,48,2026-12-03,2705,23600,,
1125927,48,2026-12-06,2705,23600,,
1125927,50,2026-10-05,1139,23600,,
1125927,50,2026-11-07,1346,23600,,
1125927,50,2026-11-24,1273,23600,,
1125927,57,2026-11-10,1674,23600,,
1125927,57,2026-11-14,1930,23600,,
1125927,57,2027-09-20,1532,23600,,
1125927,58,2026-11-10,1674,23600,,
1125927,58,2027-09-20,1532,23600,,
1125927,89,2026-11-10,1674,23600,,
1125927,89,2026-11-14,1930,23600,,
1125927,89,2027-09-20,1532,23600,,
1125927,90,2026-11-10,1674,23600,,
1125927,90,2027-09-20,1532,23600,,
1126702,17,2026-10-01,2655,23600,,
1126702,18,2026-10-01,2655,23600,,
1126702,19,2026-10-01,2758,23600,,
1126702,20,2026-10-01,2758,23600,,
1126702,50,2026-10-01,2655,23600,,
1126702,51,2026-10-01,2758,23600,,
1126702,87,2026-10-01,2655,23600,,
1127927,35,2026-09-25,2456,23600,,
1127927,35,2026-09-26,2456,23600,,
1127927,36,2026-09-25,2456,23600,,
1127927,36,2026-09-26,2456,23600,,
1136669,21,2027-09-20,2182,23600,,
1136669,22,2027-09-20,2182,23600,,
1139087,32,2026-12-18,1903,23600,,
1139087,32,2026-12-19,1903,23600,,
1139087,33,2026-12-18,1903,23600,,
1139087,33,2026-12-19,1903,23600,,
1139087,34,2026-12-18,1903,23600,,
1139087,34,2026-12-19,1903,23600,,
1143227,17,2026-09-22,1460,23600,,
1143227,18,2026-09-22,1460,23600,,
1143227,19,2026-09-22,1460,23600,,
1143227,20,2026-09-22,1460,23600,,
1143227,27,2026-09-22,2081,23600,,
1143227,28,2026-09-22,2081,23600,,
1143227,50,2026-09-22,1460,23600,,
1143227,51,2026-09-22,1460,23600,,
1143227,87,2026-09-22,1460,23600,,
1152305,15,2026-09-26,1559,23600,,
1165642,23,2026-09-25,2181,23600,,
1165642,23,2026-09-26,2181,23600,,
1165642,24,2026-09-25,2181,23600,,
1165642,24,2026-09-26,2181,23600,,
1165642,27,2026-09-25,2526,23600,,
1165642,27,2026-09-26,2526,23600,,
1165642,28,2026-09-25,2526,23600,,
1165642,28,2026-09-26,2526,23600,,
1165642,40,2026-09-25,2181,23600,,
1165642,40,2026-09-26,2181,23600,,
1165837,19,2026-12-18,2161,23600,,
1165837,19,2026-12-19,2161,23600,,
1165837,20,2026-12-18,2161,23600,,
1165837,20,2026-12-19,2161,23600,,
1168316,25,2027-09-20,2231,23600,,
1168316,26,2027-09-20,2231,23600,,
1168316,29,2027-09-20,2335,23600,,
1168316,30,2027-09-20,2335,23600,,
1168316,31,2027-09-20,2335,23600,,
1168316,32,2027-09-20,2404,23600,,
1168316,33,2027-09-20,2404,23600,,
1168316,34,2027-09-20,2404,23600,,
1168316,57,2027-09-20,2335,23600,,
1169924,19,2026-12-18,2792,23600,,
1169924,19,2026-12-19,2792,23600,,
1169924,20,2026-12-18,2792,23600,,
1169924,20,2026-12-19,2792,23600,,
1169924,27,2026-12-18,3517,23600,,
1169924,27,2026-12-19,3517,23600,,
1169924,28,2026-12-18,3517,23600,,
1169924,28,2026-12-19,3517,23600,,
1171648,19,2026-09-25,1807,23600,,
1171648,19,2026-09-26,1807,23600,,
1172490,17,2026-12-18,2265,27848,,
1172490,17,2026-12-19,2265,27848,,
1172490,18,2026-12-18,2265,27848,,
1172490,18,2026-12-19,2265,27848,,
1172490,19,2026-12-18,2265,27848,,
1172490,19,2026-12-19,2265,27848,,
1172490,20,2026-12-18,2265,27848,,
1172490,20,2026-12-19,2265,27848,,
1172490,29,2026-12-18,2851,27848,,
1172490,29,2026-12-19,2851,27848,,
1172490,30,2026-12-18,2851,27848,,
1172490,30,2026-12-19,2851,27848,,
1172490,31,2026-12-18,2851,27848,,
1172490,31,2026-12-19,2851,27848,,
1172490,32,2026-12-18,2851,27848,,
1172490,32,2026-12-19,2851,27848,,
1172490,33,2026-12-18,2851,27848,,
1172490,33,2026-12-19,2851,27848,,
1172490,34,2026-12-18,2851,27848,,
1172490,34,2026-12-19,2851,27848,,
1172490,50,2026-12-18,2265,27848,,
1172490,50,2026-12-19,2265,27848,,
1172490,57,2026-12-18,2851,27848,,
1172490,57,2026-12-19,2851,27848,,
1197891,15,2026-12-02,1905,23600,,
1197891,15,2026-12-03,1905,23600,,
1197891,15,2026-12-06,1905,23600,,
1197891,16,2026-12-02,1974,23600,,
1197891,16,2026-12-03,1974,23600,,
1197891,16,2026-12-06,1974,23600,,
1197891,17,2026-12-02,2078,23600,,
1197891,17,2026-12-03,2078,23600,,
1197891,17,2026-12-06,2078,23600,,
1197891,18,2026-12-02,2078,23600,,
1197891,18,2026-12-03,2078,23600,,
1197891,18,2026-12-06,2078,23600,,
1197891,19,2026-12-02,2147,23600,,
1197891,19,2026-12-03,2147,23600,,
1197891,19,2026-12-06,2147,23600,,
1197891,20,2026-12-02,2147,23600,,
1197891,20,2026-12-03,2147,23600,,
1197891,20,2026-12-06,2147,23600,,
1197891,38,2026-12-02,1905,23600,,
1197891,38,2026-12-03,1905,23600,,
1197891,38,2026-12-06,1905,23600,,
1197891,50,2026-12-02,2078,23600,,
1197891,50,2026-12-03,2078,23600,,
1197891,50,2026-12-06,2078,23600,,
1198531,17,2027-09-20,1370,23600,,
1198531,18,2027-09-20,1370,23600,,
1198531,50,2027-09-20,1370,23600,,
1203621,27,2026-09-26,2095,23600,,
1203621,27,2027-09-20,2068,23600,,
1203621,28,2026-09-26,2095,23600,,
1203621,28,2027-09-20,2068,23600,,
1204840,17,2026-11-18,1447,27848,,
1204840,17,2026-11-19,1447,27848,,
1204840,18,2026-11-18,1447,27848,,
1204840,18,2026-11-19,1447,27848,,
1204840,19,2026-11-18,1447,27848,,
1204840,19,2026-11-19,1447,27848,,
1204840,20,2026-11-18,1447,27848,,
1204840,20,2026-11-19,1447,27848,,
1204840,21,2026-11-18,1654,27848,,
1204840,21,2026-11-19,1654,27848,,
1204840,22,2026-11-18,1654,27848,,
1204840,22,2026-11-19,1654,27848,,
1204840,23,2026-11-18,1654,27848,,
1204840,23,2026-11-19,1654,27848,,
1204840,24,2026-11-18,1654,27848,,
1204840,24,2026-11-19,1654,27848,,
1204840,25,2026-11-18,1447,27848,,
1204840,25,2026-11-19,1447,27848,,
1204840,26,2026-11-18,1447,27848,,
1204840,26,2026-11-19,1447,27848,,
1204840,27,2026-11-18,1654,27848,,
1204840,27,2026-11-19,1654,27848,,
1204840,28,2026-11-18,1654,27848,,
1204840,28,2026-11-19,1654,27848,,
1204840,39,2026-11-18,1654,27848,,
1204840,39,2026-11-19,1654,27848,,
1204840,45,2026-11-18,1654,27848,,
1204840,45,2026-11-19,1654,27848,,
1204840,46,2026-11-18,1654,27848,,
1204840,46,2026-11-19,1654,27848,,
1204840,50,2026-11-18,1447,27848,,
1204840,50,2026-11-19,1447,27848,,
1206897,25,2027-09-20,1516,23600,,
1206897,26,2027-09-20,1516,23600,,
1206897,27,2026-09-23,1815,23600,,
1206897,28,2026-09-23,1815,23600,,
1208576,32,2026-10-27,2584,20000,,
1208576,32,2026-10-28,2584,20000,,
1208576,32,2026-10-29,2584,20000,,
1208576,33,2026-10-27,2584,20000,,
1208576,33,2026-10-28,2584,20000,,
1208576,33,2026-10-29,2584,20000,,
1208576,34,2026-10-27,2584,20000,,
1208576,34,2026-10-28,2584,20000,,
1208576,34,2026-10-29,2584,20000,,
1208576,35,2026-09-24,2749,20000,,
1208576,35,2026-09-27,2749,20000,,
1208576,35,2026-09-28,2749,20000,,
1208576,35,2026-09-29,2749,20000,,
1208576,35,2026-09-30,2749,20000,,
1208576,35,2026-10-05,2749,20000,,
1208576,35,2026-10-26,2749,20000,,
1208576,35,2026-11-11,2749,20000,,
1208576,35,2026-11-17,2749,20000,,
1208576,35,2026-11-24,2749,20000,,
1208576,35,2026-11-25,2749,20000,,
1208576,36,2026-09-24,2749,20000,,
1208576,36,2026-09-27,2749,20000,,
1208576,36,2026-09-28,2749,20000,,
1208576,36,2026-09-29,2749,20000,,
1208576,36,2026-09-30,2749,20000,,
1208576,36,2026-10-05,2749,20000,,
1208576,36,2026-10-26,2749,20000,,
1208576,36,2026-11-11,2749,20000,,
1208576,36,2026-11-17,2749,20000,,
1208576,36,2026-11-24,2749,20000,,
1208576,36,2026-11-25,2749,20000,,
1218072,17,2026-09-25,2958,23600,,
1218072,18,2026-09-25,2958,23600,,
1218072,19,2026-09-25,3062,23600,,
1218072,20,2026-09-25,3062,23600,,
1218072,50,2026-09-25,2958,23600,,
1218072,51,2026-09-25,3062,23600,,
1218072,87,2026-09-25,2958,23600,,
1219455,23,2026-09-25,1991,23600,,
1219455,24,2026-09-25,1991,23600,,
1219455,40,2026-09-25,1991,23600,,
1226887,19,2026-09-20,1753,23600,,
1226887,20,2026-09-20,1753,23600,,
1226887,21,2026-09-20,1753,23600,,
1226887,22,2026-09-20,1753,23600,,
1226887,23,2026-09-20,1960,23600,,
1226887,24,2026-09-20,1960,23600,,
1226887,39,2026-09-20,1753,23600,,
1226887,40,2026-09-20,1960,23600,,
1226887,51,2026-09-20,1753,23600,,
1226887,83,2026-09-20,1753,23600,,
1229920,16,2026-09-26,1178,23600,,
1229920,23,2026-09-26,1247,23600,,
1229920,24,2026-09-26,1247,23600,,
1229920,40,2026-09-26,1247,23600,,
1229920,52,2026-09-26,1178,23600,,
1242203,17,2026-10-01,1682,23600,,
1242203,18,2026-10-01,1682,23600,,
1242203,19,2026-10-01,1682,23600,,
1242203,20,2026-10-01,1682,23600,,
1242203,50,2026-10-01,1682,23600,,
1243669,27,2026-09-26,3139,23600,,
1243669,28,2026-09-26,3139,23600,,
1245015,21,2027-09-20,1837,23600,,
1245015,22,2027-09-20,1837,23600,,
1245015,39,2027-09-20,1837,23600,,
1245015,83,2027-09-20,1837,23600,,
1245105,21,2026-09-25,2937,23600,,
1245105,21,2026-09-26,2937,23600,,
1245105,22,2026-09-25,2937,23600,,
1245105,22,2026-09-26,2937,23600,,
1245105,23,2026-09-25,3144,23600,,
1245105,23,2026-09-26,3144,23600,,
1245105,24,2026-09-25,3144,23600,,
1245105,24,2026-09-26,3144,23600,,
1245105,39,2026-09-25,2937,23600,,
1245105,39,2026-09-26,2937,23600,,
1245105,40,2026-09-25,3144,23600,,
1245105,40,2026-09-26,3144,23600,,
1245105,83,2026-09-25,2937,23600,,
1245105,83,2026-09-26,2937,23600,,
1246851,21,2027-09-20,1998,23600,,
1246851,22,2027-09-20,1998,23600,,
1246851,23,2026-09-25,2254,23600,,
1246851,23,2026-09-26,2254,23600,,
1246851,24,2026-09-25,2254,23600,,
1246851,24,2026-09-26,2254,23600,,
1246851,29,2026-09-25,2185,23600,,
1246851,29,2026-09-26,2185,23600,,
1246851,30,2026-09-25,2185,23600,,
1246851,30,2026-09-26,2185,23600,,
1246851,31,2026-09-25,2185,23600,,
1246851,31,2026-09-26,2185,23600,,
1246851,39,2027-09-20,1998,23600,,
1246851,40,2026-09-25,2254,23600,,
1246851,40,2026-09-26,2254,23600,,
1246851,57,2026-09-25,2185,23600,,
1246851,57,2026-09-26,2185,23600,,
1246851,83,2027-09-20,1998,23600,,
1265433,35,2026-09-25,3430,23600,,
1265433,35,2026-09-26,3430,23600,,
1265433,36,2026-09-25,3430,23600,,
1265433,36,2026-09-26,3430,23600,,
1267644,17,2026-10-25,1619,23600,,
1267644,18,2026-10-25,1619,23600,,
1267644,19,2026-10-25,1688,23600,,
1267644,20,2026-10-25,1688,23600,,
1267644,50,2026-10-25,1619,23600,,
1267644,51,2026-10-25,1688,23600,,
1267644,87,2026-10-25,1619,23600,,
1288538,21,2026-09-24,1527,23600,,
1288538,22,2026-09-24,1527,23600,,
1288538,23,2026-09-24,1527,23600,,
1288538,24,2026-09-24,1527,23600,,
1288538,39,2026-09-24,1527,23600,,
1288538,40,2026-09-24,1527,23600,,
1288538,83,2026-09-24,1527,23600,,
1292558,21,2026-09-25,1456,23600,,
1292558,22,2026-09-25,1456,23600,,
1292558,23,2026-09-25,1525,23600,,
1292558,24,2026-09-25,1525,23600,,
1292558,39,2026-09-25,1456,23600,,
1298362,23,2026-09-26,2248,23600,,
1298362,24,2026-09-26,2248,23600,,
1298362,40,2026-09-26,2248,23600,,
1307656,15,2026-11-28,1021,23600,,
1307656,16,2026-11-28,1021,23600,,
1307656,17,2026-11-07,1155,23600,,
1307656,17,2026-11-13,1146,23600,,
1307656,17,2026-11-14,1146,23600,,
1307656,18,2026-11-07,1155,23600,,
1307656,18,2026-11-13,1146,23600,,
1307656,18,2026-11-14,1146,23600,,
1307656,19,2026-11-07,1155,23600,,
1307656,19,2026-11-13,1146,23600,,
1307656,19,2026-11-14,1146,23600,,
1307656,20,2026-11-07,1155,23600,,
1307656,20,2026-11-13,1146,23600,,
1307656,20,2026-11-14,1146,23600,,
1307656,21,2026-10-31,1316,23600,,
1307656,21,2026-11-20,1306,23600,,
1307656,21,2026-11-21,1297,23600,,
1307656,21,2026-12-05,1271,23600,,
1307656,21,2026-12-12,1271,23600,,
1307656,22,2026-10-31,1316,23600,,
1307656,22,2026-11-20,1306,23600,,
1307656,22,2026-11-21,1297,23600,,
1307656,22,2026-12-05,1271,23600,,
1307656,22,2026-12-12,1271,23600,,
1307656,23,2026-11-06,1351,23600,,
1307656,23,2026-11-21,1366,23600,,
1307656,23,2026-12-04,1331,23600,,
1307656,23,2026-12-05,1340,23600,,
1307656,23,2026-12-12,1340,23600,,
1307656,24,2026-11-06,1351,23600,,
1307656,24,2026-11-21,1366,23600,,
1307656,24,2026-12-04,1331,23600,,
1307656,24,2026-12-05,1340,23600,,
1307656,24,2026-12-12,1340,23600,,
1307656,25,2026-09-25,1152,23600,,
1307656,26,2026-09-25,1152,23600,,
1307656,27,2026-11-27,1667,23600,,
1307656,28,2026-11-27,1667,23600,,
1307656,38,2026-11-28,1021,23600,,
1307656,39,2026-10-31,1316,23600,,
1307656,39,2026-11-20,1306,23600,,
1307656,39,2026-11-21,1297,23600,,
1307656,39,2026-12-05,1271,23600,,
1307656,39,2026-12-12,1271,23600,,
1307656,40,2026-11-06,1351,23600,,
1307656,40,2026-11-21,1366,23600,,
1307656,40,2026-12-04,1331,23600,,
1307656,40,2026-12-05,1340,23600,,
1307656,40,2026-12-12,1340,23600,,
1307656,50,2026-11-07,1155,23600,,
1307656,50,2026-11-13,1146,23600,,
1307656,50,2026-11-14,1146,23600,,
1307656,52,2026-11-28,1021,23600,,
1307656,83,2026-10-31,1316,23600,,
1307656,83,2026-11-20,1306,23600,,
1307656,83,2026-11-21,1297,23600,,
1307656,83,2026-12-05,1271,23600,,
1307656,83,2026-12-12,1271,23600,,
1314078,17,2026-09-26,1714,23600,,
1314078,18,2026-09-26,1714,23600,,
1314078,19,2026-09-26,1817,23600,,
1314078,20,2026-09-26,1817,23600,,
1314078,50,2026-09-26,1714,23600,,
1324743,17,2026-09-25,1511,27848,,
1324743,18,2026-09-25,1511,27848,,
1324743,19,2026-09-25,1580,27848,,
1324743,20,2026-09-25,1580,27848,,
1324743,21,2026-09-26,1755,27848,,
1324743,22,2026-09-26,1755,27848,,
1324743,23,2026-09-26,1824,27848,,
1324743,24,2026-09-26,1824,27848,,
1324743,39,2026-09-26,1755,27848,,
1324743,40,2026-09-26,1824,27848,,
1324743,50,2026-09-25,1511,27848,,
1324743,83,2026-09-26,1755,27848,,
1326972,27,2026-09-25,1631,23600,,
1326972,27,2026-09-26,1631,23600,,
1326972,28,2026-09-25,1631,23600,,
1326972,28,2026-09-26,1631,23600,,
1326972,32,2026-09-25,1596,23600,,
1326972,32,2026-09-26,1596,23600,,
1326972,33,2026-09-25,1596,23600,,
1326972,33,2026-09-26,1596,23600,,
1326972,34,2026-09-25,1596,23600,,
1326972,34,2026-09-26,1596,23600,,
1326972,58,2026-09-25,1596,23600,,
1326972,58,2026-09-26,1596,23600,,
1336968,27,2026-09-21,2215,20000,,
1336968,28,2026-09-21,2215,20000,,
1343286,21,2026-12-18,3178,23600,,
1343286,21,2026-12-19,3178,23600,,
1343286,22,2026-12-18,3178,23600,,
1343286,22,2026-12-19,3178,23600,,
1343286,23,2026-12-18,3454,23600,,
1343286,23,2026-12-19,3454,23600,,
1343286,24,2026-12-18,3454,23600,,
1343286,24,2026-12-19,3454,23600,,
1343286,39,2026-12-18,3178,23600,,
1343286,39,2026-12-19,3178,23600,,
1343286,40,2026-12-18,3454,23600,,
1343286,40,2026-12-19,3454,23600,,
1343286,83,2026-12-18,3178,23600,,
1343286,83,2026-12-19,3178,23600,,
1353336,29,2026-11-06,9426,20000,,
1353336,29,2026-11-07,9426,20000,,
1353336,29,2026-11-13,9426,20000,,
1353336,30,2026-11-06,9426,20000,,
1353336,30,2026-11-07,9426,20000,,
1353336,30,2026-11-13,9426,20000,,
1353336,31,2026-11-06,9426,20000,,
1353336,31,2026-11-07,9426,20000,,
1353336,31,2026-11-13,9426,20000,,
1353336,32,2026-11-06,9633,20000,,
1353336,32,2026-11-07,9633,20000,,
1353336,32,2026-11-13,9633,20000,,
1353336,33,2026-11-06,9633,20000,,
1353336,33,2026-11-07,9633,20000,,
1353336,33,2026-11-13,9633,20000,,
1353336,34,2026-11-06,9633,20000,,
1353336,34,2026-11-07,9633,20000,,
1353336,34,2026-11-13,9633,20000,,
1353336,57,2026-11-06,9426,20000,,
1353336,57,2026-11-07,9426,20000,,
1353336,57,2026-11-13,9426,20000,,
1363971,23,2026-09-20,1818,20000,,
1363971,23,2026-09-21,1818,20000,,
1363971,23,2026-09-22,1818,20000,,
1363971,23,2026-09-24,1818,20000,,
1363971,23,2026-09-27,1818,20000,,
1363971,23,2026-09-28,1818,20000,,
1363971,23,2026-09-29,1818,20000,,
1363971,23,2026-09-30,1818,20000,,
1363971,23,2026-10-05,1818,20000,,
1363971,23,2026-10-26,1818,20000,,
1363971,23,2026-11-11,1818,20000,,
1363971,23,2026-11-17,1818,20000,,
1363971,23,2026-11-20,1818,20000,,
1363971,23,2026-11-21,1818,20000,,
1363971,23,2026-11-24,1818,20000,,
1363971,23,2026-11-25,1818,20000,,
1363971,23,2026-11-26,1818,20000,,
1363971,23,2026-12-02,1818,20000,,
1363971,23,2026-12-03,1818,20000,,
1363971,23,2026-12-04,1818,20000,,
1363971,23,2026-12-05,1818,20000,,
1363971,23,2026-12-06,1818,20000,,
1363971,23,2026-12-11,1820,20000,,
1363971,23,2026-12-12,1818,20000,,
1363971,24,2026-09-20,1818,20000,,
1363971,24,2026-09-21,1818,20000,,
1363971,24,2026-09-22,1818,20000,,
1363971,24,2026-09-24,1818,20000,,
1363971,24,2026-09-27,1818,20000,,
1363971,24,2026-09-28,1818,20000,,
1363971,24,2026-09-29,1818,20000,,
1363971,24,2026-09-30,1818,20000,,
1363971,24,2026-10-05,1818,20000,,
1363971,24,2026-10-26,1818,20000,,
1363971,24,2026-11-11,1818,20000,,
1363971,24,2026-11-17,1818,20000,,
1363971,24,2026-11-20,1818,20000,,
1363971,24,2026-11-21,1818,20000,,
1363971,24,2026-11-24,1818,20000,,
1363971,24,2026-11-25,1818,20000,,
1363971,24,2026-11-26,1818,20000,,
1363971,24,2026-12-02,1818,20000,,
1363971,24,2026-12-03,1818,20000,,
1363971,24,2026-12-04,1818,20000,,
1363971,24,2026-12-05,1818,20000,,
1363971,24,2026-12-06,1818,20000,,
1363971,24,2026-12-11,1820,20000,,
1363971,24,2026-12-12,1818,20000,,
1363971,32,2026-09-20,2025,20000,,
1363971,32,2026-09-21,2025,20000,,
1363971,32,2026-09-22,2025,20000,,
1363971,32,2026-09-24,2025,20000,,
1363971,32,2026-09-27,2025,20000,,
1363971,32,2026-09-28,2025,20000,,
1363971,32,2026-09-29,2025,20000,,
1363971,32,2026-09-30,2025,20000,,
1363971,32,2026-10-05,2025,20000,,
1363971,32,2026-10-26,2025,20000,,
1363971,32,2026-11-11,2025,20000,,
1363971,32,2026-11-17,2025,20000,,
1363971,32,2026-11-20,2025,20000,,
1363971,32,2026-11-21,2025,20000,,
1363971,32,2026-11-24,2025,20000,,
1363971,32,2026-11-25,2025,20000,,
1363971,32,2026-11-26,2025,20000,,
1363971,32,2026-12-02,2025,20000,,
1363971,32,2026-12-03,2025,20000,,
1363971,32,2026-12-04,2025,20000,,
1363971,32,2026-12-05,2025,20000,,
1363971,32,2026-12-06,2025,20000,,
1363971,32,2026-12-11,2027,20000,,
1363971,32,2026-12-12,2025,20000,,
1363971,33,2026-09-20,2025,20000,,
1363971,33,2026-09-21,2025,20000,,
1363971,33,2026-09-22,2025,20000,,
1363971,33,2026-09-24,2025,20000,,
1363971,33,2026-09-27,2025,20000,,
1363971,33,2026-09-28,2025,20000,,
1363971,33,2026-09-29,2025,20000,,
1363971,33,2026-09-30,2025,20000,,
1363971,33,2026-10-05,2025,20000,,
1363971,33,2026-10-26,2025,20000,,
1363971,33,2026-11-11,2025,20000,,
1363971,33,2026-11-17,2025,20000,,
1363971,33,2026-11-20,2025,20000,,
1363971,33,2026-11-21,2025,20000,,
1363971,33,2026-11-24,2025,20000,,
1363971,33,2026-11-25,2025,20000,,
1363971,33,2026-11-26,2025,20000,,
1363971,33,2026-12-02,2025,20000,,
1363971,33,2026-12-03,2025,20000,,
1363971,33,2026-12-04,2025,20000,,
1363971,33,2026-12-05,2025,20000,,
1363971,33,2026-12-06,2025,20000,,
1363971,33,2026-12-11,2027,20000,,
1363971,33,2026-12-12,2025,20000,,
1363971,34,2026-09-20,2025,20000,,
1363971,34,2026-09-21,2025,20000,,
1363971,34,2026-09-22,2025,20000,,
1363971,34,2026-09-24,2025,20000,,
1363971,34,2026-09-27,2025,20000,,
1363971,34,2026-09-28,2025,20000,,
1363971,34,2026-09-29,2025,20000,,
1363971,34,2026-09-30,2025,20000,,
1363971,34,2026-10-05,2025,20000,,
1363971,34,2026-10-26,2025,20000,,
1363971,34,2026-11-11,2025,20000,,
1363971,34,2026-11-17,2025,20000,,
1363971,34,2026-11-20,2025,20000,,
1363971,34,2026-11-21,2025,20000,,
1363971,34,2026-11-24,2025,20000,,
1363971,34,2026-11-25,2025,20000,,
1363971,34,2026-11-26,2025,20000,,
1363971,34,2026-12-02,2025,20000,,
1363971,34,2026-12-03,2025,20000,,
1363971,34,2026-12-04,2025,20000,,
1363971,34,2026-12-05,2025,20000,,
1363971,34,2026-12-06,2025,20000,,
1363971,34,2026-12-11,2027,20000,,
1363971,34,2026-12-12,2025,20000,,
1363971,40,2026-09-20,1818,20000,,
1363971,40,2026-09-21,1818,20000,,
1363971,40,2026-09-22,1818,20000,,
1363971,40,2026-09-24,1818,20000,,
1363971,40,2026-09-27,1818,20000,,
1363971,40,2026-09-28,1818,20000,,
1363971,40,2026-09-29,1818,20000,,
1363971,40,2026-09-30,1818,20000,,
1363971,40,2026-10-05,1818,20000,,
1363971,40,2026-10-26,1818,20000,,
1363971,40,2026-11-11,1818,20000,,
1363971,40,2026-11-17,1818,20000,,
1363971,40,2026-11-20,1818,20000,,
1363971,40,2026-11-21,1818,20000,,
1363971,40,2026-11-24,1818,20000,,
1363971,40,2026-11-25,1818,20000,,
1363971,40,2026-11-26,1818,20000,,
1363971,40,2026-12-02,1818,20000,,
1363971,40,2026-12-03,1818,20000,,
1363971,40,2026-12-04,1818,20000,,
1363971,40,2026-12-05,1818,20000,,
1363971,40,2026-12-06,1818,20000,,
1363971,40,2026-12-11,1820,20000,,
1363971,40,2026-12-12,1818,20000,,
1363971,58,2026-09-20,2025,20000,,
1363971,58,2026-09-21,2025,20000,,
1363971,58,2026-09-22,2025,20000,,
1363971,58,2026-09-24,2025,20000,,
1363971,58,2026-09-27,2025,20000,,
1363971,58,2026-09-28,2025,20000,,
1363971,58,2026-09-29,2025,20000,,
1363971,58,2026-09-30,2025,20000,,
1363971,58,2026-10-05,2025,20000,,
1363971,58,2026-10-26,2025,20000,,
1363971,58,2026-11-11,2025,20000,,
1363971,58,2026-11-17,2025,20000,,
1363971,58,2026-11-20,2025,20000,,
1363971,58,2026-11-21,2025,20000,,
1363971,58,2026-11-24,2025,20000,,
1363971,58,2026-11-25,2025,20000,,
1363971,58,2026-11-26,2025,20000,,
1363971,58,2026-12-02,2025,20000,,
1363971,58,2026-12-03,2025,20000,,
1363971,58,2026-12-04,2025,20000,,
1363971,58,2026-12-05,2025,20000,,
1363971,58,2026-12-06,2025,20000,,
1363971,58,2026-12-11,2027,20000,,
1363971,58,2026-12-12,2025,20000,,
1373375,27,2026-09-25,2938,23600,,
1373375,27,2026-09-26,2938,23600,,
1373375,28,2026-09-25,2938,23600,,
1373375,28,2026-09-26,2938,23600,,
1379032,23,2026-09-25,2227,20000,,
1379032,23,2026-09-26,2227,20000,,
1379032,24,2026-09-25,2227,20000,,
1379032,24,2026-09-26,2227,20000,,
1379085,27,2026-09-28,3464,23600,,
1379085,27,2026-09-29,3464,23600,,
1379085,28,2026-09-28,3464,23600,,
1379085,28,2026-09-29,3464,23600,,
1379430,27,2026-09-25,4088,23600,,
1379430,28,2026-09-25,4088,23600,,
1391921,17,2026-11-21,13323,23600,,
1391921,17,2026-11-22,13323,23600,,
1391921,17,2026-11-23,13323,23600,,
1391921,17,2026-11-24,13323,23600,,
1391921,18,2026-11-21,13323,23600,,
1391921,18,2026-11-22,13323,23600,,
1391921,18,2026-11-23,13323,23600,,
1391921,18,2026-11-24,13323,23600,,
1391921,19,2026-11-21,13427,23600,,
1391921,19,2026-11-22,13427,23600,,
1391921,19,2026-11-23,13427,23600,,
1391921,19,2026-11-24,13427,23600,,
1391921,20,2026-11-21,13427,23600,,
1391921,20,2026-11-22,13427,23600,,
1391921,20,2026-11-23,13427,23600,,
1391921,20,2026-11-24,13427,23600,,
1391921,21,2026-11-21,13461,23600,,
1391921,21,2026-11-22,13461,23600,,
1391921,21,2026-11-23,13461,23600,,
1391921,21,2026-11-24,13461,23600,,
1391921,22,2026-11-21,13461,23600,,
1391921,22,2026-11-22,13461,23600,,
1391921,22,2026-11-23,13461,23600,,
1391921,22,2026-11-24,13461,23600,,
1391921,23,2026-11-21,13565,23600,,
1391921,23,2026-11-22,13565,23600,,
1391921,23,2026-11-23,13565,23600,,
1391921,23,2026-11-24,13565,23600,,
1391921,24,2026-11-21,13565,23600,,
1391921,24,2026-11-22,13565,23600,,
1391921,24,2026-11-23,13565,23600,,
1391921,24,2026-11-24,13565,23600,,
1391921,39,2026-11-21,13461,23600,,
1391921,39,2026-11-22,13461,23600,,
1391921,39,2026-11-23,13461,23600,,
1391921,39,2026-11-24,13461,23600,,
1391921,50,2026-11-21,13323,23600,,
1391921,50,2026-11-22,13323,23600,,
1391921,50,2026-11-23,13323,23600,,
1391921,50,2026-11-24,13323,23600,,
1395021,21,2026-09-25,1939,23600,,
1395021,21,2026-09-26,1939,23600,,
1395021,22,2026-09-25,1939,23600,,
1395021,22,2026-09-26,1939,23600,,
1395021,39,2026-09-25,1939,23600,,
1395021,39,2026-09-26,1939,23600,,
1395021,83,2026-09-25,1939,23600,,
1395021,83,2026-09-26,1939,23600,,
1395021,97,2026-09-25,1939,23600,,
1395021,97,2026-09-26,1939,23600,,
1396900,35,2026-11-21,14306,20000,,
1396900,35,2026-11-22,14306,20000,,
1396900,35,2026-11-23,14306,20000,,
1396900,35,2026-11-24,14306,20000,,
1396900,36,2026-11-21,14306,20000,,
1396900,36,2026-11-22,14306,20000,,
1396900,36,2026-11-23,14306,20000,,
1396900,36,2026-11-24,14306,20000,,
1398875,19,2026-09-25,2072,23600,,
1398875,19,2026-09-26,2072,23600,,
1398875,20,2026-09-25,2072,23600,,
1398875,20,2026-09-26,2072,23600,,
1398875,21,2026-09-25,2141,23600,,
1398875,21,2026-09-26,2141,23600,,
1398875,22,2026-09-25,2141,23600,,
1398875,22,2026-09-26,2141,23600,,
1398875,39,2026-09-25,2141,23600,,
1398875,39,2026-09-26,2141,23600,,
1398875,83,2026-09-25,2141,23600,,
1398875,83,2026-09-26,2141,23600,,
1414523,15,2026-12-18,1281,23600,,
1414523,15,2026-12-19,1281,23600,,
1414523,38,2026-12-18,1281,23600,,
1414523,38,2026-12-19,1281,23600,,
1414523,76,2026-12-18,1281,23600,,
1414523,76,2026-12-19,1281,23600,,
1416724,19,2026-09-25,1462,23600,,
1416724,20,2026-09-25,1462,23600,,
1416724,21,2026-09-25,1462,23600,,
1416724,22,2026-09-25,1462,23600,,
1416724,39,2026-09-25,1462,23600,,
1416724,83,2026-09-25,1462,23600,,
1431135,27,2027-09-20,1911,23600,,
1431135,28,2027-09-20,1911,23600,,
1437251,35,2027-09-20,2160,23600,,
1437251,36,2027-09-20,2160,23600,,
1438370,21,2027-09-20,1599,23600,,
1438370,22,2027-09-20,1599,23600,,
1438370,39,2027-09-20,1599,23600,,
1438370,83,2027-09-20,1599,23600,,
1441289,19,2026-09-25,3117,23600,,
1441289,20,2026-09-25,3117,23600,,
1441289,21,2026-09-25,3117,23600,,
1441289,22,2026-09-25,3117,23600,,
1441289,39,2026-09-25,3117,23600,,
1441289,51,2026-09-25,3117,23600,,
1441289,83,2026-09-25,3117,23600,,
1446609,21,2026-11-29,1698,23600,,
1446609,21,2026-11-30,1698,23600,,
1446609,22,2026-11-29,1698,23600,,
1446609,22,2026-11-30,1698,23600,,
1446609,23,2026-11-29,1698,23600,,
1446609,23,2026-11-30,1698,23600,,
1446609,24,2026-11-29,1698,23600,,
1446609,24,2026-11-30,1698,23600,,
1446609,29,2026-11-28,1952,23600,,
1446609,30,2026-11-28,1952,23600,,
1446609,31,2026-11-28,1952,23600,,
1446609,32,2026-11-28,1952,23600,,
1446609,33,2026-11-28,1952,23600,,
1446609,34,2026-11-28,1952,23600,,
1446609,39,2026-11-29,1698,23600,,
1446609,39,2026-11-30,1698,23600,,
1446609,40,2026-11-29,1698,23600,,
1446609,40,2026-11-30,1698,23600,,
1446609,57,2026-11-28,1952,23600,,
1446609,83,2026-11-29,1698,23600,,
1446609,83,2026-11-30,1698,23600,,
1462197,17,2026-09-24,1245,23600,,
1462197,18,2026-09-24,1245,23600,,
1462197,27,2027-09-20,2689,23600,,
1462197,28,2027-09-20,2689,23600,,
1462197,50,2026-09-24,1245,23600,,
1464454,21,2026-09-26,2032,23600,,
1464454,22,2026-09-26,2032,23600,,
1464454,23,2026-09-26,2170,23600,,
1464454,24,2026-09-26,2170,23600,,
1464454,39,2026-09-26,2032,23600,,
1464454,40,2026-09-26,2170,23600,,
1464454,83,2026-09-26,2032,23600,,
1464876,27,2026-09-25,2751,23600,,
1464876,28,2026-09-25,2751,23600,,
1464876,35,2026-09-21,2431,23600,,
1464876,35,2026-09-25,2854,23600,,
1464876,36,2026-09-21,2431,23600,,
1464876,36,2026-09-25,2854,23600,,
1472376,27,2026-12-18,3940,23600,,
1472376,27,2026-12-19,3940,23600,,
1472376,28,2026-12-18,3940,23600,,
1472376,28,2026-12-19,3940,23600,,
1472508,24186,2026-09-26,3272,23600,,
1472508,24187,2026-09-26,3272,23600,,
1472508,35,2026-09-26,3272,23600,,
1472508,36,2026-09-26,3272,23600,,
1472508,37,2026-09-26,3272,23600,,
1472508,45,2026-09-25,3092,23600,,
1472508,45,2026-09-26,3065,23600,,
1472508,46,2026-09-25,3092,23600,,
1472508,46,2026-09-26,3065,23600,,
1472508,59,2026-09-26,3272,23600,,
1472508,91,2026-09-26,3272,23600,,
1474895,21,2026-09-20,1457,23600,,
1474895,22,2026-09-20,1457,23600,,
1474895,23,2026-09-20,1457,23600,,
1474895,24,2026-09-20,1457,23600,,
1474895,39,2026-09-20,1457,23600,,
1474895,40,2026-09-20,1457,23600,,
1474895,83,2026-09-20,1457,23600,,
1477779,15,2026-09-20,1263,23600,,
1477779,16,2026-09-20,1263,23600,,
1477779,38,2026-09-20,1263,23600,,
1483392,25,2026-09-25,2085,27848,,
1483392,25,2026-09-26,2085,27848,,
1483392,26,2026-09-25,2085,27848,,
1483392,26,2026-09-26,2085,27848,,
1483392,32,2026-09-25,2223,27848,,
1483392,32,2026-09-26,2223,27848,,
1483392,33,2026-09-25,2223,27848,,
1483392,33,2026-09-26,2223,27848,,
1483392,34,2026-09-25,2223,27848,,
1483392,34,2026-09-26,2223,27848,,
1483392,58,2026-09-25,2223,27848,,
1483392,58,2026-09-26,2223,27848,,
1483392,90,2026-09-25,2223,27848,,
1483392,90,2026-09-26,2223,27848,,
1486131,45,2026-09-25,2767,23600,,
1501664,15,2026-09-21,1530,23600,,
1501664,16,2026-09-21,1668,23600,,
1501664,17,2026-09-20,1766,23600,,
1501664,17,2026-09-21,1668,23600,,
1501664,18,2026-09-20,1766,23600,,
1501664,18,2026-09-21,1668,23600,,
1501664,21,2026-09-23,2060,23600,,
1501664,21,2026-09-24,2060,23600,,
1501664,21,2026-09-26,2060,23600,,
1501664,22,2026-09-23,2060,23600,,
1501664,22,2026-09-24,2060,23600,,
1501664,22,2026-09-26,2060,23600,,
1501664,23,2026-09-23,2198,23600,,
1501664,23,2026-09-24,2198,23600,,
1501664,23,2026-09-26,2198,23600,,
1501664,24,2026-09-23,2198,23600,,
1501664,24,2026-09-24,2198,23600,,
1501664,24,2026-09-26,2198,23600,,
1501664,38,2026-09-21,1530,23600,,
1501664,39,2026-09-23,2060,23600,,
1501664,39,2026-09-24,2060,23600,,
1501664,39,2026-09-26,2060,23600,,
1501664,40,2026-09-23,2198,23600,,
1501664,40,2026-09-24,2198,23600,,
1501664,40,2026-09-26,2198,23600,,
1501664,50,2026-09-20,1766,23600,,
1501664,50,2026-09-21,1668,23600,,
1501664,52,2026-09-21,1668,23600,,
1501664,76,2026-09-21,1530,23600,,
1501664,83,2026-09-23,2060,23600,,
1501664,83,2026-09-24,2060,23600,,
1501664,83,2026-09-26,2060,23600,,
1501731,17,2026-09-25,1390,23600,,
1501731,18,2026-09-25,1390,23600,,
1501731,19,2026-09-25,1459,23600,,
1501731,19,2026-09-26,1450,23600,,
1501731,20,2026-09-25,1459,23600,,
1501731,20,2026-09-26,1450,23600,,
1501731,21,2026-09-26,1519,23600,,
1501731,22,2026-09-26,1519,23600,,
1501731,39,2026-09-26,1519,23600,,
1501731,50,2026-09-25,1390,23600,,
1501731,83,2026-09-26,1519,23600,,
1508400,23,2026-09-25,1929,23600,,
1508400,23,2026-09-26,1929,23600,,
1508400,24,2026-09-25,1929,23600,,
1508400,24,2026-09-26,1929,23600,,
1508400,40,2026-09-25,1929,23600,,
1508400,40,2026-09-26,1929,23600,,
1508506,15,2026-09-25,1498,23600,,
1508506,15,2026-09-26,1494,23600,,
1508506,38,2026-09-25,1498,23600,,
1508506,38,2026-09-26,1494,23600,,
1509356,17,2026-09-25,1193,23600,,
1509356,17,2026-09-26,1193,23600,,
1509356,18,2026-09-25,1193,23600,,
1509356,18,2026-09-26,1193,23600,,
1509356,50,2026-09-25,1193,23600,,
1509356,50,2026-09-26,1193,23600,,
1512806,21,2026-09-25,1905,23600,,
1512806,21,2026-09-26,1927,23600,,
1512806,21,2026-10-02,2049,23600,,
1512806,22,2026-09-25,1905,23600,,
1512806,22,2026-09-26,1927,23600,,
1512806,22,2026-10-02,2049,23600,,
1512806,23,2026-09-25,1974,23600,,
1512806,23,2026-09-26,1996,23600,,
1512806,23,2026-10-02,2118,23600,,
1512806,24,2026-09-25,1974,23600,,
1512806,24,2026-09-26,1996,23600,,
1512806,24,2026-10-02,2118,23600,,
1512806,24178,2026-09-25,1905,23600,,
1512806,24178,2026-09-26,1927,23600,,
1512806,24178,2026-10-02,2049,23600,,
1512806,39,2026-09-25,1905,23600,,
1512806,39,2026-09-26,1927,23600,,
1512806,39,2026-10-02,2049,23600,,
1512806,40,2026-09-25,1974,23600,,
1512806,40,2026-09-26,1996,23600,,
1512806,40,2026-10-02,2118,23600,,
1512806,83,2026-09-25,1905,23600,,
1512806,83,2026-09-26,1927,23600,,
1512806,83,2026-10-02,2049,23600,,
1512806,84,2026-09-25,1974,23600,,
1512806,84,2026-09-26,1996,23600,,
1512806,84,2026-10-02,2118,23600,,
1512806,97,2026-09-25,1905,23600,,
1512806,97,2026-09-26,1927,23600,,
1512806,97,2026-10-02,2049,23600,,
1512806,98,2026-09-25,1974,23600,,
1512806,98,2026-09-26,1996,23600,,
1512806,98,2026-10-02,2118,23600,,
1516017,32,2026-09-25,2446,23600,,
1516017,33,2026-09-25,2446,23600,,
1516017,34,2026-09-25,2446,23600,,
1536656,19,2026-09-25,1823,23600,,
1541487,29,2026-09-25,2617,20000,,
1541487,29,2026-09-26,2617,20000,,
1541487,30,2026-09-25,2617,20000,,
1541487,30,2026-09-26,2617,20000,,
1541487,31,2026-09-25,2617,20000,,
1541487,31,2026-09-26,2617,20000,,
1541487,32,2026-09-25,2755,20000,,
1541487,32,2026-09-26,2755,20000,,
1541487,33,2026-09-25,2755,20000,,
1541487,33,2026-09-26,2755,20000,,
1541487,34,2026-09-25,2755,20000,,
1541487,34,2026-09-26,2755,20000,,
1541487,35,2026-09-25,2893,20000,,
1541487,35,2026-09-26,2893,20000,,
1541487,36,2026-09-25,2893,20000,,
1541487,36,2026-09-26,2893,20000,,
1541487,57,2026-09-25,2617,20000,,
1541487,57,2026-09-26,2617,20000,,
1545063,35,2026-09-24,1806,23600,,
1545063,36,2026-09-24,1806,23600,,
1552629,19,2026-09-25,2287,23600,,
1552629,19,2026-09-26,2287,23600,,
1552629,20,2026-09-25,2287,23600,,
1552629,20,2026-09-26,2287,23600,,
1553264,25,2026-09-27,1891,23600,,
1553264,26,2026-09-27,1891,23600,,
1555580,25,2026-10-02,1780,23600,,
1555580,26,2026-10-02,1780,23600,,
1555580,45,2026-10-02,2056,23600,,
1555580,46,2026-10-02,2056,23600,,
1556414,19,2027-09-20,1764,20000,,
1556414,20,2027-09-20,1764,20000,,
1556414,51,2027-09-20,1764,20000,,
1559260,17,2026-09-25,1829,23600,,
1559260,17,2026-09-26,1830,23600,,
1559260,18,2026-09-25,1829,23600,,
1559260,18,2026-09-26,1830,23600,,
1559260,50,2026-09-25,1829,23600,,
1559260,50,2026-09-26,1830,23600,,
1559260,87,2026-09-25,1829,23600,,
1559260,87,2026-09-26,1830,23600,,
1591753,23,2026-09-25,1956,23600,,
1591753,24,2026-09-25,1956,23600,,
1591753,40,2026-09-25,1956,23600,,
1593820,17,2026-09-25,2451,27848,,
1593820,18,2026-09-25,2451,27848,,
1593820,50,2026-09-25,2451,27848,,
1593867,15,2027-09-20,1423,23600,,
1594926,27,2027-09-20,2128,20000,,
1594926,28,2027-09-20,2128,20000,,
1596742,35,2026-09-25,2250,23600,,
1596742,35,2026-09-26,2250,23600,,
1596742,36,2026-09-25,2250,23600,,
1596742,36,2026-09-26,2250,23600,,
1597144,15,2026-09-20,1188,23600,,
1597144,23,2026-09-20,1595,23600,,
1597144,24,2026-09-20,1595,23600,,
1597144,29,2026-09-20,1705,23600,,
1597144,30,2026-09-20,1705,23600,,
1597144,31,2026-09-20,1705,23600,,
1597144,38,2026-09-20,1188,23600,,
1597144,57,2026-09-20,1705,23600,,
1599756,23,2026-09-25,1785,27848,,
1599756,24,2026-09-25,1785,27848,,
1599756,27,2026-09-24,2105,27848,,
1599756,28,2026-09-24,2105,27848,,
1599756,29,2026-09-24,2001,27848,,
1599756,30,2026-09-24,2001,27848,,
1599756,31,2026-09-24,2001,27848,,
1599756,32,2026-09-24,2139,27848,,
1599756,33,2026-09-24,2139,27848,,
1599756,34,2026-09-24,2139,27848,,
1599756,40,2026-09-25,1785,27848,,
1599756,57,2026-09-24,2001,27848,,
1599756,58,2026-09-24,2139,27848,,
1599756,89,2026-09-24,2001,27848,,
1604662,29,2026-09-27,2113,20000,,
1604662,30,2026-09-27,2113,20000,,
1604662,31,2026-09-27,2113,20000,,
1604662,32,2026-09-27,2113,20000,,
1604662,33,2026-09-27,2113,20000,,
1604662,34,2026-09-27,2113,20000,,
1604662,57,2026-09-27,2113,20000,,
1608379,21,2026-09-25,3264,23600,,
1608379,22,2026-09-25,3264,23600,,
1608379,23,2026-09-25,3264,23600,,
1608379,24,2026-09-25,3264,23600,,
1608379,27,2026-09-25,3747,23600,,
1608379,28,2026-09-25,3747,23600,,
1608379,39,2026-09-25,3264,23600,,
1608379,40,2026-09-25,3264,23600,,
1608379,83,2026-09-25,3264,23600,,
1611760,17,2026-12-18,2218,23600,,
1611760,17,2026-12-19,2218,23600,,
1611760,18,2026-12-18,2218,23600,,
1611760,18,2026-12-19,2218,23600,,
1611760,19,2026-12-18,2287,23600,,
1611760,19,2026-12-19,2287,23600,,
1611760,20,2026-12-18,2287,23600,,
1611760,20,2026-12-19,2287,23600,,
1611760,50,2026-12-18,2218,23600,,
1611760,50,2026-12-19,2218,23600,,
1614818,15,2026-09-26,1364,20000,,
1614818,23,2026-09-25,2109,20000,,
1614818,24,2026-09-25,2109,20000,,
1614818,27,2026-09-26,2434,20000,,
1614818,28,2026-09-26,2434,20000,,
1614818,29,2026-09-26,2572,20000,,
1614818,30,2026-09-26,2572,20000,,
1614818,31,2026-09-26,2572,20000,,
1614818,38,2026-09-26,1364,20000,,
1614818,40,2026-09-25,2109,20000,,
1614818,57,2026-09-26,2572,20000,,
1614818,89,2026-09-26,2572,20000,,
1619452,27,2026-09-26,2025,23600,,
1619452,28,2026-09-26,2025,23600,,
1708941,35,2027-09-20,2592,27848,,
1708941,36,2027-09-20,2592,27848,,
1708941,37,2027-09-20,2592,27848,,
1759184,15,2026-11-21,13288,23600,,
1759184,15,2026-11-22,13288,23600,,
1759184,15,2026-11-23,13288,23600,,
1759184,15,2026-11-24,13288,23600,,
1759184,16,2026-11-21,13391,23600,,
1759184,16,2026-11-22,13391,23600,,
1759184,16,2026-11-23,13391,23600,,
1759184,16,2026-11-24,13391,23600,,
1759184,17,2026-11-21,13495,23600,,
1759184,17,2026-11-22,13495,23600,,
1759184,17,2026-11-23,13495,23600,,
1759184,17,2026-11-24,13495,23600,,
1759184,18,2026-11-21,13495,23600,,
1759184,18,2026-11-22,13495,23600,,
1759184,18,2026-11-23,13495,23600,,
1759184,18,2026-11-24,13495,23600,,
1759184,19,2026-11-21,13633,23600,,
1759184,19,2026-11-22,13633,23600,,
1759184,19,2026-11-23,13633,23600,,
1759184,19,2026-11-24,13633,23600,,
1759184,20,2026-11-21,13633,23600,,
1759184,20,2026-11-22,13633,23600,,
1759184,20,2026-11-23,13633,23600,,
1759184,20,2026-11-24,13633,23600,,
1759184,21,2026-11-21,13564,23600,,
1759184,21,2026-11-22,13564,23600,,
1759184,21,2026-11-23,13564,23600,,
1759184,21,2026-11-24,13564,23600,,
1759184,22,2026-11-21,13564,23600,,
1759184,22,2026-11-22,13564,23600,,
1759184,22,2026-11-23,13564,23600,,
1759184,22,2026-11-24,13564,23600,,
1759184,23,2026-11-21,13736,23600,,
1759184,23,2026-11-22,13736,23600,,
1759184,23,2026-11-23,13736,23600,,
1759184,23,2026-11-24,13736,23600,,
1759184,24,2026-11-21,13736,23600,,
1759184,24,2026-11-22,13736,23600,,
1759184,24,2026-11-23,13736,23600,,
1759184,24,2026-11-24,13736,23600,,
1759184,25,2026-11-21,13840,23600,,
1759184,25,2026-11-22,13840,23600,,
1759184,25,2026-11-23,13840,23600,,
1759184,25,2026-11-24,13840,23600,,
1759184,26,2026-11-21,13840,23600,,
1759184,26,2026-11-22,13840,23600,,
1759184,26,2026-11-23,13840,23600,,
1759184,26,2026-11-24,13840,23600,,
1759184,27,2026-11-21,14012,23600,,
1759184,27,2026-11-22,14012,23600,,
1759184,27,2026-11-23,14012,23600,,
1759184,27,2026-11-24,14012,23600,,
1759184,28,2026-11-21,14012,23600,,
1759184,28,2026-11-22,14012,23600,,
1759184,28,2026-11-23,14012,23600,,
1759184,28,2026-11-24,14012,23600,,
1759184,29,2026-11-21,13633,23600,,
1759184,29,2026-11-22,13633,23600,,
1759184,29,2026-11-23,13633,23600,,
1759184,29,2026-11-24,13633,23600,,
1759184,30,2026-11-21,13633,23600,,
1759184,30,2026-11-22,13633,23600,,
1759184,30,2026-11-23,13633,23600,,
1759184,30,2026-11-24,13633,23600,,
1759184,31,2026-11-21,13633,23600,,
1759184,31,2026-11-22,13633,23600,,
1759184,31,2026-11-23,13633,23600,,
1759184,31,2026-11-24,13633,23600,,
1759184,32,2026-11-21,13840,23600,,
1759184,32,2026-11-22,13840,23600,,
1759184,32,2026-11-23,13840,23600,,
1759184,32,2026-11-24,13840,23600,,
1759184,33,2026-11-21,13840,23600,,
1759184,33,2026-11-22,13840,23600,,
1759184,33,2026-11-23,13840,23600,,
1759184,33,2026-11-24,13840,23600,,
1759184,34,2026-11-21,13840,23600,,
1759184,34,2026-11-22,13840,23600,,
1759184,34,2026-11-23,13840,23600,,
1759184,34,2026-11-24,13840,23600,,
1759184,35,2026-11-21,14254,23600,,
1759184,35,2026-11-22,14254,23600,,
1759184,35,2026-11-23,14254,23600,,
1759184,35,2026-11-24,14254,23600,,
1759184,36,2026-11-21,14254,23600,,
1759184,36,2026-11-22,14254,23600,,
1759184,36,2026-11-23,14254,23600,,
1759184,36,2026-11-24,14254,23600,,
1759184,37,2026-11-21,14254,23600,,
1759184,37,2026-11-22,14254,23600,,
1759184,37,2026-11-23,14254,23600,,
1759184,37,2026-11-24,14254,23600,,
1759184,38,2026-11-21,13288,23600,,
1759184,38,2026-11-22,13288,23600,,
1759184,38,2026-11-23,13288,23600,,
1759184,38,2026-11-24,13288,23600,,
1759184,39,2026-11-21,13564,23600,,
1759184,39,2026-11-22,13564,23600,,
1759184,39,2026-11-23,13564,23600,,
1759184,39,2026-11-24,13564,23600,,
1759184,40,2026-11-21,13736,23600,,
1759184,40,2026-11-22,13736,23600,,
1759184,40,2026-11-23,13736,23600,,
1759184,40,2026-11-24,13736,23600,,
1759184,50,2026-11-21,13495,23600,,
1759184,50,2026-11-22,13495,23600,,
1759184,50,2026-11-23,13495,23600,,
1759184,50,2026-11-24,13495,23600,,
1759184,51,2026-11-21,13633,23600,,
1759184,51,2026-11-22,13633,23600,,
1759184,51,2026-11-23,13633,23600,,
1759184,51,2026-11-24,13633,23600,,
1759184,57,2026-11-21,13633,23600,,
1759184,57,2026-11-22,13633,23600,,
1759184,57,2026-11-23,13633,23600,,
1759184,57,2026-11-24,13633,23600,,
1759184,58,2026-11-21,13840,23600,,
1759184,58,2026-11-22,13840,23600,,
1759184,58,2026-11-23,13840,23600,,
1759184,58,2026-11-24,13840,23600,,
1759184,83,2026-11-21,13564,23600,,
1759184,83,2026-11-22,13564,23600,,
1759184,83,2026-11-23,13564,23600,,
1759184,83,2026-11-24,13564,23600,,
1759184,87,2026-11-21,13495,23600,,
1759184,87,2026-11-22,13495,23600,,
1759184,87,2026-11-23,13495,23600,,
1759184,87,2026-11-24,13495,23600,,
1759184,89,2026-11-21,13633,23600,,
1759184,89,2026-11-22,13633,23600,,
1759184,89,2026-11-23,13633,23600,,
1759184,89,2026-11-24,13633,23600,,
1767649,27,2026-12-18,3861,23600,,
1767649,27,2026-12-19,3861,23600,,
1767649,28,2026-12-18,3861,23600,,
1767649,28,2026-12-19,3861,23600,,
1868924,19,2026-09-25,2270,23600,,
1868924,20,2026-09-25,2270,23600,,
1868924,21,2026-09-25,2374,23600,,
1868924,22,2026-09-25,2374,23600,,
1868924,23,2026-09-25,2494,23600,,
1868924,24,2026-09-25,2494,23600,,
1868924,39,2026-09-25,2374,23600,,
1869742,19,2026-09-25,2639,23600,,
1869742,20,2026-09-25,2639,23600,,
1912757,17,2026-10-21,1328,23600,,
1912757,17,2026-10-22,1328,23600,,
1912757,17,2026-10-23,1328,23600,,
1912757,17,2026-10-24,1328,23600,,
1912757,17,2026-10-25,1328,23600,,
1912757,17,2026-10-26,1328,23600,,
1912757,17,2026-10-27,1328,23600,,
1912757,17,2026-10-28,1328,23600,,
1912757,17,2026-10-29,1328,23600,,
1912757,17,2026-10-31,1328,23600,,
1912757,17,2026-11-01,1328,23600,,
1912757,17,2026-11-02,1328,23600,,
1912757,17,2026-11-03,1328,23600,,
1912757,17,2026-11-04,1328,23600,,
1912757,17,2026-11-05,1328,23600,,
1912757,17,2026-11-06,1328,23600,,
1912757,17,2026-11-07,1328,23600,,
1912757,17,2026-11-08,1328,23600,,
1912757,17,2026-11-09,1328,23600,,
1912757,17,2026-11-10,1328,23600,,
1912757,17,2026-11-11,1328,23600,,
1912757,17,2026-11-12,1328,23600,,
1912757,17,2026-11-13,1328,23600,,
1912757,17,2026-11-14,1328,23600,,
1912757,17,2026-11-15,1328,23600,,
1912757,17,2026-11-16,1328,23600,,
1912757,17,2026-11-17,1328,23600,,
1912757,18,2026-10-21,1328,23600,,
1912757,18,2026-10-22,1328,23600,,
1912757,18,2026-10-23,1328,23600,,
1912757,18,2026-10-24,1328,23600,,
1912757,18,2026-10-25,1328,23600,,
1912757,18,2026-10-26,1328,23600,,
1912757,18,2026-10-27,1328,23600,,
1912757,18,2026-10-28,1328,23600,,
1912757,18,2026-10-29,1328,23600,,
1912757,18,2026-10-31,1328,23600,,
1912757,18,2026-11-01,1328,23600,,
1912757,18,2026-11-02,1328,23600,,
1912757,18,2026-11-03,1328,23600,,
1912757,18,2026-11-04,1328,23600,,
1912757,18,2026-11-05,1328,23600,,
1912757,18,2026-11-06,1328,23600,,
1912757,18,2026-11-07,1328,23600,,
1912757,18,2026-11-08,1328,23600,,
1912757,18,2026-11-09,1328,23600,,
1912757,18,2026-11-10,1328,23600,,
1912757,18,2026-11-11,1328,23600,,
1912757,18,2026-11-12,1328,23600,,
1912757,18,2026-11-13,1328,23600,,
1912757,18,2026-11-14,1328,23600,,
1912757,18,2026-11-15,1328,23600,,
1912757,18,2026-11-16,1328,23600,,
1912757,18,2026-11-17,1328,23600,,
1912757,19,2026-10-21,1328,23600,,
1912757,19,2026-10-22,1328,23600,,
1912757,19,2026-10-23,1328,23600,,
1912757,19,2026-10-24,1328,23600,,
1912757,19,2026-10-25,1328,23600,,
1912757,19,2026-10-26,1328,23600,,
1912757,19,2026-10-27,1328,23600,,
1912757,19,2026-10-28,1328,23600,,
1912757,19,2026-10-29,1328,23600,,
1912757,19,2026-10-31,1328,23600,,
1912757,19,2026-11-01,1328,23600,,
1912757,19,2026-11-02,1328,23600,,
1912757,19,2026-11-03,1328,23600,,
1912757,19,2026-11-04,1328,23600,,
1912757,19,2026-11-05,1328,23600,,
1912757,19,2026-11-06,1328,23600,,
1912757,19,2026-11-07,1328,23600,,
1912757,19,2026-11-08,1328,23600,,
1912757,19,2026-11-09,1328,23600,,
1912757,19,2026-11-10,1328,23600,,
1912757,19,2026-11-11,1328,23600,,
1912757,19,2026-11-12,1328,23600,,
1912757,19,2026-11-13,1328,23600,,
1912757,19,2026-11-14,1328,23600,,
1912757,19,2026-11-15,1328,23600,,
1912757,19,2026-11-16,1328,23600,,
1912757,19,2026-11-17,1328,23600,,
1912757,20,2026-10-21,1328,23600,,
1912757,20,2026-10-22,1328,23600,,
1912757,20,2026-10-23,1328,23600,,
1912757,20,2026-10-24,1328,23600,,
1912757,20,2026-10-25,1328,23600,,
1912757,20,2026-10-26,1328,23600,,
1912757,20,2026-10-27,1328,23600,,
1912757,20,2026-10-28,1328,23600,,
1912757,20,2026-10-29,1328,23600,,
1912757,20,2026-10-31,1328,23600,,
1912757,20,2026-11-01,1328,23600,,
1912757,20,2026-11-02,1328,23600,,
1912757,20,2026-11-03,1328,23600,,
1912757,20,2026-11-04,1328,23600,,
1912757,20,2026-11-05,1328,23600,,
1912757,20,2026-11-06,1328,23600,,
1912757,20,2026-11-07,1328,23600,,
1912757,20,2026-11-08,1328,23600,,
1912757,20,2026-11-09,1328,23600,,
1912757,20,2026-11-10,1328,23600,,
1912757,20,2026-11-11,1328,23600,,
1912757,20,2026-11-12,1328,23600,,
1912757,20,2026-11-13,1328,23600,,
1912757,20,2026-11-14,1328,23600,,
1912757,20,2026-11-15,1328,23600,,
1912757,20,2026-11-16,1328,23600,,
1912757,20,2026-11-17,1328,23600,,
1912757,21,2026-11-22,1599,23600,,
1912757,21,2026-11-23,1599,23600,,
1912757,22,2026-11-22,1599,23600,,
1912757,22,2026-11-23,1599,23600,,
1912757,23,2026-11-22,1599,23600,,
1912757,23,2026-11-23,1599,23600,,
1912757,24,2026-11-22,1599,23600,,
1912757,24,2026-11-23,1599,23600,,
1912757,25,2026-10-27,1328,23600,,
1912757,25,2026-10-28,1328,23600,,
1912757,25,2026-10-29,1328,23600,,
1912757,26,2026-10-27,1328,23600,,
1912757,26,2026-10-28,1328,23600,,
1912757,26,2026-10-29,1328,23600,,
1912757,29,2026-11-20,1944,23600,,
1912757,29,2026-11-21,1944,23600,,
1912757,29,2026-11-22,1944,23600,,
1912757,29,2026-11-23,1944,23600,,
1912757,29,2026-11-26,1944,23600,,
1912757,29,2026-11-27,1944,23600,,
1912757,29,2026-11-28,1944,23600,,
1912757,29,2026-11-29,1944,23600,,
1912757,29,2026-11-30,1944,23600,,
1912757,29,2026-12-02,1944,23600,,
1912757,29,2026-12-03,1944,23600,,
1912757,29,2026-12-04,1944,23600,,
1912757,29,2026-12-05,1944,23600,,
1912757,29,2026-12-06,1944,23600,,
1912757,29,2026-12-11,1944,23600,,
1912757,29,2026-12-12,1944,23600,,
1912757,29,2026-12-17,1944,23600,,
1912757,29,2026-12-18,1944,23600,,
1912757,29,2026-12-19,1944,23600,,
1912757,30,2026-11-20,1944,23600,,
1912757,30,2026-11-21,1944,23600,,
1912757,30,2026-11-22,1944,23600,,
1912757,30,2026-11-23,1944,23600,,
1912757,30,2026-11-26,1944,23600,,
1912757,30,2026-11-27,1944,23600,,
1912757,30,2026-11-28,1944,23600,,
1912757,30,2026-11-29,1944,23600,,
1912757,30,2026-11-30,1944,23600,,
1912757,30,2026-12-02,1944,23600,,
1912757,30,2026-12-03,1944,23600,,
1912757,30,2026-12-04,1944,23600,,
1912757,30,2026-12-05,1944,23600,,
1912757,30,2026-12-06,1944,23600,,
1912757,30,2026-12-11,1944,23600,,
1912757,30,2026-12-12,1944,23600,,
1912757,30,2026-12-17,1944,23600,,
1912757,30,2026-12-18,1944,23600,,
1912757,30,2026-12-19,1944,23600,,
1912757,31,2026-11-20,1944,23600,,
1912757,31,2026-11-21,1944,23600,,
1912757,31,2026-11-22,1944,23600,,
1912757,31,2026-11-23,1944,23600,,
1912757,31,2026-11-26,1944,23600,,
1912757,31,2026-11-27,1944,23600,,
1912757,31,2026-11-28,1944,23600,,
1912757,31,2026-11-29,1944,23600,,
1912757,31,2026-11-30,1944,23600,,
1912757,31,2026-12-02,1944,23600,,
1912757,31,2026-12-03,1944,23600,,
1912757,31,2026-12-04,1944,23600,,
1912757,31,2026-12-05,1944,23600,,
1912757,31,2026-12-06,1944,23600,,
1912757,31,2026-12-11,1944,23600,,
1912757,31,2026-12-12,1944,23600,,
1912757,31,2026-12-17,1944,23600,,
1912757,31,2026-12-18,1944,23600,,
1912757,31,2026-12-19,1944,23600,,
1912757,32,2026-11-20,1944,23600,,
1912757,32,2026-11-21,1944,23600,,
1912757,32,2026-11-22,1944,23600,,
1912757,32,2026-11-23,1944,23600,,
1912757,32,2026-11-26,1944,23600,,
1912757,32,2026-11-27,1944,23600,,
1912757,32,2026-11-28,1944,23600,,
1912757,32,2026-11-29,1944,23600,,
1912757,32,2026-11-30,1944,23600,,
1912757,32,2026-12-02,1944,23600,,
1912757,32,2026-12-03,1944,23600,,
1912757,32,2026-12-04,1944,23600,,
1912757,32,2026-12-05,1944,23600,,
1912757,32,2026-12-06,1944,23600,,
1912757,32,2026-12-11,1944,23600,,
1912757,32,2026-12-12,1944,23600,,
1912757,32,2026-12-17,1944,23600,,
1912757,32,2026-12-18,1944,23600,,
1912757,32,2026-12-19,1944,23600,,
1912757,33,2026-11-20,1944,23600,,
1912757,33,2026-11-21,1944,23600,,
1912757,33,2026-11-22,1944,23600,,
1912757,33,2026-11-23,1944,23600,,
1912757,33,2026-11-26,1944,23600,,
1912757,33,2026-11-27,1944,23600,,
1912757,33,2026-11-28,1944,23600,,
1912757,33,2026-11-29,1944,23600,,
1912757,33,2026-11-30,1944,23600,,
1912757,33,2026-12-02,1944,23600,,
1912757,33,2026-12-03,1944,23600,,
1912757,33,2026-12-04,1944,23600,,
1912757,33,2026-12-05,1944,23600,,
1912757,33,2026-12-06,1944,23600,,
1912757,33,2026-12-11,1944,23600,,
1912757,33,2026-12-12,1944,23600,,
1912757,33,2026-12-17,1944,23600,,
1912757,33,2026-12-18,1944,23600,,
1912757,33,2026-12-19,1944,23600,,
1912757,34,2026-11-20,1944,23600,,
1912757,34,2026-11-21,1944,23600,,
1912757,34,2026-11-22,1944,23600,,
1912757,34,2026-11-23,1944,23600,,
1912757,34,2026-11-26,1944,23600,,
1912757,34,2026-11-27,1944,23600,,
1912757,34,2026-11-28,1944,23600,,
1912757,34,2026-11-29,1944,23600,,
1912757,34,2026-11-30,1944,23600,,
1912757,34,2026-12-02,1944,23600,,
1912757,34,2026-12-03,1944,23600,,
1912757,34,2026-12-04,1944,23600,,
1912757,34,2026-12-05,1944,23600,,
1912757,34,2026-12-06,1944,23600,,
1912757,34,2026-12-11,1944,23600,,
1912757,34,2026-12-12,1944,23600,,
1912757,34,2026-12-17,1944,23600,,
1912757,34,2026-12-18,1944,23600,,
1912757,34,2026-12-19,1944,23600,,
1912757,39,2026-11-22,1599,23600,,
1912757,39,2026-11-23,1599,23600,,
1912757,40,2026-11-22,1599,23600,,
1912757,40,2026-11-23,1599,23600,,
1912757,50,2026-10-21,1328,23600,,
1912757,50,2026-10-22,1328,23600,,
1912757,50,2026-10-23,1328,23600,,
1912757,50,2026-10-24,1328,23600,,
1912757,50,2026-10-25,1328,23600,,
1912757,50,2026-10-26,1328,23600,,
1912757,50,2026-10-27,1328,23600,,
1912757,50,2026-10-28,1328,23600,,
1912757,50,2026-10-29,1328,23600,,
1912757,50,2026-10-31,1328,23600,,
1912757,50,2026-11-01,1328,23600,,
1912757,50,2026-11-02,1328,23600,,
1912757,50,2026-11-03,1328,23600,,
1912757,50,2026-11-04,1328,23600,,
1912757,50,2026-11-05,1328,23600,,
1912757,50,2026-11-06,1328,23600,,
1912757,50,2026-11-07,1328,23600,,
1912757,50,2026-11-08,1328,23600,,
1912757,50,2026-11-09,1328,23600,,
1912757,50,2026-11-10,1328,23600,,
1912757,50,2026-11-11,1328,23600,,
1912757,50,2026-11-12,1328,23600,,
1912757,50,2026-11-13,1328,23600,,
1912757,50,2026-11-14,1328,23600,,
1912757,50,2026-11-15,1328,23600,,
1912757,50,2026-11-16,1328,23600,,
1912757,50,2026-11-17,1328,23600,,
1912757,57,2026-11-20,1944,23600,,
1912757,57,2026-11-21,1944,23600,,
1912757,57,2026-11-22,1944,23600,,
1912757,57,2026-11-23,1944,23600,,
1912757,57,2026-11-26,1944,23600,,
1912757,57,2026-11-27,1944,23600,,
1912757,57,2026-11-28,1944,23600,,
1912757,57,2026-11-29,1944,23600,,
1912757,57,2026-11-30,1944,23600,,
1912757,57,2026-12-02,1944,23600,,
1912757,57,2026-12-03,1944,23600,,
1912757,57,2026-12-04,1944,23600,,
1912757,57,2026-12-05,1944,23600,,
1912757,57,2026-12-06,1944,23600,,
1912757,57,2026-12-11,1944,23600,,
1912757,57,2026-12-12,1944,23600,,
1912757,57,2026-12-17,1944,23600,,
1912757,57,2026-12-18,1944,23600,,
1912757,57,2026-12-19,1944,23600,,
1912757,58,2026-11-20,1944,23600,,
1912757,58,2026-11-21,1944,23600,,
1912757,58,2026-11-22,1944,23600,,
1912757,58,2026-11-23,1944,23600,,
1912757,58,2026-11-26,1944,23600,,
1912757,58,2026-11-27,1944,23600,,
1912757,58,2026-11-28,1944,23600,,
1912757,58,2026-11-29,1944,23600,,
1912757,58,2026-11-30,1944,23600,,
1912757,58,2026-12-02,1944,23600,,
1912757,58,2026-12-03,1944,23600,,
1912757,58,2026-12-04,1944,23600,,
1912757,58,2026-12-05,1944,23600,,
1912757,58,2026-12-06,1944,23600,,
1912757,58,2026-12-11,1944,23600,,
1912757,58,2026-12-12,1944,23600,,
1912757,58,2026-12-17,1944,23600,,
1912757,58,2026-12-18,1944,23600,,
1912757,58,2026-12-19,1944,23600,,
1912757,83,2026-11-22,1599,23600,,
1912757,83,2026-11-23,1599,23600,,
1912757,89,2026-11-20,1944,23600,,
1912757,89,2026-11-21,1944,23600,,
1912757,89,2026-11-22,1944,23600,,
1912757,89,2026-11-23,1944,23600,,
1912757,89,2026-11-26,1944,23600,,
1912757,89,2026-11-27,1944,23600,,
1912757,89,2026-11-28,1944,23600,,
1912757,89,2026-11-29,1944,23600,,
1912757,89,2026-11-30,1944,23600,,
1912757,89,2026-12-02,1944,23600,,
1912757,89,2026-12-03,1944,23600,,
1912757,89,2026-12-04,1944,23600,,
1912757,89,2026-12-05,1944,23600,,
1912757,89,2026-12-06,1944,23600,,
1912757,89,2026-12-11,1944,23600,,
1912757,89,2026-12-12,1944,23600,,
1912757,89,2026-12-17,1944,23600,,
1912757,89,2026-12-18,1944,23600,,
1912757,89,2026-12-19,1944,23600,,
1916713,21,2026-10-19,2320,23600,,
1916713,21,2026-10-20,2320,23600,,
1916713,22,2026-10-19,2320,23600,,
1916713,22,2026-10-20,2320,23600,,
1916713,23,2026-10-19,2320,23600,,
1916713,23,2026-10-20,2320,23600,,
1916713,24,2026-10-19,2320,23600,,
1916713,24,2026-10-20,2320,23600,,
1916713,39,2026-10-19,2320,23600,,
1916713,39,2026-10-20,2320,23600,,
1916713,40,2026-10-19,2320,23600,,
1916713,40,2026-10-20,2320,23600,,
1916713,83,2026-10-19,2320,23600,,
1916713,83,2026-10-20,2320,23600,,
1929807,25,2026-12-18,2139,23600,,
1929807,25,2026-12-19,2139,23600,,
1929807,26,2026-12-18,2139,23600,,
1929807,26,2026-12-19,2139,23600,,
1986521,27,2026-09-21,2819,23600,,
1986521,28,2026-09-21,2819,23600,,
1986521,29,2026-09-20,2928,23600,,
1986521,29,2026-09-21,2888,23600,,
1986521,30,2026-09-20,2928,23600,,
1986521,30,2026-09-21,2888,23600,,
1986521,31,2026-09-20,2928,23600,,
1986521,31,2026-09-21,2888,23600,,
1986521,32,2026-09-20,2963,23600,,
1986521,32,2026-09-21,2923,23600,,
1986521,33,2026-09-20,2963,23600,,
1986521,33,2026-09-21,2923,23600,,
1986521,34,2026-09-20,2963,23600,,
1986521,34,2026-09-21,2923,23600,,
1986521,35,2026-09-22,3613,23600,,
1986521,36,2026-09-22,3613,23600,,
1986521,57,2026-09-20,2928,23600,,
1986521,57,2026-09-21,2888,23600,,
2010498,19,2026-09-25,2270,23600,,
2010498,20,2026-09-25,2270,23600,,
2010498,21,2026-09-25,2581,23600,,
2010498,21,2026-09-26,2562,23600,,
2010498,22,2026-09-25,2581,23600,,
2010498,22,2026-09-26,2562,23600,,
2010498,23,2026-09-25,2684,23600,,
2010498,23,2026-09-26,2666,23600,,
2010498,24,2026-09-25,2684,23600,,
2010498,24,2026-09-26,2666,23600,,
2010498,27,2026-09-26,3011,23600,,
2010498,28,2026-09-26,3011,23600,,
2010498,39,2026-09-25,2581,23600,,
2010498,39,2026-09-26,2562,23600,,
2010498,40,2026-09-25,2684,23600,,
2010498,40,2026-09-26,2666,23600,,
2010498,83,2026-09-25,2581,23600,,
2010498,83,2026-09-26,2562,23600,,
2011302,21,2027-09-20,2067,23600,,
2011302,22,2027-09-20,2067,23600,,
2011302,23,2027-09-20,2067,23600,,
2011302,24,2027-09-20,2067,23600,,
2011302,39,2027-09-20,2067,23600,,
2011302,40,2027-09-20,2067,23600,,
2011302,83,2027-09-20,2067,23600,,
2011692,27,2026-09-25,2358,20000,,
2011692,27,2026-09-26,2364,20000,,
2011692,28,2026-09-25,2358,20000,,
2011692,28,2026-09-26,2364,20000,,
2011692,35,2026-09-25,2531,20000,,
2011692,35,2026-09-26,2536,20000,,
2011692,36,2026-09-25,2531,20000,,
2011692,36,2026-09-26,2536,20000,,
2013172,23,2026-09-25,2680,23600,,
2013172,24,2026-09-25,2680,23600,,
2013172,29,2026-09-25,2680,23600,,
2013172,30,2026-09-25,2680,23600,,
2013172,31,2026-09-25,2680,23600,,
2013172,32,2026-09-25,3025,23600,,
2013172,33,2026-09-25,3025,23600,,
2013172,34,2026-09-25,3025,23600,,
2013172,40,2026-09-25,2680,23600,,
2013172,57,2026-09-25,2680,23600,,
2013172,58,2026-09-25,3025,23600,,
2013172,89,2026-09-25,2680,23600,,
2013518,17,2026-09-23,1048,23600,,
2013518,18,2026-09-23,1048,23600,,
2013518,19,2026-09-23,1117,23600,,
2013518,20,2026-09-23,1117,23600,,
2013518,21,2026-09-23,1186,23600,,
2013518,22,2026-09-23,1186,23600,,
2013518,39,2026-09-23,1186,23600,,
2013518,50,2026-09-23,1048,23600,,
2013518,83,2026-09-23,1186,23600,,
2013841,25,2026-09-27,1292,23600,,
2013841,25,2026-12-18,1505,23600,,
2013841,25,2026-12-19,1505,23600,,
2014917,17,2026-12-18,1645,20000,,
2014917,17,2026-12-19,1645,20000,,
2014917,18,2026-12-18,1645,20000,,
2014917,18,2026-12-19,1645,20000,,
2014917,25,2026-12-18,2059,20000,,
2014917,25,2026-12-19,2059,20000,,
2014917,26,2026-12-18,2059,20000,,
2014917,26,2026-12-19,2059,20000,,
2016749,25,2026-09-26,1640,23600,,
2016749,25,2026-09-27,1640,23600,,
2016749,26,2026-09-26,1640,23600,,
2016749,26,2026-09-27,1640,23600,,
2017563,17,2026-12-18,1369,23600,,
2017563,17,2026-12-19,1369,23600,,
2017563,18,2026-12-18,1369,23600,,
2017563,18,2026-12-19,1369,23600,,
2017563,50,2026-12-18,1369,23600,,
2017563,50,2026-12-19,1369,23600,,
2018414,25,2026-09-26,2286,23600,,
2018414,25,2026-09-27,2286,23600,,
2018414,25,2026-12-18,2675,23600,,
2018414,25,2026-12-19,2675,23600,,
2018414,26,2026-09-26,2286,23600,,
2018414,26,2026-09-27,2286,23600,,
2018414,26,2026-12-18,2675,23600,,
2018414,26,2026-12-19,2675,23600,,
2018445,17,2026-09-26,1595,23600,,
2018445,18,2026-09-26,1595,23600,,
2018445,19,2026-09-26,1664,23600,,
2018445,20,2026-09-26,1664,23600,,
2018445,21,2026-09-26,1733,23600,,
2018445,22,2026-09-26,1733,23600,,
2018445,23,2026-09-26,1802,23600,,
2018445,24,2026-09-26,1802,23600,,
2018445,39,2026-09-26,1733,23600,,
2018445,40,2026-09-26,1802,23600,,
2018445,50,2026-09-26,1595,23600,,
2018445,83,2026-09-26,1733,23600,,
2018835,27,2026-09-25,3572,23600,,
2018835,27,2026-09-26,3572,23600,,
2018835,28,2026-09-25,3572,23600,,
2018835,28,2026-09-26,3572,23600,,
2018835,32,2026-09-25,3503,23600,,
2018835,32,2026-09-26,3503,23600,,
2018835,33,2026-09-25,3503,23600,,
2018835,33,2026-09-26,3503,23600,,
2018835,35,2026-09-25,3986,23600,,
2018835,35,2026-09-26,3986,23600,,
2018835,36,2026-09-25,3986,23600,,
2018835,36,2026-09-26,3986,23600,,
2018989,19,2026-09-25,2409,23600,,
2018989,20,2026-09-25,2409,23600,,
2018989,51,2026-09-25,2409,23600,,
2019978,17,2026-12-18,1905,20000,,
2019978,17,2026-12-19,1905,20000,,
2019978,17,2027-09-20,1905,20000,,
2019978,18,2026-12-18,1905,20000,,
2019978,18,2026-12-19,1905,20000,,
2019978,18,2027-09-20,1905,20000,,
2019978,19,2026-12-18,2043,20000,,
2019978,19,2026-12-19,2043,20000,,
2019978,19,2027-09-20,2043,20000,,
2019978,20,2026-12-18,2043,20000,,
2019978,20,2026-12-19,2043,20000,,
2019978,20,2027-09-20,2043,20000,,
2019978,27,2026-09-25,2614,20000,,
2019978,27,2026-09-26,2615,20000,,
2019978,28,2026-09-25,2614,20000,,
2019978,28,2026-09-26,2615,20000,,
2019978,50,2026-12-18,1905,20000,,
2019978,50,2026-12-19,1905,20000,,
2019978,50,2027-09-20,1905,20000,,
2024578,24179,2026-09-20,2084,20000,,
2024578,29,2026-09-20,2084,20000,,
2024578,30,2026-09-20,2084,20000,,
2024578,31,2026-09-20,2084,20000,,
2024578,57,2026-09-20,2084,20000,,
2024578,89,2026-09-20,2084,20000,,
2026607,19,2026-09-26,1507,20000,,
2026607,20,2026-09-26,1507,20000,,
2026607,21,2026-09-26,1507,20000,,
2026607,22,2026-09-26,1507,20000,,
2026607,23,2026-09-26,1645,20000,,
2026607,24,2026-09-26,1645,20000,,
2026607,27,2026-09-25,1964,20000,,
2026607,28,2026-09-25,1964,20000,,
2026607,29,2026-09-26,1645,20000,,
2026607,30,2026-09-26,1645,20000,,
2026607,31,2026-09-26,1645,20000,,
2026607,32,2026-09-26,1783,20000,,
2026607,33,2026-09-26,1783,20000,,
2026607,34,2026-09-26,1783,20000,,
2026607,35,2026-09-25,2102,20000,,
2026607,36,2026-09-25,2102,20000,,
2026607,37,2026-09-25,2102,20000,,
2026607,39,2026-09-26,1507,20000,,
2026607,40,2026-09-26,1645,20000,,
2026607,57,2026-09-26,1645,20000,,
2026607,58,2026-09-26,1783,20000,,
2026607,83,2026-09-26,1507,20000,,
2026607,89,2026-09-26,1645,20000,,
2027305,25,2026-09-25,2085,23600,,
2027305,25,2026-09-26,2168,23600,,
2027305,26,2026-09-25,2085,23600,,
2027305,26,2026-09-26,2168,23600,,
2027305,27,2026-09-25,2292,23600,,
2027305,28,2026-09-25,2292,23600,,
2027305,29,2026-09-25,2085,23600,,
2027305,29,2026-09-26,2168,23600,,
2027305,30,2026-09-25,2085,23600,,
2027305,30,2026-09-26,2168,23600,,
2027305,31,2026-09-25,2085,23600,,
2027305,31,2026-09-26,2168,23600,,
2027305,32,2026-09-25,2223,23600,,
2027305,32,2026-09-26,2306,23600,,
2027305,33,2026-09-25,2223,23600,,
2027305,33,2026-09-26,2306,23600,,
2027305,34,2026-09-25,2223,23600,,
2027305,34,2026-09-26,2306,23600,,
2027305,41,2026-09-25,2292,23600,,
2027305,57,2026-09-25,2085,23600,,
2027305,57,2026-09-26,2168,23600,,
2027305,58,2026-09-25,2223,23600,,
2027305,58,2026-09-26,2306,23600,,
2027305,89,2026-09-25,2085,23600,,
2027305,89,2026-09-26,2168,23600,,
2031351,27,2026-09-26,2195,23600,,
2031351,28,2026-09-26,2195,23600,,
2033589,32,2027-09-20,3934,23600,,
2033589,33,2027-09-20,3934,23600,,
2033589,34,2027-09-20,3934,23600,,
2033589,35,2027-09-20,4279,23600,,
2033589,36,2027-09-20,4279,23600,,
2037169,35,2027-09-20,3932,23600,,
2037169,36,2027-09-20,3932,23600,,
2041595,17,2026-09-26,1224,23600,,
2041595,18,2026-09-26,1224,23600,,
2041595,50,2026-09-26,1224,23600,,
2051131,23,2026-09-25,1819,23600,,
2051131,23,2026-09-26,1819,23600,,
2051131,24,2026-09-25,1819,23600,,
2051131,24,2026-09-26,1819,23600,,
2051131,25,2026-09-25,1888,20000,,
2051131,25,2026-09-26,1888,20000,,
2051131,26,2026-09-25,1888,20000,,
2051131,26,2026-09-26,1888,20000,,
2051131,27,2026-09-25,2095,23600,,
2051131,27,2026-09-26,2095,23600,,
2051131,28,2026-09-25,2095,23600,,
2051131,28,2026-09-26,2095,23600,,
2051131,40,2026-09-25,1819,23600,,
2051131,40,2026-09-26,1819,23600,,
2051409,15,2026-09-25,1737,23600,,
2051467,21,2026-09-28,1219,20000,,
2051467,22,2026-09-28,1219,20000,,
2051467,39,2026-09-28,1219,20000,,
2051467,83,2026-09-28,1219,20000,,
2053245,27,2027-09-20,1953,23600,,
2053245,28,2027-09-20,1953,23600,,
2053245,32,2027-09-20,2160,23600,,
2053245,33,2027-09-20,2160,23600,,
2053245,34,2027-09-20,2160,23600,,
2061111,21,2026-09-25,2317,23600,,
2061111,21,2026-09-26,2312,23600,,
2061111,22,2026-09-25,2317,23600,,
2061111,22,2026-09-26,2312,23600,,
2061111,23,2026-09-25,2438,23600,,
2061111,23,2026-09-26,2432,23600,,
2061111,24,2026-09-25,2438,23600,,
2061111,24,2026-09-26,2432,23600,,
2061111,39,2026-09-25,2317,23600,,
2061111,39,2026-09-26,2312,23600,,
2061111,40,2026-09-25,2438,23600,,
2061111,40,2026-09-26,2432,23600,,
2061111,83,2026-09-25,2317,23600,,
2061111,83,2026-09-26,2312,23600,,
2061639,17,2027-09-20,1254,23600,,
2061639,18,2027-09-20,1254,23600,,
2061639,19,2027-09-20,1323,23600,,
2061639,20,2027-09-20,1323,23600,,
2061639,23,2026-09-25,1526,23600,,
2061639,23,2026-09-26,1526,23600,,
2061639,24,2026-09-25,1526,23600,,
2061639,24,2026-09-26,1526,23600,,
2061639,40,2026-09-25,1526,23600,,
2061639,40,2026-09-26,1526,23600,,
2061639,50,2027-09-20,1254,23600,,
2071014,35,2027-09-20,2925,23600,,
2071014,36,2027-09-20,2925,23600,,
2071014,37,2027-09-20,2925,23600,,
2071014,42,2027-09-20,3270,23600,,
2071014,43,2027-09-20,3270,23600,,
2076114,21,2026-09-26,2232,20000,,
2076114,22,2026-09-26,2232,20000,,
2076114,23,2026-09-26,2232,20000,,
2076114,24,2026-09-26,2232,20000,,
2076114,39,2026-09-26,2232,20000,,
2076114,40,2026-09-26,2232,20000,,
2076114,83,2026-09-26,2232,20000,,
2079707,27,2026-09-25,1900,23600,,
2079707,27,2026-09-26,1921,23600,,
2079707,28,2026-09-25,1900,23600,,
2079707,28,2026-09-26,1921,23600,,
2089527,29,2026-09-25,2087,23600,,
2089527,29,2026-09-26,2087,23600,,
2089527,30,2026-09-25,2087,23600,,
2089527,30,2026-09-26,2087,23600,,
2089527,31,2026-09-25,2087,23600,,
2089527,31,2026-09-26,2087,23600,,
2089527,32,2026-09-25,2225,23600,,
2089527,32,2026-09-26,2225,23600,,
2089527,33,2026-09-25,2225,23600,,
2089527,33,2026-09-26,2225,23600,,
2089527,34,2026-09-25,2225,23600,,
2089527,34,2026-09-26,2225,23600,,
2089527,57,2026-09-25,2087,23600,,
2089527,57,2026-09-26,2087,23600,,
2098048,17,2026-10-21,1157,23600,,
2098048,17,2026-10-22,1157,23600,,
2098048,17,2026-10-23,1157,23600,,
2098048,17,2026-10-24,1157,23600,,
2098048,17,2026-10-25,1157,23600,,
2098048,17,2026-10-26,1157,23600,,
2098048,17,2026-10-27,1157,23600,,
2098048,17,2026-10-28,1157,23600,,
2098048,17,2026-10-29,1157,23600,,
2098048,17,2026-10-30,1157,23600,,
2098048,17,2026-10-31,1157,23600,,
2098048,17,2026-11-01,1157,23600,,
2098048,17,2026-11-02,1157,23600,,
2098048,17,2026-11-03,1157,23600,,
2098048,17,2026-11-04,1157,23600,,
2098048,17,2026-11-05,1157,23600,,
2098048,17,2026-11-06,1157,23600,,
2098048,17,2026-11-07,1157,23600,,
2098048,17,2026-11-08,1157,23600,,
2098048,17,2026-11-09,1157,23600,,
2098048,17,2026-11-10,1157,23600,,
2098048,17,2026-11-11,1157,23600,,
2098048,17,2026-11-12,1157,23600,,
2098048,17,2026-11-13,1157,23600,,
2098048,17,2026-11-14,1157,23600,,
2098048,17,2026-11-15,1157,23600,,
2098048,17,2026-11-16,1157,23600,,
2098048,17,2026-11-17,1157,23600,,
2098048,17,2026-11-18,1157,23600,,
2098048,17,2026-11-19,1157,23600,,
2098048,18,2026-10-21,1157,23600,,
2098048,18,2026-10-22,1157,23600,,
2098048,18,2026-10-23,1157,23600,,
2098048,18,2026-10-24,1157,23600,,
2098048,18,2026-10-25,1157,23600,,
2098048,18,2026-10-26,1157,23600,,
2098048,18,2026-10-27,1157,23600,,
2098048,18,2026-10-28,1157,23600,,
2098048,18,2026-10-29,1157,23600,,
2098048,18,2026-10-30,1157,23600,,
2098048,18,2026-10-31,1157,23600,,
2098048,18,2026-11-01,1157,23600,,
2098048,18,2026-11-02,1157,23600,,
2098048,18,2026-11-03,1157,23600,,
2098048,18,2026-11-04,1157,23600,,
2098048,18,2026-11-05,1157,23600,,
2098048,18,2026-11-06,1157,23600,,
2098048,18,2026-11-07,1157,23600,,
2098048,18,2026-11-08,1157,23600,,
2098048,18,2026-11-09,1157,23600,,
2098048,18,2026-11-10,1157,23600,,
2098048,18,2026-11-11,1157,23600,,
2098048,18,2026-11-12,1157,23600,,
2098048,18,2026-11-13,1157,23600,,
2098048,18,2026-11-14,1157,23600,,
2098048,18,2026-11-15,1157,23600,,
2098048,18,2026-11-16,1157,23600,,
2098048,18,2026-11-17,1157,23600,,
2098048,18,2026-11-18,1157,23600,,
2098048,18,2026-11-19,1157,23600,,
2098048,19,2026-10-21,1157,23600,,
2098048,19,2026-10-22,1157,23600,,
2098048,19,2026-10-23,1157,23600,,
2098048,19,2026-10-24,1157,23600,,
2098048,19,2026-10-25,1157,23600,,
2098048,19,2026-10-26,1157,23600,,
2098048,19,2026-10-27,1157,23600,,
2098048,19,2026-10-28,1157,23600,,
2098048,19,2026-10-29,1157,23600,,
2098048,19,2026-10-30,1157,23600,,
2098048,19,2026-10-31,1157,23600,,
2098048,19,2026-11-01,1157,23600,,
2098048,19,2026-11-02,1157,23600,,
2098048,19,2026-11-03,1157,23600,,
2098048,19,2026-11-04,1157,23600,,
2098048,19,2026-11-05,1157,23600,,
2098048,19,2026-11-06,1157,23600,,
2098048,19,2026-11-07,1157,23600,,
2098048,19,2026-11-08,1157,23600,,
2098048,19,2026-11-09,1157,23600,,
2098048,19,2026-11-10,1157,23600,,
2098048,19,2026-11-11,1157,23600,,
2098048,19,2026-11-12,1157,23600,,
2098048,19,2026-11-13,1157,23600,,
2098048,19,2026-11-14,1157,23600,,
2098048,19,2026-11-15,1157,23600,,
2098048,19,2026-11-16,1157,23600,,
2098048,19,2026-11-17,1157,23600,,
2098048,19,2026-11-18,1157,23600,,
2098048,19,2026-11-19,1157,23600,,
2098048,20,2026-10-21,1157,23600,,
2098048,20,2026-10-22,1157,23600,,
2098048,20,2026-10-23,1157,23600,,
2098048,20,2026-10-24,1157,23600,,
2098048,20,2026-10-25,1157,23600,,
2098048,20,2026-10-26,1157,23600,,
2098048,20,2026-10-27,1157,23600,,
2098048,20,2026-10-28,1157,23600,,
2098048,20,2026-10-29,1157,23600,,
2098048,20,2026-10-30,1157,23600,,
2098048,20,2026-10-31,1157,23600,,
2098048,20,2026-11-01,1157,23600,,
2098048,20,2026-11-02,1157,23600,,
2098048,20,2026-11-03,1157,23600,,
2098048,20,2026-11-04,1157,23600,,
2098048,20,2026-11-05,1157,23600,,
2098048,20,2026-11-06,1157,23600,,
2098048,20,2026-11-07,1157,23600,,
2098048,20,2026-11-08,1157,23600,,
2098048,20,2026-11-09,1157,23600,,
2098048,20,2026-11-10,1157,23600,,
2098048,20,2026-11-11,1157,23600,,
2098048,20,2026-11-12,1157,23600,,
2098048,20,2026-11-13,1157,23600,,
2098048,20,2026-11-14,1157,23600,,
2098048,20,2026-11-15,1157,23600,,
2098048,20,2026-11-16,1157,23600,,
2098048,20,2026-11-17,1157,23600,,
2098048,20,2026-11-18,1157,23600,,
2098048,20,2026-11-19,1157,23600,,
2098048,50,2026-10-21,1157,23600,,
2098048,50,2026-10-22,1157,23600,,
2098048,50,2026-10-23,1157,23600,,
2098048,50,2026-10-24,1157,23600,,
2098048,50,2026-10-25,1157,23600,,
2098048,50,2026-10-26,1157,23600,,
2098048,50,2026-10-27,1157,23600,,
2098048,50,2026-10-28,1157,23600,,
2098048,50,2026-10-29,1157,23600,,
2098048,50,2026-10-30,1157,23600,,
2098048,50,2026-10-31,1157,23600,,
2098048,50,2026-11-01,1157,23600,,
2098048,50,2026-11-02,1157,23600,,
2098048,50,2026-11-03,1157,23600,,
2098048,50,2026-11-04,1157,23600,,
2098048,50,2026-11-05,1157,23600,,
2098048,50,2026-11-06,1157,23600,,
2098048,50,2026-11-07,1157,23600,,
2098048,50,2026-11-08,1157,23600,,
2098048,50,2026-11-09,1157,23600,,
2098048,50,2026-11-10,1157,23600,,
2098048,50,2026-11-11,1157,23600,,
2098048,50,2026-11-12,1157,23600,,
2098048,50,2026-11-13,1157,23600,,
2098048,50,2026-11-14,1157,23600,,
2098048,50,2026-11-15,1157,23600,,
2098048,50,2026-11-16,1157,23600,,
2098048,50,2026-11-17,1157,23600,,
2098048,50,2026-11-18,1157,23600,,
2098048,50,2026-11-19,1157,23600,,
2317284,27,2026-11-26,2005,20000,,
2317284,28,2026-11-26,2005,20000,,
2341617,25,2026-09-25,2073,23600,,
2341617,25,2026-09-26,2069,23600,,
2341617,26,2026-09-25,2073,23600,,
2341617,26,2026-09-26,2069,23600,,
3001250,17,2026-09-25,1210,23600,,
3001250,17,2026-09-26,1210,23600,,
3001250,18,2026-09-25,1210,23600,,
3001250,18,2026-09-26,1210,23600,,
3001250,50,2026-09-25,1210,23600,,
3001250,50,2026-09-26,1210,23600,,
4146211,17,2026-09-26,2347,27848,,
4146211,18,2026-09-26,2347,27848,,
4146211,19,2026-09-26,2416,27848,,
4146211,20,2026-09-26,2416,27848,,
4146211,27,2026-09-25,2851,27848,,
4146211,28,2026-09-25,2851,27848,,
4146211,29,2026-09-26,2830,27848,,
4146211,30,2026-09-26,2830,27848,,
4146211,31,2026-09-26,2830,27848,,
4146211,32,2026-09-26,3072,27848,,
4146211,33,2026-09-26,3072,27848,,
4146211,34,2026-09-26,3072,27848,,
4146211,35,2026-09-25,3368,27848,,
4146211,36,2026-09-25,3368,27848,,
4146211,37,2026-09-25,3368,20000,,
4146211,42,2026-09-25,3713,20000,,
4146211,43,2026-09-25,3713,20000,,
4146211,50,2026-09-26,2347,27848,,
4146211,57,2026-09-26,2830,27848,,
4146211,58,2026-09-26,3072,20000,,
4146211,89,2026-09-26,2830,20000,,
4471338,21,2026-09-25,1868,23600,,
4471338,21,2026-09-26,1868,23600,,
4471338,22,2026-09-25,1868,23600,,
4471338,22,2026-09-26,1868,23600,,
4471338,23,2026-09-25,1868,23600,,
4471338,23,2026-09-26,1868,23600,,
4471338,24,2026-09-25,1868,23600,,
4471338,24,2026-09-26,1868,23600,,
4471338,39,2026-09-25,1868,23600,,
4471338,39,2026-09-26,1868,23600,,
4471338,40,2026-09-25,1868,23600,,
4471338,40,2026-09-26,1868,23600,,
4471338,83,2026-09-25,1868,23600,,
4471338,83,2026-09-26,1868,23600,,
4476459,29,2026-10-16,2611,23600,,
4476459,29,2026-10-17,2639,23600,,
4476459,30,2026-10-16,2611,23600,,
4476459,30,2026-10-17,2639,23600,,
4476459,31,2026-10-16,2611,23600,,
4476459,31,2026-10-17,2639,23600,,
4476459,32,2026-10-16,2611,23600,,
4476459,32,2026-10-17,2639,23600,,
4476459,33,2026-10-16,2611,23600,,
4476459,33,2026-10-17,2639,23600,,
4476459,34,2026-10-16,2611,23600,,
4476459,34,2026-10-17,2639,23600,,
4476459,35,2026-10-18,3121,23600,,
4476459,35,2026-10-21,3109,23600,,
4476459,36,2026-10-18,3121,23600,,
4476459,36,2026-10-21,3109,23600,,
4476459,57,2026-10-16,2611,23600,,
4476459,57,2026-10-17,2639,23600,,
4477291,15,2026-10-09,1050,20000,,
4477291,15,2026-10-16,1199,20000,,
4477291,15,2026-10-30,999,20000,,
4477291,16,2026-10-09,1050,20000,,
4477291,16,2026-10-30,999,20000,,
4477291,17,2026-10-09,1119,20000,,
4477291,17,2026-10-30,1068,20000,,
4477291,18,2026-10-09,1119,20000,,
4477291,18,2026-10-30,1068,20000,,
4477291,19,2026-10-09,1119,20000,,
4477291,19,2026-10-30,1068,20000,,
4477291,20,2026-10-09,1119,20000,,
4477291,20,2026-10-30,1068,20000,,
4477291,21,2026-10-09,1257,20000,,
4477291,21,2026-10-31,1183,20000,,
4477291,22,2026-10-09,1257,20000,,
4477291,22,2026-10-31,1183,20000,,
4477291,23,2026-10-09,1257,20000,,
4477291,23,2026-10-31,1183,20000,,
4477291,24,2026-10-09,1257,20000,,
4477291,24,2026-10-31,1183,20000,,
4477291,38,2026-10-09,1050,20000,,
4477291,38,2026-10-16,1199,20000,,
4477291,38,2026-10-30,999,20000,,
4477291,39,2026-10-09,1257,20000,,
4477291,39,2026-10-31,1183,20000,,
4477291,50,2026-10-09,1119,20000,,
4477291,50,2026-10-30,1068,20000,,
4477291,52,2026-10-09,1050,20000,,
4477291,52,2026-10-30,999,20000,,
4477291,76,2026-10-09,1050,20000,,
4477291,76,2026-10-16,1199,20000,,
4477291,76,2026-10-30,999,20000,,
5000010,23,2026-09-25,2490,23600,,
5000010,23,2026-09-26,2486,23600,,
5000010,24,2026-09-25,2490,23600,,
5000010,24,2026-09-26,2486,23600,,
5000010,29,2026-09-25,2904,23600,,
5000010,29,2026-09-26,2900,23600,,
5000010,30,2026-09-25,2904,23600,,
5000010,30,2026-09-26,2900,23600,,
5000010,31,2026-09-25,2904,23600,,
5000010,31,2026-09-26,2900,23600,,
5000010,40,2026-09-25,2490,23600,,
5000010,40,2026-09-26,2486,23600,,
5000010,57,2026-09-25,2904,23600,,
5000010,57,2026-09-26,2900,23600,,
5000010,89,2026-09-25,2904,23600,,
5000010,89,2026-09-26,2900,23600,,
5000022,17,2026-09-25,1576,20000,,
5000022,18,2026-09-25,1576,20000,,
5000022,19,2026-09-25,1714,20000,,
5000022,20,2026-09-25,1714,20000,,
5000022,21,2026-09-25,1783,20000,,
5000022,22,2026-09-25,1783,20000,,
5000022,23,2026-09-26,1988,20000,,
5000022,24,2026-09-26,1988,20000,,
5000022,27,2026-09-26,2368,20000,,
5000022,28,2026-09-26,2368,20000,,
5000022,39,2026-09-25,1783,20000,,
5000022,40,2026-09-26,1988,20000,,
5000022,50,2026-09-25,1576,20000,,
5000022,83,2026-09-25,1783,20000,,
6141453,35,2026-10-01,3152,23600,,
6141453,36,2026-10-01,3152,23600,,
9772256,35,2026-09-25,5262,23600,,
9772256,35,2026-09-26,5287,23600,,
9772256,36,2026-09-25,5262,23600,,
9772256,36,2026-09-26,5287,23600,,
9772256,37,2026-09-25,5262,23600,,
9772256,37,2026-09-26,5287,23600,,
9772256,42,2026-09-25,6090,23600,,
9772256,42,2027-09-20,5868,23600,,
9772256,43,2026-09-25,6090,23600,,
9772256,43,2027-09-20,5868,23600,,
