property_code,sku_code,date,min_price,max_price,region,city,original_min_price,pct_diff,alert
0003211,25,"September 19, 2026","1,957","23,600",North 1,Jaipur,"2,128",-6,Critical
0019694,21,"September 19, 2026","2,304","23,600",South 1,Bangalore,"2,516",-6,Critical
0019694,22,"September 19, 2026","2,304","23,600",South 1,Bangalore,"2,516",-6,Critical
0019694,23,"September 19, 2026","2,511","23,600",South 1,Bangalore,"2,726",-6,Critical
0019694,24,"September 19, 2026","2,511","23,600",South 1,Bangalore,"2,726",-6,Critical
0019694,25,"September 19, 2026","2,511","23,600",South 1,Bangalore,"2,726",-6,Critical
0019694,26,"September 19, 2026","2,511","23,600",South 1,Bangalore,"2,726",-6,Critical
0019694,39,"September 19, 2026","2,304","23,600",South 1,Bangalore,"2,516",-6,Critical
0019694,40,"September 19, 2026","2,511","23,600",South 1,Bangalore,"2,726",-6,Critical
0019694,83,"September 19, 2026","2,304","23,600",South 1,Bangalore,"2,516",-6,Critical
0045959,27,"September 19, 2026","2,295","20,000",South 2,Hyderabad,"2,500",-6,Critical
0045959,28,"September 19, 2026","2,295","20,000",South 2,Hyderabad,"2,500",-6,Critical
0050525,21,"September 19, 2026","2,357","23,600",West,Pune,"2,561",-6,Critical
0050525,22,"September 19, 2026","2,357","23,600",West,Pune,"2,561",-6,Critical
0050525,39,"September 19, 2026","2,357","23,600",West,Pune,"2,561",-6,Critical
0050525,83,"September 19, 2026","2,357","23,600",West,Pune,"2,561",-6,Critical
0191524,23,"September 19, 2026","2,146","23,600",South 1,Alleppey,"2,345",-6,Critical
0191524,24,"September 19, 2026","2,146","23,600",South 1,Alleppey,"2,345",-6,Critical
0191524,40,"September 19, 2026","2,146","23,600",South 1,Alleppey,"2,345",-6,Critical
0242206,25,"September 13, 2026","2,737","23,600",South 2,Chennai,"2,979",-6,Critical
0242206,27,"September 13, 2026","2,875","23,600",South 2,Chennai,"3,117",-6,Critical
0242206,28,"September 13, 2026","2,875","23,600",South 2,Chennai,"3,117",-6,Critical
0262502,29,"September 19, 2026","2,566","23,600",South 2,Coimbatore,"2,784",-6,Critical
0262502,30,"September 19, 2026","2,566","23,600",South 2,Coimbatore,"2,784",-6,Critical
0262502,31,"September 19, 2026","2,566","23,600",South 2,Coimbatore,"2,784",-6,Critical
0262502,32,"September 18, 2026","2,786","23,600",South 2,Coimbatore,"3,012",-6,Critical
0262502,33,"September 18, 2026","2,786","23,600",South 2,Coimbatore,"3,012",-6,Critical
0262502,34,"September 18, 2026","2,786","23,600",South 2,Coimbatore,"3,012",-6,Critical
0262502,57,"September 19, 2026","2,566","23,600",South 2,Coimbatore,"2,784",-6,Critical
1107594,25,"December 12, 2026","1,968","23,600",South 1,Belgaum,"2,128",-6,Critical
1107594,25,"December 12, 2026","1,968","23,600",South 1,Belgaum,"2,128",-6,Critical
1126702,25,"September 16, 2026","2,344","23,600",North 2,Dehradun,"2,539",-6,Critical
1126702,25,"September 13, 2027","2,539","23,600",North 2,Dehradun,"2,777",-6,Critical
1126702,26,"September 16, 2026","2,344","23,600",North 2,Dehradun,"2,539",-6,Critical
1126702,26,"September 13, 2027","2,539","23,600",North 2,Dehradun,"2,777",-6,Critical
1127927,27,"September 19, 2026","2,111","23,600",North 2,Dehradun,"2,299",-6,Critical
1127927,28,"September 19, 2026","2,111","23,600",North 2,Dehradun,"2,299",-6,Critical
1127927,29,"September 19, 2026","1,973","23,600",North 2,Dehradun,"2,159",-6,Critical
1127927,30,"September 19, 2026","1,973","23,600",North 2,Dehradun,"2,159",-6,Critical
1127927,31,"September 19, 2026","1,973","23,600",North 2,Dehradun,"2,159",-6,Critical
1127927,32,"September 19, 2026","2,042","23,600",North 2,Dehradun,"2,229",-6,Critical
1127927,33,"September 19, 2026","2,042","23,600",North 2,Dehradun,"2,229",-6,Critical
1127927,34,"September 19, 2026","2,042","23,600",North 2,Dehradun,"2,229",-6,Critical
1127927,57,"September 19, 2026","1,973","23,600",North 2,Dehradun,"2,159",-6,Critical
1133570,19,"December 12, 2026","1,598","20,000",South 1,Thiruvananthapuram,"1,736",-6,Critical
1133570,20,"December 12, 2026","1,598","20,000",South 1,Thiruvananthapuram,"1,736",-6,Critical
1133570,21,"December 12, 2026","1,598","20,000",South 1,Thiruvananthapuram,"1,736",-6,Critical
1133570,22,"December 12, 2026","1,598","20,000",South 1,Thiruvananthapuram,"1,736",-6,Critical
1133570,39,"December 12, 2026","1,598","20,000",South 1,Thiruvananthapuram,"1,736",-6,Critical
1133570,83,"December 12, 2026","1,598","20,000",South 1,Thiruvananthapuram,"1,736",-6,Critical
1136669,17,"September 13, 2027","1,975","23,600",South 1,Thiruvananthapuram,"2,145",-6,Critical
1136669,18,"September 13, 2027","1,975","23,600",South 1,Thiruvananthapuram,"2,145",-6,Critical
1139087,19,"December 12, 2026","1,593","23,600",South 1,Thiruvananthapuram,"1,741",-6,Critical
1139087,20,"December 12, 2026","1,593","23,600",South 1,Thiruvananthapuram,"1,741",-6,Critical
1139087,29,"December 12, 2026","1,731","23,600",South 1,Thiruvananthapuram,"1,871",-6,Critical
1139087,30,"December 12, 2026","1,731","23,600",South 1,Thiruvananthapuram,"1,871",-6,Critical
1139087,31,"December 12, 2026","1,731","23,600",South 1,Thiruvananthapuram,"1,871",-6,Critical
1139087,57,"December 12, 2026","1,731","23,600",South 1,Thiruvananthapuram,"1,871",-6,Critical
1165642,21,"September 19, 2026","2,078","23,600",South 1,Kochi,"2,249",-6,Critical
1165642,22,"September 19, 2026","2,078","23,600",South 1,Kochi,"2,249",-6,Critical
1165642,39,"September 19, 2026","2,078","23,600",South 1,Kochi,"2,249",-6,Critical
1165642,83,"September 19, 2026","2,078","23,600",South 1,Kochi,"2,249",-6,Critical
1166252,27,"September 19, 2026","2,533","23,600",South 1,Kochi,"2,755",-6,Critical
1166252,28,"September 19, 2026","2,533","23,600",South 1,Kochi,"2,755",-6,Critical
1168316,17,"September 13, 2027","1,714","23,600",South 1,Kochi,"1,867",-6,Critical
1168316,18,"September 13, 2027","1,714","23,600",South 1,Kochi,"1,867",-6,Critical
1168316,19,"September 13, 2027","1,783","23,600",South 1,Kochi,"1,937",-6,Critical
1168316,20,"September 13, 2027","1,783","23,600",South 1,Kochi,"1,937",-6,Critical
1168316,50,"September 13, 2027","1,714","23,600",South 1,Kochi,"1,867",-6,Critical
1168316,51,"September 13, 2027","1,783","23,600",South 1,Kochi,"1,937",-6,Critical
1168316,87,"September 13, 2027","1,714","23,600",South 1,Kochi,"1,867",-6,Critical
1171648,17,"September 19, 2026","1,738","23,600",North 1,Faridabad,"1,885",-6,Critical
1171648,18,"September 19, 2026","1,738","23,600",North 1,Faridabad,"1,885",-6,Critical
1176148,29,"September 19, 2026","1,502","23,600",North 2,Manali,"1,625",-6,Critical
1176148,30,"September 19, 2026","1,502","23,600",North 2,Manali,"1,625",-6,Critical
1176148,31,"September 19, 2026","1,502","23,600",North 2,Manali,"1,625",-6,Critical
1176148,32,"September 19, 2026","1,502","23,600",North 2,Manali,"1,625",-6,Critical
1176148,33,"September 19, 2026","1,502","23,600",North 2,Manali,"1,625",-6,Critical
1176148,34,"September 19, 2026","1,502","23,600",North 2,Manali,"1,625",-6,Critical
1176148,57,"September 19, 2026","1,502","23,600",North 2,Manali,"1,625",-6,Critical
1203621,25,"September 13, 2027","1,723","23,600",North 2,Shimla,"1,882",-6,Critical
1203621,26,"September 13, 2027","1,723","23,600",North 2,Shimla,"1,882",-6,Critical
1204840,25,"October 4, 2026","1,833","27,848",North 2,Shimla,"1,981",-6,Critical
1204840,26,"October 4, 2026","1,833","27,848",North 2,Shimla,"1,981",-6,Critical
1204840,78,"November 12, 2026","1,309","27,848",North 2,Shimla,"1,424",-6,Critical
1204840,79,"November 12, 2026","1,309","27,848",North 2,Shimla,"1,424",-6,Critical
1205898,15,"September 19, 2026","1,371","23,600",North 2,Prayagraj,"1,485",-6,Critical
1205898,16,"September 16, 2026","1,436","23,600",North 2,Prayagraj,"1,550",-6,Critical
1205898,29,"September 19, 2026","1,785","23,600",North 2,Prayagraj,"1,945",-6,Critical
1205898,30,"September 19, 2026","1,785","23,600",North 2,Prayagraj,"1,945",-6,Critical
1205898,31,"September 19, 2026","1,785","23,600",North 2,Prayagraj,"1,945",-6,Critical
1205898,38,"September 19, 2026","1,371","23,600",North 2,Prayagraj,"1,485",-6,Critical
1205898,52,"September 16, 2026","1,436","23,600",North 2,Prayagraj,"1,550",-6,Critical
1205898,57,"September 19, 2026","1,785","23,600",North 2,Prayagraj,"1,945",-6,Critical
1205898,76,"September 19, 2026","1,371","23,600",North 2,Prayagraj,"1,485",-6,Critical
1205898,89,"September 19, 2026","1,785","23,600",North 2,Prayagraj,"1,945",-6,Critical
1206030,27,"September 13, 2027","4,101","20,000",North 2,Shimla,"4,448",-6,Critical
1206030,28,"September 13, 2027","4,101","20,000",North 2,Shimla,"4,448",-6,Critical
1206822,35,"October 2, 2026","3,625","23,600",North 2,Shimla,"3,933",-6,Critical
1206822,35,"October 3, 2026","3,625","23,600",North 2,Shimla,"3,933",-6,Critical
1206822,36,"October 2, 2026","3,625","23,600",North 2,Shimla,"3,933",-6,Critical
1206822,36,"October 3, 2026","3,625","23,600",North 2,Shimla,"3,933",-6,Critical
1206822,37,"October 2, 2026","3,625","23,600",North 2,Shimla,"3,933",-6,Critical
1206822,37,"October 3, 2026","3,625","23,600",North 2,Shimla,"3,933",-6,Critical
1206897,21,"September 16, 2026","1,490","23,600",North 2,Shimla,"1,610",-6,Critical
1206897,22,"September 16, 2026","1,490","23,600",North 2,Shimla,"1,610",-6,Critical
1206897,23,"September 16, 2026","1,490","23,600",North 2,Shimla,"1,610",-6,Critical
1206897,24,"September 16, 2026","1,490","23,600",North 2,Shimla,"1,610",-6,Critical
1206897,39,"September 16, 2026","1,490","23,600",North 2,Shimla,"1,610",-6,Critical
1206897,40,"September 16, 2026","1,490","23,600",North 2,Shimla,"1,610",-6,Critical
1206897,83,"September 16, 2026","1,490","23,600",North 2,Shimla,"1,610",-6,Critical
1208576,32,"October 2, 2026","2,631","20,000",North 2,Shimla,"2,870",-6,Critical
1208576,32,"October 3, 2026","2,631","20,000",North 2,Shimla,"2,870",-6,Critical
1208576,33,"October 2, 2026","2,631","20,000",North 2,Shimla,"2,870",-6,Critical
1208576,33,"October 3, 2026","2,631","20,000",North 2,Shimla,"2,870",-6,Critical
1208576,34,"October 2, 2026","2,631","20,000",North 2,Shimla,"2,870",-6,Critical
1208576,34,"October 3, 2026","2,631","20,000",North 2,Shimla,"2,870",-6,Critical
1229511,23,"December 12, 2026","2,046","23,600",North 2,Varanasi,"2,216",-6,Critical
1229511,24,"December 12, 2026","2,046","23,600",North 2,Varanasi,"2,216",-6,Critical
1229511,27,"September 19, 2026","2,106","23,600",North 2,Varanasi,"2,296",-6,Critical
1229511,28,"September 19, 2026","2,106","23,600",North 2,Varanasi,"2,296",-6,Critical
1229511,40,"December 12, 2026","2,046","23,600",North 2,Varanasi,"2,216",-6,Critical
1229511,41,"September 19, 2026","2,106","23,600",North 2,Varanasi,"2,296",-6,Critical
1229511,84,"December 12, 2026","2,046","23,600",North 2,Varanasi,"2,216",-6,Critical
1229920,27,"September 13, 2026","1,465","23,600",North 2,Varanasi,"1,599",-6,Critical
1229920,28,"September 13, 2026","1,465","23,600",North 2,Varanasi,"1,599",-6,Critical
1231999,42,"September 13, 2027","2,930","20,000",South 2,Vijayawada,"3,166",-6,Critical
1231999,43,"September 13, 2027","2,930","20,000",South 2,Vijayawada,"3,166",-6,Critical
1244531,27,"November 12, 2026","3,511","23,600",South 2,Chennai,"3,815",-6,Critical
1244531,28,"November 12, 2026","3,511","23,600",South 2,Chennai,"3,815",-6,Critical
1246802,19,"September 14, 2026","1,846","23,600",South 2,Chennai,"2,019",-6,Critical
1246802,20,"September 14, 2026","1,846","23,600",South 2,Chennai,"2,019",-6,Critical
1246851,19,"September 19, 2026","1,978","23,600",South 2,Chennai,"2,151",-6,Critical
1246851,20,"September 19, 2026","1,978","23,600",South 2,Chennai,"2,151",-6,Critical
1246851,21,"September 19, 2026","1,978","23,600",South 2,Chennai,"2,151",-6,Critical
1246851,22,"September 19, 2026","1,978","23,600",South 2,Chennai,"2,151",-6,Critical
1246851,39,"September 19, 2026","1,978","23,600",South 2,Chennai,"2,151",-6,Critical
1246851,83,"September 19, 2026","1,978","23,600",South 2,Chennai,"2,151",-6,Critical
1259110,17,"September 14, 2026","1,431","23,600",South 2,Pondicherry,"1,552",-6,Critical
1259110,18,"September 14, 2026","1,431","23,600",South 2,Pondicherry,"1,552",-6,Critical
1259110,50,"September 14, 2026","1,431","23,600",South 2,Pondicherry,"1,552",-6,Critical
1265433,19,"September 19, 2026","1,808","23,600",South 2,Coimbatore,"1,962",-6,Critical
1265433,20,"September 19, 2026","1,808","23,600",South 2,Coimbatore,"1,962",-6,Critical
1265433,29,"September 19, 2026","2,878","23,600",South 2,Coimbatore,"3,144",-6,Critical
1265433,30,"September 19, 2026","2,878","23,600",South 2,Coimbatore,"3,144",-6,Critical
1265433,31,"September 19, 2026","2,878","23,600",South 2,Coimbatore,"3,144",-6,Critical
1265433,32,"September 19, 2026","3,085","23,600",South 2,Coimbatore,"3,339",-6,Critical
1265433,33,"September 19, 2026","3,085","23,600",South 2,Coimbatore,"3,339",-6,Critical
1265433,34,"September 19, 2026","3,085","23,600",South 2,Coimbatore,"3,339",-6,Critical
1265433,57,"September 19, 2026","2,878","23,600",South 2,Coimbatore,"3,144",-6,Critical
1267644,25,"September 19, 2026","1,871","23,600",North 2,Chandigarh,"2,039",-6,Critical
1267644,26,"September 19, 2026","1,871","23,600",North 2,Chandigarh,"2,039",-6,Critical
1267644,27,"September 19, 2026","2,078","23,600",North 2,Chandigarh,"2,249",-6,Critical
1267644,28,"September 19, 2026","2,078","23,600",North 2,Chandigarh,"2,249",-6,Critical
1269686,15,"September 19, 2026","1,312","23,600",South 2,Coimbatore,"1,430",-6,Critical
1269686,27,"September 19, 2026","2,002","23,600",South 2,Coimbatore,"2,185",-6,Critical
1269686,28,"September 19, 2026","2,002","23,600",South 2,Coimbatore,"2,185",-6,Critical
1269686,38,"September 19, 2026","1,312","23,600",South 2,Coimbatore,"1,430",-6,Critical
1291813,35,"September 19, 2026","3,484","23,600",South 2,Visakhapatnam,"3,775",-6,Critical
1291813,36,"September 19, 2026","3,484","23,600",South 2,Visakhapatnam,"3,775",-6,Critical
1292558,17,"September 19, 2026","1,333","23,600",South 2,Visakhapatnam,"1,439",-6,Critical
1292558,18,"September 19, 2026","1,333","23,600",South 2,Visakhapatnam,"1,439",-6,Critical
1292558,50,"September 19, 2026","1,333","23,600",South 2,Visakhapatnam,"1,439",-6,Critical
1298362,23,"September 19, 2026","2,214","23,600",South 2,Visakhapatnam,"2,411",-6,Critical
1298362,24,"September 19, 2026","2,214","23,600",South 2,Visakhapatnam,"2,411",-6,Critical
1298362,40,"September 19, 2026","2,214","23,600",South 2,Visakhapatnam,"2,411",-6,Critical
1307656,15,"December 12, 2026","1,126","23,600",North 2,Agra,"1,229",-6,Critical
1307656,16,"December 12, 2026","1,126","23,600",North 2,Agra,"1,229",-6,Critical
1307656,38,"December 12, 2026","1,126","23,600",North 2,Agra,"1,229",-6,Critical
1307656,52,"December 12, 2026","1,126","23,600",North 2,Agra,"1,229",-6,Critical
1319620,23,"September 13, 2026","1,410","23,600",North 1,Udaipur,"1,539",-6,Critical
1319620,24,"September 13, 2026","1,410","23,600",North 1,Udaipur,"1,539",-6,Critical
1326972,29,"September 19, 2026","1,493","23,600",North 1,Jaipur,"1,619",-6,Critical
1326972,30,"September 19, 2026","1,493","23,600",North 1,Jaipur,"1,619",-6,Critical
1326972,31,"September 19, 2026","1,493","23,600",North 1,Jaipur,"1,619",-6,Critical
1326972,57,"September 19, 2026","1,493","23,600",North 1,Jaipur,"1,619",-6,Critical
1326972,89,"September 19, 2026","1,493","23,600",North 1,Jaipur,"1,619",-6,Critical
1327100,17,"December 12, 2026","3,134","23,600",North 1,Jaipur,"3,407",-6,Critical
1327100,18,"December 12, 2026","3,134","23,600",North 1,Jaipur,"3,407",-6,Critical
1327100,19,"December 12, 2026","3,238","23,600",North 1,Jaipur,"3,512",-6,Critical
1327100,20,"December 12, 2026","3,238","23,600",North 1,Jaipur,"3,512",-6,Critical
1327100,21,"December 12, 2026","3,410","23,600",North 1,Jaipur,"3,687",-6,Critical
1327100,22,"December 12, 2026","3,410","23,600",North 1,Jaipur,"3,687",-6,Critical
1327100,39,"December 12, 2026","3,410","23,600",North 1,Jaipur,"3,687",-6,Critical
1327100,50,"December 12, 2026","3,134","23,600",North 1,Jaipur,"3,407",-6,Critical
1327100,83,"December 12, 2026","3,410","23,600",North 1,Jaipur,"3,687",-6,Critical
1365209,17,"September 18, 2026","1,531","23,600",North 1,Jodhpur,"1,665",-6,Critical
1365209,18,"September 18, 2026","1,531","23,600",North 1,Jodhpur,"1,665",-6,Critical
1365209,19,"September 18, 2026","1,617","23,600",North 1,Jodhpur,"1,746",-6,Critical
1365209,20,"September 18, 2026","1,617","23,600",North 1,Jodhpur,"1,746",-6,Critical
1365209,50,"September 18, 2026","1,531","23,600",North 1,Jodhpur,"1,665",-6,Critical
1365825,16,"September 19, 2026","1,139","23,600",East,Patna,"1,238",-6,Critical
1371182,17,"September 13, 2027","2,756","23,600",West,Mumbai,"3,012",-6,Critical
1371182,18,"September 13, 2027","2,756","23,600",West,Mumbai,"3,012",-6,Critical
1371182,19,"September 13, 2027","2,963","23,600",West,Mumbai,"3,207",-6,Critical
1371182,20,"September 13, 2027","2,963","23,600",West,Mumbai,"3,207",-6,Critical
1371182,50,"September 13, 2027","2,756","23,600",West,Mumbai,"3,012",-6,Critical
1371857,21,"September 19, 2026","3,220","23,600",West,Thane,"3,494",-6,Critical
1371857,22,"September 19, 2026","3,220","23,600",West,Thane,"3,494",-6,Critical
1371857,23,"September 19, 2026","3,289","23,600",West,Thane,"3,564",-6,Critical
1371857,24,"September 19, 2026","3,289","23,600",West,Thane,"3,564",-6,Critical
1371857,39,"September 19, 2026","3,220","23,600",West,Thane,"3,494",-6,Critical
1371857,40,"September 19, 2026","3,289","23,600",West,Thane,"3,564",-6,Critical
1371857,83,"September 19, 2026","3,220","23,600",West,Thane,"3,494",-6,Critical
1374088,35,"September 13, 2027","3,447","23,600",West,Mumbai,"3,770",-6,Critical
1374088,36,"September 13, 2027","3,447","23,600",West,Mumbai,"3,770",-6,Critical
1375831,27,"September 15, 2026","2,371","23,600",West,Mumbai,"2,562",-6,Critical
1375831,27,"September 17, 2026","2,351","23,600",West,Mumbai,"2,562",-6,Critical
1375831,28,"September 15, 2026","2,371","23,600",West,Mumbai,"2,562",-6,Critical
1375831,28,"September 17, 2026","2,351","23,600",West,Mumbai,"2,562",-6,Critical
1375831,29,"September 18, 2026","2,611","23,600",West,Mumbai,"2,843",-6,Critical
1375831,30,"September 18, 2026","2,611","23,600",West,Mumbai,"2,843",-6,Critical
1375831,31,"September 18, 2026","2,611","23,600",West,Mumbai,"2,843",-6,Critical
1375831,32,"September 18, 2026","2,784","23,600",West,Mumbai,"3,018",-6,Critical
1375831,33,"September 18, 2026","2,784","23,600",West,Mumbai,"3,018",-6,Critical
1375831,34,"September 18, 2026","2,784","23,600",West,Mumbai,"3,018",-6,Critical
1375831,57,"September 18, 2026","2,611","23,600",West,Mumbai,"2,843",-6,Critical
1375831,58,"September 18, 2026","2,784","23,600",West,Mumbai,"3,018",-6,Critical
1375831,89,"September 18, 2026","2,611","23,600",West,Mumbai,"2,843",-6,Critical
1379032,23,"September 19, 2026","2,186","20,000",West,Badlapur,"2,388",-6,Critical
1379032,24,"September 19, 2026","2,186","20,000",West,Badlapur,"2,388",-6,Critical
1381192,19,"September 19, 2026","2,021","23,600",West,Goa,"2,210",-6,Critical
1381192,20,"September 19, 2026","2,021","23,600",West,Goa,"2,210",-6,Critical
1381192,23,"September 13, 2027","2,414","23,600",West,Goa,"2,636",-6,Critical
1381192,24,"September 13, 2027","2,414","23,600",West,Goa,"2,636",-6,Critical
1385250,25,"September 19, 2026","2,198","23,600",West,Goa,"2,395",-6,Critical
1385250,26,"September 19, 2026","2,198","23,600",West,Goa,"2,395",-6,Critical
1386481,21,"December 12, 2026","2,660","23,600",West,Goa,"2,908",-6,Critical
1386481,22,"December 12, 2026","2,660","23,600",West,Goa,"2,908",-6,Critical
1386481,23,"December 12, 2026","2,763","23,600",West,Goa,"3,006",-6,Critical
1386481,24,"December 12, 2026","2,763","23,600",West,Goa,"3,006",-6,Critical
1386481,25,"September 19, 2026","1,953","23,600",West,Goa,"2,125",-6,Critical
1386481,26,"September 19, 2026","1,953","23,600",West,Goa,"2,125",-6,Critical
1386481,39,"December 12, 2026","2,660","23,600",West,Goa,"2,908",-6,Critical
1386481,40,"December 12, 2026","2,763","23,600",West,Goa,"3,006",-6,Critical
1386481,83,"December 12, 2026","2,660","23,600",West,Goa,"2,908",-6,Critical
1395021,21,"October 1, 2026","3,761","23,600",North 1,Ahmedabad,"4,102",-6,Critical
1395021,21,"October 2, 2026","3,761","23,600",North 1,Ahmedabad,"4,102",-6,Critical
1395021,21,"October 3, 2026","3,761","23,600",North 1,Ahmedabad,"4,102",-6,Critical
1395021,21,"October 4, 2026","3,761","23,600",North 1,Ahmedabad,"4,102",-6,Critical
1395021,22,"October 1, 2026","3,761","23,600",North 1,Ahmedabad,"4,102",-6,Critical
1395021,22,"October 2, 2026","3,761","23,600",North 1,Ahmedabad,"4,102",-6,Critical
1395021,22,"October 3, 2026","3,761","23,600",North 1,Ahmedabad,"4,102",-6,Critical
1395021,22,"October 4, 2026","3,761","23,600",North 1,Ahmedabad,"4,102",-6,Critical
1395021,23,"September 19, 2026","1,984","23,600",North 1,Ahmedabad,"2,164",-6,Critical
1395021,23,"October 1, 2026","3,864","23,600",North 1,Ahmedabad,"4,200",-6,Critical
1395021,23,"October 2, 2026","3,864","23,600",North 1,Ahmedabad,"4,200",-6,Critical
1395021,23,"October 3, 2026","3,864","23,600",North 1,Ahmedabad,"4,200",-6,Critical
1395021,23,"October 4, 2026","3,864","23,600",North 1,Ahmedabad,"4,200",-6,Critical
1395021,24,"September 19, 2026","1,984","23,600",North 1,Ahmedabad,"2,164",-6,Critical
1395021,24,"October 1, 2026","3,864","23,600",North 1,Ahmedabad,"4,200",-6,Critical
1395021,24,"October 2, 2026","3,864","23,600",North 1,Ahmedabad,"4,200",-6,Critical
1395021,24,"October 3, 2026","3,864","23,600",North 1,Ahmedabad,"4,200",-6,Critical
1395021,24,"October 4, 2026","3,864","23,600",North 1,Ahmedabad,"4,200",-6,Critical
1395021,39,"October 1, 2026","3,761","23,600",North 1,Ahmedabad,"4,102",-6,Critical
1395021,39,"October 2, 2026","3,761","23,600",North 1,Ahmedabad,"4,102",-6,Critical
1395021,39,"October 3, 2026","3,761","23,600",North 1,Ahmedabad,"4,102",-6,Critical
1395021,39,"October 4, 2026","3,761","23,600",North 1,Ahmedabad,"4,102",-6,Critical
1395021,40,"September 19, 2026","1,984","23,600",North 1,Ahmedabad,"2,164",-6,Critical
1395021,40,"October 1, 2026","3,864","23,600",North 1,Ahmedabad,"4,200",-6,Critical
1395021,40,"October 2, 2026","3,864","23,600",North 1,Ahmedabad,"4,200",-6,Critical
1395021,40,"October 3, 2026","3,864","23,600",North 1,Ahmedabad,"4,200",-6,Critical
1395021,40,"October 4, 2026","3,864","23,600",North 1,Ahmedabad,"4,200",-6,Critical
1395021,83,"October 1, 2026","3,761","23,600",North 1,Ahmedabad,"4,102",-6,Critical
1395021,83,"October 2, 2026","3,761","23,600",North 1,Ahmedabad,"4,102",-6,Critical
1395021,83,"October 3, 2026","3,761","23,600",North 1,Ahmedabad,"4,102",-6,Critical
1395021,83,"October 4, 2026","3,761","23,600",North 1,Ahmedabad,"4,102",-6,Critical
1395021,84,"September 19, 2026","1,984","23,600",North 1,Ahmedabad,"2,164",-6,Critical
1395021,84,"October 1, 2026","3,864","23,600",North 1,Ahmedabad,"4,200",-6,Critical
1395021,84,"October 2, 2026","3,864","23,600",North 1,Ahmedabad,"4,200",-6,Critical
1395021,84,"October 3, 2026","3,864","23,600",North 1,Ahmedabad,"4,200",-6,Critical
1395021,84,"October 4, 2026","3,864","23,600",North 1,Ahmedabad,"4,200",-6,Critical
1395021,97,"October 1, 2026","3,761","23,600",North 1,Ahmedabad,"4,102",-6,Critical
1395021,97,"October 2, 2026","3,761","23,600",North 1,Ahmedabad,"4,102",-6,Critical
1395021,97,"October 3, 2026","3,761","23,600",North 1,Ahmedabad,"4,102",-6,Critical
1395021,97,"October 4, 2026","3,761","23,600",North 1,Ahmedabad,"4,102",-6,Critical
1396947,15,"September 13, 2027","2,650","23,600",North 1,Ahmedabad,"2,876",-6,Critical
1396947,16,"September 13, 2027","2,823","23,600",North 1,Ahmedabad,"3,051",-6,Critical
1396947,38,"September 13, 2027","2,650","23,600",North 1,Ahmedabad,"2,876",-6,Critical
1396947,52,"September 13, 2027","2,823","23,600",North 1,Ahmedabad,"3,051",-6,Critical
1396947,76,"September 13, 2027","2,650","23,600",North 1,Ahmedabad,"2,876",-6,Critical
1398875,23,"September 19, 2026","2,301","23,600",North 1,Ahmedabad,"2,495",-6,Critical
1398875,24,"September 19, 2026","2,301","23,600",North 1,Ahmedabad,"2,495",-6,Critical
1398875,40,"September 19, 2026","2,301","23,600",North 1,Ahmedabad,"2,495",-6,Critical
1405295,23,"September 19, 2026","1,398","23,600",North 1,Vadodara,"1,524",-6,Critical
1405295,24,"September 19, 2026","1,398","23,600",North 1,Vadodara,"1,524",-6,Critical
1405295,29,"September 19, 2026","1,519","23,600",North 1,Vadodara,"1,644",-6,Critical
1405295,30,"September 19, 2026","1,519","23,600",North 1,Vadodara,"1,644",-6,Critical
1405295,31,"September 19, 2026","1,519","23,600",North 1,Vadodara,"1,644",-6,Critical
1405295,40,"September 19, 2026","1,398","23,600",North 1,Vadodara,"1,524",-6,Critical
1405295,57,"September 19, 2026","1,519","23,600",North 1,Vadodara,"1,644",-6,Critical
1416642,19,"September 19, 2026","1,865","23,600",East,Kolkata,"2,037",-6,Critical
1416642,20,"September 19, 2026","1,865","23,600",East,Kolkata,"2,037",-6,Critical
1416642,21,"September 19, 2026","1,969","23,600",East,Kolkata,"2,135",-6,Critical
1416642,22,"September 19, 2026","1,969","23,600",East,Kolkata,"2,135",-6,Critical
1416642,39,"September 19, 2026","1,969","23,600",East,Kolkata,"2,135",-6,Critical
1416642,83,"September 19, 2026","1,969","23,600",East,Kolkata,"2,135",-6,Critical
1431818,17,"November 22, 2026","5,686","27,848",North 1,Noida,"6,190",-6,Critical
1431818,17,"November 23, 2026","5,686","27,848",North 1,Noida,"6,190",-6,Critical
1431818,17,"November 24, 2026","5,686","27,848",North 1,Noida,"6,190",-6,Critical
1431818,17,"November 25, 2026","5,686","27,848",North 1,Noida,"6,190",-6,Critical
1431818,17,"November 26, 2026","5,686","27,848",North 1,Noida,"6,190",-6,Critical
1431818,18,"November 22, 2026","5,686","27,848",North 1,Noida,"6,190",-6,Critical
1431818,18,"November 23, 2026","5,686","27,848",North 1,Noida,"6,190",-6,Critical
1431818,18,"November 24, 2026","5,686","27,848",North 1,Noida,"6,190",-6,Critical
1431818,18,"November 25, 2026","5,686","27,848",North 1,Noida,"6,190",-6,Critical
1431818,18,"November 26, 2026","5,686","27,848",North 1,Noida,"6,190",-6,Critical
1431818,19,"November 22, 2026","5,755","27,848",North 1,Noida,"6,255",-6,Critical
1431818,19,"November 23, 2026","5,755","27,848",North 1,Noida,"6,255",-6,Critical
1431818,19,"November 24, 2026","5,755","27,848",North 1,Noida,"6,255",-6,Critical
1431818,19,"November 25, 2026","5,755","27,848",North 1,Noida,"6,255",-6,Critical
1431818,19,"November 26, 2026","5,755","27,848",North 1,Noida,"6,255",-6,Critical
1431818,20,"November 22, 2026","5,755","27,848",North 1,Noida,"6,255",-6,Critical
1431818,20,"November 23, 2026","5,755","27,848",North 1,Noida,"6,255",-6,Critical
1431818,20,"November 24, 2026","5,755","27,848",North 1,Noida,"6,255",-6,Critical
1431818,20,"November 25, 2026","5,755","27,848",North 1,Noida,"6,255",-6,Critical
1431818,20,"November 26, 2026","5,755","27,848",North 1,Noida,"6,255",-6,Critical
1431818,21,"November 22, 2026","5,859","27,848",North 1,Noida,"6,353",-6,Critical
1431818,21,"November 23, 2026","5,859","27,848",North 1,Noida,"6,353",-6,Critical
1431818,21,"November 24, 2026","5,859","27,848",North 1,Noida,"6,353",-6,Critical
1431818,21,"November 25, 2026","5,859","27,848",North 1,Noida,"6,353",-6,Critical
1431818,21,"November 26, 2026","5,859","27,848",North 1,Noida,"6,353",-6,Critical
1431818,22,"November 22, 2026","5,859","27,848",North 1,Noida,"6,353",-6,Critical
1431818,22,"November 23, 2026","5,859","27,848",North 1,Noida,"6,353",-6,Critical
1431818,22,"November 24, 2026","5,859","27,848",North 1,Noida,"6,353",-6,Critical
1431818,22,"November 25, 2026","5,859","27,848",North 1,Noida,"6,353",-6,Critical
1431818,22,"November 26, 2026","5,859","27,848",North 1,Noida,"6,353",-6,Critical
1431818,23,"November 22, 2026","5,945","27,848",North 1,Noida,"6,434",-6,Critical
1431818,23,"November 23, 2026","5,945","27,848",North 1,Noida,"6,434",-6,Critical
1431818,23,"November 24, 2026","5,945","27,848",North 1,Noida,"6,434",-6,Critical
1431818,23,"November 25, 2026","5,945","27,848",North 1,Noida,"6,434",-6,Critical
1431818,23,"November 26, 2026","5,945","27,848",North 1,Noida,"6,434",-6,Critical
1431818,24,"November 22, 2026","5,945","27,848",North 1,Noida,"6,434",-6,Critical
1431818,24,"November 23, 2026","5,945","27,848",North 1,Noida,"6,434",-6,Critical
1431818,24,"November 24, 2026","5,945","27,848",North 1,Noida,"6,434",-6,Critical
1431818,24,"November 25, 2026","5,945","27,848",North 1,Noida,"6,434",-6,Critical
1431818,24,"November 26, 2026","5,945","27,848",North 1,Noida,"6,434",-6,Critical
1431818,39,"November 22, 2026","5,859","27,848",North 1,Noida,"6,353",-6,Critical
1431818,39,"November 23, 2026","5,859","27,848",North 1,Noida,"6,353",-6,Critical
1431818,39,"November 24, 2026","5,859","27,848",North 1,Noida,"6,353",-6,Critical
1431818,39,"November 25, 2026","5,859","27,848",North 1,Noida,"6,353",-6,Critical
1431818,39,"November 26, 2026","5,859","27,848",North 1,Noida,"6,353",-6,Critical
1431818,40,"November 22, 2026","5,945","27,848",North 1,Noida,"6,434",-6,Critical
1431818,40,"November 23, 2026","5,945","27,848",North 1,Noida,"6,434",-6,Critical
1431818,40,"November 24, 2026","5,945","27,848",North 1,Noida,"6,434",-6,Critical
1431818,40,"November 25, 2026","5,945","27,848",North 1,Noida,"6,434",-6,Critical
1431818,40,"November 26, 2026","5,945","27,848",North 1,Noida,"6,434",-6,Critical
1431818,50,"November 22, 2026","5,686","27,848",North 1,Noida,"6,190",-6,Critical
1431818,50,"November 23, 2026","5,686","27,848",North 1,Noida,"6,190",-6,Critical
1431818,50,"November 24, 2026","5,686","27,848",North 1,Noida,"6,190",-6,Critical
1431818,50,"November 25, 2026","5,686","27,848",North 1,Noida,"6,190",-6,Critical
1431818,50,"November 26, 2026","5,686","27,848",North 1,Noida,"6,190",-6,Critical
1431818,83,"November 22, 2026","5,859","27,848",North 1,Noida,"6,353",-6,Critical
1431818,83,"November 23, 2026","5,859","27,848",North 1,Noida,"6,353",-6,Critical
1431818,83,"November 24, 2026","5,859","27,848",North 1,Noida,"6,353",-6,Critical
1431818,83,"November 25, 2026","5,859","27,848",North 1,Noida,"6,353",-6,Critical
1431818,83,"November 26, 2026","5,859","27,848",North 1,Noida,"6,353",-6,Critical
1432626,17,"November 22, 2026","5,727","23,600",North 1,Noida,"6,190",-6,Critical
1432626,17,"November 23, 2026","5,727","23,600",North 1,Noida,"6,190",-6,Critical
1432626,17,"November 24, 2026","5,727","23,600",North 1,Noida,"6,190",-6,Critical
1432626,17,"November 25, 2026","5,727","23,600",North 1,Noida,"6,190",-6,Critical
1432626,17,"November 26, 2026","5,727","23,600",North 1,Noida,"6,190",-6,Critical
1432626,18,"November 22, 2026","5,727","23,600",North 1,Noida,"6,190",-6,Critical
1432626,18,"November 23, 2026","5,727","23,600",North 1,Noida,"6,190",-6,Critical
1432626,18,"November 24, 2026","5,727","23,600",North 1,Noida,"6,190",-6,Critical
1432626,18,"November 25, 2026","5,727","23,600",North 1,Noida,"6,190",-6,Critical
1432626,18,"November 26, 2026","5,727","23,600",North 1,Noida,"6,190",-6,Critical
1432626,50,"November 22, 2026","5,727","23,600",North 1,Noida,"6,190",-6,Critical
1432626,50,"November 23, 2026","5,727","23,600",North 1,Noida,"6,190",-6,Critical
1432626,50,"November 24, 2026","5,727","23,600",North 1,Noida,"6,190",-6,Critical
1432626,50,"November 25, 2026","5,727","23,600",North 1,Noida,"6,190",-6,Critical
1432626,50,"November 26, 2026","5,727","23,600",North 1,Noida,"6,190",-6,Critical
1433791,17,"September 19, 2026","2,431","23,600",North 1,Noida,"2,647",-6,Critical
1433791,18,"September 19, 2026","2,431","23,600",North 1,Noida,"2,647",-6,Critical
1433791,50,"September 19, 2026","2,431","23,600",North 1,Noida,"2,647",-6,Critical
1433791,87,"September 19, 2026","2,431","23,600",North 1,Noida,"2,647",-6,Critical
1434818,17,"September 19, 2026","1,623","23,600",North 1,Noida,"1,757",-6,Critical
1434818,18,"September 19, 2026","1,623","23,600",North 1,Noida,"1,757",-6,Critical
1434818,50,"September 19, 2026","1,623","23,600",North 1,Noida,"1,757",-6,Critical
1436029,17,"November 22, 2026","5,714","23,600",North 1,Noida,"6,190",-6,Critical
1436029,17,"November 26, 2026","5,710","23,600",North 1,Noida,"6,190",-6,Critical
1436029,18,"November 22, 2026","5,714","23,600",North 1,Noida,"6,190",-6,Critical
1436029,18,"November 26, 2026","5,710","23,600",North 1,Noida,"6,190",-6,Critical
1436029,19,"November 22, 2026","5,783","23,600",North 1,Noida,"6,255",-6,Critical
1436029,19,"November 26, 2026","5,779","23,600",North 1,Noida,"6,255",-6,Critical
1436029,20,"November 22, 2026","5,783","23,600",North 1,Noida,"6,255",-6,Critical
1436029,20,"November 26, 2026","5,779","23,600",North 1,Noida,"6,255",-6,Critical
1436029,50,"November 22, 2026","5,714","23,600",North 1,Noida,"6,190",-6,Critical
1436029,50,"November 26, 2026","5,710","23,600",North 1,Noida,"6,190",-6,Critical
1436657,21,"September 13, 2026","1,397","23,600",North 1,Noida,"1,518",-6,Critical
1436657,22,"September 13, 2026","1,397","23,600",North 1,Noida,"1,518",-6,Critical
1436657,39,"September 13, 2026","1,397","23,600",North 1,Noida,"1,518",-6,Critical
1436657,83,"September 13, 2026","1,397","23,600",North 1,Noida,"1,518",-6,Critical
1437251,17,"September 19, 2026","1,268","23,600",North 1,Noida,"1,380",-6,Critical
1437251,18,"September 19, 2026","1,268","23,600",North 1,Noida,"1,380",-6,Critical
1437251,19,"September 19, 2026","1,337","23,600",North 1,Noida,"1,445",-6,Critical
1437251,20,"September 19, 2026","1,337","23,600",North 1,Noida,"1,445",-6,Critical
1437251,21,"November 22, 2026","5,838","23,600",North 1,Noida,"6,385",-6,Critical
1437251,21,"November 23, 2026","5,838","23,600",North 1,Noida,"6,385",-6,Critical
1437251,21,"November 24, 2026","5,838","23,600",North 1,Noida,"6,385",-6,Critical
1437251,21,"November 25, 2026","5,838","23,600",North 1,Noida,"6,385",-6,Critical
1437251,21,"November 26, 2026","5,838","23,600",North 1,Noida,"6,385",-6,Critical
1437251,22,"November 22, 2026","5,838","23,600",North 1,Noida,"6,385",-6,Critical
1437251,22,"November 23, 2026","5,838","23,600",North 1,Noida,"6,385",-6,Critical
1437251,22,"November 24, 2026","5,838","23,600",North 1,Noida,"6,385",-6,Critical
1437251,22,"November 25, 2026","5,838","23,600",North 1,Noida,"6,385",-6,Critical
1437251,22,"November 26, 2026","5,838","23,600",North 1,Noida,"6,385",-6,Critical
1437251,23,"November 22, 2026","5,907","23,600",North 1,Noida,"6,450",-6,Critical
1437251,23,"November 23, 2026","5,907","23,600",North 1,Noida,"6,450",-6,Critical
1437251,23,"November 24, 2026","5,907","23,600",North 1,Noida,"6,450",-6,Critical
1437251,23,"November 25, 2026","5,907","23,600",North 1,Noida,"6,450",-6,Critical
1437251,23,"November 26, 2026","5,907","23,600",North 1,Noida,"6,450",-6,Critical
1437251,24,"November 22, 2026","5,907","23,600",North 1,Noida,"6,450",-6,Critical
1437251,24,"November 23, 2026","5,907","23,600",North 1,Noida,"6,450",-6,Critical
1437251,24,"November 24, 2026","5,907","23,600",North 1,Noida,"6,450",-6,Critical
1437251,24,"November 25, 2026","5,907","23,600",North 1,Noida,"6,450",-6,Critical
1437251,24,"November 26, 2026","5,907","23,600",North 1,Noida,"6,450",-6,Critical
1437251,27,"November 22, 2026","6,183","23,600",North 1,Noida,"6,710",-6,Critical
1437251,27,"November 23, 2026","6,183","23,600",North 1,Noida,"6,710",-6,Critical
1437251,27,"November 24, 2026","6,183","23,600",North 1,Noida,"6,710",-6,Critical
1437251,27,"November 25, 2026","6,183","23,600",North 1,Noida,"6,710",-6,Critical
1437251,27,"November 26, 2026","6,183","23,600",North 1,Noida,"6,710",-6,Critical
1437251,28,"November 22, 2026","6,183","23,600",North 1,Noida,"6,710",-6,Critical
1437251,28,"November 23, 2026","6,183","23,600",North 1,Noida,"6,710",-6,Critical
1437251,28,"November 24, 2026","6,183","23,600",North 1,Noida,"6,710",-6,Critical
1437251,28,"November 25, 2026","6,183","23,600",North 1,Noida,"6,710",-6,Critical
1437251,28,"November 26, 2026","6,183","23,600",North 1,Noida,"6,710",-6,Critical
1437251,29,"November 22, 2026","6,045","23,600",North 1,Noida,"6,580",-6,Critical
1437251,29,"November 23, 2026","6,045","23,600",North 1,Noida,"6,580",-6,Critical
1437251,29,"November 24, 2026","6,045","23,600",North 1,Noida,"6,580",-6,Critical
1437251,29,"November 25, 2026","6,045","23,600",North 1,Noida,"6,580",-6,Critical
1437251,29,"November 26, 2026","6,045","23,600",North 1,Noida,"6,580",-6,Critical
1437251,30,"November 22, 2026","6,045","23,600",North 1,Noida,"6,580",-6,Critical
1437251,30,"November 23, 2026","6,045","23,600",North 1,Noida,"6,580",-6,Critical
1437251,30,"November 24, 2026","6,045","23,600",North 1,Noida,"6,580",-6,Critical
1437251,30,"November 25, 2026","6,045","23,600",North 1,Noida,"6,580",-6,Critical
1437251,30,"November 26, 2026","6,045","23,600",North 1,Noida,"6,580",-6,Critical
1437251,31,"November 22, 2026","6,045","23,600",North 1,Noida,"6,580",-6,Critical
1437251,31,"November 23, 2026","6,045","23,600",North 1,Noida,"6,580",-6,Critical
1437251,31,"November 24, 2026","6,045","23,600",North 1,Noida,"6,580",-6,Critical
1437251,31,"November 25, 2026","6,045","23,600",North 1,Noida,"6,580",-6,Critical
1437251,31,"November 26, 2026","6,045","23,600",North 1,Noida,"6,580",-6,Critical
1437251,32,"November 22, 2026","6,114","23,600",North 1,Noida,"6,645",-6,Critical
1437251,32,"November 23, 2026","6,114","23,600",North 1,Noida,"6,645",-6,Critical
1437251,32,"November 24, 2026","6,114","23,600",North 1,Noida,"6,645",-6,Critical
1437251,32,"November 25, 2026","6,114","23,600",North 1,Noida,"6,645",-6,Critical
1437251,32,"November 26, 2026","6,114","23,600",North 1,Noida,"6,645",-6,Critical
1437251,33,"November 22, 2026","6,114","23,600",North 1,Noida,"6,645",-6,Critical
1437251,33,"November 23, 2026","6,114","23,600",North 1,Noida,"6,645",-6,Critical
1437251,33,"November 24, 2026","6,114","23,600",North 1,Noida,"6,645",-6,Critical
1437251,33,"November 25, 2026","6,114","23,600",North 1,Noida,"6,645",-6,Critical
1437251,33,"November 26, 2026","6,114","23,600",North 1,Noida,"6,645",-6,Critical
1437251,34,"November 22, 2026","6,114","23,600",North 1,Noida,"6,645",-6,Critical
1437251,34,"November 23, 2026","6,114","23,600",North 1,Noida,"6,645",-6,Critical
1437251,34,"November 24, 2026","6,114","23,600",North 1,Noida,"6,645",-6,Critical
1437251,34,"November 25, 2026","6,114","23,600",North 1,Noida,"6,645",-6,Critical
1437251,34,"November 26, 2026","6,114","23,600",North 1,Noida,"6,645",-6,Critical
1437251,39,"November 22, 2026","5,838","23,600",North 1,Noida,"6,385",-6,Critical
1437251,39,"November 23, 2026","5,838","23,600",North 1,Noida,"6,385",-6,Critical
1437251,39,"November 24, 2026","5,838","23,600",North 1,Noida,"6,385",-6,Critical
1437251,39,"November 25, 2026","5,838","23,600",North 1,Noida,"6,385",-6,Critical
1437251,39,"November 26, 2026","5,838","23,600",North 1,Noida,"6,385",-6,Critical
1437251,40,"November 22, 2026","5,907","23,600",North 1,Noida,"6,450",-6,Critical
1437251,40,"November 23, 2026","5,907","23,600",North 1,Noida,"6,450",-6,Critical
1437251,40,"November 24, 2026","5,907","23,600",North 1,Noida,"6,450",-6,Critical
1437251,40,"November 25, 2026","5,907","23,600",North 1,Noida,"6,450",-6,Critical
1437251,40,"November 26, 2026","5,907","23,600",North 1,Noida,"6,450",-6,Critical
1437251,50,"September 19, 2026","1,268","23,600",North 1,Noida,"1,380",-6,Critical
1437251,57,"November 22, 2026","6,045","23,600",North 1,Noida,"6,580",-6,Critical
1437251,57,"November 23, 2026","6,045","23,600",North 1,Noida,"6,580",-6,Critical
1437251,57,"November 24, 2026","6,045","23,600",North 1,Noida,"6,580",-6,Critical
1437251,57,"November 25, 2026","6,045","23,600",North 1,Noida,"6,580",-6,Critical
1437251,57,"November 26, 2026","6,045","23,600",North 1,Noida,"6,580",-6,Critical
1437251,83,"November 22, 2026","5,838","23,600",North 1,Noida,"6,385",-6,Critical
1437251,83,"November 23, 2026","5,838","23,600",North 1,Noida,"6,385",-6,Critical
1437251,83,"November 24, 2026","5,838","23,600",North 1,Noida,"6,385",-6,Critical
1437251,83,"November 25, 2026","5,838","23,600",North 1,Noida,"6,385",-6,Critical
1437251,83,"November 26, 2026","5,838","23,600",North 1,Noida,"6,385",-6,Critical
1462197,32,"September 13, 2027","2,378","23,600",South 1,Mysore,"2,585",-6,Critical
1462197,33,"September 13, 2027","2,378","23,600",South 1,Mysore,"2,585",-6,Critical
1462197,34,"September 13, 2027","2,378","23,600",South 1,Mysore,"2,585",-6,Critical
1462197,58,"September 13, 2027","2,378","23,600",South 1,Mysore,"2,585",-6,Critical
1463190,27,"December 12, 2026","2,585","23,600",South 1,Mysore,"2,817",-6,Critical
1463190,28,"December 12, 2026","2,585","23,600",South 1,Mysore,"2,817",-6,Critical
1464454,27,"September 14, 2026","2,617","23,600",South 1,Mysore,"2,858",-6,Critical
1464454,27,"September 15, 2026","2,633","23,600",South 1,Mysore,"2,858",-6,Critical
1464454,27,"September 16, 2026","2,633","23,600",South 1,Mysore,"2,858",-6,Critical
1464454,28,"September 14, 2026","2,617","23,600",South 1,Mysore,"2,858",-6,Critical
1464454,28,"September 15, 2026","2,633","23,600",South 1,Mysore,"2,858",-6,Critical
1464454,28,"September 16, 2026","2,633","23,600",South 1,Mysore,"2,858",-6,Critical
1472508,17,"September 14, 2026","1,172","23,600",South 1,Coorg,"1,277",-6,Critical
1472508,18,"September 14, 2026","1,172","23,600",South 1,Coorg,"1,277",-6,Critical
1472508,19,"September 14, 2026","1,172","23,600",South 1,Coorg,"1,277",-6,Critical
1472508,20,"September 14, 2026","1,172","23,600",South 1,Coorg,"1,277",-6,Critical
1472508,24189,"September 19, 2026","4,701","23,600",South 1,Coorg,"5,114",-6,Critical
1472508,25,"September 14, 2026","1,172","23,600",South 1,Coorg,"1,277",-6,Critical
1472508,26,"September 14, 2026","1,172","23,600",South 1,Coorg,"1,277",-6,Critical
1472508,47,"September 19, 2026","4,701","23,600",South 1,Coorg,"5,114",-6,Critical
1472508,48,"September 19, 2026","4,701","23,600",South 1,Coorg,"5,114",-6,Critical
1472508,49,"September 19, 2026","4,701","23,600",South 1,Coorg,"5,114",-6,Critical
1472508,50,"September 14, 2026","1,172","23,600",South 1,Coorg,"1,277",-6,Critical
1472508,61,"September 19, 2026","4,701","23,600",South 1,Coorg,"5,114",-6,Critical
1472508,67,"September 14, 2026","5,864","23,600",South 1,Coorg,"6,333",-6,Critical
1472508,68,"September 14, 2026","5,864","23,600",South 1,Coorg,"6,333",-6,Critical
1472508,69,"September 14, 2026","5,864","23,600",South 1,Coorg,"6,333",-6,Critical
1479075,27,"September 15, 2026","2,441","23,600",South 1,Coorg,"2,646",-6,Critical
1479075,28,"September 15, 2026","2,441","23,600",South 1,Coorg,"2,646",-6,Critical
1479075,29,"September 17, 2026","2,244","23,600",South 1,Coorg,"2,451",-6,Critical
1479075,30,"September 17, 2026","2,244","23,600",South 1,Coorg,"2,451",-6,Critical
1479075,31,"September 17, 2026","2,244","23,600",South 1,Coorg,"2,451",-6,Critical
1479075,32,"September 17, 2026","2,244","23,600",South 1,Coorg,"2,451",-6,Critical
1479075,33,"September 17, 2026","2,244","23,600",South 1,Coorg,"2,451",-6,Critical
1479075,34,"September 17, 2026","2,244","23,600",South 1,Coorg,"2,451",-6,Critical
1479075,57,"September 17, 2026","2,244","23,600",South 1,Coorg,"2,451",-6,Critical
1479075,58,"September 17, 2026","2,244","23,600",South 1,Coorg,"2,451",-6,Critical
1479075,89,"September 17, 2026","2,244","23,600",South 1,Coorg,"2,451",-6,Critical
1483392,23,"September 19, 2026","1,947","27,848",West,Kolhapur,"2,115",-6,Critical
1483392,24,"September 19, 2026","1,947","27,848",West,Kolhapur,"2,115",-6,Critical
1483392,24179,"September 19, 2026","1,947","27,848",West,Kolhapur,"2,115",-6,Critical
1483392,29,"September 19, 2026","1,947","27,848",West,Kolhapur,"2,115",-6,Critical
1483392,30,"September 19, 2026","1,947","27,848",West,Kolhapur,"2,115",-6,Critical
1483392,31,"September 19, 2026","1,947","27,848",West,Kolhapur,"2,115",-6,Critical
1483392,40,"September 19, 2026","1,947","27,848",West,Kolhapur,"2,115",-6,Critical
1483392,57,"September 19, 2026","1,947","27,848",West,Kolhapur,"2,115",-6,Critical
1483392,89,"September 19, 2026","1,947","27,848",West,Kolhapur,"2,115",-6,Critical
1503445,23,"September 19, 2026","1,966","23,600",West,Pune,"2,147",-6,Critical
1503445,24,"September 19, 2026","1,966","23,600",West,Pune,"2,147",-6,Critical
1503445,40,"September 19, 2026","1,966","23,600",West,Pune,"2,147",-6,Critical
1503990,19,"September 19, 2026","1,868","23,600",West,Pune,"2,041",-6,Critical
1503990,20,"September 19, 2026","1,868","23,600",West,Pune,"2,041",-6,Critical
1503990,21,"September 19, 2026","1,868","23,600",West,Pune,"2,041",-6,Critical
1503990,22,"September 19, 2026","1,868","23,600",West,Pune,"2,041",-6,Critical
1503990,39,"September 19, 2026","1,868","23,600",West,Pune,"2,041",-6,Critical
1503990,83,"September 19, 2026","1,868","23,600",West,Pune,"2,041",-6,Critical
1504269,19,"September 19, 2026","1,421","23,600",West,Pune,"1,544",-6,Critical
1504269,20,"September 19, 2026","1,421","23,600",West,Pune,"1,544",-6,Critical
1504269,51,"September 19, 2026","1,421","23,600",West,Pune,"1,544",-6,Critical
1504786,17,"September 19, 2026","1,249","23,600",West,Pune,"1,349",-6,Critical
1504786,18,"September 19, 2026","1,249","23,600",West,Pune,"1,349",-6,Critical
1504786,50,"September 19, 2026","1,249","23,600",West,Pune,"1,349",-6,Critical
1505464,25,"September 19, 2026","1,631","23,600",West,Pune,"1,772",-6,Critical
1505464,26,"September 19, 2026","1,631","23,600",West,Pune,"1,772",-6,Critical
1505464,27,"September 19, 2026","1,735","23,600",West,Pune,"1,877",-6,Critical
1505464,28,"September 19, 2026","1,735","23,600",West,Pune,"1,877",-6,Critical
1505464,55,"September 19, 2026","1,631","23,600",West,Pune,"1,772",-6,Critical
1506200,19,"September 19, 2026","2,248","23,600",West,Pune,"2,450",-6,Critical
1506200,20,"September 19, 2026","2,248","23,600",West,Pune,"2,450",-6,Critical
1506200,21,"September 19, 2026","2,317","23,600",West,Pune,"2,515",-6,Critical
1506200,22,"September 19, 2026","2,317","23,600",West,Pune,"2,515",-6,Critical
1506200,39,"September 19, 2026","2,317","23,600",West,Pune,"2,515",-6,Critical
1506200,83,"September 19, 2026","2,317","23,600",West,Pune,"2,515",-6,Critical
1508506,16,"September 19, 2026","1,613","23,600",West,Pune,"1,764",-6,Critical
1508506,21,"September 19, 2026","1,717","23,600",West,Pune,"1,861",-6,Critical
1508506,22,"September 19, 2026","1,717","23,600",West,Pune,"1,861",-6,Critical
1508506,39,"September 19, 2026","1,717","23,600",West,Pune,"1,861",-6,Critical
1508506,83,"September 19, 2026","1,717","23,600",West,Pune,"1,861",-6,Critical
1509356,21,"September 19, 2026","1,357","23,600",West,Pune,"1,473",-6,Critical
1509356,22,"September 19, 2026","1,357","23,600",West,Pune,"1,473",-6,Critical
1509356,39,"September 19, 2026","1,357","23,600",West,Pune,"1,473",-6,Critical
1509593,19,"September 18, 2026","1,971","23,600",West,Pune,"2,138",-6,Critical
1509593,20,"September 18, 2026","1,971","23,600",West,Pune,"2,138",-6,Critical
1509593,21,"September 16, 2026","2,014","23,600",West,Pune,"2,203",-6,Critical
1509593,21,"September 17, 2026","2,014","23,600",West,Pune,"2,203",-6,Critical
1509593,21,"September 18, 2026","2,040","23,600",West,Pune,"2,203",-6,Critical
1509593,22,"September 16, 2026","2,014","23,600",West,Pune,"2,203",-6,Critical
1509593,22,"September 17, 2026","2,014","23,600",West,Pune,"2,203",-6,Critical
1509593,22,"September 18, 2026","2,040","23,600",West,Pune,"2,203",-6,Critical
1509593,23,"September 16, 2026","2,152","23,600",West,Pune,"2,333",-6,Critical
1509593,23,"September 17, 2026","2,152","23,600",West,Pune,"2,333",-6,Critical
1509593,24,"September 16, 2026","2,152","23,600",West,Pune,"2,333",-6,Critical
1509593,24,"September 17, 2026","2,152","23,600",West,Pune,"2,333",-6,Critical
1509593,39,"September 16, 2026","2,014","23,600",West,Pune,"2,203",-6,Critical
1509593,39,"September 17, 2026","2,014","23,600",West,Pune,"2,203",-6,Critical
1509593,39,"September 18, 2026","2,040","23,600",West,Pune,"2,203",-6,Critical
1509593,40,"September 16, 2026","2,152","23,600",West,Pune,"2,333",-6,Critical
1509593,40,"September 17, 2026","2,152","23,600",West,Pune,"2,333",-6,Critical
1509593,83,"September 16, 2026","2,014","23,600",West,Pune,"2,203",-6,Critical
1509593,83,"September 17, 2026","2,014","23,600",West,Pune,"2,203",-6,Critical
1509593,83,"September 18, 2026","2,040","23,600",West,Pune,"2,203",-6,Critical
1509602,21,"September 18, 2026","2,070","23,600",West,Pune,"2,242",-6,Critical
1509602,21,"September 19, 2026","2,070","23,600",West,Pune,"2,242",-6,Critical
1509602,22,"September 18, 2026","2,070","23,600",West,Pune,"2,242",-6,Critical
1509602,22,"September 19, 2026","2,070","23,600",West,Pune,"2,242",-6,Critical
1509602,39,"September 18, 2026","2,070","23,600",West,Pune,"2,242",-6,Critical
1509602,39,"September 19, 2026","2,070","23,600",West,Pune,"2,242",-6,Critical
1509602,83,"September 18, 2026","2,070","23,600",West,Pune,"2,242",-6,Critical
1509602,83,"September 19, 2026","2,070","23,600",West,Pune,"2,242",-6,Critical
1511929,29,"September 19, 2026","2,139","23,600",West,Nashik,"2,322",-6,Critical
1511929,30,"September 19, 2026","2,139","23,600",West,Nashik,"2,322",-6,Critical
1511929,31,"September 19, 2026","2,139","23,600",West,Nashik,"2,322",-6,Critical
1511929,57,"September 19, 2026","2,139","23,600",West,Nashik,"2,322",-6,Critical
1511929,89,"September 19, 2026","2,139","23,600",West,Nashik,"2,322",-6,Critical
1531125,17,"October 14, 2026","1,323","20,000",East,Guwahati,"1,440",-6,Critical
1531125,17,"October 15, 2026","1,323","20,000",East,Guwahati,"1,440",-6,Critical
1531125,17,"October 18, 2026","1,333","20,000",East,Guwahati,"1,440",-6,Critical
1531125,17,"October 20, 2026","1,333","20,000",East,Guwahati,"1,440",-6,Critical
1531125,17,"October 22, 2026","1,323","20,000",East,Guwahati,"1,440",-6,Critical
1531125,17,"October 23, 2026","1,323","20,000",East,Guwahati,"1,440",-6,Critical
1531125,17,"October 24, 2026","1,325","20,000",East,Guwahati,"1,440",-6,Critical
1531125,17,"October 25, 2026","1,333","20,000",East,Guwahati,"1,440",-6,Critical
1531125,17,"October 26, 2026","1,323","20,000",East,Guwahati,"1,440",-6,Critical
1531125,17,"November 7, 2026","1,323","20,000",East,Guwahati,"1,440",-6,Critical
1531125,17,"November 8, 2026","1,323","20,000",East,Guwahati,"1,440",-6,Critical
1531125,17,"November 9, 2026","1,323","20,000",East,Guwahati,"1,440",-6,Critical
1531125,17,"November 10, 2026","1,323","20,000",East,Guwahati,"1,440",-6,Critical
1531125,17,"November 11, 2026","1,325","20,000",East,Guwahati,"1,440",-6,Critical
1531125,18,"October 14, 2026","1,323","20,000",East,Guwahati,"1,440",-6,Critical
1531125,18,"October 15, 2026","1,323","20,000",East,Guwahati,"1,440",-6,Critical
1531125,18,"October 18, 2026","1,333","20,000",East,Guwahati,"1,440",-6,Critical
1531125,18,"October 20, 2026","1,333","20,000",East,Guwahati,"1,440",-6,Critical
1531125,18,"October 22, 2026","1,323","20,000",East,Guwahati,"1,440",-6,Critical
1531125,18,"October 23, 2026","1,323","20,000",East,Guwahati,"1,440",-6,Critical
1531125,18,"October 24, 2026","1,325","20,000",East,Guwahati,"1,440",-6,Critical
1531125,18,"October 25, 2026","1,333","20,000",East,Guwahati,"1,440",-6,Critical
1531125,18,"October 26, 2026","1,323","20,000",East,Guwahati,"1,440",-6,Critical
1531125,18,"November 7, 2026","1,323","20,000",East,Guwahati,"1,440",-6,Critical
1531125,18,"November 8, 2026","1,323","20,000",East,Guwahati,"1,440",-6,Critical
1531125,18,"November 9, 2026","1,323","20,000",East,Guwahati,"1,440",-6,Critical
1531125,18,"November 10, 2026","1,323","20,000",East,Guwahati,"1,440",-6,Critical
1531125,18,"November 11, 2026","1,325","20,000",East,Guwahati,"1,440",-6,Critical
1531125,19,"October 14, 2026","1,461","20,000",East,Guwahati,"1,578",-6,Critical
1531125,19,"October 15, 2026","1,461","20,000",East,Guwahati,"1,578",-6,Critical
1531125,19,"October 22, 2026","1,461","20,000",East,Guwahati,"1,578",-6,Critical
1531125,19,"October 23, 2026","1,461","20,000",East,Guwahati,"1,578",-6,Critical
1531125,19,"October 26, 2026","1,461","20,000",East,Guwahati,"1,578",-6,Critical
1531125,19,"November 7, 2026","1,461","20,000",East,Guwahati,"1,578",-6,Critical
1531125,19,"November 8, 2026","1,461","20,000",East,Guwahati,"1,578",-6,Critical
1531125,19,"November 9, 2026","1,461","20,000",East,Guwahati,"1,578",-6,Critical
1531125,19,"November 10, 2026","1,461","20,000",East,Guwahati,"1,578",-6,Critical
1531125,21,"October 14, 2026","1,461","20,000",East,Guwahati,"1,578",-6,Critical
1531125,21,"October 15, 2026","1,461","20,000",East,Guwahati,"1,578",-6,Critical
1531125,21,"October 22, 2026","1,461","20,000",East,Guwahati,"1,578",-6,Critical
1531125,21,"October 23, 2026","1,461","20,000",East,Guwahati,"1,578",-6,Critical
1531125,21,"October 26, 2026","1,461","20,000",East,Guwahati,"1,578",-6,Critical
1531125,21,"November 7, 2026","1,461","20,000",East,Guwahati,"1,578",-6,Critical
1531125,21,"November 8, 2026","1,461","20,000",East,Guwahati,"1,578",-6,Critical
1531125,21,"November 9, 2026","1,461","20,000",East,Guwahati,"1,578",-6,Critical
1531125,21,"November 10, 2026","1,461","20,000",East,Guwahati,"1,578",-6,Critical
1531125,22,"October 14, 2026","1,461","20,000",East,Guwahati,"1,578",-6,Critical
1531125,22,"October 15, 2026","1,461","20,000",East,Guwahati,"1,578",-6,Critical
1531125,22,"October 22, 2026","1,461","20,000",East,Guwahati,"1,578",-6,Critical
1531125,22,"October 23, 2026","1,461","20,000",East,Guwahati,"1,578",-6,Critical
1531125,22,"October 26, 2026","1,461","20,000",East,Guwahati,"1,578",-6,Critical
1531125,22,"November 7, 2026","1,461","20,000",East,Guwahati,"1,578",-6,Critical
1531125,22,"November 8, 2026","1,461","20,000",East,Guwahati,"1,578",-6,Critical
1531125,22,"November 9, 2026","1,461","20,000",East,Guwahati,"1,578",-6,Critical
1531125,22,"November 10, 2026","1,461","20,000",East,Guwahati,"1,578",-6,Critical
1531125,23,"November 14, 2026","1,578","20,000",East,Guwahati,"1,716",-6,Critical
1531125,23,"November 15, 2026","1,578","20,000",East,Guwahati,"1,716",-6,Critical
1531125,23,"November 16, 2026","1,578","20,000",East,Guwahati,"1,716",-6,Critical
1531125,23,"November 24, 2026","1,578","20,000",East,Guwahati,"1,716",-6,Critical
1531125,23,"November 25, 2026","1,578","20,000",East,Guwahati,"1,716",-6,Critical
1531125,23,"December 2, 2026","1,578","20,000",East,Guwahati,"1,716",-6,Critical
1531125,23,"December 3, 2026","1,578","20,000",East,Guwahati,"1,716",-6,Critical
1531125,23,"December 4, 2026","1,578","20,000",East,Guwahati,"1,716",-6,Critical
1531125,23,"December 5, 2026","1,578","20,000",East,Guwahati,"1,716",-6,Critical
1531125,23,"December 6, 2026","1,578","20,000",East,Guwahati,"1,716",-6,Critical
1531125,23,"December 11, 2026","1,578","20,000",East,Guwahati,"1,716",-6,Critical
1531125,24,"November 14, 2026","1,578","20,000",East,Guwahati,"1,716",-6,Critical
1531125,24,"November 15, 2026","1,578","20,000",East,Guwahati,"1,716",-6,Critical
1531125,24,"November 16, 2026","1,578","20,000",East,Guwahati,"1,716",-6,Critical
1531125,24,"November 24, 2026","1,578","20,000",East,Guwahati,"1,716",-6,Critical
1531125,24,"November 25, 2026","1,578","20,000",East,Guwahati,"1,716",-6,Critical
1531125,24,"December 2, 2026","1,578","20,000",East,Guwahati,"1,716",-6,Critical
1531125,24,"December 3, 2026","1,578","20,000",East,Guwahati,"1,716",-6,Critical
1531125,24,"December 4, 2026","1,578","20,000",East,Guwahati,"1,716",-6,Critical
1531125,24,"December 5, 2026","1,578","20,000",East,Guwahati,"1,716",-6,Critical
1531125,24,"December 6, 2026","1,578","20,000",East,Guwahati,"1,716",-6,Critical
1531125,24,"December 11, 2026","1,578","20,000",East,Guwahati,"1,716",-6,Critical
1531125,39,"October 14, 2026","1,461","20,000",East,Guwahati,"1,578",-6,Critical
1531125,39,"October 15, 2026","1,461","20,000",East,Guwahati,"1,578",-6,Critical
1531125,39,"October 22, 2026","1,461","20,000",East,Guwahati,"1,578",-6,Critical
1531125,39,"October 23, 2026","1,461","20,000",East,Guwahati,"1,578",-6,Critical
1531125,39,"October 26, 2026","1,461","20,000",East,Guwahati,"1,578",-6,Critical
1531125,39,"November 7, 2026","1,461","20,000",East,Guwahati,"1,578",-6,Critical
1531125,39,"November 8, 2026","1,461","20,000",East,Guwahati,"1,578",-6,Critical
1531125,39,"November 9, 2026","1,461","20,000",East,Guwahati,"1,578",-6,Critical
1531125,39,"November 10, 2026","1,461","20,000",East,Guwahati,"1,578",-6,Critical
1531125,40,"November 14, 2026","1,578","20,000",East,Guwahati,"1,716",-6,Critical
1531125,40,"November 15, 2026","1,578","20,000",East,Guwahati,"1,716",-6,Critical
1531125,40,"November 16, 2026","1,578","20,000",East,Guwahati,"1,716",-6,Critical
1531125,40,"November 24, 2026","1,578","20,000",East,Guwahati,"1,716",-6,Critical
1531125,40,"November 25, 2026","1,578","20,000",East,Guwahati,"1,716",-6,Critical
1531125,40,"December 2, 2026","1,578","20,000",East,Guwahati,"1,716",-6,Critical
1531125,40,"December 3, 2026","1,578","20,000",East,Guwahati,"1,716",-6,Critical
1531125,40,"December 4, 2026","1,578","20,000",East,Guwahati,"1,716",-6,Critical
1531125,40,"December 5, 2026","1,578","20,000",East,Guwahati,"1,716",-6,Critical
1531125,40,"December 6, 2026","1,578","20,000",East,Guwahati,"1,716",-6,Critical
1531125,40,"December 11, 2026","1,578","20,000",East,Guwahati,"1,716",-6,Critical
1531125,83,"October 14, 2026","1,461","20,000",East,Guwahati,"1,578",-6,Critical
1531125,83,"October 15, 2026","1,461","20,000",East,Guwahati,"1,578",-6,Critical
1531125,83,"October 22, 2026","1,461","20,000",East,Guwahati,"1,578",-6,Critical
1531125,83,"October 23, 2026","1,461","20,000",East,Guwahati,"1,578",-6,Critical
1531125,83,"October 26, 2026","1,461","20,000",East,Guwahati,"1,578",-6,Critical
1531125,83,"November 7, 2026","1,461","20,000",East,Guwahati,"1,578",-6,Critical
1531125,83,"November 8, 2026","1,461","20,000",East,Guwahati,"1,578",-6,Critical
1531125,83,"November 9, 2026","1,461","20,000",East,Guwahati,"1,578",-6,Critical
1531125,83,"November 10, 2026","1,461","20,000",East,Guwahati,"1,578",-6,Critical
1535153,27,"November 1, 2026","1,875","23,600",East,Guwahati,"2,048",-6,Critical
1535153,27,"November 2, 2026","1,875","23,600",East,Guwahati,"2,048",-6,Critical
1535153,27,"November 3, 2026","1,875","23,600",East,Guwahati,"2,048",-6,Critical
1535153,27,"November 4, 2026","1,875","23,600",East,Guwahati,"2,048",-6,Critical
1535153,27,"November 5, 2026","1,875","23,600",East,Guwahati,"2,048",-6,Critical
1535153,27,"November 12, 2026","1,875","23,600",East,Guwahati,"2,048",-6,Critical
1535153,27,"November 18, 2026","1,875","23,600",East,Guwahati,"2,048",-6,Critical
1535153,27,"November 19, 2026","1,875","23,600",East,Guwahati,"2,048",-6,Critical
1535153,27,"November 22, 2026","1,875","23,600",East,Guwahati,"2,048",-6,Critical
1535153,27,"November 23, 2026","1,875","23,600",East,Guwahati,"2,048",-6,Critical
1535153,27,"December 1, 2026","1,875","23,600",East,Guwahati,"2,048",-6,Critical
1535153,27,"December 7, 2026","1,875","23,600",East,Guwahati,"2,048",-6,Critical
1535153,27,"December 8, 2026","1,875","23,600",East,Guwahati,"2,048",-6,Critical
1535153,27,"December 9, 2026","1,875","23,600",East,Guwahati,"2,048",-6,Critical
1535153,27,"December 10, 2026","1,875","23,600",East,Guwahati,"2,048",-6,Critical
1535153,28,"November 1, 2026","1,875","23,600",East,Guwahati,"2,048",-6,Critical
1535153,28,"November 2, 2026","1,875","23,600",East,Guwahati,"2,048",-6,Critical
1535153,28,"November 3, 2026","1,875","23,600",East,Guwahati,"2,048",-6,Critical
1535153,28,"November 4, 2026","1,875","23,600",East,Guwahati,"2,048",-6,Critical
1535153,28,"November 5, 2026","1,875","23,600",East,Guwahati,"2,048",-6,Critical
1535153,28,"November 12, 2026","1,875","23,600",East,Guwahati,"2,048",-6,Critical
1535153,28,"November 18, 2026","1,875","23,600",East,Guwahati,"2,048",-6,Critical
1535153,28,"November 19, 2026","1,875","23,600",East,Guwahati,"2,048",-6,Critical
1535153,28,"November 22, 2026","1,875","23,600",East,Guwahati,"2,048",-6,Critical
1535153,28,"November 23, 2026","1,875","23,600",East,Guwahati,"2,048",-6,Critical
1535153,28,"December 1, 2026","1,875","23,600",East,Guwahati,"2,048",-6,Critical
1535153,28,"December 7, 2026","1,875","23,600",East,Guwahati,"2,048",-6,Critical
1535153,28,"December 8, 2026","1,875","23,600",East,Guwahati,"2,048",-6,Critical
1535153,28,"December 9, 2026","1,875","23,600",East,Guwahati,"2,048",-6,Critical
1535153,28,"December 10, 2026","1,875","23,600",East,Guwahati,"2,048",-6,Critical
1541487,21,"September 19, 2026","2,280","20,000",West,Mahabaleshwar,"2,473",-6,Critical
1541487,22,"September 19, 2026","2,280","20,000",West,Mahabaleshwar,"2,473",-6,Critical
1541487,23,"September 19, 2026","2,418","20,000",West,Mahabaleshwar,"2,611",-6,Critical
1541487,24,"September 19, 2026","2,418","20,000",West,Mahabaleshwar,"2,611",-6,Critical
1541487,39,"September 19, 2026","2,280","20,000",West,Mahabaleshwar,"2,473",-6,Critical
1547096,27,"September 13, 2027","1,941","20,000",West,Mahabaleshwar,"2,119",-6,Critical
1547096,28,"September 13, 2027","1,941","20,000",West,Mahabaleshwar,"2,119",-6,Critical
1552629,17,"September 19, 2026","2,086","23,600",West,Nagpur,"2,264",-6,Critical
1552629,18,"September 19, 2026","2,086","23,600",West,Nagpur,"2,264",-6,Critical
1555338,23,"September 18, 2026","2,366","23,600",West,Nagpur,"2,574",-6,Critical
1555338,23,"September 19, 2026","2,356","23,600",West,Nagpur,"2,574",-6,Critical
1555338,24,"September 18, 2026","2,366","23,600",West,Nagpur,"2,574",-6,Critical
1555338,24,"September 19, 2026","2,356","23,600",West,Nagpur,"2,574",-6,Critical
1555338,27,"September 19, 2026","2,735","23,600",West,Nagpur,"2,959",-6,Critical
1555338,28,"September 19, 2026","2,735","23,600",West,Nagpur,"2,959",-6,Critical
1555338,40,"September 18, 2026","2,366","23,600",West,Nagpur,"2,574",-6,Critical
1555338,40,"September 19, 2026","2,356","23,600",West,Nagpur,"2,574",-6,Critical
1591753,15,"September 14, 2026","1,395","23,600",South 2,Hyderabad,"1,508",-6,Critical
1591753,15,"September 19, 2026","1,514","23,600",South 2,Hyderabad,"1,642",-6,Critical
1591753,19,"September 17, 2026","1,816","23,600",South 2,Hyderabad,"1,967",-6,Critical
1591753,19,"September 18, 2026","1,816","23,600",South 2,Hyderabad,"1,967",-6,Critical
1591753,20,"September 17, 2026","1,816","23,600",South 2,Hyderabad,"1,967",-6,Critical
1591753,20,"September 18, 2026","1,816","23,600",South 2,Hyderabad,"1,967",-6,Critical
1591753,21,"September 17, 2026","1,747","23,600",South 2,Hyderabad,"1,902",-6,Critical
1591753,21,"September 18, 2026","1,747","23,600",South 2,Hyderabad,"1,902",-6,Critical
1591753,22,"September 17, 2026","1,747","23,600",South 2,Hyderabad,"1,902",-6,Critical
1591753,22,"September 18, 2026","1,747","23,600",South 2,Hyderabad,"1,902",-6,Critical
1591753,23,"September 15, 2026","1,931","23,600",South 2,Hyderabad,"2,097",-6,Critical
1591753,23,"September 16, 2026","1,931","23,600",South 2,Hyderabad,"2,097",-6,Critical
1591753,24,"September 15, 2026","1,931","23,600",South 2,Hyderabad,"2,097",-6,Critical
1591753,24,"September 16, 2026","1,931","23,600",South 2,Hyderabad,"2,097",-6,Critical
1591753,27,"September 14, 2026","2,361","23,600",South 2,Hyderabad,"2,552",-6,Critical
1591753,28,"September 14, 2026","2,361","23,600",South 2,Hyderabad,"2,552",-6,Critical
1591753,38,"September 14, 2026","1,395","23,600",South 2,Hyderabad,"1,508",-6,Critical
1591753,38,"September 19, 2026","1,514","23,600",South 2,Hyderabad,"1,642",-6,Critical
1591753,39,"September 17, 2026","1,747","23,600",South 2,Hyderabad,"1,902",-6,Critical
1591753,39,"September 18, 2026","1,747","23,600",South 2,Hyderabad,"1,902",-6,Critical
1591753,40,"September 15, 2026","1,931","23,600",South 2,Hyderabad,"2,097",-6,Critical
1591753,40,"September 16, 2026","1,931","23,600",South 2,Hyderabad,"2,097",-6,Critical
1591753,83,"September 17, 2026","1,747","23,600",South 2,Hyderabad,"1,902",-6,Critical
1591753,83,"September 18, 2026","1,747","23,600",South 2,Hyderabad,"1,902",-6,Critical
1593321,25,"November 12, 2026","1,328","27,848",South 2,Hyderabad,"1,440",-6,Critical
1593820,27,"September 14, 2026","3,437","27,848",South 2,Hyderabad,"3,725",-6,Critical
1593820,28,"September 14, 2026","3,437","27,848",South 2,Hyderabad,"3,725",-6,Critical
1593867,19,"September 13, 2027","1,858","23,600",South 2,Hyderabad,"2,016",-6,Critical
1593867,20,"September 13, 2027","1,858","23,600",South 2,Hyderabad,"2,016",-6,Critical
1593867,21,"September 13, 2027","1,920","23,600",South 2,Hyderabad,"2,081",-6,Critical
1593867,22,"September 13, 2027","1,920","23,600",South 2,Hyderabad,"2,081",-6,Critical
1593867,39,"September 13, 2027","1,920","23,600",South 2,Hyderabad,"2,081",-6,Critical
1594465,17,"September 13, 2026","1,457","27,848",South 2,Hyderabad,"1,582",-6,Critical
1594465,18,"September 13, 2026","1,457","27,848",South 2,Hyderabad,"1,582",-6,Critical
1594465,50,"September 13, 2026","1,457","27,848",South 2,Hyderabad,"1,582",-6,Critical
1596121,27,"September 19, 2026","2,606","23,600",South 2,Hyderabad,"2,839",-6,Critical
1596121,28,"September 19, 2026","2,606","23,600",South 2,Hyderabad,"2,839",-6,Critical
1596319,29,"September 13, 2027","3,040","27,848",South 2,Hyderabad,"3,290",-6,Critical
1596319,30,"September 13, 2027","3,040","27,848",South 2,Hyderabad,"3,290",-6,Critical
1596319,31,"September 13, 2027","3,040","27,848",South 2,Hyderabad,"3,290",-6,Critical
1596319,35,"September 13, 2027","3,937","27,848",South 2,Hyderabad,"4,270",-6,Critical
1596319,36,"September 13, 2027","3,937","27,848",South 2,Hyderabad,"4,270",-6,Critical
1596319,57,"September 13, 2027","3,040","27,848",South 2,Hyderabad,"3,290",-6,Critical
1596742,27,"September 19, 2026","2,008","23,600",South 2,Hyderabad,"2,185",-6,Critical
1596742,28,"September 19, 2026","2,008","23,600",South 2,Hyderabad,"2,185",-6,Critical
1597226,17,"November 12, 2026","2,191","23,600",South 2,Hyderabad,"2,381",-6,Critical
1597226,18,"November 12, 2026","2,191","23,600",South 2,Hyderabad,"2,381",-6,Critical
1597226,19,"November 12, 2026","2,329","23,600",South 2,Hyderabad,"2,521",-6,Critical
1597226,21,"November 12, 2026","2,329","23,600",South 2,Hyderabad,"2,521",-6,Critical
1597226,22,"November 12, 2026","2,329","23,600",South 2,Hyderabad,"2,521",-6,Critical
1597226,39,"November 12, 2026","2,329","23,600",South 2,Hyderabad,"2,521",-6,Critical
1599756,17,"September 19, 2026","1,529","27,848",South 2,Hyderabad,"1,666",-6,Critical
1599756,18,"September 19, 2026","1,529","27,848",South 2,Hyderabad,"1,666",-6,Critical
1604662,21,"September 20, 2026","1,630","20,000",North 2,Mussoorie,"1,776",-6,Critical
1604662,22,"September 20, 2026","1,630","20,000",North 2,Mussoorie,"1,776",-6,Critical
1604662,23,"September 20, 2026","1,630","20,000",North 2,Mussoorie,"1,776",-6,Critical
1604662,24,"September 20, 2026","1,630","20,000",North 2,Mussoorie,"1,776",-6,Critical
1604662,39,"September 20, 2026","1,630","20,000",North 2,Mussoorie,"1,776",-6,Critical
1609002,15,"September 19, 2026","1,903","23,600",North 2,Mussoorie,"2,061",-6,Critical
1609002,29,"September 19, 2026","2,524","23,600",North 2,Mussoorie,"2,751",-6,Critical
1609002,30,"September 19, 2026","2,524","23,600",North 2,Mussoorie,"2,751",-6,Critical
1609002,31,"September 19, 2026","2,524","23,600",North 2,Mussoorie,"2,751",-6,Critical
1609002,38,"September 19, 2026","1,903","23,600",North 2,Mussoorie,"2,061",-6,Critical
1609002,57,"September 19, 2026","2,524","23,600",North 2,Mussoorie,"2,751",-6,Critical
1609002,76,"September 19, 2026","1,903","23,600",North 2,Mussoorie,"2,061",-6,Critical
1609002,89,"September 19, 2026","2,524","23,600",North 2,Mussoorie,"2,751",-6,Critical
1611760,32,"September 14, 2026","1,726","23,600",East,Bhubaneswar,"1,875",-6,Critical
1611760,33,"September 14, 2026","1,726","23,600",East,Bhubaneswar,"1,875",-6,Critical
1611760,34,"September 14, 2026","1,726","23,600",East,Bhubaneswar,"1,875",-6,Critical
1614818,15,"December 4, 2026","1,447","20,000",East,Bhubaneswar,"1,568",-6,Critical
1614818,15,"December 5, 2026","1,447","20,000",East,Bhubaneswar,"1,568",-6,Critical
1614818,15,"December 11, 2026","1,447","20,000",East,Bhubaneswar,"1,568",-6,Critical
1614818,15,"December 12, 2026","1,447","20,000",East,Bhubaneswar,"1,568",-6,Critical
1614818,17,"October 13, 2026","1,654","20,000",East,Bhubaneswar,"1,800",-6,Critical
1614818,17,"October 14, 2026","1,654","20,000",East,Bhubaneswar,"1,800",-6,Critical
1614818,17,"October 15, 2026","1,654","20,000",East,Bhubaneswar,"1,800",-6,Critical
1614818,17,"October 16, 2026","1,654","20,000",East,Bhubaneswar,"1,800",-6,Critical
1614818,17,"October 17, 2026","1,654","20,000",East,Bhubaneswar,"1,800",-6,Critical
1614818,17,"October 18, 2026","1,654","20,000",East,Bhubaneswar,"1,800",-6,Critical
1614818,17,"October 19, 2026","1,661","20,000",East,Bhubaneswar,"1,800",-6,Critical
1614818,17,"October 20, 2026","1,661","20,000",East,Bhubaneswar,"1,800",-6,Critical
1614818,17,"October 21, 2026","1,659","20,000",East,Bhubaneswar,"1,800",-6,Critical
1614818,17,"October 22, 2026","1,661","20,000",East,Bhubaneswar,"1,800",-6,Critical
1614818,17,"October 23, 2026","1,655","20,000",East,Bhubaneswar,"1,800",-6,Critical
1614818,17,"October 24, 2026","1,655","20,000",East,Bhubaneswar,"1,800",-6,Critical
1614818,17,"October 25, 2026","1,655","20,000",East,Bhubaneswar,"1,800",-6,Critical
1614818,17,"October 26, 2026","1,654","20,000",East,Bhubaneswar,"1,800",-6,Critical
1614818,17,"October 27, 2026","1,654","20,000",East,Bhubaneswar,"1,800",-6,Critical
1614818,17,"October 28, 2026","1,654","20,000",East,Bhubaneswar,"1,800",-6,Critical
1614818,17,"October 29, 2026","1,654","20,000",East,Bhubaneswar,"1,800",-6,Critical
1614818,17,"November 11, 2026","1,654","20,000",East,Bhubaneswar,"1,800",-6,Critical
1614818,17,"November 17, 2026","1,654","20,000",East,Bhubaneswar,"1,800",-6,Critical
1614818,17,"November 24, 2026","1,654","20,000",East,Bhubaneswar,"1,800",-6,Critical
1614818,17,"November 25, 2026","1,654","20,000",East,Bhubaneswar,"1,800",-6,Critical
1614818,17,"December 4, 2026","1,654","20,000",East,Bhubaneswar,"1,800",-6,Critical
1614818,17,"December 5, 2026","1,654","20,000",East,Bhubaneswar,"1,800",-6,Critical
1614818,17,"December 11, 2026","1,654","20,000",East,Bhubaneswar,"1,800",-6,Critical
1614818,18,"October 13, 2026","1,654","20,000",East,Bhubaneswar,"1,800",-6,Critical
1614818,18,"October 14, 2026","1,654","20,000",East,Bhubaneswar,"1,800",-6,Critical
1614818,18,"October 15, 2026","1,654","20,000",East,Bhubaneswar,"1,800",-6,Critical
1614818,18,"October 16, 2026","1,654","20,000",East,Bhubaneswar,"1,800",-6,Critical
1614818,18,"October 17, 2026","1,654","20,000",East,Bhubaneswar,"1,800",-6,Critical
1614818,18,"October 18, 2026","1,654","20,000",East,Bhubaneswar,"1,800",-6,Critical
1614818,18,"October 19, 2026","1,661","20,000",East,Bhubaneswar,"1,800",-6,Critical
1614818,18,"October 20, 2026","1,661","20,000",East,Bhubaneswar,"1,800",-6,Critical
1614818,18,"October 21, 2026","1,659","20,000",East,Bhubaneswar,"1,800",-6,Critical
1614818,18,"October 22, 2026","1,661","20,000",East,Bhubaneswar,"1,800",-6,Critical
1614818,18,"October 23, 2026","1,655","20,000",East,Bhubaneswar,"1,800",-6,Critical
1614818,18,"October 24, 2026","1,655","20,000",East,Bhubaneswar,"1,800",-6,Critical
1614818,18,"October 25, 2026","1,655","20,000",East,Bhubaneswar,"1,800",-6,Critical
1614818,18,"October 26, 2026","1,654","20,000",East,Bhubaneswar,"1,800",-6,Critical
1614818,18,"October 27, 2026","1,654","20,000",East,Bhubaneswar,"1,800",-6,Critical
1614818,18,"October 28, 2026","1,654","20,000",East,Bhubaneswar,"1,800",-6,Critical
1614818,18,"October 29, 2026","1,654","20,000",East,Bhubaneswar,"1,800",-6,Critical
1614818,18,"November 11, 2026","1,654","20,000",East,Bhubaneswar,"1,800",-6,Critical
1614818,18,"November 17, 2026","1,654","20,000",East,Bhubaneswar,"1,800",-6,Critical
1614818,18,"November 24, 2026","1,654","20,000",East,Bhubaneswar,"1,800",-6,Critical
1614818,18,"November 25, 2026","1,654","20,000",East,Bhubaneswar,"1,800",-6,Critical
1614818,18,"December 4, 2026","1,654","20,000",East,Bhubaneswar,"1,800",-6,Critical
1614818,18,"December 5, 2026","1,654","20,000",East,Bhubaneswar,"1,800",-6,Critical
1614818,18,"December 11, 2026","1,654","20,000",East,Bhubaneswar,"1,800",-6,Critical
1614818,19,"December 4, 2026","1,826","20,000",East,Bhubaneswar,"1,973",-6,Critical
1614818,19,"December 5, 2026","1,826","20,000",East,Bhubaneswar,"1,973",-6,Critical
1614818,19,"December 11, 2026","1,826","20,000",East,Bhubaneswar,"1,973",-6,Critical
1614818,20,"December 4, 2026","1,826","20,000",East,Bhubaneswar,"1,973",-6,Critical
1614818,20,"December 5, 2026","1,826","20,000",East,Bhubaneswar,"1,973",-6,Critical
1614818,20,"December 11, 2026","1,826","20,000",East,Bhubaneswar,"1,973",-6,Critical
1614818,21,"November 1, 2026","2,081","20,000",East,Bhubaneswar,"2,276",-6,Critical
1614818,21,"November 2, 2026","2,081","20,000",East,Bhubaneswar,"2,276",-6,Critical
1614818,21,"November 3, 2026","2,081","20,000",East,Bhubaneswar,"2,276",-6,Critical
1614818,21,"November 4, 2026","2,081","20,000",East,Bhubaneswar,"2,276",-6,Critical
1614818,21,"November 5, 2026","2,083","20,000",East,Bhubaneswar,"2,276",-6,Critical
1614818,21,"November 12, 2026","2,081","20,000",East,Bhubaneswar,"2,276",-6,Critical
1614818,21,"November 18, 2026","2,081","20,000",East,Bhubaneswar,"2,276",-6,Critical
1614818,21,"November 19, 2026","2,083","20,000",East,Bhubaneswar,"2,276",-6,Critical
1614818,21,"November 22, 2026","2,081","20,000",East,Bhubaneswar,"2,276",-6,Critical
1614818,21,"November 23, 2026","2,081","20,000",East,Bhubaneswar,"2,276",-6,Critical
1614818,21,"November 29, 2026","2,081","20,000",East,Bhubaneswar,"2,276",-6,Critical
1614818,21,"November 30, 2026","2,081","20,000",East,Bhubaneswar,"2,276",-6,Critical
1614818,22,"November 1, 2026","2,081","20,000",East,Bhubaneswar,"2,276",-6,Critical
1614818,22,"November 2, 2026","2,081","20,000",East,Bhubaneswar,"2,276",-6,Critical
1614818,22,"November 3, 2026","2,081","20,000",East,Bhubaneswar,"2,276",-6,Critical
1614818,22,"November 4, 2026","2,081","20,000",East,Bhubaneswar,"2,276",-6,Critical
1614818,22,"November 5, 2026","2,083","20,000",East,Bhubaneswar,"2,276",-6,Critical
1614818,22,"November 12, 2026","2,081","20,000",East,Bhubaneswar,"2,276",-6,Critical
1614818,22,"November 18, 2026","2,081","20,000",East,Bhubaneswar,"2,276",-6,Critical
1614818,22,"November 19, 2026","2,083","20,000",East,Bhubaneswar,"2,276",-6,Critical
1614818,22,"November 22, 2026","2,081","20,000",East,Bhubaneswar,"2,276",-6,Critical
1614818,22,"November 23, 2026","2,081","20,000",East,Bhubaneswar,"2,276",-6,Critical
1614818,22,"November 29, 2026","2,081","20,000",East,Bhubaneswar,"2,276",-6,Critical
1614818,22,"November 30, 2026","2,081","20,000",East,Bhubaneswar,"2,276",-6,Critical
1614818,23,"November 1, 2026","2,254","20,000",East,Bhubaneswar,"2,439",-6,Critical
1614818,23,"November 2, 2026","2,254","20,000",East,Bhubaneswar,"2,439",-6,Critical
1614818,23,"November 3, 2026","2,254","20,000",East,Bhubaneswar,"2,439",-6,Critical
1614818,23,"November 4, 2026","2,254","20,000",East,Bhubaneswar,"2,439",-6,Critical
1614818,23,"November 5, 2026","2,256","20,000",East,Bhubaneswar,"2,439",-6,Critical
1614818,23,"November 12, 2026","2,254","20,000",East,Bhubaneswar,"2,439",-6,Critical
1614818,23,"November 18, 2026","2,254","20,000",East,Bhubaneswar,"2,439",-6,Critical
1614818,23,"November 19, 2026","2,256","20,000",East,Bhubaneswar,"2,439",-6,Critical
1614818,23,"November 22, 2026","2,254","20,000",East,Bhubaneswar,"2,439",-6,Critical
1614818,23,"November 23, 2026","2,254","20,000",East,Bhubaneswar,"2,439",-6,Critical
1614818,23,"November 29, 2026","2,254","20,000",East,Bhubaneswar,"2,439",-6,Critical
1614818,23,"November 30, 2026","2,254","20,000",East,Bhubaneswar,"2,439",-6,Critical
1614818,24,"November 1, 2026","2,254","20,000",East,Bhubaneswar,"2,439",-6,Critical
1614818,24,"November 2, 2026","2,254","20,000",East,Bhubaneswar,"2,439",-6,Critical
1614818,24,"November 3, 2026","2,254","20,000",East,Bhubaneswar,"2,439",-6,Critical
1614818,24,"November 4, 2026","2,254","20,000",East,Bhubaneswar,"2,439",-6,Critical
1614818,24,"November 5, 2026","2,256","20,000",East,Bhubaneswar,"2,439",-6,Critical
1614818,24,"November 12, 2026","2,254","20,000",East,Bhubaneswar,"2,439",-6,Critical
1614818,24,"November 18, 2026","2,254","20,000",East,Bhubaneswar,"2,439",-6,Critical
1614818,24,"November 19, 2026","2,256","20,000",East,Bhubaneswar,"2,439",-6,Critical
1614818,24,"November 22, 2026","2,254","20,000",East,Bhubaneswar,"2,439",-6,Critical
1614818,24,"November 23, 2026","2,254","20,000",East,Bhubaneswar,"2,439",-6,Critical
1614818,24,"November 29, 2026","2,254","20,000",East,Bhubaneswar,"2,439",-6,Critical
1614818,24,"November 30, 2026","2,254","20,000",East,Bhubaneswar,"2,439",-6,Critical
1614818,29,"November 11, 2026","2,654","20,000",East,Bhubaneswar,"2,894",-6,Critical
1614818,29,"November 17, 2026","2,654","20,000",East,Bhubaneswar,"2,894",-6,Critical
1614818,29,"November 24, 2026","2,654","20,000",East,Bhubaneswar,"2,894",-6,Critical
1614818,29,"November 25, 2026","2,654","20,000",East,Bhubaneswar,"2,894",-6,Critical
1614818,29,"November 26, 2026","2,654","20,000",East,Bhubaneswar,"2,894",-6,Critical
1614818,30,"November 11, 2026","2,654","20,000",East,Bhubaneswar,"2,894",-6,Critical
1614818,30,"November 17, 2026","2,654","20,000",East,Bhubaneswar,"2,894",-6,Critical
1614818,30,"November 24, 2026","2,654","20,000",East,Bhubaneswar,"2,894",-6,Critical
1614818,30,"November 25, 2026","2,654","20,000",East,Bhubaneswar,"2,894",-6,Critical
1614818,30,"November 26, 2026","2,654","20,000",East,Bhubaneswar,"2,894",-6,Critical
1614818,31,"November 11, 2026","2,654","20,000",East,Bhubaneswar,"2,894",-6,Critical
1614818,31,"November 17, 2026","2,654","20,000",East,Bhubaneswar,"2,894",-6,Critical
1614818,31,"November 24, 2026","2,654","20,000",East,Bhubaneswar,"2,894",-6,Critical
1614818,31,"November 25, 2026","2,654","20,000",East,Bhubaneswar,"2,894",-6,Critical
1614818,31,"November 26, 2026","2,654","20,000",East,Bhubaneswar,"2,894",-6,Critical
1614818,32,"November 20, 2026","2,932","20,000",East,Bhubaneswar,"3,208",-6,Critical
1614818,32,"November 21, 2026","2,932","20,000",East,Bhubaneswar,"3,208",-6,Critical
1614818,32,"December 4, 2026","2,930","20,000",East,Bhubaneswar,"3,176",-6,Critical
1614818,32,"December 5, 2026","2,930","20,000",East,Bhubaneswar,"3,176",-6,Critical
1614818,32,"December 11, 2026","2,930","20,000",East,Bhubaneswar,"3,176",-6,Critical
1614818,32,"December 12, 2026","2,930","20,000",East,Bhubaneswar,"3,176",-6,Critical
1614818,33,"November 20, 2026","2,932","20,000",East,Bhubaneswar,"3,208",-6,Critical
1614818,33,"November 21, 2026","2,932","20,000",East,Bhubaneswar,"3,208",-6,Critical
1614818,33,"December 4, 2026","2,930","20,000",East,Bhubaneswar,"3,176",-6,Critical
1614818,33,"December 5, 2026","2,930","20,000",East,Bhubaneswar,"3,176",-6,Critical
1614818,33,"December 11, 2026","2,930","20,000",East,Bhubaneswar,"3,176",-6,Critical
1614818,33,"December 12, 2026","2,930","20,000",East,Bhubaneswar,"3,176",-6,Critical
1614818,34,"November 20, 2026","2,932","20,000",East,Bhubaneswar,"3,208",-6,Critical
1614818,34,"November 21, 2026","2,932","20,000",East,Bhubaneswar,"3,208",-6,Critical
1614818,34,"December 4, 2026","2,930","20,000",East,Bhubaneswar,"3,176",-6,Critical
1614818,34,"December 5, 2026","2,930","20,000",East,Bhubaneswar,"3,176",-6,Critical
1614818,34,"December 11, 2026","2,930","20,000",East,Bhubaneswar,"3,176",-6,Critical
1614818,34,"December 12, 2026","2,930","20,000",East,Bhubaneswar,"3,176",-6,Critical
1614818,38,"December 4, 2026","1,447","20,000",East,Bhubaneswar,"1,568",-6,Critical
1614818,38,"December 5, 2026","1,447","20,000",East,Bhubaneswar,"1,568",-6,Critical
1614818,38,"December 11, 2026","1,447","20,000",East,Bhubaneswar,"1,568",-6,Critical
1614818,38,"December 12, 2026","1,447","20,000",East,Bhubaneswar,"1,568",-6,Critical
1614818,39,"November 1, 2026","2,081","20,000",East,Bhubaneswar,"2,276",-6,Critical
1614818,39,"November 2, 2026","2,081","20,000",East,Bhubaneswar,"2,276",-6,Critical
1614818,39,"November 3, 2026","2,081","20,000",East,Bhubaneswar,"2,276",-6,Critical
1614818,39,"November 4, 2026","2,081","20,000",East,Bhubaneswar,"2,276",-6,Critical
1614818,39,"November 5, 2026","2,083","20,000",East,Bhubaneswar,"2,276",-6,Critical
1614818,39,"November 12, 2026","2,081","20,000",East,Bhubaneswar,"2,276",-6,Critical
1614818,39,"November 18, 2026","2,081","20,000",East,Bhubaneswar,"2,276",-6,Critical
1614818,39,"November 19, 2026","2,083","20,000",East,Bhubaneswar,"2,276",-6,Critical
1614818,39,"November 22, 2026","2,081","20,000",East,Bhubaneswar,"2,276",-6,Critical
1614818,39,"November 23, 2026","2,081","20,000",East,Bhubaneswar,"2,276",-6,Critical
1614818,39,"November 29, 2026","2,081","20,000",East,Bhubaneswar,"2,276",-6,Critical
1614818,39,"November 30, 2026","2,081","20,000",East,Bhubaneswar,"2,276",-6,Critical
1614818,40,"November 1, 2026","2,254","20,000",East,Bhubaneswar,"2,439",-6,Critical
1614818,40,"November 2, 2026","2,254","20,000",East,Bhubaneswar,"2,439",-6,Critical
1614818,40,"November 3, 2026","2,254","20,000",East,Bhubaneswar,"2,439",-6,Critical
1614818,40,"November 4, 2026","2,254","20,000",East,Bhubaneswar,"2,439",-6,Critical
1614818,40,"November 5, 2026","2,256","20,000",East,Bhubaneswar,"2,439",-6,Critical
1614818,40,"November 12, 2026","2,254","20,000",East,Bhubaneswar,"2,439",-6,Critical
1614818,40,"November 18, 2026","2,254","20,000",East,Bhubaneswar,"2,439",-6,Critical
1614818,40,"November 19, 2026","2,256","20,000",East,Bhubaneswar,"2,439",-6,Critical
1614818,40,"November 22, 2026","2,254","20,000",East,Bhubaneswar,"2,439",-6,Critical
1614818,40,"November 23, 2026","2,254","20,000",East,Bhubaneswar,"2,439",-6,Critical
1614818,40,"November 29, 2026","2,254","20,000",East,Bhubaneswar,"2,439",-6,Critical
1614818,40,"November 30, 2026","2,254","20,000",East,Bhubaneswar,"2,439",-6,Critical
1614818,50,"October 13, 2026","1,654","20,000",East,Bhubaneswar,"1,800",-6,Critical
1614818,50,"October 14, 2026","1,654","20,000",East,Bhubaneswar,"1,800",-6,Critical
1614818,50,"October 15, 2026","1,654","20,000",East,Bhubaneswar,"1,800",-6,Critical
1614818,50,"October 16, 2026","1,654","20,000",East,Bhubaneswar,"1,800",-6,Critical
1614818,50,"October 17, 2026","1,654","20,000",East,Bhubaneswar,"1,800",-6,Critical
1614818,50,"October 18, 2026","1,654","20,000",East,Bhubaneswar,"1,800",-6,Critical
1614818,50,"October 19, 2026","1,661","20,000",East,Bhubaneswar,"1,800",-6,Critical
1614818,50,"October 20, 2026","1,661","20,000",East,Bhubaneswar,"1,800",-6,Critical
1614818,50,"October 21, 2026","1,659","20,000",East,Bhubaneswar,"1,800",-6,Critical
1614818,50,"October 22, 2026","1,661","20,000",East,Bhubaneswar,"1,800",-6,Critical
1614818,50,"October 23, 2026","1,655","20,000",East,Bhubaneswar,"1,800",-6,Critical
1614818,50,"October 24, 2026","1,655","20,000",East,Bhubaneswar,"1,800",-6,Critical
1614818,50,"October 25, 2026","1,655","20,000",East,Bhubaneswar,"1,800",-6,Critical
1614818,50,"October 26, 2026","1,654","20,000",East,Bhubaneswar,"1,800",-6,Critical
1614818,50,"October 27, 2026","1,654","20,000",East,Bhubaneswar,"1,800",-6,Critical
1614818,50,"October 28, 2026","1,654","20,000",East,Bhubaneswar,"1,800",-6,Critical
1614818,50,"October 29, 2026","1,654","20,000",East,Bhubaneswar,"1,800",-6,Critical
1614818,50,"November 11, 2026","1,654","20,000",East,Bhubaneswar,"1,800",-6,Critical
1614818,50,"November 17, 2026","1,654","20,000",East,Bhubaneswar,"1,800",-6,Critical
1614818,50,"November 24, 2026","1,654","20,000",East,Bhubaneswar,"1,800",-6,Critical
1614818,50,"November 25, 2026","1,654","20,000",East,Bhubaneswar,"1,800",-6,Critical
1614818,50,"December 4, 2026","1,654","20,000",East,Bhubaneswar,"1,800",-6,Critical
1614818,50,"December 5, 2026","1,654","20,000",East,Bhubaneswar,"1,800",-6,Critical
1614818,50,"December 11, 2026","1,654","20,000",East,Bhubaneswar,"1,800",-6,Critical
1614818,57,"November 11, 2026","2,654","20,000",East,Bhubaneswar,"2,894",-6,Critical
1614818,57,"November 17, 2026","2,654","20,000",East,Bhubaneswar,"2,894",-6,Critical
1614818,57,"November 24, 2026","2,654","20,000",East,Bhubaneswar,"2,894",-6,Critical
1614818,57,"November 25, 2026","2,654","20,000",East,Bhubaneswar,"2,894",-6,Critical
1614818,57,"November 26, 2026","2,654","20,000",East,Bhubaneswar,"2,894",-6,Critical
1614818,58,"November 20, 2026","2,932","20,000",East,Bhubaneswar,"3,208",-6,Critical
1614818,58,"November 21, 2026","2,932","20,000",East,Bhubaneswar,"3,208",-6,Critical
1614818,58,"December 4, 2026","2,930","20,000",East,Bhubaneswar,"3,176",-6,Critical
1614818,58,"December 5, 2026","2,930","20,000",East,Bhubaneswar,"3,176",-6,Critical
1614818,58,"December 11, 2026","2,930","20,000",East,Bhubaneswar,"3,176",-6,Critical
1614818,58,"December 12, 2026","2,930","20,000",East,Bhubaneswar,"3,176",-6,Critical
1614818,83,"November 1, 2026","2,081","20,000",East,Bhubaneswar,"2,276",-6,Critical
1614818,83,"November 2, 2026","2,081","20,000",East,Bhubaneswar,"2,276",-6,Critical
1614818,83,"November 3, 2026","2,081","20,000",East,Bhubaneswar,"2,276",-6,Critical
1614818,83,"November 4, 2026","2,081","20,000",East,Bhubaneswar,"2,276",-6,Critical
1614818,83,"November 5, 2026","2,083","20,000",East,Bhubaneswar,"2,276",-6,Critical
1614818,83,"November 12, 2026","2,081","20,000",East,Bhubaneswar,"2,276",-6,Critical
1614818,83,"November 18, 2026","2,081","20,000",East,Bhubaneswar,"2,276",-6,Critical
1614818,83,"November 19, 2026","2,083","20,000",East,Bhubaneswar,"2,276",-6,Critical
1614818,83,"November 22, 2026","2,081","20,000",East,Bhubaneswar,"2,276",-6,Critical
1614818,83,"November 23, 2026","2,081","20,000",East,Bhubaneswar,"2,276",-6,Critical
1614818,83,"November 29, 2026","2,081","20,000",East,Bhubaneswar,"2,276",-6,Critical
1614818,83,"November 30, 2026","2,081","20,000",East,Bhubaneswar,"2,276",-6,Critical
1614818,89,"November 11, 2026","2,654","20,000",East,Bhubaneswar,"2,894",-6,Critical
1614818,89,"November 17, 2026","2,654","20,000",East,Bhubaneswar,"2,894",-6,Critical
1614818,89,"November 24, 2026","2,654","20,000",East,Bhubaneswar,"2,894",-6,Critical
1614818,89,"November 25, 2026","2,654","20,000",East,Bhubaneswar,"2,894",-6,Critical
1614818,89,"November 26, 2026","2,654","20,000",East,Bhubaneswar,"2,894",-6,Critical
1617471,15,"October 27, 2026","1,247","23,600",East,Bhubaneswar,"1,350",-6,Critical
1617471,15,"October 28, 2026","1,247","23,600",East,Bhubaneswar,"1,350",-6,Critical
1617471,15,"October 29, 2026","1,247","23,600",East,Bhubaneswar,"1,350",-6,Critical
1617471,38,"October 27, 2026","1,247","23,600",East,Bhubaneswar,"1,350",-6,Critical
1617471,38,"October 28, 2026","1,247","23,600",East,Bhubaneswar,"1,350",-6,Critical
1617471,38,"October 29, 2026","1,247","23,600",East,Bhubaneswar,"1,350",-6,Critical
1617763,21,"December 1, 2026","1,573","23,600",East,Bhubaneswar,"1,711",-6,Critical
1617763,21,"December 7, 2026","1,573","23,600",East,Bhubaneswar,"1,711",-6,Critical
1617763,21,"December 8, 2026","1,573","23,600",East,Bhubaneswar,"1,711",-6,Critical
1617763,21,"December 9, 2026","1,573","23,600",East,Bhubaneswar,"1,711",-6,Critical
1617763,21,"December 10, 2026","1,573","23,600",East,Bhubaneswar,"1,711",-6,Critical
1617763,22,"December 1, 2026","1,573","23,600",East,Bhubaneswar,"1,711",-6,Critical
1617763,22,"December 7, 2026","1,573","23,600",East,Bhubaneswar,"1,711",-6,Critical
1617763,22,"December 8, 2026","1,573","23,600",East,Bhubaneswar,"1,711",-6,Critical
1617763,22,"December 9, 2026","1,573","23,600",East,Bhubaneswar,"1,711",-6,Critical
1617763,22,"December 10, 2026","1,573","23,600",East,Bhubaneswar,"1,711",-6,Critical
1617763,23,"November 18, 2026","1,642","23,600",East,Bhubaneswar,"1,793",-6,Critical
1617763,23,"November 19, 2026","1,642","23,600",East,Bhubaneswar,"1,793",-6,Critical
1617763,23,"November 22, 2026","1,642","23,600",East,Bhubaneswar,"1,793",-6,Critical
1617763,23,"November 23, 2026","1,642","23,600",East,Bhubaneswar,"1,793",-6,Critical
1617763,23,"November 29, 2026","1,642","23,600",East,Bhubaneswar,"1,793",-6,Critical
1617763,23,"November 30, 2026","1,642","23,600",East,Bhubaneswar,"1,793",-6,Critical
1617763,23,"December 1, 2026","1,642","23,600",East,Bhubaneswar,"1,776",-6,Critical
1617763,23,"December 7, 2026","1,642","23,600",East,Bhubaneswar,"1,776",-6,Critical
1617763,23,"December 8, 2026","1,642","23,600",East,Bhubaneswar,"1,776",-6,Critical
1617763,23,"December 9, 2026","1,642","23,600",East,Bhubaneswar,"1,776",-6,Critical
1617763,23,"December 10, 2026","1,642","23,600",East,Bhubaneswar,"1,776",-6,Critical
1617763,24,"November 18, 2026","1,642","23,600",East,Bhubaneswar,"1,793",-6,Critical
1617763,24,"November 19, 2026","1,642","23,600",East,Bhubaneswar,"1,793",-6,Critical
1617763,24,"November 22, 2026","1,642","23,600",East,Bhubaneswar,"1,793",-6,Critical
1617763,24,"November 23, 2026","1,642","23,600",East,Bhubaneswar,"1,793",-6,Critical
1617763,24,"November 29, 2026","1,642","23,600",East,Bhubaneswar,"1,793",-6,Critical
1617763,24,"November 30, 2026","1,642","23,600",East,Bhubaneswar,"1,793",-6,Critical
1617763,24,"December 1, 2026","1,642","23,600",East,Bhubaneswar,"1,776",-6,Critical
1617763,24,"December 7, 2026","1,642","23,600",East,Bhubaneswar,"1,776",-6,Critical
1617763,24,"December 8, 2026","1,642","23,600",East,Bhubaneswar,"1,776",-6,Critical
1617763,24,"December 9, 2026","1,642","23,600",East,Bhubaneswar,"1,776",-6,Critical
1617763,24,"December 10, 2026","1,642","23,600",East,Bhubaneswar,"1,776",-6,Critical
1617763,39,"December 1, 2026","1,573","23,600",East,Bhubaneswar,"1,711",-6,Critical
1617763,39,"December 7, 2026","1,573","23,600",East,Bhubaneswar,"1,711",-6,Critical
1617763,39,"December 8, 2026","1,573","23,600",East,Bhubaneswar,"1,711",-6,Critical
1617763,39,"December 9, 2026","1,573","23,600",East,Bhubaneswar,"1,711",-6,Critical
1617763,39,"December 10, 2026","1,573","23,600",East,Bhubaneswar,"1,711",-6,Critical
1617763,40,"November 18, 2026","1,642","23,600",East,Bhubaneswar,"1,793",-6,Critical
1617763,40,"November 19, 2026","1,642","23,600",East,Bhubaneswar,"1,793",-6,Critical
1617763,40,"November 22, 2026","1,642","23,600",East,Bhubaneswar,"1,793",-6,Critical
1617763,40,"November 23, 2026","1,642","23,600",East,Bhubaneswar,"1,793",-6,Critical
1617763,40,"November 29, 2026","1,642","23,600",East,Bhubaneswar,"1,793",-6,Critical
1617763,40,"November 30, 2026","1,642","23,600",East,Bhubaneswar,"1,793",-6,Critical
1617763,40,"December 1, 2026","1,642","23,600",East,Bhubaneswar,"1,776",-6,Critical
1617763,40,"December 7, 2026","1,642","23,600",East,Bhubaneswar,"1,776",-6,Critical
1617763,40,"December 8, 2026","1,642","23,600",East,Bhubaneswar,"1,776",-6,Critical
1617763,40,"December 9, 2026","1,642","23,600",East,Bhubaneswar,"1,776",-6,Critical
1617763,40,"December 10, 2026","1,642","23,600",East,Bhubaneswar,"1,776",-6,Critical
1617763,83,"December 1, 2026","1,573","23,600",East,Bhubaneswar,"1,711",-6,Critical
1617763,83,"December 7, 2026","1,573","23,600",East,Bhubaneswar,"1,711",-6,Critical
1617763,83,"December 8, 2026","1,573","23,600",East,Bhubaneswar,"1,711",-6,Critical
1617763,83,"December 9, 2026","1,573","23,600",East,Bhubaneswar,"1,711",-6,Critical
1617763,83,"December 10, 2026","1,573","23,600",East,Bhubaneswar,"1,711",-6,Critical
1618342,17,"November 20, 2026","1,479","20,000",East,Bhubaneswar,"1,604",-6,Critical
1618342,17,"November 21, 2026","1,479","20,000",East,Bhubaneswar,"1,604",-6,Critical
1618342,18,"November 20, 2026","1,479","20,000",East,Bhubaneswar,"1,604",-6,Critical
1618342,18,"November 21, 2026","1,479","20,000",East,Bhubaneswar,"1,604",-6,Critical
1618342,21,"September 14, 2026","1,515","20,000",East,Bhubaneswar,"1,655",-6,Critical
1618342,22,"September 14, 2026","1,515","20,000",East,Bhubaneswar,"1,655",-6,Critical
1618342,23,"September 14, 2026","1,584","20,000",East,Bhubaneswar,"1,720",-6,Critical
1618342,24,"September 14, 2026","1,584","20,000",East,Bhubaneswar,"1,720",-6,Critical
1618342,27,"September 19, 2026","1,946","20,000",East,Bhubaneswar,"2,106",-6,Critical
1618342,28,"September 19, 2026","1,946","20,000",East,Bhubaneswar,"2,106",-6,Critical
1618342,39,"September 14, 2026","1,515","20,000",East,Bhubaneswar,"1,655",-6,Critical
1618342,40,"September 14, 2026","1,584","20,000",East,Bhubaneswar,"1,720",-6,Critical
1618342,50,"November 20, 2026","1,479","20,000",East,Bhubaneswar,"1,604",-6,Critical
1618342,50,"November 21, 2026","1,479","20,000",East,Bhubaneswar,"1,604",-6,Critical
1618342,83,"September 14, 2026","1,515","20,000",East,Bhubaneswar,"1,655",-6,Critical
1619452,23,"September 19, 2026","1,698","23,600",East,Bhubaneswar,"1,853",-6,Critical
1619452,24,"September 19, 2026","1,698","23,600",East,Bhubaneswar,"1,853",-6,Critical
1619452,40,"September 19, 2026","1,698","23,600",East,Bhubaneswar,"1,853",-6,Critical
1776233,17,"September 16, 2026","1,682","23,600",South 1,Guruvayur,"1,826",-6,Critical
1776233,18,"September 16, 2026","1,682","23,600",South 1,Guruvayur,"1,826",-6,Critical
1776233,19,"September 17, 2026","1,747","23,600",South 1,Guruvayur,"1,907",-6,Critical
1776233,20,"September 17, 2026","1,747","23,600",South 1,Guruvayur,"1,907",-6,Critical
1776233,50,"September 16, 2026","1,682","23,600",South 1,Guruvayur,"1,826",-6,Critical
1837134,35,"December 12, 2026","5,342","23,600",South 1,Thekkady,"5,818",-6,Critical
1837134,36,"December 12, 2026","5,342","23,600",South 1,Thekkady,"5,818",-6,Critical
1869742,17,"September 17, 2026","2,143","23,600",West,Ujjain,"2,340",-6,Critical
1869742,18,"September 17, 2026","2,143","23,600",West,Ujjain,"2,340",-6,Critical
1869742,19,"September 17, 2026","2,419","23,600",West,Ujjain,"2,616",-6,Critical
1869742,20,"September 17, 2026","2,419","23,600",West,Ujjain,"2,616",-6,Critical
1869742,23,"September 17, 2026","2,695","23,600",West,Ujjain,"2,936",-6,Critical
1869742,24,"September 17, 2026","2,695","23,600",West,Ujjain,"2,936",-6,Critical
1869742,40,"September 17, 2026","2,695","23,600",West,Ujjain,"2,936",-6,Critical
1869742,50,"September 17, 2026","2,143","23,600",West,Ujjain,"2,340",-6,Critical
1916713,27,"September 13, 2027","2,180","23,600",North 2,Bhimtal,"2,377",-6,Critical
1916713,28,"September 13, 2027","2,180","23,600",North 2,Bhimtal,"2,377",-6,Critical
2010498,21,"September 19, 2026","2,549","23,600",East,Paradeep,"2,765",-6,Critical
2010498,22,"September 19, 2026","2,549","23,600",East,Paradeep,"2,765",-6,Critical
2010498,23,"September 19, 2026","2,652","23,600",East,Paradeep,"2,870",-6,Critical
2010498,24,"September 19, 2026","2,652","23,600",East,Paradeep,"2,870",-6,Critical
2010498,39,"September 19, 2026","2,549","23,600",East,Paradeep,"2,765",-6,Critical
2010498,40,"September 19, 2026","2,652","23,600",East,Paradeep,"2,870",-6,Critical
2010498,83,"September 19, 2026","2,549","23,600",East,Paradeep,"2,765",-6,Critical
2010531,17,"September 15, 2026","1,052","23,600",North 2,Baddi,"1,143",-6,Critical
2010531,18,"September 15, 2026","1,052","23,600",North 2,Baddi,"1,143",-6,Critical
2010531,19,"September 15, 2026","1,052","23,600",North 2,Baddi,"1,143",-6,Critical
2010531,20,"September 15, 2026","1,052","23,600",North 2,Baddi,"1,143",-6,Critical
2010531,50,"September 15, 2026","1,052","23,600",North 2,Baddi,"1,143",-6,Critical
2010531,51,"September 15, 2026","1,052","23,600",North 2,Baddi,"1,143",-6,Critical
2010531,87,"September 15, 2026","1,052","23,600",North 2,Baddi,"1,143",-6,Critical
2011450,21,"September 19, 2026","1,774","27,848",South 1,Bangalore,"1,938",-6,Critical
2011450,22,"September 19, 2026","1,774","27,848",South 1,Bangalore,"1,938",-6,Critical
2011450,23,"September 19, 2026","1,946","27,848",South 1,Bangalore,"2,113",-6,Critical
2011450,24,"September 19, 2026","1,946","27,848",South 1,Bangalore,"2,113",-6,Critical
2011450,29,"September 19, 2026","1,981","20,000",South 1,Bangalore,"2,148",-6,Critical
2011450,30,"September 19, 2026","1,981","20,000",South 1,Bangalore,"2,148",-6,Critical
2011450,31,"September 19, 2026","1,981","20,000",South 1,Bangalore,"2,148",-6,Critical
2011450,39,"September 19, 2026","1,774","27,848",South 1,Bangalore,"1,938",-6,Critical
2011450,40,"September 19, 2026","1,946","27,848",South 1,Bangalore,"2,113",-6,Critical
2011450,57,"September 19, 2026","1,981","20,000",South 1,Bangalore,"2,148",-6,Critical
2011450,83,"September 19, 2026","1,774","27,848",South 1,Bangalore,"1,938",-6,Critical
2011492,17,"September 18, 2026","1,391","23,600",South 1,Bangalore,"1,512",-6,Critical
2011492,18,"September 18, 2026","1,391","23,600",South 1,Bangalore,"1,512",-6,Critical
2011492,50,"September 18, 2026","1,391","23,600",South 1,Bangalore,"1,512",-6,Critical
2011649,23,"September 13, 2027","1,459","27,848",South 1,Bangalore,"1,578",-6,Critical
2011649,24,"September 13, 2027","1,459","27,848",South 1,Bangalore,"1,578",-6,Critical
2011649,27,"September 19, 2026","1,850","27,848",South 1,Bangalore,"2,016",-6,Critical
2011649,27,"September 13, 2027","1,838","27,848",South 1,Bangalore,"1,998",-6,Critical
2011649,28,"September 19, 2026","1,850","27,848",South 1,Bangalore,"2,016",-6,Critical
2011649,28,"September 13, 2027","1,838","27,848",South 1,Bangalore,"1,998",-6,Critical
2011649,29,"September 19, 2026","1,677","27,848",South 1,Bangalore,"1,823",-6,Critical
2011649,30,"September 19, 2026","1,677","27,848",South 1,Bangalore,"1,823",-6,Critical
2011649,31,"September 19, 2026","1,677","27,848",South 1,Bangalore,"1,823",-6,Critical
2011649,32,"September 19, 2026","1,815","27,848",South 1,Bangalore,"1,963",-6,Critical
2011649,33,"September 19, 2026","1,815","27,848",South 1,Bangalore,"1,963",-6,Critical
2011649,34,"September 19, 2026","1,815","27,848",South 1,Bangalore,"1,963",-6,Critical
2011649,40,"September 13, 2027","1,459","27,848",South 1,Bangalore,"1,578",-6,Critical
2011649,57,"September 19, 2026","1,677","27,848",South 1,Bangalore,"1,823",-6,Critical
2011649,58,"September 19, 2026","1,815","27,848",South 1,Bangalore,"1,963",-6,Critical
2011649,89,"September 19, 2026","1,677","27,848",South 1,Bangalore,"1,823",-6,Critical
2013237,21,"September 17, 2026","2,359","27,848",South 1,Bangalore,"2,560",-6,Critical
2013237,22,"September 17, 2026","2,359","27,848",South 1,Bangalore,"2,560",-6,Critical
2013237,23,"September 17, 2026","2,497","27,848",South 1,Bangalore,"2,700",-6,Critical
2013237,24,"September 17, 2026","2,497","27,848",South 1,Bangalore,"2,700",-6,Critical
2013237,25,"September 17, 2026","2,497","27,848",South 1,Bangalore,"2,700",-6,Critical
2013237,39,"September 17, 2026","2,359","27,848",South 1,Bangalore,"2,560",-6,Critical
2013237,40,"September 17, 2026","2,497","27,848",South 1,Bangalore,"2,700",-6,Critical
2013237,83,"September 17, 2026","2,359","27,848",South 1,Bangalore,"2,560",-6,Critical
2013677,19,"December 12, 2026","1,227","20,000",South 1,Thiruvananthapuram,"1,339",-6,Critical
2013677,20,"December 12, 2026","1,227","20,000",South 1,Thiruvananthapuram,"1,339",-6,Critical
2014478,17,"September 19, 2026","1,117","27,848",South 1,Bangalore,"1,214",-6,Critical
2014478,18,"September 19, 2026","1,117","27,848",South 1,Bangalore,"1,214",-6,Critical
2014478,50,"September 19, 2026","1,117","27,848",South 1,Bangalore,"1,214",-6,Critical
2014917,19,"October 13, 2026","1,740","20,000",South 1,Bangalore,"1,883",-6,Critical
2014917,20,"October 13, 2026","1,740","20,000",South 1,Bangalore,"1,883",-6,Critical
2018414,25,"September 13, 2027","2,654","23,600",South 1,Bangalore,"2,881",-6,Critical
2018414,26,"September 13, 2027","2,654","23,600",South 1,Bangalore,"2,881",-6,Critical
2018445,27,"September 19, 2026","2,237","23,600",South 1,Bangalore,"2,419",-6,Critical
2018445,28,"September 19, 2026","2,237","23,600",South 1,Bangalore,"2,419",-6,Critical
2018835,19,"September 19, 2026","2,546","23,600",South 1,Bangalore,"2,781",-6,Critical
2018835,20,"September 19, 2026","2,546","23,600",South 1,Bangalore,"2,781",-6,Critical
2018835,21,"September 19, 2026","2,891","23,600",South 1,Bangalore,"3,131",-6,Critical
2018835,22,"September 19, 2026","2,891","23,600",South 1,Bangalore,"3,131",-6,Critical
2018835,39,"September 19, 2026","2,891","23,600",South 1,Bangalore,"3,131",-6,Critical
2018835,83,"September 19, 2026","2,891","23,600",South 1,Bangalore,"3,131",-6,Critical
2019978,21,"September 19, 2026","2,019","20,000",South 1,Bangalore,"2,181",-6,Critical
2019978,22,"September 19, 2026","2,019","20,000",South 1,Bangalore,"2,181",-6,Critical
2019978,25,"September 19, 2026","1,743","20,000",South 1,Bangalore,"1,905",-6,Critical
2019978,26,"September 19, 2026","1,743","20,000",South 1,Bangalore,"1,905",-6,Critical
2019978,27,"September 13, 2027","2,802","20,000",South 1,Bangalore,"3,028",-6,Critical
2019978,28,"September 13, 2027","2,802","20,000",South 1,Bangalore,"3,028",-6,Critical
2019978,39,"September 19, 2026","2,019","20,000",South 1,Bangalore,"2,181",-6,Critical
2019978,83,"September 19, 2026","2,019","20,000",South 1,Bangalore,"2,181",-6,Critical
2026607,27,"September 19, 2026","1,934","20,000",South 1,Mangalore,"2,107",-6,Critical
2026607,28,"September 19, 2026","1,934","20,000",South 1,Mangalore,"2,107",-6,Critical
2027305,17,"September 19, 2026","1,732","23,600",South 1,Mangalore,"1,877",-6,Critical
2027305,17,"December 12, 2026","2,251","23,600",South 1,Mangalore,"2,438",-6,Critical
2027305,18,"September 19, 2026","1,732","23,600",South 1,Mangalore,"1,877",-6,Critical
2027305,18,"December 12, 2026","2,251","23,600",South 1,Mangalore,"2,438",-6,Critical
2027305,50,"September 19, 2026","1,732","23,600",South 1,Mangalore,"1,877",-6,Critical
2027305,50,"December 12, 2026","2,251","23,600",South 1,Mangalore,"2,438",-6,Critical
2027305,87,"September 19, 2026","1,732","23,600",South 1,Mangalore,"1,877",-6,Critical
2027305,87,"December 12, 2026","2,251","23,600",South 1,Mangalore,"2,438",-6,Critical
2031351,23,"September 16, 2026","1,853","23,600",North 2,Chandigarh,"2,024",-6,Critical
2031351,23,"September 17, 2026","1,853","23,600",North 2,Chandigarh,"2,024",-6,Critical
2031351,24,"September 16, 2026","1,853","23,600",North 2,Chandigarh,"2,024",-6,Critical
2031351,24,"September 17, 2026","1,853","23,600",North 2,Chandigarh,"2,024",-6,Critical
2031351,27,"September 18, 2026","2,198","23,600",North 2,Chandigarh,"2,390",-6,Critical
2031351,28,"September 18, 2026","2,198","23,600",North 2,Chandigarh,"2,390",-6,Critical
2031351,40,"September 16, 2026","1,853","23,600",North 2,Chandigarh,"2,024",-6,Critical
2031351,40,"September 17, 2026","1,853","23,600",North 2,Chandigarh,"2,024",-6,Critical
2031448,25,"September 15, 2026","1,528","23,600",North 1,Udaipur,"1,659",-6,Critical
2031448,25,"September 17, 2026","1,695","23,600",North 1,Udaipur,"1,850",-6,Critical
2031448,26,"September 15, 2026","1,528","23,600",North 1,Udaipur,"1,659",-6,Critical
2031448,26,"September 17, 2026","1,695","23,600",North 1,Udaipur,"1,850",-6,Critical
2031448,55,"September 15, 2026","1,528","23,600",North 1,Udaipur,"1,659",-6,Critical
2031448,55,"September 17, 2026","1,695","23,600",North 1,Udaipur,"1,850",-6,Critical
2043614,27,"September 19, 2026","2,043","20,000",North 1,Noida,"2,234",-6,Critical
2043614,28,"September 19, 2026","2,043","20,000",North 1,Noida,"2,234",-6,Critical
2051131,17,"September 19, 2026","1,543","23,600",North 1,Gurgaon,"1,680",-6,Critical
2051131,18,"September 19, 2026","1,543","23,600",North 1,Gurgaon,"1,680",-6,Critical
2051131,19,"September 19, 2026","1,681","23,600",North 1,Gurgaon,"1,820",-6,Critical
2051131,20,"September 19, 2026","1,681","23,600",North 1,Gurgaon,"1,820",-6,Critical
2051131,21,"September 19, 2026","1,681","23,600",North 1,Gurgaon,"1,820",-6,Critical
2051131,22,"September 19, 2026","1,681","23,600",North 1,Gurgaon,"1,820",-6,Critical
2051131,39,"September 19, 2026","1,681","23,600",North 1,Gurgaon,"1,820",-6,Critical
2051131,50,"September 19, 2026","1,543","23,600",North 1,Gurgaon,"1,680",-6,Critical
2051131,51,"September 19, 2026","1,681","20,000",North 1,Gurgaon,"1,820",-6,Critical
2051131,83,"September 19, 2026","1,681","23,600",North 1,Gurgaon,"1,820",-6,Critical
2051131,87,"September 19, 2026","1,543","20,000",North 1,Gurgaon,"1,680",-6,Critical
2055653,29,"September 19, 2026","2,015","23,600",West,Nagpur,"2,180",-6,Critical
2055653,30,"September 19, 2026","2,015","23,600",West,Nagpur,"2,180",-6,Critical
2055653,31,"September 19, 2026","2,015","23,600",West,Nagpur,"2,180",-6,Critical
2055653,57,"September 19, 2026","2,015","23,600",West,Nagpur,"2,180",-6,Critical
2058446,27,"September 19, 2026","2,405","23,600",North 1,Gurgaon,"2,605",-6,Critical
2058446,28,"September 19, 2026","2,405","23,600",North 1,Gurgaon,"2,605",-6,Critical
2059540,27,"December 12, 2026","2,332","23,600",South 2,Hyderabad,"2,522",-6,Critical
2059540,28,"December 12, 2026","2,332","23,600",South 2,Hyderabad,"2,522",-6,Critical
2059541,35,"September 14, 2026","3,960","27,848",South 2,Hyderabad,"4,290",-6,Critical
2059541,36,"September 14, 2026","3,960","27,848",South 2,Hyderabad,"4,290",-6,Critical
2061503,35,"September 19, 2026","4,392","23,600",East,Bhubaneswar,"4,747",-6,Critical
2061503,36,"September 19, 2026","4,392","23,600",East,Bhubaneswar,"4,747",-6,Critical
2061639,21,"September 19, 2026","1,375","23,600",West,Indore,"1,487",-6,Critical
2061639,22,"September 19, 2026","1,375","23,600",West,Indore,"1,487",-6,Critical
2061639,39,"September 19, 2026","1,375","23,600",West,Indore,"1,487",-6,Critical
2061639,83,"September 19, 2026","1,375","23,600",West,Indore,"1,487",-6,Critical
2065763,102,"September 19, 2026","1,494","32,861",West,Indore,"1,626",-6,Critical
2065763,102,"December 12, 2026","2,175","32,861",West,Indore,"2,373",-6,Critical
2065763,103,"September 19, 2026","1,494","32,861",West,Indore,"1,626",-6,Critical
2065763,103,"December 12, 2026","2,175","32,861",West,Indore,"2,373",-6,Critical
2065763,104,"September 19, 2026","1,494","32,861",West,Indore,"1,626",-6,Critical
2065763,104,"December 12, 2026","2,175","32,861",West,Indore,"2,373",-6,Critical
2065763,113,"September 19, 2026","1,494","32,861",West,Indore,"1,626",-6,Critical
2065763,17,"September 19, 2026","1,494","32,861",West,Indore,"1,625",-6,Critical
2065763,18,"September 19, 2026","1,494","32,861",West,Indore,"1,625",-6,Critical
2065763,25,"September 19, 2026","1,494","32,861",West,Indore,"1,626",-6,Critical
2065763,25399,"September 19, 2026","1,494","32,861",West,Indore,"1,625",-6,Critical
2065763,26,"September 19, 2026","1,494","32,861",West,Indore,"1,626",-6,Critical
2065763,50,"September 19, 2026","1,494","32,861",West,Indore,"1,625",-6,Critical
2065763,55,"September 19, 2026","1,494","32,861",West,Indore,"1,626",-6,Critical
2065763,87,"September 19, 2026","1,494","32,861",West,Indore,"1,625",-6,Critical
2065763,93,"September 19, 2026","1,494","32,861",West,Indore,"1,625",-6,Critical
2065763,95,"September 19, 2026","1,494","32,861",West,Indore,"1,626",-6,Critical
2066561,27,"September 19, 2026","1,965","27,848",North 2,Dharamshala,"2,145",-6,Critical
2066561,28,"September 19, 2026","1,965","27,848",North 2,Dharamshala,"2,145",-6,Critical
2066561,29,"September 19, 2026","2,172","27,848",North 2,Dharamshala,"2,352",-6,Critical
2066561,30,"September 19, 2026","2,172","27,848",North 2,Dharamshala,"2,352",-6,Critical
2066561,31,"September 19, 2026","2,172","27,848",North 2,Dharamshala,"2,352",-6,Critical
2066561,32,"September 19, 2026","2,172","27,848",North 2,Dharamshala,"2,352",-6,Critical
2066561,33,"September 19, 2026","2,172","27,848",North 2,Dharamshala,"2,352",-6,Critical
2066561,34,"September 19, 2026","2,172","27,848",North 2,Dharamshala,"2,352",-6,Critical
2066561,42,"September 19, 2026","2,172","27,848",North 2,Dharamshala,"2,352",-6,Critical
2066561,43,"September 19, 2026","2,172","27,848",North 2,Dharamshala,"2,352",-6,Critical
2066561,47,"September 19, 2026","2,172","27,848",North 2,Dharamshala,"2,352",-6,Critical
2066561,48,"September 19, 2026","2,172","27,848",North 2,Dharamshala,"2,352",-6,Critical
2066561,57,"September 19, 2026","2,172","27,848",North 2,Dharamshala,"2,352",-6,Critical
2071014,29,"September 13, 2027","2,511","23,600",West,Bhopal,"2,736",-6,Critical
2071014,30,"September 13, 2027","2,511","23,600",West,Bhopal,"2,736",-6,Critical
2071014,31,"September 13, 2027","2,511","23,600",West,Bhopal,"2,736",-6,Critical
2071014,32,"September 13, 2027","2,580","23,600",West,Bhopal,"2,806",-6,Critical
2071014,33,"September 13, 2027","2,580","23,600",West,Bhopal,"2,806",-6,Critical
2071014,34,"September 13, 2027","2,580","23,600",West,Bhopal,"2,806",-6,Critical
2071014,57,"September 13, 2027","2,511","23,600",West,Bhopal,"2,736",-6,Critical
2071014,58,"September 13, 2027","2,580","23,600",West,Bhopal,"2,806",-6,Critical
2071014,89,"September 13, 2027","2,511","23,600",West,Bhopal,"2,736",-6,Critical
2088875,19,"September 19, 2026","1,970","23,600",West,Aurangabad,"2,154",-6,Critical
2088875,20,"September 19, 2026","1,970","23,600",West,Aurangabad,"2,154",-6,Critical
2088875,21,"September 19, 2026","2,108","23,600",West,Aurangabad,"2,284",-6,Critical
2088875,22,"September 19, 2026","2,108","23,600",West,Aurangabad,"2,284",-6,Critical
2088875,39,"September 19, 2026","2,108","23,600",West,Aurangabad,"2,284",-6,Critical
2088875,83,"September 19, 2026","2,108","23,600",West,Aurangabad,"2,284",-6,Critical
2089527,21,"September 19, 2026","1,644","23,600",East,Siliguri,"1,791",-6,Critical
2089527,22,"September 19, 2026","1,644","23,600",East,Siliguri,"1,791",-6,Critical
2089527,23,"September 19, 2026","1,713","23,600",East,Siliguri,"1,861",-6,Critical
2089527,24,"September 19, 2026","1,713","23,600",East,Siliguri,"1,861",-6,Critical
2089527,27,"September 19, 2026","1,644","23,600",East,Siliguri,"1,786",-6,Critical
2089527,28,"September 19, 2026","1,644","23,600",East,Siliguri,"1,786",-6,Critical
2089527,39,"September 19, 2026","1,644","23,600",East,Siliguri,"1,791",-6,Critical
2089527,40,"September 19, 2026","1,713","23,600",East,Siliguri,"1,861",-6,Critical
2089527,83,"September 19, 2026","1,644","23,600",East,Siliguri,"1,791",-6,Critical
2341617,25,"September 19, 2026","2,043","23,600",West,Chandrapur,"2,226",-6,Critical
2341617,26,"September 19, 2026","2,043","23,600",West,Chandrapur,"2,226",-6,Critical
3006134,17,"September 13, 2026","1,268","23,600",East,Bhubaneswar,"1,380",-6,Critical
3006134,18,"September 13, 2026","1,268","23,600",East,Bhubaneswar,"1,380",-6,Critical
3006134,19,"September 13, 2026","1,406","23,600",East,Bhubaneswar,"1,518",-6,Critical
3006134,19,"November 18, 2026","1,472","23,600",East,Bhubaneswar,"1,602",-6,Critical
3006134,19,"November 19, 2026","1,472","23,600",East,Bhubaneswar,"1,602",-6,Critical
3006134,19,"November 22, 2026","1,472","23,600",East,Bhubaneswar,"1,602",-6,Critical
3006134,19,"November 23, 2026","1,472","23,600",East,Bhubaneswar,"1,602",-6,Critical
3006134,20,"September 13, 2026","1,406","23,600",East,Bhubaneswar,"1,518",-6,Critical
3006134,20,"November 18, 2026","1,472","23,600",East,Bhubaneswar,"1,602",-6,Critical
3006134,20,"November 19, 2026","1,472","23,600",East,Bhubaneswar,"1,602",-6,Critical
3006134,20,"November 22, 2026","1,472","23,600",East,Bhubaneswar,"1,602",-6,Critical
3006134,20,"November 23, 2026","1,472","23,600",East,Bhubaneswar,"1,602",-6,Critical
3006134,21,"November 18, 2026","1,617","23,600",East,Bhubaneswar,"1,747",-6,Critical
3006134,21,"November 19, 2026","1,617","23,600",East,Bhubaneswar,"1,747",-6,Critical
3006134,21,"November 22, 2026","1,617","23,600",East,Bhubaneswar,"1,747",-6,Critical
3006134,21,"November 23, 2026","1,617","23,600",East,Bhubaneswar,"1,747",-6,Critical
3006134,22,"November 18, 2026","1,617","23,600",East,Bhubaneswar,"1,747",-6,Critical
3006134,22,"November 19, 2026","1,617","23,600",East,Bhubaneswar,"1,747",-6,Critical
3006134,22,"November 22, 2026","1,617","23,600",East,Bhubaneswar,"1,747",-6,Critical
3006134,22,"November 23, 2026","1,617","23,600",East,Bhubaneswar,"1,747",-6,Critical
3006134,29,"December 1, 2026","1,996","23,600",East,Bhubaneswar,"2,169",-6,Critical
3006134,29,"December 7, 2026","1,996","23,600",East,Bhubaneswar,"2,169",-6,Critical
3006134,29,"December 8, 2026","1,996","23,600",East,Bhubaneswar,"2,169",-6,Critical
3006134,29,"December 9, 2026","1,996","23,600",East,Bhubaneswar,"2,169",-6,Critical
3006134,29,"December 10, 2026","1,996","23,600",East,Bhubaneswar,"2,169",-6,Critical
3006134,30,"December 1, 2026","1,996","23,600",East,Bhubaneswar,"2,169",-6,Critical
3006134,30,"December 7, 2026","1,996","23,600",East,Bhubaneswar,"2,169",-6,Critical
3006134,30,"December 8, 2026","1,996","23,600",East,Bhubaneswar,"2,169",-6,Critical
3006134,30,"December 9, 2026","1,996","23,600",East,Bhubaneswar,"2,169",-6,Critical
3006134,30,"December 10, 2026","1,996","23,600",East,Bhubaneswar,"2,169",-6,Critical
3006134,31,"December 1, 2026","1,996","23,600",East,Bhubaneswar,"2,169",-6,Critical
3006134,31,"December 7, 2026","1,996","23,600",East,Bhubaneswar,"2,169",-6,Critical
3006134,31,"December 8, 2026","1,996","23,600",East,Bhubaneswar,"2,169",-6,Critical
3006134,31,"December 9, 2026","1,996","23,600",East,Bhubaneswar,"2,169",-6,Critical
3006134,31,"December 10, 2026","1,996","23,600",East,Bhubaneswar,"2,169",-6,Critical
3006134,32,"November 1, 2026","2,318","23,600",East,Bhubaneswar,"2,524",-6,Critical
3006134,32,"November 2, 2026","2,318","23,600",East,Bhubaneswar,"2,524",-6,Critical
3006134,32,"November 3, 2026","2,318","23,600",East,Bhubaneswar,"2,524",-6,Critical
3006134,32,"November 4, 2026","2,318","23,600",East,Bhubaneswar,"2,524",-6,Critical
3006134,32,"November 5, 2026","2,318","23,600",East,Bhubaneswar,"2,524",-6,Critical
3006134,32,"November 12, 2026","2,318","23,600",East,Bhubaneswar,"2,524",-6,Critical
3006134,33,"November 1, 2026","2,318","23,600",East,Bhubaneswar,"2,524",-6,Critical
3006134,33,"November 2, 2026","2,318","23,600",East,Bhubaneswar,"2,524",-6,Critical
3006134,33,"November 3, 2026","2,318","23,600",East,Bhubaneswar,"2,524",-6,Critical
3006134,33,"November 4, 2026","2,318","23,600",East,Bhubaneswar,"2,524",-6,Critical
3006134,33,"November 5, 2026","2,318","23,600",East,Bhubaneswar,"2,524",-6,Critical
3006134,33,"November 12, 2026","2,318","23,600",East,Bhubaneswar,"2,524",-6,Critical
3006134,34,"November 1, 2026","2,318","23,600",East,Bhubaneswar,"2,524",-6,Critical
3006134,34,"November 2, 2026","2,318","23,600",East,Bhubaneswar,"2,524",-6,Critical
3006134,34,"November 3, 2026","2,318","23,600",East,Bhubaneswar,"2,524",-6,Critical
3006134,34,"November 4, 2026","2,318","23,600",East,Bhubaneswar,"2,524",-6,Critical
3006134,34,"November 5, 2026","2,318","23,600",East,Bhubaneswar,"2,524",-6,Critical
3006134,34,"November 12, 2026","2,318","23,600",East,Bhubaneswar,"2,524",-6,Critical
3006134,35,"November 18, 2026","2,617","23,600",East,Bhubaneswar,"2,849",-6,Critical
3006134,35,"November 19, 2026","2,617","23,600",East,Bhubaneswar,"2,849",-6,Critical
3006134,35,"November 22, 2026","2,617","23,600",East,Bhubaneswar,"2,849",-6,Critical
3006134,35,"November 23, 2026","2,617","23,600",East,Bhubaneswar,"2,849",-6,Critical
3006134,35,"November 29, 2026","2,617","23,600",East,Bhubaneswar,"2,849",-6,Critical
3006134,35,"November 30, 2026","2,617","23,600",East,Bhubaneswar,"2,849",-6,Critical
3006134,36,"November 18, 2026","2,617","23,600",East,Bhubaneswar,"2,849",-6,Critical
3006134,36,"November 19, 2026","2,617","23,600",East,Bhubaneswar,"2,849",-6,Critical
3006134,36,"November 22, 2026","2,617","23,600",East,Bhubaneswar,"2,849",-6,Critical
3006134,36,"November 23, 2026","2,617","23,600",East,Bhubaneswar,"2,849",-6,Critical
3006134,36,"November 29, 2026","2,617","23,600",East,Bhubaneswar,"2,849",-6,Critical
3006134,36,"November 30, 2026","2,617","23,600",East,Bhubaneswar,"2,849",-6,Critical
3006134,37,"November 18, 2026","2,617","23,600",East,Bhubaneswar,"2,849",-6,Critical
3006134,37,"November 19, 2026","2,617","23,600",East,Bhubaneswar,"2,849",-6,Critical
3006134,37,"November 22, 2026","2,617","23,600",East,Bhubaneswar,"2,849",-6,Critical
3006134,37,"November 23, 2026","2,617","23,600",East,Bhubaneswar,"2,849",-6,Critical
3006134,37,"November 29, 2026","2,617","23,600",East,Bhubaneswar,"2,849",-6,Critical
3006134,37,"November 30, 2026","2,617","23,600",East,Bhubaneswar,"2,849",-6,Critical
3006134,39,"November 18, 2026","1,617","23,600",East,Bhubaneswar,"1,747",-6,Critical
3006134,39,"November 19, 2026","1,617","23,600",East,Bhubaneswar,"1,747",-6,Critical
3006134,39,"November 22, 2026","1,617","23,600",East,Bhubaneswar,"1,747",-6,Critical
3006134,39,"November 23, 2026","1,617","23,600",East,Bhubaneswar,"1,747",-6,Critical
3006134,50,"September 13, 2026","1,268","23,600",East,Bhubaneswar,"1,380",-6,Critical
3006134,57,"December 1, 2026","1,996","23,600",East,Bhubaneswar,"2,169",-6,Critical
3006134,57,"December 7, 2026","1,996","23,600",East,Bhubaneswar,"2,169",-6,Critical
3006134,57,"December 8, 2026","1,996","23,600",East,Bhubaneswar,"2,169",-6,Critical
3006134,57,"December 9, 2026","1,996","23,600",East,Bhubaneswar,"2,169",-6,Critical
3006134,57,"December 10, 2026","1,996","23,600",East,Bhubaneswar,"2,169",-6,Critical
3006134,58,"November 1, 2026","2,318","23,600",East,Bhubaneswar,"2,524",-6,Critical
3006134,58,"November 2, 2026","2,318","23,600",East,Bhubaneswar,"2,524",-6,Critical
3006134,58,"November 3, 2026","2,318","23,600",East,Bhubaneswar,"2,524",-6,Critical
3006134,58,"November 4, 2026","2,318","23,600",East,Bhubaneswar,"2,524",-6,Critical
3006134,58,"November 5, 2026","2,318","23,600",East,Bhubaneswar,"2,524",-6,Critical
3006134,58,"November 12, 2026","2,318","23,600",East,Bhubaneswar,"2,524",-6,Critical
3006134,83,"November 18, 2026","1,617","23,600",East,Bhubaneswar,"1,747",-6,Critical
3006134,83,"November 19, 2026","1,617","23,600",East,Bhubaneswar,"1,747",-6,Critical
3006134,83,"November 22, 2026","1,617","23,600",East,Bhubaneswar,"1,747",-6,Critical
3006134,83,"November 23, 2026","1,617","23,600",East,Bhubaneswar,"1,747",-6,Critical
3006134,89,"December 1, 2026","1,996","23,600",East,Bhubaneswar,"2,169",-6,Critical
3006134,89,"December 7, 2026","1,996","23,600",East,Bhubaneswar,"2,169",-6,Critical
3006134,89,"December 8, 2026","1,996","23,600",East,Bhubaneswar,"2,169",-6,Critical
3006134,89,"December 9, 2026","1,996","23,600",East,Bhubaneswar,"2,169",-6,Critical
3006134,89,"December 10, 2026","1,996","23,600",East,Bhubaneswar,"2,169",-6,Critical
4146211,17,"September 17, 2026","2,311","27,848",South 2,Hyderabad,"2,507",-6,Critical
4146211,18,"September 17, 2026","2,311","27,848",South 2,Hyderabad,"2,507",-6,Critical
4146211,19,"September 17, 2026","2,380","27,848",South 2,Hyderabad,"2,577",-6,Critical
4146211,20,"September 17, 2026","2,380","27,848",South 2,Hyderabad,"2,577",-6,Critical
4146211,32,"September 17, 2026","3,036","27,848",South 2,Hyderabad,"3,312",-6,Critical
4146211,33,"September 17, 2026","3,036","27,848",South 2,Hyderabad,"3,312",-6,Critical
4146211,34,"September 17, 2026","3,036","27,848",South 2,Hyderabad,"3,312",-6,Critical
4146211,35,"September 17, 2026","3,381","27,848",South 2,Hyderabad,"3,662",-6,Critical
4146211,36,"September 17, 2026","3,381","27,848",South 2,Hyderabad,"3,662",-6,Critical
4146211,37,"September 17, 2026","3,381","20,000",South 2,Hyderabad,"3,662",-6,Critical
4146211,50,"September 17, 2026","2,311","27,848",South 2,Hyderabad,"2,507",-6,Critical
4146211,58,"September 17, 2026","3,036","20,000",South 2,Hyderabad,"3,312",-6,Critical
4471338,35,"September 19, 2026","2,736","23,600",North 2,Dalhousie,"2,990",-6,Critical
4471338,36,"September 19, 2026","2,736","23,600",North 2,Dalhousie,"2,990",-6,Critical
9772256,21,"September 13, 2027","3,123","23,600",North 2,Jispa,"3,390",-6,Critical
9772256,22,"September 13, 2027","3,123","23,600",North 2,Jispa,"3,390",-6,Critical
9772256,23,"September 13, 2027","3,123","23,600",North 2,Jispa,"3,390",-6,Critical
9772256,24,"September 13, 2027","3,123","23,600",North 2,Jispa,"3,390",-6,Critical
9772256,25,"September 13, 2027","3,675","23,600",North 2,Jispa,"3,975",-6,Critical
9772256,26,"September 13, 2027","3,675","23,600",North 2,Jispa,"3,975",-6,Critical
9772256,39,"September 13, 2027","3,123","23,600",North 2,Jispa,"3,390",-6,Critical
9772256,40,"September 13, 2027","3,123","23,600",North 2,Jispa,"3,390",-6,Critical
9772256,83,"September 13, 2027","3,123","23,600",North 2,Jispa,"3,390",-6,Critical
0003211,19,"September 19, 2026","1,612","23,600",North 1,Jaipur,"1,783",-7,Critical
0003211,20,"September 19, 2026","1,612","23,600",North 1,Jaipur,"1,783",-7,Critical
0019694,19,"September 19, 2026","2,097","23,600",South 1,Bangalore,"2,306",-7,Critical
0019694,20,"September 19, 2026","2,097","23,600",South 1,Bangalore,"2,306",-7,Critical
0019694,51,"September 19, 2026","2,097","23,600",South 1,Bangalore,"2,306",-7,Critical
0050525,19,"September 19, 2026","2,150","23,600",West,Pune,"2,366",-7,Critical
0050525,20,"September 19, 2026","2,150","23,600",West,Pune,"2,366",-7,Critical
0050525,51,"September 19, 2026","2,150","23,600",West,Pune,"2,366",-7,Critical
0191524,19,"September 19, 2026","1,939","23,600",South 1,Alleppey,"2,138",-7,Critical
0191524,20,"September 19, 2026","1,939","23,600",South 1,Alleppey,"2,138",-7,Critical
0191524,21,"September 19, 2026","2,008","23,600",South 1,Alleppey,"2,207",-7,Critical
0191524,22,"September 19, 2026","2,008","23,600",South 1,Alleppey,"2,207",-7,Critical
0191524,39,"September 19, 2026","2,008","23,600",South 1,Alleppey,"2,207",-7,Critical
0191524,51,"September 19, 2026","1,939","23,600",South 1,Alleppey,"2,138",-7,Critical
0191524,83,"September 19, 2026","2,008","23,600",South 1,Alleppey,"2,207",-7,Critical
0207833,21,"September 15, 2026","2,337","27,848",North 2,Shimla,"2,578",-7,Critical
0207833,21,"September 16, 2026","2,341","27,848",North 2,Shimla,"2,578",-7,Critical
0207833,21,"September 17, 2026","2,335","27,848",North 2,Shimla,"2,578",-7,Critical
0207833,22,"September 15, 2026","2,337","27,848",North 2,Shimla,"2,578",-7,Critical
0207833,22,"September 16, 2026","2,341","27,848",North 2,Shimla,"2,578",-7,Critical
0207833,22,"September 17, 2026","2,335","27,848",North 2,Shimla,"2,578",-7,Critical
0207833,23,"September 15, 2026","2,337","27,848",North 2,Shimla,"2,578",-7,Critical
0207833,23,"September 16, 2026","2,341","27,848",North 2,Shimla,"2,578",-7,Critical
0207833,23,"September 17, 2026","2,335","27,848",North 2,Shimla,"2,578",-7,Critical
0207833,24,"September 15, 2026","2,337","27,848",North 2,Shimla,"2,578",-7,Critical
0207833,24,"September 16, 2026","2,341","27,848",North 2,Shimla,"2,578",-7,Critical
0207833,24,"September 17, 2026","2,335","27,848",North 2,Shimla,"2,578",-7,Critical
0207833,27,"September 15, 2026","2,337","27,848",North 2,Shimla,"2,578",-7,Critical
0207833,27,"September 16, 2026","2,341","27,848",North 2,Shimla,"2,578",-7,Critical
0207833,27,"September 17, 2026","2,335","27,848",North 2,Shimla,"2,578",-7,Critical
0207833,28,"September 15, 2026","2,337","27,848",North 2,Shimla,"2,578",-7,Critical
0207833,28,"September 16, 2026","2,341","27,848",North 2,Shimla,"2,578",-7,Critical
0207833,28,"September 17, 2026","2,335","27,848",North 2,Shimla,"2,578",-7,Critical
0207833,39,"September 15, 2026","2,337","27,848",North 2,Shimla,"2,578",-7,Critical
0207833,39,"September 16, 2026","2,341","27,848",North 2,Shimla,"2,578",-7,Critical
0207833,39,"September 17, 2026","2,335","27,848",North 2,Shimla,"2,578",-7,Critical
0207833,40,"September 15, 2026","2,337","27,848",North 2,Shimla,"2,578",-7,Critical
0207833,40,"September 16, 2026","2,341","27,848",North 2,Shimla,"2,578",-7,Critical
0207833,40,"September 17, 2026","2,335","27,848",North 2,Shimla,"2,578",-7,Critical
0207833,83,"September 15, 2026","2,337","27,848",North 2,Shimla,"2,578",-7,Critical
0207833,83,"September 16, 2026","2,341","27,848",North 2,Shimla,"2,578",-7,Critical
0207833,83,"September 17, 2026","2,335","27,848",North 2,Shimla,"2,578",-7,Critical
0262502,23,"September 19, 2026","2,221","23,600",South 2,Coimbatore,"2,459",-7,Critical
0262502,24,"September 19, 2026","2,221","23,600",South 2,Coimbatore,"2,459",-7,Critical
0262502,40,"September 19, 2026","2,221","23,600",South 2,Coimbatore,"2,459",-7,Critical
0395630,19,"September 19, 2026","2,017","35,400",North 1,Ahmedabad,"2,220",-7,Critical
0395630,20,"September 19, 2026","2,017","35,400",North 1,Ahmedabad,"2,220",-7,Critical
1104841,21,"September 13, 2027","1,655","27,848",North 2,Haridwar,"1,821",-7,Critical
1104841,22,"September 13, 2027","1,655","27,848",North 2,Haridwar,"1,821",-7,Critical
1104841,23,"September 13, 2027","1,655","27,848",North 2,Haridwar,"1,821",-7,Critical
1104841,24,"September 13, 2027","1,655","27,848",North 2,Haridwar,"1,821",-7,Critical
1104841,39,"September 13, 2027","1,655","27,848",North 2,Haridwar,"1,821",-7,Critical
1104841,40,"September 13, 2027","1,655","27,848",North 2,Haridwar,"1,821",-7,Critical
1104841,83,"September 13, 2027","1,655","27,848",North 2,Haridwar,"1,821",-7,Critical
1104841,84,"September 13, 2027","1,655","27,848",North 2,Haridwar,"1,821",-7,Critical
1104841,97,"September 13, 2027","1,655","27,848",North 2,Haridwar,"1,821",-7,Critical
1126702,17,"September 13, 2027","1,953","23,600",North 2,Dehradun,"2,147",-7,Critical
1126702,18,"September 13, 2027","1,953","23,600",North 2,Dehradun,"2,147",-7,Critical
1126702,19,"September 16, 2026","1,861","23,600",North 2,Dehradun,"2,056",-7,Critical
1126702,20,"September 16, 2026","1,861","23,600",North 2,Dehradun,"2,056",-7,Critical
1126702,50,"September 13, 2027","1,953","23,600",North 2,Dehradun,"2,147",-7,Critical
1126702,51,"September 16, 2026","1,861","23,600",North 2,Dehradun,"2,056",-7,Critical
1126702,87,"September 13, 2027","1,953","23,600",North 2,Dehradun,"2,147",-7,Critical
1127927,23,"September 19, 2026","1,697","23,600",North 2,Dehradun,"1,879",-7,Critical
1127927,24,"September 19, 2026","1,697","23,600",North 2,Dehradun,"1,879",-7,Critical
1127927,40,"September 19, 2026","1,697","23,600",North 2,Dehradun,"1,879",-7,Critical
1133570,17,"December 12, 2026","1,460","20,000",South 1,Thiruvananthapuram,"1,606",-7,Critical
1133570,18,"December 12, 2026","1,460","20,000",South 1,Thiruvananthapuram,"1,606",-7,Critical
1133570,50,"December 12, 2026","1,460","20,000",South 1,Thiruvananthapuram,"1,606",-7,Critical
1139087,17,"December 12, 2026","1,524","23,600",South 1,Thiruvananthapuram,"1,676",-7,Critical
1139087,18,"December 12, 2026","1,524","23,600",South 1,Thiruvananthapuram,"1,676",-7,Critical
1139087,50,"December 12, 2026","1,524","23,600",South 1,Thiruvananthapuram,"1,676",-7,Critical
1147235,23,"September 16, 2026","1,492","23,600",South 1,Munnar,"1,637",-7,Critical
1147235,24,"September 16, 2026","1,492","23,600",South 1,Munnar,"1,637",-7,Critical
1147235,40,"September 16, 2026","1,492","23,600",South 1,Munnar,"1,637",-7,Critical
1152305,15,"September 19, 2026","1,510","23,600",South 1,Kochi,"1,663",-7,Critical
1152305,27,"September 19, 2026","2,407","23,600",South 1,Kochi,"2,648",-7,Critical
1152305,28,"September 19, 2026","2,407","23,600",South 1,Kochi,"2,648",-7,Critical
1165642,17,"September 19, 2026","1,595","23,600",South 1,Kochi,"1,759",-7,Critical
1165642,18,"September 19, 2026","1,595","23,600",South 1,Kochi,"1,759",-7,Critical
1165642,19,"September 19, 2026","1,767","23,600",South 1,Kochi,"1,934",-7,Critical
1165642,20,"September 19, 2026","1,767","23,600",South 1,Kochi,"1,934",-7,Critical
1165642,50,"September 19, 2026","1,595","23,600",South 1,Kochi,"1,759",-7,Critical
1166252,21,"September 19, 2026","1,981","23,600",South 1,Kochi,"2,195",-7,Critical
1166252,22,"September 19, 2026","1,981","23,600",South 1,Kochi,"2,195",-7,Critical
1166252,23,"September 19, 2026","2,188","23,600",South 1,Kochi,"2,405",-7,Critical
1166252,24,"September 19, 2026","2,188","23,600",South 1,Kochi,"2,405",-7,Critical
1166252,39,"September 19, 2026","1,981","23,600",South 1,Kochi,"2,195",-7,Critical
1166252,40,"September 19, 2026","2,188","23,600",South 1,Kochi,"2,405",-7,Critical
1166252,83,"September 19, 2026","1,981","23,600",South 1,Kochi,"2,195",-7,Critical
1176148,21,"September 19, 2026","1,364","23,600",North 2,Manali,"1,495",-7,Critical
1176148,22,"September 19, 2026","1,364","23,600",North 2,Manali,"1,495",-7,Critical
1176148,23,"September 19, 2026","1,364","23,600",North 2,Manali,"1,495",-7,Critical
1176148,24,"September 19, 2026","1,364","23,600",North 2,Manali,"1,495",-7,Critical
1176148,39,"September 19, 2026","1,364","23,600",North 2,Manali,"1,495",-7,Critical
1176148,40,"September 19, 2026","1,364","23,600",North 2,Manali,"1,495",-7,Critical
1176148,83,"September 19, 2026","1,364","23,600",North 2,Manali,"1,495",-7,Critical
1204840,27,"October 2, 2026","2,079","27,848",North 2,Shimla,"2,284",-7,Critical
1204840,28,"October 2, 2026","2,079","27,848",North 2,Shimla,"2,284",-7,Critical
1206822,29,"October 2, 2026","3,142","23,600",North 2,Shimla,"3,450",-7,Critical
1206822,29,"October 3, 2026","3,142","23,600",North 2,Shimla,"3,450",-7,Critical
1206822,30,"October 2, 2026","3,142","23,600",North 2,Shimla,"3,450",-7,Critical
1206822,30,"October 3, 2026","3,142","23,600",North 2,Shimla,"3,450",-7,Critical
1206822,31,"October 2, 2026","3,142","23,600",North 2,Shimla,"3,450",-7,Critical
1206822,31,"October 3, 2026","3,142","23,600",North 2,Shimla,"3,450",-7,Critical
1206822,32,"October 2, 2026","3,142","23,600",North 2,Shimla,"3,450",-7,Critical
1206822,32,"October 3, 2026","3,142","23,600",North 2,Shimla,"3,450",-7,Critical
1206822,33,"October 2, 2026","3,142","23,600",North 2,Shimla,"3,450",-7,Critical
1206822,33,"October 3, 2026","3,142","23,600",North 2,Shimla,"3,450",-7,Critical
1206822,34,"October 2, 2026","3,142","23,600",North 2,Shimla,"3,450",-7,Critical
1206822,34,"October 3, 2026","3,142","23,600",North 2,Shimla,"3,450",-7,Critical
1206822,57,"October 2, 2026","3,142","23,600",North 2,Shimla,"3,450",-7,Critical
1206822,57,"October 3, 2026","3,142","23,600",North 2,Shimla,"3,450",-7,Critical
1206822,58,"October 2, 2026","3,142","23,600",North 2,Shimla,"3,450",-7,Critical
1206822,58,"October 3, 2026","3,142","23,600",North 2,Shimla,"3,450",-7,Critical
1206822,89,"October 2, 2026","3,142","23,600",North 2,Shimla,"3,450",-7,Critical
1206822,89,"October 3, 2026","3,142","23,600",North 2,Shimla,"3,450",-7,Critical
1206897,17,"September 16, 2026","1,352","23,600",North 2,Shimla,"1,480",-7,Critical
1206897,18,"September 16, 2026","1,352","23,600",North 2,Shimla,"1,480",-7,Critical
1206897,19,"September 16, 2026","1,352","23,600",North 2,Shimla,"1,480",-7,Critical
1206897,20,"September 16, 2026","1,352","23,600",North 2,Shimla,"1,480",-7,Critical
1206897,25,"September 16, 2026","1,352","23,600",North 2,Shimla,"1,480",-7,Critical
1206897,26,"September 16, 2026","1,352","23,600",North 2,Shimla,"1,480",-7,Critical
1206897,50,"September 16, 2026","1,352","23,600",North 2,Shimla,"1,480",-7,Critical
1212498,27,"November 22, 2026","6,003","23,600",North 1,New Delhi,"6,580",-7,Critical
1212498,27,"November 23, 2026","6,003","23,600",North 1,New Delhi,"6,580",-7,Critical
1212498,27,"November 24, 2026","6,003","23,600",North 1,New Delhi,"6,580",-7,Critical
1212498,27,"November 25, 2026","6,003","23,600",North 1,New Delhi,"6,580",-7,Critical
1212498,27,"November 26, 2026","6,003","23,600",North 1,New Delhi,"6,580",-7,Critical
1212498,28,"November 22, 2026","6,003","23,600",North 1,New Delhi,"6,580",-7,Critical
1212498,28,"November 23, 2026","6,003","23,600",North 1,New Delhi,"6,580",-7,Critical
1212498,28,"November 24, 2026","6,003","23,600",North 1,New Delhi,"6,580",-7,Critical
1212498,28,"November 25, 2026","6,003","23,600",North 1,New Delhi,"6,580",-7,Critical
1212498,28,"November 26, 2026","6,003","23,600",North 1,New Delhi,"6,580",-7,Critical
1229511,25,"September 19, 2026","1,761","23,600",North 2,Varanasi,"1,951",-7,Critical
1229511,26,"September 19, 2026","1,761","23,600",North 2,Varanasi,"1,951",-7,Critical
1229920,32,"September 13, 2026","1,327","23,600",North 2,Varanasi,"1,469",-7,Critical
1229920,33,"September 13, 2026","1,327","23,600",North 2,Varanasi,"1,469",-7,Critical
1229920,34,"September 13, 2026","1,327","23,600",North 2,Varanasi,"1,469",-7,Critical
1229920,42,"September 13, 2026","1,327","23,600",North 2,Varanasi,"1,459",-7,Critical
1229920,43,"September 13, 2026","1,327","23,600",North 2,Varanasi,"1,459",-7,Critical
1229920,58,"September 13, 2026","1,327","23,600",North 2,Varanasi,"1,469",-7,Critical
1241638,25,"September 28, 2026","3,058","23,600",South 2,Chennai,"3,349",-7,Critical
1241638,26,"September 28, 2026","3,058","23,600",South 2,Chennai,"3,349",-7,Critical
1245105,23,"September 19, 2026","2,798","23,600",South 2,Chennai,"3,092",-7,Critical
1245105,24,"September 19, 2026","2,798","23,600",South 2,Chennai,"3,092",-7,Critical
1245105,32,"September 19, 2026","3,074","23,600",South 2,Chennai,"3,372",-7,Critical
1245105,33,"September 19, 2026","3,074","23,600",South 2,Chennai,"3,372",-7,Critical
1245105,34,"September 19, 2026","3,074","23,600",South 2,Chennai,"3,372",-7,Critical
1245105,40,"September 19, 2026","2,798","23,600",South 2,Chennai,"3,092",-7,Critical
1246851,17,"September 13, 2027","1,722","23,600",South 2,Chennai,"1,891",-7,Critical
1246851,18,"September 13, 2027","1,722","23,600",South 2,Chennai,"1,891",-7,Critical
1246851,50,"September 13, 2027","1,722","23,600",South 2,Chennai,"1,891",-7,Critical
1259110,19,"September 19, 2026","1,610","23,600",South 2,Pondicherry,"1,784",-7,Critical
1259110,20,"September 19, 2026","1,610","23,600",South 2,Pondicherry,"1,784",-7,Critical
1259110,21,"September 19, 2026","1,679","23,600",South 2,Pondicherry,"1,849",-7,Critical
1259110,22,"September 19, 2026","1,679","23,600",South 2,Pondicherry,"1,849",-7,Critical
1259110,23,"September 19, 2026","1,748","23,600",South 2,Pondicherry,"1,914",-7,Critical
1259110,24,"September 19, 2026","1,748","23,600",South 2,Pondicherry,"1,914",-7,Critical
1259110,39,"September 19, 2026","1,679","23,600",South 2,Pondicherry,"1,849",-7,Critical
1259110,40,"September 19, 2026","1,748","23,600",South 2,Pondicherry,"1,914",-7,Critical
1259110,83,"September 19, 2026","1,679","23,600",South 2,Pondicherry,"1,849",-7,Critical
1265433,17,"September 19, 2026","1,670","23,600",South 2,Coimbatore,"1,832",-7,Critical
1265433,18,"September 19, 2026","1,670","23,600",South 2,Coimbatore,"1,832",-7,Critical
1267636,17,"September 13, 2027","1,837","23,600",South 2,Coimbatore,"2,030",-7,Critical
1267636,18,"September 13, 2027","1,837","23,600",South 2,Coimbatore,"2,030",-7,Critical
1267636,19,"September 13, 2027","1,906","23,600",South 2,Coimbatore,"2,095",-7,Critical
1267636,20,"September 13, 2027","1,906","23,600",South 2,Coimbatore,"2,095",-7,Critical
1267636,50,"September 13, 2027","1,837","23,600",South 2,Coimbatore,"2,030",-7,Critical
1267644,19,"September 19, 2026","1,526","23,600",North 2,Chandigarh,"1,689",-7,Critical
1267644,20,"September 19, 2026","1,526","23,600",North 2,Chandigarh,"1,689",-7,Critical
1267644,21,"September 19, 2026","1,664","23,600",North 2,Chandigarh,"1,829",-7,Critical
1267644,22,"September 19, 2026","1,664","23,600",North 2,Chandigarh,"1,829",-7,Critical
1267644,23,"September 19, 2026","1,733","23,600",North 2,Chandigarh,"1,899",-7,Critical
1267644,24,"September 19, 2026","1,733","23,600",North 2,Chandigarh,"1,899",-7,Critical
1267644,39,"September 19, 2026","1,664","23,600",North 2,Chandigarh,"1,829",-7,Critical
1267644,40,"September 19, 2026","1,733","23,600",North 2,Chandigarh,"1,899",-7,Critical
1267644,51,"September 19, 2026","1,526","23,600",North 2,Chandigarh,"1,689",-7,Critical
1267644,83,"September 19, 2026","1,664","23,600",North 2,Chandigarh,"1,829",-7,Critical
1291813,27,"September 19, 2026","3,208","23,600",South 2,Visakhapatnam,"3,515",-7,Critical
1291813,28,"September 19, 2026","3,208","23,600",South 2,Visakhapatnam,"3,515",-7,Critical
1291813,32,"September 19, 2026","3,001","23,600",South 2,Visakhapatnam,"3,320",-7,Critical
1291813,33,"September 19, 2026","3,001","23,600",South 2,Visakhapatnam,"3,320",-7,Critical
1291813,34,"September 19, 2026","3,001","23,600",South 2,Visakhapatnam,"3,320",-7,Critical
1298362,21,"September 19, 2026","2,076","23,600",South 2,Visakhapatnam,"2,281",-7,Critical
1298362,22,"September 19, 2026","2,076","23,600",South 2,Visakhapatnam,"2,281",-7,Critical
1298362,39,"September 19, 2026","2,076","23,600",South 2,Visakhapatnam,"2,281",-7,Critical
1298362,83,"September 19, 2026","2,076","23,600",South 2,Visakhapatnam,"2,281",-7,Critical
1307656,23,"December 12, 2026","1,437","23,600",North 2,Agra,"1,592",-7,Critical
1307656,24,"December 12, 2026","1,437","23,600",North 2,Agra,"1,592",-7,Critical
1307656,40,"December 12, 2026","1,437","23,600",North 2,Agra,"1,592",-7,Critical
1319620,19,"September 13, 2026","1,238","23,600",North 1,Udaipur,"1,367",-7,Critical
1324743,32,"September 19, 2026","2,613","27,848",North 1,Jaipur,"2,887",-7,Critical
1324743,33,"September 19, 2026","2,613","27,848",North 1,Jaipur,"2,887",-7,Critical
1324743,34,"September 19, 2026","2,613","27,848",North 1,Jaipur,"2,887",-7,Critical
1324743,35,"September 19, 2026","2,958","27,848",North 1,Jaipur,"3,237",-7,Critical
1324743,35,"December 12, 2026","3,482","27,848",North 1,Jaipur,"3,854",-7,Critical
1324743,36,"September 19, 2026","2,958","27,848",North 1,Jaipur,"3,237",-7,Critical
1324743,36,"December 12, 2026","3,482","27,848",North 1,Jaipur,"3,854",-7,Critical
1326972,23,"September 19, 2026","1,286","23,600",North 1,Jaipur,"1,424",-7,Critical
1326972,24,"September 19, 2026","1,286","23,600",North 1,Jaipur,"1,424",-7,Critical
1326972,40,"September 19, 2026","1,286","23,600",North 1,Jaipur,"1,424",-7,Critical
1344052,25,"September 19, 2026","1,328","23,600",North 1,Ajmer,"1,459",-7,Critical
1344052,26,"September 19, 2026","1,328","23,600",North 1,Ajmer,"1,459",-7,Critical
1371857,19,"September 19, 2026","2,426","23,600",West,Thane,"2,689",-7,Critical
1371857,20,"September 19, 2026","2,426","23,600",West,Thane,"2,689",-7,Critical
1373375,17,"September 19, 2026","1,981","23,600",West,Thane,"2,188",-7,Critical
1373375,18,"September 19, 2026","1,981","23,600",West,Thane,"2,188",-7,Critical
1373375,19,"September 19, 2026","2,188","23,600",West,Thane,"2,398",-7,Critical
1373375,20,"September 19, 2026","2,188","23,600",West,Thane,"2,398",-7,Critical
1373375,27,"September 13, 2027","2,735","23,600",West,Thane,"3,028",-7,Critical
1373375,28,"September 13, 2027","2,735","23,600",West,Thane,"3,028",-7,Critical
1373375,50,"September 19, 2026","1,981","23,600",West,Thane,"2,188",-7,Critical
1373375,51,"September 19, 2026","2,188","23,600",West,Thane,"2,398",-7,Critical
1373375,87,"September 19, 2026","1,981","23,600",West,Thane,"2,188",-7,Critical
1375831,16,"September 18, 2026","2,094","23,600",West,Mumbai,"2,318",-7,Critical
1375831,21,"September 18, 2026","2,197","23,600",West,Mumbai,"2,423",-7,Critical
1375831,22,"September 18, 2026","2,197","23,600",West,Mumbai,"2,423",-7,Critical
1375831,23,"September 18, 2026","2,370","23,600",West,Mumbai,"2,598",-7,Critical
1375831,24,"September 18, 2026","2,370","23,600",West,Mumbai,"2,598",-7,Critical
1375831,39,"September 18, 2026","2,197","23,600",West,Mumbai,"2,423",-7,Critical
1375831,40,"September 18, 2026","2,370","23,600",West,Mumbai,"2,598",-7,Critical
1375831,83,"September 18, 2026","2,197","23,600",West,Mumbai,"2,423",-7,Critical
1385250,21,"September 19, 2026","2,060","23,600",West,Goa,"2,255",-7,Critical
1385250,22,"September 19, 2026","2,060","23,600",West,Goa,"2,255",-7,Critical
1385250,23,"September 19, 2026","2,060","23,600",West,Goa,"2,255",-7,Critical
1385250,24,"September 19, 2026","2,060","23,600",West,Goa,"2,255",-7,Critical
1385250,39,"September 19, 2026","2,060","23,600",West,Goa,"2,255",-7,Critical
1385250,40,"September 19, 2026","2,060","23,600",West,Goa,"2,255",-7,Critical
1385250,83,"September 19, 2026","2,060","23,600",West,Goa,"2,255",-7,Critical
1386481,17,"December 12, 2026","2,522","23,600",West,Goa,"2,778",-7,Critical
1386481,18,"December 12, 2026","2,522","23,600",West,Goa,"2,778",-7,Critical
1386481,19,"September 19, 2026","1,608","23,600",West,Goa,"1,780",-7,Critical
1386481,19,"December 12, 2026","2,591","23,600",West,Goa,"2,843",-7,Critical
1386481,20,"September 19, 2026","1,608","23,600",West,Goa,"1,780",-7,Critical
1386481,20,"December 12, 2026","2,591","23,600",West,Goa,"2,843",-7,Critical
1386481,21,"September 19, 2026","1,677","23,600",West,Goa,"1,849",-7,Critical
1386481,22,"September 19, 2026","1,677","23,600",West,Goa,"1,849",-7,Critical
1386481,23,"September 19, 2026","1,781","23,600",West,Goa,"1,952",-7,Critical
1386481,24,"September 19, 2026","1,781","23,600",West,Goa,"1,952",-7,Critical
1386481,39,"September 19, 2026","1,677","23,600",West,Goa,"1,849",-7,Critical
1386481,40,"September 19, 2026","1,781","23,600",West,Goa,"1,952",-7,Critical
1386481,50,"December 12, 2026","2,522","23,600",West,Goa,"2,778",-7,Critical
1386481,51,"September 19, 2026","1,608","23,600",West,Goa,"1,780",-7,Critical
1386481,51,"December 12, 2026","2,591","23,600",West,Goa,"2,843",-7,Critical
1386481,83,"September 19, 2026","1,677","23,600",West,Goa,"1,849",-7,Critical
1386481,87,"December 12, 2026","2,522","23,600",West,Goa,"2,778",-7,Critical
1395021,17,"October 1, 2026","3,450","23,600",North 1,Ahmedabad,"3,810",-7,Critical
1395021,17,"October 2, 2026","3,450","23,600",North 1,Ahmedabad,"3,810",-7,Critical
1395021,17,"October 3, 2026","3,450","23,600",North 1,Ahmedabad,"3,810",-7,Critical
1395021,17,"October 4, 2026","3,450","23,600",North 1,Ahmedabad,"3,810",-7,Critical
1395021,18,"October 1, 2026","3,450","23,600",North 1,Ahmedabad,"3,810",-7,Critical
1395021,18,"October 2, 2026","3,450","23,600",North 1,Ahmedabad,"3,810",-7,Critical
1395021,18,"October 3, 2026","3,450","23,600",North 1,Ahmedabad,"3,810",-7,Critical
1395021,18,"October 4, 2026","3,450","23,600",North 1,Ahmedabad,"3,810",-7,Critical
1395021,19,"October 1, 2026","3,554","23,600",North 1,Ahmedabad,"3,907",-7,Critical
1395021,19,"October 2, 2026","3,554","23,600",North 1,Ahmedabad,"3,907",-7,Critical
1395021,19,"October 3, 2026","3,554","23,600",North 1,Ahmedabad,"3,907",-7,Critical
1395021,19,"October 4, 2026","3,554","23,600",North 1,Ahmedabad,"3,907",-7,Critical
1395021,20,"October 1, 2026","3,554","23,600",North 1,Ahmedabad,"3,907",-7,Critical
1395021,20,"October 2, 2026","3,554","23,600",North 1,Ahmedabad,"3,907",-7,Critical
1395021,20,"October 3, 2026","3,554","23,600",North 1,Ahmedabad,"3,907",-7,Critical
1395021,20,"October 4, 2026","3,554","23,600",North 1,Ahmedabad,"3,907",-7,Critical
1395021,21,"September 19, 2026","1,881","23,600",North 1,Ahmedabad,"2,066",-7,Critical
1395021,22,"September 19, 2026","1,881","23,600",North 1,Ahmedabad,"2,066",-7,Critical
1395021,39,"September 19, 2026","1,881","23,600",North 1,Ahmedabad,"2,066",-7,Critical
1395021,50,"October 1, 2026","3,450","23,600",North 1,Ahmedabad,"3,810",-7,Critical
1395021,50,"October 2, 2026","3,450","23,600",North 1,Ahmedabad,"3,810",-7,Critical
1395021,50,"October 3, 2026","3,450","23,600",North 1,Ahmedabad,"3,810",-7,Critical
1395021,50,"October 4, 2026","3,450","23,600",North 1,Ahmedabad,"3,810",-7,Critical
1395021,83,"September 19, 2026","1,881","23,600",North 1,Ahmedabad,"2,066",-7,Critical
1395021,97,"September 19, 2026","1,881","23,600",North 1,Ahmedabad,"2,066",-7,Critical
1398875,19,"September 19, 2026","2,025","23,600",North 1,Ahmedabad,"2,235",-7,Critical
1398875,20,"September 19, 2026","2,025","23,600",North 1,Ahmedabad,"2,235",-7,Critical
1398875,21,"September 19, 2026","2,094","23,600",North 1,Ahmedabad,"2,300",-7,Critical
1398875,22,"September 19, 2026","2,094","23,600",North 1,Ahmedabad,"2,300",-7,Critical
1398875,39,"September 19, 2026","2,094","23,600",North 1,Ahmedabad,"2,300",-7,Critical
1398875,83,"September 19, 2026","2,094","23,600",North 1,Ahmedabad,"2,300",-7,Critical
1405295,21,"September 19, 2026","1,312","23,600",North 1,Vadodara,"1,437",-7,Critical
1405295,22,"September 19, 2026","1,312","23,600",North 1,Vadodara,"1,437",-7,Critical
1405295,39,"September 19, 2026","1,312","23,600",North 1,Vadodara,"1,437",-7,Critical
1405295,83,"September 19, 2026","1,312","23,600",North 1,Vadodara,"1,437",-7,Critical
1416724,17,"September 19, 2026","1,238","23,600",East,Kolkata,"1,363",-7,Critical
1416724,18,"September 19, 2026","1,238","23,600",East,Kolkata,"1,363",-7,Critical
1416724,50,"September 19, 2026","1,238","23,600",East,Kolkata,"1,363",-7,Critical
1434999,27,"November 22, 2026","6,245","23,600",North 1,Noida,"6,873",-7,Critical
1434999,27,"November 23, 2026","6,245","23,600",North 1,Noida,"6,873",-7,Critical
1434999,27,"November 24, 2026","6,245","23,600",North 1,Noida,"6,873",-7,Critical
1434999,27,"November 25, 2026","6,245","23,600",North 1,Noida,"6,873",-7,Critical
1434999,27,"November 26, 2026","6,245","23,600",North 1,Noida,"6,873",-7,Critical
1434999,28,"November 22, 2026","6,245","23,600",North 1,Noida,"6,873",-7,Critical
1434999,28,"November 23, 2026","6,245","23,600",North 1,Noida,"6,873",-7,Critical
1434999,28,"November 24, 2026","6,245","23,600",North 1,Noida,"6,873",-7,Critical
1434999,28,"November 25, 2026","6,245","23,600",North 1,Noida,"6,873",-7,Critical
1434999,28,"November 26, 2026","6,245","23,600",North 1,Noida,"6,873",-7,Critical
1436657,19,"September 13, 2026","1,242","23,600",North 1,Noida,"1,372",-7,Critical
1436657,20,"September 13, 2026","1,242","23,600",North 1,Noida,"1,372",-7,Critical
1436657,51,"September 13, 2026","1,242","23,600",North 1,Noida,"1,372",-7,Critical
1437251,17,"November 22, 2026","5,631","23,600",North 1,Noida,"6,190",-7,Critical
1437251,17,"November 23, 2026","5,631","23,600",North 1,Noida,"6,190",-7,Critical
1437251,17,"November 24, 2026","5,631","23,600",North 1,Noida,"6,190",-7,Critical
1437251,17,"November 25, 2026","5,631","23,600",North 1,Noida,"6,190",-7,Critical
1437251,17,"November 26, 2026","5,631","23,600",North 1,Noida,"6,190",-7,Critical
1437251,18,"November 22, 2026","5,631","23,600",North 1,Noida,"6,190",-7,Critical
1437251,18,"November 23, 2026","5,631","23,600",North 1,Noida,"6,190",-7,Critical
1437251,18,"November 24, 2026","5,631","23,600",North 1,Noida,"6,190",-7,Critical
1437251,18,"November 25, 2026","5,631","23,600",North 1,Noida,"6,190",-7,Critical
1437251,18,"November 26, 2026","5,631","23,600",North 1,Noida,"6,190",-7,Critical
1437251,19,"November 22, 2026","5,700","23,600",North 1,Noida,"6,255",-7,Critical
1437251,19,"November 23, 2026","5,700","23,600",North 1,Noida,"6,255",-7,Critical
1437251,19,"November 24, 2026","5,700","23,600",North 1,Noida,"6,255",-7,Critical
1437251,19,"November 25, 2026","5,700","23,600",North 1,Noida,"6,255",-7,Critical
1437251,19,"November 26, 2026","5,700","23,600",North 1,Noida,"6,255",-7,Critical
1437251,20,"November 22, 2026","5,700","23,600",North 1,Noida,"6,255",-7,Critical
1437251,20,"November 23, 2026","5,700","23,600",North 1,Noida,"6,255",-7,Critical
1437251,20,"November 24, 2026","5,700","23,600",North 1,Noida,"6,255",-7,Critical
1437251,20,"November 25, 2026","5,700","23,600",North 1,Noida,"6,255",-7,Critical
1437251,20,"November 26, 2026","5,700","23,600",North 1,Noida,"6,255",-7,Critical
1437251,50,"November 22, 2026","5,631","23,600",North 1,Noida,"6,190",-7,Critical
1437251,50,"November 23, 2026","5,631","23,600",North 1,Noida,"6,190",-7,Critical
1437251,50,"November 24, 2026","5,631","23,600",North 1,Noida,"6,190",-7,Critical
1437251,50,"November 25, 2026","5,631","23,600",North 1,Noida,"6,190",-7,Critical
1437251,50,"November 26, 2026","5,631","23,600",North 1,Noida,"6,190",-7,Critical
1462197,29,"September 13, 2027","2,206","23,600",South 1,Mysore,"2,423",-7,Critical
1462197,30,"September 13, 2027","2,206","23,600",South 1,Mysore,"2,423",-7,Critical
1462197,31,"September 13, 2027","2,206","23,600",South 1,Mysore,"2,423",-7,Critical
1462197,57,"September 13, 2027","2,206","23,600",South 1,Mysore,"2,423",-7,Critical
1462197,89,"September 13, 2027","2,206","23,600",South 1,Mysore,"2,423",-7,Critical
1463190,21,"December 12, 2026","2,309","23,600",South 1,Mysore,"2,537",-7,Critical
1463190,22,"December 12, 2026","2,309","23,600",South 1,Mysore,"2,537",-7,Critical
1463190,23,"December 12, 2026","2,378","23,600",South 1,Mysore,"2,607",-7,Critical
1463190,24,"December 12, 2026","2,378","23,600",South 1,Mysore,"2,607",-7,Critical
1463190,39,"December 12, 2026","2,309","23,600",South 1,Mysore,"2,537",-7,Critical
1463190,40,"December 12, 2026","2,378","23,600",South 1,Mysore,"2,607",-7,Critical
1463190,83,"December 12, 2026","2,309","23,600",South 1,Mysore,"2,537",-7,Critical
1472508,21,"September 19, 2026","1,734","23,600",South 1,Coorg,"1,918",-7,Critical
1472508,22,"September 19, 2026","1,734","23,600",South 1,Coorg,"1,918",-7,Critical
1472508,23,"September 19, 2026","1,734","23,600",South 1,Coorg,"1,918",-7,Critical
1472508,24,"September 19, 2026","1,734","23,600",South 1,Coorg,"1,918",-7,Critical
1472508,24188,"September 19, 2026","4,011","23,600",South 1,Coorg,"4,414",-7,Critical
1472508,39,"September 19, 2026","1,734","23,600",South 1,Coorg,"1,918",-7,Critical
1472508,40,"September 19, 2026","1,734","23,600",South 1,Coorg,"1,918",-7,Critical
1472508,42,"September 19, 2026","4,011","23,600",South 1,Coorg,"4,414",-7,Critical
1472508,43,"September 19, 2026","4,011","23,600",South 1,Coorg,"4,414",-7,Critical
1472508,44,"September 19, 2026","4,011","23,600",South 1,Coorg,"4,414",-7,Critical
1472508,60,"September 19, 2026","4,011","23,600",South 1,Coorg,"4,414",-7,Critical
1472508,83,"September 19, 2026","1,734","23,600",South 1,Coorg,"1,918",-7,Critical
1472508,84,"September 19, 2026","1,734","23,600",South 1,Coorg,"1,918",-7,Critical
1472508,92,"September 19, 2026","4,011","23,600",South 1,Coorg,"4,414",-7,Critical
1472508,97,"September 19, 2026","1,734","23,600",South 1,Coorg,"1,918",-7,Critical
1483392,19,"September 19, 2026","1,740","27,848",West,Kolhapur,"1,920",-7,Critical
1483392,20,"September 19, 2026","1,740","27,848",West,Kolhapur,"1,920",-7,Critical
1483392,21,"September 19, 2026","1,809","27,848",West,Kolhapur,"1,985",-7,Critical
1483392,22,"September 19, 2026","1,809","27,848",West,Kolhapur,"1,985",-7,Critical
1483392,39,"September 19, 2026","1,809","27,848",West,Kolhapur,"1,985",-7,Critical
1483392,51,"September 19, 2026","1,740","27,848",West,Kolhapur,"1,920",-7,Critical
1483392,83,"September 19, 2026","1,809","27,848",West,Kolhapur,"1,985",-7,Critical
1483570,23,"September 19, 2026","1,567","23,600",West,Kolhapur,"1,736",-7,Critical
1483570,24,"September 19, 2026","1,567","23,600",West,Kolhapur,"1,736",-7,Critical
1483570,25,"September 19, 2026","1,705","23,600",West,Kolhapur,"1,874",-7,Critical
1483570,26,"September 19, 2026","1,705","23,600",West,Kolhapur,"1,874",-7,Critical
1483570,40,"September 19, 2026","1,567","23,600",West,Kolhapur,"1,736",-7,Critical
1501176,23,"September 19, 2026","1,447","23,600",West,Pune,"1,590",-7,Critical
1501176,24,"September 19, 2026","1,447","23,600",West,Pune,"1,590",-7,Critical
1501176,40,"September 19, 2026","1,447","23,600",West,Pune,"1,590",-7,Critical
1502559,19,"September 17, 2026","1,598","23,600",West,Pune,"1,752",-7,Critical
1502559,19,"September 18, 2026","1,598","23,600",West,Pune,"1,752",-7,Critical
1502559,20,"September 17, 2026","1,598","23,600",West,Pune,"1,752",-7,Critical
1502559,20,"September 18, 2026","1,598","23,600",West,Pune,"1,752",-7,Critical
1503445,19,"September 19, 2026","1,690","23,600",West,Pune,"1,867",-7,Critical
1503445,20,"September 19, 2026","1,690","23,600",West,Pune,"1,867",-7,Critical
1503445,21,"September 19, 2026","1,862","23,600",West,Pune,"2,042",-7,Critical
1503445,22,"September 19, 2026","1,862","23,600",West,Pune,"2,042",-7,Critical
1503445,39,"September 19, 2026","1,862","23,600",West,Pune,"2,042",-7,Critical
1503445,83,"September 19, 2026","1,862","23,600",West,Pune,"2,042",-7,Critical
1505464,19,"September 19, 2026","1,286","23,600",West,Pune,"1,422",-7,Critical
1505464,20,"September 19, 2026","1,286","23,600",West,Pune,"1,422",-7,Critical
1505464,21,"September 19, 2026","1,321","23,600",West,Pune,"1,457",-7,Critical
1505464,22,"September 19, 2026","1,321","23,600",West,Pune,"1,457",-7,Critical
1505464,23,"September 19, 2026","1,390","23,600",West,Pune,"1,527",-7,Critical
1505464,24,"September 19, 2026","1,390","23,600",West,Pune,"1,527",-7,Critical
1505464,39,"September 19, 2026","1,321","23,600",West,Pune,"1,457",-7,Critical
1505464,40,"September 19, 2026","1,390","23,600",West,Pune,"1,527",-7,Critical
1505464,51,"September 19, 2026","1,286","23,600",West,Pune,"1,422",-7,Critical
1505464,83,"September 19, 2026","1,321","23,600",West,Pune,"1,457",-7,Critical
1505464,88,"September 19, 2026","1,286","23,600",West,Pune,"1,422",-7,Critical
1509356,19,"September 19, 2026","1,254","23,600",West,Pune,"1,376",-7,Critical
1509356,20,"September 19, 2026","1,254","23,600",West,Pune,"1,376",-7,Critical
1509593,17,"September 18, 2026","1,833","23,600",West,Pune,"2,008",-7,Critical
1509593,18,"September 18, 2026","1,833","23,600",West,Pune,"2,008",-7,Critical
1509593,19,"September 16, 2026","1,945","23,600",West,Pune,"2,138",-7,Critical
1509593,19,"September 17, 2026","1,945","23,600",West,Pune,"2,138",-7,Critical
1509593,20,"September 16, 2026","1,945","23,600",West,Pune,"2,138",-7,Critical
1509593,20,"September 17, 2026","1,945","23,600",West,Pune,"2,138",-7,Critical
1509593,50,"September 18, 2026","1,833","23,600",West,Pune,"2,008",-7,Critical
1509602,19,"September 18, 2026","1,863","23,600",West,Pune,"2,047",-7,Critical
1509602,19,"September 19, 2026","1,863","23,600",West,Pune,"2,047",-7,Critical
1512806,21,"September 19, 2026","1,879","23,600",West,Nashik,"2,080",-7,Critical
1512806,22,"September 19, 2026","1,879","23,600",West,Nashik,"2,080",-7,Critical
1512806,23,"September 19, 2026","1,948","23,600",West,Nashik,"2,145",-7,Critical
1512806,24,"September 19, 2026","1,948","23,600",West,Nashik,"2,145",-7,Critical
1512806,24178,"September 19, 2026","1,879","23,600",West,Nashik,"2,080",-7,Critical
1512806,39,"September 19, 2026","1,879","23,600",West,Nashik,"2,080",-7,Critical
1512806,40,"September 19, 2026","1,948","23,600",West,Nashik,"2,145",-7,Critical
1512806,83,"September 19, 2026","1,879","23,600",West,Nashik,"2,080",-7,Critical
1512806,84,"September 19, 2026","1,948","23,600",West,Nashik,"2,145",-7,Critical
1512806,97,"September 19, 2026","1,879","23,600",West,Nashik,"2,080",-7,Critical
1512806,98,"September 19, 2026","1,948","23,600",West,Nashik,"2,145",-7,Critical
1531125,17,"November 14, 2026","1,302","20,000",East,Guwahati,"1,440",-7,Critical
1531125,17,"November 15, 2026","1,302","20,000",East,Guwahati,"1,440",-7,Critical
1531125,17,"November 16, 2026","1,302","20,000",East,Guwahati,"1,440",-7,Critical
1531125,17,"November 24, 2026","1,302","20,000",East,Guwahati,"1,440",-7,Critical
1531125,17,"November 25, 2026","1,302","20,000",East,Guwahati,"1,440",-7,Critical
1531125,17,"December 2, 2026","1,302","20,000",East,Guwahati,"1,440",-7,Critical
1531125,17,"December 3, 2026","1,302","20,000",East,Guwahati,"1,440",-7,Critical
1531125,17,"December 4, 2026","1,302","20,000",East,Guwahati,"1,440",-7,Critical
1531125,17,"December 5, 2026","1,302","20,000",East,Guwahati,"1,440",-7,Critical
1531125,17,"December 6, 2026","1,302","20,000",East,Guwahati,"1,440",-7,Critical
1531125,17,"December 11, 2026","1,302","20,000",East,Guwahati,"1,440",-7,Critical
1531125,18,"November 14, 2026","1,302","20,000",East,Guwahati,"1,440",-7,Critical
1531125,18,"November 15, 2026","1,302","20,000",East,Guwahati,"1,440",-7,Critical
1531125,18,"November 16, 2026","1,302","20,000",East,Guwahati,"1,440",-7,Critical
1531125,18,"November 24, 2026","1,302","20,000",East,Guwahati,"1,440",-7,Critical
1531125,18,"November 25, 2026","1,302","20,000",East,Guwahati,"1,440",-7,Critical
1531125,18,"December 2, 2026","1,302","20,000",East,Guwahati,"1,440",-7,Critical
1531125,18,"December 3, 2026","1,302","20,000",East,Guwahati,"1,440",-7,Critical
1531125,18,"December 4, 2026","1,302","20,000",East,Guwahati,"1,440",-7,Critical
1531125,18,"December 5, 2026","1,302","20,000",East,Guwahati,"1,440",-7,Critical
1531125,18,"December 6, 2026","1,302","20,000",East,Guwahati,"1,440",-7,Critical
1531125,18,"December 11, 2026","1,302","20,000",East,Guwahati,"1,440",-7,Critical
1531125,19,"November 14, 2026","1,440","20,000",East,Guwahati,"1,578",-7,Critical
1531125,19,"November 15, 2026","1,440","20,000",East,Guwahati,"1,578",-7,Critical
1531125,19,"November 16, 2026","1,440","20,000",East,Guwahati,"1,578",-7,Critical
1531125,19,"November 24, 2026","1,440","20,000",East,Guwahati,"1,578",-7,Critical
1531125,19,"November 25, 2026","1,440","20,000",East,Guwahati,"1,578",-7,Critical
1531125,19,"December 2, 2026","1,440","20,000",East,Guwahati,"1,578",-7,Critical
1531125,19,"December 3, 2026","1,440","20,000",East,Guwahati,"1,578",-7,Critical
1531125,19,"December 4, 2026","1,440","20,000",East,Guwahati,"1,578",-7,Critical
1531125,19,"December 5, 2026","1,440","20,000",East,Guwahati,"1,578",-7,Critical
1531125,19,"December 6, 2026","1,440","20,000",East,Guwahati,"1,578",-7,Critical
1531125,19,"December 11, 2026","1,440","20,000",East,Guwahati,"1,578",-7,Critical
1531125,21,"November 14, 2026","1,440","20,000",East,Guwahati,"1,578",-7,Critical
1531125,21,"November 15, 2026","1,440","20,000",East,Guwahati,"1,578",-7,Critical
1531125,21,"November 16, 2026","1,440","20,000",East,Guwahati,"1,578",-7,Critical
1531125,21,"November 24, 2026","1,440","20,000",East,Guwahati,"1,578",-7,Critical
1531125,21,"November 25, 2026","1,440","20,000",East,Guwahati,"1,578",-7,Critical
1531125,21,"December 2, 2026","1,440","20,000",East,Guwahati,"1,578",-7,Critical
1531125,21,"December 3, 2026","1,440","20,000",East,Guwahati,"1,578",-7,Critical
1531125,21,"December 4, 2026","1,440","20,000",East,Guwahati,"1,578",-7,Critical
1531125,21,"December 5, 2026","1,440","20,000",East,Guwahati,"1,578",-7,Critical
1531125,21,"December 6, 2026","1,440","20,000",East,Guwahati,"1,578",-7,Critical
1531125,21,"December 11, 2026","1,440","20,000",East,Guwahati,"1,578",-7,Critical
1531125,22,"November 14, 2026","1,440","20,000",East,Guwahati,"1,578",-7,Critical
1531125,22,"November 15, 2026","1,440","20,000",East,Guwahati,"1,578",-7,Critical
1531125,22,"November 16, 2026","1,440","20,000",East,Guwahati,"1,578",-7,Critical
1531125,22,"November 24, 2026","1,440","20,000",East,Guwahati,"1,578",-7,Critical
1531125,22,"November 25, 2026","1,440","20,000",East,Guwahati,"1,578",-7,Critical
1531125,22,"December 2, 2026","1,440","20,000",East,Guwahati,"1,578",-7,Critical
1531125,22,"December 3, 2026","1,440","20,000",East,Guwahati,"1,578",-7,Critical
1531125,22,"December 4, 2026","1,440","20,000",East,Guwahati,"1,578",-7,Critical
1531125,22,"December 5, 2026","1,440","20,000",East,Guwahati,"1,578",-7,Critical
1531125,22,"December 6, 2026","1,440","20,000",East,Guwahati,"1,578",-7,Critical
1531125,22,"December 11, 2026","1,440","20,000",East,Guwahati,"1,578",-7,Critical
1531125,35,"October 13, 2026","2,594","20,000",East,Guwahati,"2,848",-7,Critical
1531125,35,"October 16, 2026","2,581","20,000",East,Guwahati,"2,839",-7,Critical
1531125,35,"October 17, 2026","2,578","20,000",East,Guwahati,"2,839",-7,Critical
1531125,35,"October 18, 2026","2,575","20,000",East,Guwahati,"2,848",-7,Critical
1531125,35,"October 19, 2026","2,581","20,000",East,Guwahati,"2,848",-7,Critical
1531125,35,"October 20, 2026","2,575","20,000",East,Guwahati,"2,848",-7,Critical
1531125,35,"October 21, 2026","2,588","20,000",East,Guwahati,"2,848",-7,Critical
1531125,35,"October 23, 2026","2,565","20,000",East,Guwahati,"2,839",-7,Critical
1531125,35,"October 24, 2026","2,567","20,000",East,Guwahati,"2,839",-7,Critical
1531125,35,"October 25, 2026","2,575","20,000",East,Guwahati,"2,848",-7,Critical
1531125,36,"October 13, 2026","2,594","20,000",East,Guwahati,"2,848",-7,Critical
1531125,36,"October 16, 2026","2,581","20,000",East,Guwahati,"2,839",-7,Critical
1531125,36,"October 17, 2026","2,578","20,000",East,Guwahati,"2,839",-7,Critical
1531125,36,"October 18, 2026","2,575","20,000",East,Guwahati,"2,848",-7,Critical
1531125,36,"October 19, 2026","2,581","20,000",East,Guwahati,"2,848",-7,Critical
1531125,36,"October 20, 2026","2,575","20,000",East,Guwahati,"2,848",-7,Critical
1531125,36,"October 21, 2026","2,588","20,000",East,Guwahati,"2,848",-7,Critical
1531125,36,"October 23, 2026","2,565","20,000",East,Guwahati,"2,839",-7,Critical
1531125,36,"October 24, 2026","2,567","20,000",East,Guwahati,"2,839",-7,Critical
1531125,36,"October 25, 2026","2,575","20,000",East,Guwahati,"2,848",-7,Critical
1531125,39,"November 14, 2026","1,440","20,000",East,Guwahati,"1,578",-7,Critical
1531125,39,"November 15, 2026","1,440","20,000",East,Guwahati,"1,578",-7,Critical
1531125,39,"November 16, 2026","1,440","20,000",East,Guwahati,"1,578",-7,Critical
1531125,39,"November 24, 2026","1,440","20,000",East,Guwahati,"1,578",-7,Critical
1531125,39,"November 25, 2026","1,440","20,000",East,Guwahati,"1,578",-7,Critical
1531125,39,"December 2, 2026","1,440","20,000",East,Guwahati,"1,578",-7,Critical
1531125,39,"December 3, 2026","1,440","20,000",East,Guwahati,"1,578",-7,Critical
1531125,39,"December 4, 2026","1,440","20,000",East,Guwahati,"1,578",-7,Critical
1531125,39,"December 5, 2026","1,440","20,000",East,Guwahati,"1,578",-7,Critical
1531125,39,"December 6, 2026","1,440","20,000",East,Guwahati,"1,578",-7,Critical
1531125,39,"December 11, 2026","1,440","20,000",East,Guwahati,"1,578",-7,Critical
1531125,83,"November 14, 2026","1,440","20,000",East,Guwahati,"1,578",-7,Critical
1531125,83,"November 15, 2026","1,440","20,000",East,Guwahati,"1,578",-7,Critical
1531125,83,"November 16, 2026","1,440","20,000",East,Guwahati,"1,578",-7,Critical
1531125,83,"November 24, 2026","1,440","20,000",East,Guwahati,"1,578",-7,Critical
1531125,83,"November 25, 2026","1,440","20,000",East,Guwahati,"1,578",-7,Critical
1531125,83,"December 2, 2026","1,440","20,000",East,Guwahati,"1,578",-7,Critical
1531125,83,"December 3, 2026","1,440","20,000",East,Guwahati,"1,578",-7,Critical
1531125,83,"December 4, 2026","1,440","20,000",East,Guwahati,"1,578",-7,Critical
1531125,83,"December 5, 2026","1,440","20,000",East,Guwahati,"1,578",-7,Critical
1531125,83,"December 6, 2026","1,440","20,000",East,Guwahati,"1,578",-7,Critical
1531125,83,"December 11, 2026","1,440","20,000",East,Guwahati,"1,578",-7,Critical
1534876,16,"September 19, 2026","1,238","23,600",East,Guwahati,"1,368",-7,Critical
1534876,17,"September 19, 2026","1,238","23,600",East,Guwahati,"1,368",-7,Critical
1534876,18,"September 19, 2026","1,238","23,600",East,Guwahati,"1,368",-7,Critical
1534876,19,"September 19, 2026","1,307","23,600",East,Guwahati,"1,437",-7,Critical
1534876,20,"September 19, 2026","1,307","23,600",East,Guwahati,"1,437",-7,Critical
1534876,50,"September 19, 2026","1,238","23,600",East,Guwahati,"1,368",-7,Critical
1534876,52,"September 19, 2026","1,238","23,600",East,Guwahati,"1,368",-7,Critical
1541487,17,"September 19, 2026","1,797","20,000",West,Mahabaleshwar,"1,990",-7,Critical
1541487,18,"September 19, 2026","1,797","20,000",West,Mahabaleshwar,"1,990",-7,Critical
1541487,19,"September 19, 2026","1,935","20,000",West,Mahabaleshwar,"2,128",-7,Critical
1541487,20,"September 19, 2026","1,935","20,000",West,Mahabaleshwar,"2,128",-7,Critical
1541487,50,"September 19, 2026","1,797","20,000",West,Mahabaleshwar,"1,990",-7,Critical
1555338,19,"September 19, 2026","2,045","23,600",West,Nagpur,"2,259",-7,Critical
1555338,20,"September 19, 2026","2,045","23,600",West,Nagpur,"2,259",-7,Critical
1555338,21,"September 19, 2026","2,218","23,600",West,Nagpur,"2,434",-7,Critical
1555338,22,"September 19, 2026","2,218","23,600",West,Nagpur,"2,434",-7,Critical
1555338,39,"September 19, 2026","2,218","23,600",West,Nagpur,"2,434",-7,Critical
1555338,51,"September 19, 2026","2,045","23,600",West,Nagpur,"2,259",-7,Critical
1555338,83,"September 19, 2026","2,218","23,600",West,Nagpur,"2,434",-7,Critical
1591753,17,"September 17, 2026","1,609","23,600",South 2,Hyderabad,"1,772",-7,Critical
1591753,17,"September 18, 2026","1,609","23,600",South 2,Hyderabad,"1,772",-7,Critical
1591753,18,"September 17, 2026","1,609","23,600",South 2,Hyderabad,"1,772",-7,Critical
1591753,18,"September 18, 2026","1,609","23,600",South 2,Hyderabad,"1,772",-7,Critical
1591753,19,"September 15, 2026","1,793","23,600",South 2,Hyderabad,"1,967",-7,Critical
1591753,19,"September 16, 2026","1,793","23,600",South 2,Hyderabad,"1,967",-7,Critical
1591753,20,"September 15, 2026","1,793","23,600",South 2,Hyderabad,"1,967",-7,Critical
1591753,20,"September 16, 2026","1,793","23,600",South 2,Hyderabad,"1,967",-7,Critical
1591753,21,"September 16, 2026","1,724","23,600",South 2,Hyderabad,"1,902",-7,Critical
1591753,22,"September 16, 2026","1,724","23,600",South 2,Hyderabad,"1,902",-7,Critical
1591753,39,"September 16, 2026","1,724","23,600",South 2,Hyderabad,"1,902",-7,Critical
1591753,50,"September 17, 2026","1,609","23,600",South 2,Hyderabad,"1,772",-7,Critical
1591753,50,"September 18, 2026","1,609","23,600",South 2,Hyderabad,"1,772",-7,Critical
1591753,83,"September 16, 2026","1,724","23,600",South 2,Hyderabad,"1,902",-7,Critical
1593321,25,"October 13, 2026","1,301","27,848",South 2,Hyderabad,"1,440",-7,Critical
1593820,23,"September 14, 2026","2,747","27,848",South 2,Hyderabad,"3,035",-7,Critical
1593820,24,"September 14, 2026","2,747","27,848",South 2,Hyderabad,"3,035",-7,Critical
1593820,40,"September 14, 2026","2,747","27,848",South 2,Hyderabad,"3,035",-7,Critical
1593867,17,"September 13, 2027","1,713","23,600",South 2,Hyderabad,"1,886",-7,Critical
1593867,18,"September 13, 2027","1,713","23,600",South 2,Hyderabad,"1,886",-7,Critical
1593867,50,"September 13, 2027","1,713","23,600",South 2,Hyderabad,"1,886",-7,Critical
1596121,32,"September 19, 2026","2,330","23,600",South 2,Hyderabad,"2,579",-7,Critical
1596121,33,"September 19, 2026","2,330","23,600",South 2,Hyderabad,"2,579",-7,Critical
1596121,34,"September 19, 2026","2,330","23,600",South 2,Hyderabad,"2,579",-7,Critical
1596319,21,"September 13, 2027","2,488","27,848",South 2,Hyderabad,"2,730",-7,Critical
1596319,22,"September 13, 2027","2,488","27,848",South 2,Hyderabad,"2,730",-7,Critical
1596319,27,"September 13, 2027","3,385","27,848",South 2,Hyderabad,"3,710",-7,Critical
1596319,28,"September 13, 2027","3,385","27,848",South 2,Hyderabad,"3,710",-7,Critical
1596319,32,"September 13, 2027","3,109","27,848",South 2,Hyderabad,"3,430",-7,Critical
1596319,33,"September 13, 2027","3,109","27,848",South 2,Hyderabad,"3,430",-7,Critical
1596319,34,"September 13, 2027","3,109","27,848",South 2,Hyderabad,"3,430",-7,Critical
1596319,39,"September 13, 2027","2,488","27,848",South 2,Hyderabad,"2,730",-7,Critical
1596319,83,"September 13, 2027","2,488","27,848",South 2,Hyderabad,"2,730",-7,Critical
1596742,29,"September 19, 2026","1,767","23,600",South 2,Hyderabad,"1,957",-7,Critical
1596742,30,"September 19, 2026","1,767","23,600",South 2,Hyderabad,"1,957",-7,Critical
1596742,31,"September 19, 2026","1,767","23,600",South 2,Hyderabad,"1,957",-7,Critical
1596742,32,"September 19, 2026","1,905","23,600",South 2,Hyderabad,"2,087",-7,Critical
1596742,33,"September 19, 2026","1,905","23,600",South 2,Hyderabad,"2,087",-7,Critical
1596742,34,"September 19, 2026","1,905","23,600",South 2,Hyderabad,"2,087",-7,Critical
1596742,57,"September 19, 2026","1,767","23,600",South 2,Hyderabad,"1,957",-7,Critical
1599756,25,"September 19, 2026","1,529","27,848",South 2,Hyderabad,"1,688",-7,Critical
1599756,26,"September 19, 2026","1,529","27,848",South 2,Hyderabad,"1,688",-7,Critical
1604662,35,"December 12, 2026","3,605","20,000",North 2,Mussoorie,"3,983",-7,Critical
1604662,36,"December 12, 2026","3,605","20,000",North 2,Mussoorie,"3,983",-7,Critical
1609002,21,"September 19, 2026","2,179","23,600",North 2,Mussoorie,"2,401",-7,Critical
1609002,22,"September 19, 2026","2,179","23,600",North 2,Mussoorie,"2,401",-7,Critical
1609002,39,"September 19, 2026","2,179","23,600",North 2,Mussoorie,"2,401",-7,Critical
1609002,83,"September 19, 2026","2,179","23,600",North 2,Mussoorie,"2,401",-7,Critical
1614818,15,"November 20, 2026","1,448","20,000",East,Bhubaneswar,"1,600",-7,Critical
1614818,15,"November 21, 2026","1,448","20,000",East,Bhubaneswar,"1,600",-7,Critical
1614818,19,"November 1, 2026","1,909","20,000",East,Bhubaneswar,"2,114",-7,Critical
1614818,19,"November 2, 2026","1,909","20,000",East,Bhubaneswar,"2,114",-7,Critical
1614818,19,"November 3, 2026","1,909","20,000",East,Bhubaneswar,"2,114",-7,Critical
1614818,19,"November 4, 2026","1,909","20,000",East,Bhubaneswar,"2,114",-7,Critical
1614818,19,"November 5, 2026","1,911","20,000",East,Bhubaneswar,"2,114",-7,Critical
1614818,19,"November 12, 2026","1,909","20,000",East,Bhubaneswar,"2,114",-7,Critical
1614818,19,"November 18, 2026","1,909","20,000",East,Bhubaneswar,"2,114",-7,Critical
1614818,19,"November 19, 2026","1,911","20,000",East,Bhubaneswar,"2,114",-7,Critical
1614818,19,"November 22, 2026","1,909","20,000",East,Bhubaneswar,"2,114",-7,Critical
1614818,19,"November 23, 2026","1,909","20,000",East,Bhubaneswar,"2,114",-7,Critical
1614818,19,"November 29, 2026","1,909","20,000",East,Bhubaneswar,"2,114",-7,Critical
1614818,19,"November 30, 2026","1,909","20,000",East,Bhubaneswar,"2,114",-7,Critical
1614818,20,"November 1, 2026","1,909","20,000",East,Bhubaneswar,"2,114",-7,Critical
1614818,20,"November 2, 2026","1,909","20,000",East,Bhubaneswar,"2,114",-7,Critical
1614818,20,"November 3, 2026","1,909","20,000",East,Bhubaneswar,"2,114",-7,Critical
1614818,20,"November 4, 2026","1,909","20,000",East,Bhubaneswar,"2,114",-7,Critical
1614818,20,"November 5, 2026","1,911","20,000",East,Bhubaneswar,"2,114",-7,Critical
1614818,20,"November 12, 2026","1,909","20,000",East,Bhubaneswar,"2,114",-7,Critical
1614818,20,"November 18, 2026","1,909","20,000",East,Bhubaneswar,"2,114",-7,Critical
1614818,20,"November 19, 2026","1,911","20,000",East,Bhubaneswar,"2,114",-7,Critical
1614818,20,"November 22, 2026","1,909","20,000",East,Bhubaneswar,"2,114",-7,Critical
1614818,20,"November 23, 2026","1,909","20,000",East,Bhubaneswar,"2,114",-7,Critical
1614818,20,"November 29, 2026","1,909","20,000",East,Bhubaneswar,"2,114",-7,Critical
1614818,20,"November 30, 2026","1,909","20,000",East,Bhubaneswar,"2,114",-7,Critical
1614818,23,"December 1, 2026","2,171","20,000",East,Bhubaneswar,"2,385",-7,Critical
1614818,23,"December 2, 2026","2,171","20,000",East,Bhubaneswar,"2,385",-7,Critical
1614818,23,"December 3, 2026","2,171","20,000",East,Bhubaneswar,"2,385",-7,Critical
1614818,23,"December 6, 2026","2,171","20,000",East,Bhubaneswar,"2,385",-7,Critical
1614818,23,"December 7, 2026","2,171","20,000",East,Bhubaneswar,"2,385",-7,Critical
1614818,23,"December 8, 2026","2,171","20,000",East,Bhubaneswar,"2,385",-7,Critical
1614818,23,"December 9, 2026","2,171","20,000",East,Bhubaneswar,"2,385",-7,Critical
1614818,23,"December 10, 2026","2,171","20,000",East,Bhubaneswar,"2,385",-7,Critical
1614818,24,"December 1, 2026","2,171","20,000",East,Bhubaneswar,"2,385",-7,Critical
1614818,24,"December 2, 2026","2,171","20,000",East,Bhubaneswar,"2,385",-7,Critical
1614818,24,"December 3, 2026","2,171","20,000",East,Bhubaneswar,"2,385",-7,Critical
1614818,24,"December 6, 2026","2,171","20,000",East,Bhubaneswar,"2,385",-7,Critical
1614818,24,"December 7, 2026","2,171","20,000",East,Bhubaneswar,"2,385",-7,Critical
1614818,24,"December 8, 2026","2,171","20,000",East,Bhubaneswar,"2,385",-7,Critical
1614818,24,"December 9, 2026","2,171","20,000",East,Bhubaneswar,"2,385",-7,Critical
1614818,24,"December 10, 2026","2,171","20,000",East,Bhubaneswar,"2,385",-7,Critical
1614818,27,"November 11, 2026","2,516","20,000",East,Bhubaneswar,"2,764",-7,Critical
1614818,27,"November 17, 2026","2,516","20,000",East,Bhubaneswar,"2,764",-7,Critical
1614818,27,"November 24, 2026","2,516","20,000",East,Bhubaneswar,"2,764",-7,Critical
1614818,27,"November 25, 2026","2,516","20,000",East,Bhubaneswar,"2,764",-7,Critical
1614818,27,"November 26, 2026","2,516","20,000",East,Bhubaneswar,"2,764",-7,Critical
1614818,27,"December 4, 2026","2,516","20,000",East,Bhubaneswar,"2,786",-7,Critical
1614818,27,"December 5, 2026","2,516","20,000",East,Bhubaneswar,"2,786",-7,Critical
1614818,27,"December 11, 2026","2,516","20,000",East,Bhubaneswar,"2,786",-7,Critical
1614818,27,"December 12, 2026","2,516","20,000",East,Bhubaneswar,"2,786",-7,Critical
1614818,28,"November 11, 2026","2,516","20,000",East,Bhubaneswar,"2,764",-7,Critical
1614818,28,"November 17, 2026","2,516","20,000",East,Bhubaneswar,"2,764",-7,Critical
1614818,28,"November 24, 2026","2,516","20,000",East,Bhubaneswar,"2,764",-7,Critical
1614818,28,"November 25, 2026","2,516","20,000",East,Bhubaneswar,"2,764",-7,Critical
1614818,28,"November 26, 2026","2,516","20,000",East,Bhubaneswar,"2,764",-7,Critical
1614818,28,"December 4, 2026","2,516","20,000",East,Bhubaneswar,"2,786",-7,Critical
1614818,28,"December 5, 2026","2,516","20,000",East,Bhubaneswar,"2,786",-7,Critical
1614818,28,"December 11, 2026","2,516","20,000",East,Bhubaneswar,"2,786",-7,Critical
1614818,28,"December 12, 2026","2,516","20,000",East,Bhubaneswar,"2,786",-7,Critical
1614818,29,"December 4, 2026","2,654","20,000",East,Bhubaneswar,"2,916",-7,Critical
1614818,29,"December 5, 2026","2,654","20,000",East,Bhubaneswar,"2,916",-7,Critical
1614818,29,"December 11, 2026","2,654","20,000",East,Bhubaneswar,"2,916",-7,Critical
1614818,29,"December 12, 2026","2,654","20,000",East,Bhubaneswar,"2,916",-7,Critical
1614818,30,"December 4, 2026","2,654","20,000",East,Bhubaneswar,"2,916",-7,Critical
1614818,30,"December 5, 2026","2,654","20,000",East,Bhubaneswar,"2,916",-7,Critical
1614818,30,"December 11, 2026","2,654","20,000",East,Bhubaneswar,"2,916",-7,Critical
1614818,30,"December 12, 2026","2,654","20,000",East,Bhubaneswar,"2,916",-7,Critical
1614818,31,"December 4, 2026","2,654","20,000",East,Bhubaneswar,"2,916",-7,Critical
1614818,31,"December 5, 2026","2,654","20,000",East,Bhubaneswar,"2,916",-7,Critical
1614818,31,"December 11, 2026","2,654","20,000",East,Bhubaneswar,"2,916",-7,Critical
1614818,31,"December 12, 2026","2,654","20,000",East,Bhubaneswar,"2,916",-7,Critical
1614818,38,"November 20, 2026","1,448","20,000",East,Bhubaneswar,"1,600",-7,Critical
1614818,38,"November 21, 2026","1,448","20,000",East,Bhubaneswar,"1,600",-7,Critical
1614818,40,"December 1, 2026","2,171","20,000",East,Bhubaneswar,"2,385",-7,Critical
1614818,40,"December 2, 2026","2,171","20,000",East,Bhubaneswar,"2,385",-7,Critical
1614818,40,"December 3, 2026","2,171","20,000",East,Bhubaneswar,"2,385",-7,Critical
1614818,40,"December 6, 2026","2,171","20,000",East,Bhubaneswar,"2,385",-7,Critical
1614818,40,"December 7, 2026","2,171","20,000",East,Bhubaneswar,"2,385",-7,Critical
1614818,40,"December 8, 2026","2,171","20,000",East,Bhubaneswar,"2,385",-7,Critical
1614818,40,"December 9, 2026","2,171","20,000",East,Bhubaneswar,"2,385",-7,Critical
1614818,40,"December 10, 2026","2,171","20,000",East,Bhubaneswar,"2,385",-7,Critical
1614818,57,"December 4, 2026","2,654","20,000",East,Bhubaneswar,"2,916",-7,Critical
1614818,57,"December 5, 2026","2,654","20,000",East,Bhubaneswar,"2,916",-7,Critical
1614818,57,"December 11, 2026","2,654","20,000",East,Bhubaneswar,"2,916",-7,Critical
1614818,57,"December 12, 2026","2,654","20,000",East,Bhubaneswar,"2,916",-7,Critical
1614818,89,"December 4, 2026","2,654","20,000",East,Bhubaneswar,"2,916",-7,Critical
1614818,89,"December 5, 2026","2,654","20,000",East,Bhubaneswar,"2,916",-7,Critical
1614818,89,"December 11, 2026","2,654","20,000",East,Bhubaneswar,"2,916",-7,Critical
1614818,89,"December 12, 2026","2,654","20,000",East,Bhubaneswar,"2,916",-7,Critical
1617471,21,"October 27, 2026","2,144","23,600",East,Bhubaneswar,"2,361",-7,Critical
1617471,21,"October 28, 2026","2,144","23,600",East,Bhubaneswar,"2,361",-7,Critical
1617471,21,"October 29, 2026","2,144","23,600",East,Bhubaneswar,"2,361",-7,Critical
1617471,22,"October 27, 2026","2,144","23,600",East,Bhubaneswar,"2,361",-7,Critical
1617471,22,"October 28, 2026","2,144","23,600",East,Bhubaneswar,"2,361",-7,Critical
1617471,22,"October 29, 2026","2,144","23,600",East,Bhubaneswar,"2,361",-7,Critical
1617471,23,"October 27, 2026","2,213","23,600",East,Bhubaneswar,"2,426",-7,Critical
1617471,23,"October 28, 2026","2,213","23,600",East,Bhubaneswar,"2,426",-7,Critical
1617471,23,"October 29, 2026","2,213","23,600",East,Bhubaneswar,"2,426",-7,Critical
1617471,24,"October 27, 2026","2,213","23,600",East,Bhubaneswar,"2,426",-7,Critical
1617471,24,"October 28, 2026","2,213","23,600",East,Bhubaneswar,"2,426",-7,Critical
1617471,24,"October 29, 2026","2,213","23,600",East,Bhubaneswar,"2,426",-7,Critical
1617471,39,"October 27, 2026","2,144","23,600",East,Bhubaneswar,"2,361",-7,Critical
1617471,39,"October 28, 2026","2,144","23,600",East,Bhubaneswar,"2,361",-7,Critical
1617471,39,"October 29, 2026","2,144","23,600",East,Bhubaneswar,"2,361",-7,Critical
1617471,40,"October 27, 2026","2,213","23,600",East,Bhubaneswar,"2,426",-7,Critical
1617471,40,"October 28, 2026","2,213","23,600",East,Bhubaneswar,"2,426",-7,Critical
1617471,40,"October 29, 2026","2,213","23,600",East,Bhubaneswar,"2,426",-7,Critical
1617471,83,"October 27, 2026","2,144","23,600",East,Bhubaneswar,"2,361",-7,Critical
1617471,83,"October 28, 2026","2,144","23,600",East,Bhubaneswar,"2,361",-7,Critical
1617471,83,"October 29, 2026","2,144","23,600",East,Bhubaneswar,"2,361",-7,Critical
1617763,21,"November 18, 2026","1,573","23,600",East,Bhubaneswar,"1,728",-7,Critical
1617763,21,"November 19, 2026","1,573","23,600",East,Bhubaneswar,"1,728",-7,Critical
1617763,21,"November 22, 2026","1,573","23,600",East,Bhubaneswar,"1,728",-7,Critical
1617763,21,"November 23, 2026","1,573","23,600",East,Bhubaneswar,"1,728",-7,Critical
1617763,21,"November 29, 2026","1,573","23,600",East,Bhubaneswar,"1,728",-7,Critical
1617763,21,"November 30, 2026","1,573","23,600",East,Bhubaneswar,"1,728",-7,Critical
1617763,22,"November 18, 2026","1,573","23,600",East,Bhubaneswar,"1,728",-7,Critical
1617763,22,"November 19, 2026","1,573","23,600",East,Bhubaneswar,"1,728",-7,Critical
1617763,22,"November 22, 2026","1,573","23,600",East,Bhubaneswar,"1,728",-7,Critical
1617763,22,"November 23, 2026","1,573","23,600",East,Bhubaneswar,"1,728",-7,Critical
1617763,22,"November 29, 2026","1,573","23,600",East,Bhubaneswar,"1,728",-7,Critical
1617763,22,"November 30, 2026","1,573","23,600",East,Bhubaneswar,"1,728",-7,Critical
1617763,39,"November 18, 2026","1,573","23,600",East,Bhubaneswar,"1,728",-7,Critical
1617763,39,"November 19, 2026","1,573","23,600",East,Bhubaneswar,"1,728",-7,Critical
1617763,39,"November 22, 2026","1,573","23,600",East,Bhubaneswar,"1,728",-7,Critical
1617763,39,"November 23, 2026","1,573","23,600",East,Bhubaneswar,"1,728",-7,Critical
1617763,39,"November 29, 2026","1,573","23,600",East,Bhubaneswar,"1,728",-7,Critical
1617763,39,"November 30, 2026","1,573","23,600",East,Bhubaneswar,"1,728",-7,Critical
1617763,83,"November 18, 2026","1,573","23,600",East,Bhubaneswar,"1,728",-7,Critical
1617763,83,"November 19, 2026","1,573","23,600",East,Bhubaneswar,"1,728",-7,Critical
1617763,83,"November 22, 2026","1,573","23,600",East,Bhubaneswar,"1,728",-7,Critical
1617763,83,"November 23, 2026","1,573","23,600",East,Bhubaneswar,"1,728",-7,Critical
1617763,83,"November 29, 2026","1,573","23,600",East,Bhubaneswar,"1,728",-7,Critical
1617763,83,"November 30, 2026","1,573","23,600",East,Bhubaneswar,"1,728",-7,Critical
1618342,17,"September 14, 2026","1,287","20,000",East,Bhubaneswar,"1,417",-7,Critical
1618342,18,"September 14, 2026","1,287","20,000",East,Bhubaneswar,"1,417",-7,Critical
1618342,19,"September 14, 2026","1,356","20,000",East,Bhubaneswar,"1,486",-7,Critical
1618342,20,"September 14, 2026","1,356","20,000",East,Bhubaneswar,"1,486",-7,Critical
1618342,50,"September 14, 2026","1,287","20,000",East,Bhubaneswar,"1,417",-7,Critical
1619452,21,"September 19, 2026","1,629","23,600",East,Bhubaneswar,"1,788",-7,Critical
1619452,22,"September 19, 2026","1,629","23,600",East,Bhubaneswar,"1,788",-7,Critical
1619452,39,"September 19, 2026","1,629","23,600",East,Bhubaneswar,"1,788",-7,Critical
1619452,83,"September 19, 2026","1,629","23,600",East,Bhubaneswar,"1,788",-7,Critical
1619637,19,"September 19, 2026","1,633","23,600",East,Bhubaneswar,"1,791",-7,Critical
1619637,20,"September 19, 2026","1,633","23,600",East,Bhubaneswar,"1,791",-7,Critical
1619814,15,"December 10, 2026",986,"23,600",East,Bhubaneswar,"1,088",-7,Critical
1619814,38,"December 10, 2026",986,"23,600",East,Bhubaneswar,"1,088",-7,Critical
1675415,21,"September 19, 2026","4,493","20,000",North 2,Mathura,"4,972",-7,Critical
1675415,22,"September 19, 2026","4,493","20,000",North 2,Mathura,"4,972",-7,Critical
1675415,23,"September 19, 2026","4,493","20,000",North 2,Mathura,"4,972",-7,Critical
1675415,24,"September 19, 2026","4,493","20,000",North 2,Mathura,"4,972",-7,Critical
1675415,25,"September 19, 2026","4,631","20,000",North 2,Mathura,"5,112",-7,Critical
1675415,26,"September 19, 2026","4,631","20,000",North 2,Mathura,"5,112",-7,Critical
1675415,27,"September 19, 2026","4,907","20,000",North 2,Mathura,"5,392",-7,Critical
1675415,28,"September 19, 2026","4,907","20,000",North 2,Mathura,"5,392",-7,Critical
1675415,29,"September 19, 2026","4,631","20,000",North 2,Mathura,"5,112",-7,Critical
1675415,30,"September 19, 2026","4,631","20,000",North 2,Mathura,"5,112",-7,Critical
1675415,31,"September 19, 2026","4,631","20,000",North 2,Mathura,"5,112",-7,Critical
1675415,32,"September 19, 2026","4,631","20,000",North 2,Mathura,"5,112",-7,Critical
1675415,33,"September 19, 2026","4,631","20,000",North 2,Mathura,"5,112",-7,Critical
1675415,34,"September 19, 2026","4,631","20,000",North 2,Mathura,"5,112",-7,Critical
1675415,35,"September 19, 2026","5,114","20,000",North 2,Mathura,"5,602",-7,Critical
1675415,36,"September 19, 2026","5,114","20,000",North 2,Mathura,"5,602",-7,Critical
1675415,37,"September 19, 2026","5,114","20,000",North 2,Mathura,"5,602",-7,Critical
1675415,39,"September 19, 2026","4,493","20,000",North 2,Mathura,"4,972",-7,Critical
1675415,40,"September 19, 2026","4,493","20,000",North 2,Mathura,"4,972",-7,Critical
1675415,57,"September 19, 2026","4,631","20,000",North 2,Mathura,"5,112",-7,Critical
1675415,58,"September 19, 2026","4,631","20,000",North 2,Mathura,"5,112",-7,Critical
1675415,83,"September 19, 2026","4,493","20,000",North 2,Mathura,"4,972",-7,Critical
1675415,89,"September 19, 2026","4,631","20,000",North 2,Mathura,"5,112",-7,Critical
1708941,29,"September 13, 2027","2,109","27,848",South 1,Kozhikode,"2,325",-7,Critical
1708941,30,"September 13, 2027","2,109","27,848",South 1,Kozhikode,"2,325",-7,Critical
1708941,31,"September 13, 2027","2,109","27,848",South 1,Kozhikode,"2,325",-7,Critical
1708941,32,"September 13, 2027","2,178","27,848",South 1,Kozhikode,"2,390",-7,Critical
1708941,33,"September 13, 2027","2,178","27,848",South 1,Kozhikode,"2,390",-7,Critical
1708941,34,"September 13, 2027","2,178","27,848",South 1,Kozhikode,"2,390",-7,Critical
1708941,57,"September 13, 2027","2,109","27,848",South 1,Kozhikode,"2,325",-7,Critical
1708941,58,"September 13, 2027","2,178","27,848",South 1,Kozhikode,"2,390",-7,Critical
1708941,89,"September 13, 2027","2,109","27,848",South 1,Kozhikode,"2,325",-7,Critical
1755459,15,"September 19, 2026","1,570","23,600",North 1,Gandhinagar,"1,740",-7,Critical
1755459,16,"September 19, 2026","1,656","23,600",North 1,Gandhinagar,"1,828",-7,Critical
1755459,38,"September 19, 2026","1,570","23,600",North 1,Gandhinagar,"1,740",-7,Critical
1755459,52,"September 19, 2026","1,656","23,600",North 1,Gandhinagar,"1,828",-7,Critical
1755459,76,"September 19, 2026","1,570","23,600",North 1,Gandhinagar,"1,740",-7,Critical
1809628,42,"December 12, 2026","2,329","23,600",North 2,Chandigarh,"2,553",-7,Critical
1809628,43,"December 12, 2026","2,329","23,600",North 2,Chandigarh,"2,553",-7,Critical
1809628,45,"December 12, 2026","2,157","23,600",North 2,Chandigarh,"2,381",-7,Critical
1809628,46,"December 12, 2026","2,157","23,600",North 2,Chandigarh,"2,381",-7,Critical
1837134,29,"December 12, 2026","4,721","23,600",South 1,Thekkady,"5,188",-7,Critical
1837134,30,"December 12, 2026","4,721","23,600",South 1,Thekkady,"5,188",-7,Critical
1837134,31,"December 12, 2026","4,721","23,600",South 1,Thekkady,"5,188",-7,Critical
1837134,32,"December 12, 2026","4,859","23,600",South 1,Thekkady,"5,328",-7,Critical
1837134,33,"December 12, 2026","4,859","23,600",South 1,Thekkady,"5,328",-7,Critical
1837134,34,"December 12, 2026","4,859","23,600",South 1,Thekkady,"5,328",-7,Critical
1837134,57,"December 12, 2026","4,721","23,600",South 1,Thekkady,"5,188",-7,Critical
1892583,19,"December 12, 2026","1,485","20,000",South 1,Hassan,"1,631",-7,Critical
1892583,20,"December 12, 2026","1,485","20,000",South 1,Hassan,"1,631",-7,Critical
1921658,25,"December 12, 2026","2,811","23,600",South 2,Vellore,"3,096",-7,Critical
1921658,26,"December 12, 2026","2,811","23,600",South 2,Vellore,"3,096",-7,Critical
1929807,19,"September 19, 2026","1,578","23,600",South 2,Vellore,"1,734",-7,Critical
1929807,20,"September 19, 2026","1,578","23,600",South 2,Vellore,"1,734",-7,Critical
2010498,17,"September 19, 2026","2,135","23,600",East,Paradeep,"2,345",-7,Critical
2010498,18,"September 19, 2026","2,135","23,600",East,Paradeep,"2,345",-7,Critical
2010498,19,"September 19, 2026","2,238","23,600",East,Paradeep,"2,450",-7,Critical
2010498,20,"September 19, 2026","2,238","23,600",East,Paradeep,"2,450",-7,Critical
2010498,50,"September 19, 2026","2,135","23,600",East,Paradeep,"2,345",-7,Critical
2011450,16,"September 19, 2026","1,498","27,848",South 1,Bangalore,"1,658",-7,Critical
2011450,19,"September 19, 2026","1,567","27,848",South 1,Bangalore,"1,728",-7,Critical
2011450,20,"September 19, 2026","1,567","27,848",South 1,Bangalore,"1,728",-7,Critical
2011649,21,"September 19, 2026","1,332","27,848",South 1,Bangalore,"1,473",-7,Critical
2011649,22,"September 19, 2026","1,332","27,848",South 1,Bangalore,"1,473",-7,Critical
2011649,23,"September 19, 2026","1,436","27,848",South 1,Bangalore,"1,578",-7,Critical
2011649,24,"September 19, 2026","1,436","27,848",South 1,Bangalore,"1,578",-7,Critical
2011649,29,"September 13, 2027","1,666","27,848",South 1,Bangalore,"1,823",-7,Critical
2011649,30,"September 13, 2027","1,666","27,848",South 1,Bangalore,"1,823",-7,Critical
2011649,31,"September 13, 2027","1,666","27,848",South 1,Bangalore,"1,823",-7,Critical
2011649,39,"September 19, 2026","1,332","27,848",South 1,Bangalore,"1,473",-7,Critical
2011649,40,"September 19, 2026","1,436","27,848",South 1,Bangalore,"1,578",-7,Critical
2011649,57,"September 13, 2027","1,666","27,848",South 1,Bangalore,"1,823",-7,Critical
2011649,83,"September 19, 2026","1,332","27,848",South 1,Bangalore,"1,473",-7,Critical
2011649,89,"September 13, 2027","1,666","27,848",South 1,Bangalore,"1,823",-7,Critical
2013677,17,"December 12, 2026","1,158","20,000",South 1,Thiruvananthapuram,"1,274",-7,Critical
2013677,18,"December 12, 2026","1,158","20,000",South 1,Thiruvananthapuram,"1,274",-7,Critical
2013677,50,"December 12, 2026","1,158","20,000",South 1,Thiruvananthapuram,"1,274",-7,Critical
2013949,17,"September 16, 2026","1,641","23,600",South 1,Bangalore,"1,809",-7,Critical
2013949,18,"September 16, 2026","1,641","23,600",South 1,Bangalore,"1,809",-7,Critical
2013949,19,"September 16, 2026","1,744","23,600",South 1,Bangalore,"1,914",-7,Critical
2013949,20,"September 16, 2026","1,744","23,600",South 1,Bangalore,"1,914",-7,Critical
2014883,25,"December 12, 2026","1,748","23,600",South 1,Bangalore,"1,918",-7,Critical
2014883,26,"December 12, 2026","1,748","23,600",South 1,Bangalore,"1,918",-7,Critical
2015941,25,"September 13, 2027","1,734","23,600",South 1,Bangalore,"1,921",-7,Critical
2015941,26,"September 13, 2027","1,734","23,600",South 1,Bangalore,"1,921",-7,Critical
2017408,19,"September 13, 2027","2,022","23,600",South 1,Bangalore,"2,216",-7,Critical
2017408,20,"September 13, 2027","2,022","23,600",South 1,Bangalore,"2,216",-7,Critical
2018445,19,"September 19, 2026","1,616","23,600",South 1,Bangalore,"1,789",-7,Critical
2018445,20,"September 19, 2026","1,616","23,600",South 1,Bangalore,"1,789",-7,Critical
2018445,21,"September 19, 2026","1,685","23,600",South 1,Bangalore,"1,859",-7,Critical
2018445,22,"September 19, 2026","1,685","23,600",South 1,Bangalore,"1,859",-7,Critical
2018445,23,"September 19, 2026","1,754","23,600",South 1,Bangalore,"1,929",-7,Critical
2018445,24,"September 19, 2026","1,754","23,600",South 1,Bangalore,"1,929",-7,Critical
2018445,39,"September 19, 2026","1,685","23,600",South 1,Bangalore,"1,859",-7,Critical
2018445,40,"September 19, 2026","1,754","23,600",South 1,Bangalore,"1,929",-7,Critical
2018445,83,"September 19, 2026","1,685","23,600",South 1,Bangalore,"1,859",-7,Critical
2018783,25,"December 12, 2026","1,748","23,600",South 1,Bangalore,"1,915",-7,Critical
2018783,26,"December 12, 2026","1,748","23,600",South 1,Bangalore,"1,915",-7,Critical
2018835,17,"September 19, 2026","2,339","23,600",South 1,Bangalore,"2,571",-7,Critical
2018835,18,"September 19, 2026","2,339","23,600",South 1,Bangalore,"2,571",-7,Critical
2018989,25,"September 19, 2026","2,614","23,600",South 1,Bangalore,"2,898",-7,Critical
2018989,26,"September 19, 2026","2,614","23,600",South 1,Bangalore,"2,898",-7,Critical
2019978,21,"September 13, 2027","2,181","20,000",South 1,Bangalore,"2,398",-7,Critical
2019978,22,"September 13, 2027","2,181","20,000",South 1,Bangalore,"2,398",-7,Critical
2019978,23,"September 13, 2027","2,319","20,000",South 1,Bangalore,"2,538",-7,Critical
2019978,24,"September 13, 2027","2,319","20,000",South 1,Bangalore,"2,538",-7,Critical
2019978,39,"September 13, 2027","2,181","20,000",South 1,Bangalore,"2,398",-7,Critical
2019978,40,"September 13, 2027","2,319","20,000",South 1,Bangalore,"2,538",-7,Critical
2019978,83,"September 13, 2027","2,181","20,000",South 1,Bangalore,"2,398",-7,Critical
2026607,32,"September 19, 2026","1,727","20,000",South 1,Mangalore,"1,900",-7,Critical
2026607,33,"September 19, 2026","1,727","20,000",South 1,Mangalore,"1,900",-7,Critical
2026607,34,"September 19, 2026","1,727","20,000",South 1,Mangalore,"1,900",-7,Critical
2026607,58,"September 19, 2026","1,727","20,000",South 1,Mangalore,"1,900",-7,Critical
2031351,19,"September 16, 2026","1,646","23,600",North 2,Chandigarh,"1,817",-7,Critical
2031351,19,"September 17, 2026","1,646","23,600",North 2,Chandigarh,"1,817",-7,Critical
2031351,20,"September 16, 2026","1,646","23,600",North 2,Chandigarh,"1,817",-7,Critical
2031351,20,"September 17, 2026","1,646","23,600",North 2,Chandigarh,"1,817",-7,Critical
2031351,21,"September 16, 2026","1,750","23,600",North 2,Chandigarh,"1,921",-7,Critical
2031351,21,"September 17, 2026","1,750","23,600",North 2,Chandigarh,"1,921",-7,Critical
2031351,22,"September 16, 2026","1,750","23,600",North 2,Chandigarh,"1,921",-7,Critical
2031351,22,"September 17, 2026","1,750","23,600",North 2,Chandigarh,"1,921",-7,Critical
2031351,39,"September 16, 2026","1,750","23,600",North 2,Chandigarh,"1,921",-7,Critical
2031351,39,"September 17, 2026","1,750","23,600",North 2,Chandigarh,"1,921",-7,Critical
2031351,83,"September 16, 2026","1,750","23,600",North 2,Chandigarh,"1,921",-7,Critical
2031351,83,"September 17, 2026","1,750","23,600",North 2,Chandigarh,"1,921",-7,Critical
2043442,21,"September 19, 2026","1,449","23,600",North 1,Noida,"1,604",-7,Critical
2043442,22,"September 19, 2026","1,449","23,600",North 1,Noida,"1,604",-7,Critical
2043442,23,"September 19, 2026","1,535","23,600",North 1,Noida,"1,685",-7,Critical
2043442,24,"September 19, 2026","1,535","23,600",North 1,Noida,"1,685",-7,Critical
2043442,39,"September 19, 2026","1,449","23,600",North 1,Noida,"1,604",-7,Critical
2043442,40,"September 19, 2026","1,535","23,600",North 1,Noida,"1,685",-7,Critical
2043442,83,"September 19, 2026","1,449","23,600",North 1,Noida,"1,604",-7,Critical
2055653,17,"September 19, 2026","1,532","23,600",West,Nagpur,"1,690",-7,Critical
2055653,18,"September 19, 2026","1,532","23,600",West,Nagpur,"1,690",-7,Critical
2055653,19,"September 19, 2026","1,670","23,600",West,Nagpur,"1,830",-7,Critical
2055653,20,"September 19, 2026","1,670","23,600",West,Nagpur,"1,830",-7,Critical
2055653,50,"September 19, 2026","1,532","23,600",West,Nagpur,"1,690",-7,Critical
2058446,19,"September 19, 2026","1,853","23,600",North 1,Gurgaon,"2,045",-7,Critical
2058446,21,"September 19, 2026","1,922","23,600",North 1,Gurgaon,"2,115",-7,Critical
2058446,22,"September 19, 2026","1,922","23,600",North 1,Gurgaon,"2,115",-7,Critical
2058446,23,"September 19, 2026","1,991","23,600",North 1,Gurgaon,"2,185",-7,Critical
2058446,24,"September 19, 2026","1,991","23,600",North 1,Gurgaon,"2,185",-7,Critical
2058446,39,"September 19, 2026","1,922","23,600",North 1,Gurgaon,"2,115",-7,Critical
2058446,40,"September 19, 2026","1,991","23,600",North 1,Gurgaon,"2,185",-7,Critical
2058446,83,"September 19, 2026","1,922","23,600",North 1,Gurgaon,"2,115",-7,Critical
2059540,23,"September 19, 2026","1,844","23,600",South 2,Hyderabad,"2,032",-7,Critical
2059540,24,"September 19, 2026","1,844","23,600",South 2,Hyderabad,"2,032",-7,Critical
2061639,19,"September 19, 2026","1,202","23,600",West,Indore,"1,324",-7,Critical
2061639,20,"September 19, 2026","1,202","23,600",West,Indore,"1,324",-7,Critical
2079707,19,"September 19, 2026","1,354","23,600",West,Bhopal,"1,498",-7,Critical
2079707,20,"September 19, 2026","1,354","23,600",West,Bhopal,"1,498",-7,Critical
2079707,25,"December 12, 2026","1,748","23,600",West,Bhopal,"1,931",-7,Critical
2079707,26,"December 12, 2026","1,748","23,600",West,Bhopal,"1,931",-7,Critical
2083696,45,"September 19, 2026","1,837","23,600",West,Aurangabad,"2,010",-7,Critical
2083696,46,"September 19, 2026","1,837","23,600",West,Aurangabad,"2,010",-7,Critical
2089527,15,"September 19, 2026","1,334","23,600",East,Siliguri,"1,476",-7,Critical
2089527,16,"September 19, 2026","1,403","23,600",East,Siliguri,"1,546",-7,Critical
2089527,17,"September 19, 2026","1,437","23,600",East,Siliguri,"1,581",-7,Critical
2089527,18,"September 19, 2026","1,437","23,600",East,Siliguri,"1,581",-7,Critical
2089527,19,"September 19, 2026","1,506","23,600",East,Siliguri,"1,651",-7,Critical
2089527,38,"September 19, 2026","1,334","23,600",East,Siliguri,"1,476",-7,Critical
2341617,19,"September 19, 2026","1,698","23,600",West,Chandrapur,"1,876",-7,Critical
2341617,20,"September 19, 2026","1,698","23,600",West,Chandrapur,"1,876",-7,Critical
2341617,51,"September 19, 2026","1,698","23,600",West,Chandrapur,"1,876",-7,Critical
3006134,17,"November 18, 2026","1,334","23,600",East,Bhubaneswar,"1,464",-7,Critical
3006134,17,"November 19, 2026","1,334","23,600",East,Bhubaneswar,"1,464",-7,Critical
3006134,17,"November 22, 2026","1,334","23,600",East,Bhubaneswar,"1,464",-7,Critical
3006134,17,"November 23, 2026","1,334","23,600",East,Bhubaneswar,"1,464",-7,Critical
3006134,18,"November 18, 2026","1,334","23,600",East,Bhubaneswar,"1,464",-7,Critical
3006134,18,"November 19, 2026","1,334","23,600",East,Bhubaneswar,"1,464",-7,Critical
3006134,18,"November 22, 2026","1,334","23,600",East,Bhubaneswar,"1,464",-7,Critical
3006134,18,"November 23, 2026","1,334","23,600",East,Bhubaneswar,"1,464",-7,Critical
3006134,23,"December 1, 2026","1,824","23,600",East,Bhubaneswar,"2,007",-7,Critical
3006134,23,"December 7, 2026","1,824","23,600",East,Bhubaneswar,"2,007",-7,Critical
3006134,23,"December 8, 2026","1,824","23,600",East,Bhubaneswar,"2,007",-7,Critical
3006134,23,"December 9, 2026","1,824","23,600",East,Bhubaneswar,"2,007",-7,Critical
3006134,23,"December 10, 2026","1,824","23,600",East,Bhubaneswar,"2,007",-7,Critical
3006134,24,"December 1, 2026","1,824","23,600",East,Bhubaneswar,"2,007",-7,Critical
3006134,24,"December 7, 2026","1,824","23,600",East,Bhubaneswar,"2,007",-7,Critical
3006134,24,"December 8, 2026","1,824","23,600",East,Bhubaneswar,"2,007",-7,Critical
3006134,24,"December 9, 2026","1,824","23,600",East,Bhubaneswar,"2,007",-7,Critical
3006134,24,"December 10, 2026","1,824","23,600",East,Bhubaneswar,"2,007",-7,Critical
3006134,27,"November 1, 2026","2,215","23,600",East,Bhubaneswar,"2,427",-7,Critical
3006134,27,"November 2, 2026","2,215","23,600",East,Bhubaneswar,"2,427",-7,Critical
3006134,27,"November 3, 2026","2,215","23,600",East,Bhubaneswar,"2,427",-7,Critical
3006134,27,"November 4, 2026","2,215","23,600",East,Bhubaneswar,"2,427",-7,Critical
3006134,27,"November 5, 2026","2,215","23,600",East,Bhubaneswar,"2,427",-7,Critical
3006134,27,"November 12, 2026","2,215","23,600",East,Bhubaneswar,"2,427",-7,Critical
3006134,28,"November 1, 2026","2,215","23,600",East,Bhubaneswar,"2,427",-7,Critical
3006134,28,"November 2, 2026","2,215","23,600",East,Bhubaneswar,"2,427",-7,Critical
3006134,28,"November 3, 2026","2,215","23,600",East,Bhubaneswar,"2,427",-7,Critical
3006134,28,"November 4, 2026","2,215","23,600",East,Bhubaneswar,"2,427",-7,Critical
3006134,28,"November 5, 2026","2,215","23,600",East,Bhubaneswar,"2,427",-7,Critical
3006134,28,"November 12, 2026","2,215","23,600",East,Bhubaneswar,"2,427",-7,Critical
3006134,29,"November 1, 2026","2,042","23,600",East,Bhubaneswar,"2,264",-7,Critical
3006134,29,"November 2, 2026","2,042","23,600",East,Bhubaneswar,"2,264",-7,Critical
3006134,29,"November 3, 2026","2,042","23,600",East,Bhubaneswar,"2,264",-7,Critical
3006134,29,"November 4, 2026","2,042","23,600",East,Bhubaneswar,"2,264",-7,Critical
3006134,29,"November 5, 2026","2,042","23,600",East,Bhubaneswar,"2,264",-7,Critical
3006134,29,"November 12, 2026","2,042","23,600",East,Bhubaneswar,"2,264",-7,Critical
3006134,30,"November 1, 2026","2,042","23,600",East,Bhubaneswar,"2,264",-7,Critical
3006134,30,"November 2, 2026","2,042","23,600",East,Bhubaneswar,"2,264",-7,Critical
3006134,30,"November 3, 2026","2,042","23,600",East,Bhubaneswar,"2,264",-7,Critical
3006134,30,"November 4, 2026","2,042","23,600",East,Bhubaneswar,"2,264",-7,Critical
3006134,30,"November 5, 2026","2,042","23,600",East,Bhubaneswar,"2,264",-7,Critical
3006134,30,"November 12, 2026","2,042","23,600",East,Bhubaneswar,"2,264",-7,Critical
3006134,31,"November 1, 2026","2,042","23,600",East,Bhubaneswar,"2,264",-7,Critical
3006134,31,"November 2, 2026","2,042","23,600",East,Bhubaneswar,"2,264",-7,Critical
3006134,31,"November 3, 2026","2,042","23,600",East,Bhubaneswar,"2,264",-7,Critical
3006134,31,"November 4, 2026","2,042","23,600",East,Bhubaneswar,"2,264",-7,Critical
3006134,31,"November 5, 2026","2,042","23,600",East,Bhubaneswar,"2,264",-7,Critical
3006134,31,"November 12, 2026","2,042","23,600",East,Bhubaneswar,"2,264",-7,Critical
3006134,40,"December 1, 2026","1,824","23,600",East,Bhubaneswar,"2,007",-7,Critical
3006134,40,"December 7, 2026","1,824","23,600",East,Bhubaneswar,"2,007",-7,Critical
3006134,40,"December 8, 2026","1,824","23,600",East,Bhubaneswar,"2,007",-7,Critical
3006134,40,"December 9, 2026","1,824","23,600",East,Bhubaneswar,"2,007",-7,Critical
3006134,40,"December 10, 2026","1,824","23,600",East,Bhubaneswar,"2,007",-7,Critical
3006134,50,"November 18, 2026","1,334","23,600",East,Bhubaneswar,"1,464",-7,Critical
3006134,50,"November 19, 2026","1,334","23,600",East,Bhubaneswar,"1,464",-7,Critical
3006134,50,"November 22, 2026","1,334","23,600",East,Bhubaneswar,"1,464",-7,Critical
3006134,50,"November 23, 2026","1,334","23,600",East,Bhubaneswar,"1,464",-7,Critical
3006134,57,"November 1, 2026","2,042","23,600",East,Bhubaneswar,"2,264",-7,Critical
3006134,57,"November 2, 2026","2,042","23,600",East,Bhubaneswar,"2,264",-7,Critical
3006134,57,"November 3, 2026","2,042","23,600",East,Bhubaneswar,"2,264",-7,Critical
3006134,57,"November 4, 2026","2,042","23,600",East,Bhubaneswar,"2,264",-7,Critical
3006134,57,"November 5, 2026","2,042","23,600",East,Bhubaneswar,"2,264",-7,Critical
3006134,57,"November 12, 2026","2,042","23,600",East,Bhubaneswar,"2,264",-7,Critical
3006134,89,"November 1, 2026","2,042","23,600",East,Bhubaneswar,"2,264",-7,Critical
3006134,89,"November 2, 2026","2,042","23,600",East,Bhubaneswar,"2,264",-7,Critical
3006134,89,"November 3, 2026","2,042","23,600",East,Bhubaneswar,"2,264",-7,Critical
3006134,89,"November 4, 2026","2,042","23,600",East,Bhubaneswar,"2,264",-7,Critical
3006134,89,"November 5, 2026","2,042","23,600",East,Bhubaneswar,"2,264",-7,Critical
3006134,89,"November 12, 2026","2,042","23,600",East,Bhubaneswar,"2,264",-7,Critical
4146211,29,"September 17, 2026","2,794","27,848",South 2,Hyderabad,"3,067",-7,Critical
4146211,30,"September 17, 2026","2,794","27,848",South 2,Hyderabad,"3,067",-7,Critical
4146211,31,"September 17, 2026","2,794","27,848",South 2,Hyderabad,"3,067",-7,Critical
4146211,57,"September 17, 2026","2,794","27,848",South 2,Hyderabad,"3,067",-7,Critical
4146211,89,"September 17, 2026","2,794","20,000",South 2,Hyderabad,"3,067",-7,Critical
0003211,17,"September 19, 2026","1,543","23,600",North 1,Jaipur,"1,714",-8,Critical
0003211,18,"September 19, 2026","1,543","23,600",North 1,Jaipur,"1,714",-8,Critical
0003211,50,"September 19, 2026","1,543","23,600",North 1,Jaipur,"1,714",-8,Critical
0019694,17,"September 19, 2026","1,890","23,600",South 1,Bangalore,"2,096",-8,Critical
0019694,18,"September 19, 2026","1,890","23,600",South 1,Bangalore,"2,096",-8,Critical
0019694,50,"September 19, 2026","1,890","23,600",South 1,Bangalore,"2,096",-8,Critical
0019694,87,"September 19, 2026","1,890","23,600",South 1,Bangalore,"2,096",-8,Critical
0045959,21,"September 19, 2026","1,777","20,000",South 2,Hyderabad,"1,980",-8,Critical
0045959,22,"September 19, 2026","1,777","20,000",South 2,Hyderabad,"1,980",-8,Critical
0050525,17,"September 19, 2026","2,012","23,600",West,Pune,"2,236",-8,Critical
0050525,18,"September 19, 2026","2,012","23,600",West,Pune,"2,236",-8,Critical
0050525,50,"September 19, 2026","2,012","23,600",West,Pune,"2,236",-8,Critical
0050525,87,"September 19, 2026","2,012","23,600",West,Pune,"2,236",-8,Critical
0191524,17,"September 19, 2026","1,801","23,600",South 1,Alleppey,"2,000",-8,Critical
0191524,18,"September 19, 2026","1,801","23,600",South 1,Alleppey,"2,000",-8,Critical
0191524,50,"September 19, 2026","1,801","23,600",South 1,Alleppey,"2,000",-8,Critical
0191524,87,"September 19, 2026","1,801","23,600",South 1,Alleppey,"2,000",-8,Critical
0395630,17,"September 19, 2026","1,913","35,400",North 1,Ahmedabad,"2,122",-8,Critical
0395630,18,"September 19, 2026","1,913","35,400",North 1,Ahmedabad,"2,122",-8,Critical
0395630,50,"September 19, 2026","1,913","35,400",North 1,Ahmedabad,"2,122",-8,Critical
1104342,27,"September 19, 2026","2,528","32,861",North 2,Haridwar,"2,828",-8,Critical
1104342,28,"September 19, 2026","2,528","32,861",North 2,Haridwar,"2,828",-8,Critical
1108510,17,"September 14, 2026","1,152","23,600",East,Shillong,"1,288",-8,Critical
1108510,18,"September 14, 2026","1,152","23,600",East,Shillong,"1,288",-8,Critical
1108510,19,"September 14, 2026","1,238","23,600",East,Shillong,"1,374",-8,Critical
1108510,20,"September 14, 2026","1,238","23,600",East,Shillong,"1,374",-8,Critical
1108510,50,"September 14, 2026","1,152","23,600",East,Shillong,"1,288",-8,Critical
1126702,17,"September 16, 2026","1,757","23,600",North 2,Dehradun,"1,953",-8,Critical
1126702,18,"September 16, 2026","1,757","23,600",North 2,Dehradun,"1,953",-8,Critical
1126702,19,"September 13, 2027","2,056","23,600",North 2,Dehradun,"2,287",-8,Critical
1126702,20,"September 13, 2027","2,056","23,600",North 2,Dehradun,"2,287",-8,Critical
1126702,50,"September 16, 2026","1,757","23,600",North 2,Dehradun,"1,953",-8,Critical
1126702,51,"September 13, 2027","2,056","23,600",North 2,Dehradun,"2,287",-8,Critical
1126702,87,"September 16, 2026","1,757","23,600",North 2,Dehradun,"1,953",-8,Critical
1127927,21,"September 19, 2026","1,628","23,600",North 2,Dehradun,"1,809",-8,Critical
1127927,22,"September 19, 2026","1,628","23,600",North 2,Dehradun,"1,809",-8,Critical
1127927,39,"September 19, 2026","1,628","23,600",North 2,Dehradun,"1,809",-8,Critical
1127927,83,"September 19, 2026","1,628","23,600",North 2,Dehradun,"1,809",-8,Critical
1147235,29,"September 16, 2026","2,182","20,000",South 1,Munnar,"2,426",-8,Critical
1147235,30,"September 16, 2026","2,182","20,000",South 1,Munnar,"2,426",-8,Critical
1147235,31,"September 16, 2026","2,182","20,000",South 1,Munnar,"2,426",-8,Critical
1147235,32,"September 16, 2026","2,182","20,000",South 1,Munnar,"2,426",-8,Critical
1147235,33,"September 16, 2026","2,182","20,000",South 1,Munnar,"2,426",-8,Critical
1147235,34,"September 16, 2026","2,182","20,000",South 1,Munnar,"2,426",-8,Critical
1147235,57,"September 16, 2026","2,182","20,000",South 1,Munnar,"2,426",-8,Critical
1165642,15,"September 19, 2026","1,457","23,600",South 1,Kochi,"1,619",-8,Critical
1165642,38,"September 19, 2026","1,457","23,600",South 1,Kochi,"1,619",-8,Critical
1204840,25,"October 2, 2026","1,872","27,848",North 2,Shimla,"2,089",-8,Critical
1204840,26,"October 2, 2026","1,872","27,848",North 2,Shimla,"2,089",-8,Critical
1204840,27,"October 3, 2026","2,040","27,848",North 2,Shimla,"2,284",-8,Critical
1204840,28,"October 3, 2026","2,040","27,848",North 2,Shimla,"2,284",-8,Critical
1205898,19,"September 19, 2026","1,509","23,600",North 2,Prayagraj,"1,685",-8,Critical
1205898,20,"September 19, 2026","1,509","23,600",North 2,Prayagraj,"1,685",-8,Critical
1205898,21,"September 19, 2026","1,509","23,600",North 2,Prayagraj,"1,685",-8,Critical
1205898,22,"September 19, 2026","1,509","23,600",North 2,Prayagraj,"1,685",-8,Critical
1205898,23,"September 19, 2026","1,578","23,600",North 2,Prayagraj,"1,750",-8,Critical
1205898,24,"September 19, 2026","1,578","23,600",North 2,Prayagraj,"1,750",-8,Critical
1205898,39,"September 19, 2026","1,509","23,600",North 2,Prayagraj,"1,685",-8,Critical
1205898,40,"September 19, 2026","1,578","23,600",North 2,Prayagraj,"1,750",-8,Critical
1205898,83,"September 19, 2026","1,509","23,600",North 2,Prayagraj,"1,685",-8,Critical
1206897,15,"September 16, 2026","1,214","23,600",North 2,Shimla,"1,350",-8,Critical
1206897,16,"September 16, 2026","1,214","23,600",North 2,Shimla,"1,350",-8,Critical
1206897,38,"September 16, 2026","1,214","23,600",North 2,Shimla,"1,350",-8,Critical
1212498,17,"November 22, 2026","5,520","23,600",North 1,New Delhi,"6,190",-8,Critical
1212498,17,"November 23, 2026","5,520","23,600",North 1,New Delhi,"6,190",-8,Critical
1212498,17,"November 24, 2026","5,520","23,600",North 1,New Delhi,"6,190",-8,Critical
1212498,17,"November 25, 2026","5,520","23,600",North 1,New Delhi,"6,190",-8,Critical
1212498,17,"November 26, 2026","5,520","23,600",North 1,New Delhi,"6,190",-8,Critical
1212498,18,"November 22, 2026","5,520","23,600",North 1,New Delhi,"6,190",-8,Critical
1212498,18,"November 23, 2026","5,520","23,600",North 1,New Delhi,"6,190",-8,Critical
1212498,18,"November 24, 2026","5,520","23,600",North 1,New Delhi,"6,190",-8,Critical
1212498,18,"November 25, 2026","5,520","23,600",North 1,New Delhi,"6,190",-8,Critical
1212498,18,"November 26, 2026","5,520","23,600",North 1,New Delhi,"6,190",-8,Critical
1212498,19,"November 22, 2026","5,589","23,600",North 1,New Delhi,"6,255",-8,Critical
1212498,19,"November 23, 2026","5,589","23,600",North 1,New Delhi,"6,255",-8,Critical
1212498,19,"November 24, 2026","5,589","23,600",North 1,New Delhi,"6,255",-8,Critical
1212498,19,"November 25, 2026","5,589","23,600",North 1,New Delhi,"6,255",-8,Critical
1212498,19,"November 26, 2026","5,589","23,600",North 1,New Delhi,"6,255",-8,Critical
1212498,20,"November 22, 2026","5,589","23,600",North 1,New Delhi,"6,255",-8,Critical
1212498,20,"November 23, 2026","5,589","23,600",North 1,New Delhi,"6,255",-8,Critical
1212498,20,"November 24, 2026","5,589","23,600",North 1,New Delhi,"6,255",-8,Critical
1212498,20,"November 25, 2026","5,589","23,600",North 1,New Delhi,"6,255",-8,Critical
1212498,20,"November 26, 2026","5,589","23,600",North 1,New Delhi,"6,255",-8,Critical
1212498,21,"November 22, 2026","5,658","23,600",North 1,New Delhi,"6,320",-8,Critical
1212498,21,"November 23, 2026","5,658","23,600",North 1,New Delhi,"6,320",-8,Critical
1212498,21,"November 24, 2026","5,658","23,600",North 1,New Delhi,"6,320",-8,Critical
1212498,21,"November 25, 2026","5,658","23,600",North 1,New Delhi,"6,320",-8,Critical
1212498,21,"November 26, 2026","5,658","23,600",North 1,New Delhi,"6,320",-8,Critical
1212498,22,"November 22, 2026","5,658","23,600",North 1,New Delhi,"6,320",-8,Critical
1212498,22,"November 23, 2026","5,658","23,600",North 1,New Delhi,"6,320",-8,Critical
1212498,22,"November 24, 2026","5,658","23,600",North 1,New Delhi,"6,320",-8,Critical
1212498,22,"November 25, 2026","5,658","23,600",North 1,New Delhi,"6,320",-8,Critical
1212498,22,"November 26, 2026","5,658","23,600",North 1,New Delhi,"6,320",-8,Critical
1212498,39,"November 22, 2026","5,658","23,600",North 1,New Delhi,"6,320",-8,Critical
1212498,39,"November 23, 2026","5,658","23,600",North 1,New Delhi,"6,320",-8,Critical
1212498,39,"November 24, 2026","5,658","23,600",North 1,New Delhi,"6,320",-8,Critical
1212498,39,"November 25, 2026","5,658","23,600",North 1,New Delhi,"6,320",-8,Critical
1212498,39,"November 26, 2026","5,658","23,600",North 1,New Delhi,"6,320",-8,Critical
1212498,83,"November 22, 2026","5,658","23,600",North 1,New Delhi,"6,320",-8,Critical
1212498,83,"November 23, 2026","5,658","23,600",North 1,New Delhi,"6,320",-8,Critical
1212498,83,"November 24, 2026","5,658","23,600",North 1,New Delhi,"6,320",-8,Critical
1212498,83,"November 25, 2026","5,658","23,600",North 1,New Delhi,"6,320",-8,Critical
1212498,83,"November 26, 2026","5,658","23,600",North 1,New Delhi,"6,320",-8,Critical
1229511,23,"September 19, 2026","1,623","23,600",North 2,Varanasi,"1,813",-8,Critical
1229511,24,"September 19, 2026","1,623","23,600",North 2,Varanasi,"1,813",-8,Critical
1229511,25,"December 12, 2026","2,184","23,600",North 2,Varanasi,"2,443",-8,Critical
1229511,26,"December 12, 2026","2,184","23,600",North 2,Varanasi,"2,443",-8,Critical
1229511,40,"September 19, 2026","1,623","23,600",North 2,Varanasi,"1,813",-8,Critical
1229511,84,"September 19, 2026","1,623","23,600",North 2,Varanasi,"1,813",-8,Critical
1229920,16,"September 13, 2026","1,120","23,600",North 2,Varanasi,"1,252",-8,Critical
1229920,23,"September 13, 2026","1,189","23,600",North 2,Varanasi,"1,321",-8,Critical
1229920,24,"September 13, 2026","1,189","23,600",North 2,Varanasi,"1,321",-8,Critical
1229920,40,"September 13, 2026","1,189","23,600",North 2,Varanasi,"1,321",-8,Critical
1229920,52,"September 13, 2026","1,120","23,600",North 2,Varanasi,"1,252",-8,Critical
1231999,35,"September 13, 2027","2,585","20,000",South 2,Vijayawada,"2,886",-8,Critical
1231999,36,"September 13, 2027","2,585","20,000",South 2,Vijayawada,"2,886",-8,Critical
1231999,37,"September 13, 2027","2,585","20,000",South 2,Vijayawada,"2,886",-8,Critical
1246851,17,"September 19, 2026","1,702","23,600",South 2,Chennai,"1,891",-8,Critical
1246851,18,"September 19, 2026","1,702","23,600",South 2,Chennai,"1,891",-8,Critical
1246851,21,"September 13, 2027","1,929","23,600",South 2,Chennai,"2,151",-8,Critical
1246851,22,"September 13, 2027","1,929","23,600",South 2,Chennai,"2,151",-8,Critical
1246851,39,"September 13, 2027","1,929","23,600",South 2,Chennai,"2,151",-8,Critical
1246851,50,"September 19, 2026","1,702","23,600",South 2,Chennai,"1,891",-8,Critical
1246851,83,"September 13, 2027","1,929","23,600",South 2,Chennai,"2,151",-8,Critical
1259110,17,"September 19, 2026","1,541","23,600",South 2,Pondicherry,"1,719",-8,Critical
1259110,18,"September 19, 2026","1,541","23,600",South 2,Pondicherry,"1,719",-8,Critical
1259110,50,"September 19, 2026","1,541","23,600",South 2,Pondicherry,"1,719",-8,Critical
1267636,21,"September 13, 2027","2,044","23,600",South 2,Coimbatore,"2,290",-8,Critical
1267636,22,"September 13, 2027","2,044","23,600",South 2,Coimbatore,"2,290",-8,Critical
1267636,23,"September 13, 2027","2,113","23,600",South 2,Coimbatore,"2,355",-8,Critical
1267636,24,"September 13, 2027","2,113","23,600",South 2,Coimbatore,"2,355",-8,Critical
1267636,39,"September 13, 2027","2,044","23,600",South 2,Coimbatore,"2,290",-8,Critical
1267644,17,"September 19, 2026","1,457","23,600",North 2,Chandigarh,"1,619",-8,Critical
1267644,18,"September 19, 2026","1,457","23,600",North 2,Chandigarh,"1,619",-8,Critical
1267644,50,"September 19, 2026","1,457","23,600",North 2,Chandigarh,"1,619",-8,Critical
1267644,87,"September 19, 2026","1,457","23,600",North 2,Chandigarh,"1,619",-8,Critical
1269686,23,"September 19, 2026","1,657","23,600",South 2,Coimbatore,"1,860",-8,Critical
1269686,24,"September 19, 2026","1,657","23,600",South 2,Coimbatore,"1,860",-8,Critical
1269686,40,"September 19, 2026","1,657","23,600",South 2,Coimbatore,"1,860",-8,Critical
1291813,23,"September 19, 2026","2,725","23,600",South 2,Visakhapatnam,"3,060",-8,Critical
1291813,24,"September 19, 2026","2,725","23,600",South 2,Visakhapatnam,"3,060",-8,Critical
1291813,40,"September 19, 2026","2,725","23,600",South 2,Visakhapatnam,"3,060",-8,Critical
1292171,27,"September 19, 2026","1,557","23,600",South 2,Visakhapatnam,"1,746",-8,Critical
1292171,28,"September 19, 2026","1,557","23,600",South 2,Visakhapatnam,"1,746",-8,Critical
1295755,27,"September 19, 2026","2,602","23,600",South 2,Visakhapatnam,"2,912",-8,Critical
1295755,28,"September 19, 2026","2,602","23,600",South 2,Visakhapatnam,"2,912",-8,Critical
1298362,19,"September 19, 2026","1,869","23,600",South 2,Visakhapatnam,"2,086",-8,Critical
1298362,20,"September 19, 2026","1,869","23,600",South 2,Visakhapatnam,"2,086",-8,Critical
1298362,51,"September 19, 2026","1,869","23,600",South 2,Visakhapatnam,"2,086",-8,Critical
1307656,21,"December 12, 2026","1,368","23,600",North 2,Agra,"1,527",-8,Critical
1307656,22,"December 12, 2026","1,368","23,600",North 2,Agra,"1,527",-8,Critical
1307656,39,"December 12, 2026","1,368","23,600",North 2,Agra,"1,527",-8,Critical
1307656,83,"December 12, 2026","1,368","23,600",North 2,Agra,"1,527",-8,Critical
1319620,35,"September 13, 2026","2,100","23,600",North 1,Udaipur,"2,331",-8,Critical
1319620,36,"September 13, 2026","2,100","23,600",North 1,Udaipur,"2,331",-8,Critical
1319620,37,"September 13, 2026","2,100","23,600",North 1,Udaipur,"2,331",-8,Critical
1324743,29,"September 19, 2026","2,492","27,848",North 1,Jaipur,"2,764",-8,Critical
1324743,29,"December 12, 2026","3,016","27,848",North 1,Jaipur,"3,381",-8,Critical
1324743,30,"September 19, 2026","2,492","27,848",North 1,Jaipur,"2,764",-8,Critical
1324743,30,"December 12, 2026","3,016","27,848",North 1,Jaipur,"3,381",-8,Critical
1324743,31,"September 19, 2026","2,492","27,848",North 1,Jaipur,"2,764",-8,Critical
1324743,31,"December 12, 2026","3,016","27,848",North 1,Jaipur,"3,381",-8,Critical
1324743,32,"December 12, 2026","3,137","27,848",North 1,Jaipur,"3,504",-8,Critical
1324743,33,"December 12, 2026","3,137","27,848",North 1,Jaipur,"3,504",-8,Critical
1324743,34,"December 12, 2026","3,137","27,848",North 1,Jaipur,"3,504",-8,Critical
1324743,57,"September 19, 2026","2,492","27,848",North 1,Jaipur,"2,764",-8,Critical
1324743,57,"December 12, 2026","3,016","27,848",North 1,Jaipur,"3,381",-8,Critical
1326972,21,"September 19, 2026","1,182","23,600",North 1,Jaipur,"1,326",-8,Critical
1326972,22,"September 19, 2026","1,182","23,600",North 1,Jaipur,"1,326",-8,Critical
1326972,39,"September 19, 2026","1,182","23,600",North 1,Jaipur,"1,326",-8,Critical
1326972,83,"September 19, 2026","1,182","23,600",North 1,Jaipur,"1,326",-8,Critical
1371857,17,"September 19, 2026","2,357","23,600",West,Thane,"2,619",-8,Critical
1371857,18,"September 19, 2026","2,357","23,600",West,Thane,"2,619",-8,Critical
1371857,50,"September 19, 2026","2,357","23,600",West,Thane,"2,619",-8,Critical
1373375,15,"September 19, 2026","1,843","23,600",West,Thane,"2,048",-8,Critical
1373375,25,"September 13, 2027","2,528","23,600",West,Thane,"2,818",-8,Critical
1373375,26,"September 13, 2027","2,528","23,600",West,Thane,"2,818",-8,Critical
1373375,38,"September 19, 2026","1,843","23,600",West,Thane,"2,048",-8,Critical
1375831,15,"September 18, 2026","1,921","23,600",West,Mumbai,"2,143",-8,Critical
1375831,27,"September 13, 2026","2,289","23,600",West,Mumbai,"2,562",-8,Critical
1375831,27,"September 14, 2026","2,304","23,600",West,Mumbai,"2,562",-8,Critical
1375831,28,"September 13, 2026","2,289","23,600",West,Mumbai,"2,562",-8,Critical
1375831,28,"September 14, 2026","2,304","23,600",West,Mumbai,"2,562",-8,Critical
1375831,38,"September 18, 2026","1,921","23,600",West,Mumbai,"2,143",-8,Critical
1379032,21,"September 19, 2026","1,944","20,000",West,Badlapur,"2,160",-8,Critical
1379032,22,"September 19, 2026","1,944","20,000",West,Badlapur,"2,160",-8,Critical
1379032,39,"September 19, 2026","1,944","20,000",West,Badlapur,"2,160",-8,Critical
1381192,32,"September 13, 2027","2,621","23,600",West,Goa,"2,916",-8,Critical
1381192,33,"September 13, 2027","2,621","23,600",West,Goa,"2,916",-8,Critical
1381192,34,"September 13, 2027","2,621","23,600",West,Goa,"2,916",-8,Critical
1385250,17,"September 19, 2026","1,715","23,600",West,Goa,"1,905",-8,Critical
1385250,18,"September 19, 2026","1,715","23,600",West,Goa,"1,905",-8,Critical
1385250,19,"September 19, 2026","1,715","23,600",West,Goa,"1,905",-8,Critical
1385250,20,"September 19, 2026","1,715","23,600",West,Goa,"1,905",-8,Critical
1385250,50,"September 19, 2026","1,715","23,600",West,Goa,"1,905",-8,Critical
1385250,51,"September 19, 2026","1,715","23,600",West,Goa,"1,905",-8,Critical
1385250,87,"September 19, 2026","1,715","23,600",West,Goa,"1,905",-8,Critical
1386481,17,"September 19, 2026","1,539","23,600",West,Goa,"1,711",-8,Critical
1386481,18,"September 19, 2026","1,539","23,600",West,Goa,"1,711",-8,Critical
1386481,50,"September 19, 2026","1,539","23,600",West,Goa,"1,711",-8,Critical
1386481,87,"September 19, 2026","1,539","23,600",West,Goa,"1,711",-8,Critical
1395021,19,"September 19, 2026","1,674","23,600",North 1,Ahmedabad,"1,871",-8,Critical
1395021,20,"September 19, 2026","1,674","23,600",North 1,Ahmedabad,"1,871",-8,Critical
1396947,27,"September 13, 2027","3,409","23,600",North 1,Ahmedabad,"3,826",-8,Critical
1396947,28,"September 13, 2027","3,409","23,600",North 1,Ahmedabad,"3,826",-8,Critical
1396947,32,"September 13, 2027","3,547","23,600",North 1,Ahmedabad,"3,966",-8,Critical
1396947,33,"September 13, 2027","3,547","23,600",North 1,Ahmedabad,"3,966",-8,Critical
1396947,34,"September 13, 2027","3,547","23,600",North 1,Ahmedabad,"3,966",-8,Critical
1396947,35,"September 13, 2027","3,892","23,600",North 1,Ahmedabad,"4,316",-8,Critical
1396947,36,"September 13, 2027","3,892","23,600",North 1,Ahmedabad,"4,316",-8,Critical
1398875,17,"September 19, 2026","1,818","23,600",North 1,Ahmedabad,"2,040",-8,Critical
1398875,18,"September 19, 2026","1,818","23,600",North 1,Ahmedabad,"2,040",-8,Critical
1398875,50,"September 19, 2026","1,818","23,600",North 1,Ahmedabad,"2,040",-8,Critical
1399581,27,"September 13, 2027","1,507","27,848",North 1,Ahmedabad,"1,690",-8,Critical
1399581,28,"September 13, 2027","1,507","27,848",North 1,Ahmedabad,"1,690",-8,Critical
1416642,17,"September 19, 2026","1,658","23,600",East,Kolkata,"1,842",-8,Critical
1416642,18,"September 19, 2026","1,658","23,600",East,Kolkata,"1,842",-8,Critical
1416642,50,"September 19, 2026","1,658","23,600",East,Kolkata,"1,842",-8,Critical
1434999,17,"November 22, 2026","5,520","23,600",North 1,Noida,"6,190",-8,Critical
1434999,17,"November 23, 2026","5,520","23,600",North 1,Noida,"6,190",-8,Critical
1434999,17,"November 24, 2026","5,520","23,600",North 1,Noida,"6,190",-8,Critical
1434999,17,"November 25, 2026","5,520","23,600",North 1,Noida,"6,190",-8,Critical
1434999,17,"November 26, 2026","5,520","23,600",North 1,Noida,"6,190",-8,Critical
1434999,18,"November 22, 2026","5,520","23,600",North 1,Noida,"6,190",-8,Critical
1434999,18,"November 23, 2026","5,520","23,600",North 1,Noida,"6,190",-8,Critical
1434999,18,"November 24, 2026","5,520","23,600",North 1,Noida,"6,190",-8,Critical
1434999,18,"November 25, 2026","5,520","23,600",North 1,Noida,"6,190",-8,Critical
1434999,18,"November 26, 2026","5,520","23,600",North 1,Noida,"6,190",-8,Critical
1434999,19,"November 22, 2026","5,658","23,600",North 1,Noida,"6,320",-8,Critical
1434999,19,"November 23, 2026","5,658","23,600",North 1,Noida,"6,320",-8,Critical
1434999,19,"November 24, 2026","5,658","23,600",North 1,Noida,"6,320",-8,Critical
1434999,19,"November 25, 2026","5,658","23,600",North 1,Noida,"6,320",-8,Critical
1434999,19,"November 26, 2026","5,658","23,600",North 1,Noida,"6,320",-8,Critical
1434999,20,"November 22, 2026","5,658","23,600",North 1,Noida,"6,320",-8,Critical
1434999,20,"November 23, 2026","5,658","23,600",North 1,Noida,"6,320",-8,Critical
1434999,20,"November 24, 2026","5,658","23,600",North 1,Noida,"6,320",-8,Critical
1434999,20,"November 25, 2026","5,658","23,600",North 1,Noida,"6,320",-8,Critical
1434999,20,"November 26, 2026","5,658","23,600",North 1,Noida,"6,320",-8,Critical
1434999,21,"November 22, 2026","5,727","23,600",North 1,Noida,"6,385",-8,Critical
1434999,21,"November 23, 2026","5,727","23,600",North 1,Noida,"6,385",-8,Critical
1434999,21,"November 24, 2026","5,727","23,600",North 1,Noida,"6,385",-8,Critical
1434999,21,"November 25, 2026","5,727","23,600",North 1,Noida,"6,385",-8,Critical
1434999,21,"November 26, 2026","5,727","23,600",North 1,Noida,"6,385",-8,Critical
1434999,22,"November 22, 2026","5,727","23,600",North 1,Noida,"6,385",-8,Critical
1434999,22,"November 23, 2026","5,727","23,600",North 1,Noida,"6,385",-8,Critical
1434999,22,"November 24, 2026","5,727","23,600",North 1,Noida,"6,385",-8,Critical
1434999,22,"November 25, 2026","5,727","23,600",North 1,Noida,"6,385",-8,Critical
1434999,22,"November 26, 2026","5,727","23,600",North 1,Noida,"6,385",-8,Critical
1434999,23,"November 22, 2026","5,900","23,600",North 1,Noida,"6,548",-8,Critical
1434999,23,"November 23, 2026","5,900","23,600",North 1,Noida,"6,548",-8,Critical
1434999,23,"November 24, 2026","5,900","23,600",North 1,Noida,"6,548",-8,Critical
1434999,23,"November 25, 2026","5,900","23,600",North 1,Noida,"6,548",-8,Critical
1434999,23,"November 26, 2026","5,900","23,600",North 1,Noida,"6,548",-8,Critical
1434999,24,"November 22, 2026","5,900","23,600",North 1,Noida,"6,548",-8,Critical
1434999,24,"November 23, 2026","5,900","23,600",North 1,Noida,"6,548",-8,Critical
1434999,24,"November 24, 2026","5,900","23,600",North 1,Noida,"6,548",-8,Critical
1434999,24,"November 25, 2026","5,900","23,600",North 1,Noida,"6,548",-8,Critical
1434999,24,"November 26, 2026","5,900","23,600",North 1,Noida,"6,548",-8,Critical
1434999,25,"November 22, 2026","5,900","23,600",North 1,Noida,"6,548",-8,Critical
1434999,25,"November 23, 2026","5,900","23,600",North 1,Noida,"6,548",-8,Critical
1434999,25,"November 24, 2026","5,900","23,600",North 1,Noida,"6,548",-8,Critical
1434999,25,"November 25, 2026","5,900","23,600",North 1,Noida,"6,548",-8,Critical
1434999,25,"November 26, 2026","5,900","23,600",North 1,Noida,"6,548",-8,Critical
1434999,26,"November 22, 2026","5,900","23,600",North 1,Noida,"6,548",-8,Critical
1434999,26,"November 23, 2026","5,900","23,600",North 1,Noida,"6,548",-8,Critical
1434999,26,"November 24, 2026","5,900","23,600",North 1,Noida,"6,548",-8,Critical
1434999,26,"November 25, 2026","5,900","23,600",North 1,Noida,"6,548",-8,Critical
1434999,26,"November 26, 2026","5,900","23,600",North 1,Noida,"6,548",-8,Critical
1434999,39,"November 22, 2026","5,727","23,600",North 1,Noida,"6,385",-8,Critical
1434999,39,"November 23, 2026","5,727","23,600",North 1,Noida,"6,385",-8,Critical
1434999,39,"November 24, 2026","5,727","23,600",North 1,Noida,"6,385",-8,Critical
1434999,39,"November 25, 2026","5,727","23,600",North 1,Noida,"6,385",-8,Critical
1434999,39,"November 26, 2026","5,727","23,600",North 1,Noida,"6,385",-8,Critical
1434999,40,"November 22, 2026","5,900","23,600",North 1,Noida,"6,548",-8,Critical
1434999,40,"November 23, 2026","5,900","23,600",North 1,Noida,"6,548",-8,Critical
1434999,40,"November 24, 2026","5,900","23,600",North 1,Noida,"6,548",-8,Critical
1434999,40,"November 25, 2026","5,900","23,600",North 1,Noida,"6,548",-8,Critical
1434999,40,"November 26, 2026","5,900","23,600",North 1,Noida,"6,548",-8,Critical
1434999,50,"November 22, 2026","5,520","23,600",North 1,Noida,"6,190",-8,Critical
1434999,50,"November 23, 2026","5,520","23,600",North 1,Noida,"6,190",-8,Critical
1434999,50,"November 24, 2026","5,520","23,600",North 1,Noida,"6,190",-8,Critical
1434999,50,"November 25, 2026","5,520","23,600",North 1,Noida,"6,190",-8,Critical
1434999,50,"November 26, 2026","5,520","23,600",North 1,Noida,"6,190",-8,Critical
1434999,51,"November 22, 2026","5,658","23,600",North 1,Noida,"6,320",-8,Critical
1434999,51,"November 23, 2026","5,658","23,600",North 1,Noida,"6,320",-8,Critical
1434999,51,"November 24, 2026","5,658","23,600",North 1,Noida,"6,320",-8,Critical
1434999,51,"November 25, 2026","5,658","23,600",North 1,Noida,"6,320",-8,Critical
1434999,51,"November 26, 2026","5,658","23,600",North 1,Noida,"6,320",-8,Critical
1434999,83,"November 22, 2026","5,727","23,600",North 1,Noida,"6,385",-8,Critical
1434999,83,"November 23, 2026","5,727","23,600",North 1,Noida,"6,385",-8,Critical
1434999,83,"November 24, 2026","5,727","23,600",North 1,Noida,"6,385",-8,Critical
1434999,83,"November 25, 2026","5,727","23,600",North 1,Noida,"6,385",-8,Critical
1434999,83,"November 26, 2026","5,727","23,600",North 1,Noida,"6,385",-8,Critical
1434999,87,"November 22, 2026","5,520","23,600",North 1,Noida,"6,190",-8,Critical
1434999,87,"November 23, 2026","5,520","23,600",North 1,Noida,"6,190",-8,Critical
1434999,87,"November 24, 2026","5,520","23,600",North 1,Noida,"6,190",-8,Critical
1434999,87,"November 25, 2026","5,520","23,600",North 1,Noida,"6,190",-8,Critical
1434999,87,"November 26, 2026","5,520","23,600",North 1,Noida,"6,190",-8,Critical
1435465,23,"November 22, 2026","6,278","23,600",North 1,Noida,"7,035",-8,Critical
1435465,23,"November 23, 2026","6,278","23,600",North 1,Noida,"7,035",-8,Critical
1435465,23,"November 24, 2026","6,278","23,600",North 1,Noida,"7,035",-8,Critical
1435465,23,"November 25, 2026","6,278","23,600",North 1,Noida,"7,035",-8,Critical
1435465,23,"November 26, 2026","6,278","23,600",North 1,Noida,"7,035",-8,Critical
1435465,24,"November 22, 2026","6,278","23,600",North 1,Noida,"7,035",-8,Critical
1435465,24,"November 23, 2026","6,278","23,600",North 1,Noida,"7,035",-8,Critical
1435465,24,"November 24, 2026","6,278","23,600",North 1,Noida,"7,035",-8,Critical
1435465,24,"November 25, 2026","6,278","23,600",North 1,Noida,"7,035",-8,Critical
1435465,24,"November 26, 2026","6,278","23,600",North 1,Noida,"7,035",-8,Critical
1435465,27,"November 22, 2026","6,623","23,600",North 1,Noida,"7,360",-8,Critical
1435465,27,"November 23, 2026","6,623","23,600",North 1,Noida,"7,360",-8,Critical
1435465,27,"November 24, 2026","6,623","23,600",North 1,Noida,"7,360",-8,Critical
1435465,27,"November 25, 2026","6,623","23,600",North 1,Noida,"7,360",-8,Critical
1435465,27,"November 26, 2026","6,623","23,600",North 1,Noida,"7,360",-8,Critical
1435465,28,"November 22, 2026","6,623","23,600",North 1,Noida,"7,360",-8,Critical
1435465,28,"November 23, 2026","6,623","23,600",North 1,Noida,"7,360",-8,Critical
1435465,28,"November 24, 2026","6,623","23,600",North 1,Noida,"7,360",-8,Critical
1435465,28,"November 25, 2026","6,623","23,600",North 1,Noida,"7,360",-8,Critical
1435465,28,"November 26, 2026","6,623","23,600",North 1,Noida,"7,360",-8,Critical
1435465,40,"November 22, 2026","6,278","23,600",North 1,Noida,"7,035",-8,Critical
1435465,40,"November 23, 2026","6,278","23,600",North 1,Noida,"7,035",-8,Critical
1435465,40,"November 24, 2026","6,278","23,600",North 1,Noida,"7,035",-8,Critical
1435465,40,"November 25, 2026","6,278","23,600",North 1,Noida,"7,035",-8,Critical
1435465,40,"November 26, 2026","6,278","23,600",North 1,Noida,"7,035",-8,Critical
1436657,17,"September 13, 2026","1,190","23,600",North 1,Noida,"1,323",-8,Critical
1436657,18,"September 13, 2026","1,190","23,600",North 1,Noida,"1,323",-8,Critical
1436657,50,"September 13, 2026","1,190","23,600",North 1,Noida,"1,323",-8,Critical
1436657,87,"September 13, 2026","1,190","23,600",North 1,Noida,"1,323",-8,Critical
1456807,35,"December 12, 2026","2,679","23,600",South 1,Manipal,"2,994",-8,Critical
1456807,36,"December 12, 2026","2,679","23,600",South 1,Manipal,"2,994",-8,Critical
1472508,24186,"September 19, 2026","3,321","23,600",South 1,Coorg,"3,714",-8,Critical
1472508,24187,"September 19, 2026","3,321","23,600",South 1,Coorg,"3,714",-8,Critical
1472508,35,"September 19, 2026","3,321","23,600",South 1,Coorg,"3,714",-8,Critical
1472508,36,"September 19, 2026","3,321","23,600",South 1,Coorg,"3,714",-8,Critical
1472508,37,"September 19, 2026","3,321","23,600",South 1,Coorg,"3,714",-8,Critical
1472508,59,"September 19, 2026","3,321","23,600",South 1,Coorg,"3,714",-8,Critical
1472508,91,"September 19, 2026","3,321","23,600",South 1,Coorg,"3,714",-8,Critical
1479075,21,"September 17, 2026","1,899","23,600",South 1,Coorg,"2,126",-8,Critical
1479075,22,"September 17, 2026","1,899","23,600",South 1,Coorg,"2,126",-8,Critical
1479075,23,"September 17, 2026","1,899","23,600",South 1,Coorg,"2,126",-8,Critical
1479075,24,"September 17, 2026","1,899","23,600",South 1,Coorg,"2,126",-8,Critical
1479075,39,"September 17, 2026","1,899","23,600",South 1,Coorg,"2,126",-8,Critical
1479075,40,"September 17, 2026","1,899","23,600",South 1,Coorg,"2,126",-8,Critical
1479075,83,"September 17, 2026","1,899","23,600",South 1,Coorg,"2,126",-8,Critical
1483392,17,"September 19, 2026","1,602","27,848",West,Kolhapur,"1,790",-8,Critical
1483392,18,"September 19, 2026","1,602","27,848",West,Kolhapur,"1,790",-8,Critical
1483392,50,"September 19, 2026","1,602","27,848",West,Kolhapur,"1,790",-8,Critical
1483392,87,"September 19, 2026","1,602","27,848",West,Kolhapur,"1,790",-8,Critical
1484845,27,"September 13, 2027","2,274","23,600",West,Kolhapur,"2,533",-8,Critical
1484845,28,"September 13, 2027","2,274","23,600",West,Kolhapur,"2,533",-8,Critical
1501176,21,"September 19, 2026","1,343","23,600",West,Pune,"1,492",-8,Critical
1501176,22,"September 19, 2026","1,343","23,600",West,Pune,"1,492",-8,Critical
1501176,39,"September 19, 2026","1,343","23,600",West,Pune,"1,492",-8,Critical
1501176,83,"September 19, 2026","1,343","23,600",West,Pune,"1,492",-8,Critical
1502559,17,"September 17, 2026","1,460","23,600",West,Pune,"1,622",-8,Critical
1502559,17,"September 18, 2026","1,460","23,600",West,Pune,"1,622",-8,Critical
1502559,18,"September 17, 2026","1,460","23,600",West,Pune,"1,622",-8,Critical
1502559,18,"September 18, 2026","1,460","23,600",West,Pune,"1,622",-8,Critical
1502559,50,"September 17, 2026","1,460","23,600",West,Pune,"1,622",-8,Critical
1502559,50,"September 18, 2026","1,460","23,600",West,Pune,"1,622",-8,Critical
1503445,17,"September 19, 2026","1,586","23,600",West,Pune,"1,762",-8,Critical
1503445,18,"September 19, 2026","1,586","23,600",West,Pune,"1,762",-8,Critical
1503445,50,"September 19, 2026","1,586","23,600",West,Pune,"1,762",-8,Critical
1503990,17,"September 19, 2026","1,661","23,600",West,Pune,"1,846",-8,Critical
1503990,18,"September 19, 2026","1,661","23,600",West,Pune,"1,846",-8,Critical
1503990,50,"September 19, 2026","1,661","23,600",West,Pune,"1,846",-8,Critical
1504269,17,"September 19, 2026","1,214","23,600",West,Pune,"1,349",-8,Critical
1504269,18,"September 19, 2026","1,214","23,600",West,Pune,"1,349",-8,Critical
1504269,50,"September 19, 2026","1,214","23,600",West,Pune,"1,349",-8,Critical
1504269,87,"September 19, 2026","1,214","23,600",West,Pune,"1,349",-8,Critical
1505464,17,"September 19, 2026","1,217","23,600",West,Pune,"1,352",-8,Critical
1505464,18,"September 19, 2026","1,217","23,600",West,Pune,"1,352",-8,Critical
1505464,50,"September 19, 2026","1,217","23,600",West,Pune,"1,352",-8,Critical
1505464,87,"September 19, 2026","1,217","23,600",West,Pune,"1,352",-8,Critical
1505464,93,"September 19, 2026","1,217","23,600",West,Pune,"1,352",-8,Critical
1506200,17,"September 19, 2026","1,972","23,600",West,Pune,"2,190",-8,Critical
1506200,18,"September 19, 2026","1,972","23,600",West,Pune,"2,190",-8,Critical
1506200,50,"September 19, 2026","1,972","23,600",West,Pune,"2,190",-8,Critical
1508506,15,"September 19, 2026","1,441","23,600",West,Pune,"1,601",-8,Critical
1508506,38,"September 19, 2026","1,441","23,600",West,Pune,"1,601",-8,Critical
1509356,17,"September 19, 2026","1,150","23,600",West,Pune,"1,278",-8,Critical
1509356,18,"September 19, 2026","1,150","23,600",West,Pune,"1,278",-8,Critical
1509356,50,"September 19, 2026","1,150","23,600",West,Pune,"1,278",-8,Critical
1509593,17,"September 16, 2026","1,807","23,600",West,Pune,"2,008",-8,Critical
1509593,17,"September 17, 2026","1,807","23,600",West,Pune,"2,008",-8,Critical
1509593,18,"September 16, 2026","1,807","23,600",West,Pune,"2,008",-8,Critical
1509593,18,"September 17, 2026","1,807","23,600",West,Pune,"2,008",-8,Critical
1509593,50,"September 16, 2026","1,807","23,600",West,Pune,"2,008",-8,Critical
1509593,50,"September 17, 2026","1,807","23,600",West,Pune,"2,008",-8,Critical
1509602,17,"September 18, 2026","1,725","23,600",West,Pune,"1,917",-8,Critical
1509602,17,"September 19, 2026","1,725","23,600",West,Pune,"1,917",-8,Critical
1509602,18,"September 18, 2026","1,725","23,600",West,Pune,"1,917",-8,Critical
1509602,18,"September 19, 2026","1,725","23,600",West,Pune,"1,917",-8,Critical
1511929,21,"September 19, 2026","1,794","23,600",West,Nashik,"1,997",-8,Critical
1511929,22,"September 19, 2026","1,794","23,600",West,Nashik,"1,997",-8,Critical
1511929,39,"September 19, 2026","1,794","23,600",West,Nashik,"1,997",-8,Critical
1511929,83,"September 19, 2026","1,794","23,600",West,Nashik,"1,997",-8,Critical
1531125,35,"October 14, 2026","2,565","20,000",East,Guwahati,"2,848",-8,Critical
1531125,35,"October 15, 2026","2,565","20,000",East,Guwahati,"2,848",-8,Critical
1531125,35,"October 22, 2026","2,565","20,000",East,Guwahati,"2,848",-8,Critical
1531125,35,"October 26, 2026","2,565","20,000",East,Guwahati,"2,848",-8,Critical
1531125,35,"November 8, 2026","2,565","20,000",East,Guwahati,"2,858",-8,Critical
1531125,35,"November 9, 2026","2,565","20,000",East,Guwahati,"2,858",-8,Critical
1531125,35,"November 10, 2026","2,565","20,000",East,Guwahati,"2,858",-8,Critical
1531125,35,"November 11, 2026","2,567","20,000",East,Guwahati,"2,858",-8,Critical
1531125,36,"October 14, 2026","2,565","20,000",East,Guwahati,"2,848",-8,Critical
1531125,36,"October 15, 2026","2,565","20,000",East,Guwahati,"2,848",-8,Critical
1531125,36,"October 22, 2026","2,565","20,000",East,Guwahati,"2,848",-8,Critical
1531125,36,"October 26, 2026","2,565","20,000",East,Guwahati,"2,848",-8,Critical
1531125,36,"November 8, 2026","2,565","20,000",East,Guwahati,"2,858",-8,Critical
1531125,36,"November 9, 2026","2,565","20,000",East,Guwahati,"2,858",-8,Critical
1531125,36,"November 10, 2026","2,565","20,000",East,Guwahati,"2,858",-8,Critical
1531125,36,"November 11, 2026","2,567","20,000",East,Guwahati,"2,858",-8,Critical
1534876,15,"September 19, 2026","1,169","23,600",East,Guwahati,"1,299",-8,Critical
1534876,38,"September 19, 2026","1,169","23,600",East,Guwahati,"1,299",-8,Critical
1534876,76,"September 19, 2026","1,169","23,600",East,Guwahati,"1,299",-8,Critical
1547096,25,"September 13, 2027","1,734","20,000",West,Mahabaleshwar,"1,924",-8,Critical
1547096,26,"September 13, 2027","1,734","20,000",West,Mahabaleshwar,"1,924",-8,Critical
1552629,25,"September 19, 2026","2,086","23,600",West,Nagpur,"2,324",-8,Critical
1552629,26,"September 19, 2026","2,086","23,600",West,Nagpur,"2,324",-8,Critical
1552629,32,"September 19, 2026","2,845","23,600",West,Nagpur,"3,189",-8,Critical
1552629,33,"September 19, 2026","2,845","23,600",West,Nagpur,"3,189",-8,Critical
1552629,34,"September 19, 2026","2,845","23,600",West,Nagpur,"3,189",-8,Critical
1555338,17,"September 19, 2026","1,907","23,600",West,Nagpur,"2,119",-8,Critical
1555338,18,"September 19, 2026","1,907","23,600",West,Nagpur,"2,119",-8,Critical
1555338,50,"September 19, 2026","1,907","23,600",West,Nagpur,"2,119",-8,Critical
1555338,87,"September 19, 2026","1,907","23,600",West,Nagpur,"2,119",-8,Critical
1555547,23,"September 19, 2026","1,948","23,600",West,Nagpur,"2,163",-8,Critical
1555547,24,"September 19, 2026","1,948","23,600",West,Nagpur,"2,163",-8,Critical
1556414,17,"September 13, 2027","1,419","20,000",West,Nagpur,"1,574",-8,Critical
1556414,18,"September 13, 2027","1,419","20,000",West,Nagpur,"1,574",-8,Critical
1556414,50,"September 13, 2027","1,419","20,000",West,Nagpur,"1,574",-8,Critical
1591753,15,"September 17, 2026","1,471","23,600",South 2,Hyderabad,"1,642",-8,Critical
1591753,17,"September 16, 2026","1,586","23,600",South 2,Hyderabad,"1,772",-8,Critical
1591753,18,"September 16, 2026","1,586","23,600",South 2,Hyderabad,"1,772",-8,Critical
1591753,21,"September 14, 2026","1,671","23,600",South 2,Hyderabad,"1,867",-8,Critical
1591753,22,"September 14, 2026","1,671","23,600",South 2,Hyderabad,"1,867",-8,Critical
1591753,23,"September 14, 2026","1,878","23,600",South 2,Hyderabad,"2,097",-8,Critical
1591753,24,"September 14, 2026","1,878","23,600",South 2,Hyderabad,"2,097",-8,Critical
1591753,38,"September 17, 2026","1,471","23,600",South 2,Hyderabad,"1,642",-8,Critical
1591753,39,"September 14, 2026","1,671","23,600",South 2,Hyderabad,"1,867",-8,Critical
1591753,40,"September 14, 2026","1,878","23,600",South 2,Hyderabad,"2,097",-8,Critical
1591753,50,"September 16, 2026","1,586","23,600",South 2,Hyderabad,"1,772",-8,Critical
1591753,83,"September 14, 2026","1,671","23,600",South 2,Hyderabad,"1,867",-8,Critical
1593820,21,"September 14, 2026","2,575","27,848",South 2,Hyderabad,"2,863",-8,Critical
1593820,22,"September 14, 2026","2,575","27,848",South 2,Hyderabad,"2,863",-8,Critical
1593820,39,"September 14, 2026","2,575","27,848",South 2,Hyderabad,"2,863",-8,Critical
1593820,83,"September 14, 2026","2,575","27,848",South 2,Hyderabad,"2,863",-8,Critical
1596319,17,"September 13, 2027","2,143","27,848",South 2,Hyderabad,"2,380",-8,Critical
1596319,18,"September 13, 2027","2,143","27,848",South 2,Hyderabad,"2,380",-8,Critical
1596319,23,"September 13, 2027","2,557","27,848",South 2,Hyderabad,"2,870",-8,Critical
1596319,24,"September 13, 2027","2,557","27,848",South 2,Hyderabad,"2,870",-8,Critical
1596319,40,"September 13, 2027","2,557","27,848",South 2,Hyderabad,"2,870",-8,Critical
1596319,50,"September 13, 2027","2,143","27,848",South 2,Hyderabad,"2,380",-8,Critical
1596742,23,"September 19, 2026","1,663","23,600",South 2,Hyderabad,"1,860",-8,Critical
1596742,24,"September 19, 2026","1,663","23,600",South 2,Hyderabad,"1,860",-8,Critical
1596742,40,"September 19, 2026","1,663","23,600",South 2,Hyderabad,"1,860",-8,Critical
1597119,25,"September 13, 2027","1,837","23,600",South 2,Hyderabad,"2,040",-8,Critical
1597119,26,"September 13, 2027","1,837","23,600",South 2,Hyderabad,"2,040",-8,Critical
1597226,23,"September 19, 2026","2,357","23,600",South 2,Hyderabad,"2,626",-8,Critical
1597226,24,"September 19, 2026","2,357","23,600",South 2,Hyderabad,"2,626",-8,Critical
1609002,17,"September 19, 2026","1,972","23,600",North 2,Mussoorie,"2,191",-8,Critical
1609002,18,"September 19, 2026","1,972","23,600",North 2,Mussoorie,"2,191",-8,Critical
1609002,25,"September 19, 2026","1,972","23,600",North 2,Mussoorie,"2,191",-8,Critical
1609002,26,"September 19, 2026","1,972","23,600",North 2,Mussoorie,"2,191",-8,Critical
1609002,42,"September 19, 2026","3,490","23,600",North 2,Mussoorie,"3,871",-8,Critical
1609002,43,"September 19, 2026","3,490","23,600",North 2,Mussoorie,"3,871",-8,Critical
1609002,50,"September 19, 2026","1,972","23,600",North 2,Mussoorie,"2,191",-8,Critical
1614818,21,"December 1, 2026","1,999","20,000",East,Bhubaneswar,"2,222",-8,Critical
1614818,21,"December 2, 2026","1,999","20,000",East,Bhubaneswar,"2,222",-8,Critical
1614818,21,"December 3, 2026","1,999","20,000",East,Bhubaneswar,"2,222",-8,Critical
1614818,21,"December 6, 2026","1,999","20,000",East,Bhubaneswar,"2,222",-8,Critical
1614818,21,"December 7, 2026","1,999","20,000",East,Bhubaneswar,"2,222",-8,Critical
1614818,21,"December 8, 2026","1,999","20,000",East,Bhubaneswar,"2,222",-8,Critical
1614818,21,"December 9, 2026","1,999","20,000",East,Bhubaneswar,"2,222",-8,Critical
1614818,21,"December 10, 2026","1,999","20,000",East,Bhubaneswar,"2,222",-8,Critical
1614818,22,"December 1, 2026","1,999","20,000",East,Bhubaneswar,"2,222",-8,Critical
1614818,22,"December 2, 2026","1,999","20,000",East,Bhubaneswar,"2,222",-8,Critical
1614818,22,"December 3, 2026","1,999","20,000",East,Bhubaneswar,"2,222",-8,Critical
1614818,22,"December 6, 2026","1,999","20,000",East,Bhubaneswar,"2,222",-8,Critical
1614818,22,"December 7, 2026","1,999","20,000",East,Bhubaneswar,"2,222",-8,Critical
1614818,22,"December 8, 2026","1,999","20,000",East,Bhubaneswar,"2,222",-8,Critical
1614818,22,"December 9, 2026","1,999","20,000",East,Bhubaneswar,"2,222",-8,Critical
1614818,22,"December 10, 2026","1,999","20,000",East,Bhubaneswar,"2,222",-8,Critical
1614818,27,"November 20, 2026","2,518","20,000",East,Bhubaneswar,"2,818",-8,Critical
1614818,27,"November 21, 2026","2,518","20,000",East,Bhubaneswar,"2,818",-8,Critical
1614818,28,"November 20, 2026","2,518","20,000",East,Bhubaneswar,"2,818",-8,Critical
1614818,28,"November 21, 2026","2,518","20,000",East,Bhubaneswar,"2,818",-8,Critical
1614818,29,"November 20, 2026","2,656","20,000",East,Bhubaneswar,"2,948",-8,Critical
1614818,29,"November 21, 2026","2,656","20,000",East,Bhubaneswar,"2,948",-8,Critical
1614818,30,"November 20, 2026","2,656","20,000",East,Bhubaneswar,"2,948",-8,Critical
1614818,30,"November 21, 2026","2,656","20,000",East,Bhubaneswar,"2,948",-8,Critical
1614818,31,"November 20, 2026","2,656","20,000",East,Bhubaneswar,"2,948",-8,Critical
1614818,31,"November 21, 2026","2,656","20,000",East,Bhubaneswar,"2,948",-8,Critical
1614818,39,"December 1, 2026","1,999","20,000",East,Bhubaneswar,"2,222",-8,Critical
1614818,39,"December 2, 2026","1,999","20,000",East,Bhubaneswar,"2,222",-8,Critical
1614818,39,"December 3, 2026","1,999","20,000",East,Bhubaneswar,"2,222",-8,Critical
1614818,39,"December 6, 2026","1,999","20,000",East,Bhubaneswar,"2,222",-8,Critical
1614818,39,"December 7, 2026","1,999","20,000",East,Bhubaneswar,"2,222",-8,Critical
1614818,39,"December 8, 2026","1,999","20,000",East,Bhubaneswar,"2,222",-8,Critical
1614818,39,"December 9, 2026","1,999","20,000",East,Bhubaneswar,"2,222",-8,Critical
1614818,39,"December 10, 2026","1,999","20,000",East,Bhubaneswar,"2,222",-8,Critical
1614818,57,"November 20, 2026","2,656","20,000",East,Bhubaneswar,"2,948",-8,Critical
1614818,57,"November 21, 2026","2,656","20,000",East,Bhubaneswar,"2,948",-8,Critical
1614818,83,"December 1, 2026","1,999","20,000",East,Bhubaneswar,"2,222",-8,Critical
1614818,83,"December 2, 2026","1,999","20,000",East,Bhubaneswar,"2,222",-8,Critical
1614818,83,"December 3, 2026","1,999","20,000",East,Bhubaneswar,"2,222",-8,Critical
1614818,83,"December 6, 2026","1,999","20,000",East,Bhubaneswar,"2,222",-8,Critical
1614818,83,"December 7, 2026","1,999","20,000",East,Bhubaneswar,"2,222",-8,Critical
1614818,83,"December 8, 2026","1,999","20,000",East,Bhubaneswar,"2,222",-8,Critical
1614818,83,"December 9, 2026","1,999","20,000",East,Bhubaneswar,"2,222",-8,Critical
1614818,83,"December 10, 2026","1,999","20,000",East,Bhubaneswar,"2,222",-8,Critical
1614818,89,"November 20, 2026","2,656","20,000",East,Bhubaneswar,"2,948",-8,Critical
1614818,89,"November 21, 2026","2,656","20,000",East,Bhubaneswar,"2,948",-8,Critical
1618342,21,"September 19, 2026","1,532","20,000",East,Bhubaneswar,"1,716",-8,Critical
1618342,22,"September 19, 2026","1,532","20,000",East,Bhubaneswar,"1,716",-8,Critical
1618342,23,"September 19, 2026","1,601","20,000",East,Bhubaneswar,"1,781",-8,Critical
1618342,24,"September 19, 2026","1,601","20,000",East,Bhubaneswar,"1,781",-8,Critical
1618342,39,"September 19, 2026","1,532","20,000",East,Bhubaneswar,"1,716",-8,Critical
1618342,40,"September 19, 2026","1,601","20,000",East,Bhubaneswar,"1,781",-8,Critical
1618342,83,"September 19, 2026","1,532","20,000",East,Bhubaneswar,"1,716",-8,Critical
1619452,19,"September 19, 2026","1,422","23,600",East,Bhubaneswar,"1,593",-8,Critical
1619452,20,"September 19, 2026","1,422","23,600",East,Bhubaneswar,"1,593",-8,Critical
1619637,17,"September 19, 2026","1,426","23,600",East,Bhubaneswar,"1,584",-8,Critical
1619637,18,"September 19, 2026","1,426","23,600",East,Bhubaneswar,"1,584",-8,Critical
1619637,50,"September 19, 2026","1,426","23,600",East,Bhubaneswar,"1,584",-8,Critical
1675415,17,"September 19, 2026","4,286","20,000",North 2,Mathura,"4,762",-8,Critical
1675415,18,"September 19, 2026","4,286","20,000",North 2,Mathura,"4,762",-8,Critical
1675415,19,"September 19, 2026","4,286","20,000",North 2,Mathura,"4,762",-8,Critical
1675415,20,"September 19, 2026","4,286","20,000",North 2,Mathura,"4,762",-8,Critical
1675415,50,"September 19, 2026","4,286","20,000",North 2,Mathura,"4,762",-8,Critical
1675415,51,"September 19, 2026","4,286","20,000",North 2,Mathura,"4,762",-8,Critical
1675415,87,"September 19, 2026","4,286","20,000",North 2,Mathura,"4,762",-8,Critical
1702720,17,"December 12, 2026","2,602","23,600",South 1,Kozhikode,"2,916",-8,Critical
1702720,18,"December 12, 2026","2,602","23,600",South 1,Kozhikode,"2,916",-8,Critical
1702720,19,"December 12, 2026","2,602","23,600",South 1,Kozhikode,"2,916",-8,Critical
1702720,20,"December 12, 2026","2,602","23,600",South 1,Kozhikode,"2,916",-8,Critical
1702720,50,"December 12, 2026","2,602","23,600",South 1,Kozhikode,"2,916",-8,Critical
1755459,27,"September 19, 2026","2,484","23,600",North 1,Gandhinagar,"2,788",-8,Critical
1755459,28,"September 19, 2026","2,484","23,600",North 1,Gandhinagar,"2,788",-8,Critical
1755459,32,"September 19, 2026","2,484","23,600",North 1,Gandhinagar,"2,788",-8,Critical
1755459,33,"September 19, 2026","2,484","23,600",North 1,Gandhinagar,"2,788",-8,Critical
1755459,34,"September 19, 2026","2,484","23,600",North 1,Gandhinagar,"2,788",-8,Critical
1755459,35,"September 19, 2026","2,829","23,600",North 1,Gandhinagar,"3,138",-8,Critical
1755459,36,"September 19, 2026","2,829","23,600",North 1,Gandhinagar,"3,138",-8,Critical
1884844,27,"September 19, 2026","1,921","23,600",North 2,Ludhiana,"2,138",-8,Critical
1884844,28,"September 19, 2026","1,921","23,600",North 2,Ludhiana,"2,138",-8,Critical
1892583,17,"December 12, 2026","1,347","20,000",South 1,Hassan,"1,501",-8,Critical
1892583,18,"December 12, 2026","1,347","20,000",South 1,Hassan,"1,501",-8,Critical
1892583,50,"December 12, 2026","1,347","20,000",South 1,Hassan,"1,501",-8,Critical
1929807,17,"September 19, 2026","1,371","23,600",South 2,Vellore,"1,524",-8,Critical
1929807,18,"September 19, 2026","1,371","23,600",South 2,Vellore,"1,524",-8,Critical
1929807,25,"September 19, 2026","1,371","23,600",South 2,Vellore,"1,524",-8,Critical
1929807,26,"September 19, 2026","1,371","23,600",South 2,Vellore,"1,524",-8,Critical
1929807,50,"September 19, 2026","1,371","23,600",South 2,Vellore,"1,524",-8,Critical
1963434,25,"September 19, 2026","2,421","23,600",North 2,Jammu,"2,710",-8,Critical
1963434,26,"September 19, 2026","2,421","23,600",North 2,Jammu,"2,710",-8,Critical
1963434,27,"September 19, 2026","2,628","23,600",North 2,Jammu,"2,920",-8,Critical
1963434,28,"September 19, 2026","2,628","23,600",North 2,Jammu,"2,920",-8,Critical
2011450,15,"September 19, 2026","1,429","27,848",South 1,Bangalore,"1,588",-8,Critical
2011450,17,"September 19, 2026","1,429","27,848",South 1,Bangalore,"1,588",-8,Critical
2011450,18,"September 19, 2026","1,429","27,848",South 1,Bangalore,"1,588",-8,Critical
2011450,38,"September 19, 2026","1,429","27,848",South 1,Bangalore,"1,588",-8,Critical
2011450,50,"September 19, 2026","1,429","27,848",South 1,Bangalore,"1,588",-8,Critical
2011649,17,"September 19, 2026","1,194","27,848",South 1,Bangalore,"1,333",-8,Critical
2011649,18,"September 19, 2026","1,194","27,848",South 1,Bangalore,"1,333",-8,Critical
2011649,19,"September 19, 2026","1,263","27,848",South 1,Bangalore,"1,403",-8,Critical
2011649,20,"September 19, 2026","1,263","27,848",South 1,Bangalore,"1,403",-8,Critical
2011649,50,"September 19, 2026","1,194","27,848",South 1,Bangalore,"1,333",-8,Critical
2018445,17,"September 19, 2026","1,547","23,600",South 1,Bangalore,"1,719",-8,Critical
2018445,18,"September 19, 2026","1,547","23,600",South 1,Bangalore,"1,719",-8,Critical
2018445,50,"September 19, 2026","1,547","23,600",South 1,Bangalore,"1,719",-8,Critical
2018949,25,"December 12, 2026","1,748","23,600",South 1,Bangalore,"1,950",-8,Critical
2018949,26,"December 12, 2026","1,748","23,600",South 1,Bangalore,"1,950",-8,Critical
2024578,23,"November 12, 2026","1,760","20,000",South 2,Chennai,"1,963",-8,Critical
2024578,23,"September 13, 2027","1,760","20,000",South 2,Chennai,"1,963",-8,Critical
2024578,24,"November 12, 2026","1,760","20,000",South 2,Chennai,"1,963",-8,Critical
2024578,24,"September 13, 2027","1,760","20,000",South 2,Chennai,"1,963",-8,Critical
2026607,19,"September 19, 2026","1,451","20,000",South 1,Mangalore,"1,624",-8,Critical
2026607,20,"September 19, 2026","1,451","20,000",South 1,Mangalore,"1,624",-8,Critical
2026607,21,"September 19, 2026","1,451","20,000",South 1,Mangalore,"1,624",-8,Critical
2026607,22,"September 19, 2026","1,451","20,000",South 1,Mangalore,"1,624",-8,Critical
2026607,23,"September 19, 2026","1,589","20,000",South 1,Mangalore,"1,762",-8,Critical
2026607,24,"September 19, 2026","1,589","20,000",South 1,Mangalore,"1,762",-8,Critical
2026607,29,"September 19, 2026","1,589","20,000",South 1,Mangalore,"1,762",-8,Critical
2026607,30,"September 19, 2026","1,589","20,000",South 1,Mangalore,"1,762",-8,Critical
2026607,31,"September 19, 2026","1,589","20,000",South 1,Mangalore,"1,762",-8,Critical
2026607,39,"September 19, 2026","1,451","20,000",South 1,Mangalore,"1,624",-8,Critical
2026607,40,"September 19, 2026","1,589","20,000",South 1,Mangalore,"1,762",-8,Critical
2026607,42,"September 19, 2026","2,417","20,000",South 1,Mangalore,"2,688",-8,Critical
2026607,43,"September 19, 2026","2,417","20,000",South 1,Mangalore,"2,688",-8,Critical
2026607,57,"September 19, 2026","1,589","20,000",South 1,Mangalore,"1,762",-8,Critical
2026607,83,"September 19, 2026","1,451","20,000",South 1,Mangalore,"1,624",-8,Critical
2026607,89,"September 19, 2026","1,589","20,000",South 1,Mangalore,"1,762",-8,Critical
2031351,17,"September 17, 2026","1,543","23,600",North 2,Chandigarh,"1,714",-8,Critical
2031351,18,"September 17, 2026","1,543","23,600",North 2,Chandigarh,"1,714",-8,Critical
2031351,50,"September 17, 2026","1,543","23,600",North 2,Chandigarh,"1,714",-8,Critical
2043442,17,"September 19, 2026","1,345","23,600",North 1,Noida,"1,506",-8,Critical
2043442,18,"September 19, 2026","1,345","23,600",North 1,Noida,"1,506",-8,Critical
2043442,19,"September 19, 2026","1,414","23,600",North 1,Noida,"1,571",-8,Critical
2043442,20,"September 19, 2026","1,414","23,600",North 1,Noida,"1,571",-8,Critical
2043442,50,"September 19, 2026","1,345","23,600",North 1,Noida,"1,506",-8,Critical
2058446,17,"September 19, 2026","1,715","23,600",North 1,Gurgaon,"1,905",-8,Critical
2058446,18,"September 19, 2026","1,715","23,600",North 1,Gurgaon,"1,905",-8,Critical
2059540,21,"September 19, 2026","1,672","23,600",South 2,Hyderabad,"1,857",-8,Critical
2059540,22,"September 19, 2026","1,672","23,600",South 2,Hyderabad,"1,857",-8,Critical
2059540,39,"September 19, 2026","1,672","23,600",South 2,Hyderabad,"1,857",-8,Critical
2061639,17,"September 19, 2026","1,133","23,600",West,Indore,"1,259",-8,Critical
2061639,18,"September 19, 2026","1,133","23,600",West,Indore,"1,259",-8,Critical
2061639,50,"September 19, 2026","1,133","23,600",West,Indore,"1,259",-8,Critical
2066561,21,"September 19, 2026","1,620","27,848",North 2,Dharamshala,"1,800",-8,Critical
2066561,22,"September 19, 2026","1,620","27,848",North 2,Dharamshala,"1,800",-8,Critical
2066561,23,"September 19, 2026","1,620","27,848",North 2,Dharamshala,"1,800",-8,Critical
2066561,24,"September 19, 2026","1,620","27,848",North 2,Dharamshala,"1,800",-8,Critical
2066561,39,"September 19, 2026","1,620","27,848",North 2,Dharamshala,"1,800",-8,Critical
2066561,40,"September 19, 2026","1,620","27,848",North 2,Dharamshala,"1,800",-8,Critical
2066561,83,"September 19, 2026","1,620","27,848",North 2,Dharamshala,"1,800",-8,Critical
2079707,17,"September 19, 2026","1,285","23,600",West,Bhopal,"1,428",-8,Critical
2079707,18,"September 19, 2026","1,285","23,600",West,Bhopal,"1,428",-8,Critical
2079707,25,"September 19, 2026","1,285","23,600",West,Bhopal,"1,428",-8,Critical
2079707,26,"September 19, 2026","1,285","23,600",West,Bhopal,"1,428",-8,Critical
2079707,27,"September 19, 2026","1,906","23,600",West,Bhopal,"2,128",-8,Critical
2079707,28,"September 19, 2026","1,906","23,600",West,Bhopal,"2,128",-8,Critical
2079707,50,"September 19, 2026","1,285","23,600",West,Bhopal,"1,428",-8,Critical
2083696,25,"September 19, 2026","1,561","23,600",West,Aurangabad,"1,734",-8,Critical
2083696,26,"September 19, 2026","1,561","23,600",West,Aurangabad,"1,734",-8,Critical
2088875,17,"September 19, 2026","1,763","23,600",West,Aurangabad,"1,959",-8,Critical
2088875,18,"September 19, 2026","1,763","23,600",West,Aurangabad,"1,959",-8,Critical
2088875,50,"September 19, 2026","1,763","23,600",West,Aurangabad,"1,959",-8,Critical
2089527,27,"December 12, 2026","2,057","23,600",East,Siliguri,"2,299",-8,Critical
2089527,28,"December 12, 2026","2,057","23,600",East,Siliguri,"2,299",-8,Critical
2341617,17,"September 19, 2026","1,491","23,600",West,Chandrapur,"1,666",-8,Critical
2341617,18,"September 19, 2026","1,491","23,600",West,Chandrapur,"1,666",-8,Critical
2341617,50,"September 19, 2026","1,491","23,600",West,Chandrapur,"1,666",-8,Critical
2341617,87,"September 19, 2026","1,491","23,600",West,Chandrapur,"1,666",-8,Critical
3001466,19,"September 19, 2026","1,281","23,600",South 1,Bangalore,"1,433",-8,Critical
3001466,20,"September 19, 2026","1,281","23,600",South 1,Bangalore,"1,433",-8,Critical
3001862,19,"September 19, 2026","1,542","23,600",South 1,Bangalore,"1,727",-8,Critical
3001862,20,"September 19, 2026","1,542","23,600",South 1,Bangalore,"1,727",-8,Critical
3006134,21,"December 1, 2026","1,617","23,600",East,Bhubaneswar,"1,812",-8,Critical
3006134,21,"December 7, 2026","1,617","23,600",East,Bhubaneswar,"1,812",-8,Critical
3006134,21,"December 8, 2026","1,617","23,600",East,Bhubaneswar,"1,812",-8,Critical
3006134,21,"December 9, 2026","1,617","23,600",East,Bhubaneswar,"1,812",-8,Critical
3006134,21,"December 10, 2026","1,617","23,600",East,Bhubaneswar,"1,812",-8,Critical
3006134,22,"December 1, 2026","1,617","23,600",East,Bhubaneswar,"1,812",-8,Critical
3006134,22,"December 7, 2026","1,617","23,600",East,Bhubaneswar,"1,812",-8,Critical
3006134,22,"December 8, 2026","1,617","23,600",East,Bhubaneswar,"1,812",-8,Critical
3006134,22,"December 9, 2026","1,617","23,600",East,Bhubaneswar,"1,812",-8,Critical
3006134,22,"December 10, 2026","1,617","23,600",East,Bhubaneswar,"1,812",-8,Critical
3006134,27,"November 18, 2026","2,169","23,600",East,Bhubaneswar,"2,427",-8,Critical
3006134,27,"November 19, 2026","2,169","23,600",East,Bhubaneswar,"2,427",-8,Critical
3006134,27,"November 22, 2026","2,169","23,600",East,Bhubaneswar,"2,427",-8,Critical
3006134,27,"November 23, 2026","2,169","23,600",East,Bhubaneswar,"2,427",-8,Critical
3006134,27,"November 29, 2026","2,169","23,600",East,Bhubaneswar,"2,427",-8,Critical
3006134,27,"November 30, 2026","2,169","23,600",East,Bhubaneswar,"2,427",-8,Critical
3006134,28,"November 18, 2026","2,169","23,600",East,Bhubaneswar,"2,427",-8,Critical
3006134,28,"November 19, 2026","2,169","23,600",East,Bhubaneswar,"2,427",-8,Critical
3006134,28,"November 22, 2026","2,169","23,600",East,Bhubaneswar,"2,427",-8,Critical
3006134,28,"November 23, 2026","2,169","23,600",East,Bhubaneswar,"2,427",-8,Critical
3006134,28,"November 29, 2026","2,169","23,600",East,Bhubaneswar,"2,427",-8,Critical
3006134,28,"November 30, 2026","2,169","23,600",East,Bhubaneswar,"2,427",-8,Critical
3006134,32,"November 18, 2026","2,272","23,600",East,Bhubaneswar,"2,524",-8,Critical
3006134,32,"November 19, 2026","2,272","23,600",East,Bhubaneswar,"2,524",-8,Critical
3006134,32,"November 22, 2026","2,272","23,600",East,Bhubaneswar,"2,524",-8,Critical
3006134,32,"November 23, 2026","2,272","23,600",East,Bhubaneswar,"2,524",-8,Critical
3006134,32,"November 29, 2026","2,272","23,600",East,Bhubaneswar,"2,524",-8,Critical
3006134,32,"November 30, 2026","2,272","23,600",East,Bhubaneswar,"2,524",-8,Critical
3006134,33,"November 18, 2026","2,272","23,600",East,Bhubaneswar,"2,524",-8,Critical
3006134,33,"November 19, 2026","2,272","23,600",East,Bhubaneswar,"2,524",-8,Critical
3006134,33,"November 22, 2026","2,272","23,600",East,Bhubaneswar,"2,524",-8,Critical
3006134,33,"November 23, 2026","2,272","23,600",East,Bhubaneswar,"2,524",-8,Critical
3006134,33,"November 29, 2026","2,272","23,600",East,Bhubaneswar,"2,524",-8,Critical
3006134,33,"November 30, 2026","2,272","23,600",East,Bhubaneswar,"2,524",-8,Critical
3006134,34,"November 18, 2026","2,272","23,600",East,Bhubaneswar,"2,524",-8,Critical
3006134,34,"November 19, 2026","2,272","23,600",East,Bhubaneswar,"2,524",-8,Critical
3006134,34,"November 22, 2026","2,272","23,600",East,Bhubaneswar,"2,524",-8,Critical
3006134,34,"November 23, 2026","2,272","23,600",East,Bhubaneswar,"2,524",-8,Critical
3006134,34,"November 29, 2026","2,272","23,600",East,Bhubaneswar,"2,524",-8,Critical
3006134,34,"November 30, 2026","2,272","23,600",East,Bhubaneswar,"2,524",-8,Critical
3006134,39,"December 1, 2026","1,617","23,600",East,Bhubaneswar,"1,812",-8,Critical
3006134,39,"December 7, 2026","1,617","23,600",East,Bhubaneswar,"1,812",-8,Critical
3006134,39,"December 8, 2026","1,617","23,600",East,Bhubaneswar,"1,812",-8,Critical
3006134,39,"December 9, 2026","1,617","23,600",East,Bhubaneswar,"1,812",-8,Critical
3006134,39,"December 10, 2026","1,617","23,600",East,Bhubaneswar,"1,812",-8,Critical
3006134,58,"November 18, 2026","2,272","23,600",East,Bhubaneswar,"2,524",-8,Critical
3006134,58,"November 19, 2026","2,272","23,600",East,Bhubaneswar,"2,524",-8,Critical
3006134,58,"November 22, 2026","2,272","23,600",East,Bhubaneswar,"2,524",-8,Critical
3006134,58,"November 23, 2026","2,272","23,600",East,Bhubaneswar,"2,524",-8,Critical
3006134,58,"November 29, 2026","2,272","23,600",East,Bhubaneswar,"2,524",-8,Critical
3006134,58,"November 30, 2026","2,272","23,600",East,Bhubaneswar,"2,524",-8,Critical
3006134,83,"December 1, 2026","1,617","23,600",East,Bhubaneswar,"1,812",-8,Critical
3006134,83,"December 7, 2026","1,617","23,600",East,Bhubaneswar,"1,812",-8,Critical
3006134,83,"December 8, 2026","1,617","23,600",East,Bhubaneswar,"1,812",-8,Critical
3006134,83,"December 9, 2026","1,617","23,600",East,Bhubaneswar,"1,812",-8,Critical
3006134,83,"December 10, 2026","1,617","23,600",East,Bhubaneswar,"1,812",-8,Critical
3721182,25,"September 13, 2027","1,603","23,600",North 1,New Delhi,"1,778",-8,Critical
3721182,26,"September 13, 2027","1,603","23,600",North 1,New Delhi,"1,778",-8,Critical
4138782,27,"September 19, 2026","2,309","23,600",North 1,Manesar,"2,567",-8,Critical
4138782,28,"September 19, 2026","2,309","23,600",North 1,Manesar,"2,567",-8,Critical
4471338,15,"September 19, 2026","1,494","23,600",North 2,Dalhousie,"1,670",-8,Critical
4471338,16,"September 19, 2026","1,494","23,600",North 2,Dalhousie,"1,670",-8,Critical
4471338,27,"September 19, 2026","2,184","23,600",North 2,Dalhousie,"2,430",-8,Critical
4471338,28,"September 19, 2026","2,184","23,600",North 2,Dalhousie,"2,430",-8,Critical
4471338,29,"September 19, 2026","2,253","23,600",North 2,Dalhousie,"2,500",-8,Critical
4471338,30,"September 19, 2026","2,253","23,600",North 2,Dalhousie,"2,500",-8,Critical
4471338,31,"September 19, 2026","2,253","23,600",North 2,Dalhousie,"2,500",-8,Critical
4471338,32,"September 19, 2026","2,253","23,600",North 2,Dalhousie,"2,500",-8,Critical
4471338,33,"September 19, 2026","2,253","23,600",North 2,Dalhousie,"2,500",-8,Critical
4471338,34,"September 19, 2026","2,253","23,600",North 2,Dalhousie,"2,500",-8,Critical
4471338,38,"September 19, 2026","1,494","23,600",North 2,Dalhousie,"1,670",-8,Critical
4471338,57,"September 19, 2026","2,253","23,600",North 2,Dalhousie,"2,500",-8,Critical
4476459,35,"December 12, 2026","3,303","23,600",North 2,Dalhousie,"3,692",-8,Critical
4476459,36,"December 12, 2026","3,303","23,600",North 2,Dalhousie,"3,692",-8,Critical
5000022,23,"September 19, 2026","2,021","20,000",South 1,Mangalore,"2,267",-8,Critical
5000022,24,"September 19, 2026","2,021","20,000",South 1,Mangalore,"2,267",-8,Critical
5000022,40,"September 19, 2026","2,021","20,000",South 1,Mangalore,"2,267",-8,Critical
6474322,27,"September 17, 2026","1,982","23,600",South 1,Kannur,"2,198",-8,Critical
6474322,28,"September 17, 2026","1,982","23,600",South 1,Kannur,"2,198",-8,Critical
9772256,17,"September 13, 2027","2,847","23,600",North 2,Jispa,"3,195",-8,Critical
9772256,18,"September 13, 2027","2,847","23,600",North 2,Jispa,"3,195",-8,Critical
9772256,19,"September 13, 2027","2,847","23,600",North 2,Jispa,"3,195",-8,Critical
9772256,20,"September 13, 2027","2,847","23,600",North 2,Jispa,"3,195",-8,Critical
9772256,50,"September 13, 2027","2,847","23,600",North 2,Jispa,"3,195",-8,Critical
9772256,51,"September 13, 2027","2,847","23,600",North 2,Jispa,"3,195",-8,Critical
9772256,87,"September 13, 2027","2,847","23,600",North 2,Jispa,"3,195",-8,Critical
0191524,35,"September 19, 2026","3,181","23,600",South 1,Alleppey,"3,592",-9,Critical
0191524,36,"September 19, 2026","3,181","23,600",South 1,Alleppey,"3,592",-9,Critical
0262502,19,"September 19, 2026","2,014","23,600",South 2,Coimbatore,"2,264",-9,Critical
0262502,21,"September 19, 2026","2,014","23,600",South 2,Coimbatore,"2,264",-9,Critical
0262502,22,"September 19, 2026","2,014","23,600",South 2,Coimbatore,"2,264",-9,Critical
0262502,39,"September 19, 2026","2,014","23,600",South 2,Coimbatore,"2,264",-9,Critical
0262502,83,"September 19, 2026","2,014","23,600",South 2,Coimbatore,"2,264",-9,Critical
1126702,25,"September 18, 2026","2,344","23,600",North 2,Dehradun,"2,638",-9,Critical
1126702,26,"September 18, 2026","2,344","23,600",North 2,Dehradun,"2,638",-9,Critical
1147235,17,"September 16, 2026","1,216","23,600",South 1,Munnar,"1,377",-9,Critical
1147235,18,"September 16, 2026","1,216","23,600",South 1,Munnar,"1,377",-9,Critical
1147235,50,"September 16, 2026","1,216","23,600",South 1,Munnar,"1,377",-9,Critical
1152305,23,"September 19, 2026","2,062","23,600",South 1,Kochi,"2,323",-9,Critical
1152305,23,"September 19, 2026","2,062","23,600",South 1,Kochi,"2,323",-9,Critical
1152305,24,"September 19, 2026","2,062","23,600",South 1,Kochi,"2,323",-9,Critical
1152305,24,"September 19, 2026","2,062","23,600",South 1,Kochi,"2,323",-9,Critical
1152305,40,"September 19, 2026","2,062","23,600",South 1,Kochi,"2,323",-9,Critical
1166122,29,"September 19, 2026","2,197","23,600",South 1,Kochi,"2,497",-9,Critical
1166122,30,"September 19, 2026","2,197","23,600",South 1,Kochi,"2,497",-9,Critical
1166122,31,"September 19, 2026","2,197","23,600",South 1,Kochi,"2,497",-9,Critical
1166122,32,"September 19, 2026","2,197","23,600",South 1,Kochi,"2,497",-9,Critical
1166122,33,"September 19, 2026","2,197","23,600",South 1,Kochi,"2,497",-9,Critical
1166122,34,"September 19, 2026","2,197","23,600",South 1,Kochi,"2,497",-9,Critical
1166122,57,"September 19, 2026","2,197","23,600",South 1,Kochi,"2,497",-9,Critical
1166252,19,"September 19, 2026","1,636","23,600",South 1,Kochi,"1,845",-9,Critical
1176148,17,"September 19, 2026","1,157","23,600",North 2,Manali,"1,300",-9,Critical
1176148,18,"September 19, 2026","1,157","23,600",North 2,Manali,"1,300",-9,Critical
1176148,19,"September 19, 2026","1,157","23,600",North 2,Manali,"1,300",-9,Critical
1176148,20,"September 19, 2026","1,157","23,600",North 2,Manali,"1,300",-9,Critical
1176148,50,"September 19, 2026","1,157","23,600",North 2,Manali,"1,300",-9,Critical
1204840,21,"November 12, 2026","1,654","27,848",North 2,Shimla,"1,858",-9,Critical
1204840,22,"November 12, 2026","1,654","27,848",North 2,Shimla,"1,858",-9,Critical
1204840,23,"November 12, 2026","1,654","27,848",North 2,Shimla,"1,858",-9,Critical
1204840,24,"November 12, 2026","1,654","27,848",North 2,Shimla,"1,858",-9,Critical
1204840,39,"November 12, 2026","1,654","27,848",North 2,Shimla,"1,858",-9,Critical
1205898,17,"September 19, 2026","1,440","23,600",North 2,Prayagraj,"1,620",-9,Critical
1205898,18,"September 19, 2026","1,440","23,600",North 2,Prayagraj,"1,620",-9,Critical
1205898,50,"September 19, 2026","1,440","23,600",North 2,Prayagraj,"1,620",-9,Critical
1206822,21,"October 2, 2026","2,314","23,600",North 2,Shimla,"2,622",-9,Critical
1206822,21,"October 3, 2026","2,314","23,600",North 2,Shimla,"2,622",-9,Critical
1206822,22,"October 2, 2026","2,314","23,600",North 2,Shimla,"2,622",-9,Critical
1206822,22,"October 3, 2026","2,314","23,600",North 2,Shimla,"2,622",-9,Critical
1206822,23,"October 2, 2026","2,314","23,600",North 2,Shimla,"2,622",-9,Critical
1206822,23,"October 3, 2026","2,314","23,600",North 2,Shimla,"2,622",-9,Critical
1206822,24,"October 2, 2026","2,314","23,600",North 2,Shimla,"2,622",-9,Critical
1206822,24,"October 3, 2026","2,314","23,600",North 2,Shimla,"2,622",-9,Critical
1206822,39,"October 2, 2026","2,314","23,600",North 2,Shimla,"2,622",-9,Critical
1206822,39,"October 3, 2026","2,314","23,600",North 2,Shimla,"2,622",-9,Critical
1206822,40,"October 2, 2026","2,314","23,600",North 2,Shimla,"2,622",-9,Critical
1206822,40,"October 3, 2026","2,314","23,600",North 2,Shimla,"2,622",-9,Critical
1206822,83,"October 2, 2026","2,314","23,600",North 2,Shimla,"2,622",-9,Critical
1206822,83,"October 3, 2026","2,314","23,600",North 2,Shimla,"2,622",-9,Critical
1212498,23,"November 22, 2026","5,727","23,600",North 1,New Delhi,"6,483",-9,Critical
1212498,23,"November 23, 2026","5,727","23,600",North 1,New Delhi,"6,483",-9,Critical
1212498,23,"November 24, 2026","5,727","23,600",North 1,New Delhi,"6,483",-9,Critical
1212498,23,"November 25, 2026","5,727","23,600",North 1,New Delhi,"6,483",-9,Critical
1212498,23,"November 26, 2026","5,727","23,600",North 1,New Delhi,"6,483",-9,Critical
1212498,24,"November 22, 2026","5,727","23,600",North 1,New Delhi,"6,483",-9,Critical
1212498,24,"November 23, 2026","5,727","23,600",North 1,New Delhi,"6,483",-9,Critical
1212498,24,"November 24, 2026","5,727","23,600",North 1,New Delhi,"6,483",-9,Critical
1212498,24,"November 25, 2026","5,727","23,600",North 1,New Delhi,"6,483",-9,Critical
1212498,24,"November 26, 2026","5,727","23,600",North 1,New Delhi,"6,483",-9,Critical
1212498,40,"November 22, 2026","5,727","23,600",North 1,New Delhi,"6,483",-9,Critical
1212498,40,"November 23, 2026","5,727","23,600",North 1,New Delhi,"6,483",-9,Critical
1212498,40,"November 24, 2026","5,727","23,600",North 1,New Delhi,"6,483",-9,Critical
1212498,40,"November 25, 2026","5,727","23,600",North 1,New Delhi,"6,483",-9,Critical
1212498,40,"November 26, 2026","5,727","23,600",North 1,New Delhi,"6,483",-9,Critical
1218072,21,"November 24, 2026","5,882","23,600",North 1,New Delhi,"6,680",-9,Critical
1218072,22,"November 24, 2026","5,882","23,600",North 1,New Delhi,"6,680",-9,Critical
1218072,23,"November 24, 2026","6,003","23,600",North 1,New Delhi,"6,803",-9,Critical
1218072,24,"November 24, 2026","6,003","23,600",North 1,New Delhi,"6,803",-9,Critical
1218072,25,"November 24, 2026","5,848","23,600",North 1,New Delhi,"6,645",-9,Critical
1218072,26,"November 24, 2026","5,848","23,600",North 1,New Delhi,"6,645",-9,Critical
1218072,27,"November 23, 2026","6,370","23,600",North 1,New Delhi,"7,223",-9,Critical
1218072,27,"November 24, 2026","6,417","23,600",North 1,New Delhi,"7,223",-9,Critical
1218072,28,"November 23, 2026","6,370","23,600",North 1,New Delhi,"7,223",-9,Critical
1218072,28,"November 24, 2026","6,417","23,600",North 1,New Delhi,"7,223",-9,Critical
1218072,39,"November 24, 2026","5,882","23,600",North 1,New Delhi,"6,680",-9,Critical
1218072,40,"November 24, 2026","6,003","23,600",North 1,New Delhi,"6,803",-9,Critical
1218072,83,"November 24, 2026","5,882","23,600",North 1,New Delhi,"6,680",-9,Critical
1229511,21,"September 19, 2026","1,520","23,600",North 2,Varanasi,"1,709",-9,Critical
1229511,22,"September 19, 2026","1,520","23,600",North 2,Varanasi,"1,709",-9,Critical
1229511,39,"September 19, 2026","1,520","23,600",North 2,Varanasi,"1,709",-9,Critical
1229511,83,"September 19, 2026","1,520","23,600",North 2,Varanasi,"1,709",-9,Critical
1229511,97,"September 19, 2026","1,520","23,600",North 2,Varanasi,"1,709",-9,Critical
1234388,27,"September 13, 2027","2,514","27,848",South 2,Vijayawada,"2,831",-9,Critical
1234388,28,"September 13, 2027","2,514","27,848",South 2,Vijayawada,"2,831",-9,Critical
1246851,27,"September 13, 2027","2,412","23,600",South 2,Chennai,"2,736",-9,Critical
1246851,28,"September 13, 2027","2,412","23,600",South 2,Chennai,"2,736",-9,Critical
1247300,25,"September 13, 2027","1,653","23,600",South 2,Chennai,"1,866",-9,Critical
1247300,26,"September 13, 2027","1,653","23,600",South 2,Chennai,"1,866",-9,Critical
1265433,27,"September 19, 2026","2,326","23,600",South 2,Coimbatore,"2,624",-9,Critical
1265433,28,"September 19, 2026","2,326","23,600",South 2,Coimbatore,"2,624",-9,Critical
1269686,21,"September 19, 2026","1,554","23,600",South 2,Coimbatore,"1,762",-9,Critical
1269686,22,"September 19, 2026","1,554","23,600",South 2,Coimbatore,"1,762",-9,Critical
1269686,39,"September 19, 2026","1,554","23,600",South 2,Coimbatore,"1,762",-9,Critical
1269686,83,"September 19, 2026","1,554","23,600",South 2,Coimbatore,"1,762",-9,Critical
1291813,29,"September 19, 2026","2,656","23,600",South 2,Visakhapatnam,"2,995",-9,Critical
1291813,30,"September 19, 2026","2,656","23,600",South 2,Visakhapatnam,"2,995",-9,Critical
1291813,31,"September 19, 2026","2,656","23,600",South 2,Visakhapatnam,"2,995",-9,Critical
1291813,57,"September 19, 2026","2,656","23,600",South 2,Visakhapatnam,"2,995",-9,Critical
1298362,17,"September 19, 2026","1,731","23,600",South 2,Visakhapatnam,"1,956",-9,Critical
1298362,18,"September 19, 2026","1,731","23,600",South 2,Visakhapatnam,"1,956",-9,Critical
1298362,50,"September 19, 2026","1,731","23,600",South 2,Visakhapatnam,"1,956",-9,Critical
1298362,87,"September 19, 2026","1,731","23,600",South 2,Visakhapatnam,"1,956",-9,Critical
1299383,25,"September 13, 2027","1,423","23,600",South 2,Visakhapatnam,"1,600",-9,Critical
1299383,26,"September 13, 2027","1,423","23,600",South 2,Visakhapatnam,"1,600",-9,Critical
1319620,29,"September 13, 2026","1,548","23,600",North 1,Udaipur,"1,746",-9,Critical
1319620,30,"September 13, 2026","1,548","23,600",North 1,Udaipur,"1,746",-9,Critical
1319620,31,"September 13, 2026","1,548","23,600",North 1,Udaipur,"1,746",-9,Critical
1319620,57,"September 13, 2026","1,548","23,600",North 1,Udaipur,"1,746",-9,Critical
1319620,89,"September 13, 2026","1,548","23,600",North 1,Udaipur,"1,746",-9,Critical
1324743,27,"September 19, 2026","2,147","27,848",North 1,Jaipur,"2,414",-9,Critical
1324743,27,"December 12, 2026","2,671","27,848",North 1,Jaipur,"3,031",-9,Critical
1324743,28,"September 19, 2026","2,147","27,848",North 1,Jaipur,"2,414",-9,Critical
1324743,28,"December 12, 2026","2,671","27,848",North 1,Jaipur,"3,031",-9,Critical
1374088,32,"September 13, 2027","2,757","23,600",West,Mumbai,"3,120",-9,Critical
1374088,33,"September 13, 2027","2,757","23,600",West,Mumbai,"3,120",-9,Critical
1374088,34,"September 13, 2027","2,757","23,600",West,Mumbai,"3,120",-9,Critical
1385250,102,"September 19, 2026","1,715","23,600",West,Goa,"1,943",-9,Critical
1385250,103,"September 19, 2026","1,715","23,600",West,Goa,"1,943",-9,Critical
1391921,23,"September 19, 2026","1,303","23,600",North 1,Ahmedabad,"1,476",-9,Critical
1391921,24,"September 19, 2026","1,303","23,600",North 1,Ahmedabad,"1,476",-9,Critical
1394588,42,"December 12, 2026","2,752","23,600",North 1,Ahmedabad,"3,095",-9,Critical
1394588,43,"December 12, 2026","2,752","23,600",North 1,Ahmedabad,"3,095",-9,Critical
1395021,17,"September 19, 2026","1,570","23,600",North 1,Ahmedabad,"1,774",-9,Critical
1395021,18,"September 19, 2026","1,570","23,600",North 1,Ahmedabad,"1,774",-9,Critical
1395021,50,"September 19, 2026","1,570","23,600",North 1,Ahmedabad,"1,774",-9,Critical
1396947,19,"September 13, 2027","3,064","23,600",North 1,Ahmedabad,"3,476",-9,Critical
1396947,20,"September 13, 2027","3,064","23,600",North 1,Ahmedabad,"3,476",-9,Critical
1396947,21,"September 13, 2027","2,995","23,600",North 1,Ahmedabad,"3,406",-9,Critical
1396947,22,"September 13, 2027","2,995","23,600",North 1,Ahmedabad,"3,406",-9,Critical
1396947,23,"September 13, 2027","3,202","23,600",North 1,Ahmedabad,"3,616",-9,Critical
1396947,24,"September 13, 2027","3,202","23,600",North 1,Ahmedabad,"3,616",-9,Critical
1396947,25,"September 13, 2027","3,271","23,600",North 1,Ahmedabad,"3,686",-9,Critical
1396947,26,"September 13, 2027","3,271","23,600",North 1,Ahmedabad,"3,686",-9,Critical
1396947,29,"September 13, 2027","3,202","23,600",North 1,Ahmedabad,"3,616",-9,Critical
1396947,30,"September 13, 2027","3,202","23,600",North 1,Ahmedabad,"3,616",-9,Critical
1396947,31,"September 13, 2027","3,202","23,600",North 1,Ahmedabad,"3,616",-9,Critical
1396947,39,"September 13, 2027","2,995","23,600",North 1,Ahmedabad,"3,406",-9,Critical
1396947,40,"September 13, 2027","3,202","23,600",North 1,Ahmedabad,"3,616",-9,Critical
1396947,51,"September 13, 2027","3,064","23,600",North 1,Ahmedabad,"3,476",-9,Critical
1396947,57,"September 13, 2027","3,202","23,600",North 1,Ahmedabad,"3,616",-9,Critical
1396947,83,"September 13, 2027","2,995","23,600",North 1,Ahmedabad,"3,406",-9,Critical
1435465,16,"November 22, 2026","5,415","23,600",North 1,Noida,"6,153",-9,Critical
1435465,16,"November 23, 2026","5,415","23,600",North 1,Noida,"6,153",-9,Critical
1435465,16,"November 24, 2026","5,415","23,600",North 1,Noida,"6,153",-9,Critical
1435465,16,"November 25, 2026","5,415","23,600",North 1,Noida,"6,153",-9,Critical
1435465,16,"November 26, 2026","5,415","23,600",North 1,Noida,"6,153",-9,Critical
1435465,21,"November 22, 2026","6,140","23,600",North 1,Noida,"6,905",-9,Critical
1435465,21,"November 23, 2026","6,140","23,600",North 1,Noida,"6,905",-9,Critical
1435465,21,"November 24, 2026","6,140","23,600",North 1,Noida,"6,905",-9,Critical
1435465,21,"November 25, 2026","6,140","23,600",North 1,Noida,"6,905",-9,Critical
1435465,21,"November 26, 2026","6,140","23,600",North 1,Noida,"6,905",-9,Critical
1435465,22,"November 22, 2026","6,140","23,600",North 1,Noida,"6,905",-9,Critical
1435465,22,"November 23, 2026","6,140","23,600",North 1,Noida,"6,905",-9,Critical
1435465,22,"November 24, 2026","6,140","23,600",North 1,Noida,"6,905",-9,Critical
1435465,22,"November 25, 2026","6,140","23,600",North 1,Noida,"6,905",-9,Critical
1435465,22,"November 26, 2026","6,140","23,600",North 1,Noida,"6,905",-9,Critical
1435465,39,"November 22, 2026","6,140","23,600",North 1,Noida,"6,905",-9,Critical
1435465,39,"November 23, 2026","6,140","23,600",North 1,Noida,"6,905",-9,Critical
1435465,39,"November 24, 2026","6,140","23,600",North 1,Noida,"6,905",-9,Critical
1435465,39,"November 25, 2026","6,140","23,600",North 1,Noida,"6,905",-9,Critical
1435465,39,"November 26, 2026","6,140","23,600",North 1,Noida,"6,905",-9,Critical
1435465,83,"November 22, 2026","6,140","23,600",North 1,Noida,"6,905",-9,Critical
1435465,83,"November 23, 2026","6,140","23,600",North 1,Noida,"6,905",-9,Critical
1435465,83,"November 24, 2026","6,140","23,600",North 1,Noida,"6,905",-9,Critical
1435465,83,"November 25, 2026","6,140","23,600",North 1,Noida,"6,905",-9,Critical
1435465,83,"November 26, 2026","6,140","23,600",North 1,Noida,"6,905",-9,Critical
1462197,21,"September 13, 2027","1,792","23,600",South 1,Mysore,"2,033",-9,Critical
1462197,22,"September 13, 2027","1,792","23,600",South 1,Mysore,"2,033",-9,Critical
1462197,23,"September 13, 2027","1,895","23,600",South 1,Mysore,"2,130",-9,Critical
1462197,24,"September 13, 2027","1,895","23,600",South 1,Mysore,"2,130",-9,Critical
1462197,39,"September 13, 2027","1,792","23,600",South 1,Mysore,"2,033",-9,Critical
1462197,40,"September 13, 2027","1,895","23,600",South 1,Mysore,"2,130",-9,Critical
1462197,83,"September 13, 2027","1,792","23,600",South 1,Mysore,"2,033",-9,Critical
1472508,17,"September 19, 2026","1,389","23,600",South 1,Coorg,"1,573",-9,Critical
1472508,18,"September 19, 2026","1,389","23,600",South 1,Coorg,"1,573",-9,Critical
1472508,19,"September 19, 2026","1,389","23,600",South 1,Coorg,"1,573",-9,Critical
1472508,20,"September 19, 2026","1,389","23,600",South 1,Coorg,"1,573",-9,Critical
1472508,25,"September 19, 2026","1,389","23,600",South 1,Coorg,"1,573",-9,Critical
1472508,26,"September 19, 2026","1,389","23,600",South 1,Coorg,"1,573",-9,Critical
1472508,45,"September 19, 2026","3,114","23,600",South 1,Coorg,"3,504",-9,Critical
1472508,46,"September 19, 2026","3,114","23,600",South 1,Coorg,"3,504",-9,Critical
1472508,50,"September 19, 2026","1,389","23,600",South 1,Coorg,"1,573",-9,Critical
1475870,27,"September 13, 2027","2,381","23,600",South 1,Coorg,"2,684",-9,Critical
1475870,28,"September 13, 2027","2,381","23,600",South 1,Coorg,"2,684",-9,Critical
1483570,21,"September 19, 2026","1,498","23,600",West,Kolhapur,"1,687",-9,Critical
1483570,22,"September 19, 2026","1,498","23,600",West,Kolhapur,"1,687",-9,Critical
1483570,39,"September 19, 2026","1,498","23,600",West,Kolhapur,"1,687",-9,Critical
1483570,83,"September 19, 2026","1,498","23,600",West,Kolhapur,"1,687",-9,Critical
1484845,35,"September 19, 2026","2,725","23,600",West,Kolhapur,"3,084",-9,Critical
1484845,36,"September 19, 2026","2,725","23,600",West,Kolhapur,"3,084",-9,Critical
1486131,78,"September 13, 2027","1,492","23,600",West,Kolhapur,"1,682",-9,Critical
1501649,25,"September 13, 2027","1,905","20,000",West,Pune,"2,153",-9,Critical
1501649,26,"September 13, 2027","1,905","20,000",West,Pune,"2,153",-9,Critical
1522037,27,"September 19, 2026","1,724","23,600",North 2,Lucknow,"1,948",-9,Critical
1522037,28,"September 19, 2026","1,724","23,600",North 2,Lucknow,"1,948",-9,Critical
1531125,35,"November 7, 2026","2,565","20,000",East,Guwahati,"2,887",-9,Critical
1531125,35,"November 14, 2026","2,544","20,000",East,Guwahati,"2,887",-9,Critical
1531125,35,"November 15, 2026","2,544","20,000",East,Guwahati,"2,858",-9,Critical
1531125,35,"November 16, 2026","2,544","20,000",East,Guwahati,"2,858",-9,Critical
1531125,35,"November 20, 2026","2,544","20,000",East,Guwahati,"2,887",-9,Critical
1531125,35,"November 21, 2026","2,544","20,000",East,Guwahati,"2,887",-9,Critical
1531125,35,"November 24, 2026","2,544","20,000",East,Guwahati,"2,858",-9,Critical
1531125,35,"November 25, 2026","2,544","20,000",East,Guwahati,"2,858",-9,Critical
1531125,35,"November 26, 2026","2,544","20,000",East,Guwahati,"2,858",-9,Critical
1531125,35,"December 2, 2026","2,544","20,000",East,Guwahati,"2,878",-9,Critical
1531125,35,"December 3, 2026","2,544","20,000",East,Guwahati,"2,878",-9,Critical
1531125,35,"December 6, 2026","2,544","20,000",East,Guwahati,"2,878",-9,Critical
1531125,36,"November 7, 2026","2,565","20,000",East,Guwahati,"2,887",-9,Critical
1531125,36,"November 14, 2026","2,544","20,000",East,Guwahati,"2,887",-9,Critical
1531125,36,"November 15, 2026","2,544","20,000",East,Guwahati,"2,858",-9,Critical
1531125,36,"November 16, 2026","2,544","20,000",East,Guwahati,"2,858",-9,Critical
1531125,36,"November 20, 2026","2,544","20,000",East,Guwahati,"2,887",-9,Critical
1531125,36,"November 21, 2026","2,544","20,000",East,Guwahati,"2,887",-9,Critical
1531125,36,"November 24, 2026","2,544","20,000",East,Guwahati,"2,858",-9,Critical
1531125,36,"November 25, 2026","2,544","20,000",East,Guwahati,"2,858",-9,Critical
1531125,36,"November 26, 2026","2,544","20,000",East,Guwahati,"2,858",-9,Critical
1531125,36,"December 2, 2026","2,544","20,000",East,Guwahati,"2,878",-9,Critical
1531125,36,"December 3, 2026","2,544","20,000",East,Guwahati,"2,878",-9,Critical
1531125,36,"December 6, 2026","2,544","20,000",East,Guwahati,"2,878",-9,Critical
1535153,27,"November 27, 2026","2,027","23,600",East,Guwahati,"2,298",-9,Critical
1535153,27,"November 28, 2026","2,027","23,600",East,Guwahati,"2,298",-9,Critical
1535153,28,"November 27, 2026","2,027","23,600",East,Guwahati,"2,298",-9,Critical
1535153,28,"November 28, 2026","2,027","23,600",East,Guwahati,"2,298",-9,Critical
1552629,29,"September 19, 2026","2,638","23,600",West,Nagpur,"2,994",-9,Critical
1552629,30,"September 19, 2026","2,638","23,600",West,Nagpur,"2,994",-9,Critical
1552629,31,"September 19, 2026","2,638","23,600",West,Nagpur,"2,994",-9,Critical
1552629,57,"September 19, 2026","2,638","23,600",West,Nagpur,"2,994",-9,Critical
1553264,19,"September 19, 2026","1,869","23,600",West,Nagpur,"2,117",-9,Critical
1553264,20,"September 19, 2026","1,869","23,600",West,Nagpur,"2,117",-9,Critical
1553264,51,"September 19, 2026","1,869","23,600",West,Nagpur,"2,117",-9,Critical
1555547,19,"September 19, 2026","1,741","23,600",West,Nagpur,"1,968",-9,Critical
1591753,19,"September 14, 2026","1,740","23,600",South 2,Hyderabad,"1,967",-9,Critical
1591753,20,"September 14, 2026","1,740","23,600",South 2,Hyderabad,"1,967",-9,Critical
1593820,19,"September 14, 2026","2,471","27,848",South 2,Hyderabad,"2,794",-9,Critical
1593820,20,"September 14, 2026","2,471","27,848",South 2,Hyderabad,"2,794",-9,Critical
1595502,35,"December 12, 2026","2,495","23,600",South 2,Hyderabad,"2,811",-9,Critical
1595502,36,"December 12, 2026","2,495","23,600",South 2,Hyderabad,"2,811",-9,Critical
1596121,23,"September 19, 2026","2,054","23,600",South 2,Hyderabad,"2,319",-9,Critical
1596121,24,"September 19, 2026","2,054","23,600",South 2,Hyderabad,"2,319",-9,Critical
1596121,29,"September 19, 2026","2,054","23,600",South 2,Hyderabad,"2,319",-9,Critical
1596121,30,"September 19, 2026","2,054","23,600",South 2,Hyderabad,"2,319",-9,Critical
1596121,31,"September 19, 2026","2,054","23,600",South 2,Hyderabad,"2,319",-9,Critical
1596121,40,"September 19, 2026","2,054","23,600",South 2,Hyderabad,"2,319",-9,Critical
1596121,57,"September 19, 2026","2,054","23,600",South 2,Hyderabad,"2,319",-9,Critical
1596742,21,"September 19, 2026","1,560","23,600",South 2,Hyderabad,"1,762",-9,Critical
1596742,22,"September 19, 2026","1,560","23,600",South 2,Hyderabad,"1,762",-9,Critical
1596742,39,"September 19, 2026","1,560","23,600",South 2,Hyderabad,"1,762",-9,Critical
1596742,83,"September 19, 2026","1,560","23,600",South 2,Hyderabad,"1,762",-9,Critical
1597226,19,"September 19, 2026","2,219","23,600",South 2,Hyderabad,"2,521",-9,Critical
1597226,21,"September 19, 2026","2,219","23,600",South 2,Hyderabad,"2,521",-9,Critical
1597226,22,"September 19, 2026","2,219","23,600",South 2,Hyderabad,"2,521",-9,Critical
1597226,39,"September 19, 2026","2,219","23,600",South 2,Hyderabad,"2,521",-9,Critical
1604662,29,"December 12, 2026","3,053","20,000",North 2,Mussoorie,"3,463",-9,Critical
1604662,30,"December 12, 2026","3,053","20,000",North 2,Mussoorie,"3,463",-9,Critical
1604662,31,"December 12, 2026","3,053","20,000",North 2,Mussoorie,"3,463",-9,Critical
1604662,32,"December 12, 2026","3,053","20,000",North 2,Mussoorie,"3,463",-9,Critical
1604662,33,"December 12, 2026","3,053","20,000",North 2,Mussoorie,"3,463",-9,Critical
1604662,34,"December 12, 2026","3,053","20,000",North 2,Mussoorie,"3,463",-9,Critical
1604662,57,"December 12, 2026","3,053","20,000",North 2,Mussoorie,"3,463",-9,Critical
1609002,35,"September 19, 2026","3,007","23,600",North 2,Mussoorie,"3,381",-9,Critical
1609002,36,"September 19, 2026","3,007","23,600",North 2,Mussoorie,"3,381",-9,Critical
1609002,37,"September 19, 2026","3,007","23,600",North 2,Mussoorie,"3,381",-9,Critical
1614818,17,"November 29, 2026","1,736","20,000",East,Bhubaneswar,"1,951",-9,Critical
1614818,17,"November 30, 2026","1,736","20,000",East,Bhubaneswar,"1,951",-9,Critical
1614818,18,"November 29, 2026","1,736","20,000",East,Bhubaneswar,"1,951",-9,Critical
1614818,18,"November 30, 2026","1,736","20,000",East,Bhubaneswar,"1,951",-9,Critical
1614818,19,"December 1, 2026","1,826","20,000",East,Bhubaneswar,"2,060",-9,Critical
1614818,19,"December 2, 2026","1,826","20,000",East,Bhubaneswar,"2,060",-9,Critical
1614818,19,"December 3, 2026","1,826","20,000",East,Bhubaneswar,"2,060",-9,Critical
1614818,19,"December 6, 2026","1,826","20,000",East,Bhubaneswar,"2,060",-9,Critical
1614818,19,"December 7, 2026","1,826","20,000",East,Bhubaneswar,"2,060",-9,Critical
1614818,19,"December 8, 2026","1,826","20,000",East,Bhubaneswar,"2,060",-9,Critical
1614818,19,"December 9, 2026","1,826","20,000",East,Bhubaneswar,"2,060",-9,Critical
1614818,19,"December 10, 2026","1,826","20,000",East,Bhubaneswar,"2,060",-9,Critical
1614818,20,"December 1, 2026","1,826","20,000",East,Bhubaneswar,"2,060",-9,Critical
1614818,20,"December 2, 2026","1,826","20,000",East,Bhubaneswar,"2,060",-9,Critical
1614818,20,"December 3, 2026","1,826","20,000",East,Bhubaneswar,"2,060",-9,Critical
1614818,20,"December 6, 2026","1,826","20,000",East,Bhubaneswar,"2,060",-9,Critical
1614818,20,"December 7, 2026","1,826","20,000",East,Bhubaneswar,"2,060",-9,Critical
1614818,20,"December 8, 2026","1,826","20,000",East,Bhubaneswar,"2,060",-9,Critical
1614818,20,"December 9, 2026","1,826","20,000",East,Bhubaneswar,"2,060",-9,Critical
1614818,20,"December 10, 2026","1,826","20,000",East,Bhubaneswar,"2,060",-9,Critical
1614818,23,"November 11, 2026","2,171","20,000",East,Bhubaneswar,"2,439",-9,Critical
1614818,23,"November 17, 2026","2,171","20,000",East,Bhubaneswar,"2,439",-9,Critical
1614818,23,"November 24, 2026","2,171","20,000",East,Bhubaneswar,"2,439",-9,Critical
1614818,23,"November 25, 2026","2,171","20,000",East,Bhubaneswar,"2,439",-9,Critical
1614818,23,"November 26, 2026","2,171","20,000",East,Bhubaneswar,"2,439",-9,Critical
1614818,23,"December 4, 2026","2,171","20,000",East,Bhubaneswar,"2,461",-9,Critical
1614818,23,"December 5, 2026","2,171","20,000",East,Bhubaneswar,"2,461",-9,Critical
1614818,23,"December 11, 2026","2,171","20,000",East,Bhubaneswar,"2,461",-9,Critical
1614818,23,"December 12, 2026","2,171","20,000",East,Bhubaneswar,"2,461",-9,Critical
1614818,24,"November 11, 2026","2,171","20,000",East,Bhubaneswar,"2,439",-9,Critical
1614818,24,"November 17, 2026","2,171","20,000",East,Bhubaneswar,"2,439",-9,Critical
1614818,24,"November 24, 2026","2,171","20,000",East,Bhubaneswar,"2,439",-9,Critical
1614818,24,"November 25, 2026","2,171","20,000",East,Bhubaneswar,"2,439",-9,Critical
1614818,24,"November 26, 2026","2,171","20,000",East,Bhubaneswar,"2,439",-9,Critical
1614818,24,"December 4, 2026","2,171","20,000",East,Bhubaneswar,"2,461",-9,Critical
1614818,24,"December 5, 2026","2,171","20,000",East,Bhubaneswar,"2,461",-9,Critical
1614818,24,"December 11, 2026","2,171","20,000",East,Bhubaneswar,"2,461",-9,Critical
1614818,24,"December 12, 2026","2,171","20,000",East,Bhubaneswar,"2,461",-9,Critical
1614818,40,"November 11, 2026","2,171","20,000",East,Bhubaneswar,"2,439",-9,Critical
1614818,40,"November 17, 2026","2,171","20,000",East,Bhubaneswar,"2,439",-9,Critical
1614818,40,"November 24, 2026","2,171","20,000",East,Bhubaneswar,"2,439",-9,Critical
1614818,40,"November 25, 2026","2,171","20,000",East,Bhubaneswar,"2,439",-9,Critical
1614818,40,"November 26, 2026","2,171","20,000",East,Bhubaneswar,"2,439",-9,Critical
1614818,40,"December 4, 2026","2,171","20,000",East,Bhubaneswar,"2,461",-9,Critical
1614818,40,"December 5, 2026","2,171","20,000",East,Bhubaneswar,"2,461",-9,Critical
1614818,40,"December 11, 2026","2,171","20,000",East,Bhubaneswar,"2,461",-9,Critical
1614818,40,"December 12, 2026","2,171","20,000",East,Bhubaneswar,"2,461",-9,Critical
1614818,50,"November 29, 2026","1,736","20,000",East,Bhubaneswar,"1,951",-9,Critical
1614818,50,"November 30, 2026","1,736","20,000",East,Bhubaneswar,"1,951",-9,Critical
1617471,19,"October 27, 2026","1,771","23,600",East,Bhubaneswar,"2,010",-9,Critical
1617471,19,"October 28, 2026","1,771","23,600",East,Bhubaneswar,"2,010",-9,Critical
1617471,19,"October 29, 2026","1,771","23,600",East,Bhubaneswar,"2,010",-9,Critical
1619452,17,"September 19, 2026","1,353","23,600",East,Bhubaneswar,"1,528",-9,Critical
1619452,18,"September 19, 2026","1,353","23,600",East,Bhubaneswar,"1,528",-9,Critical
1619452,50,"September 19, 2026","1,353","23,600",East,Bhubaneswar,"1,528",-9,Critical
1755459,29,"September 19, 2026","2,398","23,600",North 1,Gandhinagar,"2,700",-9,Critical
1755459,30,"September 19, 2026","2,398","23,600",North 1,Gandhinagar,"2,700",-9,Critical
1755459,31,"September 19, 2026","2,398","23,600",North 1,Gandhinagar,"2,700",-9,Critical
1755459,57,"September 19, 2026","2,398","23,600",North 1,Gandhinagar,"2,700",-9,Critical
1837134,27,"December 12, 2026","3,479","23,600",South 1,Thekkady,"3,928",-9,Critical
1837134,28,"December 12, 2026","3,479","23,600",South 1,Thekkady,"3,928",-9,Critical
1884844,23,"September 19, 2026","1,576","23,600",North 2,Ludhiana,"1,788",-9,Critical
1884844,24,"September 19, 2026","1,576","23,600",North 2,Ludhiana,"1,788",-9,Critical
1884844,25,"September 19, 2026","1,576","23,600",North 2,Ludhiana,"1,788",-9,Critical
1884844,26,"September 19, 2026","1,576","23,600",North 2,Ludhiana,"1,788",-9,Critical
1963434,21,"September 19, 2026","2,214","23,600",North 2,Jammu,"2,500",-9,Critical
1963434,22,"September 19, 2026","2,214","23,600",North 2,Jammu,"2,500",-9,Critical
1963434,23,"September 19, 2026","2,283","23,600",North 2,Jammu,"2,570",-9,Critical
1963434,24,"September 19, 2026","2,283","23,600",North 2,Jammu,"2,570",-9,Critical
1963434,39,"September 19, 2026","2,214","23,600",North 2,Jammu,"2,500",-9,Critical
1963434,40,"September 19, 2026","2,283","23,600",North 2,Jammu,"2,570",-9,Critical
1963434,83,"September 19, 2026","2,214","23,600",North 2,Jammu,"2,500",-9,Critical
1978478,29,"September 19, 2026","1,940","27,848",North 2,Jalandhar,"2,204",-9,Critical
1978478,30,"September 19, 2026","1,940","27,848",North 2,Jalandhar,"2,204",-9,Critical
1978478,31,"September 19, 2026","1,940","27,848",North 2,Jalandhar,"2,204",-9,Critical
1978478,32,"September 19, 2026","1,940","27,848",North 2,Jalandhar,"2,204",-9,Critical
1978478,33,"September 19, 2026","1,940","27,848",North 2,Jalandhar,"2,204",-9,Critical
1978478,34,"September 19, 2026","1,940","27,848",North 2,Jalandhar,"2,204",-9,Critical
1978478,57,"September 19, 2026","1,940","27,848",North 2,Jalandhar,"2,204",-9,Critical
2010498,15,"September 19, 2026","1,514","23,600",East,Paradeep,"1,715",-9,Critical
2010498,16,"September 19, 2026","1,617","23,600",East,Paradeep,"1,820",-9,Critical
2010498,38,"September 19, 2026","1,514","23,600",East,Paradeep,"1,715",-9,Critical
2011649,32,"September 13, 2027","1,735","27,848",South 1,Bangalore,"1,963",-9,Critical
2011649,33,"September 13, 2027","1,735","27,848",South 1,Bangalore,"1,963",-9,Critical
2011649,34,"September 13, 2027","1,735","27,848",South 1,Bangalore,"1,963",-9,Critical
2011649,35,"September 13, 2027","2,114","27,848",South 1,Bangalore,"2,383",-9,Critical
2011649,36,"September 13, 2027","2,114","27,848",South 1,Bangalore,"2,383",-9,Critical
2011649,37,"September 13, 2027","2,114","27,848",South 1,Bangalore,"2,383",-9,Critical
2011649,42,"September 13, 2027","2,494","27,848",South 1,Bangalore,"2,803",-9,Critical
2011649,43,"September 13, 2027","2,494","27,848",South 1,Bangalore,"2,803",-9,Critical
2011649,58,"September 13, 2027","1,735","27,848",South 1,Bangalore,"1,963",-9,Critical
2018989,19,"September 19, 2026","2,269","23,600",South 1,Bangalore,"2,573",-9,Critical
2018989,20,"September 19, 2026","2,269","23,600",South 1,Bangalore,"2,573",-9,Critical
2018989,51,"September 19, 2026","2,269","23,600",South 1,Bangalore,"2,573",-9,Critical
2026607,17,"September 19, 2026","1,313","20,000",South 1,Mangalore,"1,486",-9,Critical
2026607,18,"September 19, 2026","1,313","20,000",South 1,Mangalore,"1,486",-9,Critical
2026607,50,"September 19, 2026","1,313","20,000",South 1,Mangalore,"1,486",-9,Critical
2031351,27,"December 12, 2026","2,683","23,600",North 2,Chandigarh,"3,039",-9,Critical
2031351,28,"December 12, 2026","2,683","23,600",North 2,Chandigarh,"3,039",-9,Critical
2043614,21,"September 19, 2026","1,594","20,000",North 1,Noida,"1,811",-9,Critical
2043614,22,"September 19, 2026","1,594","20,000",North 1,Noida,"1,811",-9,Critical
2043614,23,"September 19, 2026","1,698","20,000",North 1,Noida,"1,909",-9,Critical
2043614,24,"September 19, 2026","1,698","20,000",North 1,Noida,"1,909",-9,Critical
2043614,39,"September 19, 2026","1,594","20,000",North 1,Noida,"1,811",-9,Critical
2043614,40,"September 19, 2026","1,698","20,000",North 1,Noida,"1,909",-9,Critical
2043614,83,"September 19, 2026","1,594","20,000",North 1,Noida,"1,811",-9,Critical
3006134,23,"November 1, 2026","1,870","23,600",East,Bhubaneswar,"2,102",-9,Critical
3006134,23,"November 2, 2026","1,870","23,600",East,Bhubaneswar,"2,102",-9,Critical
3006134,23,"November 3, 2026","1,870","23,600",East,Bhubaneswar,"2,102",-9,Critical
3006134,23,"November 4, 2026","1,870","23,600",East,Bhubaneswar,"2,102",-9,Critical
3006134,23,"November 5, 2026","1,870","23,600",East,Bhubaneswar,"2,102",-9,Critical
3006134,23,"November 12, 2026","1,870","23,600",East,Bhubaneswar,"2,102",-9,Critical
3006134,24,"November 1, 2026","1,870","23,600",East,Bhubaneswar,"2,102",-9,Critical
3006134,24,"November 2, 2026","1,870","23,600",East,Bhubaneswar,"2,102",-9,Critical
3006134,24,"November 3, 2026","1,870","23,600",East,Bhubaneswar,"2,102",-9,Critical
3006134,24,"November 4, 2026","1,870","23,600",East,Bhubaneswar,"2,102",-9,Critical
3006134,24,"November 5, 2026","1,870","23,600",East,Bhubaneswar,"2,102",-9,Critical
3006134,24,"November 12, 2026","1,870","23,600",East,Bhubaneswar,"2,102",-9,Critical
3006134,29,"November 18, 2026","1,996","23,600",East,Bhubaneswar,"2,264",-9,Critical
3006134,29,"November 19, 2026","1,996","23,600",East,Bhubaneswar,"2,264",-9,Critical
3006134,29,"November 22, 2026","1,996","23,600",East,Bhubaneswar,"2,264",-9,Critical
3006134,29,"November 23, 2026","1,996","23,600",East,Bhubaneswar,"2,264",-9,Critical
3006134,29,"November 29, 2026","1,996","23,600",East,Bhubaneswar,"2,264",-9,Critical
3006134,29,"November 30, 2026","1,996","23,600",East,Bhubaneswar,"2,264",-9,Critical
3006134,30,"November 18, 2026","1,996","23,600",East,Bhubaneswar,"2,264",-9,Critical
3006134,30,"November 19, 2026","1,996","23,600",East,Bhubaneswar,"2,264",-9,Critical
3006134,30,"November 22, 2026","1,996","23,600",East,Bhubaneswar,"2,264",-9,Critical
3006134,30,"November 23, 2026","1,996","23,600",East,Bhubaneswar,"2,264",-9,Critical
3006134,30,"November 29, 2026","1,996","23,600",East,Bhubaneswar,"2,264",-9,Critical
3006134,30,"November 30, 2026","1,996","23,600",East,Bhubaneswar,"2,264",-9,Critical
3006134,31,"November 18, 2026","1,996","23,600",East,Bhubaneswar,"2,264",-9,Critical
3006134,31,"November 19, 2026","1,996","23,600",East,Bhubaneswar,"2,264",-9,Critical
3006134,31,"November 22, 2026","1,996","23,600",East,Bhubaneswar,"2,264",-9,Critical
3006134,31,"November 23, 2026","1,996","23,600",East,Bhubaneswar,"2,264",-9,Critical
3006134,31,"November 29, 2026","1,996","23,600",East,Bhubaneswar,"2,264",-9,Critical
3006134,31,"November 30, 2026","1,996","23,600",East,Bhubaneswar,"2,264",-9,Critical
3006134,40,"November 1, 2026","1,870","23,600",East,Bhubaneswar,"2,102",-9,Critical
3006134,40,"November 2, 2026","1,870","23,600",East,Bhubaneswar,"2,102",-9,Critical
3006134,40,"November 3, 2026","1,870","23,600",East,Bhubaneswar,"2,102",-9,Critical
3006134,40,"November 4, 2026","1,870","23,600",East,Bhubaneswar,"2,102",-9,Critical
3006134,40,"November 5, 2026","1,870","23,600",East,Bhubaneswar,"2,102",-9,Critical
3006134,40,"November 12, 2026","1,870","23,600",East,Bhubaneswar,"2,102",-9,Critical
3006134,57,"November 18, 2026","1,996","23,600",East,Bhubaneswar,"2,264",-9,Critical
3006134,57,"November 19, 2026","1,996","23,600",East,Bhubaneswar,"2,264",-9,Critical
3006134,57,"November 22, 2026","1,996","23,600",East,Bhubaneswar,"2,264",-9,Critical
3006134,57,"November 23, 2026","1,996","23,600",East,Bhubaneswar,"2,264",-9,Critical
3006134,57,"November 29, 2026","1,996","23,600",East,Bhubaneswar,"2,264",-9,Critical
3006134,57,"November 30, 2026","1,996","23,600",East,Bhubaneswar,"2,264",-9,Critical
3006134,89,"November 18, 2026","1,996","23,600",East,Bhubaneswar,"2,264",-9,Critical
3006134,89,"November 19, 2026","1,996","23,600",East,Bhubaneswar,"2,264",-9,Critical
3006134,89,"November 22, 2026","1,996","23,600",East,Bhubaneswar,"2,264",-9,Critical
3006134,89,"November 23, 2026","1,996","23,600",East,Bhubaneswar,"2,264",-9,Critical
3006134,89,"November 29, 2026","1,996","23,600",East,Bhubaneswar,"2,264",-9,Critical
3006134,89,"November 30, 2026","1,996","23,600",East,Bhubaneswar,"2,264",-9,Critical
4138782,21,"September 19, 2026","1,826","23,600",North 1,Manesar,"2,077",-9,Critical
4138782,22,"September 19, 2026","1,826","23,600",North 1,Manesar,"2,077",-9,Critical
4138782,23,"September 19, 2026","1,964","23,600",North 1,Manesar,"2,217",-9,Critical
4138782,24,"September 19, 2026","1,964","23,600",North 1,Manesar,"2,217",-9,Critical
4138782,39,"September 19, 2026","1,826","23,600",North 1,Manesar,"2,077",-9,Critical
4138782,40,"September 19, 2026","1,964","23,600",North 1,Manesar,"2,217",-9,Critical
4138782,83,"September 19, 2026","1,826","23,600",North 1,Manesar,"2,077",-9,Critical
4471338,21,"September 19, 2026","1,770","23,600",North 2,Dalhousie,"2,010",-9,Critical
4471338,22,"September 19, 2026","1,770","23,600",North 2,Dalhousie,"2,010",-9,Critical
4471338,23,"September 19, 2026","1,770","23,600",North 2,Dalhousie,"2,010",-9,Critical
4471338,24,"September 19, 2026","1,770","23,600",North 2,Dalhousie,"2,010",-9,Critical
4471338,39,"September 19, 2026","1,770","23,600",North 2,Dalhousie,"2,010",-9,Critical
4471338,40,"September 19, 2026","1,770","23,600",North 2,Dalhousie,"2,010",-9,Critical
4471338,83,"September 19, 2026","1,770","23,600",North 2,Dalhousie,"2,010",-9,Critical
6474322,21,"September 17, 2026","1,568","23,600",South 1,Kannur,"1,778",-9,Critical
6474322,22,"September 17, 2026","1,568","23,600",South 1,Kannur,"1,778",-9,Critical
6474322,23,"September 17, 2026","1,637","23,600",South 1,Kannur,"1,848",-9,Critical
6474322,24,"September 17, 2026","1,637","23,600",South 1,Kannur,"1,848",-9,Critical
6474322,39,"September 17, 2026","1,568","23,600",South 1,Kannur,"1,778",-9,Critical
6474322,40,"September 17, 2026","1,637","23,600",South 1,Kannur,"1,848",-9,Critical
6474322,83,"September 17, 2026","1,568","23,600",South 1,Kannur,"1,778",-9,Critical
0191524,27,"September 19, 2026","2,836","23,600",South 1,Alleppey,"3,242",-10,Critical
0191524,28,"September 19, 2026","2,836","23,600",South 1,Alleppey,"3,242",-10,Critical
0262502,17,"September 19, 2026","1,807","23,600",South 2,Coimbatore,"2,069",-10,Critical
0262502,18,"September 19, 2026","1,807","23,600",South 2,Coimbatore,"2,069",-10,Critical
0327829,27,"December 12, 2026","1,857","23,600",North 1,Jaipur,"2,130",-10,Critical
0327829,28,"December 12, 2026","1,857","23,600",North 1,Jaipur,"2,130",-10,Critical
1143227,25,"September 16, 2026","1,759","23,600",South 1,Munnar,"2,025",-10,Critical
1143227,26,"September 16, 2026","1,759","23,600",South 1,Munnar,"2,025",-10,Critical
1152305,21,"September 19, 2026","1,855","23,600",South 1,Kochi,"2,128",-10,Critical
1152305,21,"September 19, 2026","1,855","23,600",South 1,Kochi,"2,128",-10,Critical
1152305,22,"September 19, 2026","1,855","23,600",South 1,Kochi,"2,128",-10,Critical
1152305,22,"September 19, 2026","1,855","23,600",South 1,Kochi,"2,128",-10,Critical
1152305,39,"September 19, 2026","1,855","23,600",South 1,Kochi,"2,128",-10,Critical
1152305,83,"September 19, 2026","1,855","23,600",South 1,Kochi,"2,128",-10,Critical
1166252,17,"September 19, 2026","1,429","23,600",South 1,Kochi,"1,635",-10,Critical
1166252,18,"September 19, 2026","1,429","23,600",South 1,Kochi,"1,635",-10,Critical
1204840,17,"November 12, 2026","1,447","27,848",North 2,Shimla,"1,663",-10,Critical
1204840,18,"November 12, 2026","1,447","27,848",North 2,Shimla,"1,663",-10,Critical
1204840,19,"November 12, 2026","1,447","27,848",North 2,Shimla,"1,663",-10,Critical
1204840,20,"November 12, 2026","1,447","27,848",North 2,Shimla,"1,663",-10,Critical
1204840,25,"October 3, 2026","1,833","27,848",North 2,Shimla,"2,089",-10,Critical
1204840,26,"October 3, 2026","1,833","27,848",North 2,Shimla,"2,089",-10,Critical
1204840,50,"November 12, 2026","1,447","27,848",North 2,Shimla,"1,663",-10,Critical
1206822,17,"October 2, 2026","2,176","23,600",North 2,Shimla,"2,484",-10,Critical
1206822,17,"October 3, 2026","2,176","23,600",North 2,Shimla,"2,484",-10,Critical
1206822,18,"October 2, 2026","2,176","23,600",North 2,Shimla,"2,484",-10,Critical
1206822,18,"October 3, 2026","2,176","23,600",North 2,Shimla,"2,484",-10,Critical
1206822,19,"October 2, 2026","2,176","23,600",North 2,Shimla,"2,484",-10,Critical
1206822,19,"October 3, 2026","2,176","23,600",North 2,Shimla,"2,484",-10,Critical
1206822,20,"October 2, 2026","2,176","23,600",North 2,Shimla,"2,484",-10,Critical
1206822,20,"October 3, 2026","2,176","23,600",North 2,Shimla,"2,484",-10,Critical
1206822,50,"October 2, 2026","2,176","23,600",North 2,Shimla,"2,484",-10,Critical
1206822,50,"October 3, 2026","2,176","23,600",North 2,Shimla,"2,484",-10,Critical
1206822,51,"October 2, 2026","2,176","23,600",North 2,Shimla,"2,484",-10,Critical
1206822,51,"October 3, 2026","2,176","23,600",North 2,Shimla,"2,484",-10,Critical
1206822,87,"October 2, 2026","2,176","23,600",North 2,Shimla,"2,484",-10,Critical
1206822,87,"October 3, 2026","2,176","23,600",North 2,Shimla,"2,484",-10,Critical
1213613,27,"September 13, 2027","3,342","23,600",North 1,New Delhi,"3,812",-10,Critical
1213613,28,"September 13, 2027","3,342","23,600",North 1,New Delhi,"3,812",-10,Critical
1215728,27,"September 13, 2027","4,361","23,600",North 1,New Delhi,"5,005",-10,Critical
1215728,28,"September 13, 2027","4,361","23,600",North 1,New Delhi,"5,005",-10,Critical
1215728,35,"September 13, 2027","4,568","23,600",North 1,New Delhi,"5,215",-10,Critical
1215728,36,"September 13, 2027","4,568","23,600",North 1,New Delhi,"5,215",-10,Critical
1215728,37,"September 13, 2027","4,568","23,600",North 1,New Delhi,"5,215",-10,Critical
1218072,17,"November 24, 2026","5,399","23,600",North 1,New Delhi,"6,190",-10,Critical
1218072,18,"November 24, 2026","5,399","23,600",North 1,New Delhi,"6,190",-10,Critical
1218072,19,"November 24, 2026","5,503","23,600",North 1,New Delhi,"6,295",-10,Critical
1218072,20,"November 24, 2026","5,503","23,600",North 1,New Delhi,"6,295",-10,Critical
1218072,21,"November 23, 2026","5,835","23,600",North 1,New Delhi,"6,680",-10,Critical
1218072,22,"November 23, 2026","5,835","23,600",North 1,New Delhi,"6,680",-10,Critical
1218072,23,"November 23, 2026","5,956","23,600",North 1,New Delhi,"6,803",-10,Critical
1218072,24,"November 23, 2026","5,956","23,600",North 1,New Delhi,"6,803",-10,Critical
1218072,25,"November 23, 2026","5,801","23,600",North 1,New Delhi,"6,645",-10,Critical
1218072,26,"November 23, 2026","5,801","23,600",North 1,New Delhi,"6,645",-10,Critical
1218072,27,"September 19, 2026","3,662","23,600",North 1,New Delhi,"4,206",-10,Critical
1218072,27,"November 22, 2026","6,289","23,600",North 1,New Delhi,"7,223",-10,Critical
1218072,27,"November 25, 2026","6,288","23,600",North 1,New Delhi,"7,223",-10,Critical
1218072,27,"November 26, 2026","6,282","23,600",North 1,New Delhi,"7,223",-10,Critical
1218072,28,"September 19, 2026","3,662","23,600",North 1,New Delhi,"4,206",-10,Critical
1218072,28,"November 22, 2026","6,289","23,600",North 1,New Delhi,"7,223",-10,Critical
1218072,28,"November 25, 2026","6,288","23,600",North 1,New Delhi,"7,223",-10,Critical
1218072,28,"November 26, 2026","6,282","23,600",North 1,New Delhi,"7,223",-10,Critical
1218072,39,"November 23, 2026","5,835","23,600",North 1,New Delhi,"6,680",-10,Critical
1218072,40,"November 23, 2026","5,956","23,600",North 1,New Delhi,"6,803",-10,Critical
1218072,50,"November 24, 2026","5,399","23,600",North 1,New Delhi,"6,190",-10,Critical
1218072,51,"November 24, 2026","5,503","23,600",North 1,New Delhi,"6,295",-10,Critical
1218072,83,"November 23, 2026","5,835","23,600",North 1,New Delhi,"6,680",-10,Critical
1218072,87,"November 24, 2026","5,399","23,600",North 1,New Delhi,"6,190",-10,Critical
1229511,19,"September 19, 2026","1,278","23,600",North 2,Varanasi,"1,468",-10,Critical
1229511,20,"September 19, 2026","1,278","23,600",North 2,Varanasi,"1,468",-10,Critical
1229511,51,"September 19, 2026","1,278","23,600",North 2,Varanasi,"1,468",-10,Critical
1231999,29,"September 13, 2027","2,033","23,600",South 2,Vijayawada,"2,326",-10,Critical
1231999,30,"September 13, 2027","2,033","23,600",South 2,Vijayawada,"2,326",-10,Critical
1231999,31,"September 13, 2027","2,033","23,600",South 2,Vijayawada,"2,326",-10,Critical
1231999,57,"September 13, 2027","2,033","23,600",South 2,Vijayawada,"2,326",-10,Critical
1231999,89,"September 13, 2027","2,033","20,000",South 2,Vijayawada,"2,326",-10,Critical
1245105,29,"September 19, 2026","2,867","23,600",South 2,Chennai,"3,267",-10,Critical
1245105,30,"September 19, 2026","2,867","23,600",South 2,Chennai,"3,267",-10,Critical
1245105,31,"September 19, 2026","2,867","23,600",South 2,Chennai,"3,267",-10,Critical
1245105,57,"September 19, 2026","2,867","23,600",South 2,Chennai,"3,267",-10,Critical
1269686,19,"September 19, 2026","1,519","23,600",South 2,Coimbatore,"1,730",-10,Critical
1269686,20,"September 19, 2026","1,519","23,600",South 2,Coimbatore,"1,730",-10,Critical
1291813,21,"September 19, 2026","2,518","23,600",South 2,Visakhapatnam,"2,865",-10,Critical
1291813,22,"September 19, 2026","2,518","23,600",South 2,Visakhapatnam,"2,865",-10,Critical
1291813,39,"September 19, 2026","2,518","23,600",South 2,Visakhapatnam,"2,865",-10,Critical
1291813,83,"September 19, 2026","2,518","23,600",South 2,Visakhapatnam,"2,865",-10,Critical
1307656,17,"December 12, 2026","1,195","23,600",North 2,Agra,"1,364",-10,Critical
1307656,18,"December 12, 2026","1,195","23,600",North 2,Agra,"1,364",-10,Critical
1307656,19,"December 12, 2026","1,195","23,600",North 2,Agra,"1,364",-10,Critical
1307656,20,"December 12, 2026","1,195","23,600",North 2,Agra,"1,364",-10,Critical
1307656,50,"December 12, 2026","1,195","23,600",North 2,Agra,"1,364",-10,Critical
1319620,32,"September 13, 2026","1,755","23,600",North 1,Udaipur,"2,006",-10,Critical
1319620,33,"September 13, 2026","1,755","23,600",North 1,Udaipur,"2,006",-10,Critical
1319620,34,"September 13, 2026","1,755","23,600",North 1,Udaipur,"2,006",-10,Critical
1319620,58,"September 13, 2026","1,755","23,600",North 1,Udaipur,"2,006",-10,Critical
1324743,21,"September 19, 2026","1,733","27,848",North 1,Jaipur,"1,994",-10,Critical
1324743,22,"September 19, 2026","1,733","27,848",North 1,Jaipur,"1,994",-10,Critical
1324743,23,"September 19, 2026","1,802","27,848",North 1,Jaipur,"2,064",-10,Critical
1324743,24,"September 19, 2026","1,802","27,848",North 1,Jaipur,"2,064",-10,Critical
1324743,39,"September 19, 2026","1,733","27,848",North 1,Jaipur,"1,994",-10,Critical
1324743,40,"September 19, 2026","1,802","27,848",North 1,Jaipur,"2,064",-10,Critical
1324743,83,"September 19, 2026","1,733","27,848",North 1,Jaipur,"1,994",-10,Critical
1373375,23,"September 19, 2026","2,395","23,600",West,Thane,"2,743",-10,Critical
1373375,24,"September 19, 2026","2,395","23,600",West,Thane,"2,743",-10,Critical
1373375,40,"September 19, 2026","2,395","23,600",West,Thane,"2,743",-10,Critical
1374088,29,"September 13, 2027","2,550","23,600",West,Mumbai,"2,925",-10,Critical
1374088,30,"September 13, 2027","2,550","23,600",West,Mumbai,"2,925",-10,Critical
1374088,31,"September 13, 2027","2,550","23,600",West,Mumbai,"2,925",-10,Critical
1374088,57,"September 13, 2027","2,550","23,600",West,Mumbai,"2,925",-10,Critical
1379624,27,"September 13, 2027","3,813","23,600",West,Mumbai,"4,365",-10,Critical
1379624,28,"September 13, 2027","3,813","23,600",West,Mumbai,"4,365",-10,Critical
1381105,27,"September 13, 2027","1,853","23,600",West,Goa,"2,135",-10,Critical
1381105,28,"September 13, 2027","1,853","23,600",West,Goa,"2,135",-10,Critical
1381192,17,"September 13, 2027","2,000","23,600",West,Goa,"2,286",-10,Critical
1381192,18,"September 13, 2027","2,000","23,600",West,Goa,"2,286",-10,Critical
1381192,50,"September 13, 2027","2,000","23,600",West,Goa,"2,286",-10,Critical
1391921,21,"September 19, 2026","1,199","23,600",North 1,Ahmedabad,"1,378",-10,Critical
1391921,22,"September 19, 2026","1,199","23,600",North 1,Ahmedabad,"1,378",-10,Critical
1391921,39,"September 19, 2026","1,199","23,600",North 1,Ahmedabad,"1,378",-10,Critical
1396947,17,"September 13, 2027","2,857","23,600",North 1,Ahmedabad,"3,266",-10,Critical
1396947,18,"September 13, 2027","2,857","23,600",North 1,Ahmedabad,"3,266",-10,Critical
1396947,50,"September 13, 2027","2,857","23,600",North 1,Ahmedabad,"3,266",-10,Critical
1396947,87,"September 13, 2027","2,857","23,600",North 1,Ahmedabad,"3,266",-10,Critical
1431135,15,"November 22, 2026","5,221","23,600",North 1,Noida,"5,988",-10,Critical
1431135,15,"November 23, 2026","5,221","23,600",North 1,Noida,"5,988",-10,Critical
1431135,15,"November 24, 2026","5,221","23,600",North 1,Noida,"5,988",-10,Critical
1431135,15,"November 25, 2026","5,221","23,600",North 1,Noida,"5,988",-10,Critical
1431135,15,"November 26, 2026","5,221","23,600",North 1,Noida,"5,988",-10,Critical
1431135,16,"November 22, 2026","5,290","23,600",North 1,Noida,"6,053",-10,Critical
1431135,16,"November 23, 2026","5,290","23,600",North 1,Noida,"6,053",-10,Critical
1431135,16,"November 24, 2026","5,290","23,600",North 1,Noida,"6,053",-10,Critical
1431135,16,"November 25, 2026","5,290","23,600",North 1,Noida,"6,053",-10,Critical
1431135,16,"November 26, 2026","5,290","23,600",North 1,Noida,"6,053",-10,Critical
1431135,23,"November 22, 2026","5,635","23,600",North 1,Noida,"6,483",-10,Critical
1431135,23,"November 23, 2026","5,635","23,600",North 1,Noida,"6,483",-10,Critical
1431135,23,"November 24, 2026","5,635","23,600",North 1,Noida,"6,483",-10,Critical
1431135,23,"November 25, 2026","5,635","23,600",North 1,Noida,"6,483",-10,Critical
1431135,23,"November 26, 2026","5,635","23,600",North 1,Noida,"6,483",-10,Critical
1431135,24,"November 22, 2026","5,635","23,600",North 1,Noida,"6,483",-10,Critical
1431135,24,"November 23, 2026","5,635","23,600",North 1,Noida,"6,483",-10,Critical
1431135,24,"November 24, 2026","5,635","23,600",North 1,Noida,"6,483",-10,Critical
1431135,24,"November 25, 2026","5,635","23,600",North 1,Noida,"6,483",-10,Critical
1431135,24,"November 26, 2026","5,635","23,600",North 1,Noida,"6,483",-10,Critical
1431135,27,"November 22, 2026","5,980","23,600",North 1,Noida,"6,808",-10,Critical
1431135,27,"November 23, 2026","5,980","23,600",North 1,Noida,"6,808",-10,Critical
1431135,27,"November 24, 2026","5,980","23,600",North 1,Noida,"6,808",-10,Critical
1431135,27,"November 25, 2026","5,980","23,600",North 1,Noida,"6,808",-10,Critical
1431135,27,"November 26, 2026","5,980","23,600",North 1,Noida,"6,808",-10,Critical
1431135,28,"November 22, 2026","5,980","23,600",North 1,Noida,"6,808",-10,Critical
1431135,28,"November 23, 2026","5,980","23,600",North 1,Noida,"6,808",-10,Critical
1431135,28,"November 24, 2026","5,980","23,600",North 1,Noida,"6,808",-10,Critical
1431135,28,"November 25, 2026","5,980","23,600",North 1,Noida,"6,808",-10,Critical
1431135,28,"November 26, 2026","5,980","23,600",North 1,Noida,"6,808",-10,Critical
1431135,38,"November 22, 2026","5,221","23,600",North 1,Noida,"5,988",-10,Critical
1431135,38,"November 23, 2026","5,221","23,600",North 1,Noida,"5,988",-10,Critical
1431135,38,"November 24, 2026","5,221","23,600",North 1,Noida,"5,988",-10,Critical
1431135,38,"November 25, 2026","5,221","23,600",North 1,Noida,"5,988",-10,Critical
1431135,38,"November 26, 2026","5,221","23,600",North 1,Noida,"5,988",-10,Critical
1431135,40,"November 22, 2026","5,635","23,600",North 1,Noida,"6,483",-10,Critical
1431135,40,"November 23, 2026","5,635","23,600",North 1,Noida,"6,483",-10,Critical
1431135,40,"November 24, 2026","5,635","23,600",North 1,Noida,"6,483",-10,Critical
1431135,40,"November 25, 2026","5,635","23,600",North 1,Noida,"6,483",-10,Critical
1431135,40,"November 26, 2026","5,635","23,600",North 1,Noida,"6,483",-10,Critical
1435465,15,"November 22, 2026","5,312","23,600",North 1,Noida,"6,055",-10,Critical
1435465,15,"November 23, 2026","5,312","23,600",North 1,Noida,"6,055",-10,Critical
1435465,15,"November 24, 2026","5,312","23,600",North 1,Noida,"6,055",-10,Critical
1435465,15,"November 25, 2026","5,312","23,600",North 1,Noida,"6,055",-10,Critical
1435465,15,"November 26, 2026","5,312","23,600",North 1,Noida,"6,055",-10,Critical
1435465,17,"November 22, 2026","5,381","23,600",North 1,Noida,"6,190",-10,Critical
1435465,17,"November 23, 2026","5,381","23,600",North 1,Noida,"6,190",-10,Critical
1435465,17,"November 24, 2026","5,381","23,600",North 1,Noida,"6,190",-10,Critical
1435465,17,"November 25, 2026","5,381","23,600",North 1,Noida,"6,190",-10,Critical
1435465,17,"November 26, 2026","5,381","23,600",North 1,Noida,"6,190",-10,Critical
1435465,18,"November 22, 2026","5,381","23,600",North 1,Noida,"6,190",-10,Critical
1435465,18,"November 23, 2026","5,381","23,600",North 1,Noida,"6,190",-10,Critical
1435465,18,"November 24, 2026","5,381","23,600",North 1,Noida,"6,190",-10,Critical
1435465,18,"November 25, 2026","5,381","23,600",North 1,Noida,"6,190",-10,Critical
1435465,18,"November 26, 2026","5,381","23,600",North 1,Noida,"6,190",-10,Critical
1435465,19,"November 22, 2026","5,519","23,600",North 1,Noida,"6,320",-10,Critical
1435465,19,"November 23, 2026","5,519","23,600",North 1,Noida,"6,320",-10,Critical
1435465,19,"November 24, 2026","5,519","23,600",North 1,Noida,"6,320",-10,Critical
1435465,19,"November 25, 2026","5,519","23,600",North 1,Noida,"6,320",-10,Critical
1435465,19,"November 26, 2026","5,519","23,600",North 1,Noida,"6,320",-10,Critical
1435465,38,"November 22, 2026","5,312","23,600",North 1,Noida,"6,055",-10,Critical
1435465,38,"November 23, 2026","5,312","23,600",North 1,Noida,"6,055",-10,Critical
1435465,38,"November 24, 2026","5,312","23,600",North 1,Noida,"6,055",-10,Critical
1435465,38,"November 25, 2026","5,312","23,600",North 1,Noida,"6,055",-10,Critical
1435465,38,"November 26, 2026","5,312","23,600",North 1,Noida,"6,055",-10,Critical
1456807,27,"December 12, 2026","2,265","23,600",South 1,Manipal,"2,604",-10,Critical
1456807,28,"December 12, 2026","2,265","23,600",South 1,Manipal,"2,604",-10,Critical
1456807,29,"December 12, 2026","2,265","23,600",South 1,Manipal,"2,604",-10,Critical
1456807,30,"December 12, 2026","2,265","23,600",South 1,Manipal,"2,604",-10,Critical
1456807,31,"December 12, 2026","2,265","23,600",South 1,Manipal,"2,604",-10,Critical
1456807,32,"December 12, 2026","2,334","23,600",South 1,Manipal,"2,669",-10,Critical
1456807,33,"December 12, 2026","2,334","23,600",South 1,Manipal,"2,669",-10,Critical
1456807,34,"December 12, 2026","2,334","23,600",South 1,Manipal,"2,669",-10,Critical
1456807,57,"December 12, 2026","2,265","23,600",South 1,Manipal,"2,604",-10,Critical
1472508,24179,"September 19, 2026","2,631","23,600",South 1,Coorg,"3,014",-10,Critical
1472508,24180,"September 19, 2026","2,631","23,600",South 1,Coorg,"3,014",-10,Critical
1472508,24181,"September 19, 2026","2,631","23,600",South 1,Coorg,"3,014",-10,Critical
1472508,24182,"September 19, 2026","2,631","23,600",South 1,Coorg,"3,014",-10,Critical
1472508,24183,"September 19, 2026","2,631","23,600",South 1,Coorg,"3,014",-10,Critical
1472508,24184,"September 19, 2026","2,631","23,600",South 1,Coorg,"3,014",-10,Critical
1472508,24185,"September 19, 2026","2,631","23,600",South 1,Coorg,"3,014",-10,Critical
1472508,29,"September 19, 2026","2,631","23,600",South 1,Coorg,"3,014",-10,Critical
1472508,30,"September 19, 2026","2,631","23,600",South 1,Coorg,"3,014",-10,Critical
1472508,31,"September 19, 2026","2,631","23,600",South 1,Coorg,"3,014",-10,Critical
1472508,32,"September 19, 2026","2,631","23,600",South 1,Coorg,"3,014",-10,Critical
1472508,33,"September 19, 2026","2,631","23,600",South 1,Coorg,"3,014",-10,Critical
1472508,34,"September 19, 2026","2,631","23,600",South 1,Coorg,"3,014",-10,Critical
1472508,57,"September 19, 2026","2,631","23,600",South 1,Coorg,"3,014",-10,Critical
1472508,58,"September 19, 2026","2,631","23,600",South 1,Coorg,"3,014",-10,Critical
1472508,89,"September 19, 2026","2,631","23,600",South 1,Coorg,"3,014",-10,Critical
1472508,90,"September 19, 2026","2,631","23,600",South 1,Coorg,"3,014",-10,Critical
1475870,27,"December 12, 2026","3,441","23,600",South 1,Coorg,"3,931",-10,Critical
1475870,28,"December 12, 2026","3,441","23,600",South 1,Coorg,"3,931",-10,Critical
1483570,17,"September 19, 2026","1,291","23,600",West,Kolhapur,"1,480",-10,Critical
1483570,18,"September 19, 2026","1,291","23,600",West,Kolhapur,"1,480",-10,Critical
1483570,19,"September 19, 2026","1,360","23,600",West,Kolhapur,"1,549",-10,Critical
1483570,20,"September 19, 2026","1,360","23,600",West,Kolhapur,"1,549",-10,Critical
1483570,50,"September 19, 2026","1,291","23,600",West,Kolhapur,"1,480",-10,Critical
1483570,51,"September 19, 2026","1,360","23,600",West,Kolhapur,"1,549",-10,Critical
1483570,87,"September 19, 2026","1,291","23,600",West,Kolhapur,"1,480",-10,Critical
1552629,23,"September 19, 2026","2,500","23,600",West,Nagpur,"2,864",-10,Critical
1552629,24,"September 19, 2026","2,500","23,600",West,Nagpur,"2,864",-10,Critical
1552629,40,"September 19, 2026","2,500","23,600",West,Nagpur,"2,864",-10,Critical
1555547,21,"September 19, 2026","1,603","23,600",West,Nagpur,"1,838",-10,Critical
1555547,22,"September 19, 2026","1,603","23,600",West,Nagpur,"1,838",-10,Critical
1555547,39,"September 19, 2026","1,603","23,600",West,Nagpur,"1,838",-10,Critical
1593321,25,"September 13, 2027","1,470","27,848",South 2,Hyderabad,"1,690",-10,Critical
1595502,27,"September 13, 2027","1,813","23,600",South 2,Hyderabad,"2,063",-10,Critical
1595502,28,"September 13, 2027","1,813","23,600",South 2,Hyderabad,"2,063",-10,Critical
1596319,19,"September 13, 2027","2,212","27,848",South 2,Hyderabad,"2,520",-10,Critical
1596319,20,"September 13, 2027","2,212","27,848",South 2,Hyderabad,"2,520",-10,Critical
1597226,17,"September 19, 2026","2,081","23,600",South 2,Hyderabad,"2,381",-10,Critical
1597226,18,"September 19, 2026","2,081","23,600",South 2,Hyderabad,"2,381",-10,Critical
1609002,27,"September 19, 2026","2,662","23,600",North 2,Mussoorie,"3,031",-10,Critical
1609002,28,"September 19, 2026","2,662","23,600",North 2,Mussoorie,"3,031",-10,Critical
1609002,32,"September 19, 2026","2,524","23,600",North 2,Mussoorie,"2,891",-10,Critical
1609002,33,"September 19, 2026","2,524","23,600",North 2,Mussoorie,"2,891",-10,Critical
1609002,34,"September 19, 2026","2,524","23,600",North 2,Mussoorie,"2,891",-10,Critical
1609002,58,"September 19, 2026","2,524","23,600",North 2,Mussoorie,"2,891",-10,Critical
1614818,17,"December 1, 2026","1,654","20,000",East,Bhubaneswar,"1,897",-10,Critical
1614818,17,"December 2, 2026","1,654","20,000",East,Bhubaneswar,"1,897",-10,Critical
1614818,17,"December 3, 2026","1,654","20,000",East,Bhubaneswar,"1,897",-10,Critical
1614818,17,"December 6, 2026","1,654","20,000",East,Bhubaneswar,"1,897",-10,Critical
1614818,17,"December 7, 2026","1,654","20,000",East,Bhubaneswar,"1,897",-10,Critical
1614818,17,"December 8, 2026","1,654","20,000",East,Bhubaneswar,"1,897",-10,Critical
1614818,17,"December 9, 2026","1,654","20,000",East,Bhubaneswar,"1,897",-10,Critical
1614818,17,"December 10, 2026","1,654","20,000",East,Bhubaneswar,"1,897",-10,Critical
1614818,18,"December 1, 2026","1,654","20,000",East,Bhubaneswar,"1,897",-10,Critical
1614818,18,"December 2, 2026","1,654","20,000",East,Bhubaneswar,"1,897",-10,Critical
1614818,18,"December 3, 2026","1,654","20,000",East,Bhubaneswar,"1,897",-10,Critical
1614818,18,"December 6, 2026","1,654","20,000",East,Bhubaneswar,"1,897",-10,Critical
1614818,18,"December 7, 2026","1,654","20,000",East,Bhubaneswar,"1,897",-10,Critical
1614818,18,"December 8, 2026","1,654","20,000",East,Bhubaneswar,"1,897",-10,Critical
1614818,18,"December 9, 2026","1,654","20,000",East,Bhubaneswar,"1,897",-10,Critical
1614818,18,"December 10, 2026","1,654","20,000",East,Bhubaneswar,"1,897",-10,Critical
1614818,21,"November 11, 2026","1,999","20,000",East,Bhubaneswar,"2,276",-10,Critical
1614818,21,"November 17, 2026","1,999","20,000",East,Bhubaneswar,"2,276",-10,Critical
1614818,21,"November 24, 2026","1,999","20,000",East,Bhubaneswar,"2,276",-10,Critical
1614818,21,"November 25, 2026","1,999","20,000",East,Bhubaneswar,"2,276",-10,Critical
1614818,21,"November 26, 2026","1,999","20,000",East,Bhubaneswar,"2,276",-10,Critical
1614818,21,"December 4, 2026","1,999","20,000",East,Bhubaneswar,"2,298",-10,Critical
1614818,21,"December 5, 2026","1,999","20,000",East,Bhubaneswar,"2,298",-10,Critical
1614818,21,"December 11, 2026","1,999","20,000",East,Bhubaneswar,"2,298",-10,Critical
1614818,21,"December 12, 2026","1,999","20,000",East,Bhubaneswar,"2,298",-10,Critical
1614818,22,"November 11, 2026","1,999","20,000",East,Bhubaneswar,"2,276",-10,Critical
1614818,22,"November 17, 2026","1,999","20,000",East,Bhubaneswar,"2,276",-10,Critical
1614818,22,"November 24, 2026","1,999","20,000",East,Bhubaneswar,"2,276",-10,Critical
1614818,22,"November 25, 2026","1,999","20,000",East,Bhubaneswar,"2,276",-10,Critical
1614818,22,"November 26, 2026","1,999","20,000",East,Bhubaneswar,"2,276",-10,Critical
1614818,22,"December 4, 2026","1,999","20,000",East,Bhubaneswar,"2,298",-10,Critical
1614818,22,"December 5, 2026","1,999","20,000",East,Bhubaneswar,"2,298",-10,Critical
1614818,22,"December 11, 2026","1,999","20,000",East,Bhubaneswar,"2,298",-10,Critical
1614818,22,"December 12, 2026","1,999","20,000",East,Bhubaneswar,"2,298",-10,Critical
1614818,23,"November 20, 2026","2,173","20,000",East,Bhubaneswar,"2,493",-10,Critical
1614818,23,"November 21, 2026","2,173","20,000",East,Bhubaneswar,"2,493",-10,Critical
1614818,24,"November 20, 2026","2,173","20,000",East,Bhubaneswar,"2,493",-10,Critical
1614818,24,"November 21, 2026","2,173","20,000",East,Bhubaneswar,"2,493",-10,Critical
1614818,39,"November 11, 2026","1,999","20,000",East,Bhubaneswar,"2,276",-10,Critical
1614818,39,"November 17, 2026","1,999","20,000",East,Bhubaneswar,"2,276",-10,Critical
1614818,39,"November 24, 2026","1,999","20,000",East,Bhubaneswar,"2,276",-10,Critical
1614818,39,"November 25, 2026","1,999","20,000",East,Bhubaneswar,"2,276",-10,Critical
1614818,39,"November 26, 2026","1,999","20,000",East,Bhubaneswar,"2,276",-10,Critical
1614818,39,"December 4, 2026","1,999","20,000",East,Bhubaneswar,"2,298",-10,Critical
1614818,39,"December 5, 2026","1,999","20,000",East,Bhubaneswar,"2,298",-10,Critical
1614818,39,"December 11, 2026","1,999","20,000",East,Bhubaneswar,"2,298",-10,Critical
1614818,39,"December 12, 2026","1,999","20,000",East,Bhubaneswar,"2,298",-10,Critical
1614818,40,"November 20, 2026","2,173","20,000",East,Bhubaneswar,"2,493",-10,Critical
1614818,40,"November 21, 2026","2,173","20,000",East,Bhubaneswar,"2,493",-10,Critical
1614818,50,"December 1, 2026","1,654","20,000",East,Bhubaneswar,"1,897",-10,Critical
1614818,50,"December 2, 2026","1,654","20,000",East,Bhubaneswar,"1,897",-10,Critical
1614818,50,"December 3, 2026","1,654","20,000",East,Bhubaneswar,"1,897",-10,Critical
1614818,50,"December 6, 2026","1,654","20,000",East,Bhubaneswar,"1,897",-10,Critical
1614818,50,"December 7, 2026","1,654","20,000",East,Bhubaneswar,"1,897",-10,Critical
1614818,50,"December 8, 2026","1,654","20,000",East,Bhubaneswar,"1,897",-10,Critical
1614818,50,"December 9, 2026","1,654","20,000",East,Bhubaneswar,"1,897",-10,Critical
1614818,50,"December 10, 2026","1,654","20,000",East,Bhubaneswar,"1,897",-10,Critical
1614818,83,"November 11, 2026","1,999","20,000",East,Bhubaneswar,"2,276",-10,Critical
1614818,83,"November 17, 2026","1,999","20,000",East,Bhubaneswar,"2,276",-10,Critical
1614818,83,"November 24, 2026","1,999","20,000",East,Bhubaneswar,"2,276",-10,Critical
1614818,83,"November 25, 2026","1,999","20,000",East,Bhubaneswar,"2,276",-10,Critical
1614818,83,"November 26, 2026","1,999","20,000",East,Bhubaneswar,"2,276",-10,Critical
1614818,83,"December 4, 2026","1,999","20,000",East,Bhubaneswar,"2,298",-10,Critical
1614818,83,"December 5, 2026","1,999","20,000",East,Bhubaneswar,"2,298",-10,Critical
1614818,83,"December 11, 2026","1,999","20,000",East,Bhubaneswar,"2,298",-10,Critical
1614818,83,"December 12, 2026","1,999","20,000",East,Bhubaneswar,"2,298",-10,Critical
1617471,17,"October 27, 2026","1,702","23,600",East,Bhubaneswar,"1,945",-10,Critical
1617471,17,"October 28, 2026","1,702","23,600",East,Bhubaneswar,"1,945",-10,Critical
1617471,17,"October 29, 2026","1,702","23,600",East,Bhubaneswar,"1,945",-10,Critical
1617471,18,"October 27, 2026","1,702","23,600",East,Bhubaneswar,"1,945",-10,Critical
1617471,18,"October 28, 2026","1,702","23,600",East,Bhubaneswar,"1,945",-10,Critical
1617471,18,"October 29, 2026","1,702","23,600",East,Bhubaneswar,"1,945",-10,Critical
1618342,17,"September 19, 2026","1,304","20,000",East,Bhubaneswar,"1,501",-10,Critical
1618342,18,"September 19, 2026","1,304","20,000",East,Bhubaneswar,"1,501",-10,Critical
1618342,19,"September 19, 2026","1,373","20,000",East,Bhubaneswar,"1,566",-10,Critical
1618342,20,"September 19, 2026","1,373","20,000",East,Bhubaneswar,"1,566",-10,Critical
1618342,50,"September 19, 2026","1,304","20,000",East,Bhubaneswar,"1,501",-10,Critical
1755459,21,"September 19, 2026","2,053","23,600",North 1,Gandhinagar,"2,350",-10,Critical
1755459,22,"September 19, 2026","2,053","23,600",North 1,Gandhinagar,"2,350",-10,Critical
1755459,23,"September 19, 2026","2,139","23,600",North 1,Gandhinagar,"2,438",-10,Critical
1755459,24,"September 19, 2026","2,139","23,600",North 1,Gandhinagar,"2,438",-10,Critical
1755459,39,"September 19, 2026","2,053","23,600",North 1,Gandhinagar,"2,350",-10,Critical
1755459,40,"September 19, 2026","2,139","23,600",North 1,Gandhinagar,"2,438",-10,Critical
1755459,83,"September 19, 2026","2,053","23,600",North 1,Gandhinagar,"2,350",-10,Critical
1809628,25,"December 12, 2026","1,915","23,600",North 2,Chandigarh,"2,206",-10,Critical
1809628,26,"December 12, 2026","1,915","23,600",North 2,Chandigarh,"2,206",-10,Critical
1837134,21,"December 12, 2026","2,996","23,600",South 1,Thekkady,"3,438",-10,Critical
1837134,22,"December 12, 2026","2,996","23,600",South 1,Thekkady,"3,438",-10,Critical
1837134,23,"December 12, 2026","2,996","23,600",South 1,Thekkady,"3,438",-10,Critical
1837134,24,"December 12, 2026","2,996","23,600",South 1,Thekkady,"3,438",-10,Critical
1837134,39,"December 12, 2026","2,996","23,600",South 1,Thekkady,"3,438",-10,Critical
1837134,40,"December 12, 2026","2,996","23,600",South 1,Thekkady,"3,438",-10,Critical
1837134,83,"December 12, 2026","2,996","23,600",South 1,Thekkady,"3,438",-10,Critical
1884844,21,"September 19, 2026","1,473","23,600",North 2,Ludhiana,"1,683",-10,Critical
1884844,22,"September 19, 2026","1,473","23,600",North 2,Ludhiana,"1,683",-10,Critical
1884844,39,"September 19, 2026","1,473","23,600",North 2,Ludhiana,"1,683",-10,Critical
2013841,19,"September 19, 2026","1,132","23,600",South 1,Bangalore,"1,299",-10,Critical
2013841,20,"September 19, 2026","1,132","23,600",South 1,Bangalore,"1,299",-10,Critical
2022899,27,"December 12, 2026","2,116","23,600",North 2,Varanasi,"2,424",-10,Critical
2022899,28,"December 12, 2026","2,116","23,600",North 2,Varanasi,"2,424",-10,Critical
2022899,41,"December 12, 2026","2,116","23,600",North 2,Varanasi,"2,424",-10,Critical
2031351,23,"December 12, 2026","2,338","23,600",North 2,Chandigarh,"2,689",-10,Critical
2031351,24,"December 12, 2026","2,338","23,600",North 2,Chandigarh,"2,689",-10,Critical
2031351,40,"December 12, 2026","2,338","23,600",North 2,Chandigarh,"2,689",-10,Critical
2043614,19,"September 19, 2026","1,543","20,000",North 1,Noida,"1,762",-10,Critical
2043614,20,"September 19, 2026","1,543","20,000",North 1,Noida,"1,762",-10,Critical
2059540,27,"September 19, 2026","1,672","23,600",South 2,Hyderabad,"1,905",-10,Critical
2059540,28,"September 19, 2026","1,672","23,600",South 2,Hyderabad,"1,905",-10,Critical
2066561,17,"September 19, 2026","1,275","27,848",North 2,Dharamshala,"1,455",-10,Critical
2066561,18,"September 19, 2026","1,275","27,848",North 2,Dharamshala,"1,455",-10,Critical
2066561,19,"September 19, 2026","1,275","27,848",North 2,Dharamshala,"1,455",-10,Critical
2066561,20,"September 19, 2026","1,275","27,848",North 2,Dharamshala,"1,455",-10,Critical
2066561,25,"September 19, 2026","1,275","27,848",North 2,Dharamshala,"1,455",-10,Critical
2066561,26,"September 19, 2026","1,275","27,848",North 2,Dharamshala,"1,455",-10,Critical
2066561,50,"September 19, 2026","1,275","27,848",North 2,Dharamshala,"1,455",-10,Critical
2079707,21,"September 19, 2026","1,423","23,600",West,Bhopal,"1,638",-10,Critical
2079707,22,"September 19, 2026","1,423","23,600",West,Bhopal,"1,638",-10,Critical
2079707,23,"September 19, 2026","1,492","23,600",West,Bhopal,"1,708",-10,Critical
2079707,24,"September 19, 2026","1,492","23,600",West,Bhopal,"1,708",-10,Critical
2079707,39,"September 19, 2026","1,423","23,600",West,Bhopal,"1,638",-10,Critical
2079707,40,"September 19, 2026","1,492","23,600",West,Bhopal,"1,708",-10,Critical
2079707,83,"September 19, 2026","1,423","23,600",West,Bhopal,"1,638",-10,Critical
3001250,19,"September 19, 2026","1,251","23,600",South 1,Bangalore,"1,434",-10,Critical
3001250,20,"September 19, 2026","1,251","23,600",South 1,Bangalore,"1,434",-10,Critical
3001466,17,"September 19, 2026","1,143","23,600",South 1,Bangalore,"1,303",-10,Critical
3001466,18,"September 19, 2026","1,143","23,600",South 1,Bangalore,"1,303",-10,Critical
3001466,50,"September 19, 2026","1,143","23,600",South 1,Bangalore,"1,303",-10,Critical
3001862,17,"September 19, 2026","1,404","23,600",South 1,Bangalore,"1,597",-10,Critical
3001862,18,"September 19, 2026","1,404","23,600",South 1,Bangalore,"1,597",-10,Critical
3001862,25,"September 19, 2026","1,404","23,600",South 1,Bangalore,"1,597",-10,Critical
3001862,25,"September 13, 2027","1,803","23,600",South 1,Bangalore,"2,052",-10,Critical
3001862,26,"September 19, 2026","1,404","23,600",South 1,Bangalore,"1,597",-10,Critical
3001862,26,"September 13, 2027","1,803","23,600",South 1,Bangalore,"2,052",-10,Critical
3001862,50,"September 19, 2026","1,404","23,600",South 1,Bangalore,"1,597",-10,Critical
3006134,19,"December 1, 2026","1,472","23,600",East,Bhubaneswar,"1,675",-10,Critical
3006134,19,"December 7, 2026","1,472","23,600",East,Bhubaneswar,"1,675",-10,Critical
3006134,19,"December 8, 2026","1,472","23,600",East,Bhubaneswar,"1,675",-10,Critical
3006134,19,"December 9, 2026","1,472","23,600",East,Bhubaneswar,"1,675",-10,Critical
3006134,19,"December 10, 2026","1,472","23,600",East,Bhubaneswar,"1,675",-10,Critical
3006134,20,"December 1, 2026","1,472","23,600",East,Bhubaneswar,"1,675",-10,Critical
3006134,20,"December 7, 2026","1,472","23,600",East,Bhubaneswar,"1,675",-10,Critical
3006134,20,"December 8, 2026","1,472","23,600",East,Bhubaneswar,"1,675",-10,Critical
3006134,20,"December 9, 2026","1,472","23,600",East,Bhubaneswar,"1,675",-10,Critical
3006134,20,"December 10, 2026","1,472","23,600",East,Bhubaneswar,"1,675",-10,Critical
4138782,19,"September 19, 2026","1,757","23,600",North 1,Manesar,"2,007",-10,Critical
4471338,17,"September 19, 2026","1,563","23,600",North 2,Dalhousie,"1,800",-10,Critical
4471338,18,"September 19, 2026","1,563","23,600",North 2,Dalhousie,"1,800",-10,Critical
4471338,19,"September 19, 2026","1,563","23,600",North 2,Dalhousie,"1,800",-10,Critical
4471338,20,"September 19, 2026","1,563","23,600",North 2,Dalhousie,"1,800",-10,Critical
4471338,50,"September 19, 2026","1,563","23,600",North 2,Dalhousie,"1,800",-10,Critical
5000022,21,"September 19, 2026","1,779","20,000",South 1,Mangalore,"2,026",-10,Critical
5000022,22,"September 19, 2026","1,779","20,000",South 1,Mangalore,"2,026",-10,Critical
5000022,39,"September 19, 2026","1,779","20,000",South 1,Mangalore,"2,026",-10,Critical
5000022,83,"September 19, 2026","1,779","20,000",South 1,Mangalore,"2,026",-10,Critical
6474322,19,"September 17, 2026","1,361","23,600",South 1,Kannur,"1,568",-10,Critical
6474322,20,"September 17, 2026","1,361","23,600",South 1,Kannur,"1,568",-10,Critical
0015738,25,"December 12, 2026","1,609","23,600",South 1,Bangalore,"1,866",-11,Critical
0015738,26,"December 12, 2026","1,609","23,600",South 1,Bangalore,"1,866",-11,Critical
0191524,25,"September 19, 2026","2,629","23,600",South 1,Alleppey,"3,032",-11,Critical
0191524,26,"September 19, 2026","2,629","23,600",South 1,Alleppey,"3,032",-11,Critical
0191524,32,"September 19, 2026","2,491","23,600",South 1,Alleppey,"2,892",-11,Critical
0191524,33,"September 19, 2026","2,491","23,600",South 1,Alleppey,"2,892",-11,Critical
0191524,34,"September 19, 2026","2,491","23,600",South 1,Alleppey,"2,892",-11,Critical
0207833,27,"December 12, 2026","3,825","27,848",North 2,Shimla,"4,434",-11,Critical
0207833,28,"December 12, 2026","3,825","27,848",North 2,Shimla,"4,434",-11,Critical
1143227,27,"September 16, 2026","1,966","23,600",South 1,Munnar,"2,285",-11,Critical
1143227,28,"September 16, 2026","1,966","23,600",South 1,Munnar,"2,285",-11,Critical
1152305,19,"September 19, 2026","1,717","23,600",South 1,Kochi,"1,998",-11,Critical
1152305,19,"September 19, 2026","1,717","23,600",South 1,Kochi,"1,998",-11,Critical
1152305,20,"September 19, 2026","1,717","23,600",South 1,Kochi,"1,998",-11,Critical
1152305,20,"September 19, 2026","1,717","23,600",South 1,Kochi,"1,998",-11,Critical
1166122,21,"September 19, 2026","1,805","23,600",South 1,Kochi,"2,099",-11,Critical
1166122,22,"September 19, 2026","1,805","23,600",South 1,Kochi,"2,099",-11,Critical
1166122,23,"September 19, 2026","1,805","23,600",South 1,Kochi,"2,099",-11,Critical
1166122,24,"September 19, 2026","1,805","23,600",South 1,Kochi,"2,099",-11,Critical
1166122,39,"September 19, 2026","1,805","23,600",South 1,Kochi,"2,099",-11,Critical
1166122,40,"September 19, 2026","1,805","23,600",South 1,Kochi,"2,099",-11,Critical
1166122,83,"September 19, 2026","1,805","23,600",South 1,Kochi,"2,099",-11,Critical
1166252,16,"September 19, 2026","1,257","23,600",South 1,Kochi,"1,460",-11,Critical
1206822,42,"December 12, 2026","4,271","23,600",North 2,Shimla,"4,963",-11,Critical
1206822,43,"December 12, 2026","4,271","23,600",North 2,Shimla,"4,963",-11,Critical
1213613,23,"September 13, 2027","2,997","23,600",North 1,New Delhi,"3,487",-11,Critical
1213613,24,"September 13, 2027","2,997","23,600",North 1,New Delhi,"3,487",-11,Critical
1213613,40,"September 13, 2027","2,997","23,600",North 1,New Delhi,"3,487",-11,Critical
1218072,17,"November 23, 2026","5,352","23,600",North 1,New Delhi,"6,190",-11,Critical
1218072,18,"November 23, 2026","5,352","23,600",North 1,New Delhi,"6,190",-11,Critical
1218072,19,"November 23, 2026","5,456","23,600",North 1,New Delhi,"6,295",-11,Critical
1218072,20,"November 23, 2026","5,456","23,600",North 1,New Delhi,"6,295",-11,Critical
1218072,21,"November 22, 2026","5,755","23,600",North 1,New Delhi,"6,680",-11,Critical
1218072,21,"November 25, 2026","5,753","23,600",North 1,New Delhi,"6,680",-11,Critical
1218072,21,"November 26, 2026","5,747","23,600",North 1,New Delhi,"6,680",-11,Critical
1218072,22,"November 22, 2026","5,755","23,600",North 1,New Delhi,"6,680",-11,Critical
1218072,22,"November 25, 2026","5,753","23,600",North 1,New Delhi,"6,680",-11,Critical
1218072,22,"November 26, 2026","5,747","23,600",North 1,New Delhi,"6,680",-11,Critical
1218072,23,"September 19, 2026","3,248","23,600",North 1,New Delhi,"3,786",-11,Critical
1218072,23,"November 22, 2026","5,875","23,600",North 1,New Delhi,"6,803",-11,Critical
1218072,23,"November 25, 2026","5,874","23,600",North 1,New Delhi,"6,803",-11,Critical
1218072,23,"November 26, 2026","5,868","23,600",North 1,New Delhi,"6,803",-11,Critical
1218072,24,"September 19, 2026","3,248","23,600",North 1,New Delhi,"3,786",-11,Critical
1218072,24,"November 22, 2026","5,875","23,600",North 1,New Delhi,"6,803",-11,Critical
1218072,24,"November 25, 2026","5,874","23,600",North 1,New Delhi,"6,803",-11,Critical
1218072,24,"November 26, 2026","5,868","23,600",North 1,New Delhi,"6,803",-11,Critical
1218072,25,"November 22, 2026","5,720","23,600",North 1,New Delhi,"6,645",-11,Critical
1218072,25,"November 25, 2026","5,718","23,600",North 1,New Delhi,"6,645",-11,Critical
1218072,25,"November 26, 2026","5,713","23,600",North 1,New Delhi,"6,645",-11,Critical
1218072,26,"November 22, 2026","5,720","23,600",North 1,New Delhi,"6,645",-11,Critical
1218072,26,"November 25, 2026","5,718","23,600",North 1,New Delhi,"6,645",-11,Critical
1218072,26,"November 26, 2026","5,713","23,600",North 1,New Delhi,"6,645",-11,Critical
1218072,39,"November 22, 2026","5,755","23,600",North 1,New Delhi,"6,680",-11,Critical
1218072,39,"November 25, 2026","5,753","23,600",North 1,New Delhi,"6,680",-11,Critical
1218072,39,"November 26, 2026","5,747","23,600",North 1,New Delhi,"6,680",-11,Critical
1218072,40,"September 19, 2026","3,248","23,600",North 1,New Delhi,"3,786",-11,Critical
1218072,40,"November 22, 2026","5,875","23,600",North 1,New Delhi,"6,803",-11,Critical
1218072,40,"November 25, 2026","5,874","23,600",North 1,New Delhi,"6,803",-11,Critical
1218072,40,"November 26, 2026","5,868","23,600",North 1,New Delhi,"6,803",-11,Critical
1218072,50,"November 23, 2026","5,352","23,600",North 1,New Delhi,"6,190",-11,Critical
1218072,51,"November 23, 2026","5,456","23,600",North 1,New Delhi,"6,295",-11,Critical
1218072,83,"November 22, 2026","5,755","23,600",North 1,New Delhi,"6,680",-11,Critical
1218072,83,"November 25, 2026","5,753","23,600",North 1,New Delhi,"6,680",-11,Critical
1218072,83,"November 26, 2026","5,747","23,600",North 1,New Delhi,"6,680",-11,Critical
1218072,87,"November 23, 2026","5,352","23,600",North 1,New Delhi,"6,190",-11,Critical
1218728,29,"September 13, 2027","4,598","20,000",North 1,New Delhi,"5,320",-11,Critical
1218728,30,"September 13, 2027","4,598","20,000",North 1,New Delhi,"5,320",-11,Critical
1218728,31,"September 13, 2027","4,598","20,000",North 1,New Delhi,"5,320",-11,Critical
1218728,32,"September 13, 2027","4,805","20,000",North 1,New Delhi,"5,600",-11,Critical
1218728,33,"September 13, 2027","4,805","20,000",North 1,New Delhi,"5,600",-11,Critical
1218728,34,"September 13, 2027","4,805","20,000",North 1,New Delhi,"5,600",-11,Critical
1218728,57,"September 13, 2027","4,598","20,000",North 1,New Delhi,"5,320",-11,Critical
1218728,58,"September 13, 2027","4,805","20,000",North 1,New Delhi,"5,600",-11,Critical
1218728,89,"September 13, 2027","4,598","20,000",North 1,New Delhi,"5,320",-11,Critical
1229511,17,"September 19, 2026","1,175","23,600",North 2,Varanasi,"1,364",-11,Critical
1229511,17,"December 12, 2026","1,598","23,600",North 2,Varanasi,"1,858",-11,Critical
1229511,18,"September 19, 2026","1,175","23,600",North 2,Varanasi,"1,364",-11,Critical
1229511,18,"December 12, 2026","1,598","23,600",North 2,Varanasi,"1,858",-11,Critical
1229511,50,"September 19, 2026","1,175","23,600",North 2,Varanasi,"1,364",-11,Critical
1229511,50,"December 12, 2026","1,598","23,600",North 2,Varanasi,"1,858",-11,Critical
1229511,87,"September 19, 2026","1,175","23,600",North 2,Varanasi,"1,364",-11,Critical
1229511,87,"December 12, 2026","1,598","23,600",North 2,Varanasi,"1,858",-11,Critical
1245105,21,"September 19, 2026","2,591","23,600",South 2,Chennai,"2,987",-11,Critical
1245105,22,"September 19, 2026","2,591","23,600",South 2,Chennai,"2,987",-11,Critical
1245105,39,"September 19, 2026","2,591","23,600",South 2,Chennai,"2,987",-11,Critical
1245105,83,"September 19, 2026","2,591","23,600",South 2,Chennai,"2,987",-11,Critical
1246851,19,"September 13, 2027","1,860","23,600",South 2,Chennai,"2,151",-11,Critical
1246851,20,"September 13, 2027","1,860","23,600",South 2,Chennai,"2,151",-11,Critical
1265433,23,"September 19, 2026","1,981","23,600",South 2,Coimbatore,"2,299",-11,Critical
1265433,24,"September 19, 2026","1,981","23,600",South 2,Coimbatore,"2,299",-11,Critical
1265433,40,"September 19, 2026","1,981","23,600",South 2,Coimbatore,"2,299",-11,Critical
1269686,17,"September 19, 2026","1,416","23,600",South 2,Coimbatore,"1,632",-11,Critical
1269686,18,"September 19, 2026","1,416","23,600",South 2,Coimbatore,"1,632",-11,Critical
1269686,50,"September 19, 2026","1,416","23,600",South 2,Coimbatore,"1,632",-11,Critical
1291813,19,"September 19, 2026","2,311","23,600",South 2,Visakhapatnam,"2,670",-11,Critical
1291813,20,"September 19, 2026","2,311","23,600",South 2,Visakhapatnam,"2,670",-11,Critical
1292171,23,"September 19, 2026","1,281","23,600",South 2,Visakhapatnam,"1,486",-11,Critical
1292171,24,"September 19, 2026","1,281","23,600",South 2,Visakhapatnam,"1,486",-11,Critical
1292171,40,"September 19, 2026","1,281","23,600",South 2,Visakhapatnam,"1,486",-11,Critical
1295755,23,"September 19, 2026","2,119","23,600",South 2,Visakhapatnam,"2,457",-11,Critical
1295755,24,"September 19, 2026","2,119","23,600",South 2,Visakhapatnam,"2,457",-11,Critical
1295755,40,"September 19, 2026","2,119","23,600",South 2,Visakhapatnam,"2,457",-11,Critical
1324743,21,"December 12, 2026","2,257","27,848",North 1,Jaipur,"2,611",-11,Critical
1324743,22,"December 12, 2026","2,257","27,848",North 1,Jaipur,"2,611",-11,Critical
1324743,23,"December 12, 2026","2,326","27,848",North 1,Jaipur,"2,681",-11,Critical
1324743,24,"December 12, 2026","2,326","27,848",North 1,Jaipur,"2,681",-11,Critical
1324743,39,"December 12, 2026","2,257","27,848",North 1,Jaipur,"2,611",-11,Critical
1324743,40,"December 12, 2026","2,326","27,848",North 1,Jaipur,"2,681",-11,Critical
1324743,83,"December 12, 2026","2,257","27,848",North 1,Jaipur,"2,611",-11,Critical
1373375,21,"September 19, 2026","2,188","23,600",West,Thane,"2,536",-11,Critical
1373375,22,"September 19, 2026","2,188","23,600",West,Thane,"2,536",-11,Critical
1373375,39,"September 19, 2026","2,188","23,600",West,Thane,"2,536",-11,Critical
1373375,83,"September 19, 2026","2,188","23,600",West,Thane,"2,536",-11,Critical
1375831,27,"September 18, 2026","2,197","23,600",West,Mumbai,"2,562",-11,Critical
1375831,28,"September 18, 2026","2,197","23,600",West,Mumbai,"2,562",-11,Critical
1379430,25,"September 13, 2027","2,435","23,600",West,Mumbai,"2,824",-11,Critical
1379430,26,"September 13, 2027","2,435","23,600",West,Mumbai,"2,824",-11,Critical
1391921,19,"September 19, 2026","1,165","23,600",North 1,Ahmedabad,"1,346",-11,Critical
1391921,20,"September 19, 2026","1,165","23,600",North 1,Ahmedabad,"1,346",-11,Critical
1431135,17,"November 22, 2026","5,324","23,600",North 1,Noida,"6,190",-11,Critical
1431135,17,"November 23, 2026","5,324","23,600",North 1,Noida,"6,190",-11,Critical
1431135,17,"November 24, 2026","5,324","23,600",North 1,Noida,"6,190",-11,Critical
1431135,17,"November 25, 2026","5,324","23,600",North 1,Noida,"6,190",-11,Critical
1431135,17,"November 26, 2026","5,324","23,600",North 1,Noida,"6,190",-11,Critical
1431135,18,"November 22, 2026","5,324","23,600",North 1,Noida,"6,190",-11,Critical
1431135,18,"November 23, 2026","5,324","23,600",North 1,Noida,"6,190",-11,Critical
1431135,18,"November 24, 2026","5,324","23,600",North 1,Noida,"6,190",-11,Critical
1431135,18,"November 25, 2026","5,324","23,600",North 1,Noida,"6,190",-11,Critical
1431135,18,"November 26, 2026","5,324","23,600",North 1,Noida,"6,190",-11,Critical
1431135,19,"November 22, 2026","5,410","23,600",North 1,Noida,"6,272",-11,Critical
1431135,19,"November 23, 2026","5,410","23,600",North 1,Noida,"6,272",-11,Critical
1431135,19,"November 24, 2026","5,410","23,600",North 1,Noida,"6,272",-11,Critical
1431135,19,"November 25, 2026","5,410","23,600",North 1,Noida,"6,272",-11,Critical
1431135,19,"November 26, 2026","5,410","23,600",North 1,Noida,"6,272",-11,Critical
1431135,20,"November 22, 2026","5,410","23,600",North 1,Noida,"6,272",-11,Critical
1431135,20,"November 23, 2026","5,410","23,600",North 1,Noida,"6,272",-11,Critical
1431135,20,"November 24, 2026","5,410","23,600",North 1,Noida,"6,272",-11,Critical
1431135,20,"November 25, 2026","5,410","23,600",North 1,Noida,"6,272",-11,Critical
1431135,20,"November 26, 2026","5,410","23,600",North 1,Noida,"6,272",-11,Critical
1431135,21,"November 22, 2026","5,531","23,600",North 1,Noida,"6,385",-11,Critical
1431135,21,"November 23, 2026","5,531","23,600",North 1,Noida,"6,385",-11,Critical
1431135,21,"November 24, 2026","5,531","23,600",North 1,Noida,"6,385",-11,Critical
1431135,21,"November 25, 2026","5,531","23,600",North 1,Noida,"6,385",-11,Critical
1431135,21,"November 26, 2026","5,531","23,600",North 1,Noida,"6,385",-11,Critical
1431135,22,"November 22, 2026","5,531","23,600",North 1,Noida,"6,385",-11,Critical
1431135,22,"November 23, 2026","5,531","23,600",North 1,Noida,"6,385",-11,Critical
1431135,22,"November 24, 2026","5,531","23,600",North 1,Noida,"6,385",-11,Critical
1431135,22,"November 25, 2026","5,531","23,600",North 1,Noida,"6,385",-11,Critical
1431135,22,"November 26, 2026","5,531","23,600",North 1,Noida,"6,385",-11,Critical
1431135,39,"November 22, 2026","5,531","23,600",North 1,Noida,"6,385",-11,Critical
1431135,39,"November 23, 2026","5,531","23,600",North 1,Noida,"6,385",-11,Critical
1431135,39,"November 24, 2026","5,531","23,600",North 1,Noida,"6,385",-11,Critical
1431135,39,"November 25, 2026","5,531","23,600",North 1,Noida,"6,385",-11,Critical
1431135,39,"November 26, 2026","5,531","23,600",North 1,Noida,"6,385",-11,Critical
1431135,50,"November 22, 2026","5,324","23,600",North 1,Noida,"6,190",-11,Critical
1431135,50,"November 23, 2026","5,324","23,600",North 1,Noida,"6,190",-11,Critical
1431135,50,"November 24, 2026","5,324","23,600",North 1,Noida,"6,190",-11,Critical
1431135,50,"November 25, 2026","5,324","23,600",North 1,Noida,"6,190",-11,Critical
1431135,50,"November 26, 2026","5,324","23,600",North 1,Noida,"6,190",-11,Critical
1431135,83,"November 22, 2026","5,531","23,600",North 1,Noida,"6,385",-11,Critical
1431135,83,"November 23, 2026","5,531","23,600",North 1,Noida,"6,385",-11,Critical
1431135,83,"November 24, 2026","5,531","23,600",North 1,Noida,"6,385",-11,Critical
1431135,83,"November 25, 2026","5,531","23,600",North 1,Noida,"6,385",-11,Critical
1431135,83,"November 26, 2026","5,531","23,600",North 1,Noida,"6,385",-11,Critical
1456807,25,"December 12, 2026","2,127","23,600",South 1,Manipal,"2,474",-11,Critical
1456807,26,"December 12, 2026","2,127","23,600",South 1,Manipal,"2,474",-11,Critical
1464876,27,"December 12, 2026","4,083","23,600",South 1,Mysore,"4,759",-11,Critical
1464876,28,"December 12, 2026","4,083","23,600",South 1,Mysore,"4,759",-11,Critical
1464876,35,"December 12, 2026","4,186","23,600",South 1,Mysore,"4,864",-11,Critical
1464876,36,"December 12, 2026","4,186","23,600",South 1,Mysore,"4,864",-11,Critical
1472508,27,"September 19, 2026","2,424","23,600",South 1,Coorg,"2,804",-11,Critical
1472508,28,"September 19, 2026","2,424","23,600",South 1,Coorg,"2,804",-11,Critical
1472508,41,"September 19, 2026","2,424","23,600",South 1,Coorg,"2,804",-11,Critical
1479075,15,"September 17, 2026",933,"23,600",South 1,Coorg,"1,076",-11,Critical
1479075,16,"September 17, 2026",933,"23,600",South 1,Coorg,"1,076",-11,Critical
1479075,38,"September 17, 2026",933,"23,600",South 1,Coorg,"1,076",-11,Critical
1483570,27,"September 19, 2026","1,912","23,600",West,Kolhapur,"2,220",-11,Critical
1483570,28,"September 19, 2026","1,912","23,600",West,Kolhapur,"2,220",-11,Critical
1484845,29,"September 19, 2026","2,311","23,600",West,Kolhapur,"2,694",-11,Critical
1484845,30,"September 19, 2026","2,311","23,600",West,Kolhapur,"2,694",-11,Critical
1484845,31,"September 19, 2026","2,311","23,600",West,Kolhapur,"2,694",-11,Critical
1484845,32,"September 19, 2026","2,449","23,600",West,Kolhapur,"2,824",-11,Critical
1484845,33,"September 19, 2026","2,449","23,600",West,Kolhapur,"2,824",-11,Critical
1484845,34,"September 19, 2026","2,449","23,600",West,Kolhapur,"2,824",-11,Critical
1484845,57,"September 19, 2026","2,311","23,600",West,Kolhapur,"2,694",-11,Critical
1501176,27,"September 13, 2027","1,653","23,600",West,Pune,"1,915",-11,Critical
1501176,28,"September 13, 2027","1,653","23,600",West,Pune,"1,915",-11,Critical
1516017,27,"December 12, 2026","2,601","23,600",West,Nashik,"3,016",-11,Critical
1516017,28,"December 12, 2026","2,601","23,600",West,Nashik,"3,016",-11,Critical
1531125,27,"November 26, 2026","2,130","20,000",East,Guwahati,"2,468",-11,Critical
1531125,28,"November 26, 2026","2,130","20,000",East,Guwahati,"2,468",-11,Critical
1531125,35,"December 12, 2026","2,544","20,000",East,Guwahati,"2,955",-11,Critical
1531125,36,"December 12, 2026","2,544","20,000",East,Guwahati,"2,955",-11,Critical
1534876,23,"September 19, 2026","1,514","23,600",East,Guwahati,"1,762",-11,Critical
1534876,24,"September 19, 2026","1,514","23,600",East,Guwahati,"1,762",-11,Critical
1535153,27,"October 27, 2026","1,875","23,600",East,Guwahati,"2,182",-11,Critical
1535153,27,"October 28, 2026","1,875","23,600",East,Guwahati,"2,182",-11,Critical
1535153,27,"October 29, 2026","1,875","23,600",East,Guwahati,"2,182",-11,Critical
1535153,27,"September 13, 2027","2,048","23,600",East,Guwahati,"2,365",-11,Critical
1535153,28,"October 27, 2026","1,875","23,600",East,Guwahati,"2,182",-11,Critical
1535153,28,"October 28, 2026","1,875","23,600",East,Guwahati,"2,182",-11,Critical
1535153,28,"October 29, 2026","1,875","23,600",East,Guwahati,"2,182",-11,Critical
1535153,28,"September 13, 2027","2,048","23,600",East,Guwahati,"2,365",-11,Critical
1552629,21,"September 19, 2026","2,293","23,600",West,Nagpur,"2,669",-11,Critical
1552629,22,"September 19, 2026","2,293","23,600",West,Nagpur,"2,669",-11,Critical
1552629,39,"September 19, 2026","2,293","23,600",West,Nagpur,"2,669",-11,Critical
1552629,83,"September 19, 2026","2,293","23,600",West,Nagpur,"2,669",-11,Critical
1555338,25,"September 19, 2026","1,907","23,600",West,Nagpur,"2,214",-11,Critical
1555338,26,"September 19, 2026","1,907","23,600",West,Nagpur,"2,214",-11,Critical
1591753,17,"September 14, 2026","1,533","23,600",South 2,Hyderabad,"1,772",-11,Critical
1591753,18,"September 14, 2026","1,533","23,600",South 2,Hyderabad,"1,772",-11,Critical
1591753,50,"September 14, 2026","1,533","23,600",South 2,Hyderabad,"1,772",-11,Critical
1596121,19,"September 19, 2026","1,743","23,600",South 2,Hyderabad,"2,027",-11,Critical
1596121,20,"September 19, 2026","1,743","23,600",South 2,Hyderabad,"2,027",-11,Critical
1596121,21,"September 19, 2026","1,778","23,600",South 2,Hyderabad,"2,059",-11,Critical
1596121,22,"September 19, 2026","1,778","23,600",South 2,Hyderabad,"2,059",-11,Critical
1596121,39,"September 19, 2026","1,778","23,600",South 2,Hyderabad,"2,059",-11,Critical
1596121,83,"September 19, 2026","1,778","23,600",South 2,Hyderabad,"2,059",-11,Critical
1596296,27,"September 13, 2027","2,648","32,861",South 2,Hyderabad,"3,065",-11,Critical
1596296,28,"September 13, 2027","2,648","32,861",South 2,Hyderabad,"3,065",-11,Critical
1596296,41,"September 13, 2027","2,648","32,861",South 2,Hyderabad,"3,065",-11,Critical
1609002,16,"September 19, 2026","1,903","23,600",North 2,Mussoorie,"2,201",-11,Critical
1609002,23,"September 19, 2026","2,179","23,600",North 2,Mussoorie,"2,541",-11,Critical
1609002,24,"September 19, 2026","2,179","23,600",North 2,Mussoorie,"2,541",-11,Critical
1609002,40,"September 19, 2026","2,179","23,600",North 2,Mussoorie,"2,541",-11,Critical
1609002,52,"September 19, 2026","1,903","23,600",North 2,Mussoorie,"2,201",-11,Critical
1614818,19,"November 11, 2026","1,826","20,000",East,Bhubaneswar,"2,114",-11,Critical
1614818,19,"November 17, 2026","1,826","20,000",East,Bhubaneswar,"2,114",-11,Critical
1614818,19,"November 24, 2026","1,826","20,000",East,Bhubaneswar,"2,114",-11,Critical
1614818,19,"November 25, 2026","1,826","20,000",East,Bhubaneswar,"2,114",-11,Critical
1614818,19,"November 26, 2026","1,826","20,000",East,Bhubaneswar,"2,114",-11,Critical
1614818,20,"November 11, 2026","1,826","20,000",East,Bhubaneswar,"2,114",-11,Critical
1614818,20,"November 17, 2026","1,826","20,000",East,Bhubaneswar,"2,114",-11,Critical
1614818,20,"November 24, 2026","1,826","20,000",East,Bhubaneswar,"2,114",-11,Critical
1614818,20,"November 25, 2026","1,826","20,000",East,Bhubaneswar,"2,114",-11,Critical
1614818,20,"November 26, 2026","1,826","20,000",East,Bhubaneswar,"2,114",-11,Critical
1614818,21,"November 20, 2026","2,000","20,000",East,Bhubaneswar,"2,330",-11,Critical
1614818,21,"November 21, 2026","2,000","20,000",East,Bhubaneswar,"2,330",-11,Critical
1614818,22,"November 20, 2026","2,000","20,000",East,Bhubaneswar,"2,330",-11,Critical
1614818,22,"November 21, 2026","2,000","20,000",East,Bhubaneswar,"2,330",-11,Critical
1614818,39,"November 20, 2026","2,000","20,000",East,Bhubaneswar,"2,330",-11,Critical
1614818,39,"November 21, 2026","2,000","20,000",East,Bhubaneswar,"2,330",-11,Critical
1614818,83,"November 20, 2026","2,000","20,000",East,Bhubaneswar,"2,330",-11,Critical
1614818,83,"November 21, 2026","2,000","20,000",East,Bhubaneswar,"2,330",-11,Critical
1755459,19,"September 19, 2026","1,794","23,600",North 1,Gandhinagar,"2,088",-11,Critical
1755459,20,"September 19, 2026","1,794","23,600",North 1,Gandhinagar,"2,088",-11,Critical
1755459,51,"September 19, 2026","1,794","23,600",North 1,Gandhinagar,"2,088",-11,Critical
1766640,45,"December 12, 2026","2,317","23,600",South 1,Chikmagalur,"2,698",-11,Critical
1766640,46,"December 12, 2026","2,317","23,600",South 1,Chikmagalur,"2,698",-11,Critical
1869742,17,"September 19, 2026","2,268","23,600",West,Ujjain,"2,634",-11,Critical
1869742,18,"September 19, 2026","2,268","23,600",West,Ujjain,"2,634",-11,Critical
1869742,19,"September 19, 2026","2,544","23,600",West,Ujjain,"2,959",-11,Critical
1869742,20,"September 19, 2026","2,544","23,600",West,Ujjain,"2,959",-11,Critical
1869742,50,"September 19, 2026","2,268","23,600",West,Ujjain,"2,634",-11,Critical
1978478,21,"September 19, 2026","1,595","27,848",North 2,Jalandhar,"1,854",-11,Critical
1978478,22,"September 19, 2026","1,595","27,848",North 2,Jalandhar,"1,854",-11,Critical
1978478,23,"September 19, 2026","1,595","27,848",North 2,Jalandhar,"1,854",-11,Critical
1978478,24,"September 19, 2026","1,595","27,848",North 2,Jalandhar,"1,854",-11,Critical
1978478,35,"September 13, 2027","2,197","27,848",North 2,Jalandhar,"2,554",-11,Critical
1978478,36,"September 13, 2027","2,197","27,848",North 2,Jalandhar,"2,554",-11,Critical
1978478,39,"September 19, 2026","1,595","27,848",North 2,Jalandhar,"1,854",-11,Critical
1978478,40,"September 19, 2026","1,595","27,848",North 2,Jalandhar,"1,854",-11,Critical
1978478,83,"September 19, 2026","1,595","27,848",North 2,Jalandhar,"1,854",-11,Critical
2011649,17,"September 13, 2027","1,148","27,848",South 1,Bangalore,"1,333",-11,Critical
2011649,18,"September 13, 2027","1,148","27,848",South 1,Bangalore,"1,333",-11,Critical
2011649,19,"September 13, 2027","1,217","27,848",South 1,Bangalore,"1,403",-11,Critical
2011649,20,"September 13, 2027","1,217","27,848",South 1,Bangalore,"1,403",-11,Critical
2011649,50,"September 13, 2027","1,148","27,848",South 1,Bangalore,"1,333",-11,Critical
2018989,17,"September 19, 2026","2,062","23,600",South 1,Bangalore,"2,378",-11,Critical
2018989,18,"September 19, 2026","2,062","23,600",South 1,Bangalore,"2,378",-11,Critical
2018989,50,"September 19, 2026","2,062","23,600",South 1,Bangalore,"2,378",-11,Critical
2018989,87,"September 19, 2026","2,062","23,600",South 1,Bangalore,"2,378",-11,Critical
2019978,19,"September 19, 2026","1,881","20,000",South 1,Bangalore,"2,188",-11,Critical
2019978,20,"September 19, 2026","1,881","20,000",South 1,Bangalore,"2,188",-11,Critical
2019978,25,"December 12, 2026","2,332","20,000",South 1,Bangalore,"2,713",-11,Critical
2019978,26,"December 12, 2026","2,332","20,000",South 1,Bangalore,"2,713",-11,Critical
2022899,21,"December 12, 2026","1,668","23,600",North 2,Varanasi,"1,936",-11,Critical
2022899,22,"December 12, 2026","1,668","23,600",North 2,Varanasi,"1,936",-11,Critical
2022899,39,"December 12, 2026","1,668","23,600",North 2,Varanasi,"1,936",-11,Critical
2022899,83,"December 12, 2026","1,668","23,600",North 2,Varanasi,"1,936",-11,Critical
2022899,97,"December 12, 2026","1,668","23,600",North 2,Varanasi,"1,936",-11,Critical
2024578,21,"November 12, 2026","1,415","20,000",South 2,Chennai,"1,638",-11,Critical
2024578,21,"September 13, 2027","1,415","20,000",South 2,Chennai,"1,638",-11,Critical
2024578,22,"November 12, 2026","1,415","20,000",South 2,Chennai,"1,638",-11,Critical
2024578,22,"September 13, 2027","1,415","20,000",South 2,Chennai,"1,638",-11,Critical
2024578,39,"November 12, 2026","1,415","20,000",South 2,Chennai,"1,638",-11,Critical
2024578,39,"September 13, 2027","1,415","20,000",South 2,Chennai,"1,638",-11,Critical
2031351,19,"December 12, 2026","2,131","23,600",North 2,Chandigarh,"2,479",-11,Critical
2031351,20,"December 12, 2026","2,131","23,600",North 2,Chandigarh,"2,479",-11,Critical
2031351,21,"December 12, 2026","2,235","23,600",North 2,Chandigarh,"2,584",-11,Critical
2031351,22,"December 12, 2026","2,235","23,600",North 2,Chandigarh,"2,584",-11,Critical
2031351,39,"December 12, 2026","2,235","23,600",North 2,Chandigarh,"2,584",-11,Critical
2031351,83,"December 12, 2026","2,235","23,600",North 2,Chandigarh,"2,584",-11,Critical
2031448,25,"September 14, 2026","1,594","23,600",North 1,Udaipur,"1,850",-11,Critical
2031448,25,"September 13, 2027","1,837","23,600",North 1,Udaipur,"2,119",-11,Critical
2031448,26,"September 14, 2026","1,594","23,600",North 1,Udaipur,"1,850",-11,Critical
2031448,26,"September 13, 2027","1,837","23,600",North 1,Udaipur,"2,119",-11,Critical
2031448,55,"September 14, 2026","1,594","23,600",North 1,Udaipur,"1,850",-11,Critical
2031448,55,"September 13, 2027","1,837","23,600",North 1,Udaipur,"2,119",-11,Critical
2043614,16,"September 19, 2026","1,387","20,000",North 1,Noida,"1,616",-11,Critical
2043614,17,"September 19, 2026","1,456","20,000",North 1,Noida,"1,681",-11,Critical
2043614,18,"September 19, 2026","1,456","20,000",North 1,Noida,"1,681",-11,Critical
2043614,50,"September 19, 2026","1,456","20,000",North 1,Noida,"1,681",-11,Critical
2043614,52,"September 19, 2026","1,387","20,000",North 1,Noida,"1,616",-11,Critical
2077421,27,"September 19, 2026","1,596","23,600",West,Bhopal,"1,857",-11,Critical
2077421,28,"September 19, 2026","1,596","23,600",West,Bhopal,"1,857",-11,Critical
3006134,17,"December 1, 2026","1,334","23,600",East,Bhubaneswar,"1,545",-11,Critical
3006134,17,"December 7, 2026","1,334","23,600",East,Bhubaneswar,"1,545",-11,Critical
3006134,17,"December 8, 2026","1,334","23,600",East,Bhubaneswar,"1,545",-11,Critical
3006134,17,"December 9, 2026","1,334","23,600",East,Bhubaneswar,"1,545",-11,Critical
3006134,17,"December 10, 2026","1,334","23,600",East,Bhubaneswar,"1,545",-11,Critical
3006134,18,"December 1, 2026","1,334","23,600",East,Bhubaneswar,"1,545",-11,Critical
3006134,18,"December 7, 2026","1,334","23,600",East,Bhubaneswar,"1,545",-11,Critical
3006134,18,"December 8, 2026","1,334","23,600",East,Bhubaneswar,"1,545",-11,Critical
3006134,18,"December 9, 2026","1,334","23,600",East,Bhubaneswar,"1,545",-11,Critical
3006134,18,"December 10, 2026","1,334","23,600",East,Bhubaneswar,"1,545",-11,Critical
3006134,23,"November 18, 2026","1,824","23,600",East,Bhubaneswar,"2,102",-11,Critical
3006134,23,"November 19, 2026","1,824","23,600",East,Bhubaneswar,"2,102",-11,Critical
3006134,23,"November 22, 2026","1,824","23,600",East,Bhubaneswar,"2,102",-11,Critical
3006134,23,"November 23, 2026","1,824","23,600",East,Bhubaneswar,"2,102",-11,Critical
3006134,23,"November 29, 2026","1,824","23,600",East,Bhubaneswar,"2,102",-11,Critical
3006134,23,"November 30, 2026","1,824","23,600",East,Bhubaneswar,"2,102",-11,Critical
3006134,24,"November 18, 2026","1,824","23,600",East,Bhubaneswar,"2,102",-11,Critical
3006134,24,"November 19, 2026","1,824","23,600",East,Bhubaneswar,"2,102",-11,Critical
3006134,24,"November 22, 2026","1,824","23,600",East,Bhubaneswar,"2,102",-11,Critical
3006134,24,"November 23, 2026","1,824","23,600",East,Bhubaneswar,"2,102",-11,Critical
3006134,24,"November 29, 2026","1,824","23,600",East,Bhubaneswar,"2,102",-11,Critical
3006134,24,"November 30, 2026","1,824","23,600",East,Bhubaneswar,"2,102",-11,Critical
3006134,40,"November 18, 2026","1,824","23,600",East,Bhubaneswar,"2,102",-11,Critical
3006134,40,"November 19, 2026","1,824","23,600",East,Bhubaneswar,"2,102",-11,Critical
3006134,40,"November 22, 2026","1,824","23,600",East,Bhubaneswar,"2,102",-11,Critical
3006134,40,"November 23, 2026","1,824","23,600",East,Bhubaneswar,"2,102",-11,Critical
3006134,40,"November 29, 2026","1,824","23,600",East,Bhubaneswar,"2,102",-11,Critical
3006134,40,"November 30, 2026","1,824","23,600",East,Bhubaneswar,"2,102",-11,Critical
3006134,50,"December 1, 2026","1,334","23,600",East,Bhubaneswar,"1,545",-11,Critical
3006134,50,"December 7, 2026","1,334","23,600",East,Bhubaneswar,"1,545",-11,Critical
3006134,50,"December 8, 2026","1,334","23,600",East,Bhubaneswar,"1,545",-11,Critical
3006134,50,"December 9, 2026","1,334","23,600",East,Bhubaneswar,"1,545",-11,Critical
3006134,50,"December 10, 2026","1,334","23,600",East,Bhubaneswar,"1,545",-11,Critical
4138782,17,"September 19, 2026","1,619","23,600",North 1,Manesar,"1,867",-11,Critical
4138782,18,"September 19, 2026","1,619","23,600",North 1,Manesar,"1,867",-11,Critical
4476459,29,"December 12, 2026","2,751","23,600",North 2,Dalhousie,"3,172",-11,Critical
4476459,30,"December 12, 2026","2,751","23,600",North 2,Dalhousie,"3,172",-11,Critical
4476459,31,"December 12, 2026","2,751","23,600",North 2,Dalhousie,"3,172",-11,Critical
4476459,32,"December 12, 2026","2,751","23,600",North 2,Dalhousie,"3,172",-11,Critical
4476459,33,"December 12, 2026","2,751","23,600",North 2,Dalhousie,"3,172",-11,Critical
4476459,34,"December 12, 2026","2,751","23,600",North 2,Dalhousie,"3,172",-11,Critical
4476459,57,"December 12, 2026","2,751","23,600",North 2,Dalhousie,"3,172",-11,Critical
0191524,29,"September 19, 2026","2,353","23,600",South 1,Alleppey,"2,752",-12,Critical
0191524,30,"September 19, 2026","2,353","23,600",South 1,Alleppey,"2,752",-12,Critical
0191524,31,"September 19, 2026","2,353","23,600",South 1,Alleppey,"2,752",-12,Critical
0191524,57,"September 19, 2026","2,353","23,600",South 1,Alleppey,"2,752",-12,Critical
0256107,25,"September 13, 2027","1,602","23,600",South 2,Pondicherry,"1,878",-12,Critical
0256107,26,"September 13, 2027","1,602","23,600",South 2,Pondicherry,"1,878",-12,Critical
0327829,21,"December 12, 2026","1,512","23,600",North 1,Jaipur,"1,772",-12,Critical
0327829,22,"December 12, 2026","1,512","23,600",North 1,Jaipur,"1,772",-12,Critical
0327829,39,"December 12, 2026","1,512","23,600",North 1,Jaipur,"1,772",-12,Critical
0327829,83,"December 12, 2026","1,512","23,600",North 1,Jaipur,"1,772",-12,Critical
1104342,23,"September 19, 2026","1,700","32,861",North 2,Haridwar,"2,000",-12,Critical
1104342,24,"September 19, 2026","1,700","32,861",North 2,Haridwar,"2,000",-12,Critical
1104342,40,"September 19, 2026","1,700","32,861",North 2,Haridwar,"2,000",-12,Critical
1143227,17,"September 16, 2026","1,345","23,600",South 1,Munnar,"1,570",-12,Critical
1143227,18,"September 16, 2026","1,345","23,600",South 1,Munnar,"1,570",-12,Critical
1143227,19,"September 16, 2026","1,345","23,600",South 1,Munnar,"1,570",-12,Critical
1143227,20,"September 16, 2026","1,345","23,600",South 1,Munnar,"1,570",-12,Critical
1143227,21,"September 16, 2026","1,552","23,600",South 1,Munnar,"1,830",-12,Critical
1143227,22,"September 16, 2026","1,552","23,600",South 1,Munnar,"1,830",-12,Critical
1143227,23,"September 16, 2026","1,552","23,600",South 1,Munnar,"1,830",-12,Critical
1143227,24,"September 16, 2026","1,552","23,600",South 1,Munnar,"1,830",-12,Critical
1143227,39,"September 16, 2026","1,552","23,600",South 1,Munnar,"1,830",-12,Critical
1143227,40,"September 16, 2026","1,552","23,600",South 1,Munnar,"1,830",-12,Critical
1143227,50,"September 16, 2026","1,345","23,600",South 1,Munnar,"1,570",-12,Critical
1143227,51,"September 16, 2026","1,345","23,600",South 1,Munnar,"1,570",-12,Critical
1143227,83,"September 16, 2026","1,552","23,600",South 1,Munnar,"1,830",-12,Critical
1143227,87,"September 16, 2026","1,345","23,600",South 1,Munnar,"1,570",-12,Critical
1152305,17,"September 19, 2026","1,648","23,600",South 1,Kochi,"1,933",-12,Critical
1152305,17,"September 19, 2026","1,648","23,600",South 1,Kochi,"1,933",-12,Critical
1152305,18,"September 19, 2026","1,648","23,600",South 1,Kochi,"1,933",-12,Critical
1152305,18,"September 19, 2026","1,648","23,600",South 1,Kochi,"1,933",-12,Critical
1152305,50,"September 19, 2026","1,648","23,600",South 1,Kochi,"1,933",-12,Critical
1166252,15,"September 19, 2026","1,153","23,600",South 1,Kochi,"1,355",-12,Critical
1166252,38,"September 19, 2026","1,153","23,600",South 1,Kochi,"1,355",-12,Critical
1206822,35,"December 12, 2026","3,788","23,600",North 2,Shimla,"4,473",-12,Critical
1206822,36,"December 12, 2026","3,788","23,600",North 2,Shimla,"4,473",-12,Critical
1206822,37,"December 12, 2026","3,788","23,600",North 2,Shimla,"4,473",-12,Critical
1213613,21,"September 13, 2027","2,825","23,600",North 1,New Delhi,"3,324",-12,Critical
1213613,22,"September 13, 2027","2,825","23,600",North 1,New Delhi,"3,324",-12,Critical
1213613,39,"September 13, 2027","2,825","23,600",North 1,New Delhi,"3,324",-12,Critical
1213613,83,"September 13, 2027","2,825","23,600",North 1,New Delhi,"3,324",-12,Critical
1215728,29,"September 13, 2027","4,016","23,600",North 1,New Delhi,"4,725",-12,Critical
1215728,30,"September 13, 2027","4,016","23,600",North 1,New Delhi,"4,725",-12,Critical
1215728,31,"September 13, 2027","4,016","23,600",North 1,New Delhi,"4,725",-12,Critical
1215728,57,"September 13, 2027","4,016","23,600",North 1,New Delhi,"4,725",-12,Critical
1215728,89,"September 13, 2027","4,016","23,600",North 1,New Delhi,"4,725",-12,Critical
1218072,17,"November 22, 2026","5,272","23,600",North 1,New Delhi,"6,190",-12,Critical
1218072,17,"November 25, 2026","5,270","23,600",North 1,New Delhi,"6,190",-12,Critical
1218072,17,"November 26, 2026","5,264","23,600",North 1,New Delhi,"6,190",-12,Critical
1218072,18,"November 22, 2026","5,272","23,600",North 1,New Delhi,"6,190",-12,Critical
1218072,18,"November 25, 2026","5,270","23,600",North 1,New Delhi,"6,190",-12,Critical
1218072,18,"November 26, 2026","5,264","23,600",North 1,New Delhi,"6,190",-12,Critical
1218072,19,"November 22, 2026","5,375","23,600",North 1,New Delhi,"6,295",-12,Critical
1218072,19,"November 25, 2026","5,373","23,600",North 1,New Delhi,"6,295",-12,Critical
1218072,19,"November 26, 2026","5,368","23,600",North 1,New Delhi,"6,295",-12,Critical
1218072,20,"November 22, 2026","5,375","23,600",North 1,New Delhi,"6,295",-12,Critical
1218072,20,"November 25, 2026","5,373","23,600",North 1,New Delhi,"6,295",-12,Critical
1218072,20,"November 26, 2026","5,368","23,600",North 1,New Delhi,"6,295",-12,Critical
1218072,21,"September 19, 2026","3,127","23,600",North 1,New Delhi,"3,663",-12,Critical
1218072,22,"September 19, 2026","3,127","23,600",North 1,New Delhi,"3,663",-12,Critical
1218072,25,"September 19, 2026","3,092","23,600",North 1,New Delhi,"3,628",-12,Critical
1218072,26,"September 19, 2026","3,092","23,600",North 1,New Delhi,"3,628",-12,Critical
1218072,39,"September 19, 2026","3,127","23,600",North 1,New Delhi,"3,663",-12,Critical
1218072,50,"November 22, 2026","5,272","23,600",North 1,New Delhi,"6,190",-12,Critical
1218072,50,"November 25, 2026","5,270","23,600",North 1,New Delhi,"6,190",-12,Critical
1218072,50,"November 26, 2026","5,264","23,600",North 1,New Delhi,"6,190",-12,Critical
1218072,51,"November 22, 2026","5,375","23,600",North 1,New Delhi,"6,295",-12,Critical
1218072,51,"November 25, 2026","5,373","23,600",North 1,New Delhi,"6,295",-12,Critical
1218072,51,"November 26, 2026","5,368","23,600",North 1,New Delhi,"6,295",-12,Critical
1218072,83,"September 19, 2026","3,127","23,600",North 1,New Delhi,"3,663",-12,Critical
1218072,87,"November 22, 2026","5,272","23,600",North 1,New Delhi,"6,190",-12,Critical
1218072,87,"November 25, 2026","5,270","23,600",North 1,New Delhi,"6,190",-12,Critical
1218072,87,"November 26, 2026","5,264","23,600",North 1,New Delhi,"6,190",-12,Critical
1218728,27,"September 13, 2027","4,012","20,000",North 1,New Delhi,"4,725",-12,Critical
1218728,28,"September 13, 2027","4,012","20,000",North 1,New Delhi,"4,725",-12,Critical
1218728,35,"September 13, 2027","5,219","20,000",North 1,New Delhi,"6,160",-12,Critical
1218728,36,"September 13, 2027","5,219","20,000",North 1,New Delhi,"6,160",-12,Critical
1218728,37,"September 13, 2027","5,219","20,000",North 1,New Delhi,"6,160",-12,Critical
1229511,19,"December 12, 2026","1,701","23,600",North 2,Varanasi,"1,988",-12,Critical
1229511,20,"December 12, 2026","1,701","23,600",North 2,Varanasi,"1,988",-12,Critical
1229511,51,"December 12, 2026","1,701","23,600",North 2,Varanasi,"1,988",-12,Critical
1246851,23,"September 13, 2027","2,067","23,600",South 2,Chennai,"2,411",-12,Critical
1246851,24,"September 13, 2027","2,067","23,600",South 2,Chennai,"2,411",-12,Critical
1246851,40,"September 13, 2027","2,067","23,600",South 2,Chennai,"2,411",-12,Critical
1265433,21,"September 19, 2026","1,843","23,600",South 2,Coimbatore,"2,169",-12,Critical
1265433,22,"September 19, 2026","1,843","23,600",South 2,Coimbatore,"2,169",-12,Critical
1265433,39,"September 19, 2026","1,843","23,600",South 2,Coimbatore,"2,169",-12,Critical
1265433,83,"September 19, 2026","1,843","23,600",South 2,Coimbatore,"2,169",-12,Critical
1291813,17,"September 19, 2026","2,104","23,600",South 2,Visakhapatnam,"2,475",-12,Critical
1291813,18,"September 19, 2026","2,104","23,600",South 2,Visakhapatnam,"2,475",-12,Critical
1291813,50,"September 19, 2026","2,104","23,600",South 2,Visakhapatnam,"2,475",-12,Critical
1292171,21,"September 19, 2026","1,212","23,600",South 2,Visakhapatnam,"1,421",-12,Critical
1292171,22,"September 19, 2026","1,212","23,600",South 2,Visakhapatnam,"1,421",-12,Critical
1292171,39,"September 19, 2026","1,212","23,600",South 2,Visakhapatnam,"1,421",-12,Critical
1292171,83,"September 19, 2026","1,212","23,600",South 2,Visakhapatnam,"1,421",-12,Critical
1295755,21,"September 19, 2026","2,050","23,600",South 2,Visakhapatnam,"2,392",-12,Critical
1295755,22,"September 19, 2026","2,050","23,600",South 2,Visakhapatnam,"2,392",-12,Critical
1295755,39,"September 19, 2026","2,050","23,600",South 2,Visakhapatnam,"2,392",-12,Critical
1295755,83,"September 19, 2026","2,050","23,600",South 2,Visakhapatnam,"2,392",-12,Critical
1319620,21,"September 13, 2026","1,272","23,600",North 1,Udaipur,"1,486",-12,Critical
1319620,22,"September 13, 2026","1,272","23,600",North 1,Udaipur,"1,486",-12,Critical
1319620,39,"September 13, 2026","1,272","23,600",North 1,Udaipur,"1,486",-12,Critical
1324743,17,"September 19, 2026","1,457","27,848",North 1,Jaipur,"1,714",-12,Critical
1324743,17,"December 12, 2026","1,981","27,848",North 1,Jaipur,"2,331",-12,Critical
1324743,18,"September 19, 2026","1,457","27,848",North 1,Jaipur,"1,714",-12,Critical
1324743,18,"December 12, 2026","1,981","27,848",North 1,Jaipur,"2,331",-12,Critical
1324743,19,"September 19, 2026","1,526","27,848",North 1,Jaipur,"1,784",-12,Critical
1324743,19,"December 12, 2026","2,050","27,848",North 1,Jaipur,"2,401",-12,Critical
1324743,20,"September 19, 2026","1,526","27,848",North 1,Jaipur,"1,784",-12,Critical
1324743,20,"December 12, 2026","2,050","27,848",North 1,Jaipur,"2,401",-12,Critical
1324743,50,"September 19, 2026","1,457","27,848",North 1,Jaipur,"1,714",-12,Critical
1324743,50,"December 12, 2026","1,981","27,848",North 1,Jaipur,"2,331",-12,Critical
1344052,25,"September 13, 2027","1,356","23,600",North 1,Ajmer,"1,599",-12,Critical
1344052,26,"September 13, 2027","1,356","23,600",North 1,Ajmer,"1,599",-12,Critical
1391921,17,"September 19, 2026","1,061","23,600",North 1,Ahmedabad,"1,248",-12,Critical
1391921,18,"September 19, 2026","1,061","23,600",North 1,Ahmedabad,"1,248",-12,Critical
1391921,50,"September 19, 2026","1,061","23,600",North 1,Ahmedabad,"1,248",-12,Critical
1412139,25,"September 13, 2027","1,580","23,600",East,Kolkata,"1,858",-12,Critical
1412139,26,"September 13, 2027","1,580","23,600",East,Kolkata,"1,858",-12,Critical
1414523,15,"September 19, 2026","1,070","23,600",East,Kolkata,"1,259",-12,Critical
1414523,38,"September 19, 2026","1,070","23,600",East,Kolkata,"1,259",-12,Critical
1414523,76,"September 19, 2026","1,070","23,600",East,Kolkata,"1,259",-12,Critical
1435986,19,"November 22, 2026","5,316","23,600",North 1,Noida,"6,278",-12,Critical
1435986,19,"November 23, 2026","5,316","23,600",North 1,Noida,"6,278",-12,Critical
1435986,19,"November 24, 2026","5,316","23,600",North 1,Noida,"6,278",-12,Critical
1435986,19,"November 25, 2026","5,316","23,600",North 1,Noida,"6,278",-12,Critical
1435986,19,"November 26, 2026","5,316","23,600",North 1,Noida,"6,278",-12,Critical
1435986,20,"November 22, 2026","5,316","23,600",North 1,Noida,"6,278",-12,Critical
1435986,20,"November 23, 2026","5,316","23,600",North 1,Noida,"6,278",-12,Critical
1435986,20,"November 24, 2026","5,316","23,600",North 1,Noida,"6,278",-12,Critical
1435986,20,"November 25, 2026","5,316","23,600",North 1,Noida,"6,278",-12,Critical
1435986,20,"November 26, 2026","5,316","23,600",North 1,Noida,"6,278",-12,Critical
1442173,19,"September 13, 2027","1,553","20,000",South 1,Ooty,"1,829",-12,Critical
1442173,20,"September 13, 2027","1,553","20,000",South 1,Ooty,"1,829",-12,Critical
1462197,19,"September 13, 2027","1,481","23,600",South 1,Mysore,"1,740",-12,Critical
1462197,20,"September 13, 2027","1,481","23,600",South 1,Mysore,"1,740",-12,Critical
1463190,25,"September 13, 2027","1,381","20,000",South 1,Mysore,"1,626",-12,Critical
1463190,26,"September 13, 2027","1,381","20,000",South 1,Mysore,"1,626",-12,Critical
1484845,17,"September 19, 2026","1,552","23,600",West,Kolhapur,"1,826",-12,Critical
1484845,18,"September 19, 2026","1,552","23,600",West,Kolhapur,"1,826",-12,Critical
1484845,50,"September 19, 2026","1,552","23,600",West,Kolhapur,"1,826",-12,Critical
1506967,27,"September 19, 2026","1,773","23,600",West,Pune,"2,083",-12,Critical
1506967,28,"September 19, 2026","1,773","23,600",West,Pune,"2,083",-12,Critical
1506967,35,"September 19, 2026","1,842","23,600",West,Pune,"2,153",-12,Critical
1506967,36,"September 19, 2026","1,842","23,600",West,Pune,"2,153",-12,Critical
1508443,25,"September 13, 2027","1,561","23,600",West,Ranjangaon,"1,824",-12,Critical
1508443,26,"September 13, 2027","1,561","23,600",West,Ranjangaon,"1,824",-12,Critical
1508980,25,"September 13, 2027","2,099","23,600",West,Pune,"2,463",-12,Critical
1522037,21,"September 19, 2026","1,379","23,600",North 2,Lucknow,"1,623",-12,Critical
1522037,22,"September 19, 2026","1,379","23,600",North 2,Lucknow,"1,623",-12,Critical
1522037,23,"September 19, 2026","1,379","23,600",North 2,Lucknow,"1,623",-12,Critical
1522037,24,"September 19, 2026","1,379","23,600",North 2,Lucknow,"1,623",-12,Critical
1522037,39,"September 19, 2026","1,379","23,600",North 2,Lucknow,"1,623",-12,Critical
1522037,40,"September 19, 2026","1,379","23,600",North 2,Lucknow,"1,623",-12,Critical
1522037,83,"September 19, 2026","1,379","23,600",North 2,Lucknow,"1,623",-12,Critical
1531125,27,"November 20, 2026","2,130","20,000",East,Guwahati,"2,497",-12,Critical
1531125,27,"November 21, 2026","2,130","20,000",East,Guwahati,"2,497",-12,Critical
1531125,28,"November 20, 2026","2,130","20,000",East,Guwahati,"2,497",-12,Critical
1531125,28,"November 21, 2026","2,130","20,000",East,Guwahati,"2,497",-12,Critical
1531125,32,"November 26, 2026","1,992","20,000",East,Guwahati,"2,338",-12,Critical
1531125,33,"November 26, 2026","1,992","20,000",East,Guwahati,"2,338",-12,Critical
1531125,34,"November 26, 2026","1,992","20,000",East,Guwahati,"2,338",-12,Critical
1534876,21,"September 19, 2026","1,445","23,600",East,Guwahati,"1,697",-12,Critical
1534876,22,"September 19, 2026","1,445","23,600",East,Guwahati,"1,697",-12,Critical
1534876,39,"September 19, 2026","1,445","23,600",East,Guwahati,"1,697",-12,Critical
1553264,17,"September 19, 2026","1,524","23,600",West,Nagpur,"1,792",-12,Critical
1553264,18,"September 19, 2026","1,524","23,600",West,Nagpur,"1,792",-12,Critical
1553264,25,"September 19, 2026","1,524","23,600",West,Nagpur,"1,793",-12,Critical
1553264,26,"September 19, 2026","1,524","23,600",West,Nagpur,"1,793",-12,Critical
1553264,50,"September 19, 2026","1,524","23,600",West,Nagpur,"1,792",-12,Critical
1553264,87,"September 19, 2026","1,524","23,600",West,Nagpur,"1,792",-12,Critical
1555547,17,"September 19, 2026","1,396","23,600",West,Nagpur,"1,643",-12,Critical
1555547,18,"September 19, 2026","1,396","23,600",West,Nagpur,"1,643",-12,Critical
1596121,17,"September 19, 2026","1,640","23,600",South 2,Hyderabad,"1,929",-12,Critical
1596121,18,"September 19, 2026","1,640","23,600",South 2,Hyderabad,"1,929",-12,Critical
1596121,50,"September 19, 2026","1,640","23,600",South 2,Hyderabad,"1,929",-12,Critical
1614818,17,"November 26, 2026","1,654","20,000",East,Bhubaneswar,"1,951",-12,Critical
1614818,18,"November 26, 2026","1,654","20,000",East,Bhubaneswar,"1,951",-12,Critical
1614818,19,"December 12, 2026","1,826","20,000",East,Bhubaneswar,"2,136",-12,Critical
1614818,20,"December 12, 2026","1,826","20,000",East,Bhubaneswar,"2,136",-12,Critical
1614818,50,"November 26, 2026","1,654","20,000",East,Bhubaneswar,"1,951",-12,Critical
1755459,17,"September 19, 2026","1,708","23,600",North 1,Gandhinagar,"2,000",-12,Critical
1755459,18,"September 19, 2026","1,708","23,600",North 1,Gandhinagar,"2,000",-12,Critical
1755459,50,"September 19, 2026","1,708","23,600",North 1,Gandhinagar,"2,000",-12,Critical
1755459,87,"September 19, 2026","1,708","23,600",North 1,Gandhinagar,"2,000",-12,Critical
1884844,19,"September 19, 2026","1,231","23,600",North 2,Ludhiana,"1,438",-12,Critical
1884844,20,"September 19, 2026","1,231","23,600",North 2,Ludhiana,"1,438",-12,Critical
1978478,17,"September 19, 2026","1,457","27,848",North 2,Jalandhar,"1,714",-12,Critical
1978478,18,"September 19, 2026","1,457","27,848",North 2,Jalandhar,"1,714",-12,Critical
1978478,19,"September 19, 2026","1,457","27,848",North 2,Jalandhar,"1,714",-12,Critical
1978478,20,"September 19, 2026","1,457","27,848",North 2,Jalandhar,"1,714",-12,Critical
1978478,50,"September 19, 2026","1,457","27,848",North 2,Jalandhar,"1,714",-12,Critical
2013841,17,"September 19, 2026",994,"23,600",South 1,Bangalore,"1,169",-12,Critical
2013841,18,"September 19, 2026",994,"23,600",South 1,Bangalore,"1,169",-12,Critical
2013841,50,"September 19, 2026",994,"23,600",South 1,Bangalore,"1,169",-12,Critical
2017292,25,"September 13, 2027","1,745","23,600",South 1,Bangalore,"2,056",-12,Critical
2017292,26,"September 13, 2027","1,745","23,600",South 1,Bangalore,"2,056",-12,Critical
2019492,25,"December 12, 2026","1,923","27,848",South 1,Bangalore,"2,246",-12,Critical
2019492,26,"December 12, 2026","1,923","27,848",South 1,Bangalore,"2,246",-12,Critical
2019978,17,"September 19, 2026","1,743","20,000",South 1,Bangalore,"2,048",-12,Critical
2019978,18,"September 19, 2026","1,743","20,000",South 1,Bangalore,"2,048",-12,Critical
2019978,50,"September 19, 2026","1,743","20,000",South 1,Bangalore,"2,048",-12,Critical
2026607,35,"September 19, 2026","2,072","20,000",South 1,Mangalore,"2,420",-12,Critical
2026607,36,"September 19, 2026","2,072","20,000",South 1,Mangalore,"2,420",-12,Critical
2026607,37,"September 19, 2026","2,072","20,000",South 1,Mangalore,"2,420",-12,Critical
2031351,17,"December 12, 2026","2,028","23,600",North 2,Chandigarh,"2,374",-12,Critical
2031351,18,"December 12, 2026","2,028","23,600",North 2,Chandigarh,"2,374",-12,Critical
2031351,50,"December 12, 2026","2,028","23,600",North 2,Chandigarh,"2,374",-12,Critical
2033589,27,"September 19, 2026","2,699","23,600",North 2,Chandigarh,"3,157",-12,Critical
2033589,28,"September 19, 2026","2,699","23,600",North 2,Chandigarh,"3,157",-12,Critical
2043614,15,"September 19, 2026","1,318","20,000",North 1,Noida,"1,551",-12,Critical
2043614,38,"September 19, 2026","1,318","20,000",North 1,Noida,"1,551",-12,Critical
2043614,76,"September 19, 2026","1,318","20,000",North 1,Noida,"1,551",-12,Critical
2089527,27,"September 13, 2027","1,786","23,600",East,Siliguri,"2,100",-12,Critical
2089527,28,"September 13, 2027","1,786","23,600",East,Siliguri,"2,100",-12,Critical
3001250,17,"September 19, 2026","1,113","23,600",South 1,Bangalore,"1,304",-12,Critical
3001250,18,"September 19, 2026","1,113","23,600",South 1,Bangalore,"1,304",-12,Critical
3001250,50,"September 19, 2026","1,113","23,600",South 1,Bangalore,"1,304",-12,Critical
3006134,21,"November 29, 2026","1,617","23,600",East,Bhubaneswar,"1,907",-12,Critical
3006134,21,"November 30, 2026","1,617","23,600",East,Bhubaneswar,"1,907",-12,Critical
3006134,22,"November 29, 2026","1,617","23,600",East,Bhubaneswar,"1,907",-12,Critical
3006134,22,"November 30, 2026","1,617","23,600",East,Bhubaneswar,"1,907",-12,Critical
3006134,39,"November 29, 2026","1,617","23,600",East,Bhubaneswar,"1,907",-12,Critical
3006134,39,"November 30, 2026","1,617","23,600",East,Bhubaneswar,"1,907",-12,Critical
3006134,83,"November 29, 2026","1,617","23,600",East,Bhubaneswar,"1,907",-12,Critical
3006134,83,"November 30, 2026","1,617","23,600",East,Bhubaneswar,"1,907",-12,Critical
0002365,25,"December 12, 2026","2,520","23,600",South 1,Mangalore,"3,011",-13,Critical
0002365,26,"December 12, 2026","2,520","23,600",South 1,Mangalore,"3,011",-13,Critical
0015738,25,"September 13, 2027","1,571","23,600",South 1,Bangalore,"1,866",-13,Critical
0015738,26,"September 13, 2027","1,571","23,600",South 1,Bangalore,"1,866",-13,Critical
0327829,23,"December 12, 2026","1,581","23,600",North 1,Jaipur,"1,870",-13,Critical
0327829,24,"December 12, 2026","1,581","23,600",North 1,Jaipur,"1,870",-13,Critical
0327829,40,"December 12, 2026","1,581","23,600",North 1,Jaipur,"1,870",-13,Critical
0377366,42,"September 13, 2027","2,651","23,600",West,Mumbai,"3,133",-13,Critical
0377366,43,"September 13, 2027","2,651","23,600",West,Mumbai,"3,133",-13,Critical
0377366,44,"September 13, 2027","2,651","23,600",West,Mumbai,"3,133",-13,Critical
1147235,19,"September 16, 2026","1,216","23,600",South 1,Munnar,"1,442",-13,Critical
1147235,20,"September 16, 2026","1,216","23,600",South 1,Munnar,"1,442",-13,Critical
1165837,25,"December 12, 2026","2,214","23,600",South 1,Kochi,"2,631",-13,Critical
1165837,26,"December 12, 2026","2,214","23,600",South 1,Kochi,"2,631",-13,Critical
1204840,15,"December 12, 2026","1,721","27,848",North 2,Shimla,"2,034",-13,Critical
1204840,16,"December 12, 2026","1,721","27,848",North 2,Shimla,"2,034",-13,Critical
1204840,38,"December 12, 2026","1,721","27,848",North 2,Shimla,"2,034",-13,Critical
1204840,52,"December 12, 2026","1,721","27,848",North 2,Shimla,"2,034",-13,Critical
1213613,19,"September 13, 2027","2,652","23,600",North 1,New Delhi,"3,162",-13,Critical
1213613,20,"September 13, 2027","2,652","23,600",North 1,New Delhi,"3,162",-13,Critical
1215728,21,"September 13, 2027","3,809","23,600",North 1,New Delhi,"4,515",-13,Critical
1215728,22,"September 13, 2027","3,809","23,600",North 1,New Delhi,"4,515",-13,Critical
1215728,39,"September 13, 2027","3,809","23,600",North 1,New Delhi,"4,515",-13,Critical
1215728,83,"September 13, 2027","3,809","23,600",North 1,New Delhi,"4,515",-13,Critical
1218072,19,"September 19, 2026","2,747","23,600",North 1,New Delhi,"3,278",-13,Critical
1218072,20,"September 19, 2026","2,747","23,600",North 1,New Delhi,"3,278",-13,Critical
1218072,51,"September 19, 2026","2,747","23,600",North 1,New Delhi,"3,278",-13,Critical
1218728,23,"September 13, 2027","3,701","20,000",North 1,New Delhi,"4,410",-13,Critical
1218728,24,"September 13, 2027","3,701","20,000",North 1,New Delhi,"4,410",-13,Critical
1218728,40,"September 13, 2027","3,701","20,000",North 1,New Delhi,"4,410",-13,Critical
1218728,42,"September 13, 2027","5,633","20,000",North 1,New Delhi,"6,720",-13,Critical
1218728,43,"September 13, 2027","5,633","20,000",North 1,New Delhi,"6,720",-13,Critical
1229920,42,"December 12, 2026","1,781","23,600",North 2,Varanasi,"2,129",-13,Critical
1229920,43,"December 12, 2026","1,781","23,600",North 2,Varanasi,"2,129",-13,Critical
1245526,27,"September 13, 2027","2,806","23,600",South 2,Chennai,"3,345",-13,Critical
1245526,28,"September 13, 2027","2,806","23,600",South 2,Chennai,"3,345",-13,Critical
1292171,35,"September 19, 2026","2,006","23,600",South 2,Visakhapatnam,"2,378",-13,Critical
1292171,36,"September 19, 2026","2,006","23,600",South 2,Visakhapatnam,"2,378",-13,Critical
1319620,17,"September 13, 2026","1,134","23,600",North 1,Udaipur,"1,356",-13,Critical
1319620,18,"September 13, 2026","1,134","23,600",North 1,Udaipur,"1,356",-13,Critical
1323805,45,"December 12, 2026","1,867","23,600",North 1,Jaipur,"2,215",-13,Critical
1323805,46,"December 12, 2026","1,867","23,600",North 1,Jaipur,"2,215",-13,Critical
1346833,17,"December 12, 2026","1,532","20,000",West,Satara,"1,825",-13,Critical
1346833,18,"December 12, 2026","1,532","20,000",West,Satara,"1,825",-13,Critical
1381192,21,"September 13, 2027","2,207","23,600",West,Goa,"2,636",-13,Critical
1381192,22,"September 13, 2027","2,207","23,600",West,Goa,"2,636",-13,Critical
1381192,39,"September 13, 2027","2,207","23,600",West,Goa,"2,636",-13,Critical
1435986,17,"November 22, 2026","5,229","23,600",North 1,Noida,"6,190",-13,Critical
1435986,17,"November 23, 2026","5,229","23,600",North 1,Noida,"6,190",-13,Critical
1435986,17,"November 24, 2026","5,229","23,600",North 1,Noida,"6,190",-13,Critical
1435986,17,"November 25, 2026","5,229","23,600",North 1,Noida,"6,190",-13,Critical
1435986,17,"November 26, 2026","5,229","23,600",North 1,Noida,"6,190",-13,Critical
1435986,18,"November 22, 2026","5,229","23,600",North 1,Noida,"6,190",-13,Critical
1435986,18,"November 23, 2026","5,229","23,600",North 1,Noida,"6,190",-13,Critical
1435986,18,"November 24, 2026","5,229","23,600",North 1,Noida,"6,190",-13,Critical
1435986,18,"November 25, 2026","5,229","23,600",North 1,Noida,"6,190",-13,Critical
1435986,18,"November 26, 2026","5,229","23,600",North 1,Noida,"6,190",-13,Critical
1435986,50,"November 22, 2026","5,229","23,600",North 1,Noida,"6,190",-13,Critical
1435986,50,"November 23, 2026","5,229","23,600",North 1,Noida,"6,190",-13,Critical
1435986,50,"November 24, 2026","5,229","23,600",North 1,Noida,"6,190",-13,Critical
1435986,50,"November 25, 2026","5,229","23,600",North 1,Noida,"6,190",-13,Critical
1435986,50,"November 26, 2026","5,229","23,600",North 1,Noida,"6,190",-13,Critical
1456807,23,"December 12, 2026","1,920","23,600",South 1,Manipal,"2,279",-13,Critical
1456807,24,"December 12, 2026","1,920","23,600",South 1,Manipal,"2,279",-13,Critical
1456807,40,"December 12, 2026","1,920","23,600",South 1,Manipal,"2,279",-13,Critical
1462197,17,"September 13, 2027","1,378","23,600",South 1,Mysore,"1,643",-13,Critical
1462197,18,"September 13, 2027","1,378","23,600",South 1,Mysore,"1,643",-13,Critical
1462197,50,"September 13, 2027","1,378","23,600",South 1,Mysore,"1,643",-13,Critical
1464876,21,"December 12, 2026","3,427","23,600",South 1,Mysore,"4,094",-13,Critical
1464876,22,"December 12, 2026","3,427","23,600",South 1,Mysore,"4,094",-13,Critical
1464876,23,"December 12, 2026","3,565","23,600",South 1,Mysore,"4,234",-13,Critical
1464876,24,"December 12, 2026","3,565","23,600",South 1,Mysore,"4,234",-13,Critical
1464876,29,"December 12, 2026","3,531","23,600",South 1,Mysore,"4,199",-13,Critical
1464876,30,"December 12, 2026","3,531","23,600",South 1,Mysore,"4,199",-13,Critical
1464876,31,"December 12, 2026","3,531","23,600",South 1,Mysore,"4,199",-13,Critical
1464876,32,"December 12, 2026","3,669","23,600",South 1,Mysore,"4,339",-13,Critical
1464876,33,"December 12, 2026","3,669","23,600",South 1,Mysore,"4,339",-13,Critical
1464876,34,"December 12, 2026","3,669","23,600",South 1,Mysore,"4,339",-13,Critical
1464876,39,"December 12, 2026","3,427","23,600",South 1,Mysore,"4,094",-13,Critical
1464876,40,"December 12, 2026","3,565","23,600",South 1,Mysore,"4,234",-13,Critical
1464876,57,"December 12, 2026","3,531","23,600",South 1,Mysore,"4,199",-13,Critical
1464876,83,"December 12, 2026","3,427","23,600",South 1,Mysore,"4,094",-13,Critical
1475965,27,"September 13, 2027","1,673","23,600",East,Durgapur,"1,978",-13,Critical
1475965,28,"September 13, 2027","1,673","23,600",East,Durgapur,"1,978",-13,Critical
1479075,25,"September 19, 2026","1,564","23,600",South 1,Coorg,"1,866",-13,Critical
1479075,26,"September 19, 2026","1,564","23,600",South 1,Coorg,"1,866",-13,Critical
1484845,23,"September 19, 2026","2,104","23,600",West,Kolhapur,"2,499",-13,Critical
1484845,24,"September 19, 2026","2,104","23,600",West,Kolhapur,"2,499",-13,Critical
1484845,40,"September 19, 2026","2,104","23,600",West,Kolhapur,"2,499",-13,Critical
1531125,29,"November 26, 2026","1,854","20,000",East,Guwahati,"2,208",-13,Critical
1531125,30,"November 26, 2026","1,854","20,000",East,Guwahati,"2,208",-13,Critical
1531125,31,"November 26, 2026","1,854","20,000",East,Guwahati,"2,208",-13,Critical
1531125,32,"November 20, 2026","1,992","20,000",East,Guwahati,"2,367",-13,Critical
1531125,32,"November 21, 2026","1,992","20,000",East,Guwahati,"2,367",-13,Critical
1531125,33,"November 20, 2026","1,992","20,000",East,Guwahati,"2,367",-13,Critical
1531125,33,"November 21, 2026","1,992","20,000",East,Guwahati,"2,367",-13,Critical
1531125,34,"November 20, 2026","1,992","20,000",East,Guwahati,"2,367",-13,Critical
1531125,34,"November 21, 2026","1,992","20,000",East,Guwahati,"2,367",-13,Critical
1531125,57,"November 26, 2026","1,854","20,000",East,Guwahati,"2,208",-13,Critical
1555338,25,"September 13, 2027","2,214","23,600",West,Nagpur,"2,644",-13,Critical
1555338,26,"September 13, 2027","2,214","23,600",West,Nagpur,"2,644",-13,Critical
1609002,19,"September 19, 2026","1,972","23,600",North 2,Mussoorie,"2,331",-13,Critical
1609002,20,"September 19, 2026","1,972","23,600",North 2,Mussoorie,"2,331",-13,Critical
1609002,25,"September 13, 2027","2,191","23,600",North 2,Mussoorie,"2,611",-13,Critical
1609002,26,"September 13, 2027","2,191","23,600",North 2,Mussoorie,"2,611",-13,Critical
1614818,17,"December 12, 2026","1,654","20,000",East,Bhubaneswar,"1,973",-13,Critical
1614818,18,"December 12, 2026","1,654","20,000",East,Bhubaneswar,"1,973",-13,Critical
1614818,19,"November 20, 2026","1,828","20,000",East,Bhubaneswar,"2,168",-13,Critical
1614818,19,"November 21, 2026","1,828","20,000",East,Bhubaneswar,"2,168",-13,Critical
1614818,20,"November 20, 2026","1,828","20,000",East,Bhubaneswar,"2,168",-13,Critical
1614818,20,"November 21, 2026","1,828","20,000",East,Bhubaneswar,"2,168",-13,Critical
1614818,50,"December 12, 2026","1,654","20,000",East,Bhubaneswar,"1,973",-13,Critical
1767140,64,"December 12, 2026","3,611","23,600",South 1,Chikmagalur,"4,277",-13,Critical
1767140,65,"December 12, 2026","3,611","23,600",South 1,Chikmagalur,"4,277",-13,Critical
1884844,17,"September 19, 2026","1,128","23,600",North 2,Ludhiana,"1,333",-13,Critical
1884844,18,"September 19, 2026","1,128","23,600",North 2,Ludhiana,"1,333",-13,Critical
1884844,50,"September 19, 2026","1,128","23,600",North 2,Ludhiana,"1,333",-13,Critical
1978478,27,"September 13, 2027","1,852","27,848",North 2,Jalandhar,"2,204",-13,Critical
1978478,28,"September 13, 2027","1,852","27,848",North 2,Jalandhar,"2,204",-13,Critical
2011351,25,"December 12, 2026","1,865","23,600",South 1,Bangalore,"2,224",-13,Critical
2011351,26,"December 12, 2026","1,865","23,600",South 1,Bangalore,"2,224",-13,Critical
2013841,25,"September 19, 2026",994,"23,600",South 1,Bangalore,"1,184",-13,Critical
2022899,23,"December 12, 2026","1,702","23,600",North 2,Varanasi,"2,034",-13,Critical
2022899,24,"December 12, 2026","1,702","23,600",North 2,Varanasi,"2,034",-13,Critical
2022899,40,"December 12, 2026","1,702","23,600",North 2,Varanasi,"2,034",-13,Critical
2022899,84,"December 12, 2026","1,702","23,600",North 2,Varanasi,"2,034",-13,Critical
2024299,42,"December 12, 2026","3,477","23,600",South 1,Mangalore,"4,120",-13,Critical
2024299,42,"December 12, 2026","3,477","23,600",South 1,Mangalore,"4,120",-13,Critical
2024299,43,"December 12, 2026","3,477","23,600",South 1,Mangalore,"4,120",-13,Critical
2024299,43,"December 12, 2026","3,477","23,600",South 1,Mangalore,"4,120",-13,Critical
2033589,23,"September 19, 2026","2,354","23,600",North 2,Chandigarh,"2,807",-13,Critical
2033589,24,"September 19, 2026","2,354","23,600",North 2,Chandigarh,"2,807",-13,Critical
2033589,40,"September 19, 2026","2,354","23,600",North 2,Chandigarh,"2,807",-13,Critical
2076663,25,"September 13, 2027","1,312","23,600",South 1,Chikmagalur,"1,552",-13,Critical
2076663,26,"September 13, 2027","1,312","23,600",South 1,Chikmagalur,"1,552",-13,Critical
2088875,25,"September 19, 2026","1,763","23,600",West,Aurangabad,"2,096",-13,Critical
2088875,25,"September 13, 2027","2,096","23,600",West,Aurangabad,"2,479",-13,Critical
2088875,26,"September 19, 2026","1,763","23,600",West,Aurangabad,"2,096",-13,Critical
2088875,26,"September 13, 2027","2,096","23,600",West,Aurangabad,"2,479",-13,Critical
0003211,16,"September 19, 2026","1,439","23,600",North 1,Jaipur,"1,730",-14,Critical
0242206,25,"September 13, 2027","2,939","23,600",South 2,Chennai,"3,538",-14,Critical
0265185,27,"September 13, 2027","2,130","23,600",South 2,Coimbatore,"2,549",-14,Critical
0265185,28,"September 13, 2027","2,130","23,600",South 2,Coimbatore,"2,549",-14,Critical
0371149,25,"September 13, 2027","3,143","23,600",West,Mumbai,"3,770",-14,Critical
0371149,26,"September 13, 2027","3,143","23,600",West,Mumbai,"3,770",-14,Critical
1146139,27,"September 13, 2027","1,355","23,600",East,Ranchi,"1,623",-14,Critical
1146139,28,"September 13, 2027","1,355","23,600",East,Ranchi,"1,623",-14,Critical
1166122,35,"September 13, 2027","2,354","23,600",South 1,Kochi,"2,846",-14,Critical
1166122,36,"September 13, 2027","2,354","23,600",South 1,Kochi,"2,846",-14,Critical
1204840,21,"December 12, 2026","2,066","27,848",North 2,Shimla,"2,499",-14,Critical
1204840,22,"December 12, 2026","2,066","27,848",North 2,Shimla,"2,499",-14,Critical
1204840,23,"December 12, 2026","2,066","27,848",North 2,Shimla,"2,499",-14,Critical
1204840,24,"December 12, 2026","2,066","27,848",North 2,Shimla,"2,499",-14,Critical
1204840,39,"December 12, 2026","2,066","27,848",North 2,Shimla,"2,499",-14,Critical
1206822,29,"December 12, 2026","3,305","23,600",North 2,Shimla,"3,983",-14,Critical
1206822,30,"December 12, 2026","3,305","23,600",North 2,Shimla,"3,983",-14,Critical
1206822,31,"December 12, 2026","3,305","23,600",North 2,Shimla,"3,983",-14,Critical
1206822,32,"December 12, 2026","3,305","23,600",North 2,Shimla,"3,983",-14,Critical
1206822,33,"December 12, 2026","3,305","23,600",North 2,Shimla,"3,983",-14,Critical
1206822,34,"December 12, 2026","3,305","23,600",North 2,Shimla,"3,983",-14,Critical
1206822,57,"December 12, 2026","3,305","23,600",North 2,Shimla,"3,983",-14,Critical
1206822,58,"December 12, 2026","3,305","23,600",North 2,Shimla,"3,983",-14,Critical
1206822,89,"December 12, 2026","3,305","23,600",North 2,Shimla,"3,983",-14,Critical
1213613,17,"September 13, 2027","2,480","23,600",North 1,New Delhi,"2,999",-14,Critical
1213613,18,"September 13, 2027","2,480","23,600",North 1,New Delhi,"2,999",-14,Critical
1213613,50,"September 13, 2027","2,480","23,600",North 1,New Delhi,"2,999",-14,Critical
1215728,23,"September 13, 2027","3,878","23,600",North 1,New Delhi,"4,690",-14,Critical
1215728,24,"September 13, 2027","3,878","23,600",North 1,New Delhi,"4,690",-14,Critical
1215728,32,"September 13, 2027","4,085","23,600",North 1,New Delhi,"4,900",-14,Critical
1215728,33,"September 13, 2027","4,085","23,600",North 1,New Delhi,"4,900",-14,Critical
1215728,34,"September 13, 2027","4,085","23,600",North 1,New Delhi,"4,900",-14,Critical
1215728,40,"September 13, 2027","3,878","23,600",North 1,New Delhi,"4,690",-14,Critical
1215728,58,"September 13, 2027","4,085","23,600",North 1,New Delhi,"4,900",-14,Critical
1218072,17,"September 19, 2026","2,644","23,600",North 1,New Delhi,"3,173",-14,Critical
1218072,18,"September 19, 2026","2,644","23,600",North 1,New Delhi,"3,173",-14,Critical
1218072,50,"September 19, 2026","2,644","23,600",North 1,New Delhi,"3,173",-14,Critical
1218072,87,"September 19, 2026","2,644","23,600",North 1,New Delhi,"3,173",-14,Critical
1218728,15,"September 13, 2027","2,597","20,000",North 1,New Delhi,"3,110",-14,Critical
1218728,16,"September 13, 2027","2,597","20,000",North 1,New Delhi,"3,110",-14,Critical
1218728,21,"September 13, 2027","3,563","20,000",North 1,New Delhi,"4,270",-14,Critical
1218728,22,"September 13, 2027","3,563","20,000",North 1,New Delhi,"4,270",-14,Critical
1218728,38,"September 13, 2027","2,597","20,000",North 1,New Delhi,"3,110",-14,Critical
1218728,39,"September 13, 2027","3,563","20,000",North 1,New Delhi,"4,270",-14,Critical
1218728,52,"September 13, 2027","2,597","20,000",North 1,New Delhi,"3,110",-14,Critical
1218728,76,"September 13, 2027","2,597","20,000",North 1,New Delhi,"3,110",-14,Critical
1218728,83,"September 13, 2027","3,563","20,000",North 1,New Delhi,"4,270",-14,Critical
1241638,25,"September 13, 2027","2,771","23,600",South 2,Chennai,"3,349",-14,Critical
1241638,26,"September 13, 2027","2,771","23,600",South 2,Chennai,"3,349",-14,Critical
1242933,27,"September 13, 2027","3,491","23,600",South 2,Chennai,"4,198",-14,Critical
1242933,28,"September 13, 2027","3,491","23,600",South 2,Chennai,"4,198",-14,Critical
1295755,19,"September 19, 2026","1,739","23,600",South 2,Visakhapatnam,"2,099",-14,Critical
1295755,20,"September 19, 2026","1,739","23,600",South 2,Visakhapatnam,"2,099",-14,Critical
1346833,19,"December 12, 2026","1,670","20,000",West,Satara,"2,020",-14,Critical
1381192,29,"September 13, 2027","2,414","23,600",West,Goa,"2,916",-14,Critical
1381192,30,"September 13, 2027","2,414","23,600",West,Goa,"2,916",-14,Critical
1381192,31,"September 13, 2027","2,414","23,600",West,Goa,"2,916",-14,Critical
1381192,57,"September 13, 2027","2,414","23,600",West,Goa,"2,916",-14,Critical
1456807,19,"December 12, 2026","1,782","23,600",South 1,Manipal,"2,149",-14,Critical
1456807,20,"December 12, 2026","1,782","23,600",South 1,Manipal,"2,149",-14,Critical
1456807,21,"December 12, 2026","1,851","23,600",South 1,Manipal,"2,214",-14,Critical
1456807,22,"December 12, 2026","1,851","23,600",South 1,Manipal,"2,214",-14,Critical
1456807,39,"December 12, 2026","1,851","23,600",South 1,Manipal,"2,214",-14,Critical
1456807,51,"December 12, 2026","1,782","23,600",South 1,Manipal,"2,149",-14,Critical
1456807,83,"December 12, 2026","1,851","23,600",South 1,Manipal,"2,214",-14,Critical
1484845,21,"September 19, 2026","1,966","23,600",West,Kolhapur,"2,369",-14,Critical
1484845,22,"September 19, 2026","1,966","23,600",West,Kolhapur,"2,369",-14,Critical
1484845,39,"September 19, 2026","1,966","23,600",West,Kolhapur,"2,369",-14,Critical
1484845,83,"September 19, 2026","1,966","23,600",West,Kolhapur,"2,369",-14,Critical
1531125,27,"December 12, 2026","2,130","20,000",East,Guwahati,"2,565",-14,Critical
1531125,28,"December 12, 2026","2,130","20,000",East,Guwahati,"2,565",-14,Critical
1531125,29,"November 20, 2026","1,854","20,000",East,Guwahati,"2,237",-14,Critical
1531125,29,"November 21, 2026","1,854","20,000",East,Guwahati,"2,237",-14,Critical
1531125,30,"November 20, 2026","1,854","20,000",East,Guwahati,"2,237",-14,Critical
1531125,30,"November 21, 2026","1,854","20,000",East,Guwahati,"2,237",-14,Critical
1531125,31,"November 20, 2026","1,854","20,000",East,Guwahati,"2,237",-14,Critical
1531125,31,"November 21, 2026","1,854","20,000",East,Guwahati,"2,237",-14,Critical
1531125,57,"November 20, 2026","1,854","20,000",East,Guwahati,"2,237",-14,Critical
1531125,57,"November 21, 2026","1,854","20,000",East,Guwahati,"2,237",-14,Critical
1535153,27,"November 29, 2026","1,875","23,600",East,Guwahati,"2,245",-14,Critical
1535153,27,"November 30, 2026","1,875","23,600",East,Guwahati,"2,245",-14,Critical
1535153,28,"November 29, 2026","1,875","23,600",East,Guwahati,"2,245",-14,Critical
1535153,28,"November 30, 2026","1,875","23,600",East,Guwahati,"2,245",-14,Critical
1581295,25,"September 13, 2027","1,211","27,848",North 2,Ramnagar,"1,455",-14,Critical
1581295,26,"September 13, 2027","1,211","27,848",North 2,Ramnagar,"1,455",-14,Critical
1596296,27,"December 12, 2026","2,536","32,861",South 2,Hyderabad,"3,065",-14,Critical
1596296,28,"December 12, 2026","2,536","32,861",South 2,Hyderabad,"3,065",-14,Critical
1596296,41,"December 12, 2026","2,536","32,861",South 2,Hyderabad,"3,065",-14,Critical
1896095,27,"September 13, 2027","1,439","23,600",East,Siliguri,"1,727",-14,Critical
1896095,28,"September 13, 2027","1,439","23,600",East,Siliguri,"1,727",-14,Critical
2024299,25,"September 13, 2027","1,714","23,600",South 1,Mangalore,"2,064",-14,Critical
2024299,26,"September 13, 2027","1,714","23,600",South 1,Mangalore,"2,064",-14,Critical
2024299,35,"December 12, 2026","3,132","23,600",South 1,Mangalore,"3,770",-14,Critical
2024299,35,"December 12, 2026","3,132","23,600",South 1,Mangalore,"3,770",-14,Critical
2024299,36,"December 12, 2026","3,132","23,600",South 1,Mangalore,"3,770",-14,Critical
2024299,36,"December 12, 2026","3,132","23,600",South 1,Mangalore,"3,770",-14,Critical
2024299,37,"December 12, 2026","3,132","23,600",South 1,Mangalore,"3,770",-14,Critical
2025675,35,"December 12, 2026","2,682","20,000",South 2,Pondicherry,"3,209",-14,Critical
2025675,36,"December 12, 2026","2,682","20,000",South 2,Pondicherry,"3,209",-14,Critical
2033589,21,"September 19, 2026","2,216","23,600",North 2,Chandigarh,"2,667",-14,Critical
2033589,22,"September 19, 2026","2,216","23,600",North 2,Chandigarh,"2,667",-14,Critical
2033589,39,"September 19, 2026","2,216","23,600",North 2,Chandigarh,"2,667",-14,Critical
2033589,83,"September 19, 2026","2,216","23,600",North 2,Chandigarh,"2,667",-14,Critical
2053245,35,"September 13, 2027","2,505","23,600",North 1,Gurgaon,"3,030",-14,Critical
2053245,36,"September 13, 2027","2,505","23,600",North 1,Gurgaon,"3,030",-14,Critical
3006134,19,"November 29, 2026","1,472","23,600",East,Bhubaneswar,"1,770",-14,Critical
3006134,19,"November 30, 2026","1,472","23,600",East,Bhubaneswar,"1,770",-14,Critical
3006134,20,"November 29, 2026","1,472","23,600",East,Bhubaneswar,"1,770",-14,Critical
3006134,20,"November 30, 2026","1,472","23,600",East,Bhubaneswar,"1,770",-14,Critical
0003211,15,"September 19, 2026","1,336","23,600",North 1,Jaipur,"1,625",-15,Critical
0003211,38,"September 19, 2026","1,336","23,600",North 1,Jaipur,"1,625",-15,Critical
0242206,27,"September 13, 2027","3,077","23,600",South 2,Chennai,"3,766",-15,Critical
0242206,28,"September 13, 2027","3,077","23,600",South 2,Chennai,"3,766",-15,Critical
1104342,19,"September 19, 2026","1,424","32,861",North 2,Haridwar,"1,724",-15,Critical
1104342,20,"September 19, 2026","1,424","32,861",North 2,Haridwar,"1,724",-15,Critical
1166122,35,"December 12, 2026","2,714","23,600",South 1,Kochi,"3,297",-15,Critical
1166122,36,"December 12, 2026","2,714","23,600",South 1,Kochi,"3,297",-15,Critical
1169924,27,"December 12, 2026","2,693","23,600",South 1,Kochi,"3,286",-15,Critical
1169924,28,"December 12, 2026","2,693","23,600",South 1,Kochi,"3,286",-15,Critical
1218728,25,"September 13, 2027","3,149","20,000",North 1,New Delhi,"3,850",-15,Critical
1218728,26,"September 13, 2027","3,149","20,000",North 1,New Delhi,"3,850",-15,Critical
1295755,17,"September 19, 2026","1,670","23,600",South 2,Visakhapatnam,"2,034",-15,Critical
1295755,18,"September 19, 2026","1,670","23,600",South 2,Visakhapatnam,"2,034",-15,Critical
1295755,50,"September 19, 2026","1,670","23,600",South 2,Visakhapatnam,"2,034",-15,Critical
1346833,29,"December 12, 2026","1,946","20,000",West,Satara,"2,355",-15,Critical
1346833,30,"December 12, 2026","1,946","20,000",West,Satara,"2,355",-15,Critical
1346833,31,"December 12, 2026","1,946","20,000",West,Satara,"2,355",-15,Critical
1346833,57,"December 12, 2026","1,946","20,000",West,Satara,"2,355",-15,Critical
1346833,89,"December 12, 2026","1,946","20,000",West,Satara,"2,355",-15,Critical
1375831,27,"September 13, 2027","2,562","23,600",West,Mumbai,"3,123",-15,Critical
1375831,28,"September 13, 2027","2,562","23,600",West,Mumbai,"3,123",-15,Critical
1414523,19,"September 19, 2026","1,277","23,600",East,Kolkata,"1,562",-15,Critical
1414523,20,"September 19, 2026","1,277","23,600",East,Kolkata,"1,562",-15,Critical
1453534,25,"September 13, 2027","1,699","23,600",South 2,Tirupati,"2,078",-15,Critical
1453534,26,"September 13, 2027","1,699","23,600",South 2,Tirupati,"2,078",-15,Critical
1456807,17,"December 12, 2026","1,713","23,600",South 1,Manipal,"2,084",-15,Critical
1456807,18,"December 12, 2026","1,713","23,600",South 1,Manipal,"2,084",-15,Critical
1456807,50,"December 12, 2026","1,713","23,600",South 1,Manipal,"2,084",-15,Critical
1456807,87,"December 12, 2026","1,713","23,600",South 1,Manipal,"2,084",-15,Critical
1503376,35,"September 13, 2027","2,558","23,600",West,Pune,"3,115",-15,Critical
1503376,36,"September 13, 2027","2,558","23,600",West,Pune,"3,115",-15,Critical
1506967,23,"September 19, 2026","1,359","23,600",West,Pune,"1,663",-15,Critical
1506967,24,"September 19, 2026","1,359","23,600",West,Pune,"1,663",-15,Critical
1506967,29,"September 19, 2026","1,359","23,600",West,Pune,"1,663",-15,Critical
1506967,30,"September 19, 2026","1,359","23,600",West,Pune,"1,663",-15,Critical
1506967,31,"September 19, 2026","1,359","23,600",West,Pune,"1,663",-15,Critical
1506967,32,"September 19, 2026","1,428","23,600",West,Pune,"1,733",-15,Critical
1506967,33,"September 19, 2026","1,428","23,600",West,Pune,"1,733",-15,Critical
1506967,34,"September 19, 2026","1,428","23,600",West,Pune,"1,733",-15,Critical
1506967,40,"September 19, 2026","1,359","23,600",West,Pune,"1,663",-15,Critical
1506967,57,"September 19, 2026","1,359","23,600",West,Pune,"1,663",-15,Critical
1531125,32,"December 12, 2026","1,992","20,000",East,Guwahati,"2,435",-15,Critical
1531125,33,"December 12, 2026","1,992","20,000",East,Guwahati,"2,435",-15,Critical
1531125,34,"December 12, 2026","1,992","20,000",East,Guwahati,"2,435",-15,Critical
1558817,25,"September 13, 2027","1,826","23,600",West,Nagpur,"2,228",-15,Critical
1558817,26,"September 13, 2027","1,826","23,600",West,Nagpur,"2,228",-15,Critical
1595009,42,"December 12, 2026","2,645","23,600",South 2,Hyderabad,"3,206",-15,Critical
1595009,43,"December 12, 2026","2,645","23,600",South 2,Hyderabad,"3,206",-15,Critical
1595009,44,"December 12, 2026","2,645","23,600",South 2,Hyderabad,"3,206",-15,Critical
1614818,17,"November 20, 2026","1,655","20,000",East,Bhubaneswar,"2,005",-15,Critical
1614818,17,"November 21, 2026","1,655","20,000",East,Bhubaneswar,"2,005",-15,Critical
1614818,18,"November 20, 2026","1,655","20,000",East,Bhubaneswar,"2,005",-15,Critical
1614818,18,"November 21, 2026","1,655","20,000",East,Bhubaneswar,"2,005",-15,Critical
1614818,50,"November 20, 2026","1,655","20,000",East,Bhubaneswar,"2,005",-15,Critical
1614818,50,"November 21, 2026","1,655","20,000",East,Bhubaneswar,"2,005",-15,Critical
2037169,27,"September 13, 2027","2,890","23,600",West,Mumbai,"3,524",-15,Critical
2037169,28,"September 13, 2027","2,890","23,600",West,Mumbai,"3,524",-15,Critical
2063608,25,"September 13, 2027","1,369","23,600",South 1,Thrissur,"1,671",-15,Critical
2063608,26,"September 13, 2027","1,369","23,600",South 1,Thrissur,"1,671",-15,Critical
2345375,27,"September 13, 2027","1,692","23,600",West,Chandrapur,"2,065",-15,Critical
2345375,28,"September 13, 2027","1,692","23,600",West,Chandrapur,"2,065",-15,Critical
0002365,19,"December 12, 2026","2,175","23,600",South 1,Mangalore,"2,686",-16,Critical
0002365,20,"December 12, 2026","2,175","23,600",South 1,Mangalore,"2,686",-16,Critical
0002365,51,"December 12, 2026","2,175","23,600",South 1,Mangalore,"2,686",-16,Critical
1107594,27,"September 13, 2027","1,884","23,600",South 1,Belgaum,"2,325",-16,Critical
1107594,28,"September 13, 2027","1,884","23,600",South 1,Belgaum,"2,325",-16,Critical
1168384,25,"December 12, 2026","1,466","23,600",South 1,Kochi,"1,811",-16,Critical
1168384,26,"December 12, 2026","1,466","23,600",South 1,Kochi,"1,811",-16,Critical
1197891,17,"September 19, 2026","1,697","23,600",North 2,Chandigarh,"2,095",-16,Critical
1197891,18,"September 19, 2026","1,697","23,600",North 2,Chandigarh,"2,095",-16,Critical
1197891,19,"September 19, 2026","1,766","23,600",North 2,Chandigarh,"2,165",-16,Critical
1197891,20,"September 19, 2026","1,766","23,600",North 2,Chandigarh,"2,165",-16,Critical
1197891,50,"September 19, 2026","1,697","23,600",North 2,Chandigarh,"2,095",-16,Critical
1204840,45,"October 4, 2026","2,040","27,848",North 2,Shimla,"2,501",-16,Critical
1204840,46,"October 4, 2026","2,040","27,848",North 2,Shimla,"2,501",-16,Critical
1206822,17,"December 12, 2026","2,339","23,600",North 2,Shimla,"2,883",-16,Critical
1206822,18,"December 12, 2026","2,339","23,600",North 2,Shimla,"2,883",-16,Critical
1206822,19,"December 12, 2026","2,339","23,600",North 2,Shimla,"2,883",-16,Critical
1206822,20,"December 12, 2026","2,339","23,600",North 2,Shimla,"2,883",-16,Critical
1206822,50,"December 12, 2026","2,339","23,600",North 2,Shimla,"2,883",-16,Critical
1206822,51,"December 12, 2026","2,339","23,600",North 2,Shimla,"2,883",-16,Critical
1206822,87,"December 12, 2026","2,339","23,600",North 2,Shimla,"2,883",-16,Critical
1244531,27,"September 13, 2027","3,079","23,600",South 2,Chennai,"3,815",-16,Critical
1244531,28,"September 13, 2027","3,079","23,600",South 2,Chennai,"3,815",-16,Critical
1298420,25,"September 13, 2027","1,408","23,600",South 2,Visakhapatnam,"1,744",-16,Critical
1298420,26,"September 13, 2027","1,408","23,600",South 2,Visakhapatnam,"1,744",-16,Critical
1343286,27,"September 13, 2027","2,381","23,600",West,Satara,"2,936",-16,Critical
1343286,28,"September 13, 2027","2,381","23,600",West,Satara,"2,936",-16,Critical
1346833,32,"December 12, 2026","2,118","20,000",West,Satara,"2,615",-16,Critical
1346833,33,"December 12, 2026","2,118","20,000",West,Satara,"2,615",-16,Critical
1346833,34,"December 12, 2026","2,118","20,000",West,Satara,"2,615",-16,Critical
1346833,58,"December 12, 2026","2,118","20,000",West,Satara,"2,615",-16,Critical
1456807,16,"December 12, 2026","1,627","23,600",South 1,Manipal,"2,003",-16,Critical
1456807,52,"December 12, 2026","1,627","23,600",South 1,Manipal,"2,003",-16,Critical
1473477,25,"September 13, 2027","1,529","23,600",South 1,Coorg,"1,890",-16,Critical
1473477,26,"September 13, 2027","1,529","23,600",South 1,Coorg,"1,890",-16,Critical
1486131,25,"September 13, 2027","1,699","23,600",West,Kolhapur,"2,087",-16,Critical
1506967,19,"September 19, 2026","1,290","23,600",West,Pune,"1,593",-16,Critical
1506967,21,"September 19, 2026","1,290","23,600",West,Pune,"1,593",-16,Critical
1506967,22,"September 19, 2026","1,290","23,600",West,Pune,"1,593",-16,Critical
1506967,39,"September 19, 2026","1,290","23,600",West,Pune,"1,593",-16,Critical
1506967,83,"September 19, 2026","1,290","23,600",West,Pune,"1,593",-16,Critical
1507161,25,"September 13, 2027","1,597","23,600",West,Pune,"1,961",-16,Critical
1507161,26,"September 13, 2027","1,597","23,600",West,Pune,"1,961",-16,Critical
1531125,23,"November 26, 2026","1,578","20,000",East,Guwahati,"1,948",-16,Critical
1531125,24,"November 26, 2026","1,578","20,000",East,Guwahati,"1,948",-16,Critical
1531125,40,"November 26, 2026","1,578","20,000",East,Guwahati,"1,948",-16,Critical
1547096,42,"September 13, 2027","2,148","20,000",West,Mahabaleshwar,"2,639",-16,Critical
1547096,43,"September 13, 2027","2,148","20,000",West,Mahabaleshwar,"2,639",-16,Critical
1903843,27,"September 13, 2027","1,847","23,600",South 1,Kottayam,"2,271",-16,Critical
1903843,28,"September 13, 2027","1,847","23,600",South 1,Kottayam,"2,271",-16,Critical
1912757,25,"September 13, 2027","1,118","23,600",North 2,Bhimtal,"1,374",-16,Critical
1912757,26,"September 13, 2027","1,118","23,600",North 2,Bhimtal,"1,374",-16,Critical
1929807,25,"December 12, 2026","1,865","23,600",South 2,Vellore,"2,294",-16,Critical
1929807,26,"December 12, 2026","1,865","23,600",South 2,Vellore,"2,294",-16,Critical
2024299,29,"December 12, 2026","2,787","23,600",South 1,Mangalore,"3,420",-16,Critical
2024299,29,"December 12, 2026","2,787","23,600",South 1,Mangalore,"3,420",-16,Critical
2024299,30,"December 12, 2026","2,787","23,600",South 1,Mangalore,"3,420",-16,Critical
2024299,30,"December 12, 2026","2,787","23,600",South 1,Mangalore,"3,420",-16,Critical
2024299,31,"December 12, 2026","2,787","23,600",South 1,Mangalore,"3,420",-16,Critical
2024299,32,"December 12, 2026","2,787","23,600",South 1,Mangalore,"3,420",-16,Critical
2024299,32,"December 12, 2026","2,787","23,600",South 1,Mangalore,"3,420",-16,Critical
2024299,33,"December 12, 2026","2,787","23,600",South 1,Mangalore,"3,420",-16,Critical
2024299,33,"December 12, 2026","2,787","23,600",South 1,Mangalore,"3,420",-16,Critical
2024299,34,"December 12, 2026","2,787","23,600",South 1,Mangalore,"3,420",-16,Critical
2024299,57,"December 12, 2026","2,787","23,600",South 1,Mangalore,"3,420",-16,Critical
2024299,58,"December 12, 2026","2,787","23,600",South 1,Mangalore,"3,420",-16,Critical
2024299,89,"December 12, 2026","2,787","23,600",South 1,Mangalore,"3,420",-16,Critical
2024578,15,"November 12, 2026","1,070","20,000",South 2,Chennai,"1,313",-16,Critical
2024578,15,"September 13, 2027","1,070","20,000",South 2,Chennai,"1,313",-16,Critical
2024578,38,"November 12, 2026","1,070","20,000",South 2,Chennai,"1,313",-16,Critical
2024578,38,"September 13, 2027","1,070","20,000",South 2,Chennai,"1,313",-16,Critical
2026607,42,"December 12, 2026","2,959","20,000",South 1,Mangalore,"3,660",-16,Critical
2026607,43,"December 12, 2026","2,959","20,000",South 1,Mangalore,"3,660",-16,Critical
2043486,27,"September 19, 2026","2,366","23,600",North 1,Noida,"2,905",-16,Critical
2043486,28,"September 19, 2026","2,366","23,600",North 1,Noida,"2,905",-16,Critical
2083696,45,"December 12, 2026","2,485","23,600",West,Aurangabad,"3,073",-16,Critical
2083696,46,"December 12, 2026","2,485","23,600",West,Aurangabad,"3,073",-16,Critical
3006134,17,"November 29, 2026","1,334","23,600",East,Bhubaneswar,"1,640",-16,Critical
3006134,17,"November 30, 2026","1,334","23,600",East,Bhubaneswar,"1,640",-16,Critical
3006134,18,"November 29, 2026","1,334","23,600",East,Bhubaneswar,"1,640",-16,Critical
3006134,18,"November 30, 2026","1,334","23,600",East,Bhubaneswar,"1,640",-16,Critical
3006134,50,"November 29, 2026","1,334","23,600",East,Bhubaneswar,"1,640",-16,Critical
3006134,50,"November 30, 2026","1,334","23,600",East,Bhubaneswar,"1,640",-16,Critical
1107594,27,"September 13, 2027","1,884","20,000",South 1,Belgaum,"2,358",-17,Critical
1107594,28,"September 13, 2027","1,884","20,000",South 1,Belgaum,"2,358",-17,Critical
1166122,27,"December 12, 2026","2,321","23,600",South 1,Kochi,"2,899",-17,Critical
1166122,27,"September 13, 2027","1,962","23,600",South 1,Kochi,"2,447",-17,Critical
1166122,28,"December 12, 2026","2,321","23,600",South 1,Kochi,"2,899",-17,Critical
1166122,28,"September 13, 2027","1,962","23,600",South 1,Kochi,"2,447",-17,Critical
1169924,23,"December 12, 2026","2,486","23,600",South 1,Kochi,"3,091",-17,Critical
1169924,24,"December 12, 2026","2,486","23,600",South 1,Kochi,"3,091",-17,Critical
1169924,40,"December 12, 2026","2,486","23,600",South 1,Kochi,"3,091",-17,Critical
1197891,16,"September 19, 2026","1,593","23,600",North 2,Chandigarh,"1,990",-17,Critical
1204840,17,"December 12, 2026","1,859","27,848",North 2,Shimla,"2,304",-17,Critical
1204840,18,"December 12, 2026","1,859","27,848",North 2,Shimla,"2,304",-17,Critical
1204840,19,"December 12, 2026","1,859","27,848",North 2,Shimla,"2,304",-17,Critical
1204840,20,"December 12, 2026","1,859","27,848",North 2,Shimla,"2,304",-17,Critical
1204840,50,"December 12, 2026","1,859","27,848",North 2,Shimla,"2,304",-17,Critical
1218728,17,"September 13, 2027","2,804","20,000",North 1,New Delhi,"3,500",-17,Critical
1218728,18,"September 13, 2027","2,804","20,000",North 1,New Delhi,"3,500",-17,Critical
1218728,19,"September 13, 2027","2,908","20,000",North 1,New Delhi,"3,605",-17,Critical
1218728,20,"September 13, 2027","2,908","20,000",North 1,New Delhi,"3,605",-17,Critical
1218728,50,"September 13, 2027","2,804","20,000",North 1,New Delhi,"3,500",-17,Critical
1218728,51,"September 13, 2027","2,908","20,000",North 1,New Delhi,"3,605",-17,Critical
1218728,87,"September 13, 2027","2,804","20,000",North 1,New Delhi,"3,500",-17,Critical
1411710,25,"September 13, 2027","2,008","23,600",East,Kolkata,"2,498",-17,Critical
1411710,26,"September 13, 2027","2,008","23,600",East,Kolkata,"2,498",-17,Critical
1414523,17,"September 19, 2026","1,208","23,600",East,Kolkata,"1,497",-17,Critical
1414523,18,"September 19, 2026","1,208","23,600",East,Kolkata,"1,497",-17,Critical
1414523,50,"September 19, 2026","1,208","23,600",East,Kolkata,"1,497",-17,Critical
1456807,15,"December 12, 2026","1,575","23,600",South 1,Manipal,"1,954",-17,Critical
1456807,38,"December 12, 2026","1,575","23,600",South 1,Manipal,"1,954",-17,Critical
1456807,76,"December 12, 2026","1,575","23,600",South 1,Manipal,"1,954",-17,Critical
1475965,25,"September 13, 2027","1,328","23,600",East,Durgapur,"1,653",-17,Critical
1475965,26,"September 13, 2027","1,328","23,600",East,Durgapur,"1,653",-17,Critical
1484845,19,"September 19, 2026","1,690","23,600",West,Kolhapur,"2,109",-17,Critical
1484845,20,"September 19, 2026","1,690","23,600",West,Kolhapur,"2,109",-17,Critical
1506967,17,"September 19, 2026","1,221","23,600",West,Pune,"1,523",-17,Critical
1506967,18,"September 19, 2026","1,221","23,600",West,Pune,"1,523",-17,Critical
1531125,23,"November 20, 2026","1,578","20,000",East,Guwahati,"1,977",-17,Critical
1531125,23,"November 21, 2026","1,578","20,000",East,Guwahati,"1,977",-17,Critical
1531125,24,"November 20, 2026","1,578","20,000",East,Guwahati,"1,977",-17,Critical
1531125,24,"November 21, 2026","1,578","20,000",East,Guwahati,"1,977",-17,Critical
1531125,29,"December 12, 2026","1,854","20,000",East,Guwahati,"2,305",-17,Critical
1531125,30,"December 12, 2026","1,854","20,000",East,Guwahati,"2,305",-17,Critical
1531125,31,"December 12, 2026","1,854","20,000",East,Guwahati,"2,305",-17,Critical
1531125,40,"November 20, 2026","1,578","20,000",East,Guwahati,"1,977",-17,Critical
1531125,40,"November 21, 2026","1,578","20,000",East,Guwahati,"1,977",-17,Critical
1531125,57,"December 12, 2026","1,854","20,000",East,Guwahati,"2,305",-17,Critical
1896095,27,"September 13, 2027","1,439","20,000",East,Siliguri,"1,802",-17,Critical
1896095,28,"September 13, 2027","1,439","20,000",East,Siliguri,"1,802",-17,Critical
2065763,102,"September 13, 2027","1,900","32,861",West,Indore,"2,373",-17,Critical
2065763,103,"September 13, 2027","1,900","32,861",West,Indore,"2,373",-17,Critical
2065763,104,"September 13, 2027","1,900","32,861",West,Indore,"2,373",-17,Critical
2065763,113,"December 12, 2026","2,175","32,861",West,Indore,"2,698",-17,Critical
2077421,23,"September 19, 2026","1,251","23,600",West,Bhopal,"1,555",-17,Critical
2077421,24,"September 19, 2026","1,251","23,600",West,Bhopal,"1,555",-17,Critical
2077421,40,"September 19, 2026","1,251","23,600",West,Bhopal,"1,555",-17,Critical
0002365,17,"December 12, 2026","1,968","23,600",South 1,Mangalore,"2,491",-18,Critical
0002365,18,"December 12, 2026","1,968","23,600",South 1,Mangalore,"2,491",-18,Critical
0002365,50,"December 12, 2026","1,968","23,600",South 1,Mangalore,"2,491",-18,Critical
0002365,87,"December 12, 2026","1,968","23,600",South 1,Mangalore,"2,491",-18,Critical
1136293,21,"September 19, 2026","1,547","23,600",East,Patna,"1,960",-18,Critical
1136293,22,"September 19, 2026","1,547","23,600",East,Patna,"1,960",-18,Critical
1136293,23,"September 19, 2026","1,616","23,600",East,Patna,"2,030",-18,Critical
1136293,24,"September 19, 2026","1,616","23,600",East,Patna,"2,030",-18,Critical
1136293,39,"September 19, 2026","1,547","23,600",East,Patna,"1,960",-18,Critical
1197891,15,"September 19, 2026","1,524","23,600",North 2,Chandigarh,"1,920",-18,Critical
1197891,38,"September 19, 2026","1,524","23,600",North 2,Chandigarh,"1,920",-18,Critical
1204840,45,"October 2, 2026","2,079","27,848",North 2,Shimla,"2,609",-18,Critical
1204840,45,"September 13, 2027","1,677","27,848",North 2,Shimla,"2,106",-18,Critical
1204840,46,"October 2, 2026","2,079","27,848",North 2,Shimla,"2,609",-18,Critical
1204840,46,"September 13, 2027","1,677","27,848",North 2,Shimla,"2,106",-18,Critical
1247345,27,"September 13, 2027","1,967","23,600",South 2,Chennai,"2,475",-18,Critical
1247345,28,"September 13, 2027","1,967","23,600",South 2,Chennai,"2,475",-18,Critical
1292171,32,"September 19, 2026","1,523","23,600",South 2,Visakhapatnam,"1,923",-18,Critical
1292171,33,"September 19, 2026","1,523","23,600",South 2,Visakhapatnam,"1,923",-18,Critical
1292171,34,"September 19, 2026","1,523","23,600",South 2,Visakhapatnam,"1,923",-18,Critical
1346833,21,"December 12, 2026","1,670","20,000",West,Satara,"2,095",-18,Critical
1346833,22,"December 12, 2026","1,670","20,000",West,Satara,"2,095",-18,Critical
1346833,23,"December 12, 2026","1,842","20,000",West,Satara,"2,323",-18,Critical
1346833,24,"December 12, 2026","1,842","20,000",West,Satara,"2,323",-18,Critical
1346833,39,"December 12, 2026","1,670","20,000",West,Satara,"2,095",-18,Critical
1414523,16,"September 19, 2026","1,139","23,600",East,Kolkata,"1,432",-18,Critical
1414523,52,"September 19, 2026","1,139","23,600",East,Kolkata,"1,432",-18,Critical
1432185,35,"November 22, 2026","5,589","20,000",North 1,Noida,"7,035",-18,Critical
1432185,35,"November 23, 2026","5,589","20,000",North 1,Noida,"7,035",-18,Critical
1432185,35,"November 24, 2026","5,589","20,000",North 1,Noida,"7,035",-18,Critical
1432185,35,"November 25, 2026","5,589","20,000",North 1,Noida,"7,035",-18,Critical
1432185,35,"November 26, 2026","5,589","20,000",North 1,Noida,"7,035",-18,Critical
1432185,36,"November 22, 2026","5,589","20,000",North 1,Noida,"7,035",-18,Critical
1432185,36,"November 23, 2026","5,589","20,000",North 1,Noida,"7,035",-18,Critical
1432185,36,"November 24, 2026","5,589","20,000",North 1,Noida,"7,035",-18,Critical
1432185,36,"November 25, 2026","5,589","20,000",North 1,Noida,"7,035",-18,Critical
1432185,36,"November 26, 2026","5,589","20,000",North 1,Noida,"7,035",-18,Critical
1479075,17,"September 17, 2026","1,071","23,600",South 1,Coorg,"1,346",-18,Critical
1479075,18,"September 17, 2026","1,071","23,600",South 1,Coorg,"1,346",-18,Critical
1479075,19,"September 17, 2026","1,071","23,600",South 1,Coorg,"1,346",-18,Critical
1479075,20,"September 17, 2026","1,071","23,600",South 1,Coorg,"1,346",-18,Critical
1479075,25,"September 17, 2026","1,071","23,600",South 1,Coorg,"1,346",-18,Critical
1479075,26,"September 17, 2026","1,071","23,600",South 1,Coorg,"1,346",-18,Critical
1479075,50,"September 17, 2026","1,071","23,600",South 1,Coorg,"1,346",-18,Critical
1531125,19,"November 26, 2026","1,440","20,000",East,Guwahati,"1,818",-18,Critical
1531125,21,"November 26, 2026","1,440","20,000",East,Guwahati,"1,818",-18,Critical
1531125,22,"November 26, 2026","1,440","20,000",East,Guwahati,"1,818",-18,Critical
1531125,39,"November 26, 2026","1,440","20,000",East,Guwahati,"1,818",-18,Critical
1531125,83,"November 26, 2026","1,440","20,000",East,Guwahati,"1,818",-18,Critical
1553264,25,"September 13, 2027","1,929","23,600",West,Nagpur,"2,442",-18,Critical
1553264,26,"September 13, 2027","1,929","23,600",West,Nagpur,"2,442",-18,Critical
1599756,25,"September 13, 2027","1,688","27,848",South 2,Hyderabad,"2,121",-18,Critical
1599756,26,"September 13, 2027","1,688","27,848",South 2,Hyderabad,"2,121",-18,Critical
1755459,35,"October 1, 2026","3,918","23,600",North 1,Gandhinagar,"4,947",-18,Critical
1755459,35,"October 2, 2026","3,918","23,600",North 1,Gandhinagar,"4,947",-18,Critical
1755459,35,"October 3, 2026","3,918","23,600",North 1,Gandhinagar,"4,947",-18,Critical
1755459,35,"October 4, 2026","3,918","23,600",North 1,Gandhinagar,"4,947",-18,Critical
1755459,36,"October 1, 2026","3,918","23,600",North 1,Gandhinagar,"4,947",-18,Critical
1755459,36,"October 2, 2026","3,918","23,600",North 1,Gandhinagar,"4,947",-18,Critical
1755459,36,"October 3, 2026","3,918","23,600",North 1,Gandhinagar,"4,947",-18,Critical
1755459,36,"October 4, 2026","3,918","23,600",North 1,Gandhinagar,"4,947",-18,Critical
1767140,25,"September 13, 2027","1,712","23,600",South 1,Chikmagalur,"2,170",-18,Critical
1767140,26,"September 13, 2027","1,712","23,600",South 1,Chikmagalur,"2,170",-18,Critical
2013841,25,"September 13, 2027","1,286","23,600",South 1,Bangalore,"1,624",-18,Critical
2014883,25,"September 13, 2027","1,518","23,600",South 1,Bangalore,"1,918",-18,Critical
2014883,26,"September 13, 2027","1,518","23,600",South 1,Bangalore,"1,918",-18,Critical
2025675,32,"December 12, 2026","2,130","20,000",South 2,Pondicherry,"2,689",-18,Critical
2025675,33,"December 12, 2026","2,130","20,000",South 2,Pondicherry,"2,689",-18,Critical
2025675,34,"December 12, 2026","2,130","20,000",South 2,Pondicherry,"2,689",-18,Critical
2053245,27,"September 13, 2027","2,022","23,600",North 1,Gurgaon,"2,540",-18,Critical
2053245,28,"September 13, 2027","2,022","23,600",North 1,Gurgaon,"2,540",-18,Critical
2077421,21,"September 19, 2026","1,182","23,600",West,Bhopal,"1,486",-18,Critical
2077421,22,"September 19, 2026","1,182","23,600",West,Bhopal,"1,486",-18,Critical
2077421,39,"September 19, 2026","1,182","23,600",West,Bhopal,"1,486",-18,Critical
2077421,83,"September 19, 2026","1,182","23,600",West,Bhopal,"1,486",-18,Critical
1165837,45,"December 12, 2026","2,766","23,600",South 1,Kochi,"3,541",-19,Critical
1165837,46,"December 12, 2026","2,766","23,600",South 1,Kochi,"3,541",-19,Critical
1169924,19,"December 12, 2026","1,968","23,600",South 1,Kochi,"2,506",-19,Critical
1169924,20,"December 12, 2026","1,968","23,600",South 1,Kochi,"2,506",-19,Critical
1169924,21,"December 12, 2026","2,279","23,600",South 1,Kochi,"2,896",-19,Critical
1169924,22,"December 12, 2026","2,279","23,600",South 1,Kochi,"2,896",-19,Critical
1169924,39,"December 12, 2026","2,279","23,600",South 1,Kochi,"2,896",-19,Critical
1169924,83,"December 12, 2026","2,279","23,600",South 1,Kochi,"2,896",-19,Critical
1204840,45,"October 3, 2026","2,040","27,848",North 2,Shimla,"2,609",-19,Critical
1204840,46,"October 3, 2026","2,040","27,848",North 2,Shimla,"2,609",-19,Critical
1206822,21,"December 12, 2026","2,477","23,600",North 2,Shimla,"3,143",-19,Critical
1206822,22,"December 12, 2026","2,477","23,600",North 2,Shimla,"3,143",-19,Critical
1206822,23,"December 12, 2026","2,477","23,600",North 2,Shimla,"3,143",-19,Critical
1206822,24,"December 12, 2026","2,477","23,600",North 2,Shimla,"3,143",-19,Critical
1206822,39,"December 12, 2026","2,477","23,600",North 2,Shimla,"3,143",-19,Critical
1206822,40,"December 12, 2026","2,477","23,600",North 2,Shimla,"3,143",-19,Critical
1206822,83,"December 12, 2026","2,477","23,600",North 2,Shimla,"3,143",-19,Critical
1432185,27,"November 22, 2026","5,313","20,000",North 1,Noida,"6,775",-19,Critical
1432185,27,"November 23, 2026","5,313","20,000",North 1,Noida,"6,775",-19,Critical
1432185,27,"November 24, 2026","5,313","20,000",North 1,Noida,"6,775",-19,Critical
1432185,27,"November 25, 2026","5,313","20,000",North 1,Noida,"6,775",-19,Critical
1432185,27,"November 26, 2026","5,313","20,000",North 1,Noida,"6,775",-19,Critical
1432185,28,"November 22, 2026","5,313","20,000",North 1,Noida,"6,775",-19,Critical
1432185,28,"November 23, 2026","5,313","20,000",North 1,Noida,"6,775",-19,Critical
1432185,28,"November 24, 2026","5,313","20,000",North 1,Noida,"6,775",-19,Critical
1432185,28,"November 25, 2026","5,313","20,000",North 1,Noida,"6,775",-19,Critical
1432185,28,"November 26, 2026","5,313","20,000",North 1,Noida,"6,775",-19,Critical
1432185,32,"November 22, 2026","5,313","20,000",North 1,Noida,"6,775",-19,Critical
1432185,32,"November 23, 2026","5,313","20,000",North 1,Noida,"6,775",-19,Critical
1432185,32,"November 24, 2026","5,313","20,000",North 1,Noida,"6,775",-19,Critical
1432185,32,"November 25, 2026","5,313","20,000",North 1,Noida,"6,775",-19,Critical
1432185,32,"November 26, 2026","5,313","20,000",North 1,Noida,"6,775",-19,Critical
1432185,33,"November 22, 2026","5,313","20,000",North 1,Noida,"6,775",-19,Critical
1432185,33,"November 23, 2026","5,313","20,000",North 1,Noida,"6,775",-19,Critical
1432185,33,"November 24, 2026","5,313","20,000",North 1,Noida,"6,775",-19,Critical
1432185,33,"November 25, 2026","5,313","20,000",North 1,Noida,"6,775",-19,Critical
1432185,33,"November 26, 2026","5,313","20,000",North 1,Noida,"6,775",-19,Critical
1432185,34,"November 22, 2026","5,313","20,000",North 1,Noida,"6,775",-19,Critical
1432185,34,"November 23, 2026","5,313","20,000",North 1,Noida,"6,775",-19,Critical
1432185,34,"November 24, 2026","5,313","20,000",North 1,Noida,"6,775",-19,Critical
1432185,34,"November 25, 2026","5,313","20,000",North 1,Noida,"6,775",-19,Critical
1432185,34,"November 26, 2026","5,313","20,000",North 1,Noida,"6,775",-19,Critical
1479075,25,"September 13, 2027","1,415","23,600",South 1,Coorg,"1,813",-19,Critical
1479075,26,"September 13, 2027","1,415","23,600",South 1,Coorg,"1,813",-19,Critical
1766857,25,"September 13, 2027","2,077","23,600",South 1,Chikmagalur,"2,643",-19,Critical
1766857,26,"September 13, 2027","2,077","23,600",South 1,Chikmagalur,"2,643",-19,Critical
1809628,25,"September 13, 2027","1,619","23,600",North 2,Chandigarh,"2,076",-19,Critical
1809628,26,"September 13, 2027","1,619","23,600",North 2,Chandigarh,"2,076",-19,Critical
2026607,35,"December 12, 2026","2,614","20,000",South 1,Mangalore,"3,335",-19,Critical
2026607,36,"December 12, 2026","2,614","20,000",South 1,Mangalore,"3,335",-19,Critical
2026607,37,"December 12, 2026","2,614","20,000",South 1,Mangalore,"3,335",-19,Critical
2043486,23,"September 19, 2026","2,021","23,600",North 1,Noida,"2,580",-19,Critical
2043486,24,"September 19, 2026","2,021","23,600",North 1,Noida,"2,580",-19,Critical
2043486,40,"September 19, 2026","2,021","23,600",North 1,Noida,"2,580",-19,Critical
2077421,19,"September 19, 2026","1,113","23,600",West,Bhopal,"1,417",-19,Critical
2077421,20,"September 19, 2026","1,113","23,600",West,Bhopal,"1,417",-19,Critical
0418304,25,"September 13, 2027","2,286","23,600",East,Kolkata,"2,936",-20,Critical
0418304,26,"September 13, 2027","2,286","23,600",East,Kolkata,"2,936",-20,Critical
1076395,25,"September 13, 2027","1,600","23,600",South 2,Erode,"2,058",-20,Critical
1076395,26,"September 13, 2027","1,600","23,600",South 2,Erode,"2,058",-20,Critical
1107594,25,"September 13, 2027","1,608","23,600",South 1,Belgaum,"2,065",-20,Critical
1136293,19,"September 19, 2026","1,409","23,600",East,Patna,"1,820",-20,Critical
1136293,20,"September 19, 2026","1,409","23,600",East,Patna,"1,820",-20,Critical
1169924,17,"December 12, 2026","1,899","23,600",South 1,Kochi,"2,441",-20,Critical
1169924,18,"December 12, 2026","1,899","23,600",South 1,Kochi,"2,441",-20,Critical
1169924,50,"December 12, 2026","1,899","23,600",South 1,Kochi,"2,441",-20,Critical
1229920,42,"September 13, 2027","1,540","23,600",North 2,Varanasi,"1,976",-20,Critical
1229920,43,"September 13, 2027","1,540","23,600",North 2,Varanasi,"1,976",-20,Critical
1292171,29,"September 19, 2026","1,419","23,600",South 2,Visakhapatnam,"1,826",-20,Critical
1292171,30,"September 19, 2026","1,419","23,600",South 2,Visakhapatnam,"1,826",-20,Critical
1292171,31,"September 19, 2026","1,419","23,600",South 2,Visakhapatnam,"1,826",-20,Critical
1292171,57,"September 19, 2026","1,419","23,600",South 2,Visakhapatnam,"1,826",-20,Critical
1432185,23,"November 22, 2026","5,037","20,000",North 1,Noida,"6,515",-20,Critical
1432185,23,"November 23, 2026","5,037","20,000",North 1,Noida,"6,515",-20,Critical
1432185,23,"November 24, 2026","5,037","20,000",North 1,Noida,"6,515",-20,Critical
1432185,23,"November 25, 2026","5,037","20,000",North 1,Noida,"6,515",-20,Critical
1432185,23,"November 26, 2026","5,037","20,000",North 1,Noida,"6,515",-20,Critical
1432185,24,"November 22, 2026","5,037","20,000",North 1,Noida,"6,515",-20,Critical
1432185,24,"November 23, 2026","5,037","20,000",North 1,Noida,"6,515",-20,Critical
1432185,24,"November 24, 2026","5,037","20,000",North 1,Noida,"6,515",-20,Critical
1432185,24,"November 25, 2026","5,037","20,000",North 1,Noida,"6,515",-20,Critical
1432185,24,"November 26, 2026","5,037","20,000",North 1,Noida,"6,515",-20,Critical
1432185,29,"November 22, 2026","5,106","20,000",North 1,Noida,"6,580",-20,Critical
1432185,29,"November 23, 2026","5,106","20,000",North 1,Noida,"6,580",-20,Critical
1432185,29,"November 24, 2026","5,106","20,000",North 1,Noida,"6,580",-20,Critical
1432185,29,"November 25, 2026","5,106","20,000",North 1,Noida,"6,580",-20,Critical
1432185,29,"November 26, 2026","5,106","20,000",North 1,Noida,"6,580",-20,Critical
1432185,30,"November 22, 2026","5,106","20,000",North 1,Noida,"6,580",-20,Critical
1432185,30,"November 23, 2026","5,106","20,000",North 1,Noida,"6,580",-20,Critical
1432185,30,"November 24, 2026","5,106","20,000",North 1,Noida,"6,580",-20,Critical
1432185,30,"November 25, 2026","5,106","20,000",North 1,Noida,"6,580",-20,Critical
1432185,30,"November 26, 2026","5,106","20,000",North 1,Noida,"6,580",-20,Critical
1432185,31,"November 22, 2026","5,106","20,000",North 1,Noida,"6,580",-20,Critical
1432185,31,"November 23, 2026","5,106","20,000",North 1,Noida,"6,580",-20,Critical
1432185,31,"November 24, 2026","5,106","20,000",North 1,Noida,"6,580",-20,Critical
1432185,31,"November 25, 2026","5,106","20,000",North 1,Noida,"6,580",-20,Critical
1432185,31,"November 26, 2026","5,106","20,000",North 1,Noida,"6,580",-20,Critical
1432185,40,"November 22, 2026","5,037","20,000",North 1,Noida,"6,515",-20,Critical
1432185,40,"November 23, 2026","5,037","20,000",North 1,Noida,"6,515",-20,Critical
1432185,40,"November 24, 2026","5,037","20,000",North 1,Noida,"6,515",-20,Critical
1432185,40,"November 25, 2026","5,037","20,000",North 1,Noida,"6,515",-20,Critical
1432185,40,"November 26, 2026","5,037","20,000",North 1,Noida,"6,515",-20,Critical
1432185,57,"November 22, 2026","5,106","20,000",North 1,Noida,"6,580",-20,Critical
1432185,57,"November 23, 2026","5,106","20,000",North 1,Noida,"6,580",-20,Critical
1432185,57,"November 24, 2026","5,106","20,000",North 1,Noida,"6,580",-20,Critical
1432185,57,"November 25, 2026","5,106","20,000",North 1,Noida,"6,580",-20,Critical
1432185,57,"November 26, 2026","5,106","20,000",North 1,Noida,"6,580",-20,Critical
1503376,27,"September 13, 2027","2,282","23,600",West,Pune,"2,953",-20,Critical
1516017,27,"September 13, 2027","1,905","40,000",West,Nashik,"2,467",-20,Critical
1516017,28,"September 13, 2027","1,905","40,000",West,Nashik,"2,467",-20,Critical
1517075,27,"September 13, 2027","2,275","40,000",West,Nashik,"2,929",-20,Critical
1517075,28,"September 13, 2027","2,275","40,000",West,Nashik,"2,929",-20,Critical
1531125,17,"November 26, 2026","1,302","20,000",East,Guwahati,"1,688",-20,Critical
1531125,18,"November 26, 2026","1,302","20,000",East,Guwahati,"1,688",-20,Critical
1531125,19,"November 20, 2026","1,440","20,000",East,Guwahati,"1,847",-20,Critical
1531125,19,"November 21, 2026","1,440","20,000",East,Guwahati,"1,847",-20,Critical
1531125,21,"November 20, 2026","1,440","20,000",East,Guwahati,"1,847",-20,Critical
1531125,21,"November 21, 2026","1,440","20,000",East,Guwahati,"1,847",-20,Critical
1531125,22,"November 20, 2026","1,440","20,000",East,Guwahati,"1,847",-20,Critical
1531125,22,"November 21, 2026","1,440","20,000",East,Guwahati,"1,847",-20,Critical
1531125,23,"December 12, 2026","1,578","20,000",East,Guwahati,"2,045",-20,Critical
1531125,24,"December 12, 2026","1,578","20,000",East,Guwahati,"2,045",-20,Critical
1531125,39,"November 20, 2026","1,440","20,000",East,Guwahati,"1,847",-20,Critical
1531125,39,"November 21, 2026","1,440","20,000",East,Guwahati,"1,847",-20,Critical
1531125,40,"December 12, 2026","1,578","20,000",East,Guwahati,"2,045",-20,Critical
1531125,83,"November 20, 2026","1,440","20,000",East,Guwahati,"1,847",-20,Critical
1531125,83,"November 21, 2026","1,440","20,000",East,Guwahati,"1,847",-20,Critical
1555580,25,"September 13, 2027","1,951","23,600",West,Nagpur,"2,514",-20,Critical
1555580,26,"September 13, 2027","1,951","23,600",West,Nagpur,"2,514",-20,Critical
1594465,25,"September 13, 2027","1,666","27,848",South 2,Hyderabad,"2,144",-20,Critical
1594465,26,"September 13, 2027","1,666","27,848",South 2,Hyderabad,"2,144",-20,Critical
1595009,42,"September 13, 2027","2,481","23,600",South 2,Hyderabad,"3,206",-20,Critical
1595009,43,"September 13, 2027","2,481","23,600",South 2,Hyderabad,"3,206",-20,Critical
1595009,44,"September 13, 2027","2,481","23,600",South 2,Hyderabad,"3,206",-20,Critical
1596716,27,"September 13, 2027","1,666","23,600",South 2,Hyderabad,"2,144",-20,Critical
1596716,28,"September 13, 2027","1,666","23,600",South 2,Hyderabad,"2,144",-20,Critical
1755459,27,"October 1, 2026","3,573","23,600",North 1,Gandhinagar,"4,597",-20,Critical
1755459,27,"October 2, 2026","3,573","23,600",North 1,Gandhinagar,"4,597",-20,Critical
1755459,27,"October 3, 2026","3,573","23,600",North 1,Gandhinagar,"4,597",-20,Critical
1755459,27,"October 4, 2026","3,573","23,600",North 1,Gandhinagar,"4,597",-20,Critical
1755459,28,"October 1, 2026","3,573","23,600",North 1,Gandhinagar,"4,597",-20,Critical
1755459,28,"October 2, 2026","3,573","23,600",North 1,Gandhinagar,"4,597",-20,Critical
1755459,28,"October 3, 2026","3,573","23,600",North 1,Gandhinagar,"4,597",-20,Critical
1755459,28,"October 4, 2026","3,573","23,600",North 1,Gandhinagar,"4,597",-20,Critical
1755459,29,"October 1, 2026","3,487","23,600",North 1,Gandhinagar,"4,510",-20,Critical
1755459,29,"October 2, 2026","3,487","23,600",North 1,Gandhinagar,"4,510",-20,Critical
1755459,29,"October 3, 2026","3,487","23,600",North 1,Gandhinagar,"4,510",-20,Critical
1755459,29,"October 4, 2026","3,487","23,600",North 1,Gandhinagar,"4,510",-20,Critical
1755459,30,"October 1, 2026","3,487","23,600",North 1,Gandhinagar,"4,510",-20,Critical
1755459,30,"October 2, 2026","3,487","23,600",North 1,Gandhinagar,"4,510",-20,Critical
1755459,30,"October 3, 2026","3,487","23,600",North 1,Gandhinagar,"4,510",-20,Critical
1755459,30,"October 4, 2026","3,487","23,600",North 1,Gandhinagar,"4,510",-20,Critical
1755459,31,"October 1, 2026","3,487","23,600",North 1,Gandhinagar,"4,510",-20,Critical
1755459,31,"October 2, 2026","3,487","23,600",North 1,Gandhinagar,"4,510",-20,Critical
1755459,31,"October 3, 2026","3,487","23,600",North 1,Gandhinagar,"4,510",-20,Critical
1755459,31,"October 4, 2026","3,487","23,600",North 1,Gandhinagar,"4,510",-20,Critical
1755459,32,"October 1, 2026","3,573","23,600",North 1,Gandhinagar,"4,597",-20,Critical
1755459,32,"October 2, 2026","3,573","23,600",North 1,Gandhinagar,"4,597",-20,Critical
1755459,32,"October 3, 2026","3,573","23,600",North 1,Gandhinagar,"4,597",-20,Critical
1755459,32,"October 4, 2026","3,573","23,600",North 1,Gandhinagar,"4,597",-20,Critical
1755459,33,"October 1, 2026","3,573","23,600",North 1,Gandhinagar,"4,597",-20,Critical
1755459,33,"October 2, 2026","3,573","23,600",North 1,Gandhinagar,"4,597",-20,Critical
1755459,33,"October 3, 2026","3,573","23,600",North 1,Gandhinagar,"4,597",-20,Critical
1755459,33,"October 4, 2026","3,573","23,600",North 1,Gandhinagar,"4,597",-20,Critical
1755459,34,"October 1, 2026","3,573","23,600",North 1,Gandhinagar,"4,597",-20,Critical
1755459,34,"October 2, 2026","3,573","23,600",North 1,Gandhinagar,"4,597",-20,Critical
1755459,34,"October 3, 2026","3,573","23,600",North 1,Gandhinagar,"4,597",-20,Critical
1755459,34,"October 4, 2026","3,573","23,600",North 1,Gandhinagar,"4,597",-20,Critical
1755459,57,"October 1, 2026","3,487","23,600",North 1,Gandhinagar,"4,510",-20,Critical
1755459,57,"October 2, 2026","3,487","23,600",North 1,Gandhinagar,"4,510",-20,Critical
1755459,57,"October 3, 2026","3,487","23,600",North 1,Gandhinagar,"4,510",-20,Critical
1755459,57,"October 4, 2026","3,487","23,600",North 1,Gandhinagar,"4,510",-20,Critical
2024578,42,"November 12, 2026","3,140","20,000",South 2,Chennai,"4,043",-20,Critical
2024578,42,"September 13, 2027","3,140","20,000",South 2,Chennai,"4,043",-20,Critical
2024578,43,"November 12, 2026","3,140","20,000",South 2,Chennai,"4,043",-20,Critical
2024578,43,"September 13, 2027","3,140","20,000",South 2,Chennai,"4,043",-20,Critical
2024578,44,"November 12, 2026","3,140","20,000",South 2,Chennai,"4,043",-20,Critical
2024578,44,"September 13, 2027","3,140","20,000",South 2,Chennai,"4,043",-20,Critical
2026607,27,"December 12, 2026","2,476","20,000",South 1,Mangalore,"3,205",-20,Critical
2026607,28,"December 12, 2026","2,476","20,000",South 1,Mangalore,"3,205",-20,Critical
2043486,21,"September 19, 2026","1,935","23,600",North 1,Noida,"2,499",-20,Critical
2043486,22,"September 19, 2026","1,935","23,600",North 1,Noida,"2,499",-20,Critical
2043486,39,"September 19, 2026","1,935","23,600",North 1,Noida,"2,499",-20,Critical
2043486,83,"September 19, 2026","1,935","23,600",North 1,Noida,"2,499",-20,Critical
2077421,17,"September 19, 2026","1,044","23,600",West,Bhopal,"1,348",-20,Critical
2077421,18,"September 19, 2026","1,044","23,600",West,Bhopal,"1,348",-20,Critical
2077421,50,"September 19, 2026","1,044","23,600",West,Bhopal,"1,348",-20,Critical
2079707,25,"September 13, 2027","1,428","23,600",West,Bhopal,"1,834",-20,Critical
2079707,26,"September 13, 2027","1,428","23,600",West,Bhopal,"1,834",-20,Critical
2083696,25,"September 13, 2027","1,768","23,600",West,Aurangabad,"2,293",-20,Critical
2083696,26,"September 13, 2027","1,768","23,600",West,Aurangabad,"2,293",-20,Critical
0233415,25,"September 13, 2027","2,000","20,000",South 2,Vijayawada,"2,618",-21,Critical
0233415,26,"September 13, 2027","2,000","20,000",South 2,Vijayawada,"2,618",-21,Critical
1075048,25,"September 13, 2027","1,305","23,600",South 1,Belgaum,"1,699",-21,Critical
1107594,25,"September 13, 2027","1,608","20,000",South 1,Belgaum,"2,098",-21,Critical
1136293,17,"September 19, 2026","1,340","23,600",East,Patna,"1,750",-21,Critical
1136293,18,"September 19, 2026","1,340","23,600",East,Patna,"1,750",-21,Critical
1136293,50,"September 19, 2026","1,340","23,600",East,Patna,"1,750",-21,Critical
1247345,25,"September 13, 2027","1,726","23,600",South 2,Chennai,"2,247",-21,Critical
1247345,26,"September 13, 2027","1,726","23,600",South 2,Chennai,"2,247",-21,Critical
1307656,25,"September 13, 2027","1,010","23,600",North 2,Agra,"1,315",-21,Critical
1307656,26,"September 13, 2027","1,010","23,600",North 2,Agra,"1,315",-21,Critical
1346833,35,"December 12, 2026","2,463","20,000",West,Satara,"3,200",-21,Critical
1346833,36,"December 12, 2026","2,463","20,000",West,Satara,"3,200",-21,Critical
1346833,37,"December 12, 2026","2,463","20,000",West,Satara,"3,200",-21,Critical
1432185,19,"November 22, 2026","4,796","20,000",North 1,Noida,"6,288",-21,Critical
1432185,19,"November 23, 2026","4,796","20,000",North 1,Noida,"6,288",-21,Critical
1432185,19,"November 24, 2026","4,796","20,000",North 1,Noida,"6,288",-21,Critical
1432185,19,"November 25, 2026","4,796","20,000",North 1,Noida,"6,288",-21,Critical
1432185,19,"November 26, 2026","4,796","20,000",North 1,Noida,"6,288",-21,Critical
1432185,20,"November 22, 2026","4,796","20,000",North 1,Noida,"6,288",-21,Critical
1432185,20,"November 23, 2026","4,796","20,000",North 1,Noida,"6,288",-21,Critical
1432185,20,"November 24, 2026","4,796","20,000",North 1,Noida,"6,288",-21,Critical
1432185,20,"November 25, 2026","4,796","20,000",North 1,Noida,"6,288",-21,Critical
1432185,20,"November 26, 2026","4,796","20,000",North 1,Noida,"6,288",-21,Critical
1432185,21,"November 22, 2026","4,899","20,000",North 1,Noida,"6,385",-21,Critical
1432185,21,"November 23, 2026","4,899","20,000",North 1,Noida,"6,385",-21,Critical
1432185,21,"November 24, 2026","4,899","20,000",North 1,Noida,"6,385",-21,Critical
1432185,21,"November 25, 2026","4,899","20,000",North 1,Noida,"6,385",-21,Critical
1432185,21,"November 26, 2026","4,899","20,000",North 1,Noida,"6,385",-21,Critical
1432185,22,"November 22, 2026","4,899","20,000",North 1,Noida,"6,385",-21,Critical
1432185,22,"November 23, 2026","4,899","20,000",North 1,Noida,"6,385",-21,Critical
1432185,22,"November 24, 2026","4,899","20,000",North 1,Noida,"6,385",-21,Critical
1432185,22,"November 25, 2026","4,899","20,000",North 1,Noida,"6,385",-21,Critical
1432185,22,"November 26, 2026","4,899","20,000",North 1,Noida,"6,385",-21,Critical
1432185,39,"November 22, 2026","4,899","20,000",North 1,Noida,"6,385",-21,Critical
1432185,39,"November 23, 2026","4,899","20,000",North 1,Noida,"6,385",-21,Critical
1432185,39,"November 24, 2026","4,899","20,000",North 1,Noida,"6,385",-21,Critical
1432185,39,"November 25, 2026","4,899","20,000",North 1,Noida,"6,385",-21,Critical
1432185,39,"November 26, 2026","4,899","20,000",North 1,Noida,"6,385",-21,Critical
1432185,83,"November 22, 2026","4,899","20,000",North 1,Noida,"6,385",-21,Critical
1432185,83,"November 23, 2026","4,899","20,000",North 1,Noida,"6,385",-21,Critical
1432185,83,"November 24, 2026","4,899","20,000",North 1,Noida,"6,385",-21,Critical
1432185,83,"November 25, 2026","4,899","20,000",North 1,Noida,"6,385",-21,Critical
1432185,83,"November 26, 2026","4,899","20,000",North 1,Noida,"6,385",-21,Critical
1552629,35,"September 13, 2027","3,083","23,600",West,Nagpur,"4,034",-21,Critical
1552629,36,"September 13, 2027","3,083","23,600",West,Nagpur,"4,034",-21,Critical
1894945,35,"September 13, 2027","3,453","23,600",South 1,Hassan,"4,492",-21,Critical
1894945,36,"September 13, 2027","3,453","23,600",South 1,Hassan,"4,492",-21,Critical
1894945,37,"September 13, 2027","3,453","23,600",South 1,Hassan,"4,492",-21,Critical
2015296,25,"September 13, 2027","1,238","20,000",South 1,Bangalore,"1,621",-21,Critical
2015296,26,"September 13, 2027","1,238","20,000",South 1,Bangalore,"1,621",-21,Critical
2024299,17,"December 12, 2026","2,028","23,600",South 1,Mangalore,"2,650",-21,Critical
2024299,18,"December 12, 2026","2,028","23,600",South 1,Mangalore,"2,650",-21,Critical
2024299,19,"December 12, 2026","2,028","23,600",South 1,Mangalore,"2,650",-21,Critical
2024299,20,"December 12, 2026","2,028","23,600",South 1,Mangalore,"2,650",-21,Critical
2024299,50,"December 12, 2026","2,028","23,600",South 1,Mangalore,"2,650",-21,Critical
2025675,23,"December 12, 2026","1,889","20,000",South 2,Pondicherry,"2,462",-21,Critical
2025675,24,"December 12, 2026","1,889","20,000",South 2,Pondicherry,"2,462",-21,Critical
2025675,29,"December 12, 2026","1,854","20,000",South 2,Pondicherry,"2,429",-21,Critical
2025675,30,"December 12, 2026","1,854","20,000",South 2,Pondicherry,"2,429",-21,Critical
2025675,31,"December 12, 2026","1,854","20,000",South 2,Pondicherry,"2,429",-21,Critical
2025675,57,"December 12, 2026","1,854","20,000",South 2,Pondicherry,"2,429",-21,Critical
2066561,42,"December 12, 2026","3,207","27,848",North 2,Dharamshala,"4,170",-21,Critical
2066561,43,"December 12, 2026","3,207","27,848",North 2,Dharamshala,"4,170",-21,Critical
2345375,25,"September 13, 2027","1,278","23,600",West,Chandrapur,"1,675",-21,Critical
3002526,25,"September 13, 2027","1,056","23,600",South 2,Pondicherry,"1,384",-21,Critical
3002526,26,"September 13, 2027","1,056","23,600",South 2,Pondicherry,"1,384",-21,Critical
1075048,27,"December 12, 2026","1,682","23,600",South 1,Belgaum,"2,224",-22,Critical
1075048,28,"December 12, 2026","1,682","23,600",South 1,Belgaum,"2,224",-22,Critical
1394588,25,"September 13, 2027","1,561","23,600",North 1,Ahmedabad,"2,055",-22,Critical
1394588,26,"September 13, 2027","1,561","23,600",North 1,Ahmedabad,"2,055",-22,Critical
1432185,17,"November 22, 2026","4,692","20,000",North 1,Noida,"6,190",-22,Critical
1432185,17,"November 23, 2026","4,692","20,000",North 1,Noida,"6,190",-22,Critical
1432185,17,"November 24, 2026","4,692","20,000",North 1,Noida,"6,190",-22,Critical
1432185,17,"November 25, 2026","4,692","20,000",North 1,Noida,"6,190",-22,Critical
1432185,17,"November 26, 2026","4,692","20,000",North 1,Noida,"6,190",-22,Critical
1432185,18,"November 22, 2026","4,692","20,000",North 1,Noida,"6,190",-22,Critical
1432185,18,"November 23, 2026","4,692","20,000",North 1,Noida,"6,190",-22,Critical
1432185,18,"November 24, 2026","4,692","20,000",North 1,Noida,"6,190",-22,Critical
1432185,18,"November 25, 2026","4,692","20,000",North 1,Noida,"6,190",-22,Critical
1432185,18,"November 26, 2026","4,692","20,000",North 1,Noida,"6,190",-22,Critical
1432185,50,"November 22, 2026","4,692","20,000",North 1,Noida,"6,190",-22,Critical
1432185,50,"November 23, 2026","4,692","20,000",North 1,Noida,"6,190",-22,Critical
1432185,50,"November 24, 2026","4,692","20,000",North 1,Noida,"6,190",-22,Critical
1432185,50,"November 25, 2026","4,692","20,000",North 1,Noida,"6,190",-22,Critical
1432185,50,"November 26, 2026","4,692","20,000",North 1,Noida,"6,190",-22,Critical
1446609,27,"September 13, 2027","1,578","23,600",South 1,Ooty,"2,090",-22,Critical
1446609,28,"September 13, 2027","1,578","23,600",South 1,Ooty,"2,090",-22,Critical
1451268,27,"December 12, 2026","2,194","20,000",South 1,Manipal,"2,890",-22,Critical
1451268,28,"December 12, 2026","2,194","20,000",South 1,Manipal,"2,890",-22,Critical
1531125,17,"November 20, 2026","1,302","20,000",East,Guwahati,"1,717",-22,Critical
1531125,17,"November 21, 2026","1,302","20,000",East,Guwahati,"1,717",-22,Critical
1531125,18,"November 20, 2026","1,302","20,000",East,Guwahati,"1,717",-22,Critical
1531125,18,"November 21, 2026","1,302","20,000",East,Guwahati,"1,717",-22,Critical
1755459,16,"October 1, 2026","2,745","23,600",North 1,Gandhinagar,"3,637",-22,Critical
1755459,16,"October 2, 2026","2,745","23,600",North 1,Gandhinagar,"3,637",-22,Critical
1755459,16,"October 3, 2026","2,745","23,600",North 1,Gandhinagar,"3,637",-22,Critical
1755459,16,"October 4, 2026","2,745","23,600",North 1,Gandhinagar,"3,637",-22,Critical
1755459,21,"October 1, 2026","3,142","23,600",North 1,Gandhinagar,"4,160",-22,Critical
1755459,21,"October 2, 2026","3,142","23,600",North 1,Gandhinagar,"4,160",-22,Critical
1755459,21,"October 3, 2026","3,142","23,600",North 1,Gandhinagar,"4,160",-22,Critical
1755459,21,"October 4, 2026","3,142","23,600",North 1,Gandhinagar,"4,160",-22,Critical
1755459,22,"October 1, 2026","3,142","23,600",North 1,Gandhinagar,"4,160",-22,Critical
1755459,22,"October 2, 2026","3,142","23,600",North 1,Gandhinagar,"4,160",-22,Critical
1755459,22,"October 3, 2026","3,142","23,600",North 1,Gandhinagar,"4,160",-22,Critical
1755459,22,"October 4, 2026","3,142","23,600",North 1,Gandhinagar,"4,160",-22,Critical
1755459,23,"October 1, 2026","3,228","23,600",North 1,Gandhinagar,"4,247",-22,Critical
1755459,23,"October 2, 2026","3,228","23,600",North 1,Gandhinagar,"4,247",-22,Critical
1755459,23,"October 3, 2026","3,228","23,600",North 1,Gandhinagar,"4,247",-22,Critical
1755459,23,"October 4, 2026","3,228","23,600",North 1,Gandhinagar,"4,247",-22,Critical
1755459,24,"October 1, 2026","3,228","23,600",North 1,Gandhinagar,"4,247",-22,Critical
1755459,24,"October 2, 2026","3,228","23,600",North 1,Gandhinagar,"4,247",-22,Critical
1755459,24,"October 3, 2026","3,228","23,600",North 1,Gandhinagar,"4,247",-22,Critical
1755459,24,"October 4, 2026","3,228","23,600",North 1,Gandhinagar,"4,247",-22,Critical
1755459,25,"October 1, 2026","3,228","23,600",North 1,Gandhinagar,"4,247",-22,Critical
1755459,25,"October 2, 2026","3,228","23,600",North 1,Gandhinagar,"4,247",-22,Critical
1755459,25,"October 3, 2026","3,228","23,600",North 1,Gandhinagar,"4,247",-22,Critical
1755459,25,"October 4, 2026","3,228","23,600",North 1,Gandhinagar,"4,247",-22,Critical
1755459,26,"October 1, 2026","3,228","23,600",North 1,Gandhinagar,"4,247",-22,Critical
1755459,26,"October 2, 2026","3,228","23,600",North 1,Gandhinagar,"4,247",-22,Critical
1755459,26,"October 3, 2026","3,228","23,600",North 1,Gandhinagar,"4,247",-22,Critical
1755459,26,"October 4, 2026","3,228","23,600",North 1,Gandhinagar,"4,247",-22,Critical
1755459,39,"October 1, 2026","3,142","23,600",North 1,Gandhinagar,"4,160",-22,Critical
1755459,39,"October 2, 2026","3,142","23,600",North 1,Gandhinagar,"4,160",-22,Critical
1755459,39,"October 3, 2026","3,142","23,600",North 1,Gandhinagar,"4,160",-22,Critical
1755459,39,"October 4, 2026","3,142","23,600",North 1,Gandhinagar,"4,160",-22,Critical
1755459,40,"October 1, 2026","3,228","23,600",North 1,Gandhinagar,"4,247",-22,Critical
1755459,40,"October 2, 2026","3,228","23,600",North 1,Gandhinagar,"4,247",-22,Critical
1755459,40,"October 3, 2026","3,228","23,600",North 1,Gandhinagar,"4,247",-22,Critical
1755459,40,"October 4, 2026","3,228","23,600",North 1,Gandhinagar,"4,247",-22,Critical
1755459,52,"October 1, 2026","2,745","23,600",North 1,Gandhinagar,"3,637",-22,Critical
1755459,52,"October 2, 2026","2,745","23,600",North 1,Gandhinagar,"3,637",-22,Critical
1755459,52,"October 3, 2026","2,745","23,600",North 1,Gandhinagar,"3,637",-22,Critical
1755459,52,"October 4, 2026","2,745","23,600",North 1,Gandhinagar,"3,637",-22,Critical
1755459,83,"October 1, 2026","3,142","23,600",North 1,Gandhinagar,"4,160",-22,Critical
1755459,83,"October 2, 2026","3,142","23,600",North 1,Gandhinagar,"4,160",-22,Critical
1755459,83,"October 3, 2026","3,142","23,600",North 1,Gandhinagar,"4,160",-22,Critical
1755459,83,"October 4, 2026","3,142","23,600",North 1,Gandhinagar,"4,160",-22,Critical
2043486,19,"September 19, 2026","1,797","23,600",North 1,Noida,"2,369",-22,Critical
2043486,20,"September 19, 2026","1,797","23,600",North 1,Noida,"2,369",-22,Critical
2059540,27,"September 13, 2027","1,905","23,600",South 2,Hyderabad,"2,522",-22,Critical
2059540,28,"September 13, 2027","1,905","23,600",South 2,Hyderabad,"2,522",-22,Critical
1165837,25,"September 13, 2027","1,809","23,600",South 1,Kochi,"2,403",-23,Critical
1165837,26,"September 13, 2027","1,809","23,600",South 1,Kochi,"2,403",-23,Critical
1452757,42,"September 13, 2027","2,803","23,600",South 2,Tirupati,"3,721",-23,Critical
1452757,43,"September 13, 2027","2,803","23,600",South 2,Tirupati,"3,721",-23,Critical
1531125,19,"December 12, 2026","1,440","20,000",East,Guwahati,"1,915",-23,Critical
1531125,21,"December 12, 2026","1,440","20,000",East,Guwahati,"1,915",-23,Critical
1531125,22,"December 12, 2026","1,440","20,000",East,Guwahati,"1,915",-23,Critical
1531125,39,"December 12, 2026","1,440","20,000",East,Guwahati,"1,915",-23,Critical
1531125,83,"December 12, 2026","1,440","20,000",East,Guwahati,"1,915",-23,Critical
1596296,45,"September 13, 2027","2,648","32,861",South 2,Hyderabad,"3,520",-23,Critical
1596296,46,"September 13, 2027","2,648","32,861",South 2,Hyderabad,"3,520",-23,Critical
1755459,15,"October 1, 2026","2,659","23,600",North 1,Gandhinagar,"3,550",-23,Critical
1755459,15,"October 2, 2026","2,659","23,600",North 1,Gandhinagar,"3,550",-23,Critical
1755459,15,"October 3, 2026","2,659","23,600",North 1,Gandhinagar,"3,550",-23,Critical
1755459,15,"October 4, 2026","2,659","23,600",North 1,Gandhinagar,"3,550",-23,Critical
1755459,38,"October 1, 2026","2,659","23,600",North 1,Gandhinagar,"3,550",-23,Critical
1755459,38,"October 2, 2026","2,659","23,600",North 1,Gandhinagar,"3,550",-23,Critical
1755459,38,"October 3, 2026","2,659","23,600",North 1,Gandhinagar,"3,550",-23,Critical
1755459,38,"October 4, 2026","2,659","23,600",North 1,Gandhinagar,"3,550",-23,Critical
1755459,76,"October 1, 2026","2,659","23,600",North 1,Gandhinagar,"3,550",-23,Critical
1755459,76,"October 2, 2026","2,659","23,600",North 1,Gandhinagar,"3,550",-23,Critical
1755459,76,"October 3, 2026","2,659","23,600",North 1,Gandhinagar,"3,550",-23,Critical
1755459,76,"October 4, 2026","2,659","23,600",North 1,Gandhinagar,"3,550",-23,Critical
1921658,25,"September 13, 2027","2,296","23,600",South 2,Vellore,"3,051",-23,Critical
1921658,26,"September 13, 2027","2,296","23,600",South 2,Vellore,"3,051",-23,Critical
2016749,25,"September 13, 2027","1,640","23,600",South 1,Bangalore,"2,176",-23,Critical
2016749,26,"September 13, 2027","1,640","23,600",South 1,Bangalore,"2,176",-23,Critical
2024578,35,"November 12, 2026","2,795","20,000",South 2,Chennai,"3,718",-23,Critical
2024578,35,"September 13, 2027","2,795","20,000",South 2,Chennai,"3,718",-23,Critical
2024578,36,"November 12, 2026","2,795","20,000",South 2,Chennai,"3,718",-23,Critical
2024578,36,"September 13, 2027","2,795","20,000",South 2,Chennai,"3,718",-23,Critical
2024578,37,"November 12, 2026","2,795","20,000",South 2,Chennai,"3,718",-23,Critical
2024578,37,"September 13, 2027","2,795","20,000",South 2,Chennai,"3,718",-23,Critical
2024578,59,"November 12, 2026","2,795","20,000",South 2,Chennai,"3,718",-23,Critical
2024578,59,"September 13, 2027","2,795","20,000",South 2,Chennai,"3,718",-23,Critical
2026607,32,"December 12, 2026","2,269","20,000",South 1,Mangalore,"3,010",-23,Critical
2026607,33,"December 12, 2026","2,269","20,000",South 1,Mangalore,"3,010",-23,Critical
2026607,34,"December 12, 2026","2,269","20,000",South 1,Mangalore,"3,010",-23,Critical
2026607,58,"December 12, 2026","2,269","20,000",South 1,Mangalore,"3,010",-23,Critical
2043486,17,"September 19, 2026","1,728","23,600",North 1,Noida,"2,304",-23,Critical
2043486,18,"September 19, 2026","1,728","23,600",North 1,Noida,"2,304",-23,Critical
2043486,50,"September 19, 2026","1,728","23,600",North 1,Noida,"2,304",-23,Critical
2066561,42,"September 13, 2027","2,527","27,848",North 2,Dharamshala,"3,360",-23,Critical
2066561,43,"September 13, 2027","2,527","27,848",North 2,Dharamshala,"3,360",-23,Critical
1075048,25,"December 12, 2026","1,544","23,600",South 1,Belgaum,"2,084",-24,Critical
1168384,25,"September 13, 2027","1,232","23,600",South 1,Kochi,"1,660",-24,Critical
1168384,26,"September 13, 2027","1,232","23,600",South 1,Kochi,"1,660",-24,Critical
1474809,25,"September 13, 2027","1,378","23,600",South 1,Coorg,"1,866",-24,Critical
1474809,26,"September 13, 2027","1,378","23,600",South 1,Coorg,"1,866",-24,Critical
1552629,27,"September 13, 2027","2,738","23,600",West,Nagpur,"3,709",-24,Critical
1552629,28,"September 13, 2027","2,738","23,600",West,Nagpur,"3,709",-24,Critical
1595502,35,"September 13, 2027","2,089","23,600",South 2,Hyderabad,"2,811",-24,Critical
1595502,36,"September 13, 2027","2,089","23,600",South 2,Hyderabad,"2,811",-24,Critical
1726039,27,"December 12, 2026","2,585","23,600",South 1,Udupi,"3,490",-24,Critical
1726039,28,"December 12, 2026","2,585","23,600",South 1,Udupi,"3,490",-24,Critical
1755459,19,"October 1, 2026","2,883","23,600",North 1,Gandhinagar,"3,897",-24,Critical
1755459,19,"October 2, 2026","2,883","23,600",North 1,Gandhinagar,"3,897",-24,Critical
1755459,19,"October 3, 2026","2,883","23,600",North 1,Gandhinagar,"3,897",-24,Critical
1755459,19,"October 4, 2026","2,883","23,600",North 1,Gandhinagar,"3,897",-24,Critical
1755459,20,"October 1, 2026","2,883","23,600",North 1,Gandhinagar,"3,897",-24,Critical
1755459,20,"October 2, 2026","2,883","23,600",North 1,Gandhinagar,"3,897",-24,Critical
1755459,20,"October 3, 2026","2,883","23,600",North 1,Gandhinagar,"3,897",-24,Critical
1755459,20,"October 4, 2026","2,883","23,600",North 1,Gandhinagar,"3,897",-24,Critical
1755459,51,"October 1, 2026","2,883","23,600",North 1,Gandhinagar,"3,897",-24,Critical
1755459,51,"October 2, 2026","2,883","23,600",North 1,Gandhinagar,"3,897",-24,Critical
1755459,51,"October 3, 2026","2,883","23,600",North 1,Gandhinagar,"3,897",-24,Critical
1755459,51,"October 4, 2026","2,883","23,600",North 1,Gandhinagar,"3,897",-24,Critical
1766640,45,"September 13, 2027","1,566","23,600",South 1,Chikmagalur,"2,115",-24,Critical
1766640,46,"September 13, 2027","1,566","23,600",South 1,Chikmagalur,"2,115",-24,Critical
2018783,25,"September 13, 2027","1,428","23,600",South 1,Bangalore,"1,915",-24,Critical
2018783,26,"September 13, 2027","1,428","23,600",South 1,Bangalore,"1,915",-24,Critical
2026607,23,"December 12, 2026","2,131","20,000",South 1,Mangalore,"2,880",-24,Critical
2026607,24,"December 12, 2026","2,131","20,000",South 1,Mangalore,"2,880",-24,Critical
2026607,29,"December 12, 2026","2,131","20,000",South 1,Mangalore,"2,880",-24,Critical
2026607,30,"December 12, 2026","2,131","20,000",South 1,Mangalore,"2,880",-24,Critical
2026607,31,"December 12, 2026","2,131","20,000",South 1,Mangalore,"2,880",-24,Critical
2026607,40,"December 12, 2026","2,131","20,000",South 1,Mangalore,"2,880",-24,Critical
2026607,57,"December 12, 2026","2,131","20,000",South 1,Mangalore,"2,880",-24,Critical
2026607,89,"December 12, 2026","2,131","20,000",South 1,Mangalore,"2,880",-24,Critical
2053245,32,"September 13, 2027","2,160","23,600",North 1,Gurgaon,"2,925",-24,Critical
2053245,33,"September 13, 2027","2,160","23,600",North 1,Gurgaon,"2,925",-24,Critical
2053245,34,"September 13, 2027","2,160","23,600",North 1,Gurgaon,"2,925",-24,Critical
2074839,42,"September 13, 2027","2,481","20,000",East,Gangtok,"3,340",-24,Critical
2074839,43,"September 13, 2027","2,481","20,000",East,Gangtok,"3,340",-24,Critical
2074839,44,"September 13, 2027","2,481","20,000",East,Gangtok,"3,340",-24,Critical
1204840,27,"December 12, 2026","2,066","27,848",North 2,Shimla,"2,824",-25,Critical
1204840,28,"December 12, 2026","2,066","27,848",North 2,Shimla,"2,824",-25,Critical
1399076,27,"September 13, 2027","1,645","23,600",North 1,Ahmedabad,"2,238",-25,Critical
1399076,28,"September 13, 2027","1,645","23,600",North 1,Ahmedabad,"2,238",-25,Critical
1442173,25,"September 13, 2027","1,553","23,600",South 1,Ooty,"2,108",-25,Critical
1442173,26,"September 13, 2027","1,553","23,600",South 1,Ooty,"2,108",-25,Critical
1465445,19,"December 12, 2026","1,349","20,000",South 1,Mysore,"1,836",-25,Critical
1465445,20,"December 12, 2026","1,349","20,000",South 1,Mysore,"1,836",-25,Critical
1465445,51,"December 12, 2026","1,349","20,000",South 1,Mysore,"1,836",-25,Critical
1755459,17,"October 1, 2026","2,797","23,600",North 1,Gandhinagar,"3,810",-25,Critical
1755459,17,"October 2, 2026","2,797","23,600",North 1,Gandhinagar,"3,810",-25,Critical
1755459,17,"October 3, 2026","2,797","23,600",North 1,Gandhinagar,"3,810",-25,Critical
1755459,17,"October 4, 2026","2,797","23,600",North 1,Gandhinagar,"3,810",-25,Critical
1755459,18,"October 1, 2026","2,797","23,600",North 1,Gandhinagar,"3,810",-25,Critical
1755459,18,"October 2, 2026","2,797","23,600",North 1,Gandhinagar,"3,810",-25,Critical
1755459,18,"October 3, 2026","2,797","23,600",North 1,Gandhinagar,"3,810",-25,Critical
1755459,18,"October 4, 2026","2,797","23,600",North 1,Gandhinagar,"3,810",-25,Critical
1755459,50,"October 1, 2026","2,797","23,600",North 1,Gandhinagar,"3,810",-25,Critical
1755459,50,"October 2, 2026","2,797","23,600",North 1,Gandhinagar,"3,810",-25,Critical
1755459,50,"October 3, 2026","2,797","23,600",North 1,Gandhinagar,"3,810",-25,Critical
1755459,50,"October 4, 2026","2,797","23,600",North 1,Gandhinagar,"3,810",-25,Critical
1755459,87,"October 1, 2026","2,797","23,600",North 1,Gandhinagar,"3,810",-25,Critical
1755459,87,"October 2, 2026","2,797","23,600",North 1,Gandhinagar,"3,810",-25,Critical
1755459,87,"October 3, 2026","2,797","23,600",North 1,Gandhinagar,"3,810",-25,Critical
1755459,87,"October 4, 2026","2,797","23,600",North 1,Gandhinagar,"3,810",-25,Critical
1894945,29,"September 13, 2027","2,797","23,600",South 1,Hassan,"3,827",-25,Critical
1894945,30,"September 13, 2027","2,797","23,600",South 1,Hassan,"3,827",-25,Critical
1894945,31,"September 13, 2027","2,797","23,600",South 1,Hassan,"3,827",-25,Critical
1894945,32,"September 13, 2027","2,901","23,600",South 1,Hassan,"3,932",-25,Critical
1894945,33,"September 13, 2027","2,901","23,600",South 1,Hassan,"3,932",-25,Critical
1894945,34,"September 13, 2027","2,901","23,600",South 1,Hassan,"3,932",-25,Critical
1894945,57,"September 13, 2027","2,797","23,600",South 1,Hassan,"3,827",-25,Critical
1894945,58,"September 13, 2027","2,901","23,600",South 1,Hassan,"3,932",-25,Critical
1894945,89,"September 13, 2027","2,797","23,600",South 1,Hassan,"3,827",-25,Critical
2018949,25,"September 13, 2027","1,428","23,600",South 1,Bangalore,"1,950",-25,Critical
2018949,26,"September 13, 2027","1,428","23,600",South 1,Bangalore,"1,950",-25,Critical
2025675,21,"December 12, 2026","1,647","20,000",South 2,Pondicherry,"2,234",-25,Critical
2025675,22,"December 12, 2026","1,647","20,000",South 2,Pondicherry,"2,234",-25,Critical
2025675,39,"December 12, 2026","1,647","20,000",South 2,Pondicherry,"2,234",-25,Critical
1075048,27,"September 13, 2027","1,443","23,600",South 1,Belgaum,"1,979",-26,Critical
1075048,28,"September 13, 2027","1,443","23,600",South 1,Belgaum,"1,979",-26,Critical
1204840,78,"December 12, 2026","1,721","27,848",North 2,Shimla,"2,359",-26,Critical
1204840,79,"December 12, 2026","1,721","27,848",North 2,Shimla,"2,359",-26,Critical
1231999,27,"September 13, 2027","1,516","20,000",South 2,Vijayawada,"2,081",-26,Critical
1231999,28,"September 13, 2027","1,516","20,000",South 2,Vijayawada,"2,081",-26,Critical
1323805,45,"September 13, 2027","1,631","23,600",North 1,Jaipur,"2,240",-26,Critical
1323805,46,"September 13, 2027","1,631","23,600",North 1,Jaipur,"2,240",-26,Critical
1465445,17,"December 12, 2026","1,280","20,000",South 1,Mysore,"1,771",-26,Critical
1465445,18,"December 12, 2026","1,280","20,000",South 1,Mysore,"1,771",-26,Critical
1465445,50,"December 12, 2026","1,280","20,000",South 1,Mysore,"1,771",-26,Critical
1465445,87,"December 12, 2026","1,280","20,000",South 1,Mysore,"1,771",-26,Critical
1531125,17,"December 12, 2026","1,302","20,000",East,Guwahati,"1,785",-26,Critical
1531125,18,"December 12, 2026","1,302","20,000",East,Guwahati,"1,785",-26,Critical
1552629,25,"September 13, 2027","2,393","23,600",West,Nagpur,"3,304",-26,Critical
1552629,26,"September 13, 2027","2,393","23,600",West,Nagpur,"3,304",-26,Critical
2010412,25,"September 13, 2027","1,286","23,600",South 1,Wayanad,"1,763",-26,Critical
2010412,26,"September 13, 2027","1,286","23,600",South 1,Wayanad,"1,763",-26,Critical
2026607,19,"December 12, 2026","1,993","20,000",South 1,Mangalore,"2,750",-26,Critical
2026607,20,"December 12, 2026","1,993","20,000",South 1,Mangalore,"2,750",-26,Critical
2026607,21,"December 12, 2026","1,993","20,000",South 1,Mangalore,"2,750",-26,Critical
2026607,22,"December 12, 2026","1,993","20,000",South 1,Mangalore,"2,750",-26,Critical
2026607,39,"December 12, 2026","1,993","20,000",South 1,Mangalore,"2,750",-26,Critical
2026607,83,"December 12, 2026","1,993","20,000",South 1,Mangalore,"2,750",-26,Critical
2053245,29,"September 13, 2027","1,953","23,600",North 1,Gurgaon,"2,680",-26,Critical
2053245,30,"September 13, 2027","1,953","23,600",North 1,Gurgaon,"2,680",-26,Critical
2053245,31,"September 13, 2027","1,953","23,600",North 1,Gurgaon,"2,680",-26,Critical
2053245,57,"September 13, 2027","1,953","23,600",North 1,Gurgaon,"2,680",-26,Critical
1136669,27,"September 13, 2027","2,182","23,600",South 1,Thiruvananthapuram,"3,022",-27,Critical
1136669,28,"September 13, 2027","2,182","23,600",South 1,Thiruvananthapuram,"3,022",-27,Critical
1288538,42,"September 13, 2027","2,405","23,600",South 2,Kodaikanal,"3,360",-27,Critical
1288538,43,"September 13, 2027","2,405","23,600",South 2,Kodaikanal,"3,360",-27,Critical
1451268,23,"December 12, 2026","1,849","20,000",South 1,Manipal,"2,565",-27,Critical
1451268,24,"December 12, 2026","1,849","20,000",South 1,Manipal,"2,565",-27,Critical
1451268,40,"December 12, 2026","1,849","20,000",South 1,Manipal,"2,565",-27,Critical
1596296,45,"December 12, 2026","2,536","32,861",South 2,Hyderabad,"3,520",-27,Critical
1596296,46,"December 12, 2026","2,536","32,861",South 2,Hyderabad,"3,520",-27,Critical
2024578,32,"November 12, 2026","2,450","20,000",South 2,Chennai,"3,393",-27,Critical
2024578,32,"September 13, 2027","2,450","20,000",South 2,Chennai,"3,393",-27,Critical
2024578,33,"November 12, 2026","2,450","20,000",South 2,Chennai,"3,393",-27,Critical
2024578,33,"September 13, 2027","2,450","20,000",South 2,Chennai,"3,393",-27,Critical
2024578,34,"November 12, 2026","2,450","20,000",South 2,Chennai,"3,393",-27,Critical
2024578,34,"September 13, 2027","2,450","20,000",South 2,Chennai,"3,393",-27,Critical
2024578,58,"November 12, 2026","2,450","20,000",South 2,Chennai,"3,393",-27,Critical
2024578,58,"September 13, 2027","2,450","20,000",South 2,Chennai,"3,393",-27,Critical
2024578,90,"November 12, 2026","2,450","20,000",South 2,Chennai,"3,393",-27,Critical
2024578,90,"September 13, 2027","2,450","20,000",South 2,Chennai,"3,393",-27,Critical
2025675,19,"December 12, 2026","1,509","20,000",South 2,Pondicherry,"2,104",-27,Critical
1257158,25,"September 13, 2027","1,415","23,600",South 2,Puducherry,"1,987",-28,Critical
1257158,26,"September 13, 2027","1,415","23,600",South 2,Puducherry,"1,987",-28,Critical
1559112,25,"September 13, 2027","1,714","23,600",West,Nagpur,"2,414",-28,Critical
1559112,26,"September 13, 2027","1,714","23,600",West,Nagpur,"2,414",-28,Critical
1559112,55,"September 13, 2027","1,714","23,600",West,Nagpur,"2,414",-28,Critical
1809628,42,"September 13, 2027","2,033","23,600",North 2,Chandigarh,"2,846",-28,Critical
1809628,43,"September 13, 2027","2,033","23,600",North 2,Chandigarh,"2,846",-28,Critical
2026607,17,"December 12, 2026","1,855","20,000",South 1,Mangalore,"2,620",-28,Critical
2026607,18,"December 12, 2026","1,855","20,000",South 1,Mangalore,"2,620",-28,Critical
2026607,50,"December 12, 2026","1,855","20,000",South 1,Mangalore,"2,620",-28,Critical
2053245,23,"September 13, 2027","1,677","23,600",North 1,Gurgaon,"2,365",-28,Critical
2053245,24,"September 13, 2027","1,677","23,600",North 1,Gurgaon,"2,365",-28,Critical
2053245,40,"September 13, 2027","1,677","23,600",North 1,Gurgaon,"2,365",-28,Critical
1204840,25,"December 12, 2026","1,859","27,848",North 2,Shimla,"2,629",-29,Critical
1204840,26,"December 12, 2026","1,859","27,848",North 2,Shimla,"2,629",-29,Critical
1307656,25,"December 12, 2026","1,195","23,600",North 2,Agra,"1,689",-29,Critical
1307656,26,"December 12, 2026","1,195","23,600",North 2,Agra,"1,689",-29,Critical
1394588,42,"September 13, 2027","2,182","23,600",North 1,Ahmedabad,"3,095",-29,Critical
1394588,43,"September 13, 2027","2,182","23,600",North 1,Ahmedabad,"3,095",-29,Critical
1435639,45,"November 22, 2026","5,016","23,600",North 1,Noida,"7,133",-29,Critical
1435639,45,"November 23, 2026","5,016","23,600",North 1,Noida,"7,133",-29,Critical
1435639,45,"November 24, 2026","5,016","23,600",North 1,Noida,"7,133",-29,Critical
1435639,45,"November 25, 2026","5,016","23,600",North 1,Noida,"7,133",-29,Critical
1435639,45,"November 26, 2026","5,016","23,600",North 1,Noida,"7,133",-29,Critical
1435639,46,"November 22, 2026","5,016","23,600",North 1,Noida,"7,133",-29,Critical
1435639,46,"November 23, 2026","5,016","23,600",North 1,Noida,"7,133",-29,Critical
1435639,46,"November 24, 2026","5,016","23,600",North 1,Noida,"7,133",-29,Critical
1435639,46,"November 25, 2026","5,016","23,600",North 1,Noida,"7,133",-29,Critical
1435639,46,"November 26, 2026","5,016","23,600",North 1,Noida,"7,133",-29,Critical
1472544,25,"September 13, 2027","1,286","23,600",South 1,Coorg,"1,828",-29,Critical
1472544,26,"September 13, 2027","1,286","23,600",South 1,Coorg,"1,828",-29,Critical
2019978,25,"September 13, 2027","1,905","20,000",South 1,Bangalore,"2,713",-29,Critical
2019978,26,"September 13, 2027","1,905","20,000",South 1,Bangalore,"2,713",-29,Critical
2025675,17,"December 12, 2026","1,440","20,000",South 2,Pondicherry,"2,039",-29,Critical
2025675,18,"December 12, 2026","1,440","20,000",South 2,Pondicherry,"2,039",-29,Critical
2065763,113,"September 13, 2027","1,900","32,861",West,Indore,"2,698",-29,Critical
1511929,42,"September 13, 2027","2,490","40,000",West,Nashik,"3,571",-30,Critical
1511929,43,"September 13, 2027","2,490","40,000",West,Nashik,"3,571",-30,Critical
1809628,45,"September 13, 2027","1,860","23,600",North 2,Chandigarh,"2,671",-30,Critical
1809628,46,"September 13, 2027","1,860","23,600",North 2,Chandigarh,"2,671",-30,Critical
2019492,25,"September 13, 2027","1,571","27,848",South 1,Bangalore,"2,246",-30,Critical
2019492,26,"September 13, 2027","1,571","27,848",South 1,Bangalore,"2,246",-30,Critical
1451268,21,"December 12, 2026","1,608","20,000",South 1,Manipal,"2,337",-31,Critical
1451268,22,"December 12, 2026","1,608","20,000",South 1,Manipal,"2,337",-31,Critical
1451268,39,"December 12, 2026","1,608","20,000",South 1,Manipal,"2,337",-31,Critical
1451268,83,"December 12, 2026","1,608","20,000",South 1,Manipal,"2,337",-31,Critical
1555580,45,"September 13, 2027","2,227","23,600",West,Nagpur,"3,229",-31,Critical
1555580,46,"September 13, 2027","2,227","23,600",West,Nagpur,"3,229",-31,Critical
5000022,27,"December 12, 2026","2,314","20,000",South 1,Mangalore,"3,360",-31,Critical
5000022,28,"December 12, 2026","2,314","20,000",South 1,Mangalore,"3,360",-31,Critical
1208576,35,"December 12, 2026","2,404","20,000",North 2,Shimla,"3,529",-32,Critical
1208576,36,"December 12, 2026","2,404","20,000",North 2,Shimla,"3,529",-32,Critical
1435639,27,"November 22, 2026","4,671","23,600",North 1,Noida,"6,808",-32,Critical
1435639,27,"November 23, 2026","4,671","23,600",North 1,Noida,"6,808",-32,Critical
1435639,27,"November 24, 2026","4,671","23,600",North 1,Noida,"6,808",-32,Critical
1435639,27,"November 25, 2026","4,671","23,600",North 1,Noida,"6,808",-32,Critical
1435639,27,"November 26, 2026","4,671","23,600",North 1,Noida,"6,808",-32,Critical
1435639,28,"November 22, 2026","4,671","23,600",North 1,Noida,"6,808",-32,Critical
1435639,28,"November 23, 2026","4,671","23,600",North 1,Noida,"6,808",-32,Critical
1435639,28,"November 24, 2026","4,671","23,600",North 1,Noida,"6,808",-32,Critical
1435639,28,"November 25, 2026","4,671","23,600",North 1,Noida,"6,808",-32,Critical
1435639,28,"November 26, 2026","4,671","23,600",North 1,Noida,"6,808",-32,Critical
1435639,41,"November 22, 2026","4,671","23,600",North 1,Noida,"6,808",-32,Critical
1435639,41,"November 23, 2026","4,671","23,600",North 1,Noida,"6,808",-32,Critical
1435639,41,"November 24, 2026","4,671","23,600",North 1,Noida,"6,808",-32,Critical
1435639,41,"November 25, 2026","4,671","23,600",North 1,Noida,"6,808",-32,Critical
1435639,41,"November 26, 2026","4,671","23,600",North 1,Noida,"6,808",-32,Critical
1464454,25,"September 13, 2027","1,526","23,600",South 1,Mysore,"2,227",-32,Critical
1464454,26,"September 13, 2027","1,526","23,600",South 1,Mysore,"2,227",-32,Critical
2011351,25,"September 13, 2027","1,524","23,600",South 1,Bangalore,"2,224",-32,Critical
2011351,26,"September 13, 2027","1,524","23,600",South 1,Bangalore,"2,224",-32,Critical
2024578,24179,"November 12, 2026","2,105","20,000",South 2,Chennai,"3,068",-32,Critical
2024578,24179,"September 13, 2027","2,105","20,000",South 2,Chennai,"3,068",-32,Critical
2024578,29,"November 12, 2026","2,105","20,000",South 2,Chennai,"3,068",-32,Critical
2024578,29,"September 13, 2027","2,105","20,000",South 2,Chennai,"3,068",-32,Critical
2024578,30,"November 12, 2026","2,105","20,000",South 2,Chennai,"3,068",-32,Critical
2024578,30,"September 13, 2027","2,105","20,000",South 2,Chennai,"3,068",-32,Critical
2024578,31,"November 12, 2026","2,105","20,000",South 2,Chennai,"3,068",-32,Critical
2024578,31,"September 13, 2027","2,105","20,000",South 2,Chennai,"3,068",-32,Critical
2024578,57,"November 12, 2026","2,105","20,000",South 2,Chennai,"3,068",-32,Critical
2024578,57,"September 13, 2027","2,105","20,000",South 2,Chennai,"3,068",-32,Critical
2024578,89,"November 12, 2026","2,105","20,000",South 2,Chennai,"3,068",-32,Critical
2024578,89,"September 13, 2027","2,105","20,000",South 2,Chennai,"3,068",-32,Critical
2066561,47,"December 12, 2026","3,207","27,848",North 2,Dharamshala,"4,690",-32,Critical
2066561,48,"December 12, 2026","3,207","27,848",North 2,Dharamshala,"4,690",-32,Critical
1451268,19,"December 12, 2026","1,539","20,000",South 1,Manipal,"2,272",-33,Critical
1451268,20,"December 12, 2026","1,539","20,000",South 1,Manipal,"2,272",-33,Critical
1929807,25,"September 13, 2027","1,524","23,600",South 2,Vellore,"2,263",-33,Critical
1929807,26,"September 13, 2027","1,524","23,600",South 2,Vellore,"2,263",-33,Critical
2013172,25,"September 13, 2027","2,174","23,600",South 1,Bangalore,"3,224",-33,Critical
2013172,26,"September 13, 2027","2,174","23,600",South 1,Bangalore,"3,224",-33,Critical
2024299,25,"December 12, 2026","2,028","23,600",South 1,Mangalore,"3,000",-33,Critical
2024299,26,"December 12, 2026","2,028","23,600",South 1,Mangalore,"3,000",-33,Critical
1165837,45,"September 13, 2027","2,361","23,600",South 1,Kochi,"3,523",-34,Critical
1165837,46,"September 13, 2027","2,361","23,600",South 1,Kochi,"3,523",-34,Critical
1208576,29,"December 12, 2026","2,059","20,000",North 2,Shimla,"3,074",-34,Critical
1208576,30,"December 12, 2026","2,059","20,000",North 2,Shimla,"3,074",-34,Critical
1208576,31,"December 12, 2026","2,059","20,000",North 2,Shimla,"3,074",-34,Critical
1208576,57,"December 12, 2026","2,059","20,000",North 2,Shimla,"3,074",-34,Critical
1385250,102,"September 13, 2027","1,905","23,600",West,Goa,"2,847",-34,Critical
1385250,103,"September 13, 2027","1,905","23,600",West,Goa,"2,847",-34,Critical
1435639,16,"November 22, 2026","3,947","23,600",North 1,Noida,"5,915",-34,Critical
1435639,16,"November 23, 2026","3,947","23,600",North 1,Noida,"5,915",-34,Critical
1435639,16,"November 24, 2026","3,947","23,600",North 1,Noida,"5,915",-34,Critical
1435639,16,"November 25, 2026","3,947","23,600",North 1,Noida,"5,915",-34,Critical
1435639,16,"November 26, 2026","3,947","23,600",North 1,Noida,"5,915",-34,Critical
1435639,23,"November 22, 2026","4,326","23,600",North 1,Noida,"6,483",-34,Critical
1435639,23,"November 23, 2026","4,326","23,600",North 1,Noida,"6,483",-34,Critical
1435639,23,"November 24, 2026","4,326","23,600",North 1,Noida,"6,483",-34,Critical
1435639,23,"November 25, 2026","4,326","23,600",North 1,Noida,"6,483",-34,Critical
1435639,23,"November 26, 2026","4,326","23,600",North 1,Noida,"6,483",-34,Critical
1435639,24,"November 22, 2026","4,326","23,600",North 1,Noida,"6,483",-34,Critical
1435639,24,"November 23, 2026","4,326","23,600",North 1,Noida,"6,483",-34,Critical
1435639,24,"November 24, 2026","4,326","23,600",North 1,Noida,"6,483",-34,Critical
1435639,24,"November 25, 2026","4,326","23,600",North 1,Noida,"6,483",-34,Critical
1435639,24,"November 26, 2026","4,326","23,600",North 1,Noida,"6,483",-34,Critical
1435639,40,"November 22, 2026","4,326","23,600",North 1,Noida,"6,483",-34,Critical
1435639,40,"November 23, 2026","4,326","23,600",North 1,Noida,"6,483",-34,Critical
1435639,40,"November 24, 2026","4,326","23,600",North 1,Noida,"6,483",-34,Critical
1435639,40,"November 25, 2026","4,326","23,600",North 1,Noida,"6,483",-34,Critical
1435639,40,"November 26, 2026","4,326","23,600",North 1,Noida,"6,483",-34,Critical
1435639,52,"November 22, 2026","3,947","23,600",North 1,Noida,"5,915",-34,Critical
1435639,52,"November 23, 2026","3,947","23,600",North 1,Noida,"5,915",-34,Critical
1435639,52,"November 24, 2026","3,947","23,600",North 1,Noida,"5,915",-34,Critical
1435639,52,"November 25, 2026","3,947","23,600",North 1,Noida,"5,915",-34,Critical
1435639,52,"November 26, 2026","3,947","23,600",North 1,Noida,"5,915",-34,Critical
1435639,84,"November 22, 2026","4,326","23,600",North 1,Noida,"6,483",-34,Critical
1435639,84,"November 23, 2026","4,326","23,600",North 1,Noida,"6,483",-34,Critical
1435639,84,"November 24, 2026","4,326","23,600",North 1,Noida,"6,483",-34,Critical
1435639,84,"November 25, 2026","4,326","23,600",North 1,Noida,"6,483",-34,Critical
1435639,84,"November 26, 2026","4,326","23,600",North 1,Noida,"6,483",-34,Critical
1446609,25,"September 13, 2027","1,095","23,600",South 1,Ooty,"1,635",-34,Critical
1446609,26,"September 13, 2027","1,095","23,600",South 1,Ooty,"1,635",-34,Critical
1509602,42,"September 13, 2027","2,504","23,600",West,Pune,"3,728",-34,Critical
1509602,43,"September 13, 2027","2,504","23,600",West,Pune,"3,728",-34,Critical
1726039,21,"December 12, 2026","1,895","23,600",South 1,Udupi,"2,840",-34,Critical
1726039,22,"December 12, 2026","1,895","23,600",South 1,Udupi,"2,840",-34,Critical
1726039,23,"December 12, 2026","1,895","23,600",South 1,Udupi,"2,840",-34,Critical
1726039,24,"December 12, 2026","1,895","23,600",South 1,Udupi,"2,840",-34,Critical
1726039,39,"December 12, 2026","1,895","23,600",South 1,Udupi,"2,840",-34,Critical
1726039,40,"December 12, 2026","1,895","23,600",South 1,Udupi,"2,840",-34,Critical
1726039,83,"December 12, 2026","1,895","23,600",South 1,Udupi,"2,840",-34,Critical
1766857,45,"September 13, 2027","2,422","23,600",South 1,Chikmagalur,"3,618",-34,Critical
1766857,46,"September 13, 2027","2,422","23,600",South 1,Chikmagalur,"3,618",-34,Critical
1767140,45,"September 13, 2027","2,195","23,600",South 1,Chikmagalur,"3,290",-34,Critical
1767140,46,"September 13, 2027","2,195","23,600",South 1,Chikmagalur,"3,290",-34,Critical
2053245,21,"September 13, 2027","1,470","23,600",North 1,Gurgaon,"2,190",-34,Critical
2053245,22,"September 13, 2027","1,470","23,600",North 1,Gurgaon,"2,190",-34,Critical
2053245,39,"September 13, 2027","1,470","23,600",North 1,Gurgaon,"2,190",-34,Critical
2053245,83,"September 13, 2027","1,470","23,600",North 1,Gurgaon,"2,190",-34,Critical
2083696,45,"September 13, 2027","2,044","23,600",West,Aurangabad,"3,073",-35,Critical
2083696,46,"September 13, 2027","2,044","23,600",West,Aurangabad,"3,073",-35,Critical
1204840,45,"December 12, 2026","2,066","27,848",North 2,Shimla,"3,149",-36,Critical
1204840,46,"December 12, 2026","2,066","27,848",North 2,Shimla,"3,149",-36,Critical
1435639,15,"November 22, 2026","3,809","23,600",North 1,Noida,"5,785",-36,Critical
1435639,15,"November 23, 2026","3,809","23,600",North 1,Noida,"5,785",-36,Critical
1435639,15,"November 24, 2026","3,809","23,600",North 1,Noida,"5,785",-36,Critical
1435639,15,"November 25, 2026","3,809","23,600",North 1,Noida,"5,785",-36,Critical
1435639,15,"November 26, 2026","3,809","23,600",North 1,Noida,"5,785",-36,Critical
1435639,19,"November 22, 2026","4,188","23,600",North 1,Noida,"6,353",-36,Critical
1435639,19,"November 23, 2026","4,188","23,600",North 1,Noida,"6,353",-36,Critical
1435639,19,"November 24, 2026","4,188","23,600",North 1,Noida,"6,353",-36,Critical
1435639,19,"November 25, 2026","4,188","23,600",North 1,Noida,"6,353",-36,Critical
1435639,19,"November 26, 2026","4,188","23,600",North 1,Noida,"6,353",-36,Critical
1435639,20,"November 22, 2026","4,188","23,600",North 1,Noida,"6,353",-36,Critical
1435639,20,"November 23, 2026","4,188","23,600",North 1,Noida,"6,353",-36,Critical
1435639,20,"November 24, 2026","4,188","23,600",North 1,Noida,"6,353",-36,Critical
1435639,20,"November 25, 2026","4,188","23,600",North 1,Noida,"6,353",-36,Critical
1435639,20,"November 26, 2026","4,188","23,600",North 1,Noida,"6,353",-36,Critical
1435639,21,"November 22, 2026","4,154","23,600",North 1,Noida,"6,320",-36,Critical
1435639,21,"November 23, 2026","4,154","23,600",North 1,Noida,"6,320",-36,Critical
1435639,21,"November 24, 2026","4,154","23,600",North 1,Noida,"6,320",-36,Critical
1435639,21,"November 25, 2026","4,154","23,600",North 1,Noida,"6,320",-36,Critical
1435639,21,"November 26, 2026","4,154","23,600",North 1,Noida,"6,320",-36,Critical
1435639,22,"November 22, 2026","4,154","23,600",North 1,Noida,"6,320",-36,Critical
1435639,22,"November 23, 2026","4,154","23,600",North 1,Noida,"6,320",-36,Critical
1435639,22,"November 24, 2026","4,154","23,600",North 1,Noida,"6,320",-36,Critical
1435639,22,"November 25, 2026","4,154","23,600",North 1,Noida,"6,320",-36,Critical
1435639,22,"November 26, 2026","4,154","23,600",North 1,Noida,"6,320",-36,Critical
1435639,38,"November 22, 2026","3,809","23,600",North 1,Noida,"5,785",-36,Critical
1435639,38,"November 23, 2026","3,809","23,600",North 1,Noida,"5,785",-36,Critical
1435639,38,"November 24, 2026","3,809","23,600",North 1,Noida,"5,785",-36,Critical
1435639,38,"November 25, 2026","3,809","23,600",North 1,Noida,"5,785",-36,Critical
1435639,38,"November 26, 2026","3,809","23,600",North 1,Noida,"5,785",-36,Critical
1435639,39,"November 22, 2026","4,154","23,600",North 1,Noida,"6,320",-36,Critical
1435639,39,"November 23, 2026","4,154","23,600",North 1,Noida,"6,320",-36,Critical
1435639,39,"November 24, 2026","4,154","23,600",North 1,Noida,"6,320",-36,Critical
1435639,39,"November 25, 2026","4,154","23,600",North 1,Noida,"6,320",-36,Critical
1435639,39,"November 26, 2026","4,154","23,600",North 1,Noida,"6,320",-36,Critical
1435639,76,"November 22, 2026","3,809","23,600",North 1,Noida,"5,785",-36,Critical
1435639,76,"November 23, 2026","3,809","23,600",North 1,Noida,"5,785",-36,Critical
1435639,76,"November 24, 2026","3,809","23,600",North 1,Noida,"5,785",-36,Critical
1435639,76,"November 25, 2026","3,809","23,600",North 1,Noida,"5,785",-36,Critical
1435639,76,"November 26, 2026","3,809","23,600",North 1,Noida,"5,785",-36,Critical
1435639,83,"November 22, 2026","4,154","23,600",North 1,Noida,"6,320",-36,Critical
1435639,83,"November 23, 2026","4,154","23,600",North 1,Noida,"6,320",-36,Critical
1435639,83,"November 24, 2026","4,154","23,600",North 1,Noida,"6,320",-36,Critical
1435639,83,"November 25, 2026","4,154","23,600",North 1,Noida,"6,320",-36,Critical
1435639,83,"November 26, 2026","4,154","23,600",North 1,Noida,"6,320",-36,Critical
1435639,97,"November 22, 2026","4,154","23,600",North 1,Noida,"6,320",-36,Critical
1435639,97,"November 23, 2026","4,154","23,600",North 1,Noida,"6,320",-36,Critical
1435639,97,"November 24, 2026","4,154","23,600",North 1,Noida,"6,320",-36,Critical
1435639,97,"November 25, 2026","4,154","23,600",North 1,Noida,"6,320",-36,Critical
1435639,97,"November 26, 2026","4,154","23,600",North 1,Noida,"6,320",-36,Critical
1472508,25,"September 13, 2027","1,277","23,600",South 1,Coorg,"1,951",-36,Critical
1472508,26,"September 13, 2027","1,277","23,600",South 1,Coorg,"1,951",-36,Critical
1435639,17,"November 22, 2026","4,016","23,600",North 1,Noida,"6,190",-37,Critical
1435639,17,"November 23, 2026","4,016","23,600",North 1,Noida,"6,190",-37,Critical
1435639,17,"November 24, 2026","4,016","23,600",North 1,Noida,"6,190",-37,Critical
1435639,17,"November 25, 2026","4,016","23,600",North 1,Noida,"6,190",-37,Critical
1435639,17,"November 26, 2026","4,016","23,600",North 1,Noida,"6,190",-37,Critical
1435639,18,"November 22, 2026","4,016","23,600",North 1,Noida,"6,190",-37,Critical
1435639,18,"November 23, 2026","4,016","23,600",North 1,Noida,"6,190",-37,Critical
1435639,18,"November 24, 2026","4,016","23,600",North 1,Noida,"6,190",-37,Critical
1435639,18,"November 25, 2026","4,016","23,600",North 1,Noida,"6,190",-37,Critical
1435639,18,"November 26, 2026","4,016","23,600",North 1,Noida,"6,190",-37,Critical
1435639,50,"November 22, 2026","4,016","23,600",North 1,Noida,"6,190",-37,Critical
1435639,50,"November 23, 2026","4,016","23,600",North 1,Noida,"6,190",-37,Critical
1435639,50,"November 24, 2026","4,016","23,600",North 1,Noida,"6,190",-37,Critical
1435639,50,"November 25, 2026","4,016","23,600",North 1,Noida,"6,190",-37,Critical
1435639,50,"November 26, 2026","4,016","23,600",North 1,Noida,"6,190",-37,Critical
1451268,17,"December 12, 2026","1,401","20,000",South 1,Manipal,"2,142",-37,Critical
1451268,18,"December 12, 2026","1,401","20,000",South 1,Manipal,"2,142",-37,Critical
1451268,50,"December 12, 2026","1,401","20,000",South 1,Manipal,"2,142",-37,Critical
2066561,47,"September 13, 2027","2,527","27,848",North 2,Dharamshala,"3,880",-37,Critical
2066561,48,"September 13, 2027","2,527","27,848",North 2,Dharamshala,"3,880",-37,Critical
1208576,32,"December 12, 2026","2,059","20,000",North 2,Shimla,"3,204",-38,Critical
1208576,33,"December 12, 2026","2,059","20,000",North 2,Shimla,"3,204",-38,Critical
1208576,34,"December 12, 2026","2,059","20,000",North 2,Shimla,"3,204",-38,Critical
2022899,45,"September 13, 2027","1,410","23,600",North 2,Varanasi,"2,181",-38,Critical
2022899,46,"September 13, 2027","1,410","23,600",North 2,Varanasi,"2,181",-38,Critical
5000022,23,"December 12, 2026","1,934","20,000",South 1,Mangalore,"3,003",-38,Critical
5000022,24,"December 12, 2026","1,934","20,000",South 1,Mangalore,"3,003",-38,Critical
5000022,40,"December 12, 2026","1,934","20,000",South 1,Mangalore,"3,003",-38,Critical
1208576,27,"December 12, 2026","1,645","20,000",North 2,Shimla,"2,603",-40,Critical
1208576,28,"December 12, 2026","1,645","20,000",North 2,Shimla,"2,603",-40,Critical
2020755,27,"December 12, 2026","2,780","20,000",North 2,Shimla,"4,399",-40,Critical
2020755,28,"December 12, 2026","2,780","20,000",North 2,Shimla,"4,399",-40,Critical
1438288,27,"November 22, 2026","4,313","23,600",North 1,Noida,"6,873",-41,Critical
1438288,27,"November 23, 2026","4,313","23,600",North 1,Noida,"6,873",-41,Critical
1438288,27,"November 24, 2026","4,313","23,600",North 1,Noida,"6,873",-41,Critical
1438288,27,"November 25, 2026","4,313","23,600",North 1,Noida,"6,873",-41,Critical
1438288,27,"November 26, 2026","4,313","23,600",North 1,Noida,"6,873",-41,Critical
1438288,28,"November 22, 2026","4,313","23,600",North 1,Noida,"6,873",-41,Critical
1438288,28,"November 23, 2026","4,313","23,600",North 1,Noida,"6,873",-41,Critical
1438288,28,"November 24, 2026","4,313","23,600",North 1,Noida,"6,873",-41,Critical
1438288,28,"November 25, 2026","4,313","23,600",North 1,Noida,"6,873",-41,Critical
1438288,28,"November 26, 2026","4,313","23,600",North 1,Noida,"6,873",-41,Critical
1442173,25,"September 13, 2027","1,553","20,000",South 1,Ooty,"2,479",-41,Critical
1442173,26,"September 13, 2027","1,553","20,000",South 1,Ooty,"2,479",-41,Critical
1726039,17,"December 12, 2026","1,619","23,600",South 1,Udupi,"2,580",-41,Critical
1726039,18,"December 12, 2026","1,619","23,600",South 1,Udupi,"2,580",-41,Critical
1726039,19,"December 12, 2026","1,619","23,600",South 1,Udupi,"2,580",-41,Critical
1726039,20,"December 12, 2026","1,619","23,600",South 1,Udupi,"2,580",-41,Critical
1726039,50,"December 12, 2026","1,619","23,600",South 1,Udupi,"2,580",-41,Critical
1208576,21,"December 12, 2026","1,369","20,000",North 2,Shimla,"2,229",-43,Critical
1208576,22,"December 12, 2026","1,369","20,000",North 2,Shimla,"2,229",-43,Critical
1208576,39,"December 12, 2026","1,369","20,000",North 2,Shimla,"2,229",-43,Critical
1208576,83,"December 12, 2026","1,369","20,000",North 2,Shimla,"2,229",-43,Critical
1472459,42,"September 13, 2027","1,852","23,600",South 1,Coorg,"3,003",-43,Critical
1472459,43,"September 13, 2027","1,852","23,600",South 1,Coorg,"3,003",-43,Critical
2020755,21,"December 12, 2026","2,366","20,000",North 2,Shimla,"3,846",-43,Critical
2020755,22,"December 12, 2026","2,366","20,000",North 2,Shimla,"3,846",-43,Critical
2020755,39,"December 12, 2026","2,366","20,000",North 2,Shimla,"3,846",-43,Critical
2020755,83,"December 12, 2026","2,366","20,000",North 2,Shimla,"3,846",-43,Critical
1438288,25,"November 22, 2026","4,071","23,600",North 1,Noida,"6,645",-44,Critical
1438288,25,"November 23, 2026","4,071","23,600",North 1,Noida,"6,645",-44,Critical
1438288,25,"November 24, 2026","4,071","23,600",North 1,Noida,"6,645",-44,Critical
1438288,25,"November 25, 2026","4,071","23,600",North 1,Noida,"6,645",-44,Critical
1438288,25,"November 26, 2026","4,071","23,600",North 1,Noida,"6,645",-44,Critical
1438288,26,"November 22, 2026","4,071","23,600",North 1,Noida,"6,645",-44,Critical
1438288,26,"November 23, 2026","4,071","23,600",North 1,Noida,"6,645",-44,Critical
1438288,26,"November 24, 2026","4,071","23,600",North 1,Noida,"6,645",-44,Critical
1438288,26,"November 25, 2026","4,071","23,600",North 1,Noida,"6,645",-44,Critical
1438288,26,"November 26, 2026","4,071","23,600",North 1,Noida,"6,645",-44,Critical
5000022,21,"December 12, 2026","1,693","20,000",South 1,Mangalore,"2,775",-44,Critical
5000022,22,"December 12, 2026","1,693","20,000",South 1,Mangalore,"2,775",-44,Critical
5000022,39,"December 12, 2026","1,693","20,000",South 1,Mangalore,"2,775",-44,Critical
5000022,83,"December 12, 2026","1,693","20,000",South 1,Mangalore,"2,775",-44,Critical
1438288,23,"November 22, 2026","3,968","23,600",North 1,Noida,"6,548",-45,Critical
1438288,23,"November 23, 2026","3,968","23,600",North 1,Noida,"6,548",-45,Critical
1438288,23,"November 24, 2026","3,968","23,600",North 1,Noida,"6,548",-45,Critical
1438288,23,"November 25, 2026","3,968","23,600",North 1,Noida,"6,548",-45,Critical
1438288,23,"November 26, 2026","3,968","23,600",North 1,Noida,"6,548",-45,Critical
1438288,24,"November 22, 2026","3,968","23,600",North 1,Noida,"6,548",-45,Critical
1438288,24,"November 23, 2026","3,968","23,600",North 1,Noida,"6,548",-45,Critical
1438288,24,"November 24, 2026","3,968","23,600",North 1,Noida,"6,548",-45,Critical
1438288,24,"November 25, 2026","3,968","23,600",North 1,Noida,"6,548",-45,Critical
1438288,24,"November 26, 2026","3,968","23,600",North 1,Noida,"6,548",-45,Critical
1438288,40,"November 22, 2026","3,968","23,600",North 1,Noida,"6,548",-45,Critical
1438288,40,"November 23, 2026","3,968","23,600",North 1,Noida,"6,548",-45,Critical
1438288,40,"November 24, 2026","3,968","23,600",North 1,Noida,"6,548",-45,Critical
1438288,40,"November 25, 2026","3,968","23,600",North 1,Noida,"6,548",-45,Critical
1438288,40,"November 26, 2026","3,968","23,600",North 1,Noida,"6,548",-45,Critical
2020755,23,"December 12, 2026","2,435","20,000",North 2,Shimla,"4,074",-46,Critical
2020755,24,"December 12, 2026","2,435","20,000",North 2,Shimla,"4,074",-46,Critical
2020755,40,"December 12, 2026","2,435","20,000",North 2,Shimla,"4,074",-46,Critical
1438288,21,"November 22, 2026","3,795","23,600",North 1,Noida,"6,385",-47,Critical
1438288,21,"November 23, 2026","3,795","23,600",North 1,Noida,"6,385",-47,Critical
1438288,21,"November 24, 2026","3,795","23,600",North 1,Noida,"6,385",-47,Critical
1438288,21,"November 25, 2026","3,795","23,600",North 1,Noida,"6,385",-47,Critical
1438288,21,"November 26, 2026","3,795","23,600",North 1,Noida,"6,385",-47,Critical
1438288,22,"November 22, 2026","3,795","23,600",North 1,Noida,"6,385",-47,Critical
1438288,22,"November 23, 2026","3,795","23,600",North 1,Noida,"6,385",-47,Critical
1438288,22,"November 24, 2026","3,795","23,600",North 1,Noida,"6,385",-47,Critical
1438288,22,"November 25, 2026","3,795","23,600",North 1,Noida,"6,385",-47,Critical
1438288,22,"November 26, 2026","3,795","23,600",North 1,Noida,"6,385",-47,Critical
1438288,39,"November 22, 2026","3,795","23,600",North 1,Noida,"6,385",-47,Critical
1438288,39,"November 23, 2026","3,795","23,600",North 1,Noida,"6,385",-47,Critical
1438288,39,"November 24, 2026","3,795","23,600",North 1,Noida,"6,385",-47,Critical
1438288,39,"November 25, 2026","3,795","23,600",North 1,Noida,"6,385",-47,Critical
1438288,39,"November 26, 2026","3,795","23,600",North 1,Noida,"6,385",-47,Critical
1438288,83,"November 22, 2026","3,795","23,600",North 1,Noida,"6,385",-47,Critical
1438288,83,"November 23, 2026","3,795","23,600",North 1,Noida,"6,385",-47,Critical
1438288,83,"November 24, 2026","3,795","23,600",North 1,Noida,"6,385",-47,Critical
1438288,83,"November 25, 2026","3,795","23,600",North 1,Noida,"6,385",-47,Critical
1438288,83,"November 26, 2026","3,795","23,600",North 1,Noida,"6,385",-47,Critical
1438288,19,"November 22, 2026","3,726","23,600",North 1,Noida,"6,320",-48,Critical
1438288,19,"November 23, 2026","3,726","23,600",North 1,Noida,"6,320",-48,Critical
1438288,19,"November 24, 2026","3,726","23,600",North 1,Noida,"6,320",-48,Critical
1438288,19,"November 25, 2026","3,726","23,600",North 1,Noida,"6,320",-48,Critical
1438288,19,"November 26, 2026","3,726","23,600",North 1,Noida,"6,320",-48,Critical
1438288,20,"November 22, 2026","3,726","23,600",North 1,Noida,"6,320",-48,Critical
1438288,20,"November 23, 2026","3,726","23,600",North 1,Noida,"6,320",-48,Critical
1438288,20,"November 24, 2026","3,726","23,600",North 1,Noida,"6,320",-48,Critical
1438288,20,"November 25, 2026","3,726","23,600",North 1,Noida,"6,320",-48,Critical
1438288,20,"November 26, 2026","3,726","23,600",North 1,Noida,"6,320",-48,Critical
1438288,51,"November 22, 2026","3,726","23,600",North 1,Noida,"6,320",-48,Critical
1438288,51,"November 23, 2026","3,726","23,600",North 1,Noida,"6,320",-48,Critical
1438288,51,"November 24, 2026","3,726","23,600",North 1,Noida,"6,320",-48,Critical
1438288,51,"November 25, 2026","3,726","23,600",North 1,Noida,"6,320",-48,Critical
1438288,51,"November 26, 2026","3,726","23,600",North 1,Noida,"6,320",-48,Critical
1208576,23,"December 12, 2026","1,369","20,000",North 2,Shimla,"2,343",-49,Critical
1208576,24,"December 12, 2026","1,369","20,000",North 2,Shimla,"2,343",-49,Critical
1208576,40,"December 12, 2026","1,369","20,000",North 2,Shimla,"2,343",-49,Critical
1472459,45,"September 13, 2027","1,645","23,600",South 1,Coorg,"2,808",-49,Critical
1472459,46,"September 13, 2027","1,645","23,600",South 1,Coorg,"2,808",-49,Critical
1472544,45,"September 13, 2027","1,493","23,600",South 1,Coorg,"2,559",-49,Critical
1472544,46,"September 13, 2027","1,493","23,600",South 1,Coorg,"2,559",-49,Critical
4477291,21,"December 12, 2026","1,107","20,000",North 2,Dalhousie,"1,887",-49,Critical
4477291,22,"December 12, 2026","1,107","20,000",North 2,Dalhousie,"1,887",-49,Critical
4477291,39,"December 12, 2026","1,107","20,000",North 2,Dalhousie,"1,887",-49,Critical
5000022,19,"December 12, 2026","1,624","20,000",South 1,Mangalore,"2,775",-49,Critical
5000022,20,"December 12, 2026","1,624","20,000",South 1,Mangalore,"2,775",-49,Critical
1438288,17,"November 22, 2026","3,588","23,600",North 1,Noida,"6,190",-50,Critical
1438288,17,"November 23, 2026","3,588","23,600",North 1,Noida,"6,190",-50,Critical
1438288,17,"November 24, 2026","3,588","23,600",North 1,Noida,"6,190",-50,Critical
1438288,17,"November 25, 2026","3,588","23,600",North 1,Noida,"6,190",-50,Critical
1438288,17,"November 26, 2026","3,588","23,600",North 1,Noida,"6,190",-50,Critical
1438288,18,"November 22, 2026","3,588","23,600",North 1,Noida,"6,190",-50,Critical
1438288,18,"November 23, 2026","3,588","23,600",North 1,Noida,"6,190",-50,Critical
1438288,18,"November 24, 2026","3,588","23,600",North 1,Noida,"6,190",-50,Critical
1438288,18,"November 25, 2026","3,588","23,600",North 1,Noida,"6,190",-50,Critical
1438288,18,"November 26, 2026","3,588","23,600",North 1,Noida,"6,190",-50,Critical
1438288,50,"November 22, 2026","3,588","23,600",North 1,Noida,"6,190",-50,Critical
1438288,50,"November 23, 2026","3,588","23,600",North 1,Noida,"6,190",-50,Critical
1438288,50,"November 24, 2026","3,588","23,600",North 1,Noida,"6,190",-50,Critical
1438288,50,"November 25, 2026","3,588","23,600",North 1,Noida,"6,190",-50,Critical
1438288,50,"November 26, 2026","3,588","23,600",North 1,Noida,"6,190",-50,Critical
1438288,87,"November 22, 2026","3,588","23,600",North 1,Noida,"6,190",-50,Critical
1438288,87,"November 23, 2026","3,588","23,600",North 1,Noida,"6,190",-50,Critical
1438288,87,"November 24, 2026","3,588","23,600",North 1,Noida,"6,190",-50,Critical
1438288,87,"November 25, 2026","3,588","23,600",North 1,Noida,"6,190",-50,Critical
1438288,87,"November 26, 2026","3,588","23,600",North 1,Noida,"6,190",-50,Critical
4477291,15,"December 12, 2026",900,"20,000",North 2,Dalhousie,"1,557",-50,Critical
4477291,38,"December 12, 2026",900,"20,000",North 2,Dalhousie,"1,557",-50,Critical
4477291,76,"December 12, 2026",900,"20,000",North 2,Dalhousie,"1,557",-50,Critical
2020755,17,"December 12, 2026","2,021","20,000",North 2,Shimla,"3,521",-51,Critical
2020755,18,"December 12, 2026","2,021","20,000",North 2,Shimla,"3,521",-51,Critical
2020755,50,"December 12, 2026","2,021","20,000",North 2,Shimla,"3,521",-51,Critical
4477291,17,"December 12, 2026",969,"20,000",North 2,Dalhousie,"1,692",-51,Critical
4477291,18,"December 12, 2026",969,"20,000",North 2,Dalhousie,"1,692",-51,Critical
4477291,50,"December 12, 2026",969,"20,000",North 2,Dalhousie,"1,692",-51,Critical
5000022,17,"December 12, 2026","1,486","20,000",South 1,Mangalore,"2,580",-51,Critical
5000022,18,"December 12, 2026","1,486","20,000",South 1,Mangalore,"2,580",-51,Critical
5000022,50,"December 12, 2026","1,486","20,000",South 1,Mangalore,"2,580",-51,Critical
1767140,64,"September 13, 2027","2,195","23,600",South 1,Chikmagalur,"3,850",-52,Critical
1767140,65,"September 13, 2027","2,195","23,600",South 1,Chikmagalur,"3,850",-52,Critical
1894945,42,"September 13, 2027","2,797","23,600",South 1,Hassan,"5,052",-56,Critical
1894945,43,"September 13, 2027","2,797","23,600",South 1,Hassan,"5,052",-56,Critical
2020755,19,"December 12, 2026","2,056","20,000",North 2,Shimla,"3,716",-56,Critical
2020755,20,"December 12, 2026","2,056","20,000",North 2,Shimla,"3,716",-56,Critical
4477291,16,"December 12, 2026",900,"20,000",North 2,Dalhousie,"1,720",-63,Critical
4477291,23,"December 12, 2026","1,107","20,000",North 2,Dalhousie,"2,115",-63,Critical
4477291,24,"December 12, 2026","1,107","20,000",North 2,Dalhousie,"2,115",-63,Critical
4477291,52,"December 12, 2026",900,"20,000",North 2,Dalhousie,"1,720",-63,Critical
4477291,19,"December 12, 2026",969,"20,000",North 2,Dalhousie,"1,887",-65,Critical
4477291,20,"December 12, 2026",969,"20,000",North 2,Dalhousie,"1,887",-65,Critical
