property_code,sku_code,date,min_price,max_price,channel_code,sub_channel_code
1869742,22,2026-11-29,2748,23600,,
1869742,22,2026-11-30,2748,23600,,
1869742,23,2026-09-17,2658,23600,,
1869742,23,2026-09-18,2975,23600,,
1869742,23,2026-09-22,2892,23600,,
1869742,23,2026-09-23,2892,23600,,
1869742,23,2026-09-24,2892,23600,,
1869742,23,2026-09-27,2892,23600,,
1869742,23,2026-09-28,2892,23600,,
1869742,23,2026-09-29,2892,23600,,
1869742,23,2026-09-30,2892,23600,,
1869742,23,2026-10-06,3048,23600,,
1869742,23,2026-10-07,3048,23600,,
1869742,24,2026-09-17,2658,23600,,
1869742,24,2026-09-18,2975,23600,,
1869742,24,2026-09-22,2892,23600,,
1869742,24,2026-09-23,2892,23600,,
1869742,24,2026-09-24,2892,23600,,
1869742,24,2026-09-27,2892,23600,,
1869742,24,2026-09-28,2892,23600,,
1869742,24,2026-09-29,2892,23600,,
1869742,24,2026-09-30,2892,23600,,
1869742,24,2026-10-06,3048,23600,,
1869742,24,2026-10-07,3048,23600,,
1869742,27,2026-10-27,3399,23600,,
1869742,27,2026-10-28,3399,23600,,
1869742,27,2026-10-29,3399,23600,,
1869742,28,2026-10-27,3399,23600,,
1869742,28,2026-10-28,3399,23600,,
1869742,28,2026-10-29,3399,23600,,
1869742,39,2026-11-01,2748,23600,,
1869742,39,2026-11-02,2748,23600,,
1869742,39,2026-11-03,2748,23600,,
1869742,39,2026-11-04,2748,23600,,
1869742,39,2026-11-05,2748,23600,,
1869742,39,2026-11-12,2748,23600,,
1869742,39,2026-11-18,2748,23600,,
1869742,39,2026-11-19,2748,23600,,
1869742,39,2026-11-22,2748,23600,,
1869742,39,2026-11-23,2748,23600,,
1869742,39,2026-11-29,2748,23600,,
1869742,39,2026-11-30,2748,23600,,
1869742,40,2026-09-17,2658,23600,,
1869742,40,2026-09-18,2975,23600,,
1869742,40,2026-09-22,2892,23600,,
1869742,40,2026-09-23,2892,23600,,
1869742,40,2026-09-24,2892,23600,,
1869742,40,2026-09-27,2892,23600,,
1869742,40,2026-09-28,2892,23600,,
1869742,40,2026-09-29,2892,23600,,
1869742,40,2026-09-30,2892,23600,,
1869742,40,2026-10-06,3048,23600,,
1869742,40,2026-10-07,3048,23600,,
1869742,50,2026-09-17,2106,23600,,
1869742,50,2026-09-26,2580,23600,,
1869742,83,2026-11-01,2748,23600,,
1869742,83,2026-11-02,2748,23600,,
1869742,83,2026-11-03,2748,23600,,
1869742,83,2026-11-04,2748,23600,,
1869742,83,2026-11-05,2748,23600,,
1869742,83,2026-11-12,2748,23600,,
1869742,83,2026-11-18,2748,23600,,
1869742,83,2026-11-19,2748,23600,,
1869742,83,2026-11-22,2748,23600,,
1869742,83,2026-11-23,2748,23600,,
1869742,83,2026-11-29,2748,23600,,
1869742,83,2026-11-30,2748,23600,,
1873520,29,2026-09-15,1942,23600,,
1873520,29,2026-09-17,1942,23600,,
1873520,30,2026-09-15,1942,23600,,
1873520,30,2026-09-17,1942,23600,,
1873520,31,2026-09-15,1942,23600,,
1873520,31,2026-09-17,1942,23600,,
1873520,32,2026-09-15,2046,23600,,
1873520,32,2026-09-17,2046,23600,,
1873520,33,2026-09-15,2046,23600,,
1873520,33,2026-09-17,2046,23600,,
1873520,34,2026-09-15,2046,23600,,
1873520,34,2026-09-17,2046,23600,,
1873520,57,2026-09-15,1942,23600,,
1873520,57,2026-09-17,1942,23600,,
1873520,58,2026-09-15,2046,23600,,
1873520,58,2026-09-17,2046,23600,,
1873520,89,2026-09-15,1942,23600,,
1873520,89,2026-09-17,1942,23600,,
1879480,27,2026-10-30,1617,23600,,
1879480,27,2026-10-31,1617,23600,,
1879480,27,2026-11-06,1617,23600,,
1879480,27,2026-11-13,1617,23600,,
1879480,28,2026-10-30,1617,23600,,
1879480,28,2026-10-31,1617,23600,,
1879480,28,2026-11-06,1617,23600,,
1879480,28,2026-11-13,1617,23600,,
1879480,35,2026-10-30,1789,23600,,
1879480,35,2026-10-31,1789,23600,,
1879480,35,2026-11-06,1789,23600,,
1879480,35,2026-11-13,1789,23600,,
1879480,36,2026-10-30,1789,23600,,
1879480,36,2026-10-31,1789,23600,,
1879480,36,2026-11-06,1789,23600,,
1879480,36,2026-11-13,1789,23600,,
1879480,37,2026-10-30,1789,23600,,
1879480,37,2026-10-31,1789,23600,,
1879480,37,2026-11-06,1789,23600,,
1879480,37,2026-11-13,1789,23600,,
1879480,42,2026-09-15,2114,23600,,
1879480,42,2026-09-16,2114,23600,,
1879480,42,2026-09-21,2094,23600,,
1879480,42,2026-09-22,2094,23600,,
1879480,42,2026-09-23,2094,23600,,
1879480,42,2026-09-24,2094,23600,,
1879480,42,2026-09-27,2094,23600,,
1879480,42,2026-09-28,2094,23600,,
1879480,42,2026-09-29,2094,23600,,
1879480,42,2026-09-30,2094,23600,,
1879480,42,2026-11-01,2094,23600,,
1879480,42,2026-11-02,2094,23600,,
1879480,42,2026-11-03,2094,23600,,
1879480,42,2026-11-04,2094,23600,,
1879480,42,2026-11-05,2094,23600,,
1879480,42,2026-11-12,2094,23600,,
1879480,42,2026-11-18,2094,23600,,
1879480,42,2026-11-19,2094,23600,,
1879480,42,2026-11-22,2094,23600,,
1879480,42,2026-11-23,2094,23600,,
1879480,42,2026-12-01,2094,23600,,
1879480,42,2026-12-07,2094,23600,,
1879480,42,2026-12-08,2094,23600,,
1879480,42,2026-12-09,2094,23600,,
1879480,42,2026-12-10,2094,23600,,
1879480,42,2026-12-13,2094,23600,,
1879480,42,2026-12-14,2094,23600,,
1879480,43,2026-09-15,2114,23600,,
1879480,43,2026-09-16,2114,23600,,
1879480,43,2026-09-21,2094,23600,,
1879480,43,2026-09-22,2094,23600,,
1879480,43,2026-09-23,2094,23600,,
1879480,43,2026-09-24,2094,23600,,
1879480,43,2026-09-27,2094,23600,,
1879480,43,2026-09-28,2094,23600,,
1879480,43,2026-09-29,2094,23600,,
1879480,43,2026-09-30,2094,23600,,
1879480,43,2026-11-01,2094,23600,,
1879480,43,2026-11-02,2094,23600,,
1879480,43,2026-11-03,2094,23600,,
1879480,43,2026-11-04,2094,23600,,
1879480,43,2026-11-05,2094,23600,,
1879480,43,2026-11-12,2094,23600,,
1879480,43,2026-11-18,2094,23600,,
1879480,43,2026-11-19,2094,23600,,
1879480,43,2026-11-22,2094,23600,,
1879480,43,2026-11-23,2094,23600,,
1879480,43,2026-12-01,2094,23600,,
1879480,43,2026-12-07,2094,23600,,
1879480,43,2026-12-08,2094,23600,,
1879480,43,2026-12-09,2094,23600,,
1879480,43,2026-12-10,2094,23600,,
1879480,43,2026-12-13,2094,23600,,
1879480,43,2026-12-14,2094,23600,,
1884844,17,2026-09-20,1147,23600,,
1884844,18,2026-09-20,1147,23600,,
1884844,19,2026-09-20,1250,23600,,
1884844,20,2026-09-20,1250,23600,,
1884844,21,2026-09-20,1492,23600,,
1884844,22,2026-09-20,1492,23600,,
1884844,23,2026-09-20,1595,23600,,
1884844,24,2026-09-20,1595,23600,,
1884844,25,2026-09-20,1595,23600,,
1884844,26,2026-09-20,1595,23600,,
1884844,27,2026-09-20,1940,23600,,
1884844,28,2026-09-20,1940,23600,,
1884844,39,2026-09-20,1492,23600,,
1884844,50,2026-09-20,1147,23600,,
1892272,21,2026-09-15,2221,23600,,
1892272,21,2026-09-16,2228,23600,,
1892272,21,2026-09-17,2215,23600,,
1892272,21,2026-11-06,2377,23600,,
1892272,21,2026-11-13,2377,23600,,
1892272,21,2026-11-23,2297,23600,,
1892272,22,2026-09-15,2221,23600,,
1892272,22,2026-09-16,2228,23600,,
1892272,22,2026-09-17,2215,23600,,
1892272,22,2026-11-06,2377,23600,,
1892272,22,2026-11-13,2377,23600,,
1892272,22,2026-11-23,2297,23600,,
1892272,23,2026-09-15,2393,23600,,
1892272,23,2026-09-17,2387,23600,,
1892272,24,2026-09-15,2393,23600,,
1892272,24,2026-09-17,2387,23600,,
1892272,32,2026-09-21,3010,23600,,
1892272,33,2026-09-21,3010,23600,,
1892272,39,2026-09-15,2221,23600,,
1892272,39,2026-09-16,2228,23600,,
1892272,39,2026-09-17,2215,23600,,
1892272,39,2026-11-06,2377,23600,,
1892272,39,2026-11-13,2377,23600,,
1892272,39,2026-11-23,2297,23600,,
1892272,40,2026-09-15,2393,23600,,
1892272,40,2026-09-17,2387,23600,,
1892583,17,2026-10-24,1347,20000,,
1892583,17,2026-11-15,1347,20000,,
1892583,17,2026-11-16,1347,20000,,
1892583,17,2026-11-17,1347,20000,,
1892583,17,2026-11-24,1347,20000,,
1892583,17,2026-11-25,1347,20000,,
1892583,18,2026-10-24,1347,20000,,
1892583,18,2026-11-15,1347,20000,,
1892583,18,2026-11-16,1347,20000,,
1892583,18,2026-11-17,1347,20000,,
1892583,18,2026-11-24,1347,20000,,
1892583,18,2026-11-25,1347,20000,,
1892583,19,2026-10-24,1485,20000,,
1892583,20,2026-10-24,1485,20000,,
1892583,29,2027-08-21,1830,20000,,
1892583,29,2027-08-22,1830,20000,,
1892583,29,2027-08-27,1830,20000,,
1892583,30,2027-08-21,1830,20000,,
1892583,30,2027-08-22,1830,20000,,
1892583,30,2027-08-27,1830,20000,,
1892583,31,2027-08-21,1830,20000,,
1892583,31,2027-08-22,1830,20000,,
1892583,31,2027-08-27,1830,20000,,
1892583,35,2027-08-21,2658,20000,,
1892583,35,2027-08-22,2658,20000,,
1892583,35,2027-08-27,2658,20000,,
1892583,36,2027-08-21,2658,20000,,
1892583,36,2027-08-22,2658,20000,,
1892583,36,2027-08-27,2658,20000,,
1892583,37,2027-08-21,2658,20000,,
1892583,37,2027-08-22,2658,20000,,
1892583,37,2027-08-27,2658,20000,,
1892583,50,2026-10-24,1347,20000,,
1892583,50,2026-11-15,1347,20000,,
1892583,50,2026-11-16,1347,20000,,
1892583,50,2026-11-17,1347,20000,,
1892583,50,2026-11-24,1347,20000,,
1892583,50,2026-11-25,1347,20000,,
1892583,57,2027-08-21,1830,20000,,
1892583,57,2027-08-22,1830,20000,,
1892583,57,2027-08-27,1830,20000,,
1892583,89,2027-08-21,1830,20000,,
1892583,89,2027-08-22,1830,20000,,
1892583,89,2027-08-27,1830,20000,,
1894945,17,2026-09-15,1746,23600,,
1894945,17,2026-09-16,1734,23600,,
1894945,18,2026-09-15,1746,23600,,
1894945,18,2026-09-16,1734,23600,,
1894945,19,2026-09-15,1780,23600,,
1894945,19,2026-09-16,1768,23600,,
1894945,20,2026-09-15,1780,23600,,
1894945,20,2026-09-16,1768,23600,,
1894945,21,2026-09-15,2298,23600,,
1894945,21,2026-09-16,2286,23600,,
1894945,21,2026-09-20,2276,23600,,
1894945,22,2026-09-15,2298,23600,,
1894945,22,2026-09-16,2286,23600,,
1894945,22,2026-09-20,2276,23600,,
1894945,23,2026-09-15,2332,23600,,
1894945,23,2026-09-16,2320,23600,,
1894945,23,2026-09-20,2310,23600,,
1894945,24,2026-09-15,2332,23600,,
1894945,24,2026-09-16,2320,23600,,
1894945,24,2026-09-20,2310,23600,,
1894945,27,2026-09-15,2884,23600,,
1894945,27,2026-09-16,2872,23600,,
1894945,27,2026-09-20,2862,23600,,
1894945,27,2026-11-18,2989,23600,,
1894945,27,2026-11-19,2989,23600,,
1894945,27,2026-11-22,2989,23600,,
1894945,27,2026-11-23,2989,23600,,
1894945,28,2026-09-15,2884,23600,,
1894945,28,2026-09-16,2872,23600,,
1894945,28,2026-09-20,2862,23600,,
1894945,28,2026-11-18,2989,23600,,
1894945,28,2026-11-19,2989,23600,,
1894945,28,2026-11-22,2989,23600,,
1894945,28,2026-11-23,2989,23600,,
1894945,29,2026-09-16,2769,23600,,
1894945,29,2026-09-20,2759,23600,,
1894945,29,2026-11-13,4031,23600,,
1894945,29,2026-11-14,4031,23600,,
1894945,30,2026-09-16,2769,23600,,
1894945,30,2026-09-20,2759,23600,,
1894945,30,2026-11-13,4031,23600,,
1894945,30,2026-11-14,4031,23600,,
1894945,31,2026-09-16,2769,23600,,
1894945,31,2026-09-20,2759,23600,,
1894945,31,2026-11-13,4031,23600,,
1894945,31,2026-11-14,4031,23600,,
1894945,32,2026-09-16,2872,23600,,
1894945,32,2026-09-20,2862,23600,,
1894945,32,2026-11-13,4134,23600,,
1894945,32,2026-11-14,4134,23600,,
1894945,33,2026-09-16,2872,23600,,
1894945,33,2026-09-20,2862,23600,,
1894945,33,2026-11-13,4134,23600,,
1894945,33,2026-11-14,4134,23600,,
1894945,34,2026-09-16,2872,23600,,
1894945,34,2026-09-20,2862,23600,,
1894945,34,2026-11-13,4134,23600,,
1894945,34,2026-11-14,4134,23600,,
1894945,35,2026-09-16,3424,23600,,
1894945,35,2026-09-17,3385,23600,,
1894945,35,2026-09-20,3414,23600,,
1894945,35,2026-09-21,3385,23600,,
1894945,35,2026-11-13,4686,23600,,
1894945,35,2026-11-14,4686,23600,,
1894945,36,2026-09-16,3424,23600,,
1894945,36,2026-09-17,3385,23600,,
1894945,36,2026-09-20,3414,23600,,
1894945,36,2026-09-21,3385,23600,,
1894945,36,2026-11-13,4686,23600,,
1894945,36,2026-11-14,4686,23600,,
1894945,37,2026-09-16,3424,23600,,
1894945,37,2026-09-17,3385,23600,,
1894945,37,2026-09-20,3414,23600,,
1894945,37,2026-09-21,3385,23600,,
1894945,37,2026-11-13,4686,23600,,
1894945,37,2026-11-14,4686,23600,,
1894945,39,2026-09-15,2298,23600,,
1894945,39,2026-09-16,2286,23600,,
1894945,39,2026-09-20,2276,23600,,
1894945,40,2026-09-15,2332,23600,,
1894945,40,2026-09-16,2320,23600,,
1894945,40,2026-09-20,2310,23600,,
1894945,50,2026-09-15,1746,23600,,
1894945,50,2026-09-16,1734,23600,,
1894945,57,2026-09-16,2769,23600,,
1894945,57,2026-09-20,2759,23600,,
1894945,57,2026-11-13,4031,23600,,
1894945,57,2026-11-14,4031,23600,,
1894945,58,2026-09-16,2872,23600,,
1894945,58,2026-09-20,2862,23600,,
1894945,58,2026-11-13,4134,23600,,
1894945,58,2026-11-14,4134,23600,,
1894945,83,2026-09-15,2298,23600,,
1894945,83,2026-09-16,2286,23600,,
1894945,83,2026-09-20,2276,23600,,
1894945,89,2026-09-16,2769,23600,,
1894945,89,2026-09-20,2759,23600,,
1894945,89,2026-11-13,4031,23600,,
1894945,89,2026-11-14,4031,23600,,
1898527,17,2026-09-19,1440,23600,,
1898527,17,2026-09-25,1440,23600,,
1898527,17,2026-10-27,1455,23600,,
1898527,17,2026-10-28,1455,23600,,
1898527,17,2026-10-29,1455,23600,,
1898527,18,2026-09-19,1440,23600,,
1898527,18,2026-09-25,1440,23600,,
1898527,18,2026-10-27,1455,23600,,
1898527,18,2026-10-28,1455,23600,,
1898527,18,2026-10-29,1455,23600,,
1898527,19,2026-09-19,1509,23600,,
1898527,19,2026-09-23,1518,23600,,
1898527,19,2026-09-24,1518,23600,,
1898527,19,2026-09-25,1509,23600,,
1898527,20,2026-09-19,1509,23600,,
1898527,20,2026-09-23,1518,23600,,
1898527,20,2026-09-24,1518,23600,,
1898527,20,2026-09-25,1509,23600,,
1898527,21,2026-09-15,1987,23600,,
1898527,21,2026-09-17,1976,23600,,
1898527,22,2026-09-15,1987,23600,,
1898527,22,2026-09-17,1976,23600,,
1898527,23,2026-09-17,2114,23600,,
1898527,24,2026-09-17,2114,23600,,
1898527,25,2026-09-15,1849,23600,,
1898527,25,2026-09-17,1838,23600,,
1898527,25,2026-09-20,1854,23600,,
1898527,25,2026-09-21,1854,23600,,
1898527,25,2026-09-22,1854,23600,,
1898527,27,2026-09-16,2430,23600,,
1898527,28,2026-09-16,2430,23600,,
1898527,39,2026-09-15,1987,23600,,
1898527,39,2026-09-17,1976,23600,,
1898527,40,2026-09-17,2114,23600,,
1898527,50,2026-09-19,1440,23600,,
1898527,50,2026-09-25,1440,23600,,
1898527,50,2026-10-27,1455,23600,,
1898527,50,2026-10-28,1455,23600,,
1898527,50,2026-10-29,1455,23600,,
1898527,83,2026-09-15,1987,23600,,
1898527,83,2026-09-17,1976,23600,,
1912757,19,2026-09-15,1049,23600,,
1912757,19,2026-09-17,1049,23600,,
1912757,20,2026-09-15,1049,23600,,
1912757,20,2026-09-17,1049,23600,,
1912757,25,2026-09-15,1049,23600,,
1912757,25,2026-09-17,1049,23600,,
1912757,26,2026-09-15,1049,23600,,
1912757,26,2026-09-17,1049,23600,,
1912757,29,2026-09-15,1739,23600,,
1912757,29,2026-09-16,1739,23600,,
1912757,29,2026-09-17,1739,23600,,
1912757,29,2026-09-24,1752,23600,,
1912757,30,2026-09-15,1739,23600,,
1912757,30,2026-09-16,1739,23600,,
1912757,30,2026-09-17,1739,23600,,
1912757,30,2026-09-24,1752,23600,,
1912757,31,2026-09-15,1739,23600,,
1912757,31,2026-09-16,1739,23600,,
1912757,31,2026-09-17,1739,23600,,
1912757,31,2026-09-24,1752,23600,,
1912757,32,2026-09-18,1808,23600,,
1912757,32,2026-09-19,1808,23600,,
1912757,32,2026-09-20,1808,23600,,
1912757,33,2026-09-18,1808,23600,,
1912757,33,2026-09-19,1808,23600,,
1912757,33,2026-09-20,1808,23600,,
1912757,34,2026-09-18,1808,23600,,
1912757,34,2026-09-19,1808,23600,,
1912757,34,2026-09-20,1808,23600,,
1912757,42,2026-09-24,2442,23600,,
1912757,43,2026-09-24,2442,23600,,
1912757,57,2026-09-15,1739,23600,,
1912757,57,2026-09-16,1739,23600,,
1912757,57,2026-09-17,1739,23600,,
1912757,57,2026-09-24,1752,23600,,
1912757,58,2026-09-18,1808,23600,,
1912757,58,2026-09-19,1808,23600,,
1912757,58,2026-09-20,1808,23600,,
1912757,89,2026-09-15,1739,23600,,
1912757,89,2026-09-16,1739,23600,,
1912757,89,2026-09-17,1739,23600,,
1912757,89,2026-09-24,1752,23600,,
1914908,27,2026-12-04,1980,20000,,
1914908,27,2026-12-05,1980,20000,,
1914908,27,2026-12-11,1980,20000,,
1914908,27,2026-12-12,1980,20000,,
1914908,28,2026-12-04,1980,20000,,
1914908,28,2026-12-05,1980,20000,,
1914908,28,2026-12-11,1980,20000,,
1914908,28,2026-12-12,1980,20000,,
1921226,27,2026-09-15,2593,23600,,
1921226,28,2026-09-15,2593,23600,,
1921658,25,2026-09-18,2251,23600,,
1921658,25,2026-09-19,2251,23600,,
1921658,26,2026-09-18,2251,23600,,
1921658,26,2026-09-19,2251,23600,,
1929807,25,2026-10-01,2057,23600,,
1929807,25,2026-10-04,2057,23600,,
1929807,25,2026-10-05,2057,23600,,
1929807,26,2026-10-01,2057,23600,,
1929807,26,2026-10-04,2057,23600,,
1929807,26,2026-10-05,2057,23600,,
1963434,15,2026-09-19,1865,23600,,
1963434,16,2026-09-19,1934,23600,,
1963434,17,2026-09-19,2072,23600,,
1963434,18,2026-09-19,2072,23600,,
1963434,19,2026-09-16,2136,23600,,
1963434,19,2026-09-19,2141,23600,,
1963434,20,2026-09-16,2136,23600,,
1963434,20,2026-09-19,2141,23600,,
1963434,21,2026-09-16,2274,23600,,
1963434,22,2026-09-16,2274,23600,,
1963434,23,2026-09-16,2343,23600,,
1963434,24,2026-09-16,2343,23600,,
1963434,25,2026-09-16,2481,23600,,
1963434,26,2026-09-16,2481,23600,,
1963434,38,2026-09-19,1865,23600,,
1963434,39,2026-09-16,2274,23600,,
1963434,40,2026-09-16,2343,23600,,
1963434,50,2026-09-19,2072,23600,,
1963434,51,2026-09-16,2136,23600,,
1963434,51,2026-09-19,2141,23600,,
1963434,52,2026-09-19,1934,23600,,
1963434,76,2026-09-19,1865,23600,,
1963434,83,2026-09-16,2274,23600,,
1963434,87,2026-09-19,2072,23600,,
1982002,21,2026-09-21,2649,23600,,
1982002,22,2026-09-21,2649,23600,,
1982002,23,2026-09-21,2649,23600,,
1982002,24,2026-09-21,2649,23600,,
1982002,39,2026-09-21,2649,23600,,
1982002,40,2026-09-21,2649,23600,,
1982002,83,2026-09-21,2649,23600,,
1986521,23,2026-09-16,2427,23600,,
1986521,24,2026-09-16,2427,23600,,
1986521,27,2026-09-17,3089,23600,,
1986521,27,2026-09-18,3243,23600,,
1986521,27,2026-09-20,3089,23600,,
1986521,27,2026-09-21,3091,23600,,
1986521,28,2026-09-17,3089,23600,,
1986521,28,2026-09-18,3243,23600,,
1986521,28,2026-09-20,3089,23600,,
1986521,28,2026-09-21,3091,23600,,
1986521,29,2026-09-17,3158,23600,,
1986521,29,2026-09-18,3312,23600,,
1986521,29,2026-09-20,3158,23600,,
1986521,29,2026-09-21,3160,23600,,
1986521,30,2026-09-17,3158,23600,,
1986521,30,2026-09-18,3312,23600,,
1986521,30,2026-09-20,3158,23600,,
1986521,30,2026-09-21,3160,23600,,
1986521,31,2026-09-17,3158,23600,,
1986521,31,2026-09-18,3312,23600,,
1986521,31,2026-09-20,3158,23600,,
1986521,31,2026-09-21,3160,23600,,
1986521,32,2026-09-17,3193,23600,,
1986521,32,2026-09-18,3347,23600,,
1986521,32,2026-09-20,3193,23600,,
1986521,32,2026-09-21,3194,23600,,
1986521,33,2026-09-17,3193,23600,,
1986521,33,2026-09-18,3347,23600,,
1986521,33,2026-09-20,3193,23600,,
1986521,33,2026-09-21,3194,23600,,
1986521,34,2026-09-17,3193,23600,,
1986521,34,2026-09-18,3347,23600,,
1986521,34,2026-09-20,3193,23600,,
1986521,34,2026-09-21,3194,23600,,
1986521,40,2026-09-16,2427,23600,,
1986521,57,2026-09-17,3158,23600,,
1986521,57,2026-09-18,3312,23600,,
1986521,57,2026-09-20,3158,23600,,
1986521,57,2026-09-21,3160,23600,,
2008591,21,2026-09-17,1504,23600,,
2008591,22,2026-09-17,1504,23600,,
2008591,23,2026-09-17,1642,23600,,
2008591,24,2026-09-17,1642,23600,,
2008591,27,2026-09-15,2074,23600,,
2008591,27,2026-09-16,2074,23600,,
2008591,27,2026-09-20,2077,23600,,
2008591,27,2026-09-21,2074,23600,,
2008591,28,2026-09-15,2074,23600,,
2008591,28,2026-09-16,2074,23600,,
2008591,28,2026-09-20,2077,23600,,
2008591,28,2026-09-21,2074,23600,,
2008591,39,2026-09-17,1504,23600,,
2008591,40,2026-09-17,1642,23600,,
2008591,83,2026-09-17,1504,23600,,
2010412,17,2026-09-15,1303,23600,,
2010412,17,2026-09-16,1298,23600,,
2010412,17,2026-09-17,1297,23600,,
2010412,17,2026-09-30,1288,23600,,
2010412,17,2026-10-30,1476,23600,,
2010412,17,2026-10-31,1476,23600,,
2010412,17,2027-08-21,1194,23600,,
2010412,17,2027-08-22,1194,23600,,
2010412,17,2027-08-27,1194,23600,,
2010412,18,2026-09-15,1303,23600,,
2010412,18,2026-09-16,1298,23600,,
2010412,18,2026-09-17,1297,23600,,
2010412,18,2026-09-30,1288,23600,,
2010412,18,2026-10-30,1476,23600,,
2010412,18,2026-10-31,1476,23600,,
2010412,18,2027-08-21,1194,23600,,
2010412,18,2027-08-22,1194,23600,,
2010412,18,2027-08-27,1194,23600,,
2010412,19,2026-09-16,1367,23600,,
2010412,19,2026-09-17,1366,23600,,
2010412,19,2026-09-27,1352,23600,,
2010412,19,2026-09-28,1352,23600,,
2010412,19,2026-09-29,1352,23600,,
2010412,19,2026-09-30,1357,23600,,
2010412,19,2026-10-30,1545,23600,,
2010412,19,2026-10-31,1545,23600,,
2010412,19,2027-08-21,1263,23600,,
2010412,19,2027-08-22,1263,23600,,
2010412,19,2027-08-27,1263,23600,,
2010412,20,2026-09-16,1367,23600,,
2010412,20,2026-09-17,1366,23600,,
2010412,20,2026-09-27,1352,23600,,
2010412,20,2026-09-28,1352,23600,,
2010412,20,2026-09-29,1352,23600,,
2010412,20,2026-09-30,1357,23600,,
2010412,20,2026-10-30,1545,23600,,
2010412,20,2026-10-31,1545,23600,,
2010412,20,2027-08-21,1263,23600,,
2010412,20,2027-08-22,1263,23600,,
2010412,20,2027-08-27,1263,23600,,
2010412,21,2026-09-21,1606,23600,,
2010412,21,2026-09-22,1606,23600,,
2010412,21,2026-09-23,1606,23600,,
2010412,21,2026-09-24,1606,23600,,
2010412,21,2026-11-01,1606,23600,,
2010412,21,2026-11-02,1606,23600,,
2010412,21,2026-11-03,1606,23600,,
2010412,21,2026-11-04,1606,23600,,
2010412,21,2026-11-05,1606,23600,,
2010412,21,2026-11-12,1606,23600,,
2010412,21,2026-11-18,1606,23600,,
2010412,21,2026-11-19,1606,23600,,
2010412,21,2026-11-22,1606,23600,,
2010412,21,2026-11-23,1606,23600,,
2010412,22,2026-09-21,1606,23600,,
2010412,22,2026-09-22,1606,23600,,
2010412,22,2026-09-23,1606,23600,,
2010412,22,2026-09-24,1606,23600,,
2010412,22,2026-11-01,1606,23600,,
2010412,22,2026-11-02,1606,23600,,
2010412,22,2026-11-03,1606,23600,,
2010412,22,2026-11-04,1606,23600,,
2010412,22,2026-11-05,1606,23600,,
2010412,22,2026-11-12,1606,23600,,
2010412,22,2026-11-18,1606,23600,,
2010412,22,2026-11-19,1606,23600,,
2010412,22,2026-11-22,1606,23600,,
2010412,22,2026-11-23,1606,23600,,
2010412,23,2026-09-21,1709,23600,,
2010412,23,2026-09-22,1709,23600,,
2010412,23,2026-09-23,1709,23600,,
2010412,23,2026-09-24,1709,23600,,
2010412,23,2026-11-01,1709,23600,,
2010412,23,2026-11-02,1709,23600,,
2010412,23,2026-11-03,1709,23600,,
2010412,23,2026-11-04,1709,23600,,
2010412,23,2026-11-05,1709,23600,,
2010412,23,2026-11-12,1709,23600,,
2010412,23,2026-11-18,1709,23600,,
2010412,23,2026-11-19,1709,23600,,
2010412,23,2026-11-22,1709,23600,,
2010412,23,2026-11-23,1709,23600,,
2010412,24,2026-09-21,1709,23600,,
2010412,24,2026-09-22,1709,23600,,
2010412,24,2026-09-23,1709,23600,,
2010412,24,2026-09-24,1709,23600,,
2010412,24,2026-11-01,1709,23600,,
2010412,24,2026-11-02,1709,23600,,
2010412,24,2026-11-03,1709,23600,,
2010412,24,2026-11-04,1709,23600,,
2010412,24,2026-11-05,1709,23600,,
2010412,24,2026-11-12,1709,23600,,
2010412,24,2026-11-18,1709,23600,,
2010412,24,2026-11-19,1709,23600,,
2010412,24,2026-11-22,1709,23600,,
2010412,24,2026-11-23,1709,23600,,
2010412,39,2026-09-21,1606,23600,,
2010412,39,2026-09-22,1606,23600,,
2010412,39,2026-09-23,1606,23600,,
2010412,39,2026-09-24,1606,23600,,
2010412,39,2026-11-01,1606,23600,,
2010412,39,2026-11-02,1606,23600,,
2010412,39,2026-11-03,1606,23600,,
2010412,39,2026-11-04,1606,23600,,
2010412,39,2026-11-05,1606,23600,,
2010412,39,2026-11-12,1606,23600,,
2010412,39,2026-11-18,1606,23600,,
2010412,39,2026-11-19,1606,23600,,
2010412,39,2026-11-22,1606,23600,,
2010412,39,2026-11-23,1606,23600,,
2010412,40,2026-09-21,1709,23600,,
2010412,40,2026-09-22,1709,23600,,
2010412,40,2026-09-23,1709,23600,,
2010412,40,2026-09-24,1709,23600,,
2010412,40,2026-11-01,1709,23600,,
2010412,40,2026-11-02,1709,23600,,
2010412,40,2026-11-03,1709,23600,,
2010412,40,2026-11-04,1709,23600,,
2010412,40,2026-11-05,1709,23600,,
2010412,40,2026-11-12,1709,23600,,
2010412,40,2026-11-18,1709,23600,,
2010412,40,2026-11-19,1709,23600,,
2010412,40,2026-11-22,1709,23600,,
2010412,40,2026-11-23,1709,23600,,
2010412,50,2026-09-15,1303,23600,,
2010412,50,2026-09-16,1298,23600,,
2010412,50,2026-09-17,1297,23600,,
2010412,50,2026-09-30,1288,23600,,
2010412,50,2026-10-30,1476,23600,,
2010412,50,2026-10-31,1476,23600,,
2010412,50,2027-08-21,1194,23600,,
2010412,50,2027-08-22,1194,23600,,
2010412,50,2027-08-27,1194,23600,,
2010412,83,2026-09-21,1606,23600,,
2010412,83,2026-09-22,1606,23600,,
2010412,83,2026-09-23,1606,23600,,
2010412,83,2026-09-24,1606,23600,,
2010412,83,2026-11-01,1606,23600,,
2010412,83,2026-11-02,1606,23600,,
2010412,83,2026-11-03,1606,23600,,
2010412,83,2026-11-04,1606,23600,,
2010412,83,2026-11-05,1606,23600,,
2010412,83,2026-11-12,1606,23600,,
2010412,83,2026-11-18,1606,23600,,
2010412,83,2026-11-19,1606,23600,,
2010412,83,2026-11-22,1606,23600,,
2010412,83,2026-11-23,1606,23600,,
2010531,17,2026-09-17,1134,23600,,
2010531,18,2026-09-17,1134,23600,,
2010531,19,2026-09-17,1134,23600,,
2010531,20,2026-09-17,1134,23600,,
2010531,25,2026-09-19,1445,23600,,
2010531,25,2026-09-20,1445,23600,,
2010531,26,2026-09-19,1445,23600,,
2010531,26,2026-09-20,1445,23600,,
2010531,27,2026-09-19,1617,23600,,
2010531,27,2026-09-20,1617,23600,,
2010531,27,2026-09-21,1598,23600,,
2010531,28,2026-09-19,1617,23600,,
2010531,28,2026-09-20,1617,23600,,
2010531,28,2026-09-21,1598,23600,,
2010531,50,2026-09-17,1134,23600,,
2010531,51,2026-09-17,1134,23600,,
2010531,87,2026-09-17,1134,23600,,
2011302,19,2026-09-23,1552,23600,,
2011302,19,2026-09-24,1552,23600,,
2011302,19,2026-09-27,1552,23600,,
2011302,19,2026-09-28,1552,23600,,
2011302,19,2026-09-29,1552,23600,,
2011302,19,2026-09-30,1552,23600,,
2011302,19,2026-10-27,1552,23600,,
2011302,19,2026-10-28,1552,23600,,
2011302,19,2026-10-29,1552,23600,,
2011302,19,2026-12-01,1552,23600,,
2011302,19,2026-12-07,1552,23600,,
2011302,19,2026-12-08,1552,23600,,
2011302,19,2026-12-09,1552,23600,,
2011302,19,2026-12-10,1552,23600,,
2011302,19,2026-12-13,1552,23600,,
2011302,19,2026-12-14,1552,23600,,
2011302,20,2026-09-23,1552,23600,,
2011302,20,2026-09-24,1552,23600,,
2011302,20,2026-09-27,1552,23600,,
2011302,20,2026-09-28,1552,23600,,
2011302,20,2026-09-29,1552,23600,,
2011302,20,2026-09-30,1552,23600,,
2011302,20,2026-10-27,1552,23600,,
2011302,20,2026-10-28,1552,23600,,
2011302,20,2026-10-29,1552,23600,,
2011302,20,2026-12-01,1552,23600,,
2011302,20,2026-12-07,1552,23600,,
2011302,20,2026-12-08,1552,23600,,
2011302,20,2026-12-09,1552,23600,,
2011302,20,2026-12-10,1552,23600,,
2011302,20,2026-12-13,1552,23600,,
2011302,20,2026-12-14,1552,23600,,
2011351,25,2026-09-24,1968,23600,,
2011351,25,2026-10-03,1968,23600,,
2011351,26,2026-09-24,1968,23600,,
2011351,26,2026-10-03,1968,23600,,
2011492,27,2026-09-19,2154,23600,,
2011492,28,2026-09-19,2154,23600,,
2011649,17,2026-09-16,1179,27848,,
2011649,18,2026-09-16,1179,27848,,
2011649,19,2026-09-16,1248,27848,,
2011649,20,2026-09-16,1248,27848,,
2011649,21,2026-09-15,1305,27848,,
2011649,21,2026-09-16,1317,27848,,
2011649,22,2026-09-15,1305,27848,,
2011649,22,2026-09-16,1317,27848,,
2011649,23,2026-09-15,1408,27848,,
2011649,23,2026-09-16,1420,27848,,
2011649,24,2026-09-15,1408,27848,,
2011649,24,2026-09-16,1420,27848,,
2011649,27,2026-09-15,1822,27848,,
2011649,27,2026-09-16,1834,27848,,
2011649,28,2026-09-15,1822,27848,,
2011649,28,2026-09-16,1834,27848,,
2011649,29,2026-09-15,1650,27848,,
2011649,29,2026-09-16,1662,27848,,
2011649,30,2026-09-15,1650,27848,,
2011649,30,2026-09-16,1662,27848,,
2011649,31,2026-09-15,1650,27848,,
2011649,31,2026-09-16,1662,27848,,
2011649,32,2026-09-15,1788,27848,,
2011649,32,2026-09-16,1800,27848,,
2011649,33,2026-09-15,1788,27848,,
2011649,33,2026-09-16,1800,27848,,
2011649,34,2026-09-15,1788,27848,,
2011649,34,2026-09-16,1800,27848,,
2011649,35,2026-09-15,2202,27848,,
2011649,35,2026-09-16,2214,27848,,
2011649,36,2026-09-15,2202,27848,,
2011649,36,2026-09-16,2214,27848,,
2011649,37,2026-09-15,2202,27848,,
2011649,37,2026-09-16,2214,27848,,
2011649,39,2026-09-15,1305,27848,,
2011649,39,2026-09-16,1317,27848,,
2011649,40,2026-09-15,1408,27848,,
2011649,40,2026-09-16,1420,27848,,
2011649,42,2026-09-15,2616,27848,,
2011649,42,2026-12-13,2782,27848,,
2011649,42,2026-12-14,2782,27848,,
2011649,43,2026-09-15,2616,27848,,
2011649,43,2026-12-13,2782,27848,,
2011649,43,2026-12-14,2782,27848,,
2011649,50,2026-09-16,1179,27848,,
2011649,57,2026-09-15,1650,27848,,
2011649,57,2026-09-16,1662,27848,,
2011649,58,2026-09-15,1788,27848,,
2011649,58,2026-09-16,1800,27848,,
2011649,83,2026-09-15,1305,27848,,
2011649,83,2026-09-16,1317,27848,,
2011649,89,2026-09-15,1650,27848,,
2011649,89,2026-09-16,1662,27848,,
2011692,17,2026-09-23,1875,20000,,
2011692,17,2026-09-24,1878,20000,,
2011692,17,2026-09-25,1875,20000,,
2011692,17,2026-09-26,1875,20000,,
2011692,17,2026-10-02,1875,20000,,
2011692,17,2026-10-04,1875,20000,,
2011692,17,2026-10-05,1875,20000,,
2011692,17,2026-10-06,1878,20000,,
2011692,17,2026-10-07,1878,20000,,
2011692,17,2026-10-08,1878,20000,,
2011692,17,2026-10-09,1878,20000,,
2011692,17,2026-10-10,1875,20000,,
2011692,17,2026-10-11,1875,20000,,
2011692,17,2026-10-12,1875,20000,,
2011692,17,2026-10-13,1875,20000,,
2011692,17,2026-10-14,1875,20000,,
2011692,17,2026-10-15,1875,20000,,
2011692,18,2026-09-23,1875,20000,,
2011692,18,2026-09-24,1878,20000,,
2011692,18,2026-09-25,1875,20000,,
2011692,18,2026-09-26,1875,20000,,
2011692,18,2026-10-02,1875,20000,,
2011692,18,2026-10-04,1875,20000,,
2011692,18,2026-10-05,1875,20000,,
2011692,18,2026-10-06,1878,20000,,
2011692,18,2026-10-07,1878,20000,,
2011692,18,2026-10-08,1878,20000,,
2011692,18,2026-10-09,1878,20000,,
2011692,18,2026-10-10,1875,20000,,
2011692,18,2026-10-11,1875,20000,,
2011692,18,2026-10-12,1875,20000,,
2011692,18,2026-10-13,1875,20000,,
2011692,18,2026-10-14,1875,20000,,
2011692,18,2026-10-15,1875,20000,,
2011692,19,2026-09-23,2013,20000,,
2011692,19,2026-09-24,2016,20000,,
2011692,19,2026-09-25,2013,20000,,
2011692,19,2026-09-26,2013,20000,,
2011692,19,2026-10-02,2013,20000,,
2011692,19,2026-10-04,2013,20000,,
2011692,19,2026-10-05,2013,20000,,
2011692,19,2026-10-06,2016,20000,,
2011692,19,2026-10-07,2016,20000,,
2011692,19,2026-10-08,2016,20000,,
2011692,19,2026-10-09,2016,20000,,
2011692,19,2026-10-10,2013,20000,,
2011692,19,2026-10-11,2013,20000,,
2011692,19,2026-10-12,2013,20000,,
2011692,19,2026-10-13,2013,20000,,
2011692,19,2026-10-14,2013,20000,,
2011692,19,2026-10-15,2013,20000,,
2011692,21,2026-09-23,2048,20000,,
2011692,21,2026-09-24,2051,20000,,
2011692,21,2026-09-25,2048,20000,,
2011692,21,2026-09-26,2048,20000,,
2011692,21,2026-10-02,2048,20000,,
2011692,21,2026-10-04,2048,20000,,
2011692,21,2026-10-05,2048,20000,,
2011692,21,2026-10-06,2051,20000,,
2011692,21,2026-10-07,2051,20000,,
2011692,21,2026-10-08,2051,20000,,
2011692,21,2026-10-09,2051,20000,,
2011692,21,2026-10-10,2048,20000,,
2011692,21,2026-10-11,2048,20000,,
2011692,21,2026-10-12,2048,20000,,
2011692,21,2026-10-13,2048,20000,,
2011692,21,2026-10-14,2048,20000,,
2011692,21,2026-10-15,2048,20000,,
2011692,22,2026-09-23,2048,20000,,
2011692,22,2026-09-24,2051,20000,,
2011692,22,2026-09-25,2048,20000,,
2011692,22,2026-09-26,2048,20000,,
2011692,22,2026-10-02,2048,20000,,
2011692,22,2026-10-04,2048,20000,,
2011692,22,2026-10-05,2048,20000,,
2011692,22,2026-10-06,2051,20000,,
2011692,22,2026-10-07,2051,20000,,
2011692,22,2026-10-08,2051,20000,,
2011692,22,2026-10-09,2051,20000,,
2011692,22,2026-10-10,2048,20000,,
2011692,22,2026-10-11,2048,20000,,
2011692,22,2026-10-12,2048,20000,,
2011692,22,2026-10-13,2048,20000,,
2011692,22,2026-10-14,2048,20000,,
2011692,22,2026-10-15,2048,20000,,
2011692,23,2026-09-23,2186,20000,,
2011692,23,2026-09-24,2189,20000,,
2011692,23,2026-09-25,2186,20000,,
2011692,23,2026-09-26,2186,20000,,
2011692,23,2026-10-02,2186,20000,,
2011692,23,2026-10-04,2186,20000,,
2011692,23,2026-10-05,2186,20000,,
2011692,23,2026-10-06,2189,20000,,
2011692,23,2026-10-07,2189,20000,,
2011692,23,2026-10-08,2189,20000,,
2011692,23,2026-10-09,2189,20000,,
2011692,23,2026-10-10,2186,20000,,
2011692,23,2026-10-11,2186,20000,,
2011692,23,2026-10-12,2186,20000,,
2011692,23,2026-10-13,2186,20000,,
2011692,23,2026-10-14,2186,20000,,
2011692,23,2026-10-15,2186,20000,,
2011692,24,2026-09-23,2186,20000,,
2011692,24,2026-09-24,2189,20000,,
2011692,24,2026-09-25,2186,20000,,
2011692,24,2026-09-26,2186,20000,,
2011692,24,2026-10-02,2186,20000,,
2011692,24,2026-10-04,2186,20000,,
2011692,24,2026-10-05,2186,20000,,
2011692,24,2026-10-06,2189,20000,,
2011692,24,2026-10-07,2189,20000,,
2011692,24,2026-10-08,2189,20000,,
2011692,24,2026-10-09,2189,20000,,
2011692,24,2026-10-10,2186,20000,,
2011692,24,2026-10-11,2186,20000,,
2011692,24,2026-10-12,2186,20000,,
2011692,24,2026-10-13,2186,20000,,
2011692,24,2026-10-14,2186,20000,,
2011692,24,2026-10-15,2186,20000,,
2011692,27,2026-09-23,2600,20000,,
2011692,27,2026-09-24,2603,20000,,
2011692,27,2026-09-25,2600,20000,,
2011692,27,2026-09-26,2600,20000,,
2011692,27,2026-10-02,2600,20000,,
2011692,27,2026-10-04,2600,20000,,
2011692,27,2026-10-05,2600,20000,,
2011692,27,2026-10-06,2603,20000,,
2011692,27,2026-10-07,2603,20000,,
2011692,27,2026-10-08,2603,20000,,
2011692,27,2026-10-09,2603,20000,,
2011692,27,2026-10-10,2600,20000,,
2011692,27,2026-10-11,2600,20000,,
2011692,27,2026-10-12,2600,20000,,
2011692,27,2026-10-13,2600,20000,,
2011692,27,2026-10-14,2600,20000,,
2011692,27,2026-10-15,2600,20000,,
2011692,28,2026-09-23,2600,20000,,
2011692,28,2026-09-24,2603,20000,,
2011692,28,2026-09-25,2600,20000,,
2011692,28,2026-09-26,2600,20000,,
2011692,28,2026-10-02,2600,20000,,
2011692,28,2026-10-04,2600,20000,,
2011692,28,2026-10-05,2600,20000,,
2011692,28,2026-10-06,2603,20000,,
2011692,28,2026-10-07,2603,20000,,
2011692,28,2026-10-08,2603,20000,,
2011692,28,2026-10-09,2603,20000,,
2011692,28,2026-10-10,2600,20000,,
2011692,28,2026-10-11,2600,20000,,
2011692,28,2026-10-12,2600,20000,,
2011692,28,2026-10-13,2600,20000,,
2011692,28,2026-10-14,2600,20000,,
2011692,28,2026-10-15,2600,20000,,
2011692,29,2026-09-23,2220,20000,,
2011692,29,2026-09-24,2223,20000,,
2011692,29,2026-09-25,2220,20000,,
2011692,29,2026-09-26,2220,20000,,
2011692,29,2026-10-02,2220,20000,,
2011692,29,2026-10-04,2220,20000,,
2011692,29,2026-10-05,2220,20000,,
2011692,29,2026-10-06,2223,20000,,
2011692,29,2026-10-07,2223,20000,,
2011692,29,2026-10-08,2223,20000,,
2011692,29,2026-10-09,2223,20000,,
2011692,29,2026-10-10,2220,20000,,
2011692,29,2026-10-11,2220,20000,,
2011692,29,2026-10-12,2220,20000,,
2011692,29,2026-10-13,2220,20000,,
2011692,29,2026-10-14,2220,20000,,
2011692,29,2026-10-15,2220,20000,,
2011692,30,2026-09-23,2220,20000,,
2011692,30,2026-09-24,2223,20000,,
2011692,30,2026-09-25,2220,20000,,
2011692,30,2026-09-26,2220,20000,,
2011692,30,2026-10-02,2220,20000,,
2011692,30,2026-10-04,2220,20000,,
2011692,30,2026-10-05,2220,20000,,
2011692,30,2026-10-06,2223,20000,,
2011692,30,2026-10-07,2223,20000,,
2011692,30,2026-10-08,2223,20000,,
2011692,30,2026-10-09,2223,20000,,
2011692,30,2026-10-10,2220,20000,,
2011692,30,2026-10-11,2220,20000,,
2011692,30,2026-10-12,2220,20000,,
2011692,30,2026-10-13,2220,20000,,
2011692,30,2026-10-14,2220,20000,,
2011692,30,2026-10-15,2220,20000,,
2011692,31,2026-09-23,2220,20000,,
2011692,31,2026-09-24,2223,20000,,
2011692,31,2026-09-25,2220,20000,,
2011692,31,2026-09-26,2220,20000,,
2011692,31,2026-10-02,2220,20000,,
2011692,31,2026-10-04,2220,20000,,
2011692,31,2026-10-05,2220,20000,,
2011692,31,2026-10-06,2223,20000,,
2011692,31,2026-10-07,2223,20000,,
2011692,31,2026-10-08,2223,20000,,
2011692,31,2026-10-09,2223,20000,,
2011692,31,2026-10-10,2220,20000,,
2011692,31,2026-10-11,2220,20000,,
2011692,31,2026-10-12,2220,20000,,
2011692,31,2026-10-13,2220,20000,,
2011692,31,2026-10-14,2220,20000,,
2011692,31,2026-10-15,2220,20000,,
2011692,32,2026-09-23,2358,20000,,
2011692,32,2026-09-24,2361,20000,,
2011692,32,2026-09-25,2358,20000,,
2011692,32,2026-09-26,2358,20000,,
2011692,32,2026-10-02,2358,20000,,
2011692,32,2026-10-04,2358,20000,,
2011692,32,2026-10-05,2358,20000,,
2011692,32,2026-10-06,2361,20000,,
2011692,32,2026-10-07,2361,20000,,
2011692,32,2026-10-08,2361,20000,,
2011692,32,2026-10-09,2361,20000,,
2011692,32,2026-10-10,2358,20000,,
2011692,32,2026-10-11,2358,20000,,
2011692,32,2026-10-12,2358,20000,,
2011692,32,2026-10-13,2358,20000,,
2011692,32,2026-10-14,2358,20000,,
2011692,32,2026-10-15,2358,20000,,
2011692,33,2026-09-23,2358,20000,,
2011692,33,2026-09-24,2361,20000,,
2011692,33,2026-09-25,2358,20000,,
2011692,33,2026-09-26,2358,20000,,
2011692,33,2026-10-02,2358,20000,,
2011692,33,2026-10-04,2358,20000,,
2011692,33,2026-10-05,2358,20000,,
2011692,33,2026-10-06,2361,20000,,
2011692,33,2026-10-07,2361,20000,,
2011692,33,2026-10-08,2361,20000,,
2011692,33,2026-10-09,2361,20000,,
2011692,33,2026-10-10,2358,20000,,
2011692,33,2026-10-11,2358,20000,,
2011692,33,2026-10-12,2358,20000,,
2011692,33,2026-10-13,2358,20000,,
2011692,33,2026-10-14,2358,20000,,
2011692,33,2026-10-15,2358,20000,,
2011692,34,2026-09-23,2358,20000,,
2011692,34,2026-09-24,2361,20000,,
2011692,34,2026-09-25,2358,20000,,
2011692,34,2026-09-26,2358,20000,,
2011692,34,2026-10-02,2358,20000,,
2011692,34,2026-10-04,2358,20000,,
2011692,34,2026-10-05,2358,20000,,
2011692,34,2026-10-06,2361,20000,,
2011692,34,2026-10-07,2361,20000,,
2011692,34,2026-10-08,2361,20000,,
2011692,34,2026-10-09,2361,20000,,
2011692,34,2026-10-10,2358,20000,,
2011692,34,2026-10-11,2358,20000,,
2011692,34,2026-10-12,2358,20000,,
2011692,34,2026-10-13,2358,20000,,
2011692,34,2026-10-14,2358,20000,,
2011692,34,2026-10-15,2358,20000,,
2011692,35,2026-09-23,2772,20000,,
2011692,35,2026-09-24,2775,20000,,
2011692,35,2026-09-25,2772,20000,,
2011692,35,2026-09-26,2772,20000,,
2011692,35,2026-10-02,2772,20000,,
2011692,35,2026-10-04,2772,20000,,
2011692,35,2026-10-05,2772,20000,,
2011692,35,2026-10-06,2775,20000,,
2011692,35,2026-10-07,2775,20000,,
2011692,35,2026-10-08,2775,20000,,
2011692,35,2026-10-09,2775,20000,,
2011692,35,2026-10-10,2772,20000,,
2011692,35,2026-10-11,2772,20000,,
2011692,35,2026-10-12,2772,20000,,
2011692,35,2026-10-13,2772,20000,,
2011692,35,2026-10-14,2772,20000,,
2011692,35,2026-10-15,2772,20000,,
2011692,36,2026-09-23,2772,20000,,
2011692,36,2026-09-24,2775,20000,,
2011692,36,2026-09-25,2772,20000,,
2011692,36,2026-09-26,2772,20000,,
2011692,36,2026-10-02,2772,20000,,
2011692,36,2026-10-04,2772,20000,,
2011692,36,2026-10-05,2772,20000,,
2011692,36,2026-10-06,2775,20000,,
2011692,36,2026-10-07,2775,20000,,
2011692,36,2026-10-08,2775,20000,,
2011692,36,2026-10-09,2775,20000,,
2011692,36,2026-10-10,2772,20000,,
2011692,36,2026-10-11,2772,20000,,
2011692,36,2026-10-12,2772,20000,,
2011692,36,2026-10-13,2772,20000,,
2011692,36,2026-10-14,2772,20000,,
2011692,36,2026-10-15,2772,20000,,
2011692,39,2026-09-23,2048,20000,,
2011692,39,2026-09-24,2051,20000,,
2011692,39,2026-09-25,2048,20000,,
2011692,39,2026-09-26,2048,20000,,
2011692,39,2026-10-02,2048,20000,,
2011692,39,2026-10-04,2048,20000,,
2011692,39,2026-10-05,2048,20000,,
2011692,39,2026-10-06,2051,20000,,
2011692,39,2026-10-07,2051,20000,,
2011692,39,2026-10-08,2051,20000,,
2011692,39,2026-10-09,2051,20000,,
2011692,39,2026-10-10,2048,20000,,
2011692,39,2026-10-11,2048,20000,,
2011692,39,2026-10-12,2048,20000,,
2011692,39,2026-10-13,2048,20000,,
2011692,39,2026-10-14,2048,20000,,
2011692,39,2026-10-15,2048,20000,,
2011692,40,2026-09-23,2186,20000,,
2011692,40,2026-09-24,2189,20000,,
2011692,40,2026-09-25,2186,20000,,
2011692,40,2026-09-26,2186,20000,,
2011692,40,2026-10-02,2186,20000,,
2011692,40,2026-10-04,2186,20000,,
2011692,40,2026-10-05,2186,20000,,
2011692,40,2026-10-06,2189,20000,,
2011692,40,2026-10-07,2189,20000,,
2011692,40,2026-10-08,2189,20000,,
2011692,40,2026-10-09,2189,20000,,
2011692,40,2026-10-10,2186,20000,,
2011692,40,2026-10-11,2186,20000,,
2011692,40,2026-10-12,2186,20000,,
2011692,40,2026-10-13,2186,20000,,
2011692,40,2026-10-14,2186,20000,,
2011692,40,2026-10-15,2186,20000,,
2011692,57,2026-09-23,2220,20000,,
2011692,57,2026-09-24,2223,20000,,
2011692,57,2026-09-25,2220,20000,,
2011692,57,2026-09-26,2220,20000,,
2011692,57,2026-10-02,2220,20000,,
2011692,57,2026-10-04,2220,20000,,
2011692,57,2026-10-05,2220,20000,,
2011692,57,2026-10-06,2223,20000,,
2011692,57,2026-10-07,2223,20000,,
2011692,57,2026-10-08,2223,20000,,
2011692,57,2026-10-09,2223,20000,,
2011692,57,2026-10-10,2220,20000,,
2011692,57,2026-10-11,2220,20000,,
2011692,57,2026-10-12,2220,20000,,
2011692,57,2026-10-13,2220,20000,,
2011692,57,2026-10-14,2220,20000,,
2011692,57,2026-10-15,2220,20000,,
2011692,83,2026-09-23,2048,20000,,
2011692,83,2026-09-24,2051,20000,,
2011692,83,2026-09-25,2048,20000,,
2011692,83,2026-09-26,2048,20000,,
2011692,83,2026-10-02,2048,20000,,
2011692,83,2026-10-04,2048,20000,,
2011692,83,2026-10-05,2048,20000,,
2011692,83,2026-10-06,2051,20000,,
2011692,83,2026-10-07,2051,20000,,
2011692,83,2026-10-08,2051,20000,,
2011692,83,2026-10-09,2051,20000,,
2011692,83,2026-10-10,2048,20000,,
2011692,83,2026-10-11,2048,20000,,
2011692,83,2026-10-12,2048,20000,,
2011692,83,2026-10-13,2048,20000,,
2011692,83,2026-10-14,2048,20000,,
2011692,83,2026-10-15,2048,20000,,
2011740,15,2026-09-15,1333,23600,,
2011740,15,2026-09-16,1333,23600,,
2011740,15,2026-09-17,1333,23600,,
2011740,15,2026-09-18,1333,23600,,
2011740,15,2026-09-19,1333,23600,,
2012154,19,2026-09-16,1775,23600,,
2012154,19,2026-09-18,1770,23600,,
2012154,19,2026-09-19,1776,23600,,
2012154,20,2026-09-16,1775,23600,,
2012154,20,2026-09-18,1770,23600,,
2012154,20,2026-09-19,1776,23600,,
2012154,21,2026-09-15,2033,23600,,
2012154,21,2026-09-16,2051,23600,,
2012154,21,2026-09-17,2060,23600,,
2012154,21,2026-09-18,2046,23600,,
2012154,21,2026-09-19,2052,23600,,
2012154,21,2026-09-20,2033,23600,,
2012154,21,2026-09-21,2033,23600,,
2012154,21,2026-09-22,2033,23600,,
2012154,21,2026-09-23,2033,23600,,
2012154,21,2026-09-24,2033,23600,,
2012154,21,2026-09-25,2033,23600,,
2012154,21,2026-09-26,2033,23600,,
2012154,21,2026-09-27,2033,23600,,
2012154,21,2026-09-28,2033,23600,,
2012154,21,2026-09-29,2033,23600,,
2012154,21,2026-09-30,2033,23600,,
2012154,21,2026-10-02,2033,23600,,
2012154,21,2026-10-04,2033,23600,,
2012154,21,2026-10-05,2033,23600,,
2012154,21,2026-10-06,2033,23600,,
2012154,21,2026-10-07,2033,23600,,
2012154,21,2026-10-08,2033,23600,,
2012154,21,2026-10-09,2033,23600,,
2012154,21,2026-10-10,2033,23600,,
2012154,21,2026-10-11,2033,23600,,
2012154,21,2026-10-12,2033,23600,,
2012154,21,2026-10-13,2033,23600,,
2012154,21,2026-10-14,2033,23600,,
2012154,21,2026-10-15,2033,23600,,
2012154,21,2026-10-17,2033,23600,,
2012154,21,2026-10-18,2033,23600,,
2012154,21,2026-10-19,2033,23600,,
2012154,21,2026-10-20,2033,23600,,
2012154,21,2026-10-21,2033,23600,,
2012154,21,2026-10-22,2033,23600,,
2012154,21,2026-10-23,2033,23600,,
2012154,21,2026-10-24,2033,23600,,
2012154,21,2026-10-26,2033,23600,,
2012154,21,2026-10-27,2033,23600,,
2012154,21,2026-10-28,2033,23600,,
2012154,21,2026-10-29,2033,23600,,
2012154,21,2026-10-30,2033,23600,,
2012154,21,2026-10-31,2033,23600,,
2012154,21,2026-11-01,2033,23600,,
2012154,21,2026-11-02,2033,23600,,
2012154,21,2026-11-03,2033,23600,,
2012154,21,2026-11-04,2033,23600,,
2012154,21,2026-11-05,2033,23600,,
2012154,21,2026-11-06,2033,23600,,
2012154,21,2026-11-07,2033,23600,,
2012154,21,2026-11-08,2033,23600,,
2012154,21,2026-11-09,2033,23600,,
2012154,21,2026-11-10,2033,23600,,
2012154,21,2026-11-11,2033,23600,,
2012154,21,2026-11-12,2033,23600,,
2012154,21,2026-11-13,2033,23600,,
2012154,21,2026-11-14,2033,23600,,
2012154,21,2026-11-15,2033,23600,,
2012154,21,2026-11-16,2033,23600,,
2012154,21,2026-11-17,2033,23600,,
2012154,21,2026-11-18,2033,23600,,
2012154,21,2026-11-19,2033,23600,,
2012154,21,2026-11-22,2033,23600,,
2012154,21,2026-11-23,2033,23600,,
2012154,21,2026-12-01,2033,23600,,
2012154,21,2026-12-07,2033,23600,,
2012154,21,2026-12-08,2033,23600,,
2012154,21,2026-12-09,2033,23600,,
2012154,21,2026-12-10,2033,23600,,
2012154,21,2026-12-13,2033,23600,,
2012154,21,2026-12-14,2033,23600,,
2012154,21,2027-09-15,2033,23600,,
2012154,22,2026-09-15,2033,23600,,
2012154,22,2026-09-16,2051,23600,,
2012154,22,2026-09-17,2060,23600,,
2012154,22,2026-09-18,2046,23600,,
2012154,22,2026-09-19,2052,23600,,
2012154,22,2026-09-20,2033,23600,,
2012154,22,2026-09-21,2033,23600,,
2012154,22,2026-09-22,2033,23600,,
2012154,22,2026-09-23,2033,23600,,
2012154,22,2026-09-24,2033,23600,,
2012154,22,2026-09-25,2033,23600,,
2012154,22,2026-09-26,2033,23600,,
2012154,22,2026-09-27,2033,23600,,
2012154,22,2026-09-28,2033,23600,,
2012154,22,2026-09-29,2033,23600,,
2012154,22,2026-09-30,2033,23600,,
2012154,22,2026-10-02,2033,23600,,
2012154,22,2026-10-04,2033,23600,,
2012154,22,2026-10-05,2033,23600,,
2012154,22,2026-10-06,2033,23600,,
2012154,22,2026-10-07,2033,23600,,
2012154,22,2026-10-08,2033,23600,,
2012154,22,2026-10-09,2033,23600,,
2012154,22,2026-10-10,2033,23600,,
2012154,22,2026-10-11,2033,23600,,
2012154,22,2026-10-12,2033,23600,,
2012154,22,2026-10-13,2033,23600,,
2012154,22,2026-10-14,2033,23600,,
2012154,22,2026-10-15,2033,23600,,
2012154,22,2026-10-17,2033,23600,,
2012154,22,2026-10-18,2033,23600,,
2012154,22,2026-10-19,2033,23600,,
2012154,22,2026-10-20,2033,23600,,
2012154,22,2026-10-21,2033,23600,,
2012154,22,2026-10-22,2033,23600,,
2012154,22,2026-10-23,2033,23600,,
2012154,22,2026-10-24,2033,23600,,
2012154,22,2026-10-26,2033,23600,,
2012154,22,2026-10-27,2033,23600,,
2012154,22,2026-10-28,2033,23600,,
2012154,22,2026-10-29,2033,23600,,
2012154,22,2026-10-30,2033,23600,,
2012154,22,2026-10-31,2033,23600,,
2012154,22,2026-11-01,2033,23600,,
2012154,22,2026-11-02,2033,23600,,
2012154,22,2026-11-03,2033,23600,,
2012154,22,2026-11-04,2033,23600,,
2012154,22,2026-11-05,2033,23600,,
2012154,22,2026-11-06,2033,23600,,
2012154,22,2026-11-07,2033,23600,,
2012154,22,2026-11-08,2033,23600,,
2012154,22,2026-11-09,2033,23600,,
2012154,22,2026-11-10,2033,23600,,
2012154,22,2026-11-11,2033,23600,,
2012154,22,2026-11-12,2033,23600,,
2012154,22,2026-11-13,2033,23600,,
2012154,22,2026-11-14,2033,23600,,
2012154,22,2026-11-15,2033,23600,,
2012154,22,2026-11-16,2033,23600,,
2012154,22,2026-11-17,2033,23600,,
2012154,22,2026-11-18,2033,23600,,
2012154,22,2026-11-19,2033,23600,,
2012154,22,2026-11-22,2033,23600,,
2012154,22,2026-11-23,2033,23600,,
2012154,22,2026-12-01,2033,23600,,
2012154,22,2026-12-07,2033,23600,,
2012154,22,2026-12-08,2033,23600,,
2012154,22,2026-12-09,2033,23600,,
2012154,22,2026-12-10,2033,23600,,
2012154,22,2026-12-13,2033,23600,,
2012154,22,2026-12-14,2033,23600,,
2012154,22,2027-09-15,2033,23600,,
2012154,39,2026-09-15,2033,23600,,
2012154,39,2026-09-16,2051,23600,,
2012154,39,2026-09-17,2060,23600,,
2012154,39,2026-09-18,2046,23600,,
2012154,39,2026-09-19,2052,23600,,
2012154,39,2026-09-20,2033,23600,,
2012154,39,2026-09-21,2033,23600,,
2012154,39,2026-09-22,2033,23600,,
2012154,39,2026-09-23,2033,23600,,
2012154,39,2026-09-24,2033,23600,,
2012154,39,2026-09-25,2033,23600,,
2012154,39,2026-09-26,2033,23600,,
2012154,39,2026-09-27,2033,23600,,
2012154,39,2026-09-28,2033,23600,,
2012154,39,2026-09-29,2033,23600,,
2012154,39,2026-09-30,2033,23600,,
2012154,39,2026-10-02,2033,23600,,
2012154,39,2026-10-04,2033,23600,,
2012154,39,2026-10-05,2033,23600,,
2012154,39,2026-10-06,2033,23600,,
2012154,39,2026-10-07,2033,23600,,
2012154,39,2026-10-08,2033,23600,,
2012154,39,2026-10-09,2033,23600,,
2012154,39,2026-10-10,2033,23600,,
2012154,39,2026-10-11,2033,23600,,
2012154,39,2026-10-12,2033,23600,,
2012154,39,2026-10-13,2033,23600,,
2012154,39,2026-10-14,2033,23600,,
2012154,39,2026-10-15,2033,23600,,
2012154,39,2026-10-17,2033,23600,,
2012154,39,2026-10-18,2033,23600,,
2012154,39,2026-10-19,2033,23600,,
2012154,39,2026-10-20,2033,23600,,
2012154,39,2026-10-21,2033,23600,,
2012154,39,2026-10-22,2033,23600,,
2012154,39,2026-10-23,2033,23600,,
2012154,39,2026-10-24,2033,23600,,
2012154,39,2026-10-26,2033,23600,,
2012154,39,2026-10-27,2033,23600,,
2012154,39,2026-10-28,2033,23600,,
2012154,39,2026-10-29,2033,23600,,
2012154,39,2026-10-30,2033,23600,,
2012154,39,2026-10-31,2033,23600,,
2012154,39,2026-11-01,2033,23600,,
2012154,39,2026-11-02,2033,23600,,
2012154,39,2026-11-03,2033,23600,,
2012154,39,2026-11-04,2033,23600,,
2012154,39,2026-11-05,2033,23600,,
2012154,39,2026-11-06,2033,23600,,
2012154,39,2026-11-07,2033,23600,,
2012154,39,2026-11-08,2033,23600,,
2012154,39,2026-11-09,2033,23600,,
2012154,39,2026-11-10,2033,23600,,
2012154,39,2026-11-11,2033,23600,,
2012154,39,2026-11-12,2033,23600,,
2012154,39,2026-11-13,2033,23600,,
2012154,39,2026-11-14,2033,23600,,
2012154,39,2026-11-15,2033,23600,,
2012154,39,2026-11-16,2033,23600,,
2012154,39,2026-11-17,2033,23600,,
2012154,39,2026-11-18,2033,23600,,
2012154,39,2026-11-19,2033,23600,,
2012154,39,2026-11-22,2033,23600,,
2012154,39,2026-11-23,2033,23600,,
2012154,39,2026-12-01,2033,23600,,
2012154,39,2026-12-07,2033,23600,,
2012154,39,2026-12-08,2033,23600,,
2012154,39,2026-12-09,2033,23600,,
2012154,39,2026-12-10,2033,23600,,
2012154,39,2026-12-13,2033,23600,,
2012154,39,2026-12-14,2033,23600,,
2012154,39,2027-09-15,2033,23600,,
2012154,83,2026-09-15,2033,23600,,
2012154,83,2026-09-16,2051,23600,,
2012154,83,2026-09-17,2060,23600,,
2012154,83,2026-09-18,2046,23600,,
2012154,83,2026-09-19,2052,23600,,
2012154,83,2026-09-20,2033,23600,,
2012154,83,2026-09-21,2033,23600,,
2012154,83,2026-09-22,2033,23600,,
2012154,83,2026-09-23,2033,23600,,
2012154,83,2026-09-24,2033,23600,,
2012154,83,2026-09-25,2033,23600,,
2012154,83,2026-09-26,2033,23600,,
2012154,83,2026-09-27,2033,23600,,
2012154,83,2026-09-28,2033,23600,,
2012154,83,2026-09-29,2033,23600,,
2012154,83,2026-09-30,2033,23600,,
2012154,83,2026-10-02,2033,23600,,
2012154,83,2026-10-04,2033,23600,,
2012154,83,2026-10-05,2033,23600,,
2012154,83,2026-10-06,2033,23600,,
2012154,83,2026-10-07,2033,23600,,
2012154,83,2026-10-08,2033,23600,,
2012154,83,2026-10-09,2033,23600,,
2012154,83,2026-10-10,2033,23600,,
2012154,83,2026-10-11,2033,23600,,
2012154,83,2026-10-12,2033,23600,,
2012154,83,2026-10-13,2033,23600,,
2012154,83,2026-10-14,2033,23600,,
2012154,83,2026-10-15,2033,23600,,
2012154,83,2026-10-17,2033,23600,,
2012154,83,2026-10-18,2033,23600,,
2012154,83,2026-10-19,2033,23600,,
2012154,83,2026-10-20,2033,23600,,
2012154,83,2026-10-21,2033,23600,,
2012154,83,2026-10-22,2033,23600,,
2012154,83,2026-10-23,2033,23600,,
2012154,83,2026-10-24,2033,23600,,
2012154,83,2026-10-26,2033,23600,,
2012154,83,2026-10-27,2033,23600,,
2012154,83,2026-10-28,2033,23600,,
2012154,83,2026-10-29,2033,23600,,
2012154,83,2026-10-30,2033,23600,,
2012154,83,2026-10-31,2033,23600,,
2012154,83,2026-11-01,2033,23600,,
2012154,83,2026-11-02,2033,23600,,
2012154,83,2026-11-03,2033,23600,,
2012154,83,2026-11-04,2033,23600,,
2012154,83,2026-11-05,2033,23600,,
2012154,83,2026-11-06,2033,23600,,
2012154,83,2026-11-07,2033,23600,,
2012154,83,2026-11-08,2033,23600,,
2012154,83,2026-11-09,2033,23600,,
2012154,83,2026-11-10,2033,23600,,
2012154,83,2026-11-11,2033,23600,,
2012154,83,2026-11-12,2033,23600,,
2012154,83,2026-11-13,2033,23600,,
2012154,83,2026-11-14,2033,23600,,
2012154,83,2026-11-15,2033,23600,,
2012154,83,2026-11-16,2033,23600,,
2012154,83,2026-11-17,2033,23600,,
2012154,83,2026-11-18,2033,23600,,
2012154,83,2026-11-19,2033,23600,,
2012154,83,2026-11-22,2033,23600,,
2012154,83,2026-11-23,2033,23600,,
2012154,83,2026-12-01,2033,23600,,
2012154,83,2026-12-07,2033,23600,,
2012154,83,2026-12-08,2033,23600,,
2012154,83,2026-12-09,2033,23600,,
2012154,83,2026-12-10,2033,23600,,
2012154,83,2026-12-13,2033,23600,,
2012154,83,2026-12-14,2033,23600,,
2012154,83,2027-09-15,2033,23600,,
2013117,32,2026-09-21,2836,23600,,
2013117,33,2026-09-21,2836,23600,,
2013117,34,2026-09-21,2836,23600,,
2013117,35,2026-09-21,3319,23600,,
2013117,36,2026-09-21,3319,23600,,
2013172,17,2026-09-15,2129,23600,,
2013172,18,2026-09-15,2129,23600,,
2013172,19,2026-09-15,2474,23600,,
2013172,20,2026-09-15,2474,23600,,
2013172,21,2026-09-15,2474,23600,,
2013172,22,2026-09-15,2474,23600,,
2013172,23,2026-09-15,2819,23600,,
2013172,24,2026-09-15,2819,23600,,
2013172,27,2026-09-15,3509,23600,,
2013172,28,2026-09-15,3509,23600,,
2013172,29,2026-09-15,2819,23600,,
2013172,30,2026-09-15,2819,23600,,
2013172,31,2026-09-15,2819,23600,,
2013172,32,2026-09-15,3164,23600,,
2013172,33,2026-09-15,3164,23600,,
2013172,34,2026-09-15,3164,23600,,
2013172,35,2026-09-15,3854,23600,,
2013172,36,2026-09-15,3854,23600,,
2013172,37,2026-09-15,3854,23600,,
2013172,39,2026-09-15,2474,23600,,
2013172,40,2026-09-15,2819,23600,,
2013172,50,2026-09-15,2129,23600,,
2013172,51,2026-09-15,2474,23600,,
2013172,57,2026-09-15,2819,23600,,
2013172,58,2026-09-15,3164,23600,,
2013172,83,2026-09-15,2474,23600,,
2013172,87,2026-09-15,2129,23600,,
2013172,89,2026-09-15,2819,23600,,
2013518,17,2026-09-22,1141,23600,,
2013518,17,2026-09-23,1141,23600,,
2013518,17,2026-09-24,1141,23600,,
2013518,17,2026-10-09,1154,23600,,
2013518,17,2026-11-01,1141,23600,,
2013518,17,2026-11-02,1141,23600,,
2013518,17,2026-11-03,1141,23600,,
2013518,17,2026-11-04,1141,23600,,
2013518,17,2026-11-05,1141,23600,,
2013518,17,2026-11-12,1141,23600,,
2013518,17,2026-11-18,1141,23600,,
2013518,17,2026-11-19,1141,23600,,
2013518,17,2026-11-22,1141,23600,,
2013518,17,2026-11-23,1141,23600,,
2013518,18,2026-09-22,1141,23600,,
2013518,18,2026-09-23,1141,23600,,
2013518,18,2026-09-24,1141,23600,,
2013518,18,2026-10-09,1154,23600,,
2013518,18,2026-11-01,1141,23600,,
2013518,18,2026-11-02,1141,23600,,
2013518,18,2026-11-03,1141,23600,,
2013518,18,2026-11-04,1141,23600,,
2013518,18,2026-11-05,1141,23600,,
2013518,18,2026-11-12,1141,23600,,
2013518,18,2026-11-18,1141,23600,,
2013518,18,2026-11-19,1141,23600,,
2013518,18,2026-11-22,1141,23600,,
2013518,18,2026-11-23,1141,23600,,
2013518,19,2026-09-22,1210,23600,,
2013518,19,2026-09-23,1210,23600,,
2013518,19,2026-09-24,1210,23600,,
2013518,19,2026-10-09,1223,23600,,
2013518,19,2026-11-01,1210,23600,,
2013518,19,2026-11-02,1210,23600,,
2013518,19,2026-11-03,1210,23600,,
2013518,19,2026-11-04,1210,23600,,
2013518,19,2026-11-05,1210,23600,,
2013518,19,2026-11-12,1210,23600,,
2013518,19,2026-11-18,1210,23600,,
2013518,19,2026-11-19,1210,23600,,
2013518,19,2026-11-22,1210,23600,,
2013518,19,2026-11-23,1210,23600,,
2013518,20,2026-09-22,1210,23600,,
2013518,20,2026-09-23,1210,23600,,
2013518,20,2026-09-24,1210,23600,,
2013518,20,2026-10-09,1223,23600,,
2013518,20,2026-11-01,1210,23600,,
2013518,20,2026-11-02,1210,23600,,
2013518,20,2026-11-03,1210,23600,,
2013518,20,2026-11-04,1210,23600,,
2013518,20,2026-11-05,1210,23600,,
2013518,20,2026-11-12,1210,23600,,
2013518,20,2026-11-18,1210,23600,,
2013518,20,2026-11-19,1210,23600,,
2013518,20,2026-11-22,1210,23600,,
2013518,20,2026-11-23,1210,23600,,
2013518,21,2026-09-22,1279,23600,,
2013518,21,2026-09-23,1279,23600,,
2013518,21,2026-09-24,1279,23600,,
2013518,21,2026-10-09,1292,23600,,
2013518,22,2026-09-22,1279,23600,,
2013518,22,2026-09-23,1279,23600,,
2013518,22,2026-09-24,1279,23600,,
2013518,22,2026-10-09,1292,23600,,
2013518,23,2026-10-09,1361,23600,,
2013518,23,2026-10-30,1348,23600,,
2013518,23,2026-10-31,1348,23600,,
2013518,24,2026-10-09,1361,23600,,
2013518,24,2026-10-30,1348,23600,,
2013518,24,2026-10-31,1348,23600,,
2013518,27,2026-12-01,1693,23600,,
2013518,27,2026-12-07,1693,23600,,
2013518,27,2026-12-08,1693,23600,,
2013518,27,2026-12-09,1693,23600,,
2013518,27,2026-12-10,1693,23600,,
2013518,27,2026-12-13,1693,23600,,
2013518,27,2026-12-14,1693,23600,,
2013518,28,2026-12-01,1693,23600,,
2013518,28,2026-12-07,1693,23600,,
2013518,28,2026-12-08,1693,23600,,
2013518,28,2026-12-09,1693,23600,,
2013518,28,2026-12-10,1693,23600,,
2013518,28,2026-12-13,1693,23600,,
2013518,28,2026-12-14,1693,23600,,
2013518,39,2026-09-22,1279,23600,,
2013518,39,2026-09-23,1279,23600,,
2013518,39,2026-09-24,1279,23600,,
2013518,39,2026-10-09,1292,23600,,
2013518,40,2026-10-09,1361,23600,,
2013518,40,2026-10-30,1348,23600,,
2013518,40,2026-10-31,1348,23600,,
2013518,50,2026-09-22,1141,23600,,
2013518,50,2026-09-23,1141,23600,,
2013518,50,2026-09-24,1141,23600,,
2013518,50,2026-10-09,1154,23600,,
2013518,50,2026-11-01,1141,23600,,
2013518,50,2026-11-02,1141,23600,,
2013518,50,2026-11-03,1141,23600,,
2013518,50,2026-11-04,1141,23600,,
2013518,50,2026-11-05,1141,23600,,
2013518,50,2026-11-12,1141,23600,,
2013518,50,2026-11-18,1141,23600,,
2013518,50,2026-11-19,1141,23600,,
2013518,50,2026-11-22,1141,23600,,
2013518,50,2026-11-23,1141,23600,,
2013518,83,2026-09-22,1279,23600,,
2013518,83,2026-09-23,1279,23600,,
2013518,83,2026-09-24,1279,23600,,
2013518,83,2026-10-09,1292,23600,,
2013598,35,2026-09-23,3674,23600,,
2013598,35,2026-09-24,3674,23600,,
2013598,35,2026-09-25,3674,23600,,
2013598,35,2026-09-26,3674,23600,,
2013598,35,2026-09-27,3674,23600,,
2013598,35,2026-09-28,3674,23600,,
2013598,35,2026-09-29,3674,23600,,
2013598,35,2026-09-30,3674,23600,,
2013598,35,2026-10-02,3674,23600,,
2013598,35,2026-10-04,3674,23600,,
2013598,35,2026-10-05,3674,23600,,
2013598,35,2026-10-06,3674,23600,,
2013598,35,2026-10-07,3674,23600,,
2013598,35,2026-10-08,3674,23600,,
2013598,35,2026-10-09,3674,23600,,
2013598,35,2026-10-10,3674,23600,,
2013598,35,2026-10-11,3674,23600,,
2013598,35,2026-10-12,3674,23600,,
2013598,35,2026-10-13,3674,23600,,
2013598,35,2026-10-14,3674,23600,,
2013598,35,2026-10-15,3674,23600,,
2013598,35,2026-10-17,3674,23600,,
2013598,35,2026-10-18,3674,23600,,
2013598,35,2026-10-19,3674,23600,,
2013598,35,2026-10-20,3674,23600,,
2013598,35,2026-10-21,3674,23600,,
2013598,35,2026-10-22,3674,23600,,
2013598,35,2026-10-23,3674,23600,,
2013598,35,2026-10-24,3674,23600,,
2013598,35,2026-10-26,3674,23600,,
2013598,35,2026-10-27,3674,23600,,
2013598,35,2026-10-28,3674,23600,,
2013598,35,2026-10-29,3674,23600,,
2013598,35,2026-10-30,3674,23600,,
2013598,35,2026-10-31,3674,23600,,
2013598,35,2026-11-01,3674,23600,,
2013598,35,2026-11-02,3674,23600,,
2013598,35,2026-11-03,3674,23600,,
2013598,35,2026-11-04,3674,23600,,
2013598,35,2026-11-05,3674,23600,,
2013598,35,2026-11-06,3674,23600,,
2013598,35,2026-11-07,3674,23600,,
2013598,35,2026-11-08,3674,23600,,
2013598,35,2026-11-09,3674,23600,,
2013598,35,2026-11-10,3674,23600,,
2013598,35,2026-11-11,3674,23600,,
2013598,35,2026-11-12,3674,23600,,
2013598,35,2026-11-13,3674,23600,,
2013598,35,2026-11-14,3674,23600,,
2013598,35,2026-11-15,3674,23600,,
2013598,35,2026-11-16,3674,23600,,
2013598,35,2026-11-17,3674,23600,,
2013598,35,2026-11-18,3674,23600,,
2013598,35,2026-11-19,3674,23600,,
2013598,35,2026-11-22,3674,23600,,
2013598,35,2026-11-23,3674,23600,,
2013598,35,2026-12-01,3674,23600,,
2013598,35,2026-12-07,3674,23600,,
2013598,35,2026-12-08,3674,23600,,
2013598,35,2026-12-09,3674,23600,,
2013598,35,2026-12-10,3674,23600,,
2013598,35,2026-12-13,3674,23600,,
2013598,35,2026-12-14,3674,23600,,
2013598,35,2027-08-21,3674,23600,,
2013598,35,2027-08-22,3674,23600,,
2013598,35,2027-08-27,3674,23600,,
2013598,35,2027-08-28,3674,23600,,
2013598,35,2027-08-29,3674,23600,,
2013598,35,2027-08-30,3674,23600,,
2013598,35,2027-08-31,3674,23600,,
2013598,35,2027-09-15,3674,23600,,
2013598,36,2026-09-23,3674,23600,,
2013598,36,2026-09-24,3674,23600,,
2013598,36,2026-09-25,3674,23600,,
2013598,36,2026-09-26,3674,23600,,
2013598,36,2026-09-27,3674,23600,,
2013598,36,2026-09-28,3674,23600,,
2013598,36,2026-09-29,3674,23600,,
2013598,36,2026-09-30,3674,23600,,
2013598,36,2026-10-02,3674,23600,,
2013598,36,2026-10-04,3674,23600,,
2013598,36,2026-10-05,3674,23600,,
2013598,36,2026-10-06,3674,23600,,
2013598,36,2026-10-07,3674,23600,,
2013598,36,2026-10-08,3674,23600,,
2013598,36,2026-10-09,3674,23600,,
2013598,36,2026-10-10,3674,23600,,
2013598,36,2026-10-11,3674,23600,,
2013598,36,2026-10-12,3674,23600,,
2013598,36,2026-10-13,3674,23600,,
2013598,36,2026-10-14,3674,23600,,
2013598,36,2026-10-15,3674,23600,,
2013598,36,2026-10-17,3674,23600,,
2013598,36,2026-10-18,3674,23600,,
2013598,36,2026-10-19,3674,23600,,
2013598,36,2026-10-20,3674,23600,,
2013598,36,2026-10-21,3674,23600,,
2013598,36,2026-10-22,3674,23600,,
2013598,36,2026-10-23,3674,23600,,
2013598,36,2026-10-24,3674,23600,,
2013598,36,2026-10-26,3674,23600,,
2013598,36,2026-10-27,3674,23600,,
2013598,36,2026-10-28,3674,23600,,
2013598,36,2026-10-29,3674,23600,,
2013598,36,2026-10-30,3674,23600,,
2013598,36,2026-10-31,3674,23600,,
2013598,36,2026-11-01,3674,23600,,
2013598,36,2026-11-02,3674,23600,,
2013598,36,2026-11-03,3674,23600,,
2013598,36,2026-11-04,3674,23600,,
2013598,36,2026-11-05,3674,23600,,
2013598,36,2026-11-06,3674,23600,,
2013598,36,2026-11-07,3674,23600,,
2013598,36,2026-11-08,3674,23600,,
2013598,36,2026-11-09,3674,23600,,
2013598,36,2026-11-10,3674,23600,,
2013598,36,2026-11-11,3674,23600,,
2013598,36,2026-11-12,3674,23600,,
2013598,36,2026-11-13,3674,23600,,
2013598,36,2026-11-14,3674,23600,,
2013598,36,2026-11-15,3674,23600,,
2013598,36,2026-11-16,3674,23600,,
2013598,36,2026-11-17,3674,23600,,
2013598,36,2026-11-18,3674,23600,,
2013598,36,2026-11-19,3674,23600,,
2013598,36,2026-11-22,3674,23600,,
2013598,36,2026-11-23,3674,23600,,
2013598,36,2026-12-01,3674,23600,,
2013598,36,2026-12-07,3674,23600,,
2013598,36,2026-12-08,3674,23600,,
2013598,36,2026-12-09,3674,23600,,
2013598,36,2026-12-10,3674,23600,,
2013598,36,2026-12-13,3674,23600,,
2013598,36,2026-12-14,3674,23600,,
2013598,36,2027-08-21,3674,23600,,
2013598,36,2027-08-22,3674,23600,,
2013598,36,2027-08-27,3674,23600,,
2013598,36,2027-08-28,3674,23600,,
2013598,36,2027-08-29,3674,23600,,
2013598,36,2027-08-30,3674,23600,,
2013598,36,2027-08-31,3674,23600,,
2013598,36,2027-09-15,3674,23600,,
2013677,15,2026-12-02,1089,20000,,
2013677,15,2026-12-03,1089,20000,,
2013677,15,2026-12-06,1089,20000,,
2013677,17,2026-09-16,1158,20000,,
2013677,17,2026-09-17,1158,20000,,
2013677,17,2026-09-18,1158,20000,,
2013677,17,2026-09-19,1158,20000,,
2013677,17,2026-10-05,1158,20000,,
2013677,17,2026-10-26,1158,20000,,
2013677,18,2026-09-16,1158,20000,,
2013677,18,2026-09-17,1158,20000,,
2013677,18,2026-09-18,1158,20000,,
2013677,18,2026-09-19,1158,20000,,
2013677,18,2026-10-05,1158,20000,,
2013677,18,2026-10-26,1158,20000,,
2013677,19,2026-09-16,1227,20000,,
2013677,19,2026-09-17,1227,20000,,
2013677,19,2026-09-18,1227,20000,,
2013677,19,2026-09-19,1227,20000,,
2013677,19,2026-10-05,1227,20000,,
2013677,19,2026-10-26,1227,20000,,
2013677,19,2026-11-11,1227,20000,,
2013677,19,2026-11-17,1227,20000,,
2013677,19,2026-11-24,1227,20000,,
2013677,19,2026-11-25,1227,20000,,
2013677,20,2026-09-16,1227,20000,,
2013677,20,2026-09-17,1227,20000,,
2013677,20,2026-09-18,1227,20000,,
2013677,20,2026-09-19,1227,20000,,
2013677,20,2026-10-05,1227,20000,,
2013677,20,2026-10-26,1227,20000,,
2013677,20,2026-11-11,1227,20000,,
2013677,20,2026-11-17,1227,20000,,
2013677,20,2026-11-24,1227,20000,,
2013677,20,2026-11-25,1227,20000,,
2013677,50,2026-09-16,1158,20000,,
2013677,50,2026-09-17,1158,20000,,
2013677,50,2026-09-18,1158,20000,,
2013677,50,2026-09-19,1158,20000,,
2013677,50,2026-10-05,1158,20000,,
2013677,50,2026-10-26,1158,20000,,
2013841,25,2026-10-02,1444,23600,,
2013841,25,2026-10-06,1442,23600,,
2013841,25,2026-10-07,1440,23600,,
2013841,25,2026-10-08,1440,23600,,
2013841,25,2026-10-09,1440,23600,,
2013841,25,2026-10-10,1440,23600,,
2013841,25,2026-10-11,1440,23600,,
2013841,25,2026-10-12,1440,23600,,
2013841,25,2026-10-13,1440,23600,,
2013841,25,2026-10-14,1440,23600,,
2013841,25,2026-10-15,1440,23600,,
2013949,17,2026-09-19,1785,23600,,
2013949,18,2026-09-19,1785,23600,,
2013949,19,2026-09-19,1889,23600,,
2013949,20,2026-09-19,1889,23600,,
2014478,27,2026-09-15,2118,27848,,
2014478,27,2026-09-16,2118,27848,,
2014478,27,2026-09-17,2118,27848,,
2014478,27,2026-09-18,2118,27848,,
2014478,27,2026-09-19,2118,27848,,
2014478,27,2026-09-20,2118,27848,,
2014478,27,2026-09-21,2118,27848,,
2014478,28,2026-09-15,2118,27848,,
2014478,28,2026-09-16,2118,27848,,
2014478,28,2026-09-17,2118,27848,,
2014478,28,2026-09-18,2118,27848,,
2014478,28,2026-09-19,2118,27848,,
2014478,28,2026-09-20,2118,27848,,
2014478,28,2026-09-21,2118,27848,,
2014883,17,2026-09-20,1417,23600,,
2014883,18,2026-09-20,1417,23600,,
2014883,19,2026-09-20,1624,23600,,
2014883,20,2026-09-20,1624,23600,,
2014883,21,2026-09-20,1624,23600,,
2014883,22,2026-09-20,1624,23600,,
2014883,23,2026-09-20,1831,23600,,
2014883,24,2026-09-20,1831,23600,,
2014883,25,2026-09-20,1417,23600,,
2014883,26,2026-09-20,1417,23600,,
2014883,27,2026-09-20,2521,23600,,
2014883,27,2027-08-22,2507,23600,,
2014883,27,2027-08-27,2507,23600,,
2014883,28,2026-09-20,2521,23600,,
2014883,28,2027-08-22,2507,23600,,
2014883,28,2027-08-27,2507,23600,,
2014883,39,2026-09-20,1624,23600,,
2014883,40,2026-09-20,1831,23600,,
2014883,50,2026-09-20,1417,20000,,
2014883,83,2026-09-20,1624,23600,,
2014917,17,2026-09-21,1716,20000,,
2014917,17,2026-11-10,1732,20000,,
2014917,18,2026-09-21,1716,20000,,
2014917,18,2026-11-10,1732,20000,,
2014917,25,2026-09-18,2168,20000,,
2014917,25,2026-09-22,2173,20000,,
2014917,25,2027-08-21,2162,20000,,
2014917,25,2027-08-22,2162,20000,,
2014917,25,2027-08-27,2162,20000,,
2014917,25,2027-08-28,2162,20000,,
2014917,25,2027-08-29,2162,20000,,
2014917,25,2027-08-30,2162,20000,,
2014917,25,2027-08-31,2162,20000,,
2014917,25,2027-09-15,2162,20000,,
2014917,26,2026-09-18,2168,20000,,
2014917,26,2026-09-22,2173,20000,,
2014917,26,2027-08-21,2162,20000,,
2014917,26,2027-08-22,2162,20000,,
2014917,26,2027-08-27,2162,20000,,
2014917,26,2027-08-28,2162,20000,,
2014917,26,2027-08-29,2162,20000,,
2014917,26,2027-08-30,2162,20000,,
2014917,26,2027-08-31,2162,20000,,
2014917,26,2027-09-15,2162,20000,,
2015296,25,2026-10-03,1599,20000,,
2015296,26,2026-10-03,1599,20000,,
2015932,21,2026-09-21,1415,38776,,
2015932,22,2026-09-21,1415,38776,,
2015932,23,2026-09-21,1553,38776,,
2015932,24,2026-09-21,1553,38776,,
2015932,39,2026-09-21,1415,38776,,
2015932,40,2026-09-21,1553,38776,,
2015932,83,2026-09-21,1415,38776,,
2016749,25,2026-10-02,1837,23600,,
2016749,25,2026-10-04,1837,23600,,
2016749,25,2026-10-05,1837,23600,,
2016749,25,2026-10-06,1837,23600,,
2016749,25,2026-10-07,1837,23600,,
2016749,25,2026-10-08,1837,23600,,
2016749,25,2026-10-09,1837,23600,,
2016749,25,2026-10-10,1837,23600,,
2016749,25,2026-10-11,1837,23600,,
2016749,25,2026-10-12,1837,23600,,
2016749,25,2026-10-13,1837,23600,,
2016749,25,2026-10-14,1837,23600,,
2016749,25,2026-10-15,1837,23600,,
2016749,26,2026-10-02,1837,23600,,
2016749,26,2026-10-04,1837,23600,,
2016749,26,2026-10-05,1837,23600,,
2016749,26,2026-10-06,1837,23600,,
2016749,26,2026-10-07,1837,23600,,
2016749,26,2026-10-08,1837,23600,,
2016749,26,2026-10-09,1837,23600,,
2016749,26,2026-10-10,1837,23600,,
2016749,26,2026-10-11,1837,23600,,
2016749,26,2026-10-12,1837,23600,,
2016749,26,2026-10-13,1837,23600,,
2016749,26,2026-10-14,1837,23600,,
2016749,26,2026-10-15,1837,23600,,
2016833,27,2026-09-17,1954,23600,,
2016833,27,2026-09-18,1962,23600,,
2016833,28,2026-09-17,1954,23600,,
2016833,28,2026-09-18,1962,23600,,
2017563,17,2026-09-16,1437,23600,,
2017563,18,2026-09-16,1437,23600,,
2017563,19,2026-09-16,1506,23600,,
2017563,20,2026-09-16,1506,23600,,
2017563,50,2026-09-16,1437,23600,,
2018373,17,2026-09-19,2819,23600,,
2018373,17,2026-09-20,2819,23600,,
2018373,18,2026-09-19,2819,23600,,
2018373,18,2026-09-20,2819,23600,,
2018373,50,2026-09-19,2819,23600,,
2018373,50,2026-09-20,2819,23600,,
2018414,25,2026-09-19,2286,23600,,
2018414,25,2026-09-20,2286,23600,,
2018414,25,2026-09-21,2286,23600,,
2018414,25,2026-09-23,2840,23600,,
2018414,25,2026-09-24,2840,23600,,
2018414,25,2026-09-25,2840,23600,,
2018414,25,2026-09-26,2840,23600,,
2018414,25,2026-09-27,2840,23600,,
2018414,25,2026-09-28,2840,23600,,
2018414,25,2026-09-29,2840,23600,,
2018414,25,2026-09-30,2840,23600,,
2018414,26,2026-09-19,2286,23600,,
2018414,26,2026-09-20,2286,23600,,
2018414,26,2026-09-21,2286,23600,,
2018414,26,2026-09-23,2840,23600,,
2018414,26,2026-09-24,2840,23600,,
2018414,26,2026-09-25,2840,23600,,
2018414,26,2026-09-26,2840,23600,,
2018414,26,2026-09-27,2840,23600,,
2018414,26,2026-09-28,2840,23600,,
2018414,26,2026-09-29,2840,23600,,
2018414,26,2026-09-30,2840,23600,,
2018551,17,2026-09-15,1453,23600,,
2018551,17,2026-09-16,1456,23600,,
2018551,17,2026-09-17,1456,23600,,
2018551,17,2026-09-18,1456,23600,,
2018551,17,2026-09-20,1456,23600,,
2018551,18,2026-09-15,1453,23600,,
2018551,18,2026-09-16,1456,23600,,
2018551,18,2026-09-17,1456,23600,,
2018551,18,2026-09-18,1456,23600,,
2018551,18,2026-09-20,1456,23600,,
2018551,19,2026-09-15,1522,23600,,
2018551,20,2026-09-15,1522,23600,,
2018551,50,2026-09-15,1453,23600,,
2018551,50,2026-09-16,1456,23600,,
2018551,50,2026-09-17,1456,23600,,
2018551,50,2026-09-18,1456,23600,,
2018551,50,2026-09-20,1456,23600,,
2018783,25,2026-10-01,1884,23600,,
2018783,25,2026-10-16,1884,23600,,
2018783,26,2026-10-01,1884,23600,,
2018783,26,2026-10-16,1884,23600,,
2022899,23,2026-09-16,1444,23600,,
2022899,23,2026-09-17,1444,23600,,
2022899,23,2026-10-06,1850,23600,,
2022899,23,2026-10-07,1850,23600,,
2022899,23,2026-10-08,1850,23600,,
2022899,24,2026-09-16,1444,23600,,
2022899,24,2026-09-17,1444,23600,,
2022899,24,2026-10-06,1850,23600,,
2022899,24,2026-10-07,1850,23600,,
2022899,24,2026-10-08,1850,23600,,
2022899,27,2026-09-21,1839,23600,,
2022899,27,2026-10-31,2250,23600,,
2022899,28,2026-09-21,1839,23600,,
2022899,28,2026-10-31,2250,23600,,
2022899,40,2026-09-16,1444,23600,,
2022899,40,2026-09-17,1444,23600,,
2022899,40,2026-10-06,1850,23600,,
2022899,40,2026-10-07,1850,23600,,
2022899,40,2026-10-08,1850,23600,,
2022899,41,2026-09-21,1839,23600,,
2022899,41,2026-10-31,2250,23600,,
2022899,84,2026-09-16,1444,23600,,
2022899,84,2026-09-17,1444,23600,,
2022899,84,2026-10-06,1850,23600,,
2022899,84,2026-10-07,1850,23600,,
2022899,84,2026-10-08,1850,23600,,
2024299,17,2026-09-18,1714,23600,,
2024299,18,2026-09-18,1714,23600,,
2024299,19,2026-09-18,1714,23600,,
2024299,20,2026-09-18,1714,23600,,
2024299,25,2026-09-18,1714,23600,,
2024299,26,2026-09-18,1714,23600,,
2024299,29,2026-09-18,2473,23600,,
2024299,29,2026-09-18,2473,23600,,
2024299,30,2026-09-18,2473,23600,,
2024299,30,2026-09-18,2473,23600,,
2024299,31,2026-09-18,2473,23600,,
2024299,32,2026-09-18,2473,23600,,
2024299,32,2026-09-18,2473,23600,,
2024299,33,2026-09-18,2473,23600,,
2024299,33,2026-09-18,2473,23600,,
2024299,34,2026-09-18,2473,23600,,
2024299,35,2026-09-18,2818,23600,,
2024299,35,2026-09-18,2818,23600,,
2024299,36,2026-09-18,2818,23600,,
2024299,36,2026-09-18,2818,23600,,
2024299,37,2026-09-18,2818,23600,,
2024299,50,2026-09-18,1714,23600,,
2024299,57,2026-09-18,2473,23600,,
2024299,58,2026-09-18,2473,23600,,
2024299,89,2026-09-18,2473,23600,,
2024354,23,2026-09-17,2394,23600,,
2024354,23,2026-09-18,2394,23600,,
2024354,23,2026-09-19,2394,23600,,
2024354,24,2026-09-17,2394,23600,,
2024354,24,2026-09-18,2394,23600,,
2024354,24,2026-09-19,2394,23600,,
2024354,29,2026-09-17,2601,23600,,
2024354,29,2026-09-18,2601,23600,,
2024354,29,2026-09-19,2601,23600,,
2024354,30,2026-09-17,2601,23600,,
2024354,30,2026-09-18,2601,23600,,
2024354,30,2026-09-19,2601,23600,,
2024354,31,2026-09-17,2601,23600,,
2024354,31,2026-09-18,2601,23600,,
2024354,31,2026-09-19,2601,23600,,
2024354,32,2026-09-17,2739,23600,,
2024354,32,2026-09-18,2739,23600,,
2024354,32,2026-09-19,2739,23600,,
2024354,33,2026-09-17,2739,23600,,
2024354,33,2026-09-18,2739,23600,,
2024354,33,2026-09-19,2739,23600,,
2024354,34,2026-09-17,2739,23600,,
2024354,34,2026-09-18,2739,23600,,
2024354,34,2026-09-19,2739,23600,,
2024354,57,2026-09-17,2601,23600,,
2024354,57,2026-09-18,2601,23600,,
2024354,57,2026-09-19,2601,23600,,
2024578,24179,2026-09-19,2061,20000,,
2024578,29,2026-09-19,2061,20000,,
2024578,30,2026-09-19,2061,20000,,
2024578,31,2026-09-19,2061,20000,,
2024578,32,2026-09-19,2406,20000,,
2024578,32,2026-09-22,2401,20000,,
2024578,33,2026-09-19,2406,20000,,
2024578,33,2026-09-22,2401,20000,,
2024578,34,2026-09-19,2406,20000,,
2024578,34,2026-09-22,2401,20000,,
2024578,35,2026-09-19,2751,20000,,
2024578,35,2026-09-21,2741,20000,,
2024578,35,2026-09-22,2746,20000,,
2024578,36,2026-09-19,2751,20000,,
2024578,36,2026-09-21,2741,20000,,
2024578,36,2026-09-22,2746,20000,,
2024578,37,2026-09-19,2751,20000,,
2024578,37,2026-09-21,2741,20000,,
2024578,37,2026-09-22,2746,20000,,
2024578,42,2026-09-19,3096,20000,,
2024578,42,2026-09-20,3452,20000,,
2024578,42,2026-09-21,3086,20000,,
2024578,42,2026-09-22,3091,20000,,
2024578,43,2026-09-19,3096,20000,,
2024578,43,2026-09-20,3452,20000,,
2024578,43,2026-09-21,3086,20000,,
2024578,43,2026-09-22,3091,20000,,
2024578,44,2026-09-19,3096,20000,,
2024578,44,2026-09-20,3452,20000,,
2024578,44,2026-09-21,3086,20000,,
2024578,44,2026-09-22,3091,20000,,
2024578,57,2026-09-19,2061,20000,,
2024578,58,2026-09-19,2406,20000,,
2024578,58,2026-09-22,2401,20000,,
2024578,59,2026-09-19,2751,20000,,
2024578,59,2026-09-21,2741,20000,,
2024578,59,2026-09-22,2746,20000,,
2024578,89,2026-09-19,2061,20000,,
2024578,90,2026-09-19,2406,20000,,
2024578,90,2026-09-22,2401,20000,,
2025247,21,2026-09-24,1486,23600,,
2025247,22,2026-09-24,1486,23600,,
2025247,23,2026-09-24,1555,23600,,
2025247,24,2026-09-24,1555,23600,,
2025247,27,2027-08-21,2102,23600,,
2025247,27,2027-08-22,2102,23600,,
2025247,27,2027-08-27,2102,23600,,
2025247,27,2027-08-28,2102,23600,,
2025247,27,2027-08-29,2102,23600,,
2025247,27,2027-08-30,2102,23600,,
2025247,27,2027-08-31,2102,23600,,
2025247,27,2027-09-15,2102,23600,,
2025247,28,2027-08-21,2102,23600,,
2025247,28,2027-08-22,2102,23600,,
2025247,28,2027-08-27,2102,23600,,
2025247,28,2027-08-28,2102,23600,,
2025247,28,2027-08-29,2102,23600,,
2025247,28,2027-08-30,2102,23600,,
2025247,28,2027-08-31,2102,23600,,
2025247,28,2027-09-15,2102,23600,,
2025247,39,2026-09-24,1486,23600,,
2025247,40,2026-09-24,1555,23600,,
2025247,83,2026-09-24,1486,23600,,
2025675,17,2026-11-11,1440,20000,,
2025675,17,2026-11-17,1440,20000,,
2025675,17,2026-11-24,1440,20000,,
2025675,17,2026-11-25,1440,20000,,
2025675,18,2026-11-11,1440,20000,,
2025675,18,2026-11-17,1440,20000,,
2025675,18,2026-11-24,1440,20000,,
2025675,18,2026-11-25,1440,20000,,
2025675,19,2026-11-11,1509,20000,,
2025675,19,2026-11-17,1509,20000,,
2025675,19,2026-11-24,1509,20000,,
2025675,19,2026-11-25,1509,20000,,
2025675,21,2026-11-11,1647,20000,,
2025675,21,2026-11-17,1647,20000,,
2025675,21,2026-11-24,1647,20000,,
2025675,21,2026-11-25,1647,20000,,
2025675,22,2026-11-11,1647,20000,,
2025675,22,2026-11-17,1647,20000,,
2025675,22,2026-11-24,1647,20000,,
2025675,22,2026-11-25,1647,20000,,
2025675,39,2026-11-11,1647,20000,,
2025675,39,2026-11-17,1647,20000,,
2025675,39,2026-11-24,1647,20000,,
2025675,39,2026-11-25,1647,20000,,
2026607,19,2026-11-20,1993,20000,,
2026607,19,2026-11-21,1993,20000,,
2026607,20,2026-11-20,1993,20000,,
2026607,20,2026-11-21,1993,20000,,
2026607,21,2026-11-20,1993,20000,,
2026607,21,2026-11-21,1993,20000,,
2026607,22,2026-11-20,1993,20000,,
2026607,22,2026-11-21,1993,20000,,
2026607,23,2026-11-20,2131,20000,,
2026607,23,2026-11-21,2131,20000,,
2026607,23,2026-11-24,2131,20000,,
2026607,23,2026-11-25,2131,20000,,
2026607,24,2026-11-20,2131,20000,,
2026607,24,2026-11-21,2131,20000,,
2026607,24,2026-11-24,2131,20000,,
2026607,24,2026-11-25,2131,20000,,
2026607,29,2026-11-20,2131,20000,,
2026607,29,2026-11-21,2131,20000,,
2026607,29,2026-11-24,2131,20000,,
2026607,29,2026-11-25,2131,20000,,
2026607,30,2026-11-20,2131,20000,,
2026607,30,2026-11-21,2131,20000,,
2026607,30,2026-11-24,2131,20000,,
2026607,30,2026-11-25,2131,20000,,
2026607,31,2026-11-20,2131,20000,,
2026607,31,2026-11-21,2131,20000,,
2026607,31,2026-11-24,2131,20000,,
2026607,31,2026-11-25,2131,20000,,
2026607,32,2026-11-20,2269,20000,,
2026607,32,2026-11-21,2269,20000,,
2026607,32,2026-11-24,2269,20000,,
2026607,32,2026-11-25,2269,20000,,
2026607,33,2026-11-20,2269,20000,,
2026607,33,2026-11-21,2269,20000,,
2026607,33,2026-11-24,2269,20000,,
2026607,33,2026-11-25,2269,20000,,
2026607,34,2026-11-20,2269,20000,,
2026607,34,2026-11-21,2269,20000,,
2026607,34,2026-11-24,2269,20000,,
2026607,34,2026-11-25,2269,20000,,
2026607,39,2026-11-20,1993,20000,,
2026607,39,2026-11-21,1993,20000,,
2026607,40,2026-11-20,2131,20000,,
2026607,40,2026-11-21,2131,20000,,
2026607,40,2026-11-24,2131,20000,,
2026607,40,2026-11-25,2131,20000,,
2026607,57,2026-11-20,2131,20000,,
2026607,57,2026-11-21,2131,20000,,
2026607,57,2026-11-24,2131,20000,,
2026607,57,2026-11-25,2131,20000,,
2026607,58,2026-11-20,2269,20000,,
2026607,58,2026-11-21,2269,20000,,
2026607,58,2026-11-24,2269,20000,,
2026607,58,2026-11-25,2269,20000,,
2026607,83,2026-11-20,1993,20000,,
2026607,83,2026-11-21,1993,20000,,
2026607,89,2026-11-20,2131,20000,,
2026607,89,2026-11-21,2131,20000,,
2026607,89,2026-11-24,2131,20000,,
2026607,89,2026-11-25,2131,20000,,
2027305,23,2026-09-21,1958,23600,,
2027305,23,2026-12-02,2596,23600,,
2027305,23,2026-12-03,2596,23600,,
2027305,23,2026-12-06,2596,23600,,
2027305,24,2026-09-21,1958,23600,,
2027305,24,2026-12-02,2596,23600,,
2027305,24,2026-12-03,2596,23600,,
2027305,24,2026-12-06,2596,23600,,
2027305,25,2026-09-21,2096,23600,,
2027305,25,2026-12-02,2734,23600,,
2027305,25,2026-12-03,2734,23600,,
2027305,25,2026-12-06,2734,23600,,
2027305,26,2026-09-21,2096,23600,,
2027305,26,2026-12-02,2734,23600,,
2027305,26,2026-12-03,2734,23600,,
2027305,26,2026-12-06,2734,23600,,
2027305,27,2026-09-21,2303,23600,,
2027305,27,2026-12-02,2941,23600,,
2027305,27,2026-12-03,2941,23600,,
2027305,27,2026-12-06,2941,23600,,
2027305,28,2026-09-21,2303,23600,,
2027305,28,2026-12-02,2941,23600,,
2027305,28,2026-12-03,2941,23600,,
2027305,28,2026-12-06,2941,23600,,
2027305,29,2026-09-21,2096,23600,,
2027305,29,2026-12-02,2734,23600,,
2027305,29,2026-12-03,2734,23600,,
2027305,29,2026-12-06,2734,23600,,
2027305,30,2026-09-21,2096,23600,,
2027305,30,2026-12-02,2734,23600,,
2027305,30,2026-12-03,2734,23600,,
2027305,30,2026-12-06,2734,23600,,
2027305,31,2026-09-21,2096,23600,,
2027305,31,2026-12-02,2734,23600,,
2027305,31,2026-12-03,2734,23600,,
2027305,31,2026-12-06,2734,23600,,
2027305,32,2026-09-21,2234,23600,,
2027305,32,2026-12-02,2872,23600,,
2027305,32,2026-12-03,2872,23600,,
2027305,32,2026-12-06,2872,23600,,
2027305,33,2026-09-21,2234,23600,,
2027305,33,2026-12-02,2872,23600,,
2027305,33,2026-12-03,2872,23600,,
2027305,33,2026-12-06,2872,23600,,
2027305,34,2026-09-21,2234,23600,,
2027305,34,2026-12-02,2872,23600,,
2027305,34,2026-12-03,2872,23600,,
2027305,34,2026-12-06,2872,23600,,
2027305,40,2026-09-21,1958,23600,,
2027305,40,2026-12-02,2596,23600,,
2027305,40,2026-12-03,2596,23600,,
2027305,40,2026-12-06,2596,23600,,
2027305,41,2026-09-21,2303,23600,,
2027305,41,2026-12-02,2941,23600,,
2027305,41,2026-12-03,2941,23600,,
2027305,41,2026-12-06,2941,23600,,
2027305,57,2026-09-21,2096,23600,,
2027305,57,2026-12-02,2734,23600,,
2027305,57,2026-12-03,2734,23600,,
2027305,57,2026-12-06,2734,23600,,
2027305,58,2026-09-21,2234,23600,,
2027305,58,2026-12-02,2872,23600,,
2027305,58,2026-12-03,2872,23600,,
2027305,58,2026-12-06,2872,23600,,
2027305,84,2026-09-21,1958,23600,,
2027305,84,2026-12-02,2596,23600,,
2027305,84,2026-12-03,2596,23600,,
2027305,84,2026-12-06,2596,23600,,
2027305,89,2026-09-21,2096,23600,,
2027305,89,2026-12-02,2734,23600,,
2027305,89,2026-12-03,2734,23600,,
2027305,89,2026-12-06,2734,23600,,
2031351,17,2026-09-15,1543,23600,,
2031351,18,2026-09-15,1543,23600,,
2031351,19,2026-09-15,1646,23600,,
2031351,20,2026-09-15,1646,23600,,
2031351,21,2026-09-15,1750,23600,,
2031351,21,2026-12-18,3312,23600,,
2031351,21,2026-12-19,3312,23600,,
2031351,21,2026-12-20,3312,23600,,
2031351,21,2026-12-21,3312,23600,,
2031351,21,2026-12-22,3312,23600,,
2031351,21,2026-12-23,3312,23600,,
2031351,21,2026-12-24,3312,23600,,
2031351,21,2026-12-25,3312,23600,,
2031351,21,2026-12-26,3312,23600,,
2031351,21,2026-12-27,3312,23600,,
2031351,21,2026-12-28,3312,23600,,
2031351,21,2026-12-29,3312,23600,,
2031351,21,2026-12-30,3312,23600,,
2031351,21,2026-12-31,3312,23600,,
2031351,21,2027-01-01,3312,23600,,
2031351,21,2027-01-02,3312,23600,,
2031351,21,2027-01-03,3312,23600,,
2031351,21,2027-01-04,3312,23600,,
2031351,22,2026-09-15,1750,23600,,
2031351,22,2026-12-18,3312,23600,,
2031351,22,2026-12-19,3312,23600,,
2031351,22,2026-12-20,3312,23600,,
2031351,22,2026-12-21,3312,23600,,
2031351,22,2026-12-22,3312,23600,,
2031351,22,2026-12-23,3312,23600,,
2031351,22,2026-12-24,3312,23600,,
2031351,22,2026-12-25,3312,23600,,
2031351,22,2026-12-26,3312,23600,,
2031351,22,2026-12-27,3312,23600,,
2031351,22,2026-12-28,3312,23600,,
2031351,22,2026-12-29,3312,23600,,
2031351,22,2026-12-30,3312,23600,,
2031351,22,2026-12-31,3312,23600,,
2031351,22,2027-01-01,3312,23600,,
2031351,22,2027-01-02,3312,23600,,
2031351,22,2027-01-03,3312,23600,,
2031351,22,2027-01-04,3312,23600,,
2031351,23,2026-09-15,1853,23600,,
2031351,23,2026-09-18,1853,23600,,
2031351,23,2026-12-18,3416,23600,,
2031351,23,2026-12-19,3416,23600,,
2031351,23,2026-12-20,3416,23600,,
2031351,23,2026-12-21,3416,23600,,
2031351,23,2026-12-22,3416,23600,,
2031351,23,2026-12-23,3416,23600,,
2031351,23,2026-12-24,3416,23600,,
2031351,23,2026-12-25,3416,23600,,
2031351,23,2026-12-26,3416,23600,,
2031351,23,2026-12-27,3416,23600,,
2031351,23,2026-12-28,3416,23600,,
2031351,23,2026-12-29,3416,23600,,
2031351,23,2026-12-30,3416,23600,,
2031351,23,2026-12-31,3416,23600,,
2031351,23,2027-01-01,3416,23600,,
2031351,23,2027-01-02,3416,23600,,
2031351,23,2027-01-03,3416,23600,,
2031351,23,2027-01-04,3416,23600,,
2031351,24,2026-09-15,1853,23600,,
2031351,24,2026-09-18,1853,23600,,
2031351,24,2026-12-18,3416,23600,,
2031351,24,2026-12-19,3416,23600,,
2031351,24,2026-12-20,3416,23600,,
2031351,24,2026-12-21,3416,23600,,
2031351,24,2026-12-22,3416,23600,,
2031351,24,2026-12-23,3416,23600,,
2031351,24,2026-12-24,3416,23600,,
2031351,24,2026-12-25,3416,23600,,
2031351,24,2026-12-26,3416,23600,,
2031351,24,2026-12-27,3416,23600,,
2031351,24,2026-12-28,3416,23600,,
2031351,24,2026-12-29,3416,23600,,
2031351,24,2026-12-30,3416,23600,,
2031351,24,2026-12-31,3416,23600,,
2031351,24,2027-01-01,3416,23600,,
2031351,24,2027-01-02,3416,23600,,
2031351,24,2027-01-03,3416,23600,,
2031351,24,2027-01-04,3416,23600,,
2031351,27,2026-12-18,3761,23600,,
2031351,27,2026-12-19,3761,23600,,
2031351,27,2026-12-20,3761,23600,,
2031351,27,2026-12-21,3761,23600,,
2031351,27,2026-12-22,3761,23600,,
2031351,27,2026-12-23,3761,23600,,
2031351,27,2026-12-24,3761,23600,,
2031351,27,2026-12-25,3761,23600,,
2031351,27,2026-12-26,3761,23600,,
2031351,27,2026-12-27,3761,23600,,
2031351,27,2026-12-28,3761,23600,,
2031351,27,2026-12-29,3761,23600,,
2031351,27,2026-12-30,3761,23600,,
2031351,27,2026-12-31,3761,23600,,
2031351,27,2027-01-01,3761,23600,,
2031351,27,2027-01-02,3761,23600,,
2031351,27,2027-01-03,3761,23600,,
2031351,27,2027-01-04,3761,23600,,
2031351,28,2026-12-18,3761,23600,,
2031351,28,2026-12-19,3761,23600,,
2031351,28,2026-12-20,3761,23600,,
2031351,28,2026-12-21,3761,23600,,
2031351,28,2026-12-22,3761,23600,,
2031351,28,2026-12-23,3761,23600,,
2031351,28,2026-12-24,3761,23600,,
2031351,28,2026-12-25,3761,23600,,
2031351,28,2026-12-26,3761,23600,,
2031351,28,2026-12-27,3761,23600,,
2031351,28,2026-12-28,3761,23600,,
2031351,28,2026-12-29,3761,23600,,
2031351,28,2026-12-30,3761,23600,,
2031351,28,2026-12-31,3761,23600,,
2031351,28,2027-01-01,3761,23600,,
2031351,28,2027-01-02,3761,23600,,
2031351,28,2027-01-03,3761,23600,,
2031351,28,2027-01-04,3761,23600,,
2031351,39,2026-09-15,1750,23600,,
2031351,39,2026-12-18,3312,23600,,
2031351,39,2026-12-19,3312,23600,,
2031351,39,2026-12-20,3312,23600,,
2031351,39,2026-12-21,3312,23600,,
2031351,39,2026-12-22,3312,23600,,
2031351,39,2026-12-23,3312,23600,,
2031351,39,2026-12-24,3312,23600,,
2031351,39,2026-12-25,3312,23600,,
2031351,39,2026-12-26,3312,23600,,
2031351,39,2026-12-27,3312,23600,,
2031351,39,2026-12-28,3312,23600,,
2031351,39,2026-12-29,3312,23600,,
2031351,39,2026-12-30,3312,23600,,
2031351,39,2026-12-31,3312,23600,,
2031351,39,2027-01-01,3312,23600,,
2031351,39,2027-01-02,3312,23600,,
2031351,39,2027-01-03,3312,23600,,
2031351,39,2027-01-04,3312,23600,,
2031351,40,2026-09-15,1853,23600,,
2031351,40,2026-09-18,1853,23600,,
2031351,40,2026-12-18,3416,23600,,
2031351,40,2026-12-19,3416,23600,,
2031351,40,2026-12-20,3416,23600,,
2031351,40,2026-12-21,3416,23600,,
2031351,40,2026-12-22,3416,23600,,
2031351,40,2026-12-23,3416,23600,,
2031351,40,2026-12-24,3416,23600,,
2031351,40,2026-12-25,3416,23600,,
2031351,40,2026-12-26,3416,23600,,
2031351,40,2026-12-27,3416,23600,,
2031351,40,2026-12-28,3416,23600,,
2031351,40,2026-12-29,3416,23600,,
2031351,40,2026-12-30,3416,23600,,
2031351,40,2026-12-31,3416,23600,,
2031351,40,2027-01-01,3416,23600,,
2031351,40,2027-01-02,3416,23600,,
2031351,40,2027-01-03,3416,23600,,
2031351,40,2027-01-04,3416,23600,,
2031351,50,2026-09-15,1543,23600,,
2031351,83,2026-09-15,1750,23600,,
2031351,83,2026-12-18,3312,23600,,
2031351,83,2026-12-19,3312,23600,,
2031351,83,2026-12-20,3312,23600,,
2031351,83,2026-12-21,3312,23600,,
2031351,83,2026-12-22,3312,23600,,
2031351,83,2026-12-23,3312,23600,,
2031351,83,2026-12-24,3312,23600,,
2031351,83,2026-12-25,3312,23600,,
2031351,83,2026-12-26,3312,23600,,
2031351,83,2026-12-27,3312,23600,,
2031351,83,2026-12-28,3312,23600,,
2031351,83,2026-12-29,3312,23600,,
2031351,83,2026-12-30,3312,23600,,
2031351,83,2026-12-31,3312,23600,,
2031351,83,2027-01-01,3312,23600,,
2031351,83,2027-01-02,3312,23600,,
2031351,83,2027-01-03,3312,23600,,
2031351,83,2027-01-04,3312,23600,,
2031448,17,2026-09-15,1439,23600,,
2031448,18,2026-09-15,1439,23600,,
2031448,19,2026-09-15,1508,23600,,
2031448,20,2026-09-15,1508,23600,,
2031448,50,2026-09-15,1439,23600,,
2031448,51,2026-09-15,1508,23600,,
2031596,27,2026-09-16,1886,23600,,
2031596,27,2026-09-17,1886,23600,,
2031596,27,2026-09-18,1930,23600,,
2031596,27,2026-09-20,1886,23600,,
2031596,28,2026-09-16,1886,23600,,
2031596,28,2026-09-17,1886,23600,,
2031596,28,2026-09-18,1930,23600,,
2031596,28,2026-09-20,1886,23600,,
2031596,29,2026-09-16,1679,23600,,
2031596,29,2026-09-17,1679,23600,,
2031596,29,2026-09-20,1679,23600,,
2031596,30,2026-09-16,1679,23600,,
2031596,30,2026-09-17,1679,23600,,
2031596,30,2026-09-20,1679,23600,,
2031596,31,2026-09-16,1679,23600,,
2031596,31,2026-09-17,1679,23600,,
2031596,31,2026-09-20,1679,23600,,
2031596,32,2026-09-16,1783,23600,,
2031596,32,2026-09-17,1783,23600,,
2031596,32,2026-09-18,1827,23600,,
2031596,32,2026-09-20,1783,23600,,
2031596,33,2026-09-16,1783,23600,,
2031596,33,2026-09-17,1783,23600,,
2031596,33,2026-09-18,1827,23600,,
2031596,33,2026-09-20,1783,23600,,
2031596,34,2026-09-16,1783,23600,,
2031596,34,2026-09-17,1783,23600,,
2031596,34,2026-09-18,1827,23600,,
2031596,34,2026-09-20,1783,23600,,
2031596,57,2026-09-16,1679,23600,,
2031596,57,2026-09-17,1679,23600,,
2031596,57,2026-09-20,1679,23600,,
2032928,21,2026-09-21,1141,23600,,
2032928,21,2026-09-23,1157,23600,,
2032928,21,2026-09-24,1157,23600,,
2032928,22,2026-09-21,1141,23600,,
2032928,22,2026-09-23,1157,23600,,
2032928,22,2026-09-24,1157,23600,,
2032928,23,2026-09-21,1193,23600,,
2032928,24,2026-09-21,1193,23600,,
2032928,39,2026-09-21,1141,23600,,
2032928,39,2026-09-23,1157,23600,,
2032928,39,2026-09-24,1157,23600,,
2032928,40,2026-09-21,1193,23600,,
2032928,83,2026-09-21,1141,23600,,
2032928,83,2026-09-23,1157,23600,,
2032928,83,2026-09-24,1157,23600,,
2033589,27,2026-11-01,2959,23600,,
2033589,27,2026-11-02,2959,23600,,
2033589,27,2026-11-03,2959,23600,,
2033589,27,2026-11-04,2959,23600,,
2033589,27,2026-11-05,2959,23600,,
2033589,27,2026-11-12,2959,23600,,
2033589,27,2026-11-18,2959,23600,,
2033589,27,2026-11-19,2959,23600,,
2033589,28,2026-11-01,2959,23600,,
2033589,28,2026-11-02,2959,23600,,
2033589,28,2026-11-03,2959,23600,,
2033589,28,2026-11-04,2959,23600,,
2033589,28,2026-11-05,2959,23600,,
2033589,28,2026-11-12,2959,23600,,
2033589,28,2026-11-18,2959,23600,,
2033589,28,2026-11-19,2959,23600,,
2034103,21,2026-11-01,1795,23600,,
2034103,21,2026-11-02,1795,23600,,
2034103,21,2026-11-03,1795,23600,,
2034103,21,2026-11-04,1795,23600,,
2034103,21,2026-11-05,1795,23600,,
2034103,21,2026-11-06,1810,23600,,
2034103,21,2026-11-12,1795,23600,,
2034103,21,2026-11-13,1810,23600,,
2034103,21,2026-11-18,1795,23600,,
2034103,21,2026-11-19,1795,23600,,
2034103,21,2026-11-22,1795,23600,,
2034103,21,2026-11-23,1795,23600,,
2034103,22,2026-11-01,1795,23600,,
2034103,22,2026-11-02,1795,23600,,
2034103,22,2026-11-03,1795,23600,,
2034103,22,2026-11-04,1795,23600,,
2034103,22,2026-11-05,1795,23600,,
2034103,22,2026-11-06,1810,23600,,
2034103,22,2026-11-12,1795,23600,,
2034103,22,2026-11-13,1810,23600,,
2034103,22,2026-11-18,1795,23600,,
2034103,22,2026-11-19,1795,23600,,
2034103,22,2026-11-22,1795,23600,,
2034103,22,2026-11-23,1795,23600,,
2034103,23,2026-11-01,1864,23600,,
2034103,23,2026-11-02,1864,23600,,
2034103,23,2026-11-03,1864,23600,,
2034103,23,2026-11-04,1864,23600,,
2034103,23,2026-11-05,1864,23600,,
2034103,23,2026-11-12,1864,23600,,
2034103,23,2026-11-18,1864,23600,,
2034103,23,2026-11-19,1864,23600,,
2034103,23,2026-11-22,1864,23600,,
2034103,23,2026-11-23,1864,23600,,
2034103,24,2026-11-01,1864,23600,,
2034103,24,2026-11-02,1864,23600,,
2034103,24,2026-11-03,1864,23600,,
2034103,24,2026-11-04,1864,23600,,
2034103,24,2026-11-05,1864,23600,,
2034103,24,2026-11-12,1864,23600,,
2034103,24,2026-11-18,1864,23600,,
2034103,24,2026-11-19,1864,23600,,
2034103,24,2026-11-22,1864,23600,,
2034103,24,2026-11-23,1864,23600,,
2034103,29,2026-10-31,1985,23600,,
2034103,30,2026-10-31,1985,23600,,
2034103,31,2026-10-31,1985,23600,,
2034103,32,2026-09-19,2010,23600,,
2034103,32,2026-10-31,2054,23600,,
2034103,33,2026-09-19,2010,23600,,
2034103,33,2026-10-31,2054,23600,,
2034103,34,2026-09-19,2010,23600,,
2034103,34,2026-10-31,2054,23600,,
2034103,35,2026-09-16,2350,23600,,
2034103,35,2026-09-17,2350,23600,,
2034103,35,2026-09-18,2348,23600,,
2034103,35,2026-09-19,2355,23600,,
2034103,35,2026-09-20,2347,23600,,
2034103,35,2026-09-21,2347,23600,,
2034103,35,2026-09-22,2347,23600,,
2034103,36,2026-09-16,2350,23600,,
2034103,36,2026-09-17,2350,23600,,
2034103,36,2026-09-18,2348,23600,,
2034103,36,2026-09-19,2355,23600,,
2034103,36,2026-09-20,2347,23600,,
2034103,36,2026-09-21,2347,23600,,
2034103,36,2026-09-22,2347,23600,,
2034103,37,2026-09-16,2350,23600,,
2034103,37,2026-09-17,2350,23600,,
2034103,37,2026-09-18,2348,23600,,
2034103,37,2026-09-19,2355,23600,,
2034103,37,2026-09-20,2347,23600,,
2034103,37,2026-09-21,2347,23600,,
2034103,37,2026-09-22,2347,23600,,
2034103,39,2026-11-01,1795,23600,,
2034103,39,2026-11-02,1795,23600,,
2034103,39,2026-11-03,1795,23600,,
2034103,39,2026-11-04,1795,23600,,
2034103,39,2026-11-05,1795,23600,,
2034103,39,2026-11-06,1810,23600,,
2034103,39,2026-11-12,1795,23600,,
2034103,39,2026-11-13,1810,23600,,
2034103,39,2026-11-18,1795,23600,,
2034103,39,2026-11-19,1795,23600,,
2034103,39,2026-11-22,1795,23600,,
2034103,39,2026-11-23,1795,23600,,
2034103,40,2026-11-01,1864,23600,,
2034103,40,2026-11-02,1864,23600,,
2034103,40,2026-11-03,1864,23600,,
2034103,40,2026-11-04,1864,23600,,
2034103,40,2026-11-05,1864,23600,,
2034103,40,2026-11-12,1864,23600,,
2034103,40,2026-11-18,1864,23600,,
2034103,40,2026-11-19,1864,23600,,
2034103,40,2026-11-22,1864,23600,,
2034103,40,2026-11-23,1864,23600,,
2034103,42,2026-09-15,2657,23600,,
2034103,42,2026-09-23,2657,23600,,
2034103,42,2026-09-27,2657,23600,,
2034103,42,2026-09-28,2657,23600,,
2034103,42,2026-09-29,2657,23600,,
2034103,42,2026-09-30,2657,23600,,
2034103,42,2026-10-06,2657,23600,,
2034103,42,2026-10-07,2657,23600,,
2034103,42,2026-10-08,2657,23600,,
2034103,42,2026-10-27,2657,23600,,
2034103,42,2026-10-28,2657,23600,,
2034103,42,2026-10-29,2657,23600,,
2034103,42,2026-10-30,2689,23600,,
2034103,42,2026-12-01,2657,23600,,
2034103,42,2026-12-07,2657,23600,,
2034103,42,2026-12-08,2657,23600,,
2034103,42,2026-12-09,2657,23600,,
2034103,42,2026-12-10,2657,23600,,
2034103,42,2026-12-13,2657,23600,,
2034103,42,2026-12-14,2657,23600,,
2034103,43,2026-09-15,2657,23600,,
2034103,43,2026-09-23,2657,23600,,
2034103,43,2026-09-27,2657,23600,,
2034103,43,2026-09-28,2657,23600,,
2034103,43,2026-09-29,2657,23600,,
2034103,43,2026-09-30,2657,23600,,
2034103,43,2026-10-06,2657,23600,,
2034103,43,2026-10-07,2657,23600,,
2034103,43,2026-10-08,2657,23600,,
2034103,43,2026-10-27,2657,23600,,
2034103,43,2026-10-28,2657,23600,,
2034103,43,2026-10-29,2657,23600,,
2034103,43,2026-10-30,2689,23600,,
2034103,43,2026-12-01,2657,23600,,
2034103,43,2026-12-07,2657,23600,,
2034103,43,2026-12-08,2657,23600,,
2034103,43,2026-12-09,2657,23600,,
2034103,43,2026-12-10,2657,23600,,
2034103,43,2026-12-13,2657,23600,,
2034103,43,2026-12-14,2657,23600,,
2034103,57,2026-10-31,1985,23600,,
2034103,58,2026-09-19,2010,23600,,
2034103,58,2026-10-31,2054,23600,,
2034103,83,2026-11-01,1795,23600,,
2034103,83,2026-11-02,1795,23600,,
2034103,83,2026-11-03,1795,23600,,
2034103,83,2026-11-04,1795,23600,,
2034103,83,2026-11-05,1795,23600,,
2034103,83,2026-11-06,1810,23600,,
2034103,83,2026-11-12,1795,23600,,
2034103,83,2026-11-13,1810,23600,,
2034103,83,2026-11-18,1795,23600,,
2034103,83,2026-11-19,1795,23600,,
2034103,83,2026-11-22,1795,23600,,
2034103,83,2026-11-23,1795,23600,,
2034103,89,2026-10-31,1985,23600,,
2039275,21,2026-10-01,3769,20000,,
2039275,21,2026-10-02,3773,20000,,
2039275,21,2026-10-03,3773,20000,,
2039275,21,2026-10-04,3769,20000,,
2039275,22,2026-10-01,3769,20000,,
2039275,22,2026-10-02,3773,20000,,
2039275,22,2026-10-03,3773,20000,,
2039275,22,2026-10-04,3769,20000,,
2039275,23,2026-10-01,3873,20000,,
2039275,23,2026-10-02,3876,20000,,
2039275,23,2026-10-03,3876,20000,,
2039275,23,2026-10-04,3873,20000,,
2039275,24,2026-10-01,3873,20000,,
2039275,24,2026-10-02,3876,20000,,
2039275,24,2026-10-03,3876,20000,,
2039275,24,2026-10-04,3873,20000,,
2039275,39,2026-10-01,3769,20000,,
2039275,39,2026-10-02,3773,20000,,
2039275,39,2026-10-03,3773,20000,,
2039275,39,2026-10-04,3769,20000,,
2039275,40,2026-10-01,3873,20000,,
2039275,40,2026-10-02,3876,20000,,
2039275,40,2026-10-03,3876,20000,,
2039275,40,2026-10-04,3873,20000,,
2039275,83,2026-10-01,3769,20000,,
2039275,83,2026-10-02,3773,20000,,
2039275,83,2026-10-03,3773,20000,,
2039275,83,2026-10-04,3769,20000,,
2041595,17,2026-09-22,1304,23600,,
2041595,17,2026-09-25,1307,23600,,
2041595,17,2026-09-26,1307,23600,,
2041595,17,2026-09-27,1307,23600,,
2041595,17,2026-09-30,1301,23600,,
2041595,17,2026-10-04,1307,23600,,
2041595,17,2026-10-05,1301,23600,,
2041595,17,2026-10-06,1301,23600,,
2041595,17,2026-10-07,1301,23600,,
2041595,17,2026-10-08,1307,23600,,
2041595,17,2026-11-01,1296,23600,,
2041595,18,2026-09-22,1304,23600,,
2041595,18,2026-09-25,1307,23600,,
2041595,18,2026-09-26,1307,23600,,
2041595,18,2026-09-27,1307,23600,,
2041595,18,2026-09-30,1301,23600,,
2041595,18,2026-10-04,1307,23600,,
2041595,18,2026-10-05,1301,23600,,
2041595,18,2026-10-06,1301,23600,,
2041595,18,2026-10-07,1301,23600,,
2041595,18,2026-10-08,1307,23600,,
2041595,18,2026-11-01,1296,23600,,
2041595,19,2026-10-31,1423,23600,,
2041595,19,2026-11-01,1434,23600,,
2041595,19,2026-11-02,1423,23600,,
2041595,20,2026-10-31,1423,23600,,
2041595,20,2026-11-01,1434,23600,,
2041595,20,2026-11-02,1423,23600,,
2041595,50,2026-09-22,1304,23600,,
2041595,50,2026-09-25,1307,23600,,
2041595,50,2026-09-26,1307,23600,,
2041595,50,2026-09-27,1307,23600,,
2041595,50,2026-09-30,1301,23600,,
2041595,50,2026-10-04,1307,23600,,
2041595,50,2026-10-05,1301,23600,,
2041595,50,2026-10-06,1301,23600,,
2041595,50,2026-10-07,1301,23600,,
2041595,50,2026-10-08,1307,23600,,
2041595,50,2026-11-01,1296,23600,,
2043442,27,2026-09-20,1971,23600,,
2043442,28,2026-09-20,1971,23600,,
2043486,17,2026-09-15,2277,23600,,
2043486,17,2026-09-16,2274,23600,,
2043486,18,2026-09-15,2277,23600,,
2043486,18,2026-09-16,2274,23600,,
2043486,19,2026-09-15,2346,23600,,
2043486,19,2026-09-16,2343,23600,,
2043486,20,2026-09-15,2346,23600,,
2043486,20,2026-09-16,2343,23600,,
2043486,50,2026-09-15,2277,23600,,
2043486,50,2026-09-16,2274,23600,,
2050302,35,2026-09-17,2205,23600,,
2050302,35,2026-09-21,2212,23600,,
2050302,36,2026-09-17,2205,23600,,
2050302,36,2026-09-21,2212,23600,,
2051409,16,2027-08-21,1860,40000,,
2051409,16,2027-08-22,1860,40000,,
2051409,16,2027-08-27,1860,40000,,
2051409,16,2027-08-28,1860,40000,,
2051409,16,2027-08-29,1860,40000,,
2051409,16,2027-08-30,1860,40000,,
2051409,16,2027-08-31,1860,40000,,
2051409,16,2027-09-15,1860,40000,,
2051409,27,2026-09-18,2609,23600,,
2051409,27,2026-09-20,2586,23600,,
2051409,28,2026-09-18,2609,23600,,
2051409,28,2026-09-20,2586,23600,,
2051467,17,2026-09-15,990,20000,,
2051467,17,2026-09-16,990,20000,,
2051467,17,2026-09-17,990,20000,,
2051467,18,2026-09-15,990,20000,,
2051467,18,2026-09-16,990,20000,,
2051467,18,2026-09-17,990,20000,,
2051467,19,2026-09-15,1094,20000,,
2051467,19,2026-09-16,1094,20000,,
2051467,19,2026-09-17,1094,20000,,
2051467,20,2026-09-15,1094,20000,,
2051467,20,2026-09-16,1094,20000,,
2051467,20,2026-09-17,1094,20000,,
2051467,25,2026-09-15,1370,20000,,
2051467,25,2026-09-16,1370,20000,,
2051467,25,2026-09-17,1370,20000,,
2051467,26,2026-09-15,1370,20000,,
2051467,26,2026-09-16,1370,20000,,
2051467,26,2026-09-17,1370,20000,,
2051467,50,2026-09-15,990,20000,,
2051467,50,2026-09-16,990,20000,,
2051467,50,2026-09-17,990,20000,,
2051467,51,2026-09-15,1094,20000,,
2051467,51,2026-09-16,1094,20000,,
2051467,51,2026-09-17,1094,20000,,
2051467,87,2026-09-15,990,20000,,
2051467,87,2026-09-16,990,20000,,
2051467,87,2026-09-17,990,20000,,
2052672,17,2026-09-20,1621,23600,,
2052672,18,2026-09-20,1621,23600,,
2052672,19,2026-10-02,1812,23600,,
2052672,19,2026-10-04,1812,23600,,
2052672,19,2026-10-05,1812,23600,,
2052672,19,2026-10-06,1812,23600,,
2052672,19,2026-10-07,1812,23600,,
2052672,19,2026-10-08,1812,23600,,
2052672,19,2026-10-09,1812,23600,,
2052672,19,2026-10-10,1812,23600,,
2052672,19,2026-10-11,1812,23600,,
2052672,19,2026-10-12,1814,23600,,
2052672,19,2026-10-13,1814,23600,,
2052672,19,2026-10-14,1814,23600,,
2052672,19,2026-10-15,1814,23600,,
2052672,20,2026-10-02,1812,23600,,
2052672,20,2026-10-04,1812,23600,,
2052672,20,2026-10-05,1812,23600,,
2052672,20,2026-10-06,1812,23600,,
2052672,20,2026-10-07,1812,23600,,
2052672,20,2026-10-08,1812,23600,,
2052672,20,2026-10-09,1812,23600,,
2052672,20,2026-10-10,1812,23600,,
2052672,20,2026-10-11,1812,23600,,
2052672,20,2026-10-12,1814,23600,,
2052672,20,2026-10-13,1814,23600,,
2052672,20,2026-10-14,1814,23600,,
2052672,20,2026-10-15,1814,23600,,
2052672,21,2026-09-20,1690,23600,,
2052672,21,2026-10-02,1674,23600,,
2052672,21,2026-10-04,1674,23600,,
2052672,21,2026-10-05,1674,23600,,
2052672,21,2026-10-06,1674,23600,,
2052672,21,2026-10-07,1674,23600,,
2052672,21,2026-10-08,1674,23600,,
2052672,21,2026-10-09,1674,23600,,
2052672,21,2026-10-10,1674,23600,,
2052672,21,2026-10-11,1674,23600,,
2052672,21,2026-10-12,1676,23600,,
2052672,21,2026-10-13,1676,23600,,
2052672,21,2026-10-14,1676,23600,,
2052672,21,2026-10-15,1676,23600,,
2052672,22,2026-09-20,1690,23600,,
2052672,22,2026-10-02,1674,23600,,
2052672,22,2026-10-04,1674,23600,,
2052672,22,2026-10-05,1674,23600,,
2052672,22,2026-10-06,1674,23600,,
2052672,22,2026-10-07,1674,23600,,
2052672,22,2026-10-08,1674,23600,,
2052672,22,2026-10-09,1674,23600,,
2052672,22,2026-10-10,1674,23600,,
2052672,22,2026-10-11,1674,23600,,
2052672,22,2026-10-12,1676,23600,,
2052672,22,2026-10-13,1676,23600,,
2052672,22,2026-10-14,1676,23600,,
2052672,22,2026-10-15,1676,23600,,
2052672,23,2026-10-02,1950,23600,,
2052672,23,2026-10-04,1950,23600,,
2052672,23,2026-10-05,1950,23600,,
2052672,23,2026-10-06,1950,23600,,
2052672,23,2026-10-07,1950,23600,,
2052672,23,2026-10-08,1950,23600,,
2052672,23,2026-10-09,1950,23600,,
2052672,23,2026-10-10,1950,23600,,
2052672,23,2026-10-11,1950,23600,,
2052672,23,2026-10-12,1952,23600,,
2052672,23,2026-10-13,1952,23600,,
2052672,23,2026-10-14,1952,23600,,
2052672,23,2026-10-15,1952,23600,,
2052672,24,2026-10-02,1950,23600,,
2052672,24,2026-10-04,1950,23600,,
2052672,24,2026-10-05,1950,23600,,
2052672,24,2026-10-06,1950,23600,,
2052672,24,2026-10-07,1950,23600,,
2052672,24,2026-10-08,1950,23600,,
2052672,24,2026-10-09,1950,23600,,
2052672,24,2026-10-10,1950,23600,,
2052672,24,2026-10-11,1950,23600,,
2052672,24,2026-10-12,1952,23600,,
2052672,24,2026-10-13,1952,23600,,
2052672,24,2026-10-14,1952,23600,,
2052672,24,2026-10-15,1952,23600,,
2052672,27,2026-10-17,2192,23600,,
2052672,27,2026-10-18,2192,23600,,
2052672,27,2026-10-19,2192,23600,,
2052672,27,2026-10-20,2192,23600,,
2052672,27,2026-10-21,2192,23600,,
2052672,27,2026-10-22,2192,23600,,
2052672,27,2026-10-23,2192,23600,,
2052672,27,2026-10-24,2192,23600,,
2052672,27,2026-10-26,2192,23600,,
2052672,27,2026-10-27,2192,23600,,
2052672,27,2026-10-28,2192,23600,,
2052672,27,2026-10-29,2192,23600,,
2052672,27,2026-10-30,2192,23600,,
2052672,27,2026-10-31,2192,23600,,
2052672,27,2026-11-01,2192,23600,,
2052672,27,2026-11-02,2192,23600,,
2052672,27,2026-11-03,2192,23600,,
2052672,27,2026-11-04,2192,23600,,
2052672,27,2026-11-05,2192,23600,,
2052672,27,2026-11-06,2192,23600,,
2052672,27,2026-11-07,2192,23600,,
2052672,27,2026-11-08,2192,23600,,
2052672,27,2026-11-09,2192,23600,,
2052672,27,2026-11-10,2192,23600,,
2052672,27,2026-11-11,2192,23600,,
2052672,27,2026-11-12,2192,23600,,
2052672,27,2026-11-13,2192,23600,,
2052672,27,2026-11-14,2192,23600,,
2052672,27,2026-11-15,2192,23600,,
2052672,27,2026-11-16,2192,23600,,
2052672,27,2026-11-17,2192,23600,,
2052672,27,2026-11-18,2192,23600,,
2052672,27,2026-11-19,2192,23600,,
2052672,27,2026-11-22,2192,23600,,
2052672,27,2026-11-23,2192,23600,,
2052672,27,2026-11-27,2192,23600,,
2052672,27,2026-11-28,2192,23600,,
2052672,27,2026-11-29,2192,23600,,
2052672,27,2026-11-30,2192,23600,,
2052672,27,2026-12-01,2192,23600,,
2052672,27,2026-12-07,2192,23600,,
2052672,27,2026-12-08,2192,23600,,
2052672,27,2026-12-09,2192,23600,,
2052672,27,2026-12-10,2192,23600,,
2052672,27,2026-12-13,2192,23600,,
2052672,27,2026-12-14,2192,23600,,
2052672,28,2026-10-17,2192,23600,,
2052672,28,2026-10-18,2192,23600,,
2052672,28,2026-10-19,2192,23600,,
2052672,28,2026-10-20,2192,23600,,
2052672,28,2026-10-21,2192,23600,,
2052672,28,2026-10-22,2192,23600,,
2052672,28,2026-10-23,2192,23600,,
2052672,28,2026-10-24,2192,23600,,
2052672,28,2026-10-26,2192,23600,,
2052672,28,2026-10-27,2192,23600,,
2052672,28,2026-10-28,2192,23600,,
2052672,28,2026-10-29,2192,23600,,
2052672,28,2026-10-30,2192,23600,,
2052672,28,2026-10-31,2192,23600,,
2052672,28,2026-11-01,2192,23600,,
2052672,28,2026-11-02,2192,23600,,
2052672,28,2026-11-03,2192,23600,,
2052672,28,2026-11-04,2192,23600,,
2052672,28,2026-11-05,2192,23600,,
2052672,28,2026-11-06,2192,23600,,
2052672,28,2026-11-07,2192,23600,,
2052672,28,2026-11-08,2192,23600,,
2052672,28,2026-11-09,2192,23600,,
2052672,28,2026-11-10,2192,23600,,
2052672,28,2026-11-11,2192,23600,,
2052672,28,2026-11-12,2192,23600,,
2052672,28,2026-11-13,2192,23600,,
2052672,28,2026-11-14,2192,23600,,
2052672,28,2026-11-15,2192,23600,,
2052672,28,2026-11-16,2192,23600,,
2052672,28,2026-11-17,2192,23600,,
2052672,28,2026-11-18,2192,23600,,
2052672,28,2026-11-19,2192,23600,,
2052672,28,2026-11-22,2192,23600,,
2052672,28,2026-11-23,2192,23600,,
2052672,28,2026-11-27,2192,23600,,
2052672,28,2026-11-28,2192,23600,,
2052672,28,2026-11-29,2192,23600,,
2052672,28,2026-11-30,2192,23600,,
2052672,28,2026-12-01,2192,23600,,
2052672,28,2026-12-07,2192,23600,,
2052672,28,2026-12-08,2192,23600,,
2052672,28,2026-12-09,2192,23600,,
2052672,28,2026-12-10,2192,23600,,
2052672,28,2026-12-13,2192,23600,,
2052672,28,2026-12-14,2192,23600,,
2052672,39,2026-09-20,1690,23600,,
2052672,39,2026-10-02,1674,23600,,
2052672,39,2026-10-04,1674,23600,,
2052672,39,2026-10-05,1674,23600,,
2052672,39,2026-10-06,1674,23600,,
2052672,39,2026-10-07,1674,23600,,
2052672,39,2026-10-08,1674,23600,,
2052672,39,2026-10-09,1674,23600,,
2052672,39,2026-10-10,1674,23600,,
2052672,39,2026-10-11,1674,23600,,
2052672,39,2026-10-12,1676,23600,,
2052672,39,2026-10-13,1676,23600,,
2052672,39,2026-10-14,1676,23600,,
2052672,39,2026-10-15,1676,23600,,
2052672,40,2026-10-02,1950,23600,,
2052672,40,2026-10-04,1950,23600,,
2052672,40,2026-10-05,1950,23600,,
2052672,40,2026-10-06,1950,23600,,
2052672,40,2026-10-07,1950,23600,,
2052672,40,2026-10-08,1950,23600,,
2052672,40,2026-10-09,1950,23600,,
2052672,40,2026-10-10,1950,23600,,
2052672,40,2026-10-11,1950,23600,,
2052672,40,2026-10-12,1952,23600,,
2052672,40,2026-10-13,1952,23600,,
2052672,40,2026-10-14,1952,23600,,
2052672,40,2026-10-15,1952,23600,,
2052672,50,2026-09-20,1621,23600,,
2052672,83,2026-09-20,1690,23600,,
2052672,83,2026-10-02,1674,23600,,
2052672,83,2026-10-04,1674,23600,,
2052672,83,2026-10-05,1674,23600,,
2052672,83,2026-10-06,1674,23600,,
2052672,83,2026-10-07,1674,23600,,
2052672,83,2026-10-08,1674,23600,,
2052672,83,2026-10-09,1674,23600,,
2052672,83,2026-10-10,1674,23600,,
2052672,83,2026-10-11,1674,23600,,
2052672,83,2026-10-12,1676,23600,,
2052672,83,2026-10-13,1676,23600,,
2052672,83,2026-10-14,1676,23600,,
2052672,83,2026-10-15,1676,23600,,
2052900,21,2026-09-16,1559,23600,,
2052900,22,2026-09-16,1559,23600,,
2052900,23,2026-09-16,1766,23600,,
2052900,24,2026-09-16,1766,23600,,
2052900,27,2026-09-16,2111,23600,,
2052900,28,2026-09-16,2111,23600,,
2052900,39,2026-09-16,1559,23600,,
2052900,40,2026-09-16,1766,23600,,
2052900,83,2026-09-16,1559,23600,,
2053564,17,2026-09-17,1385,23600,,
2053564,17,2026-09-18,1391,23600,,
2053564,17,2026-09-25,1656,23600,,
2053564,17,2026-10-16,1810,23600,,
2053564,17,2026-10-29,1720,23600,,
2053564,17,2026-10-30,1804,23600,,
2053564,17,2026-11-22,1756,23600,,
2053564,17,2026-12-12,2045,23600,,
2053564,18,2026-09-17,1385,23600,,
2053564,18,2026-09-18,1391,23600,,
2053564,18,2026-09-25,1656,23600,,
2053564,18,2026-10-16,1810,23600,,
2053564,18,2026-10-29,1720,23600,,
2053564,18,2026-10-30,1804,23600,,
2053564,18,2026-11-22,1756,23600,,
2053564,18,2026-12-12,2045,23600,,
2053564,19,2026-09-17,1523,23600,,
2053564,19,2026-09-18,1529,23600,,
2053564,19,2026-09-22,1741,23600,,
2053564,19,2026-09-25,1794,23600,,
2053564,19,2026-10-27,1849,23600,,
2053564,19,2026-10-28,1849,23600,,
2053564,19,2026-10-29,1858,23600,,
2053564,19,2026-11-22,1894,23600,,
2053564,19,2026-11-23,1876,23600,,
2053564,19,2026-11-29,1876,23600,,
2053564,19,2026-12-04,2162,23600,,
2053564,19,2026-12-05,2162,23600,,
2053564,19,2026-12-11,2162,23600,,
2053564,19,2026-12-12,2183,23600,,
2053564,20,2026-09-17,1523,23600,,
2053564,20,2026-09-18,1529,23600,,
2053564,20,2026-09-22,1741,23600,,
2053564,20,2026-09-25,1794,23600,,
2053564,20,2026-10-27,1849,23600,,
2053564,20,2026-10-28,1849,23600,,
2053564,20,2026-10-29,1858,23600,,
2053564,20,2026-11-22,1894,23600,,
2053564,20,2026-11-23,1876,23600,,
2053564,20,2026-11-29,1876,23600,,
2053564,20,2026-12-04,2162,23600,,
2053564,20,2026-12-05,2162,23600,,
2053564,20,2026-12-11,2162,23600,,
2053564,20,2026-12-12,2183,23600,,
2053564,21,2026-09-17,1695,23600,,
2053564,21,2026-09-18,1701,23600,,
2053564,21,2026-09-22,1914,23600,,
2053564,21,2026-09-24,1906,23600,,
2053564,21,2026-10-27,2022,23600,,
2053564,21,2026-10-28,2022,23600,,
2053564,21,2026-10-29,2031,23600,,
2053564,21,2026-11-01,2039,23600,,
2053564,21,2026-11-04,2039,23600,,
2053564,21,2026-11-23,2048,23600,,
2053564,21,2026-11-29,2048,23600,,
2053564,21,2026-12-04,2334,23600,,
2053564,21,2026-12-05,2334,23600,,
2053564,21,2026-12-11,2334,23600,,
2053564,22,2026-09-17,1695,23600,,
2053564,22,2026-09-18,1701,23600,,
2053564,22,2026-09-22,1914,23600,,
2053564,22,2026-09-24,1906,23600,,
2053564,22,2026-10-27,2022,23600,,
2053564,22,2026-10-28,2022,23600,,
2053564,22,2026-10-29,2031,23600,,
2053564,22,2026-11-01,2039,23600,,
2053564,22,2026-11-04,2039,23600,,
2053564,22,2026-11-23,2048,23600,,
2053564,22,2026-11-29,2048,23600,,
2053564,22,2026-12-04,2334,23600,,
2053564,22,2026-12-05,2334,23600,,
2053564,22,2026-12-11,2334,23600,,
2053564,23,2026-09-17,1833,23600,,
2053564,23,2026-09-18,1839,23600,,
2053564,23,2026-09-24,2044,23600,,
2053564,23,2026-10-27,2160,23600,,
2053564,23,2026-10-28,2160,23600,,
2053564,23,2026-11-01,2177,23600,,
2053564,23,2026-11-02,2160,23600,,
2053564,23,2026-11-03,2160,23600,,
2053564,23,2026-11-04,2177,23600,,
2053564,23,2026-11-05,2160,23600,,
2053564,23,2026-11-12,2160,23600,,
2053564,23,2026-11-18,2160,23600,,
2053564,23,2026-12-04,2472,23600,,
2053564,23,2026-12-05,2472,23600,,
2053564,23,2026-12-11,2472,23600,,
2053564,24,2026-09-17,1833,23600,,
2053564,24,2026-09-18,1839,23600,,
2053564,24,2026-09-24,2044,23600,,
2053564,24,2026-10-27,2160,23600,,
2053564,24,2026-10-28,2160,23600,,
2053564,24,2026-11-01,2177,23600,,
2053564,24,2026-11-02,2160,23600,,
2053564,24,2026-11-03,2160,23600,,
2053564,24,2026-11-04,2177,23600,,
2053564,24,2026-11-05,2160,23600,,
2053564,24,2026-11-12,2160,23600,,
2053564,24,2026-11-18,2160,23600,,
2053564,24,2026-12-04,2472,23600,,
2053564,24,2026-12-05,2472,23600,,
2053564,24,2026-12-11,2472,23600,,
2053564,27,2026-09-18,2322,23600,,
2053564,28,2026-09-18,2322,23600,,
2053564,32,2026-09-20,3173,23600,,
2053564,33,2026-09-20,3173,23600,,
2053564,34,2026-09-20,3173,23600,,
2053564,35,2026-09-15,3495,23600,,
2053564,35,2026-09-20,3518,23600,,
2053564,36,2026-09-15,3495,23600,,
2053564,36,2026-09-20,3518,23600,,
2053564,39,2026-09-17,1695,23600,,
2053564,39,2026-09-18,1701,23600,,
2053564,39,2026-09-22,1914,23600,,
2053564,39,2026-09-24,1906,23600,,
2053564,39,2026-10-27,2022,23600,,
2053564,39,2026-10-28,2022,23600,,
2053564,39,2026-10-29,2031,23600,,
2053564,39,2026-11-01,2039,23600,,
2053564,39,2026-11-04,2039,23600,,
2053564,39,2026-11-23,2048,23600,,
2053564,39,2026-11-29,2048,23600,,
2053564,39,2026-12-04,2334,23600,,
2053564,39,2026-12-05,2334,23600,,
2053564,39,2026-12-11,2334,23600,,
2053564,40,2026-09-17,1833,23600,,
2053564,40,2026-09-18,1839,23600,,
2053564,40,2026-09-24,2044,23600,,
2053564,40,2026-10-27,2160,23600,,
2053564,40,2026-10-28,2160,23600,,
2053564,40,2026-11-01,2177,23600,,
2053564,40,2026-11-02,2160,23600,,
2053564,40,2026-11-03,2160,23600,,
2053564,40,2026-11-04,2177,23600,,
2053564,40,2026-11-05,2160,23600,,
2053564,40,2026-11-12,2160,23600,,
2053564,40,2026-11-18,2160,23600,,
2053564,40,2026-12-04,2472,23600,,
2053564,40,2026-12-05,2472,23600,,
2053564,40,2026-12-11,2472,23600,,
2053564,50,2026-09-17,1385,23600,,
2053564,50,2026-09-18,1391,23600,,
2053564,50,2026-09-25,1656,23600,,
2053564,50,2026-10-16,1810,23600,,
2053564,50,2026-10-29,1720,23600,,
2053564,50,2026-10-30,1804,23600,,
2053564,50,2026-11-22,1756,23600,,
2053564,50,2026-12-12,2045,23600,,
2053564,83,2026-09-17,1695,23600,,
2053564,83,2026-09-18,1701,23600,,
2053564,83,2026-09-22,1914,23600,,
2053564,83,2026-09-24,1906,23600,,
2053564,83,2026-10-27,2022,23600,,
2053564,83,2026-10-28,2022,23600,,
2053564,83,2026-10-29,2031,23600,,
2053564,83,2026-11-01,2039,23600,,
2053564,83,2026-11-04,2039,23600,,
2053564,83,2026-11-23,2048,23600,,
2053564,83,2026-11-29,2048,23600,,
2053564,83,2026-12-04,2334,23600,,
2053564,83,2026-12-05,2334,23600,,
2053564,83,2026-12-11,2334,23600,,
2057538,17,2026-10-27,2349,23600,,
2057538,17,2026-10-28,2349,23600,,
2057538,17,2026-10-29,2349,23600,,
2057538,17,2026-10-30,2349,23600,,
2057538,17,2026-10-31,2349,23600,,
2057538,18,2026-10-27,2349,23600,,
2057538,18,2026-10-28,2349,23600,,
2057538,18,2026-10-29,2349,23600,,
2057538,18,2026-10-30,2349,23600,,
2057538,18,2026-10-31,2349,23600,,
2057538,19,2026-09-20,2491,23600,,
2057538,19,2026-09-23,2487,23600,,
2057538,19,2026-09-27,2487,23600,,
2057538,19,2026-09-28,2487,23600,,
2057538,19,2026-09-29,2487,23600,,
2057538,19,2026-09-30,2487,23600,,
2057538,19,2026-10-06,2487,23600,,
2057538,19,2026-10-07,2487,23600,,
2057538,19,2026-10-08,2487,23600,,
2057538,19,2026-10-27,2487,23600,,
2057538,19,2026-10-28,2487,23600,,
2057538,19,2026-10-29,2487,23600,,
2057538,19,2026-10-30,2487,23600,,
2057538,19,2026-10-31,2487,23600,,
2057538,20,2026-09-20,2491,23600,,
2057538,20,2026-09-23,2487,23600,,
2057538,20,2026-09-27,2487,23600,,
2057538,20,2026-09-28,2487,23600,,
2057538,20,2026-09-29,2487,23600,,
2057538,20,2026-09-30,2487,23600,,
2057538,20,2026-10-06,2487,23600,,
2057538,20,2026-10-07,2487,23600,,
2057538,20,2026-10-08,2487,23600,,
2057538,20,2026-10-27,2487,23600,,
2057538,20,2026-10-28,2487,23600,,
2057538,20,2026-10-29,2487,23600,,
2057538,20,2026-10-30,2487,23600,,
2057538,20,2026-10-31,2487,23600,,
2057538,21,2026-09-23,2487,23600,,
2057538,21,2026-09-27,2487,23600,,
2057538,21,2026-09-28,2487,23600,,
2057538,21,2026-09-29,2487,23600,,
2057538,21,2026-09-30,2487,23600,,
2057538,21,2026-10-06,2487,23600,,
2057538,21,2026-10-07,2487,23600,,
2057538,21,2026-10-08,2487,23600,,
2057538,21,2026-10-27,2487,23600,,
2057538,21,2026-10-28,2487,23600,,
2057538,21,2026-10-29,2487,23600,,
2057538,21,2026-10-30,2487,23600,,
2057538,21,2026-10-31,2487,23600,,
2057538,22,2026-09-23,2487,23600,,
2057538,22,2026-09-27,2487,23600,,
2057538,22,2026-09-28,2487,23600,,
2057538,22,2026-09-29,2487,23600,,
2057538,22,2026-09-30,2487,23600,,
2057538,22,2026-10-06,2487,23600,,
2057538,22,2026-10-07,2487,23600,,
2057538,22,2026-10-08,2487,23600,,
2057538,22,2026-10-27,2487,23600,,
2057538,22,2026-10-28,2487,23600,,
2057538,22,2026-10-29,2487,23600,,
2057538,22,2026-10-30,2487,23600,,
2057538,22,2026-10-31,2487,23600,,
2057538,23,2026-09-23,2694,23600,,
2057538,23,2026-09-27,2694,23600,,
2057538,23,2026-09-28,2694,23600,,
2057538,23,2026-09-29,2694,23600,,
2057538,23,2026-09-30,2694,23600,,
2057538,23,2026-10-06,2694,23600,,
2057538,23,2026-10-07,2694,23600,,
2057538,23,2026-10-08,2694,23600,,
2057538,23,2026-10-27,2694,23600,,
2057538,23,2026-10-28,2694,23600,,
2057538,23,2026-10-29,2694,23600,,
2057538,23,2026-10-30,2694,23600,,
2057538,23,2026-10-31,2694,23600,,
2057538,24,2026-09-23,2694,23600,,
2057538,24,2026-09-27,2694,23600,,
2057538,24,2026-09-28,2694,23600,,
2057538,24,2026-09-29,2694,23600,,
2057538,24,2026-09-30,2694,23600,,
2057538,24,2026-10-06,2694,23600,,
2057538,24,2026-10-07,2694,23600,,
2057538,24,2026-10-08,2694,23600,,
2057538,24,2026-10-27,2694,23600,,
2057538,24,2026-10-28,2694,23600,,
2057538,24,2026-10-29,2694,23600,,
2057538,24,2026-10-30,2694,23600,,
2057538,24,2026-10-31,2694,23600,,
2057538,27,2026-09-23,3108,23600,,
2057538,27,2026-09-27,3108,23600,,
2057538,27,2026-09-28,3108,23600,,
2057538,27,2026-09-29,3108,23600,,
2057538,27,2026-09-30,3108,23600,,
2057538,27,2026-10-06,3108,23600,,
2057538,27,2026-10-07,3108,23600,,
2057538,27,2026-10-08,3108,23600,,
2057538,27,2026-10-27,3108,23600,,
2057538,27,2026-10-28,3108,23600,,
2057538,27,2026-10-29,3108,23600,,
2057538,27,2026-10-30,3108,23600,,
2057538,27,2026-10-31,3108,23600,,
2057538,28,2026-09-23,3108,23600,,
2057538,28,2026-09-27,3108,23600,,
2057538,28,2026-09-28,3108,23600,,
2057538,28,2026-09-29,3108,23600,,
2057538,28,2026-09-30,3108,23600,,
2057538,28,2026-10-06,3108,23600,,
2057538,28,2026-10-07,3108,23600,,
2057538,28,2026-10-08,3108,23600,,
2057538,28,2026-10-27,3108,23600,,
2057538,28,2026-10-28,3108,23600,,
2057538,28,2026-10-29,3108,23600,,
2057538,28,2026-10-30,3108,23600,,
2057538,28,2026-10-31,3108,23600,,
2057538,39,2026-09-23,2487,23600,,
2057538,39,2026-09-27,2487,23600,,
2057538,39,2026-09-28,2487,23600,,
2057538,39,2026-09-29,2487,23600,,
2057538,39,2026-09-30,2487,23600,,
2057538,39,2026-10-06,2487,23600,,
2057538,39,2026-10-07,2487,23600,,
2057538,39,2026-10-08,2487,23600,,
2057538,39,2026-10-27,2487,23600,,
2057538,39,2026-10-28,2487,23600,,
2057538,39,2026-10-29,2487,23600,,
2057538,39,2026-10-30,2487,23600,,
2057538,39,2026-10-31,2487,23600,,
2057538,40,2026-09-23,2694,23600,,
2057538,40,2026-09-27,2694,23600,,
2057538,40,2026-09-28,2694,23600,,
2057538,40,2026-09-29,2694,23600,,
2057538,40,2026-09-30,2694,23600,,
2057538,40,2026-10-06,2694,23600,,
2057538,40,2026-10-07,2694,23600,,
2057538,40,2026-10-08,2694,23600,,
2057538,40,2026-10-27,2694,23600,,
2057538,40,2026-10-28,2694,23600,,
2057538,40,2026-10-29,2694,23600,,
2057538,40,2026-10-30,2694,23600,,
2057538,40,2026-10-31,2694,23600,,
2057538,50,2026-10-27,2349,23600,,
2057538,50,2026-10-28,2349,23600,,
2057538,50,2026-10-29,2349,23600,,
2057538,50,2026-10-30,2349,23600,,
2057538,50,2026-10-31,2349,23600,,
2057538,83,2026-09-23,2487,23600,,
2057538,83,2026-09-27,2487,23600,,
2057538,83,2026-09-28,2487,23600,,
2057538,83,2026-09-29,2487,23600,,
2057538,83,2026-09-30,2487,23600,,
2057538,83,2026-10-06,2487,23600,,
2057538,83,2026-10-07,2487,23600,,
2057538,83,2026-10-08,2487,23600,,
2057538,83,2026-10-27,2487,23600,,
2057538,83,2026-10-28,2487,23600,,
2057538,83,2026-10-29,2487,23600,,
2057538,83,2026-10-30,2487,23600,,
2057538,83,2026-10-31,2487,23600,,
2058505,29,2026-10-09,3286,23600,,
2058505,29,2026-12-01,3286,23600,,
2058505,29,2026-12-09,3286,23600,,
2058505,29,2026-12-10,3286,23600,,
2058505,29,2026-12-13,3286,23600,,
2058505,29,2026-12-14,3286,23600,,
2058505,30,2026-10-09,3286,23600,,
2058505,30,2026-12-01,3286,23600,,
2058505,30,2026-12-09,3286,23600,,
2058505,30,2026-12-10,3286,23600,,
2058505,30,2026-12-13,3286,23600,,
2058505,30,2026-12-14,3286,23600,,
2058505,31,2026-10-09,3286,23600,,
2058505,31,2026-12-01,3286,23600,,
2058505,31,2026-12-09,3286,23600,,
2058505,31,2026-12-10,3286,23600,,
2058505,31,2026-12-13,3286,23600,,
2058505,31,2026-12-14,3286,23600,,
2058505,32,2026-10-09,3379,23600,,
2058505,32,2026-12-01,3379,23600,,
2058505,32,2026-12-09,3379,23600,,
2058505,32,2026-12-10,3379,23600,,
2058505,32,2026-12-13,3379,23600,,
2058505,32,2026-12-14,3379,23600,,
2058505,33,2026-10-09,3379,23600,,
2058505,33,2026-12-01,3379,23600,,
2058505,33,2026-12-09,3379,23600,,
2058505,33,2026-12-10,3379,23600,,
2058505,33,2026-12-13,3379,23600,,
2058505,33,2026-12-14,3379,23600,,
2058505,34,2026-10-09,3379,23600,,
2058505,34,2026-12-01,3379,23600,,
2058505,34,2026-12-09,3379,23600,,
2058505,34,2026-12-10,3379,23600,,
2058505,34,2026-12-13,3379,23600,,
2058505,34,2026-12-14,3379,23600,,
2058505,35,2026-10-09,3862,23600,,
2058505,35,2026-12-01,3862,23600,,
2058505,35,2026-12-09,3862,23600,,
2058505,35,2026-12-10,3862,23600,,
2058505,35,2026-12-13,3862,23600,,
2058505,35,2026-12-14,3862,23600,,
2058505,36,2026-10-09,3862,23600,,
2058505,36,2026-12-01,3862,23600,,
2058505,36,2026-12-09,3862,23600,,
2058505,36,2026-12-10,3862,23600,,
2058505,36,2026-12-13,3862,23600,,
2058505,36,2026-12-14,3862,23600,,
2058505,37,2026-10-09,3862,23600,,
2058505,37,2026-12-01,3862,23600,,
2058505,37,2026-12-09,3862,23600,,
2058505,37,2026-12-10,3862,23600,,
2058505,37,2026-12-13,3862,23600,,
2058505,37,2026-12-14,3862,23600,,
2058505,57,2026-10-09,3286,23600,,
2058505,57,2026-12-01,3286,23600,,
2058505,57,2026-12-09,3286,23600,,
2058505,57,2026-12-10,3286,23600,,
2058505,57,2026-12-13,3286,23600,,
2058505,57,2026-12-14,3286,23600,,
2058505,58,2026-10-09,3379,23600,,
2058505,58,2026-12-01,3379,23600,,
2058505,58,2026-12-09,3379,23600,,
2058505,58,2026-12-10,3379,23600,,
2058505,58,2026-12-13,3379,23600,,
2058505,58,2026-12-14,3379,23600,,
2058505,89,2026-10-09,3286,23600,,
2058505,89,2026-12-01,3286,23600,,
2058505,89,2026-12-09,3286,23600,,
2058505,89,2026-12-10,3286,23600,,
2058505,89,2026-12-13,3286,23600,,
2058505,89,2026-12-14,3286,23600,,
2059540,21,2026-09-15,1672,23600,,
2059540,21,2026-09-16,1672,23600,,
2059540,21,2026-09-17,1672,23600,,
2059540,22,2026-09-15,1672,23600,,
2059540,22,2026-09-16,1672,23600,,
2059540,22,2026-09-17,1672,23600,,
2059540,23,2026-09-15,1844,23600,,
2059540,23,2026-09-16,1844,23600,,
2059540,23,2026-09-17,1844,23600,,
2059540,24,2026-09-15,1844,23600,,
2059540,24,2026-09-16,1844,23600,,
2059540,24,2026-09-17,1844,23600,,
2059540,27,2026-09-15,1672,23600,,
2059540,27,2026-09-16,1672,23600,,
2059540,27,2026-09-17,1672,23600,,
2059540,28,2026-09-15,1672,23600,,
2059540,28,2026-09-16,1672,23600,,
2059540,28,2026-09-17,1672,23600,,
2059540,39,2026-09-15,1672,23600,,
2059540,39,2026-09-16,1672,23600,,
2059540,39,2026-09-17,1672,23600,,
2059541,35,2026-09-15,3958,27848,,
2059541,36,2026-09-15,3958,27848,,
2061880,17,2026-09-16,1651,27848,,
2061880,18,2026-09-16,1651,27848,,
2061880,19,2026-09-16,1720,27848,,
2061880,20,2026-09-16,1720,27848,,
2061880,21,2026-09-16,1858,27848,,
2061880,22,2026-09-16,1858,27848,,
2061880,23,2026-09-16,1927,27848,,
2061880,24,2026-09-16,1927,27848,,
2061880,25,2026-09-16,2065,27848,,
2061880,26,2026-09-16,2065,27848,,
2061880,27,2026-09-16,2341,27848,,
2061880,28,2026-09-16,2341,27848,,
2061880,39,2026-09-16,1858,27848,,
2061880,40,2026-09-16,1927,27848,,
2061880,41,2026-09-16,2341,27848,,
2061880,50,2026-09-16,1651,27848,,
2061880,51,2026-09-16,1720,27848,,
2061880,83,2026-09-16,1858,27848,,
2061880,84,2026-09-16,1927,27848,,
2061880,87,2026-09-16,1651,27848,,
2061880,97,2026-09-16,1858,27848,,
2063526,17,2026-09-15,1123,23600,,
2063526,17,2026-09-16,1122,23600,,
2063526,18,2026-09-15,1123,23600,,
2063526,18,2026-09-16,1122,23600,,
2065763,113,2026-09-24,2307,32861,,
2065763,19,2026-09-16,1698,32861,,
2065763,20,2026-09-16,1698,32861,,
2065763,21,2026-09-16,1733,32861,,
2065763,21,2026-09-17,1728,32861,,
2065763,22,2026-09-16,1733,32861,,
2065763,22,2026-09-17,1728,32861,,
2065763,23,2026-09-16,1871,32861,,
2065763,23,2026-09-17,1866,32861,,
2065763,24,2026-09-16,1871,32861,,
2065763,24,2026-09-17,1866,32861,,
2065763,24179,2026-09-19,2444,32861,,
2065763,27,2026-09-19,2168,32861,,
2065763,28,2026-09-19,2168,32861,,
2065763,29,2026-09-19,2444,32861,,
2065763,30,2026-09-19,2444,32861,,
2065763,31,2026-09-19,2444,32861,,
2065763,32,2026-09-15,2606,32861,,
2065763,32,2026-09-18,2589,32861,,
2065763,32,2026-09-20,2580,32861,,
2065763,33,2026-09-15,2606,32861,,
2065763,33,2026-09-18,2589,32861,,
2065763,33,2026-09-20,2580,32861,,
2065763,34,2026-09-15,2606,32861,,
2065763,34,2026-09-18,2589,32861,,
2065763,34,2026-09-20,2580,32861,,
2065763,35,2026-09-20,3063,32861,,
2065763,35,2026-09-21,3047,32861,,
2065763,36,2026-09-20,3063,32861,,
2065763,36,2026-09-21,3047,32861,,
2065763,37,2026-09-20,3063,32861,,
2065763,37,2026-09-21,3047,32861,,
2065763,39,2026-09-16,1733,32861,,
2065763,39,2026-09-17,1728,32861,,
2065763,40,2026-09-16,1871,32861,,
2065763,40,2026-09-17,1866,32861,,
2065763,51,2026-09-16,1698,32861,,
2065763,57,2026-09-19,2444,32861,,
2065763,58,2026-09-15,2606,32861,,
2065763,58,2026-09-18,2589,32861,,
2065763,58,2026-09-20,2580,32861,,
2065763,59,2026-09-20,3063,32861,,
2065763,59,2026-09-21,3047,32861,,
2065763,83,2026-09-16,1733,32861,,
2065763,83,2026-09-17,1728,32861,,
2065763,88,2026-09-16,1698,32861,,
2065763,89,2026-09-19,2444,32861,,
2065763,90,2026-09-15,2606,32861,,
2065763,90,2026-09-18,2589,32861,,
2065763,90,2026-09-20,2580,32861,,
2065763,94,2026-09-16,1698,32861,,
2066561,19,2026-11-06,1685,27848,,
2066561,19,2026-11-13,1685,27848,,
2066561,20,2026-11-06,1685,27848,,
2066561,20,2026-11-13,1685,27848,,
2066561,23,2026-10-01,2343,27848,,
2066561,23,2026-10-18,2343,27848,,
2066561,23,2026-10-19,2343,27848,,
2066561,23,2026-10-20,2343,27848,,
2066561,23,2026-10-21,2343,27848,,
2066561,23,2026-10-22,2343,27848,,
2066561,23,2026-10-25,2343,27848,,
2066561,23,2026-10-26,2343,27848,,
2066561,23,2026-11-08,2343,27848,,
2066561,23,2026-11-09,2343,27848,,
2066561,23,2026-11-10,2343,27848,,
2066561,23,2026-11-11,2343,27848,,
2066561,23,2026-11-15,2343,27848,,
2066561,23,2026-11-16,2343,27848,,
2066561,23,2026-11-17,2343,27848,,
2066561,23,2026-11-24,2343,27848,,
2066561,23,2026-11-25,2343,27848,,
2066561,24,2026-10-01,2343,27848,,
2066561,24,2026-10-18,2343,27848,,
2066561,24,2026-10-19,2343,27848,,
2066561,24,2026-10-20,2343,27848,,
2066561,24,2026-10-21,2343,27848,,
2066561,24,2026-10-22,2343,27848,,
2066561,24,2026-10-25,2343,27848,,
2066561,24,2026-10-26,2343,27848,,
2066561,24,2026-11-08,2343,27848,,
2066561,24,2026-11-09,2343,27848,,
2066561,24,2026-11-10,2343,27848,,
2066561,24,2026-11-11,2343,27848,,
2066561,24,2026-11-15,2343,27848,,
2066561,24,2026-11-16,2343,27848,,
2066561,24,2026-11-17,2343,27848,,
2066561,24,2026-11-24,2343,27848,,
2066561,24,2026-11-25,2343,27848,,
2066561,25,2026-10-01,1998,27848,,
2066561,25,2026-10-18,1998,27848,,
2066561,25,2026-10-19,1998,27848,,
2066561,25,2026-10-20,1998,27848,,
2066561,25,2026-10-21,1998,27848,,
2066561,25,2026-10-22,1998,27848,,
2066561,25,2026-10-25,1998,27848,,
2066561,25,2026-10-26,1998,27848,,
2066561,25,2026-11-08,1998,27848,,
2066561,25,2026-11-09,1998,27848,,
2066561,25,2026-11-10,1998,27848,,
2066561,25,2026-11-11,1998,27848,,
2066561,25,2026-11-15,1998,27848,,
2066561,25,2026-11-16,1998,27848,,
2066561,25,2026-11-17,1998,27848,,
2066561,25,2026-11-24,1998,27848,,
2066561,25,2026-11-25,1998,27848,,
2066561,26,2026-10-01,1998,27848,,
2066561,26,2026-10-18,1998,27848,,
2066561,26,2026-10-19,1998,27848,,
2066561,26,2026-10-20,1998,27848,,
2066561,26,2026-10-21,1998,27848,,
2066561,26,2026-10-22,1998,27848,,
2066561,26,2026-10-25,1998,27848,,
2066561,26,2026-10-26,1998,27848,,
2066561,26,2026-11-08,1998,27848,,
2066561,26,2026-11-09,1998,27848,,
2066561,26,2026-11-10,1998,27848,,
2066561,26,2026-11-11,1998,27848,,
2066561,26,2026-11-15,1998,27848,,
2066561,26,2026-11-16,1998,27848,,
2066561,26,2026-11-17,1998,27848,,
2066561,26,2026-11-24,1998,27848,,
2066561,26,2026-11-25,1998,27848,,
2066561,29,2026-12-02,2895,27848,,
2066561,29,2026-12-03,2895,27848,,
2066561,29,2026-12-06,2895,27848,,
2066561,30,2026-12-02,2895,27848,,
2066561,30,2026-12-03,2895,27848,,
2066561,30,2026-12-06,2895,27848,,
2066561,31,2026-12-02,2895,27848,,
2066561,31,2026-12-03,2895,27848,,
2066561,31,2026-12-06,2895,27848,,
2066561,40,2026-10-01,2343,27848,,
2066561,40,2026-10-18,2343,27848,,
2066561,40,2026-10-19,2343,27848,,
2066561,40,2026-10-20,2343,27848,,
2066561,40,2026-10-21,2343,27848,,
2066561,40,2026-10-22,2343,27848,,
2066561,40,2026-10-25,2343,27848,,
2066561,40,2026-10-26,2343,27848,,
2066561,40,2026-11-08,2343,27848,,
2066561,40,2026-11-09,2343,27848,,
2066561,40,2026-11-10,2343,27848,,
2066561,40,2026-11-11,2343,27848,,
2066561,40,2026-11-15,2343,27848,,
2066561,40,2026-11-16,2343,27848,,
2066561,40,2026-11-17,2343,27848,,
2066561,40,2026-11-24,2343,27848,,
2066561,40,2026-11-25,2343,27848,,
2066561,57,2026-12-02,2895,27848,,
2066561,57,2026-12-03,2895,27848,,
2066561,57,2026-12-06,2895,27848,,
2067711,27,2026-09-20,2390,23600,,
2067711,28,2026-09-20,2390,23600,,
2067711,41,2026-09-20,2390,23600,,
2067711,85,2026-09-20,2390,23600,,
2071224,17,2026-09-15,1132,23600,,
2071224,17,2026-09-16,1127,23600,,
2071224,17,2026-09-21,1124,23600,,
2071224,17,2026-09-22,1136,23600,,
2071224,17,2026-09-23,1136,23600,,
2071224,17,2026-09-27,1136,23600,,
2071224,17,2026-09-28,1136,23600,,
2071224,17,2026-09-29,1136,23600,,
2071224,17,2026-09-30,1136,23600,,
2071224,17,2026-11-08,1534,23600,,
2071224,17,2026-11-09,1534,23600,,
2071224,17,2026-11-10,1534,23600,,
2071224,17,2026-11-11,1534,23600,,
2071224,17,2026-11-15,1534,23600,,
2071224,17,2026-11-16,1534,23600,,
2071224,17,2026-11-17,1534,23600,,
2071224,18,2026-09-15,1132,23600,,
2071224,18,2026-09-16,1127,23600,,
2071224,18,2026-09-21,1124,23600,,
2071224,18,2026-09-22,1136,23600,,
2071224,18,2026-09-23,1136,23600,,
2071224,18,2026-09-27,1136,23600,,
2071224,18,2026-09-28,1136,23600,,
2071224,18,2026-09-29,1136,23600,,
2071224,18,2026-09-30,1136,23600,,
2071224,18,2026-11-08,1534,23600,,
2071224,18,2026-11-09,1534,23600,,
2071224,18,2026-11-10,1534,23600,,
2071224,18,2026-11-11,1534,23600,,
2071224,18,2026-11-15,1534,23600,,
2071224,18,2026-11-16,1534,23600,,
2071224,18,2026-11-17,1534,23600,,
2071224,19,2026-09-15,1201,23600,,
2071224,19,2026-09-16,1196,23600,,
2071224,19,2026-09-21,1193,23600,,
2071224,20,2026-09-15,1201,23600,,
2071224,20,2026-09-16,1196,23600,,
2071224,20,2026-09-21,1193,23600,,
2071224,21,2026-09-16,1265,23600,,
2071224,21,2026-09-21,1262,23600,,
2071224,22,2026-09-16,1265,23600,,
2071224,22,2026-09-21,1262,23600,,
2071224,23,2026-09-21,1331,23600,,
2071224,23,2026-10-08,1397,23600,,
2071224,24,2026-09-21,1331,23600,,
2071224,24,2026-10-08,1397,23600,,
2071224,25,2026-10-08,1604,23600,,
2071224,25,2026-12-25,4778,23600,,
2071224,25,2026-12-26,4778,23600,,
2071224,25,2026-12-27,4778,23600,,
2071224,26,2026-10-08,1604,23600,,
2071224,26,2026-12-25,4778,23600,,
2071224,26,2026-12-26,4778,23600,,
2071224,26,2026-12-27,4778,23600,,
2071224,27,2026-10-06,1722,23600,,
2071224,27,2026-10-07,1722,23600,,
2071224,27,2026-12-25,4916,23600,,
2071224,27,2026-12-26,4916,23600,,
2071224,27,2026-12-27,4916,23600,,
2071224,28,2026-10-06,1722,23600,,
2071224,28,2026-10-07,1722,23600,,
2071224,28,2026-12-25,4916,23600,,
2071224,28,2026-12-26,4916,23600,,
2071224,28,2026-12-27,4916,23600,,
2071224,39,2026-09-16,1265,23600,,
2071224,39,2026-09-21,1262,23600,,
2071224,40,2026-09-21,1331,23600,,
2071224,40,2026-10-08,1397,23600,,
2071224,50,2026-09-15,1132,23600,,
2071224,50,2026-09-16,1127,23600,,
2071224,50,2026-09-21,1124,23600,,
2071224,50,2026-09-22,1136,23600,,
2071224,50,2026-09-23,1136,23600,,
2071224,50,2026-09-27,1136,23600,,
2071224,50,2026-09-28,1136,23600,,
2071224,50,2026-09-29,1136,23600,,
2071224,50,2026-09-30,1136,23600,,
2071224,50,2026-11-08,1534,23600,,
2071224,50,2026-11-09,1534,23600,,
2071224,50,2026-11-10,1534,23600,,
2071224,50,2026-11-11,1534,23600,,
2071224,50,2026-11-15,1534,23600,,
2071224,50,2026-11-16,1534,23600,,
2071224,50,2026-11-17,1534,23600,,
2071224,51,2026-09-15,1201,23600,,
2071224,51,2026-09-16,1196,23600,,
2071224,51,2026-09-21,1193,23600,,
2071224,83,2026-09-16,1265,23600,,
2071224,83,2026-09-21,1262,23600,,
2071224,87,2026-09-15,1132,23600,,
2071224,87,2026-09-16,1127,23600,,
2071224,87,2026-09-21,1124,23600,,
2071224,87,2026-09-22,1136,23600,,
2071224,87,2026-09-23,1136,23600,,
2071224,87,2026-09-27,1136,23600,,
2071224,87,2026-09-28,1136,23600,,
2071224,87,2026-09-29,1136,23600,,
2071224,87,2026-09-30,1136,23600,,
2071224,87,2026-11-08,1534,23600,,
2071224,87,2026-11-09,1534,23600,,
2071224,87,2026-11-10,1534,23600,,
2071224,87,2026-11-11,1534,23600,,
2071224,87,2026-11-15,1534,23600,,
2071224,87,2026-11-16,1534,23600,,
2071224,87,2026-11-17,1534,23600,,
2075824,35,2026-09-18,2482,23600,,
2075824,35,2026-09-19,2482,23600,,
2075824,36,2026-09-18,2482,23600,,
2075824,36,2026-09-19,2482,23600,,
2075824,37,2026-09-18,2482,23600,,
2075824,37,2026-09-19,2482,23600,,
2076114,17,2026-11-06,2038,20000,,
2076114,17,2026-11-13,2038,20000,,
2076114,18,2026-11-06,2038,20000,,
2076114,18,2026-11-13,2038,20000,,
2076114,19,2026-11-06,2038,20000,,
2076114,19,2026-11-13,2038,20000,,
2076114,20,2026-11-06,2038,20000,,
2076114,20,2026-11-13,2038,20000,,
2076114,21,2026-10-27,2272,20000,,
2076114,21,2026-10-28,2272,20000,,
2076114,21,2026-10-29,2272,20000,,
2076114,21,2026-11-01,2012,20000,,
2076114,21,2026-11-02,2012,20000,,
2076114,21,2026-11-03,2012,20000,,
2076114,21,2026-11-04,2012,20000,,
2076114,21,2026-11-05,2012,20000,,
2076114,21,2026-11-12,2012,20000,,
2076114,22,2026-10-27,2272,20000,,
2076114,22,2026-10-28,2272,20000,,
2076114,22,2026-10-29,2272,20000,,
2076114,22,2026-11-01,2012,20000,,
2076114,22,2026-11-02,2012,20000,,
2076114,22,2026-11-03,2012,20000,,
2076114,22,2026-11-04,2012,20000,,
2076114,22,2026-11-05,2012,20000,,
2076114,22,2026-11-12,2012,20000,,
2076114,23,2026-10-27,2272,20000,,
2076114,23,2026-10-28,2272,20000,,
2076114,23,2026-10-29,2272,20000,,
2076114,23,2026-11-01,2012,20000,,
2076114,23,2026-11-02,2012,20000,,
2076114,23,2026-11-03,2012,20000,,
2076114,23,2026-11-04,2012,20000,,
2076114,23,2026-11-05,2012,20000,,
2076114,23,2026-11-12,2012,20000,,
2076114,24,2026-10-27,2272,20000,,
2076114,24,2026-10-28,2272,20000,,
2076114,24,2026-10-29,2272,20000,,
2076114,24,2026-11-01,2012,20000,,
2076114,24,2026-11-02,2012,20000,,
2076114,24,2026-11-03,2012,20000,,
2076114,24,2026-11-04,2012,20000,,
2076114,24,2026-11-05,2012,20000,,
2076114,24,2026-11-12,2012,20000,,
2076114,27,2026-09-18,2998,20000,,
2076114,27,2026-09-22,2657,20000,,
2076114,28,2026-09-18,2998,20000,,
2076114,28,2026-09-22,2657,20000,,
2076114,39,2026-10-27,2272,20000,,
2076114,39,2026-10-28,2272,20000,,
2076114,39,2026-10-29,2272,20000,,
2076114,39,2026-11-01,2012,20000,,
2076114,39,2026-11-02,2012,20000,,
2076114,39,2026-11-03,2012,20000,,
2076114,39,2026-11-04,2012,20000,,
2076114,39,2026-11-05,2012,20000,,
2076114,39,2026-11-12,2012,20000,,
2076114,40,2026-10-27,2272,20000,,
2076114,40,2026-10-28,2272,20000,,
2076114,40,2026-10-29,2272,20000,,
2076114,40,2026-11-01,2012,20000,,
2076114,40,2026-11-02,2012,20000,,
2076114,40,2026-11-03,2012,20000,,
2076114,40,2026-11-04,2012,20000,,
2076114,40,2026-11-05,2012,20000,,
2076114,40,2026-11-12,2012,20000,,
2076114,50,2026-11-06,2038,20000,,
2076114,50,2026-11-13,2038,20000,,
2076114,51,2026-11-06,2038,20000,,
2076114,51,2026-11-13,2038,20000,,
2076114,83,2026-10-27,2272,20000,,
2076114,83,2026-10-28,2272,20000,,
2076114,83,2026-10-29,2272,20000,,
2076114,83,2026-11-01,2012,20000,,
2076114,83,2026-11-02,2012,20000,,
2076114,83,2026-11-03,2012,20000,,
2076114,83,2026-11-04,2012,20000,,
2076114,83,2026-11-05,2012,20000,,
2076114,83,2026-11-12,2012,20000,,
2076114,87,2026-11-06,2038,20000,,
2076114,87,2026-11-13,2038,20000,,
2076663,25,2026-09-16,1278,23600,,
2076663,26,2026-09-16,1278,23600,,
2077421,17,2026-09-25,1305,23600,,
2077421,17,2026-09-26,1305,23600,,
2077421,17,2026-10-09,1305,23600,,
2077421,18,2026-09-25,1305,23600,,
2077421,18,2026-09-26,1305,23600,,
2077421,18,2026-10-09,1305,23600,,
2077421,19,2026-09-15,1113,23600,,
2077421,19,2026-09-16,1113,23600,,
2077421,19,2026-09-17,1113,23600,,
2077421,19,2026-09-25,1374,23600,,
2077421,19,2026-09-26,1374,23600,,
2077421,19,2026-10-09,1374,23600,,
2077421,20,2026-09-15,1113,23600,,
2077421,20,2026-09-16,1113,23600,,
2077421,20,2026-09-17,1113,23600,,
2077421,20,2026-09-25,1374,23600,,
2077421,20,2026-09-26,1374,23600,,
2077421,20,2026-10-09,1374,23600,,
2077421,21,2026-09-15,1182,23600,,
2077421,21,2026-09-16,1182,23600,,
2077421,21,2026-09-17,1182,23600,,
2077421,21,2026-09-25,1443,23600,,
2077421,21,2026-09-26,1443,23600,,
2077421,21,2026-10-09,1443,23600,,
2077421,22,2026-09-15,1182,23600,,
2077421,22,2026-09-16,1182,23600,,
2077421,22,2026-09-17,1182,23600,,
2077421,22,2026-09-25,1443,23600,,
2077421,22,2026-09-26,1443,23600,,
2077421,22,2026-10-09,1443,23600,,
2077421,23,2026-09-15,1251,23600,,
2077421,23,2026-09-16,1251,23600,,
2077421,23,2026-09-17,1251,23600,,
2077421,23,2026-09-25,1512,23600,,
2077421,23,2026-09-26,1512,23600,,
2077421,23,2026-10-09,1512,23600,,
2077421,24,2026-09-15,1251,23600,,
2077421,24,2026-09-16,1251,23600,,
2077421,24,2026-09-17,1251,23600,,
2077421,24,2026-09-25,1512,23600,,
2077421,24,2026-09-26,1512,23600,,
2077421,24,2026-10-09,1512,23600,,
2077421,27,2026-09-15,1596,23600,,
2077421,27,2026-09-16,1596,23600,,
2077421,27,2026-09-17,1596,23600,,
2077421,27,2026-09-24,2005,23600,,
2077421,28,2026-09-15,1596,23600,,
2077421,28,2026-09-16,1596,23600,,
2077421,28,2026-09-17,1596,23600,,
2077421,28,2026-09-24,2005,23600,,
2077421,39,2026-09-15,1182,23600,,
2077421,39,2026-09-16,1182,23600,,
2077421,39,2026-09-17,1182,23600,,
2077421,39,2026-09-25,1443,23600,,
2077421,39,2026-09-26,1443,23600,,
2077421,39,2026-10-09,1443,23600,,
2077421,40,2026-09-15,1251,23600,,
2077421,40,2026-09-16,1251,23600,,
2077421,40,2026-09-17,1251,23600,,
2077421,40,2026-09-25,1512,23600,,
2077421,40,2026-09-26,1512,23600,,
2077421,40,2026-10-09,1512,23600,,
2077421,50,2026-09-25,1305,23600,,
2077421,50,2026-09-26,1305,23600,,
2077421,50,2026-10-09,1305,23600,,
2077421,83,2026-09-15,1182,23600,,
2077421,83,2026-09-16,1182,23600,,
2077421,83,2026-09-17,1182,23600,,
2077421,83,2026-09-25,1443,23600,,
2077421,83,2026-09-26,1443,23600,,
2077421,83,2026-10-09,1443,23600,,
2079707,17,2026-11-01,1428,23600,,
2079707,17,2026-11-02,1428,23600,,
2079707,17,2026-11-03,1428,23600,,
2079707,17,2026-11-04,1428,23600,,
2079707,17,2026-11-05,1428,23600,,
2079707,17,2026-11-12,1428,23600,,
2079707,17,2026-11-18,1428,23600,,
2079707,17,2026-11-19,1428,23600,,
2079707,17,2026-11-22,1428,23600,,
2079707,17,2026-11-23,1428,23600,,
2079707,18,2026-11-01,1428,23600,,
2079707,18,2026-11-02,1428,23600,,
2079707,18,2026-11-03,1428,23600,,
2079707,18,2026-11-04,1428,23600,,
2079707,18,2026-11-05,1428,23600,,
2079707,18,2026-11-12,1428,23600,,
2079707,18,2026-11-18,1428,23600,,
2079707,18,2026-11-19,1428,23600,,
2079707,18,2026-11-22,1428,23600,,
2079707,18,2026-11-23,1428,23600,,
2079707,19,2026-11-01,1497,23600,,
2079707,19,2026-11-02,1497,23600,,
2079707,19,2026-11-03,1497,23600,,
2079707,19,2026-11-04,1497,23600,,
2079707,19,2026-11-05,1497,23600,,
2079707,19,2026-11-12,1497,23600,,
2079707,19,2026-11-18,1497,23600,,
2079707,19,2026-11-19,1497,23600,,
2079707,19,2026-11-22,1497,23600,,
2079707,19,2026-11-23,1497,23600,,
2079707,20,2026-11-01,1497,23600,,
2079707,20,2026-11-02,1497,23600,,
2079707,20,2026-11-03,1497,23600,,
2079707,20,2026-11-04,1497,23600,,
2079707,20,2026-11-05,1497,23600,,
2079707,20,2026-11-12,1497,23600,,
2079707,20,2026-11-18,1497,23600,,
2079707,20,2026-11-19,1497,23600,,
2079707,20,2026-11-22,1497,23600,,
2079707,20,2026-11-23,1497,23600,,
2079707,50,2026-11-01,1428,23600,,
2079707,50,2026-11-02,1428,23600,,
2079707,50,2026-11-03,1428,23600,,
2079707,50,2026-11-04,1428,23600,,
2079707,50,2026-11-05,1428,23600,,
2079707,50,2026-11-12,1428,23600,,
2079707,50,2026-11-18,1428,23600,,
2079707,50,2026-11-19,1428,23600,,
2079707,50,2026-11-22,1428,23600,,
2079707,50,2026-11-23,1428,23600,,
2083696,17,2026-09-16,1613,23600,,
2083696,18,2026-09-16,1613,23600,,
2083696,19,2026-09-16,1751,23600,,
2083696,20,2026-09-16,1751,23600,,
2083696,21,2026-09-16,1889,23600,,
2083696,22,2026-09-16,1889,23600,,
2083696,23,2026-09-15,1992,23600,,
2083696,24,2026-09-15,1992,23600,,
2083696,25,2026-09-27,1715,23600,,
2083696,25,2026-10-05,1715,23600,,
2083696,25,2026-10-06,1715,23600,,
2083696,25,2026-10-07,1715,23600,,
2083696,25,2026-10-09,1715,23600,,
2083696,25,2026-10-10,1715,23600,,
2083696,25,2026-10-15,1715,23600,,
2083696,25,2026-10-18,1719,23600,,
2083696,25,2026-10-23,1702,23600,,
2083696,26,2026-09-27,1715,23600,,
2083696,26,2026-10-05,1715,23600,,
2083696,26,2026-10-06,1715,23600,,
2083696,26,2026-10-07,1715,23600,,
2083696,26,2026-10-09,1715,23600,,
2083696,26,2026-10-10,1715,23600,,
2083696,26,2026-10-15,1715,23600,,
2083696,26,2026-10-18,1719,23600,,
2083696,26,2026-10-23,1702,23600,,
2083696,27,2026-09-17,2527,23600,,
2083696,27,2026-09-18,2527,23600,,
2083696,27,2026-09-19,2527,23600,,
2083696,27,2026-09-20,2527,23600,,
2083696,27,2026-09-21,2527,23600,,
2083696,28,2026-09-17,2527,23600,,
2083696,28,2026-09-18,2527,23600,,
2083696,28,2026-09-19,2527,23600,,
2083696,28,2026-09-20,2527,23600,,
2083696,28,2026-09-21,2527,23600,,
2083696,39,2026-09-16,1889,23600,,
2083696,40,2026-09-15,1992,23600,,
2083696,45,2026-09-27,1991,23600,,
2083696,45,2026-10-05,1991,23600,,
2083696,45,2026-10-06,1991,23600,,
2083696,45,2026-10-07,1991,23600,,
2083696,45,2026-10-09,1991,23600,,
2083696,45,2026-10-10,1991,23600,,
2083696,45,2026-10-15,1991,23600,,
2083696,45,2026-10-18,1995,23600,,
2083696,45,2026-10-23,1978,23600,,
2083696,46,2026-09-27,1991,23600,,
2083696,46,2026-10-05,1991,23600,,
2083696,46,2026-10-06,1991,23600,,
2083696,46,2026-10-07,1991,23600,,
2083696,46,2026-10-09,1991,23600,,
2083696,46,2026-10-10,1991,23600,,
2083696,46,2026-10-15,1991,23600,,
2083696,46,2026-10-18,1995,23600,,
2083696,46,2026-10-23,1978,23600,,
2083696,50,2026-09-16,1613,23600,,
2083696,83,2026-09-16,1889,23600,,
2089527,15,2026-09-22,1476,23600,,
2089527,15,2026-09-23,1476,23600,,
2089527,15,2026-09-24,1476,23600,,
2089527,15,2026-09-27,1476,23600,,
2089527,15,2026-09-28,1476,23600,,
2089527,15,2026-09-29,1476,23600,,
2089527,15,2026-09-30,1476,23600,,
2089527,16,2026-09-22,1545,23600,,
2089527,16,2026-09-23,1545,23600,,
2089527,16,2026-09-24,1545,23600,,
2089527,16,2026-09-27,1545,23600,,
2089527,16,2026-09-28,1545,23600,,
2089527,16,2026-09-29,1545,23600,,
2089527,16,2026-09-30,1545,23600,,
2089527,17,2026-09-22,1579,23600,,
2089527,17,2026-09-23,1579,23600,,
2089527,17,2026-09-24,1579,23600,,
2089527,17,2026-09-27,1579,23600,,
2089527,17,2026-09-28,1579,23600,,
2089527,17,2026-09-29,1579,23600,,
2089527,17,2026-09-30,1579,23600,,
2089527,18,2026-09-22,1579,23600,,
2089527,18,2026-09-23,1579,23600,,
2089527,18,2026-09-24,1579,23600,,
2089527,18,2026-09-27,1579,23600,,
2089527,18,2026-09-28,1579,23600,,
2089527,18,2026-09-29,1579,23600,,
2089527,18,2026-09-30,1579,23600,,
2089527,19,2026-09-22,1648,23600,,
2089527,19,2026-09-23,1648,23600,,
2089527,19,2026-09-24,1648,23600,,
2089527,19,2026-09-27,1648,23600,,
2089527,19,2026-09-28,1648,23600,,
2089527,19,2026-09-29,1648,23600,,
2089527,19,2026-09-30,1648,23600,,
2089527,21,2026-09-22,1786,23600,,
2089527,21,2026-09-23,1786,23600,,
2089527,21,2026-09-24,1786,23600,,
2089527,21,2026-09-27,1786,23600,,
2089527,21,2026-09-28,1786,23600,,
2089527,21,2026-09-29,1786,23600,,
2089527,21,2026-09-30,1786,23600,,
2089527,22,2026-09-22,1786,23600,,
2089527,22,2026-09-23,1786,23600,,
2089527,22,2026-09-24,1786,23600,,
2089527,22,2026-09-27,1786,23600,,
2089527,22,2026-09-28,1786,23600,,
2089527,22,2026-09-29,1786,23600,,
2089527,22,2026-09-30,1786,23600,,
2089527,23,2026-09-22,1855,23600,,
2089527,23,2026-09-23,1855,23600,,
2089527,23,2026-09-24,1855,23600,,
2089527,23,2026-09-27,1855,23600,,
2089527,23,2026-09-28,1855,23600,,
2089527,23,2026-09-29,1855,23600,,
2089527,23,2026-09-30,1855,23600,,
2089527,24,2026-09-22,1855,23600,,
2089527,24,2026-09-23,1855,23600,,
2089527,24,2026-09-24,1855,23600,,
2089527,24,2026-09-27,1855,23600,,
2089527,24,2026-09-28,1855,23600,,
2089527,24,2026-09-29,1855,23600,,
2089527,24,2026-09-30,1855,23600,,
2089527,27,2026-11-15,2237,23600,,
2089527,27,2026-11-16,2237,23600,,
2089527,27,2026-11-17,2237,23600,,
2089527,28,2026-11-15,2237,23600,,
2089527,28,2026-11-16,2237,23600,,
2089527,28,2026-11-17,2237,23600,,
2089527,29,2026-09-22,2235,23600,,
2089527,29,2026-09-23,2235,23600,,
2089527,29,2026-09-24,2235,23600,,
2089527,29,2026-09-27,2235,23600,,
2089527,29,2026-09-28,2235,23600,,
2089527,29,2026-09-29,2235,23600,,
2089527,29,2026-09-30,2235,23600,,
2089527,30,2026-09-22,2235,23600,,
2089527,30,2026-09-23,2235,23600,,
2089527,30,2026-09-24,2235,23600,,
2089527,30,2026-09-27,2235,23600,,
2089527,30,2026-09-28,2235,23600,,
2089527,30,2026-09-29,2235,23600,,
2089527,30,2026-09-30,2235,23600,,
2089527,31,2026-09-22,2235,23600,,
2089527,31,2026-09-23,2235,23600,,
2089527,31,2026-09-24,2235,23600,,
2089527,31,2026-09-27,2235,23600,,
2089527,31,2026-09-28,2235,23600,,
2089527,31,2026-09-29,2235,23600,,
2089527,31,2026-09-30,2235,23600,,
2089527,32,2026-09-22,2373,23600,,
2089527,32,2026-09-23,2373,23600,,
2089527,32,2026-09-24,2373,23600,,
2089527,32,2026-09-27,2373,23600,,
2089527,32,2026-09-28,2373,23600,,
2089527,32,2026-09-29,2373,23600,,
2089527,32,2026-09-30,2373,23600,,
2089527,33,2026-09-22,2373,23600,,
2089527,33,2026-09-23,2373,23600,,
2089527,33,2026-09-24,2373,23600,,
2089527,33,2026-09-27,2373,23600,,
2089527,33,2026-09-28,2373,23600,,
2089527,33,2026-09-29,2373,23600,,
2089527,33,2026-09-30,2373,23600,,
2089527,34,2026-09-22,2373,23600,,
2089527,34,2026-09-23,2373,23600,,
2089527,34,2026-09-24,2373,23600,,
2089527,34,2026-09-27,2373,23600,,
2089527,34,2026-09-28,2373,23600,,
2089527,34,2026-09-29,2373,23600,,
2089527,34,2026-09-30,2373,23600,,
2089527,35,2026-09-22,2925,23600,,
2089527,35,2026-09-23,2925,23600,,
2089527,35,2026-09-24,2925,23600,,
2089527,35,2026-09-27,2925,23600,,
2089527,35,2026-09-28,2925,23600,,
2089527,35,2026-09-29,2925,23600,,
2089527,35,2026-09-30,2925,23600,,
2089527,36,2026-09-22,2925,23600,,
2089527,36,2026-09-23,2925,23600,,
2089527,36,2026-09-24,2925,23600,,
2089527,36,2026-09-27,2925,23600,,
2089527,36,2026-09-28,2925,23600,,
2089527,36,2026-09-29,2925,23600,,
2089527,36,2026-09-30,2925,23600,,
2089527,38,2026-09-22,1476,23600,,
2089527,38,2026-09-23,1476,23600,,
2089527,38,2026-09-24,1476,23600,,
2089527,38,2026-09-27,1476,23600,,
2089527,38,2026-09-28,1476,23600,,
2089527,38,2026-09-29,1476,23600,,
2089527,38,2026-09-30,1476,23600,,
2089527,39,2026-09-22,1786,23600,,
2089527,39,2026-09-23,1786,23600,,
2089527,39,2026-09-24,1786,23600,,
2089527,39,2026-09-27,1786,23600,,
2089527,39,2026-09-28,1786,23600,,
2089527,39,2026-09-29,1786,23600,,
2089527,39,2026-09-30,1786,23600,,
2089527,40,2026-09-22,1855,23600,,
2089527,40,2026-09-23,1855,23600,,
2089527,40,2026-09-24,1855,23600,,
2089527,40,2026-09-27,1855,23600,,
2089527,40,2026-09-28,1855,23600,,
2089527,40,2026-09-29,1855,23600,,
2089527,40,2026-09-30,1855,23600,,
2089527,57,2026-09-22,2235,23600,,
2089527,57,2026-09-23,2235,23600,,
2089527,57,2026-09-24,2235,23600,,
2089527,57,2026-09-27,2235,23600,,
2089527,57,2026-09-28,2235,23600,,
2089527,57,2026-09-29,2235,23600,,
2089527,57,2026-09-30,2235,23600,,
2089527,83,2026-09-22,1786,23600,,
2089527,83,2026-09-23,1786,23600,,
2089527,83,2026-09-24,1786,23600,,
2089527,83,2026-09-27,1786,23600,,
2089527,83,2026-09-28,1786,23600,,
2089527,83,2026-09-29,1786,23600,,
2089527,83,2026-09-30,1786,23600,,
2345375,27,2026-10-13,1662,23600,,
2345375,27,2026-10-14,1662,23600,,
2345375,27,2026-11-07,1659,23600,,
2345375,28,2026-10-13,1662,23600,,
2345375,28,2026-10-14,1662,23600,,
2345375,28,2026-11-07,1659,23600,,
2686403,29,2026-09-20,1871,23600,,
2686403,29,2026-09-21,1871,23600,,
2686403,30,2026-09-20,1871,23600,,
2686403,30,2026-09-21,1871,23600,,
2686403,31,2026-09-20,1871,23600,,
2686403,31,2026-09-21,1871,23600,,
2686403,32,2026-09-20,2009,23600,,
2686403,32,2026-09-21,2009,23600,,
2686403,33,2026-09-20,2009,23600,,
2686403,33,2026-09-21,2009,23600,,
2686403,34,2026-09-20,2009,23600,,
2686403,34,2026-09-21,2009,23600,,
2686403,35,2026-09-20,2423,23600,,
2686403,35,2026-09-21,2423,23600,,
2686403,36,2026-09-20,2423,23600,,
2686403,36,2026-09-21,2423,23600,,
2686403,57,2026-09-20,1871,23600,,
2686403,57,2026-09-21,1871,23600,,
3001380,24179,2026-09-23,3906,23600,,
3001380,24179,2026-09-24,3906,23600,,
3001380,24179,2026-09-25,3906,23600,,
3001380,24179,2026-09-26,3906,23600,,
3001380,24179,2026-09-27,3906,23600,,
3001380,24179,2026-09-28,3906,23600,,
3001380,24179,2026-09-29,3906,23600,,
3001380,24179,2026-09-30,3906,23600,,
3001380,24179,2026-10-02,3906,23600,,
3001380,24179,2026-10-04,3906,23600,,
3001380,24179,2026-10-05,3906,23600,,
3001380,24179,2026-10-06,3906,23600,,
3001380,24179,2026-10-07,3906,23600,,
3001380,24179,2026-10-08,3906,23600,,
3001380,24179,2026-10-09,3906,23600,,
3001380,24179,2026-10-10,3906,23600,,
3001380,24179,2026-10-11,3906,23600,,
3001380,24179,2026-10-12,3906,23600,,
3001380,24179,2026-10-13,3906,23600,,
3001380,24179,2026-10-14,3906,23600,,
3001380,24179,2026-10-15,3906,23600,,
3001380,24179,2026-10-17,3906,23600,,
3001380,24179,2026-10-18,3906,23600,,
3001380,24179,2026-10-19,3906,23600,,
3001380,24179,2026-10-20,3906,23600,,
3001380,24179,2026-10-21,3906,23600,,
3001380,24179,2026-10-22,3906,23600,,
3001380,24179,2026-10-23,3906,23600,,
3001380,24179,2026-10-24,3906,23600,,
3001380,24179,2026-10-26,3906,23600,,
3001380,24179,2026-10-27,3906,23600,,
3001380,24179,2026-10-28,3906,23600,,
3001380,24179,2026-10-29,3906,23600,,
3001380,24179,2026-10-30,3906,23600,,
3001380,24179,2026-10-31,3906,23600,,
3001380,24179,2026-11-01,3906,23600,,
3001380,24179,2026-11-02,3906,23600,,
3001380,24179,2026-11-03,3906,23600,,
3001380,24179,2026-11-04,3906,23600,,
3001380,24179,2026-11-05,3906,23600,,
3001380,24179,2026-11-06,3906,23600,,
3001380,24179,2026-11-07,3906,23600,,
3001380,24179,2026-11-08,3906,23600,,
3001380,24179,2026-11-09,3906,23600,,
3001380,24179,2026-11-10,3906,23600,,
3001380,24179,2026-11-11,3906,23600,,
3001380,24179,2026-11-12,3906,23600,,
3001380,24179,2026-11-13,3906,23600,,
3001380,24179,2026-11-14,3906,23600,,
3001380,24179,2026-11-15,3906,23600,,
3001380,24179,2026-11-16,3906,23600,,
3001380,24179,2026-11-17,3906,23600,,
3001380,24179,2026-11-18,3906,23600,,
3001380,24179,2026-11-19,3906,23600,,
3001380,24179,2026-11-22,3906,23600,,
3001380,24179,2026-11-23,3906,23600,,
3001380,24179,2026-11-27,3906,23600,,
3001380,24179,2026-11-28,3906,23600,,
3001380,24179,2026-11-29,3906,23600,,
3001380,24179,2026-11-30,3906,23600,,
3001380,24179,2026-12-01,3906,23600,,
3001380,24179,2026-12-07,3906,23600,,
3001380,24179,2026-12-08,3906,23600,,
3001380,24179,2026-12-09,3906,23600,,
3001380,24179,2026-12-10,3906,23600,,
3001380,24179,2026-12-13,3906,23600,,
3001380,24179,2026-12-14,3906,23600,,
3001380,29,2026-09-23,3906,23600,,
3001380,29,2026-09-24,3906,23600,,
3001380,29,2026-09-25,3906,23600,,
3001380,29,2026-09-26,3906,23600,,
3001380,29,2026-09-27,3906,23600,,
3001380,29,2026-09-28,3906,23600,,
3001380,29,2026-09-29,3906,23600,,
3001380,29,2026-09-30,3906,23600,,
3001380,29,2026-10-02,3906,23600,,
3001380,29,2026-10-04,3906,23600,,
3001380,29,2026-10-05,3906,23600,,
3001380,29,2026-10-06,3906,23600,,
3001380,29,2026-10-07,3906,23600,,
3001380,29,2026-10-08,3906,23600,,
3001380,29,2026-10-09,3906,23600,,
3001380,29,2026-10-10,3906,23600,,
3001380,29,2026-10-11,3906,23600,,
3001380,29,2026-10-12,3906,23600,,
3001380,29,2026-10-13,3906,23600,,
3001380,29,2026-10-14,3906,23600,,
3001380,29,2026-10-15,3906,23600,,
3001380,29,2026-10-17,3906,23600,,
3001380,29,2026-10-18,3906,23600,,
3001380,29,2026-10-19,3906,23600,,
3001380,29,2026-10-20,3906,23600,,
3001380,29,2026-10-21,3906,23600,,
3001380,29,2026-10-22,3906,23600,,
3001380,29,2026-10-23,3906,23600,,
3001380,29,2026-10-24,3906,23600,,
3001380,29,2026-10-26,3906,23600,,
3001380,29,2026-10-27,3906,23600,,
3001380,29,2026-10-28,3906,23600,,
3001380,29,2026-10-29,3906,23600,,
3001380,29,2026-10-30,3906,23600,,
3001380,29,2026-10-31,3906,23600,,
3001380,29,2026-11-01,3906,23600,,
3001380,29,2026-11-02,3906,23600,,
3001380,29,2026-11-03,3906,23600,,
3001380,29,2026-11-04,3906,23600,,
3001380,29,2026-11-05,3906,23600,,
3001380,29,2026-11-06,3906,23600,,
3001380,29,2026-11-07,3906,23600,,
3001380,29,2026-11-08,3906,23600,,
3001380,29,2026-11-09,3906,23600,,
3001380,29,2026-11-10,3906,23600,,
3001380,29,2026-11-11,3906,23600,,
3001380,29,2026-11-12,3906,23600,,
3001380,29,2026-11-13,3906,23600,,
3001380,29,2026-11-14,3906,23600,,
3001380,29,2026-11-15,3906,23600,,
3001380,29,2026-11-16,3906,23600,,
3001380,29,2026-11-17,3906,23600,,
3001380,29,2026-11-18,3906,23600,,
3001380,29,2026-11-19,3906,23600,,
3001380,29,2026-11-22,3906,23600,,
3001380,29,2026-11-23,3906,23600,,
3001380,29,2026-11-27,3906,23600,,
3001380,29,2026-11-28,3906,23600,,
3001380,29,2026-11-29,3906,23600,,
3001380,29,2026-11-30,3906,23600,,
3001380,29,2026-12-01,3906,23600,,
3001380,29,2026-12-07,3906,23600,,
3001380,29,2026-12-08,3906,23600,,
3001380,29,2026-12-09,3906,23600,,
3001380,29,2026-12-10,3906,23600,,
3001380,29,2026-12-13,3906,23600,,
3001380,29,2026-12-14,3906,23600,,
3001380,30,2026-09-23,3906,23600,,
3001380,30,2026-09-24,3906,23600,,
3001380,30,2026-09-25,3906,23600,,
3001380,30,2026-09-26,3906,23600,,
3001380,30,2026-09-27,3906,23600,,
3001380,30,2026-09-28,3906,23600,,
3001380,30,2026-09-29,3906,23600,,
3001380,30,2026-09-30,3906,23600,,
3001380,30,2026-10-02,3906,23600,,
3001380,30,2026-10-04,3906,23600,,
3001380,30,2026-10-05,3906,23600,,
3001380,30,2026-10-06,3906,23600,,
3001380,30,2026-10-07,3906,23600,,
3001380,30,2026-10-08,3906,23600,,
3001380,30,2026-10-09,3906,23600,,
3001380,30,2026-10-10,3906,23600,,
3001380,30,2026-10-11,3906,23600,,
3001380,30,2026-10-12,3906,23600,,
3001380,30,2026-10-13,3906,23600,,
3001380,30,2026-10-14,3906,23600,,
3001380,30,2026-10-15,3906,23600,,
3001380,30,2026-10-17,3906,23600,,
3001380,30,2026-10-18,3906,23600,,
3001380,30,2026-10-19,3906,23600,,
3001380,30,2026-10-20,3906,23600,,
3001380,30,2026-10-21,3906,23600,,
3001380,30,2026-10-22,3906,23600,,
3001380,30,2026-10-23,3906,23600,,
3001380,30,2026-10-24,3906,23600,,
3001380,30,2026-10-26,3906,23600,,
3001380,30,2026-10-27,3906,23600,,
3001380,30,2026-10-28,3906,23600,,
3001380,30,2026-10-29,3906,23600,,
3001380,30,2026-10-30,3906,23600,,
3001380,30,2026-10-31,3906,23600,,
3001380,30,2026-11-01,3906,23600,,
3001380,30,2026-11-02,3906,23600,,
3001380,30,2026-11-03,3906,23600,,
3001380,30,2026-11-04,3906,23600,,
3001380,30,2026-11-05,3906,23600,,
3001380,30,2026-11-06,3906,23600,,
3001380,30,2026-11-07,3906,23600,,
3001380,30,2026-11-08,3906,23600,,
3001380,30,2026-11-09,3906,23600,,
3001380,30,2026-11-10,3906,23600,,
3001380,30,2026-11-11,3906,23600,,
3001380,30,2026-11-12,3906,23600,,
3001380,30,2026-11-13,3906,23600,,
3001380,30,2026-11-14,3906,23600,,
3001380,30,2026-11-15,3906,23600,,
3001380,30,2026-11-16,3906,23600,,
3001380,30,2026-11-17,3906,23600,,
3001380,30,2026-11-18,3906,23600,,
3001380,30,2026-11-19,3906,23600,,
3001380,30,2026-11-22,3906,23600,,
3001380,30,2026-11-23,3906,23600,,
3001380,30,2026-11-27,3906,23600,,
3001380,30,2026-11-28,3906,23600,,
3001380,30,2026-11-29,3906,23600,,
3001380,30,2026-11-30,3906,23600,,
3001380,30,2026-12-01,3906,23600,,
3001380,30,2026-12-07,3906,23600,,
3001380,30,2026-12-08,3906,23600,,
3001380,30,2026-12-09,3906,23600,,
3001380,30,2026-12-10,3906,23600,,
3001380,30,2026-12-13,3906,23600,,
3001380,30,2026-12-14,3906,23600,,
3001380,31,2026-09-23,3906,23600,,
3001380,31,2026-09-24,3906,23600,,
3001380,31,2026-09-25,3906,23600,,
3001380,31,2026-09-26,3906,23600,,
3001380,31,2026-09-27,3906,23600,,
3001380,31,2026-09-28,3906,23600,,
3001380,31,2026-09-29,3906,23600,,
3001380,31,2026-09-30,3906,23600,,
3001380,31,2026-10-02,3906,23600,,
3001380,31,2026-10-04,3906,23600,,
3001380,31,2026-10-05,3906,23600,,
3001380,31,2026-10-06,3906,23600,,
3001380,31,2026-10-07,3906,23600,,
3001380,31,2026-10-08,3906,23600,,
3001380,31,2026-10-09,3906,23600,,
3001380,31,2026-10-10,3906,23600,,
3001380,31,2026-10-11,3906,23600,,
3001380,31,2026-10-12,3906,23600,,
3001380,31,2026-10-13,3906,23600,,
3001380,31,2026-10-14,3906,23600,,
3001380,31,2026-10-15,3906,23600,,
3001380,31,2026-10-17,3906,23600,,
3001380,31,2026-10-18,3906,23600,,
3001380,31,2026-10-19,3906,23600,,
3001380,31,2026-10-20,3906,23600,,
3001380,31,2026-10-21,3906,23600,,
3001380,31,2026-10-22,3906,23600,,
3001380,31,2026-10-23,3906,23600,,
3001380,31,2026-10-24,3906,23600,,
3001380,31,2026-10-26,3906,23600,,
3001380,31,2026-10-27,3906,23600,,
3001380,31,2026-10-28,3906,23600,,
3001380,31,2026-10-29,3906,23600,,
3001380,31,2026-10-30,3906,23600,,
3001380,31,2026-10-31,3906,23600,,
3001380,31,2026-11-01,3906,23600,,
3001380,31,2026-11-02,3906,23600,,
3001380,31,2026-11-03,3906,23600,,
3001380,31,2026-11-04,3906,23600,,
3001380,31,2026-11-05,3906,23600,,
3001380,31,2026-11-06,3906,23600,,
3001380,31,2026-11-07,3906,23600,,
3001380,31,2026-11-08,3906,23600,,
3001380,31,2026-11-09,3906,23600,,
3001380,31,2026-11-10,3906,23600,,
3001380,31,2026-11-11,3906,23600,,
3001380,31,2026-11-12,3906,23600,,
3001380,31,2026-11-13,3906,23600,,
3001380,31,2026-11-14,3906,23600,,
3001380,31,2026-11-15,3906,23600,,
3001380,31,2026-11-16,3906,23600,,
3001380,31,2026-11-17,3906,23600,,
3001380,31,2026-11-18,3906,23600,,
3001380,31,2026-11-19,3906,23600,,
3001380,31,2026-11-22,3906,23600,,
3001380,31,2026-11-23,3906,23600,,
3001380,31,2026-11-27,3906,23600,,
3001380,31,2026-11-28,3906,23600,,
3001380,31,2026-11-29,3906,23600,,
3001380,31,2026-11-30,3906,23600,,
3001380,31,2026-12-01,3906,23600,,
3001380,31,2026-12-07,3906,23600,,
3001380,31,2026-12-08,3906,23600,,
3001380,31,2026-12-09,3906,23600,,
3001380,31,2026-12-10,3906,23600,,
3001380,31,2026-12-13,3906,23600,,
3001380,31,2026-12-14,3906,23600,,
3001380,32,2026-09-23,4113,23600,,
3001380,32,2026-09-24,4113,23600,,
3001380,32,2026-09-25,4113,23600,,
3001380,32,2026-09-26,4113,23600,,
3001380,32,2026-09-27,4113,23600,,
3001380,32,2026-09-28,4113,23600,,
3001380,32,2026-09-29,4113,23600,,
3001380,32,2026-09-30,4113,23600,,
3001380,32,2026-10-02,4113,23600,,
3001380,32,2026-10-04,4113,23600,,
3001380,32,2026-10-05,4113,23600,,
3001380,32,2026-10-06,4113,23600,,
3001380,32,2026-10-07,4113,23600,,
3001380,32,2026-10-08,4113,23600,,
3001380,32,2026-10-09,4113,23600,,
3001380,32,2026-10-10,4113,23600,,
3001380,32,2026-10-11,4113,23600,,
3001380,32,2026-10-12,4113,23600,,
3001380,32,2026-10-13,4113,23600,,
3001380,32,2026-10-14,4113,23600,,
3001380,32,2026-10-15,4113,23600,,
3001380,32,2026-10-17,4113,23600,,
3001380,32,2026-10-18,4113,23600,,
3001380,32,2026-10-19,4113,23600,,
3001380,32,2026-10-20,4113,23600,,
3001380,32,2026-10-21,4113,23600,,
3001380,32,2026-10-22,4113,23600,,
3001380,32,2026-10-23,4113,23600,,
3001380,32,2026-10-24,4113,23600,,
3001380,32,2026-10-26,4113,23600,,
3001380,32,2026-10-27,4113,23600,,
3001380,32,2026-10-28,4113,23600,,
3001380,32,2026-10-29,4113,23600,,
3001380,32,2026-10-30,4113,23600,,
3001380,32,2026-10-31,4113,23600,,
3001380,32,2026-11-01,4113,23600,,
3001380,32,2026-11-02,4113,23600,,
3001380,32,2026-11-03,4113,23600,,
3001380,32,2026-11-04,4113,23600,,
3001380,32,2026-11-05,4113,23600,,
3001380,32,2026-11-06,4113,23600,,
3001380,32,2026-11-07,4113,23600,,
3001380,32,2026-11-08,4113,23600,,
3001380,32,2026-11-09,4113,23600,,
3001380,32,2026-11-10,4113,23600,,
3001380,32,2026-11-11,4113,23600,,
3001380,32,2026-11-12,4113,23600,,
3001380,32,2026-11-13,4113,23600,,
3001380,32,2026-11-14,4113,23600,,
3001380,32,2026-11-15,4113,23600,,
3001380,32,2026-11-16,4113,23600,,
3001380,32,2026-11-17,4113,23600,,
3001380,32,2026-11-18,4113,23600,,
3001380,32,2026-11-19,4113,23600,,
3001380,32,2026-11-22,4113,23600,,
3001380,32,2026-11-23,4113,23600,,
3001380,32,2026-11-27,4113,23600,,
3001380,32,2026-11-28,4113,23600,,
3001380,32,2026-11-29,4113,23600,,
3001380,32,2026-11-30,4113,23600,,
3001380,32,2026-12-01,4113,23600,,
3001380,32,2026-12-07,4113,23600,,
3001380,32,2026-12-08,4113,23600,,
3001380,32,2026-12-09,4113,23600,,
3001380,32,2026-12-10,4113,23600,,
3001380,32,2026-12-13,4113,23600,,
3001380,32,2026-12-14,4113,23600,,
3001380,33,2026-09-23,4113,23600,,
3001380,33,2026-09-24,4113,23600,,
3001380,33,2026-09-25,4113,23600,,
3001380,33,2026-09-26,4113,23600,,
3001380,33,2026-09-27,4113,23600,,
3001380,33,2026-09-28,4113,23600,,
3001380,33,2026-09-29,4113,23600,,
3001380,33,2026-09-30,4113,23600,,
3001380,33,2026-10-02,4113,23600,,
3001380,33,2026-10-04,4113,23600,,
3001380,33,2026-10-05,4113,23600,,
3001380,33,2026-10-06,4113,23600,,
3001380,33,2026-10-07,4113,23600,,
3001380,33,2026-10-08,4113,23600,,
3001380,33,2026-10-09,4113,23600,,
3001380,33,2026-10-10,4113,23600,,
3001380,33,2026-10-11,4113,23600,,
3001380,33,2026-10-12,4113,23600,,
3001380,33,2026-10-13,4113,23600,,
3001380,33,2026-10-14,4113,23600,,
3001380,33,2026-10-15,4113,23600,,
3001380,33,2026-10-17,4113,23600,,
3001380,33,2026-10-18,4113,23600,,
3001380,33,2026-10-19,4113,23600,,
3001380,33,2026-10-20,4113,23600,,
3001380,33,2026-10-21,4113,23600,,
3001380,33,2026-10-22,4113,23600,,
3001380,33,2026-10-23,4113,23600,,
3001380,33,2026-10-24,4113,23600,,
3001380,33,2026-10-26,4113,23600,,
3001380,33,2026-10-27,4113,23600,,
3001380,33,2026-10-28,4113,23600,,
3001380,33,2026-10-29,4113,23600,,
3001380,33,2026-10-30,4113,23600,,
3001380,33,2026-10-31,4113,23600,,
3001380,33,2026-11-01,4113,23600,,
3001380,33,2026-11-02,4113,23600,,
3001380,33,2026-11-03,4113,23600,,
3001380,33,2026-11-04,4113,23600,,
3001380,33,2026-11-05,4113,23600,,
3001380,33,2026-11-06,4113,23600,,
3001380,33,2026-11-07,4113,23600,,
3001380,33,2026-11-08,4113,23600,,
3001380,33,2026-11-09,4113,23600,,
3001380,33,2026-11-10,4113,23600,,
3001380,33,2026-11-11,4113,23600,,
3001380,33,2026-11-12,4113,23600,,
3001380,33,2026-11-13,4113,23600,,
3001380,33,2026-11-14,4113,23600,,
3001380,33,2026-11-15,4113,23600,,
3001380,33,2026-11-16,4113,23600,,
3001380,33,2026-11-17,4113,23600,,
3001380,33,2026-11-18,4113,23600,,
3001380,33,2026-11-19,4113,23600,,
3001380,33,2026-11-22,4113,23600,,
3001380,33,2026-11-23,4113,23600,,
3001380,33,2026-11-27,4113,23600,,
3001380,33,2026-11-28,4113,23600,,
3001380,33,2026-11-29,4113,23600,,
3001380,33,2026-11-30,4113,23600,,
3001380,33,2026-12-01,4113,23600,,
3001380,33,2026-12-07,4113,23600,,
3001380,33,2026-12-08,4113,23600,,
3001380,33,2026-12-09,4113,23600,,
3001380,33,2026-12-10,4113,23600,,
3001380,33,2026-12-13,4113,23600,,
3001380,33,2026-12-14,4113,23600,,
3001380,34,2026-09-23,4113,23600,,
3001380,34,2026-09-24,4113,23600,,
3001380,34,2026-09-25,4113,23600,,
3001380,34,2026-09-26,4113,23600,,
3001380,34,2026-09-27,4113,23600,,
3001380,34,2026-09-28,4113,23600,,
3001380,34,2026-09-29,4113,23600,,
3001380,34,2026-09-30,4113,23600,,
3001380,34,2026-10-02,4113,23600,,
3001380,34,2026-10-04,4113,23600,,
3001380,34,2026-10-05,4113,23600,,
3001380,34,2026-10-06,4113,23600,,
3001380,34,2026-10-07,4113,23600,,
3001380,34,2026-10-08,4113,23600,,
3001380,34,2026-10-09,4113,23600,,
3001380,34,2026-10-10,4113,23600,,
3001380,34,2026-10-11,4113,23600,,
3001380,34,2026-10-12,4113,23600,,
3001380,34,2026-10-13,4113,23600,,
3001380,34,2026-10-14,4113,23600,,
3001380,34,2026-10-15,4113,23600,,
3001380,34,2026-10-17,4113,23600,,
3001380,34,2026-10-18,4113,23600,,
3001380,34,2026-10-19,4113,23600,,
3001380,34,2026-10-20,4113,23600,,
3001380,34,2026-10-21,4113,23600,,
3001380,34,2026-10-22,4113,23600,,
3001380,34,2026-10-23,4113,23600,,
3001380,34,2026-10-24,4113,23600,,
3001380,34,2026-10-26,4113,23600,,
3001380,34,2026-10-27,4113,23600,,
3001380,34,2026-10-28,4113,23600,,
3001380,34,2026-10-29,4113,23600,,
3001380,34,2026-10-30,4113,23600,,
3001380,34,2026-10-31,4113,23600,,
3001380,34,2026-11-01,4113,23600,,
3001380,34,2026-11-02,4113,23600,,
3001380,34,2026-11-03,4113,23600,,
3001380,34,2026-11-04,4113,23600,,
3001380,34,2026-11-05,4113,23600,,
3001380,34,2026-11-06,4113,23600,,
3001380,34,2026-11-07,4113,23600,,
3001380,34,2026-11-08,4113,23600,,
3001380,34,2026-11-09,4113,23600,,
3001380,34,2026-11-10,4113,23600,,
3001380,34,2026-11-11,4113,23600,,
3001380,34,2026-11-12,4113,23600,,
3001380,34,2026-11-13,4113,23600,,
3001380,34,2026-11-14,4113,23600,,
3001380,34,2026-11-15,4113,23600,,
3001380,34,2026-11-16,4113,23600,,
3001380,34,2026-11-17,4113,23600,,
3001380,34,2026-11-18,4113,23600,,
3001380,34,2026-11-19,4113,23600,,
3001380,34,2026-11-22,4113,23600,,
3001380,34,2026-11-23,4113,23600,,
3001380,34,2026-11-27,4113,23600,,
3001380,34,2026-11-28,4113,23600,,
3001380,34,2026-11-29,4113,23600,,
3001380,34,2026-11-30,4113,23600,,
3001380,34,2026-12-01,4113,23600,,
3001380,34,2026-12-07,4113,23600,,
3001380,34,2026-12-08,4113,23600,,
3001380,34,2026-12-09,4113,23600,,
3001380,34,2026-12-10,4113,23600,,
3001380,34,2026-12-13,4113,23600,,
3001380,34,2026-12-14,4113,23600,,
3001380,35,2026-09-23,4527,23600,,
3001380,35,2026-09-24,4527,23600,,
3001380,35,2026-09-25,4527,23600,,
3001380,35,2026-09-26,4527,23600,,
3001380,35,2026-09-27,4527,23600,,
3001380,35,2026-09-28,4527,23600,,
3001380,35,2026-09-29,4527,23600,,
3001380,35,2026-09-30,4527,23600,,
3001380,35,2026-10-02,4527,23600,,
3001380,35,2026-10-04,4527,23600,,
3001380,35,2026-10-05,4527,23600,,
3001380,35,2026-10-06,4527,23600,,
3001380,35,2026-10-07,4527,23600,,
3001380,35,2026-10-08,4527,23600,,
3001380,35,2026-10-09,4527,23600,,
3001380,35,2026-10-10,4527,23600,,
3001380,35,2026-10-11,4527,23600,,
3001380,35,2026-10-12,4527,23600,,
3001380,35,2026-10-13,4527,23600,,
3001380,35,2026-10-14,4527,23600,,
3001380,35,2026-10-15,4527,23600,,
3001380,35,2026-10-17,4527,23600,,
3001380,35,2026-10-18,4527,23600,,
3001380,35,2026-10-19,4527,23600,,
3001380,35,2026-10-20,4527,23600,,
3001380,35,2026-10-21,4527,23600,,
3001380,35,2026-10-22,4527,23600,,
3001380,35,2026-10-23,4527,23600,,
3001380,35,2026-10-24,4527,23600,,
3001380,35,2026-10-26,4527,23600,,
3001380,35,2026-10-27,4527,23600,,
3001380,35,2026-10-28,4527,23600,,
3001380,35,2026-10-29,4527,23600,,
3001380,35,2026-10-30,4527,23600,,
3001380,35,2026-10-31,4527,23600,,
3001380,35,2026-11-01,4527,23600,,
3001380,35,2026-11-02,4527,23600,,
3001380,35,2026-11-03,4527,23600,,
3001380,35,2026-11-04,4527,23600,,
3001380,35,2026-11-05,4527,23600,,
3001380,35,2026-11-06,4527,23600,,
3001380,35,2026-11-07,4527,23600,,
3001380,35,2026-11-08,4527,23600,,
3001380,35,2026-11-09,4527,23600,,
3001380,35,2026-11-10,4527,23600,,
3001380,35,2026-11-11,4527,23600,,
3001380,35,2026-11-12,4527,23600,,
3001380,35,2026-11-13,4527,23600,,
3001380,35,2026-11-14,4527,23600,,
3001380,35,2026-11-15,4527,23600,,
3001380,35,2026-11-16,4527,23600,,
3001380,35,2026-11-17,4527,23600,,
3001380,35,2026-11-18,4527,23600,,
3001380,35,2026-11-19,4527,23600,,
3001380,35,2026-11-22,4527,23600,,
3001380,35,2026-11-23,4527,23600,,
3001380,35,2026-11-27,4527,23600,,
3001380,35,2026-11-28,4527,23600,,
3001380,35,2026-11-29,4527,23600,,
3001380,35,2026-11-30,4527,23600,,
3001380,35,2026-12-01,4527,23600,,
3001380,35,2026-12-07,4527,23600,,
3001380,35,2026-12-08,4527,23600,,
3001380,35,2026-12-09,4527,23600,,
3001380,35,2026-12-10,4527,23600,,
3001380,35,2026-12-13,4527,23600,,
3001380,35,2026-12-14,4527,23600,,
3001380,36,2026-09-23,4527,23600,,
3001380,36,2026-09-24,4527,23600,,
3001380,36,2026-09-25,4527,23600,,
3001380,36,2026-09-26,4527,23600,,
3001380,36,2026-09-27,4527,23600,,
3001380,36,2026-09-28,4527,23600,,
3001380,36,2026-09-29,4527,23600,,
3001380,36,2026-09-30,4527,23600,,
3001380,36,2026-10-02,4527,23600,,
3001380,36,2026-10-04,4527,23600,,
3001380,36,2026-10-05,4527,23600,,
3001380,36,2026-10-06,4527,23600,,
3001380,36,2026-10-07,4527,23600,,
3001380,36,2026-10-08,4527,23600,,
3001380,36,2026-10-09,4527,23600,,
3001380,36,2026-10-10,4527,23600,,
3001380,36,2026-10-11,4527,23600,,
3001380,36,2026-10-12,4527,23600,,
3001380,36,2026-10-13,4527,23600,,
3001380,36,2026-10-14,4527,23600,,
3001380,36,2026-10-15,4527,23600,,
3001380,36,2026-10-17,4527,23600,,
3001380,36,2026-10-18,4527,23600,,
3001380,36,2026-10-19,4527,23600,,
3001380,36,2026-10-20,4527,23600,,
3001380,36,2026-10-21,4527,23600,,
3001380,36,2026-10-22,4527,23600,,
3001380,36,2026-10-23,4527,23600,,
3001380,36,2026-10-24,4527,23600,,
3001380,36,2026-10-26,4527,23600,,
3001380,36,2026-10-27,4527,23600,,
3001380,36,2026-10-28,4527,23600,,
3001380,36,2026-10-29,4527,23600,,
3001380,36,2026-10-30,4527,23600,,
3001380,36,2026-10-31,4527,23600,,
3001380,36,2026-11-01,4527,23600,,
3001380,36,2026-11-02,4527,23600,,
3001380,36,2026-11-03,4527,23600,,
3001380,36,2026-11-04,4527,23600,,
3001380,36,2026-11-05,4527,23600,,
3001380,36,2026-11-06,4527,23600,,
3001380,36,2026-11-07,4527,23600,,
3001380,36,2026-11-08,4527,23600,,
3001380,36,2026-11-09,4527,23600,,
3001380,36,2026-11-10,4527,23600,,
3001380,36,2026-11-11,4527,23600,,
3001380,36,2026-11-12,4527,23600,,
3001380,36,2026-11-13,4527,23600,,
3001380,36,2026-11-14,4527,23600,,
3001380,36,2026-11-15,4527,23600,,
3001380,36,2026-11-16,4527,23600,,
3001380,36,2026-11-17,4527,23600,,
3001380,36,2026-11-18,4527,23600,,
3001380,36,2026-11-19,4527,23600,,
3001380,36,2026-11-22,4527,23600,,
3001380,36,2026-11-23,4527,23600,,
3001380,36,2026-11-27,4527,23600,,
3001380,36,2026-11-28,4527,23600,,
3001380,36,2026-11-29,4527,23600,,
3001380,36,2026-11-30,4527,23600,,
3001380,36,2026-12-01,4527,23600,,
3001380,36,2026-12-07,4527,23600,,
3001380,36,2026-12-08,4527,23600,,
3001380,36,2026-12-09,4527,23600,,
3001380,36,2026-12-10,4527,23600,,
3001380,36,2026-12-13,4527,23600,,
3001380,36,2026-12-14,4527,23600,,
3001380,37,2026-09-23,4527,23600,,
3001380,37,2026-09-24,4527,23600,,
3001380,37,2026-09-25,4527,23600,,
3001380,37,2026-09-26,4527,23600,,
3001380,37,2026-09-27,4527,23600,,
3001380,37,2026-09-28,4527,23600,,
3001380,37,2026-09-29,4527,23600,,
3001380,37,2026-09-30,4527,23600,,
3001380,37,2026-10-02,4527,23600,,
3001380,37,2026-10-04,4527,23600,,
3001380,37,2026-10-05,4527,23600,,
3001380,37,2026-10-06,4527,23600,,
3001380,37,2026-10-07,4527,23600,,
3001380,37,2026-10-08,4527,23600,,
3001380,37,2026-10-09,4527,23600,,
3001380,37,2026-10-10,4527,23600,,
3001380,37,2026-10-11,4527,23600,,
3001380,37,2026-10-12,4527,23600,,
3001380,37,2026-10-13,4527,23600,,
3001380,37,2026-10-14,4527,23600,,
3001380,37,2026-10-15,4527,23600,,
3001380,37,2026-10-17,4527,23600,,
3001380,37,2026-10-18,4527,23600,,
3001380,37,2026-10-19,4527,23600,,
3001380,37,2026-10-20,4527,23600,,
3001380,37,2026-10-21,4527,23600,,
3001380,37,2026-10-22,4527,23600,,
3001380,37,2026-10-23,4527,23600,,
3001380,37,2026-10-24,4527,23600,,
3001380,37,2026-10-26,4527,23600,,
3001380,37,2026-10-27,4527,23600,,
3001380,37,2026-10-28,4527,23600,,
3001380,37,2026-10-29,4527,23600,,
3001380,37,2026-10-30,4527,23600,,
3001380,37,2026-10-31,4527,23600,,
3001380,37,2026-11-01,4527,23600,,
3001380,37,2026-11-02,4527,23600,,
3001380,37,2026-11-03,4527,23600,,
3001380,37,2026-11-04,4527,23600,,
3001380,37,2026-11-05,4527,23600,,
3001380,37,2026-11-06,4527,23600,,
3001380,37,2026-11-07,4527,23600,,
3001380,37,2026-11-08,4527,23600,,
3001380,37,2026-11-09,4527,23600,,
3001380,37,2026-11-10,4527,23600,,
3001380,37,2026-11-11,4527,23600,,
3001380,37,2026-11-12,4527,23600,,
3001380,37,2026-11-13,4527,23600,,
3001380,37,2026-11-14,4527,23600,,
3001380,37,2026-11-15,4527,23600,,
3001380,37,2026-11-16,4527,23600,,
3001380,37,2026-11-17,4527,23600,,
3001380,37,2026-11-18,4527,23600,,
3001380,37,2026-11-19,4527,23600,,
3001380,37,2026-11-22,4527,23600,,
3001380,37,2026-11-23,4527,23600,,
3001380,37,2026-11-27,4527,23600,,
3001380,37,2026-11-28,4527,23600,,
3001380,37,2026-11-29,4527,23600,,
3001380,37,2026-11-30,4527,23600,,
3001380,37,2026-12-01,4527,23600,,
3001380,37,2026-12-07,4527,23600,,
3001380,37,2026-12-08,4527,23600,,
3001380,37,2026-12-09,4527,23600,,
3001380,37,2026-12-10,4527,23600,,
3001380,37,2026-12-13,4527,23600,,
3001380,37,2026-12-14,4527,23600,,
3001380,42,2026-09-23,4941,23600,,
3001380,42,2026-09-24,4941,23600,,
3001380,42,2026-09-25,4941,23600,,
3001380,42,2026-09-26,4941,23600,,
3001380,42,2026-09-27,4941,23600,,
3001380,42,2026-09-28,4941,23600,,
3001380,42,2026-09-29,4941,23600,,
3001380,42,2026-09-30,4941,23600,,
3001380,42,2026-10-02,4941,23600,,
3001380,42,2026-10-04,4941,23600,,
3001380,42,2026-10-05,4941,23600,,
3001380,42,2026-10-06,4941,23600,,
3001380,42,2026-10-07,4941,23600,,
3001380,42,2026-10-08,4941,23600,,
3001380,42,2026-10-09,4941,23600,,
3001380,42,2026-10-10,4941,23600,,
3001380,42,2026-10-11,4941,23600,,
3001380,42,2026-10-12,4941,23600,,
3001380,42,2026-10-13,4941,23600,,
3001380,42,2026-10-14,4941,23600,,
3001380,42,2026-10-15,4941,23600,,
3001380,42,2026-10-17,4941,23600,,
3001380,42,2026-10-18,4941,23600,,
3001380,42,2026-10-19,4941,23600,,
3001380,42,2026-10-20,4941,23600,,
3001380,42,2026-10-21,4941,23600,,
3001380,42,2026-10-22,4941,23600,,
3001380,42,2026-10-23,4941,23600,,
3001380,42,2026-10-24,4941,23600,,
3001380,42,2026-10-26,4941,23600,,
3001380,42,2026-10-27,4941,23600,,
3001380,42,2026-10-28,4941,23600,,
3001380,42,2026-10-29,4941,23600,,
3001380,42,2026-10-30,4941,23600,,
3001380,42,2026-10-31,4941,23600,,
3001380,42,2026-11-01,4941,23600,,
3001380,42,2026-11-02,4941,23600,,
3001380,42,2026-11-03,4941,23600,,
3001380,42,2026-11-04,4941,23600,,
3001380,42,2026-11-05,4941,23600,,
3001380,42,2026-11-06,4941,23600,,
3001380,42,2026-11-07,4941,23600,,
3001380,42,2026-11-08,4941,23600,,
3001380,42,2026-11-09,4941,23600,,
3001380,42,2026-11-10,4941,23600,,
3001380,42,2026-11-11,4941,23600,,
3001380,42,2026-11-12,4941,23600,,
3001380,42,2026-11-13,4941,23600,,
3001380,42,2026-11-14,4941,23600,,
3001380,42,2026-11-15,4941,23600,,
3001380,42,2026-11-16,4941,23600,,
3001380,42,2026-11-17,4941,23600,,
3001380,42,2026-11-18,4941,23600,,
3001380,42,2026-11-19,4941,23600,,
3001380,42,2026-11-22,4941,23600,,
3001380,42,2026-11-23,4941,23600,,
3001380,42,2026-11-27,4941,23600,,
3001380,42,2026-11-28,4941,23600,,
3001380,42,2026-11-29,4941,23600,,
3001380,42,2026-11-30,4941,23600,,
3001380,42,2026-12-01,4941,23600,,
3001380,42,2026-12-07,4941,23600,,
3001380,42,2026-12-08,4941,23600,,
3001380,42,2026-12-09,4941,23600,,
3001380,42,2026-12-10,4941,23600,,
3001380,42,2026-12-13,4941,23600,,
3001380,42,2026-12-14,4941,23600,,
3001380,43,2026-09-23,4941,23600,,
3001380,43,2026-09-24,4941,23600,,
3001380,43,2026-09-25,4941,23600,,
3001380,43,2026-09-26,4941,23600,,
3001380,43,2026-09-27,4941,23600,,
3001380,43,2026-09-28,4941,23600,,
3001380,43,2026-09-29,4941,23600,,
3001380,43,2026-09-30,4941,23600,,
3001380,43,2026-10-02,4941,23600,,
3001380,43,2026-10-04,4941,23600,,
3001380,43,2026-10-05,4941,23600,,
3001380,43,2026-10-06,4941,23600,,
3001380,43,2026-10-07,4941,23600,,
3001380,43,2026-10-08,4941,23600,,
3001380,43,2026-10-09,4941,23600,,
3001380,43,2026-10-10,4941,23600,,
3001380,43,2026-10-11,4941,23600,,
3001380,43,2026-10-12,4941,23600,,
3001380,43,2026-10-13,4941,23600,,
3001380,43,2026-10-14,4941,23600,,
3001380,43,2026-10-15,4941,23600,,
3001380,43,2026-10-17,4941,23600,,
3001380,43,2026-10-18,4941,23600,,
3001380,43,2026-10-19,4941,23600,,
3001380,43,2026-10-20,4941,23600,,
3001380,43,2026-10-21,4941,23600,,
3001380,43,2026-10-22,4941,23600,,
3001380,43,2026-10-23,4941,23600,,
3001380,43,2026-10-24,4941,23600,,
3001380,43,2026-10-26,4941,23600,,
3001380,43,2026-10-27,4941,23600,,
3001380,43,2026-10-28,4941,23600,,
3001380,43,2026-10-29,4941,23600,,
3001380,43,2026-10-30,4941,23600,,
3001380,43,2026-10-31,4941,23600,,
3001380,43,2026-11-01,4941,23600,,
3001380,43,2026-11-02,4941,23600,,
3001380,43,2026-11-03,4941,23600,,
3001380,43,2026-11-04,4941,23600,,
3001380,43,2026-11-05,4941,23600,,
3001380,43,2026-11-06,4941,23600,,
3001380,43,2026-11-07,4941,23600,,
3001380,43,2026-11-08,4941,23600,,
3001380,43,2026-11-09,4941,23600,,
3001380,43,2026-11-10,4941,23600,,
3001380,43,2026-11-11,4941,23600,,
3001380,43,2026-11-12,4941,23600,,
3001380,43,2026-11-13,4941,23600,,
3001380,43,2026-11-14,4941,23600,,
3001380,43,2026-11-15,4941,23600,,
3001380,43,2026-11-16,4941,23600,,
3001380,43,2026-11-17,4941,23600,,
3001380,43,2026-11-18,4941,23600,,
3001380,43,2026-11-19,4941,23600,,
3001380,43,2026-11-22,4941,23600,,
3001380,43,2026-11-23,4941,23600,,
3001380,43,2026-11-27,4941,23600,,
3001380,43,2026-11-28,4941,23600,,
3001380,43,2026-11-29,4941,23600,,
3001380,43,2026-11-30,4941,23600,,
3001380,43,2026-12-01,4941,23600,,
3001380,43,2026-12-07,4941,23600,,
3001380,43,2026-12-08,4941,23600,,
3001380,43,2026-12-09,4941,23600,,
3001380,43,2026-12-10,4941,23600,,
3001380,43,2026-12-13,4941,23600,,
3001380,43,2026-12-14,4941,23600,,
3001380,44,2026-09-23,4941,23600,,
3001380,44,2026-09-24,4941,23600,,
3001380,44,2026-09-25,4941,23600,,
3001380,44,2026-09-26,4941,23600,,
3001380,44,2026-09-27,4941,23600,,
3001380,44,2026-09-28,4941,23600,,
3001380,44,2026-09-29,4941,23600,,
3001380,44,2026-09-30,4941,23600,,
3001380,44,2026-10-02,4941,23600,,
3001380,44,2026-10-04,4941,23600,,
3001380,44,2026-10-05,4941,23600,,
3001380,44,2026-10-06,4941,23600,,
3001380,44,2026-10-07,4941,23600,,
3001380,44,2026-10-08,4941,23600,,
3001380,44,2026-10-09,4941,23600,,
3001380,44,2026-10-10,4941,23600,,
3001380,44,2026-10-11,4941,23600,,
3001380,44,2026-10-12,4941,23600,,
3001380,44,2026-10-13,4941,23600,,
3001380,44,2026-10-14,4941,23600,,
3001380,44,2026-10-15,4941,23600,,
3001380,44,2026-10-17,4941,23600,,
3001380,44,2026-10-18,4941,23600,,
3001380,44,2026-10-19,4941,23600,,
3001380,44,2026-10-20,4941,23600,,
3001380,44,2026-10-21,4941,23600,,
3001380,44,2026-10-22,4941,23600,,
3001380,44,2026-10-23,4941,23600,,
3001380,44,2026-10-24,4941,23600,,
3001380,44,2026-10-26,4941,23600,,
3001380,44,2026-10-27,4941,23600,,
3001380,44,2026-10-28,4941,23600,,
3001380,44,2026-10-29,4941,23600,,
3001380,44,2026-10-30,4941,23600,,
3001380,44,2026-10-31,4941,23600,,
3001380,44,2026-11-01,4941,23600,,
3001380,44,2026-11-02,4941,23600,,
3001380,44,2026-11-03,4941,23600,,
3001380,44,2026-11-04,4941,23600,,
3001380,44,2026-11-05,4941,23600,,
3001380,44,2026-11-06,4941,23600,,
3001380,44,2026-11-07,4941,23600,,
3001380,44,2026-11-08,4941,23600,,
3001380,44,2026-11-09,4941,23600,,
3001380,44,2026-11-10,4941,23600,,
3001380,44,2026-11-11,4941,23600,,
3001380,44,2026-11-12,4941,23600,,
3001380,44,2026-11-13,4941,23600,,
3001380,44,2026-11-14,4941,23600,,
3001380,44,2026-11-15,4941,23600,,
3001380,44,2026-11-16,4941,23600,,
3001380,44,2026-11-17,4941,23600,,
3001380,44,2026-11-18,4941,23600,,
3001380,44,2026-11-19,4941,23600,,
3001380,44,2026-11-22,4941,23600,,
3001380,44,2026-11-23,4941,23600,,
3001380,44,2026-11-27,4941,23600,,
3001380,44,2026-11-28,4941,23600,,
3001380,44,2026-11-29,4941,23600,,
3001380,44,2026-11-30,4941,23600,,
3001380,44,2026-12-01,4941,23600,,
3001380,44,2026-12-07,4941,23600,,
3001380,44,2026-12-08,4941,23600,,
3001380,44,2026-12-09,4941,23600,,
3001380,44,2026-12-10,4941,23600,,
3001380,44,2026-12-13,4941,23600,,
3001380,44,2026-12-14,4941,23600,,
3001380,57,2026-09-23,3906,23600,,
3001380,57,2026-09-24,3906,23600,,
3001380,57,2026-09-25,3906,23600,,
3001380,57,2026-09-26,3906,23600,,
3001380,57,2026-09-27,3906,23600,,
3001380,57,2026-09-28,3906,23600,,
3001380,57,2026-09-29,3906,23600,,
3001380,57,2026-09-30,3906,23600,,
3001380,57,2026-10-02,3906,23600,,
3001380,57,2026-10-04,3906,23600,,
3001380,57,2026-10-05,3906,23600,,
3001380,57,2026-10-06,3906,23600,,
3001380,57,2026-10-07,3906,23600,,
3001380,57,2026-10-08,3906,23600,,
3001380,57,2026-10-09,3906,23600,,
3001380,57,2026-10-10,3906,23600,,
3001380,57,2026-10-11,3906,23600,,
3001380,57,2026-10-12,3906,23600,,
3001380,57,2026-10-13,3906,23600,,
3001380,57,2026-10-14,3906,23600,,
3001380,57,2026-10-15,3906,23600,,
3001380,57,2026-10-17,3906,23600,,
3001380,57,2026-10-18,3906,23600,,
3001380,57,2026-10-19,3906,23600,,
3001380,57,2026-10-20,3906,23600,,
3001380,57,2026-10-21,3906,23600,,
3001380,57,2026-10-22,3906,23600,,
3001380,57,2026-10-23,3906,23600,,
3001380,57,2026-10-24,3906,23600,,
3001380,57,2026-10-26,3906,23600,,
3001380,57,2026-10-27,3906,23600,,
3001380,57,2026-10-28,3906,23600,,
3001380,57,2026-10-29,3906,23600,,
3001380,57,2026-10-30,3906,23600,,
3001380,57,2026-10-31,3906,23600,,
3001380,57,2026-11-01,3906,23600,,
3001380,57,2026-11-02,3906,23600,,
3001380,57,2026-11-03,3906,23600,,
3001380,57,2026-11-04,3906,23600,,
3001380,57,2026-11-05,3906,23600,,
3001380,57,2026-11-06,3906,23600,,
3001380,57,2026-11-07,3906,23600,,
3001380,57,2026-11-08,3906,23600,,
3001380,57,2026-11-09,3906,23600,,
3001380,57,2026-11-10,3906,23600,,
3001380,57,2026-11-11,3906,23600,,
3001380,57,2026-11-12,3906,23600,,
3001380,57,2026-11-13,3906,23600,,
3001380,57,2026-11-14,3906,23600,,
3001380,57,2026-11-15,3906,23600,,
3001380,57,2026-11-16,3906,23600,,
3001380,57,2026-11-17,3906,23600,,
3001380,57,2026-11-18,3906,23600,,
3001380,57,2026-11-19,3906,23600,,
3001380,57,2026-11-22,3906,23600,,
3001380,57,2026-11-23,3906,23600,,
3001380,57,2026-11-27,3906,23600,,
3001380,57,2026-11-28,3906,23600,,
3001380,57,2026-11-29,3906,23600,,
3001380,57,2026-11-30,3906,23600,,
3001380,57,2026-12-01,3906,23600,,
3001380,57,2026-12-07,3906,23600,,
3001380,57,2026-12-08,3906,23600,,
3001380,57,2026-12-09,3906,23600,,
3001380,57,2026-12-10,3906,23600,,
3001380,57,2026-12-13,3906,23600,,
3001380,57,2026-12-14,3906,23600,,
3001380,58,2026-09-23,4113,23600,,
3001380,58,2026-09-24,4113,23600,,
3001380,58,2026-09-25,4113,23600,,
3001380,58,2026-09-26,4113,23600,,
3001380,58,2026-09-27,4113,23600,,
3001380,58,2026-09-28,4113,23600,,
3001380,58,2026-09-29,4113,23600,,
3001380,58,2026-09-30,4113,23600,,
3001380,58,2026-10-02,4113,23600,,
3001380,58,2026-10-04,4113,23600,,
3001380,58,2026-10-05,4113,23600,,
3001380,58,2026-10-06,4113,23600,,
3001380,58,2026-10-07,4113,23600,,
3001380,58,2026-10-08,4113,23600,,
3001380,58,2026-10-09,4113,23600,,
3001380,58,2026-10-10,4113,23600,,
3001380,58,2026-10-11,4113,23600,,
3001380,58,2026-10-12,4113,23600,,
3001380,58,2026-10-13,4113,23600,,
3001380,58,2026-10-14,4113,23600,,
3001380,58,2026-10-15,4113,23600,,
3001380,58,2026-10-17,4113,23600,,
3001380,58,2026-10-18,4113,23600,,
3001380,58,2026-10-19,4113,23600,,
3001380,58,2026-10-20,4113,23600,,
3001380,58,2026-10-21,4113,23600,,
3001380,58,2026-10-22,4113,23600,,
3001380,58,2026-10-23,4113,23600,,
3001380,58,2026-10-24,4113,23600,,
3001380,58,2026-10-26,4113,23600,,
3001380,58,2026-10-27,4113,23600,,
3001380,58,2026-10-28,4113,23600,,
3001380,58,2026-10-29,4113,23600,,
3001380,58,2026-10-30,4113,23600,,
3001380,58,2026-10-31,4113,23600,,
3001380,58,2026-11-01,4113,23600,,
3001380,58,2026-11-02,4113,23600,,
3001380,58,2026-11-03,4113,23600,,
3001380,58,2026-11-04,4113,23600,,
3001380,58,2026-11-05,4113,23600,,
3001380,58,2026-11-06,4113,23600,,
3001380,58,2026-11-07,4113,23600,,
3001380,58,2026-11-08,4113,23600,,
3001380,58,2026-11-09,4113,23600,,
3001380,58,2026-11-10,4113,23600,,
3001380,58,2026-11-11,4113,23600,,
3001380,58,2026-11-12,4113,23600,,
3001380,58,2026-11-13,4113,23600,,
3001380,58,2026-11-14,4113,23600,,
3001380,58,2026-11-15,4113,23600,,
3001380,58,2026-11-16,4113,23600,,
3001380,58,2026-11-17,4113,23600,,
3001380,58,2026-11-18,4113,23600,,
3001380,58,2026-11-19,4113,23600,,
3001380,58,2026-11-22,4113,23600,,
3001380,58,2026-11-23,4113,23600,,
3001380,58,2026-11-27,4113,23600,,
3001380,58,2026-11-28,4113,23600,,
3001380,58,2026-11-29,4113,23600,,
3001380,58,2026-11-30,4113,23600,,
3001380,58,2026-12-01,4113,23600,,
3001380,58,2026-12-07,4113,23600,,
3001380,58,2026-12-08,4113,23600,,
3001380,58,2026-12-09,4113,23600,,
3001380,58,2026-12-10,4113,23600,,
3001380,58,2026-12-13,4113,23600,,
3001380,58,2026-12-14,4113,23600,,
3001380,59,2026-09-23,4527,23600,,
3001380,59,2026-09-24,4527,23600,,
3001380,59,2026-09-25,4527,23600,,
3001380,59,2026-09-26,4527,23600,,
3001380,59,2026-09-27,4527,23600,,
3001380,59,2026-09-28,4527,23600,,
3001380,59,2026-09-29,4527,23600,,
3001380,59,2026-09-30,4527,23600,,
3001380,59,2026-10-02,4527,23600,,
3001380,59,2026-10-04,4527,23600,,
3001380,59,2026-10-05,4527,23600,,
3001380,59,2026-10-06,4527,23600,,
3001380,59,2026-10-07,4527,23600,,
3001380,59,2026-10-08,4527,23600,,
3001380,59,2026-10-09,4527,23600,,
3001380,59,2026-10-10,4527,23600,,
3001380,59,2026-10-11,4527,23600,,
3001380,59,2026-10-12,4527,23600,,
3001380,59,2026-10-13,4527,23600,,
3001380,59,2026-10-14,4527,23600,,
3001380,59,2026-10-15,4527,23600,,
3001380,59,2026-10-17,4527,23600,,
3001380,59,2026-10-18,4527,23600,,
3001380,59,2026-10-19,4527,23600,,
3001380,59,2026-10-20,4527,23600,,
3001380,59,2026-10-21,4527,23600,,
3001380,59,2026-10-22,4527,23600,,
3001380,59,2026-10-23,4527,23600,,
3001380,59,2026-10-24,4527,23600,,
3001380,59,2026-10-26,4527,23600,,
3001380,59,2026-10-27,4527,23600,,
3001380,59,2026-10-28,4527,23600,,
3001380,59,2026-10-29,4527,23600,,
3001380,59,2026-10-30,4527,23600,,
3001380,59,2026-10-31,4527,23600,,
3001380,59,2026-11-01,4527,23600,,
3001380,59,2026-11-02,4527,23600,,
3001380,59,2026-11-03,4527,23600,,
3001380,59,2026-11-04,4527,23600,,
3001380,59,2026-11-05,4527,23600,,
3001380,59,2026-11-06,4527,23600,,
3001380,59,2026-11-07,4527,23600,,
3001380,59,2026-11-08,4527,23600,,
3001380,59,2026-11-09,4527,23600,,
3001380,59,2026-11-10,4527,23600,,
3001380,59,2026-11-11,4527,23600,,
3001380,59,2026-11-12,4527,23600,,
3001380,59,2026-11-13,4527,23600,,
3001380,59,2026-11-14,4527,23600,,
3001380,59,2026-11-15,4527,23600,,
3001380,59,2026-11-16,4527,23600,,
3001380,59,2026-11-17,4527,23600,,
3001380,59,2026-11-18,4527,23600,,
3001380,59,2026-11-19,4527,23600,,
3001380,59,2026-11-22,4527,23600,,
3001380,59,2026-11-23,4527,23600,,
3001380,59,2026-11-27,4527,23600,,
3001380,59,2026-11-28,4527,23600,,
3001380,59,2026-11-29,4527,23600,,
3001380,59,2026-11-30,4527,23600,,
3001380,59,2026-12-01,4527,23600,,
3001380,59,2026-12-07,4527,23600,,
3001380,59,2026-12-08,4527,23600,,
3001380,59,2026-12-09,4527,23600,,
3001380,59,2026-12-10,4527,23600,,
3001380,59,2026-12-13,4527,23600,,
3001380,59,2026-12-14,4527,23600,,
3001380,89,2026-09-23,3906,23600,,
3001380,89,2026-09-24,3906,23600,,
3001380,89,2026-09-25,3906,23600,,
3001380,89,2026-09-26,3906,23600,,
3001380,89,2026-09-27,3906,23600,,
3001380,89,2026-09-28,3906,23600,,
3001380,89,2026-09-29,3906,23600,,
3001380,89,2026-09-30,3906,23600,,
3001380,89,2026-10-02,3906,23600,,
3001380,89,2026-10-04,3906,23600,,
3001380,89,2026-10-05,3906,23600,,
3001380,89,2026-10-06,3906,23600,,
3001380,89,2026-10-07,3906,23600,,
3001380,89,2026-10-08,3906,23600,,
3001380,89,2026-10-09,3906,23600,,
3001380,89,2026-10-10,3906,23600,,
3001380,89,2026-10-11,3906,23600,,
3001380,89,2026-10-12,3906,23600,,
3001380,89,2026-10-13,3906,23600,,
3001380,89,2026-10-14,3906,23600,,
3001380,89,2026-10-15,3906,23600,,
3001380,89,2026-10-17,3906,23600,,
3001380,89,2026-10-18,3906,23600,,
3001380,89,2026-10-19,3906,23600,,
3001380,89,2026-10-20,3906,23600,,
3001380,89,2026-10-21,3906,23600,,
3001380,89,2026-10-22,3906,23600,,
3001380,89,2026-10-23,3906,23600,,
3001380,89,2026-10-24,3906,23600,,
3001380,89,2026-10-26,3906,23600,,
3001380,89,2026-10-27,3906,23600,,
3001380,89,2026-10-28,3906,23600,,
3001380,89,2026-10-29,3906,23600,,
3001380,89,2026-10-30,3906,23600,,
3001380,89,2026-10-31,3906,23600,,
3001380,89,2026-11-01,3906,23600,,
3001380,89,2026-11-02,3906,23600,,
3001380,89,2026-11-03,3906,23600,,
3001380,89,2026-11-04,3906,23600,,
3001380,89,2026-11-05,3906,23600,,
3001380,89,2026-11-06,3906,23600,,
3001380,89,2026-11-07,3906,23600,,
3001380,89,2026-11-08,3906,23600,,
3001380,89,2026-11-09,3906,23600,,
3001380,89,2026-11-10,3906,23600,,
3001380,89,2026-11-11,3906,23600,,
3001380,89,2026-11-12,3906,23600,,
3001380,89,2026-11-13,3906,23600,,
3001380,89,2026-11-14,3906,23600,,
3001380,89,2026-11-15,3906,23600,,
3001380,89,2026-11-16,3906,23600,,
3001380,89,2026-11-17,3906,23600,,
3001380,89,2026-11-18,3906,23600,,
3001380,89,2026-11-19,3906,23600,,
3001380,89,2026-11-22,3906,23600,,
3001380,89,2026-11-23,3906,23600,,
3001380,89,2026-11-27,3906,23600,,
3001380,89,2026-11-28,3906,23600,,
3001380,89,2026-11-29,3906,23600,,
3001380,89,2026-11-30,3906,23600,,
3001380,89,2026-12-01,3906,23600,,
3001380,89,2026-12-07,3906,23600,,
3001380,89,2026-12-08,3906,23600,,
3001380,89,2026-12-09,3906,23600,,
3001380,89,2026-12-10,3906,23600,,
3001380,89,2026-12-13,3906,23600,,
3001380,89,2026-12-14,3906,23600,,
3001380,90,2026-09-23,4113,23600,,
3001380,90,2026-09-24,4113,23600,,
3001380,90,2026-09-25,4113,23600,,
3001380,90,2026-09-26,4113,23600,,
3001380,90,2026-09-27,4113,23600,,
3001380,90,2026-09-28,4113,23600,,
3001380,90,2026-09-29,4113,23600,,
3001380,90,2026-09-30,4113,23600,,
3001380,90,2026-10-02,4113,23600,,
3001380,90,2026-10-04,4113,23600,,
3001380,90,2026-10-05,4113,23600,,
3001380,90,2026-10-06,4113,23600,,
3001380,90,2026-10-07,4113,23600,,
3001380,90,2026-10-08,4113,23600,,
3001380,90,2026-10-09,4113,23600,,
3001380,90,2026-10-10,4113,23600,,
3001380,90,2026-10-11,4113,23600,,
3001380,90,2026-10-12,4113,23600,,
3001380,90,2026-10-13,4113,23600,,
3001380,90,2026-10-14,4113,23600,,
3001380,90,2026-10-15,4113,23600,,
3001380,90,2026-10-17,4113,23600,,
3001380,90,2026-10-18,4113,23600,,
3001380,90,2026-10-19,4113,23600,,
3001380,90,2026-10-20,4113,23600,,
3001380,90,2026-10-21,4113,23600,,
3001380,90,2026-10-22,4113,23600,,
3001380,90,2026-10-23,4113,23600,,
3001380,90,2026-10-24,4113,23600,,
3001380,90,2026-10-26,4113,23600,,
3001380,90,2026-10-27,4113,23600,,
3001380,90,2026-10-28,4113,23600,,
3001380,90,2026-10-29,4113,23600,,
3001380,90,2026-10-30,4113,23600,,
3001380,90,2026-10-31,4113,23600,,
3001380,90,2026-11-01,4113,23600,,
3001380,90,2026-11-02,4113,23600,,
3001380,90,2026-11-03,4113,23600,,
3001380,90,2026-11-04,4113,23600,,
3001380,90,2026-11-05,4113,23600,,
3001380,90,2026-11-06,4113,23600,,
3001380,90,2026-11-07,4113,23600,,
3001380,90,2026-11-08,4113,23600,,
3001380,90,2026-11-09,4113,23600,,
3001380,90,2026-11-10,4113,23600,,
3001380,90,2026-11-11,4113,23600,,
3001380,90,2026-11-12,4113,23600,,
3001380,90,2026-11-13,4113,23600,,
3001380,90,2026-11-14,4113,23600,,
3001380,90,2026-11-15,4113,23600,,
3001380,90,2026-11-16,4113,23600,,
3001380,90,2026-11-17,4113,23600,,
3001380,90,2026-11-18,4113,23600,,
3001380,90,2026-11-19,4113,23600,,
3001380,90,2026-11-22,4113,23600,,
3001380,90,2026-11-23,4113,23600,,
3001380,90,2026-11-27,4113,23600,,
3001380,90,2026-11-28,4113,23600,,
3001380,90,2026-11-29,4113,23600,,
3001380,90,2026-11-30,4113,23600,,
3001380,90,2026-12-01,4113,23600,,
3001380,90,2026-12-07,4113,23600,,
3001380,90,2026-12-08,4113,23600,,
3001380,90,2026-12-09,4113,23600,,
3001380,90,2026-12-10,4113,23600,,
3001380,90,2026-12-13,4113,23600,,
3001380,90,2026-12-14,4113,23600,,
3001466,17,2026-09-20,1132,23600,,
3001466,18,2026-09-20,1132,23600,,
3001466,19,2026-09-16,1283,23600,,
3001466,19,2026-09-20,1270,23600,,
3001466,20,2026-09-16,1283,23600,,
3001466,20,2026-09-20,1270,23600,,
3001466,50,2026-09-20,1132,23600,,
3001862,17,2026-09-15,1575,23600,,
3001862,17,2026-09-16,1575,23600,,
3001862,18,2026-09-15,1575,23600,,
3001862,18,2026-09-16,1575,23600,,
3001862,19,2026-09-15,1713,23600,,
3001862,19,2026-09-16,1713,23600,,
3001862,19,2026-09-17,1692,23600,,
3001862,20,2026-09-15,1713,23600,,
3001862,20,2026-09-16,1713,23600,,
3001862,20,2026-09-17,1692,23600,,
3001862,25,2026-09-16,1575,23600,,
3001862,25,2026-09-17,1554,23600,,
3001862,25,2026-09-30,1722,23600,,
3001862,25,2026-10-02,1722,23600,,
3001862,25,2026-10-04,1713,23600,,
3001862,25,2026-10-05,1717,23600,,
3001862,25,2026-10-06,1713,23600,,
3001862,25,2026-10-07,1713,23600,,
3001862,25,2026-10-08,1713,23600,,
3001862,25,2026-10-09,1713,23600,,
3001862,25,2026-10-10,1713,23600,,
3001862,25,2026-10-11,1713,23600,,
3001862,25,2026-10-12,1713,23600,,
3001862,25,2026-10-13,1713,23600,,
3001862,25,2026-10-14,1713,23600,,
3001862,25,2026-10-15,1713,23600,,
3001862,26,2026-09-16,1575,23600,,
3001862,26,2026-09-17,1554,23600,,
3001862,26,2026-09-30,1722,23600,,
3001862,26,2026-10-02,1722,23600,,
3001862,26,2026-10-04,1713,23600,,
3001862,26,2026-10-05,1717,23600,,
3001862,26,2026-10-06,1713,23600,,
3001862,26,2026-10-07,1713,23600,,
3001862,26,2026-10-08,1713,23600,,
3001862,26,2026-10-09,1713,23600,,
3001862,26,2026-10-10,1713,23600,,
3001862,26,2026-10-11,1713,23600,,
3001862,26,2026-10-12,1713,23600,,
3001862,26,2026-10-13,1713,23600,,
3001862,26,2026-10-14,1713,23600,,
3001862,26,2026-10-15,1713,23600,,
3001862,50,2026-09-15,1575,23600,,
3001862,50,2026-09-16,1575,23600,,
3005059,17,2026-09-15,1698,20000,,
3005059,17,2026-09-16,1705,20000,,
3005059,18,2026-09-15,1698,20000,,
3005059,18,2026-09-16,1705,20000,,
3005059,19,2026-09-15,1905,20000,,
3005059,19,2026-09-16,1912,20000,,
3005059,19,2026-09-17,1891,20000,,
3005059,19,2026-09-18,1891,20000,,
3005059,19,2026-09-19,1891,20000,,
3005059,19,2026-09-20,1898,20000,,
3005059,19,2026-09-21,1891,20000,,
3005059,20,2026-09-15,1905,20000,,
3005059,20,2026-09-16,1912,20000,,
3005059,20,2026-09-17,1891,20000,,
3005059,20,2026-09-18,1891,20000,,
3005059,20,2026-09-19,1891,20000,,
3005059,20,2026-09-20,1898,20000,,
3005059,20,2026-09-21,1891,20000,,
3005059,21,2026-09-15,1801,20000,,
3005059,21,2026-09-16,1809,20000,,
3005059,21,2026-09-20,1795,20000,,
3005059,22,2026-09-15,1801,20000,,
3005059,22,2026-09-16,1809,20000,,
3005059,22,2026-09-20,1795,20000,,
3005059,23,2026-09-15,2043,20000,,
3005059,23,2026-09-17,2029,20000,,
3005059,23,2026-09-18,2029,20000,,
3005059,23,2026-09-19,2029,20000,,
3005059,23,2026-09-20,2036,20000,,
3005059,23,2026-09-21,2029,20000,,
3005059,24,2026-09-15,2043,20000,,
3005059,24,2026-09-17,2029,20000,,
3005059,24,2026-09-18,2029,20000,,
3005059,24,2026-09-19,2029,20000,,
3005059,24,2026-09-20,2036,20000,,
3005059,24,2026-09-21,2029,20000,,
3005059,25,2026-09-17,2236,20000,,
3005059,25,2026-09-18,2236,20000,,
3005059,25,2026-09-19,2236,20000,,
3005059,25,2026-09-21,2236,20000,,
3005059,26,2026-09-17,2236,20000,,
3005059,26,2026-09-18,2236,20000,,
3005059,26,2026-09-19,2236,20000,,
3005059,26,2026-09-21,2236,20000,,
3005059,39,2026-09-15,1801,20000,,
3005059,39,2026-09-16,1809,20000,,
3005059,39,2026-09-20,1795,20000,,
3005059,40,2026-09-15,2043,20000,,
3005059,40,2026-09-17,2029,20000,,
3005059,40,2026-09-18,2029,20000,,
3005059,40,2026-09-19,2029,20000,,
3005059,40,2026-09-20,2036,20000,,
3005059,40,2026-09-21,2029,20000,,
3005059,50,2026-09-15,1698,20000,,
3005059,50,2026-09-16,1705,20000,,
3005059,51,2026-09-15,1905,20000,,
3005059,51,2026-09-16,1912,20000,,
3005059,51,2026-09-17,1891,20000,,
3005059,51,2026-09-18,1891,20000,,
3005059,51,2026-09-19,1891,20000,,
3005059,51,2026-09-20,1898,20000,,
3005059,51,2026-09-21,1891,20000,,
3005059,83,2026-09-15,1801,20000,,
3005059,83,2026-09-16,1809,20000,,
3005059,83,2026-09-20,1795,20000,,
3005059,87,2026-09-15,1698,20000,,
3005059,87,2026-09-16,1705,20000,,
3006134,17,2026-09-18,1295,23600,,
3006134,17,2026-11-06,1587,23600,,
3006134,17,2026-11-13,1587,23600,,
3006134,18,2026-09-18,1295,23600,,
3006134,18,2026-11-06,1587,23600,,
3006134,18,2026-11-13,1587,23600,,
3006134,19,2026-09-18,1433,23600,,
3006134,19,2026-09-25,1595,23600,,
3006134,19,2026-11-06,1725,23600,,
3006134,19,2026-11-13,1725,23600,,
3006134,20,2026-09-18,1433,23600,,
3006134,20,2026-09-25,1595,23600,,
3006134,20,2026-11-06,1725,23600,,
3006134,20,2026-11-13,1725,23600,,
3006134,21,2026-09-18,1578,23600,,
3006134,21,2026-09-23,1739,23600,,
3006134,21,2026-09-24,1739,23600,,
3006134,21,2026-09-25,1739,23600,,
3006134,21,2026-09-27,1739,23600,,
3006134,21,2026-09-28,1739,23600,,
3006134,21,2026-09-29,1739,23600,,
3006134,21,2026-09-30,1739,23600,,
3006134,22,2026-09-18,1578,23600,,
3006134,22,2026-09-23,1739,23600,,
3006134,22,2026-09-24,1739,23600,,
3006134,22,2026-09-25,1739,23600,,
3006134,22,2026-09-27,1739,23600,,
3006134,22,2026-09-28,1739,23600,,
3006134,22,2026-09-29,1739,23600,,
3006134,22,2026-09-30,1739,23600,,
3006134,23,2026-09-18,1785,23600,,
3006134,23,2026-09-23,1946,23600,,
3006134,23,2026-09-24,1946,23600,,
3006134,23,2026-09-27,1946,23600,,
3006134,23,2026-09-28,1946,23600,,
3006134,23,2026-09-29,1946,23600,,
3006134,23,2026-09-30,1946,23600,,
3006134,23,2026-10-06,1900,23600,,
3006134,23,2026-10-07,1900,23600,,
3006134,23,2026-10-08,1900,23600,,
3006134,24,2026-09-18,1785,23600,,
3006134,24,2026-09-23,1946,23600,,
3006134,24,2026-09-24,1946,23600,,
3006134,24,2026-09-27,1946,23600,,
3006134,24,2026-09-28,1946,23600,,
3006134,24,2026-09-29,1946,23600,,
3006134,24,2026-09-30,1946,23600,,
3006134,24,2026-10-06,1900,23600,,
3006134,24,2026-10-07,1900,23600,,
3006134,24,2026-10-08,1900,23600,,
3006134,27,2026-10-06,2245,23600,,
3006134,27,2026-10-07,2245,23600,,
3006134,27,2026-10-08,2245,23600,,
3006134,28,2026-10-06,2245,23600,,
3006134,28,2026-10-07,2245,23600,,
3006134,28,2026-10-08,2245,23600,,
3006134,29,2026-10-06,2073,23600,,
3006134,29,2026-10-07,2073,23600,,
3006134,29,2026-10-08,2073,23600,,
3006134,30,2026-10-06,2073,23600,,
3006134,30,2026-10-07,2073,23600,,
3006134,30,2026-10-08,2073,23600,,
3006134,31,2026-10-06,2073,23600,,
3006134,31,2026-10-07,2073,23600,,
3006134,31,2026-10-08,2073,23600,,
3006134,32,2026-10-27,2318,23600,,
3006134,32,2026-10-28,2318,23600,,
3006134,32,2026-10-29,2318,23600,,
3006134,33,2026-10-27,2318,23600,,
3006134,33,2026-10-28,2318,23600,,
3006134,33,2026-10-29,2318,23600,,
3006134,34,2026-10-27,2318,23600,,
3006134,34,2026-10-28,2318,23600,,
3006134,34,2026-10-29,2318,23600,,
3006134,35,2026-10-27,2663,23600,,
3006134,35,2026-10-28,2663,23600,,
3006134,35,2026-10-29,2663,23600,,
3006134,36,2026-10-27,2663,23600,,
3006134,36,2026-10-28,2663,23600,,
3006134,36,2026-10-29,2663,23600,,
3006134,37,2026-10-27,2663,23600,,
3006134,37,2026-10-28,2663,23600,,
3006134,37,2026-10-29,2663,23600,,
3006134,39,2026-09-18,1578,23600,,
3006134,39,2026-09-23,1739,23600,,
3006134,39,2026-09-24,1739,23600,,
3006134,39,2026-09-25,1739,23600,,
3006134,39,2026-09-27,1739,23600,,
3006134,39,2026-09-28,1739,23600,,
3006134,39,2026-09-29,1739,23600,,
3006134,39,2026-09-30,1739,23600,,
3006134,40,2026-09-18,1785,23600,,
3006134,40,2026-09-23,1946,23600,,
3006134,40,2026-09-24,1946,23600,,
3006134,40,2026-09-27,1946,23600,,
3006134,40,2026-09-28,1946,23600,,
3006134,40,2026-09-29,1946,23600,,
3006134,40,2026-09-30,1946,23600,,
3006134,40,2026-10-06,1900,23600,,
3006134,40,2026-10-07,1900,23600,,
3006134,40,2026-10-08,1900,23600,,
3006134,50,2026-09-18,1295,23600,,
3006134,50,2026-11-06,1587,23600,,
3006134,50,2026-11-13,1587,23600,,
3006134,57,2026-10-06,2073,23600,,
3006134,57,2026-10-07,2073,23600,,
3006134,57,2026-10-08,2073,23600,,
3006134,58,2026-10-27,2318,23600,,
3006134,58,2026-10-28,2318,23600,,
3006134,58,2026-10-29,2318,23600,,
3006134,83,2026-09-18,1578,23600,,
3006134,83,2026-09-23,1739,23600,,
3006134,83,2026-09-24,1739,23600,,
3006134,83,2026-09-25,1739,23600,,
3006134,83,2026-09-27,1739,23600,,
3006134,83,2026-09-28,1739,23600,,
3006134,83,2026-09-29,1739,23600,,
3006134,83,2026-09-30,1739,23600,,
3006134,89,2026-10-06,2073,23600,,
3006134,89,2026-10-07,2073,23600,,
3006134,89,2026-10-08,2073,23600,,
3031441,19,2026-11-27,1319,23600,,
3031441,19,2026-11-28,1319,23600,,
3031441,20,2026-11-27,1319,23600,,
3031441,20,2026-11-28,1319,23600,,
3031441,21,2026-11-27,1457,23600,,
3031441,21,2026-11-28,1457,23600,,
3031441,22,2026-11-27,1457,23600,,
3031441,22,2026-11-28,1457,23600,,
3031441,23,2026-11-27,1526,23600,,
3031441,23,2026-11-28,1526,23600,,
3031441,24,2026-11-27,1526,23600,,
3031441,24,2026-11-28,1526,23600,,
3031441,39,2026-11-27,1457,23600,,
3031441,39,2026-11-28,1457,23600,,
3031441,40,2026-11-27,1526,23600,,
3031441,40,2026-11-28,1526,23600,,
3031441,83,2026-11-27,1457,23600,,
3031441,83,2026-11-28,1457,23600,,
3721182,17,2026-09-21,1362,23600,,
3721182,18,2026-09-21,1362,23600,,
3721182,19,2026-09-21,1431,23600,,
3721182,20,2026-09-21,1431,23600,,
3721182,21,2026-09-21,1500,23600,,
3721182,22,2026-09-21,1500,23600,,
3721182,23,2026-09-21,1569,23600,,
3721182,23,2026-10-02,2243,23600,,
3721182,23,2026-10-03,2243,23600,,
3721182,24,2026-09-21,1569,23600,,
3721182,24,2026-10-02,2243,23600,,
3721182,24,2026-10-03,2243,23600,,
3721182,25,2026-09-21,1362,23600,,
3721182,26,2026-09-21,1362,23600,,
3721182,27,2026-10-02,2588,23600,,
3721182,27,2026-10-03,2588,23600,,
3721182,27,2026-10-04,2565,23600,,
3721182,27,2026-10-05,2565,23600,,
3721182,28,2026-10-02,2588,23600,,
3721182,28,2026-10-03,2588,23600,,
3721182,28,2026-10-04,2565,23600,,
3721182,28,2026-10-05,2565,23600,,
3721182,39,2026-09-21,1500,23600,,
3721182,40,2026-09-21,1569,23600,,
3721182,40,2026-10-02,2243,23600,,
3721182,40,2026-10-03,2243,23600,,
3721182,50,2026-09-21,1362,23600,,
3721182,83,2026-09-21,1500,23600,,
4000617,27,2026-09-15,1712,23600,,
4000617,28,2026-09-15,1712,23600,,
4146211,29,2026-09-15,2786,27848,,
4146211,29,2026-09-16,2786,27848,,
4146211,29,2026-09-19,2786,27848,,
4146211,29,2026-09-22,3042,27848,,
4146211,29,2026-09-23,3042,27848,,
4146211,29,2026-09-25,3042,27848,,
4146211,29,2026-09-26,3042,27848,,
4146211,29,2026-09-27,3042,27848,,
4146211,29,2026-09-28,3042,27848,,
4146211,29,2026-09-29,3042,27848,,
4146211,29,2026-09-30,3042,27848,,
4146211,29,2026-10-02,3042,27848,,
4146211,29,2026-10-04,3042,27848,,
4146211,29,2026-10-05,3042,27848,,
4146211,29,2026-10-06,3042,27848,,
4146211,29,2026-10-07,3042,27848,,
4146211,29,2026-10-08,3042,27848,,
4146211,29,2026-10-09,3042,27848,,
4146211,29,2026-10-10,3042,27848,,
4146211,29,2026-10-11,3042,27848,,
4146211,29,2026-10-12,3042,27848,,
4146211,29,2026-10-13,3042,27848,,
4146211,29,2026-10-14,3042,27848,,
4146211,29,2026-10-15,3042,27848,,
4146211,29,2026-10-17,3042,27848,,
4146211,29,2026-10-18,3042,27848,,
4146211,29,2026-10-19,3042,27848,,
4146211,29,2026-10-20,3042,27848,,
4146211,29,2026-10-21,3042,27848,,
4146211,29,2026-10-22,3042,27848,,
4146211,29,2026-10-23,3042,27848,,
4146211,29,2026-10-24,3042,27848,,
4146211,29,2026-10-26,3042,27848,,
4146211,29,2026-10-27,3042,27848,,
4146211,29,2026-10-28,3042,27848,,
4146211,29,2026-10-29,3042,27848,,
4146211,29,2026-10-30,3042,27848,,
4146211,29,2026-10-31,3042,27848,,
4146211,29,2026-11-01,3042,27848,,
4146211,29,2026-11-02,3042,27848,,
4146211,29,2026-11-03,3042,27848,,
4146211,29,2026-11-04,3042,27848,,
4146211,29,2026-11-05,3042,27848,,
4146211,29,2026-11-06,3042,27848,,
4146211,29,2026-11-07,3042,27848,,
4146211,29,2026-11-08,3042,27848,,
4146211,29,2026-11-09,3042,27848,,
4146211,29,2026-11-10,3042,27848,,
4146211,29,2026-11-11,3042,27848,,
4146211,29,2026-11-12,3042,27848,,
4146211,29,2026-11-13,3042,27848,,
4146211,29,2026-11-14,3042,27848,,
4146211,29,2026-11-15,3042,27848,,
4146211,29,2026-11-16,3042,27848,,
4146211,29,2026-11-17,3042,27848,,
4146211,29,2026-11-18,3042,27848,,
4146211,29,2026-11-19,3042,27848,,
4146211,29,2026-11-22,3042,27848,,
4146211,29,2026-11-23,3042,27848,,
4146211,29,2026-12-01,3042,27848,,
4146211,29,2026-12-07,3042,27848,,
4146211,29,2026-12-08,3042,27848,,
4146211,29,2026-12-09,3042,27848,,
4146211,29,2026-12-10,3042,27848,,
4146211,29,2026-12-13,3042,27848,,
4146211,29,2026-12-14,3042,27848,,
4146211,30,2026-09-15,2786,27848,,
4146211,30,2026-09-16,2786,27848,,
4146211,30,2026-09-19,2786,27848,,
4146211,30,2026-09-22,3042,27848,,
4146211,30,2026-09-23,3042,27848,,
4146211,30,2026-09-25,3042,27848,,
4146211,30,2026-09-26,3042,27848,,
4146211,30,2026-09-27,3042,27848,,
4146211,30,2026-09-28,3042,27848,,
4146211,30,2026-09-29,3042,27848,,
4146211,30,2026-09-30,3042,27848,,
4146211,30,2026-10-02,3042,27848,,
4146211,30,2026-10-04,3042,27848,,
4146211,30,2026-10-05,3042,27848,,
4146211,30,2026-10-06,3042,27848,,
4146211,30,2026-10-07,3042,27848,,
4146211,30,2026-10-08,3042,27848,,
4146211,30,2026-10-09,3042,27848,,
4146211,30,2026-10-10,3042,27848,,
4146211,30,2026-10-11,3042,27848,,
4146211,30,2026-10-12,3042,27848,,
4146211,30,2026-10-13,3042,27848,,
4146211,30,2026-10-14,3042,27848,,
4146211,30,2026-10-15,3042,27848,,
4146211,30,2026-10-17,3042,27848,,
4146211,30,2026-10-18,3042,27848,,
4146211,30,2026-10-19,3042,27848,,
4146211,30,2026-10-20,3042,27848,,
4146211,30,2026-10-21,3042,27848,,
4146211,30,2026-10-22,3042,27848,,
4146211,30,2026-10-23,3042,27848,,
4146211,30,2026-10-24,3042,27848,,
4146211,30,2026-10-26,3042,27848,,
4146211,30,2026-10-27,3042,27848,,
4146211,30,2026-10-28,3042,27848,,
4146211,30,2026-10-29,3042,27848,,
4146211,30,2026-10-30,3042,27848,,
4146211,30,2026-10-31,3042,27848,,
4146211,30,2026-11-01,3042,27848,,
4146211,30,2026-11-02,3042,27848,,
4146211,30,2026-11-03,3042,27848,,
4146211,30,2026-11-04,3042,27848,,
4146211,30,2026-11-05,3042,27848,,
4146211,30,2026-11-06,3042,27848,,
4146211,30,2026-11-07,3042,27848,,
4146211,30,2026-11-08,3042,27848,,
4146211,30,2026-11-09,3042,27848,,
4146211,30,2026-11-10,3042,27848,,
4146211,30,2026-11-11,3042,27848,,
4146211,30,2026-11-12,3042,27848,,
4146211,30,2026-11-13,3042,27848,,
4146211,30,2026-11-14,3042,27848,,
4146211,30,2026-11-15,3042,27848,,
4146211,30,2026-11-16,3042,27848,,
4146211,30,2026-11-17,3042,27848,,
4146211,30,2026-11-18,3042,27848,,
4146211,30,2026-11-19,3042,27848,,
4146211,30,2026-11-22,3042,27848,,
4146211,30,2026-11-23,3042,27848,,
4146211,30,2026-12-01,3042,27848,,
4146211,30,2026-12-07,3042,27848,,
4146211,30,2026-12-08,3042,27848,,
4146211,30,2026-12-09,3042,27848,,
4146211,30,2026-12-10,3042,27848,,
4146211,30,2026-12-13,3042,27848,,
4146211,30,2026-12-14,3042,27848,,
4146211,31,2026-09-15,2786,27848,,
4146211,31,2026-09-16,2786,27848,,
4146211,31,2026-09-19,2786,27848,,
4146211,31,2026-09-22,3042,27848,,
4146211,31,2026-09-23,3042,27848,,
4146211,31,2026-09-25,3042,27848,,
4146211,31,2026-09-26,3042,27848,,
4146211,31,2026-09-27,3042,27848,,
4146211,31,2026-09-28,3042,27848,,
4146211,31,2026-09-29,3042,27848,,
4146211,31,2026-09-30,3042,27848,,
4146211,31,2026-10-02,3042,27848,,
4146211,31,2026-10-04,3042,27848,,
4146211,31,2026-10-05,3042,27848,,
4146211,31,2026-10-06,3042,27848,,
4146211,31,2026-10-07,3042,27848,,
4146211,31,2026-10-08,3042,27848,,
4146211,31,2026-10-09,3042,27848,,
4146211,31,2026-10-10,3042,27848,,
4146211,31,2026-10-11,3042,27848,,
4146211,31,2026-10-12,3042,27848,,
4146211,31,2026-10-13,3042,27848,,
4146211,31,2026-10-14,3042,27848,,
4146211,31,2026-10-15,3042,27848,,
4146211,31,2026-10-17,3042,27848,,
4146211,31,2026-10-18,3042,27848,,
4146211,31,2026-10-19,3042,27848,,
4146211,31,2026-10-20,3042,27848,,
4146211,31,2026-10-21,3042,27848,,
4146211,31,2026-10-22,3042,27848,,
4146211,31,2026-10-23,3042,27848,,
4146211,31,2026-10-24,3042,27848,,
4146211,31,2026-10-26,3042,27848,,
4146211,31,2026-10-27,3042,27848,,
4146211,31,2026-10-28,3042,27848,,
4146211,31,2026-10-29,3042,27848,,
4146211,31,2026-10-30,3042,27848,,
4146211,31,2026-10-31,3042,27848,,
4146211,31,2026-11-01,3042,27848,,
4146211,31,2026-11-02,3042,27848,,
4146211,31,2026-11-03,3042,27848,,
4146211,31,2026-11-04,3042,27848,,
4146211,31,2026-11-05,3042,27848,,
4146211,31,2026-11-06,3042,27848,,
4146211,31,2026-11-07,3042,27848,,
4146211,31,2026-11-08,3042,27848,,
4146211,31,2026-11-09,3042,27848,,
4146211,31,2026-11-10,3042,27848,,
4146211,31,2026-11-11,3042,27848,,
4146211,31,2026-11-12,3042,27848,,
4146211,31,2026-11-13,3042,27848,,
4146211,31,2026-11-14,3042,27848,,
4146211,31,2026-11-15,3042,27848,,
4146211,31,2026-11-16,3042,27848,,
4146211,31,2026-11-17,3042,27848,,
4146211,31,2026-11-18,3042,27848,,
4146211,31,2026-11-19,3042,27848,,
4146211,31,2026-11-22,3042,27848,,
4146211,31,2026-11-23,3042,27848,,
4146211,31,2026-12-01,3042,27848,,
4146211,31,2026-12-07,3042,27848,,
4146211,31,2026-12-08,3042,27848,,
4146211,31,2026-12-09,3042,27848,,
4146211,31,2026-12-10,3042,27848,,
4146211,31,2026-12-13,3042,27848,,
4146211,31,2026-12-14,3042,27848,,
4146211,32,2026-09-15,3027,27848,,
4146211,32,2026-09-16,3027,27848,,
4146211,32,2026-09-19,3027,27848,,
4146211,32,2026-09-22,3283,27848,,
4146211,32,2026-09-23,3283,27848,,
4146211,32,2026-09-25,3283,27848,,
4146211,32,2026-09-26,3283,27848,,
4146211,32,2026-09-27,3283,27848,,
4146211,32,2026-09-28,3283,27848,,
4146211,32,2026-09-29,3283,27848,,
4146211,32,2026-09-30,3283,27848,,
4146211,32,2026-10-02,3283,27848,,
4146211,32,2026-10-04,3283,27848,,
4146211,32,2026-10-05,3283,27848,,
4146211,32,2026-10-06,3283,27848,,
4146211,32,2026-10-07,3283,27848,,
4146211,32,2026-10-08,3283,27848,,
4146211,32,2026-10-09,3283,27848,,
4146211,32,2026-10-10,3283,27848,,
4146211,32,2026-10-11,3283,27848,,
4146211,32,2026-10-12,3283,27848,,
4146211,32,2026-10-13,3283,27848,,
4146211,32,2026-10-14,3283,27848,,
4146211,32,2026-10-15,3283,27848,,
4146211,32,2026-10-17,3283,27848,,
4146211,32,2026-10-18,3283,27848,,
4146211,32,2026-10-19,3283,27848,,
4146211,32,2026-10-20,3283,27848,,
4146211,32,2026-10-21,3283,27848,,
4146211,32,2026-10-22,3283,27848,,
4146211,32,2026-10-23,3283,27848,,
4146211,32,2026-10-24,3283,27848,,
4146211,32,2026-10-26,3283,27848,,
4146211,32,2026-10-27,3283,27848,,
4146211,32,2026-10-28,3283,27848,,
4146211,32,2026-10-29,3283,27848,,
4146211,32,2026-10-30,3283,27848,,
4146211,32,2026-10-31,3283,27848,,
4146211,32,2026-11-01,3283,27848,,
4146211,32,2026-11-02,3283,27848,,
4146211,32,2026-11-03,3283,27848,,
4146211,32,2026-11-04,3283,27848,,
4146211,32,2026-11-05,3283,27848,,
4146211,32,2026-11-06,3283,27848,,
4146211,32,2026-11-07,3283,27848,,
4146211,32,2026-11-08,3283,27848,,
4146211,32,2026-11-09,3283,27848,,
4146211,32,2026-11-10,3283,27848,,
4146211,32,2026-11-11,3283,27848,,
4146211,32,2026-11-12,3283,27848,,
4146211,32,2026-11-13,3283,27848,,
4146211,32,2026-11-14,3283,27848,,
4146211,32,2026-11-15,3283,27848,,
4146211,32,2026-11-16,3283,27848,,
4146211,32,2026-11-17,3283,27848,,
4146211,32,2026-11-18,3283,27848,,
4146211,32,2026-11-19,3283,27848,,
4146211,32,2026-11-22,3283,27848,,
4146211,32,2026-11-23,3283,27848,,
4146211,32,2026-12-01,3283,27848,,
4146211,32,2026-12-07,3283,27848,,
4146211,32,2026-12-08,3283,27848,,
4146211,32,2026-12-09,3283,27848,,
4146211,32,2026-12-10,3283,27848,,
4146211,32,2026-12-13,3283,27848,,
4146211,32,2026-12-14,3283,27848,,
4146211,33,2026-09-15,3027,27848,,
4146211,33,2026-09-16,3027,27848,,
4146211,33,2026-09-19,3027,27848,,
4146211,33,2026-09-22,3283,27848,,
4146211,33,2026-09-23,3283,27848,,
4146211,33,2026-09-25,3283,27848,,
4146211,33,2026-09-26,3283,27848,,
4146211,33,2026-09-27,3283,27848,,
4146211,33,2026-09-28,3283,27848,,
4146211,33,2026-09-29,3283,27848,,
4146211,33,2026-09-30,3283,27848,,
4146211,33,2026-10-02,3283,27848,,
4146211,33,2026-10-04,3283,27848,,
4146211,33,2026-10-05,3283,27848,,
4146211,33,2026-10-06,3283,27848,,
4146211,33,2026-10-07,3283,27848,,
4146211,33,2026-10-08,3283,27848,,
4146211,33,2026-10-09,3283,27848,,
4146211,33,2026-10-10,3283,27848,,
4146211,33,2026-10-11,3283,27848,,
4146211,33,2026-10-12,3283,27848,,
4146211,33,2026-10-13,3283,27848,,
4146211,33,2026-10-14,3283,27848,,
4146211,33,2026-10-15,3283,27848,,
4146211,33,2026-10-17,3283,27848,,
4146211,33,2026-10-18,3283,27848,,
4146211,33,2026-10-19,3283,27848,,
4146211,33,2026-10-20,3283,27848,,
4146211,33,2026-10-21,3283,27848,,
4146211,33,2026-10-22,3283,27848,,
4146211,33,2026-10-23,3283,27848,,
4146211,33,2026-10-24,3283,27848,,
4146211,33,2026-10-26,3283,27848,,
4146211,33,2026-10-27,3283,27848,,
4146211,33,2026-10-28,3283,27848,,
4146211,33,2026-10-29,3283,27848,,
4146211,33,2026-10-30,3283,27848,,
4146211,33,2026-10-31,3283,27848,,
4146211,33,2026-11-01,3283,27848,,
4146211,33,2026-11-02,3283,27848,,
4146211,33,2026-11-03,3283,27848,,
4146211,33,2026-11-04,3283,27848,,
4146211,33,2026-11-05,3283,27848,,
4146211,33,2026-11-06,3283,27848,,
4146211,33,2026-11-07,3283,27848,,
4146211,33,2026-11-08,3283,27848,,
4146211,33,2026-11-09,3283,27848,,
4146211,33,2026-11-10,3283,27848,,
4146211,33,2026-11-11,3283,27848,,
4146211,33,2026-11-12,3283,27848,,
4146211,33,2026-11-13,3283,27848,,
4146211,33,2026-11-14,3283,27848,,
4146211,33,2026-11-15,3283,27848,,
4146211,33,2026-11-16,3283,27848,,
4146211,33,2026-11-17,3283,27848,,
4146211,33,2026-11-18,3283,27848,,
4146211,33,2026-11-19,3283,27848,,
4146211,33,2026-11-22,3283,27848,,
4146211,33,2026-11-23,3283,27848,,
4146211,33,2026-12-01,3283,27848,,
4146211,33,2026-12-07,3283,27848,,
4146211,33,2026-12-08,3283,27848,,
4146211,33,2026-12-09,3283,27848,,
4146211,33,2026-12-10,3283,27848,,
4146211,33,2026-12-13,3283,27848,,
4146211,33,2026-12-14,3283,27848,,
4146211,34,2026-09-15,3027,27848,,
4146211,34,2026-09-16,3027,27848,,
4146211,34,2026-09-19,3027,27848,,
4146211,34,2026-09-22,3283,27848,,
4146211,34,2026-09-23,3283,27848,,
4146211,34,2026-09-25,3283,27848,,
4146211,34,2026-09-26,3283,27848,,
4146211,34,2026-09-27,3283,27848,,
4146211,34,2026-09-28,3283,27848,,
4146211,34,2026-09-29,3283,27848,,
4146211,34,2026-09-30,3283,27848,,
4146211,34,2026-10-02,3283,27848,,
4146211,34,2026-10-04,3283,27848,,
4146211,34,2026-10-05,3283,27848,,
4146211,34,2026-10-06,3283,27848,,
4146211,34,2026-10-07,3283,27848,,
4146211,34,2026-10-08,3283,27848,,
4146211,34,2026-10-09,3283,27848,,
4146211,34,2026-10-10,3283,27848,,
4146211,34,2026-10-11,3283,27848,,
4146211,34,2026-10-12,3283,27848,,
4146211,34,2026-10-13,3283,27848,,
4146211,34,2026-10-14,3283,27848,,
4146211,34,2026-10-15,3283,27848,,
4146211,34,2026-10-17,3283,27848,,
4146211,34,2026-10-18,3283,27848,,
4146211,34,2026-10-19,3283,27848,,
4146211,34,2026-10-20,3283,27848,,
4146211,34,2026-10-21,3283,27848,,
4146211,34,2026-10-22,3283,27848,,
4146211,34,2026-10-23,3283,27848,,
4146211,34,2026-10-24,3283,27848,,
4146211,34,2026-10-26,3283,27848,,
4146211,34,2026-10-27,3283,27848,,
4146211,34,2026-10-28,3283,27848,,
4146211,34,2026-10-29,3283,27848,,
4146211,34,2026-10-30,3283,27848,,
4146211,34,2026-10-31,3283,27848,,
4146211,34,2026-11-01,3283,27848,,
4146211,34,2026-11-02,3283,27848,,
4146211,34,2026-11-03,3283,27848,,
4146211,34,2026-11-04,3283,27848,,
4146211,34,2026-11-05,3283,27848,,
4146211,34,2026-11-06,3283,27848,,
4146211,34,2026-11-07,3283,27848,,
4146211,34,2026-11-08,3283,27848,,
4146211,34,2026-11-09,3283,27848,,
4146211,34,2026-11-10,3283,27848,,
4146211,34,2026-11-11,3283,27848,,
4146211,34,2026-11-12,3283,27848,,
4146211,34,2026-11-13,3283,27848,,
4146211,34,2026-11-14,3283,27848,,
4146211,34,2026-11-15,3283,27848,,
4146211,34,2026-11-16,3283,27848,,
4146211,34,2026-11-17,3283,27848,,
4146211,34,2026-11-18,3283,27848,,
4146211,34,2026-11-19,3283,27848,,
4146211,34,2026-11-22,3283,27848,,
4146211,34,2026-11-23,3283,27848,,
4146211,34,2026-12-01,3283,27848,,
4146211,34,2026-12-07,3283,27848,,
4146211,34,2026-12-08,3283,27848,,
4146211,34,2026-12-09,3283,27848,,
4146211,34,2026-12-10,3283,27848,,
4146211,34,2026-12-13,3283,27848,,
4146211,34,2026-12-14,3283,27848,,
4146211,35,2026-09-22,3628,27848,,
4146211,35,2026-09-23,3628,27848,,
4146211,35,2026-09-25,3628,27848,,
4146211,35,2026-09-26,3628,27848,,
4146211,35,2026-09-27,3628,27848,,
4146211,35,2026-09-28,3628,27848,,
4146211,35,2026-09-29,3628,27848,,
4146211,35,2026-09-30,3628,27848,,
4146211,35,2026-10-02,3628,27848,,
4146211,35,2026-10-04,3628,27848,,
4146211,35,2026-10-05,3628,27848,,
4146211,35,2026-10-06,3628,27848,,
4146211,35,2026-10-07,3628,27848,,
4146211,35,2026-10-08,3628,27848,,
4146211,35,2026-10-09,3628,27848,,
4146211,35,2026-10-10,3628,27848,,
4146211,35,2026-10-11,3628,27848,,
4146211,35,2026-10-12,3628,27848,,
4146211,35,2026-10-13,3628,27848,,
4146211,35,2026-10-14,3628,27848,,
4146211,35,2026-10-15,3628,27848,,
4146211,35,2026-10-17,3628,27848,,
4146211,35,2026-10-18,3628,27848,,
4146211,35,2026-10-19,3628,27848,,
4146211,35,2026-10-20,3628,27848,,
4146211,35,2026-10-21,3628,27848,,
4146211,35,2026-10-22,3628,27848,,
4146211,35,2026-10-23,3628,27848,,
4146211,35,2026-10-24,3628,27848,,
4146211,35,2026-10-26,3628,27848,,
4146211,35,2026-10-27,3628,27848,,
4146211,35,2026-10-28,3628,27848,,
4146211,35,2026-10-29,3628,27848,,
4146211,35,2026-10-30,3628,27848,,
4146211,35,2026-10-31,3628,27848,,
4146211,35,2026-11-01,3628,27848,,
4146211,35,2026-11-02,3628,27848,,
4146211,35,2026-11-03,3628,27848,,
4146211,35,2026-11-04,3628,27848,,
4146211,35,2026-11-05,3628,27848,,
4146211,35,2026-11-06,3628,27848,,
4146211,35,2026-11-07,3628,27848,,
4146211,35,2026-11-08,3628,27848,,
4146211,35,2026-11-09,3628,27848,,
4146211,35,2026-11-10,3628,27848,,
4146211,35,2026-11-11,3628,27848,,
4146211,35,2026-11-12,3628,27848,,
4146211,35,2026-11-13,3628,27848,,
4146211,35,2026-11-14,3628,27848,,
4146211,35,2026-11-15,3628,27848,,
4146211,35,2026-11-16,3628,27848,,
4146211,35,2026-11-17,3628,27848,,
4146211,35,2026-11-18,3628,27848,,
4146211,35,2026-11-19,3628,27848,,
4146211,35,2026-11-22,3628,27848,,
4146211,35,2026-11-23,3628,27848,,
4146211,35,2026-12-01,3628,27848,,
4146211,35,2026-12-07,3628,27848,,
4146211,35,2026-12-08,3628,27848,,
4146211,35,2026-12-09,3628,27848,,
4146211,35,2026-12-10,3628,27848,,
4146211,35,2026-12-13,3628,27848,,
4146211,35,2026-12-14,3628,27848,,
4146211,36,2026-09-22,3628,27848,,
4146211,36,2026-09-23,3628,27848,,
4146211,36,2026-09-25,3628,27848,,
4146211,36,2026-09-26,3628,27848,,
4146211,36,2026-09-27,3628,27848,,
4146211,36,2026-09-28,3628,27848,,
4146211,36,2026-09-29,3628,27848,,
4146211,36,2026-09-30,3628,27848,,
4146211,36,2026-10-02,3628,27848,,
4146211,36,2026-10-04,3628,27848,,
4146211,36,2026-10-05,3628,27848,,
4146211,36,2026-10-06,3628,27848,,
4146211,36,2026-10-07,3628,27848,,
4146211,36,2026-10-08,3628,27848,,
4146211,36,2026-10-09,3628,27848,,
4146211,36,2026-10-10,3628,27848,,
4146211,36,2026-10-11,3628,27848,,
4146211,36,2026-10-12,3628,27848,,
4146211,36,2026-10-13,3628,27848,,
4146211,36,2026-10-14,3628,27848,,
4146211,36,2026-10-15,3628,27848,,
4146211,36,2026-10-17,3628,27848,,
4146211,36,2026-10-18,3628,27848,,
4146211,36,2026-10-19,3628,27848,,
4146211,36,2026-10-20,3628,27848,,
4146211,36,2026-10-21,3628,27848,,
4146211,36,2026-10-22,3628,27848,,
4146211,36,2026-10-23,3628,27848,,
4146211,36,2026-10-24,3628,27848,,
4146211,36,2026-10-26,3628,27848,,
4146211,36,2026-10-27,3628,27848,,
4146211,36,2026-10-28,3628,27848,,
4146211,36,2026-10-29,3628,27848,,
4146211,36,2026-10-30,3628,27848,,
4146211,36,2026-10-31,3628,27848,,
4146211,36,2026-11-01,3628,27848,,
4146211,36,2026-11-02,3628,27848,,
4146211,36,2026-11-03,3628,27848,,
4146211,36,2026-11-04,3628,27848,,
4146211,36,2026-11-05,3628,27848,,
4146211,36,2026-11-06,3628,27848,,
4146211,36,2026-11-07,3628,27848,,
4146211,36,2026-11-08,3628,27848,,
4146211,36,2026-11-09,3628,27848,,
4146211,36,2026-11-10,3628,27848,,
4146211,36,2026-11-11,3628,27848,,
4146211,36,2026-11-12,3628,27848,,
4146211,36,2026-11-13,3628,27848,,
4146211,36,2026-11-14,3628,27848,,
4146211,36,2026-11-15,3628,27848,,
4146211,36,2026-11-16,3628,27848,,
4146211,36,2026-11-17,3628,27848,,
4146211,36,2026-11-18,3628,27848,,
4146211,36,2026-11-19,3628,27848,,
4146211,36,2026-11-22,3628,27848,,
4146211,36,2026-11-23,3628,27848,,
4146211,36,2026-12-01,3628,27848,,
4146211,36,2026-12-07,3628,27848,,
4146211,36,2026-12-08,3628,27848,,
4146211,36,2026-12-09,3628,27848,,
4146211,36,2026-12-10,3628,27848,,
4146211,36,2026-12-13,3628,27848,,
4146211,36,2026-12-14,3628,27848,,
4146211,37,2026-09-22,3628,20000,,
4146211,37,2026-09-23,3628,20000,,
4146211,37,2026-09-25,3628,20000,,
4146211,37,2026-09-26,3628,20000,,
4146211,37,2026-09-27,3628,20000,,
4146211,37,2026-09-28,3628,20000,,
4146211,37,2026-09-29,3628,20000,,
4146211,37,2026-09-30,3628,20000,,
4146211,37,2026-10-02,3628,20000,,
4146211,37,2026-10-04,3628,20000,,
4146211,37,2026-10-05,3628,20000,,
4146211,37,2026-10-06,3628,20000,,
4146211,37,2026-10-07,3628,20000,,
4146211,37,2026-10-08,3628,20000,,
4146211,37,2026-10-09,3628,20000,,
4146211,37,2026-10-10,3628,20000,,
4146211,37,2026-10-11,3628,20000,,
4146211,37,2026-10-12,3628,20000,,
4146211,37,2026-10-13,3628,20000,,
4146211,37,2026-10-14,3628,20000,,
4146211,37,2026-10-15,3628,20000,,
4146211,37,2026-10-17,3628,20000,,
4146211,37,2026-10-18,3628,20000,,
4146211,37,2026-10-19,3628,20000,,
4146211,37,2026-10-20,3628,20000,,
4146211,37,2026-10-21,3628,20000,,
4146211,37,2026-10-22,3628,20000,,
4146211,37,2026-10-23,3628,20000,,
4146211,37,2026-10-24,3628,20000,,
4146211,37,2026-10-26,3628,20000,,
4146211,37,2026-10-27,3628,20000,,
4146211,37,2026-10-28,3628,20000,,
4146211,37,2026-10-29,3628,20000,,
4146211,37,2026-10-30,3628,20000,,
4146211,37,2026-10-31,3628,20000,,
4146211,37,2026-11-01,3628,20000,,
4146211,37,2026-11-02,3628,20000,,
4146211,37,2026-11-03,3628,20000,,
4146211,37,2026-11-04,3628,20000,,
4146211,37,2026-11-05,3628,20000,,
4146211,37,2026-11-06,3628,20000,,
4146211,37,2026-11-07,3628,20000,,
4146211,37,2026-11-08,3628,20000,,
4146211,37,2026-11-09,3628,20000,,
4146211,37,2026-11-10,3628,20000,,
4146211,37,2026-11-11,3628,20000,,
4146211,37,2026-11-12,3628,20000,,
4146211,37,2026-11-13,3628,20000,,
4146211,37,2026-11-14,3628,20000,,
4146211,37,2026-11-15,3628,20000,,
4146211,37,2026-11-16,3628,20000,,
4146211,37,2026-11-17,3628,20000,,
4146211,37,2026-11-18,3628,20000,,
4146211,37,2026-11-19,3628,20000,,
4146211,37,2026-11-22,3628,20000,,
4146211,37,2026-11-23,3628,20000,,
4146211,37,2026-12-01,3628,20000,,
4146211,37,2026-12-07,3628,20000,,
4146211,37,2026-12-08,3628,20000,,
4146211,37,2026-12-09,3628,20000,,
4146211,37,2026-12-10,3628,20000,,
4146211,37,2026-12-13,3628,20000,,
4146211,37,2026-12-14,3628,20000,,
4146211,42,2026-09-22,3973,20000,,
4146211,42,2026-09-23,3973,20000,,
4146211,42,2026-09-25,3973,20000,,
4146211,42,2026-09-26,3973,20000,,
4146211,42,2026-09-27,3973,20000,,
4146211,42,2026-09-28,3973,20000,,
4146211,42,2026-09-29,3973,20000,,
4146211,42,2026-09-30,3973,20000,,
4146211,42,2026-10-02,3973,20000,,
4146211,42,2026-10-04,3973,20000,,
4146211,42,2026-10-05,3973,20000,,
4146211,42,2026-10-06,3973,20000,,
4146211,42,2026-10-07,3973,20000,,
4146211,42,2026-10-08,3973,20000,,
4146211,42,2026-10-09,3973,20000,,
4146211,42,2026-10-10,3973,20000,,
4146211,42,2026-10-11,3973,20000,,
4146211,42,2026-10-12,3973,20000,,
4146211,42,2026-10-13,3973,20000,,
4146211,42,2026-10-14,3973,20000,,
4146211,42,2026-10-15,3973,20000,,
4146211,42,2026-10-17,3973,20000,,
4146211,42,2026-10-18,3973,20000,,
4146211,42,2026-10-19,3973,20000,,
4146211,42,2026-10-20,3973,20000,,
4146211,42,2026-10-21,3973,20000,,
4146211,42,2026-10-22,3973,20000,,
4146211,42,2026-10-23,3973,20000,,
4146211,42,2026-10-24,3973,20000,,
4146211,42,2026-10-26,3973,20000,,
4146211,42,2026-10-27,3973,20000,,
4146211,42,2026-10-28,3973,20000,,
4146211,42,2026-10-29,3973,20000,,
4146211,42,2026-10-30,3973,20000,,
4146211,42,2026-10-31,3973,20000,,
4146211,42,2026-11-01,3973,20000,,
4146211,42,2026-11-02,3973,20000,,
4146211,42,2026-11-03,3973,20000,,
4146211,42,2026-11-04,3973,20000,,
4146211,42,2026-11-05,3973,20000,,
4146211,42,2026-11-06,3973,20000,,
4146211,42,2026-11-07,3973,20000,,
4146211,42,2026-11-08,3973,20000,,
4146211,42,2026-11-09,3973,20000,,
4146211,42,2026-11-10,3973,20000,,
4146211,42,2026-11-11,3973,20000,,
4146211,42,2026-11-12,3973,20000,,
4146211,42,2026-11-13,3973,20000,,
4146211,42,2026-11-14,3973,20000,,
4146211,42,2026-11-15,3973,20000,,
4146211,42,2026-11-16,3973,20000,,
4146211,42,2026-11-17,3973,20000,,
4146211,42,2026-11-18,3973,20000,,
4146211,42,2026-11-19,3973,20000,,
4146211,42,2026-11-22,3973,20000,,
4146211,42,2026-11-23,3973,20000,,
4146211,42,2026-12-01,3973,20000,,
4146211,42,2026-12-07,3973,20000,,
4146211,42,2026-12-08,3973,20000,,
4146211,42,2026-12-09,3973,20000,,
4146211,42,2026-12-10,3973,20000,,
4146211,42,2026-12-13,3973,20000,,
4146211,42,2026-12-14,3973,20000,,
4146211,43,2026-09-22,3973,20000,,
4146211,43,2026-09-23,3973,20000,,
4146211,43,2026-09-25,3973,20000,,
4146211,43,2026-09-26,3973,20000,,
4146211,43,2026-09-27,3973,20000,,
4146211,43,2026-09-28,3973,20000,,
4146211,43,2026-09-29,3973,20000,,
4146211,43,2026-09-30,3973,20000,,
4146211,43,2026-10-02,3973,20000,,
4146211,43,2026-10-04,3973,20000,,
4146211,43,2026-10-05,3973,20000,,
4146211,43,2026-10-06,3973,20000,,
4146211,43,2026-10-07,3973,20000,,
4146211,43,2026-10-08,3973,20000,,
4146211,43,2026-10-09,3973,20000,,
4146211,43,2026-10-10,3973,20000,,
4146211,43,2026-10-11,3973,20000,,
4146211,43,2026-10-12,3973,20000,,
4146211,43,2026-10-13,3973,20000,,
4146211,43,2026-10-14,3973,20000,,
4146211,43,2026-10-15,3973,20000,,
4146211,43,2026-10-17,3973,20000,,
4146211,43,2026-10-18,3973,20000,,
4146211,43,2026-10-19,3973,20000,,
4146211,43,2026-10-20,3973,20000,,
4146211,43,2026-10-21,3973,20000,,
4146211,43,2026-10-22,3973,20000,,
4146211,43,2026-10-23,3973,20000,,
4146211,43,2026-10-24,3973,20000,,
4146211,43,2026-10-26,3973,20000,,
4146211,43,2026-10-27,3973,20000,,
4146211,43,2026-10-28,3973,20000,,
4146211,43,2026-10-29,3973,20000,,
4146211,43,2026-10-30,3973,20000,,
4146211,43,2026-10-31,3973,20000,,
4146211,43,2026-11-01,3973,20000,,
4146211,43,2026-11-02,3973,20000,,
4146211,43,2026-11-03,3973,20000,,
4146211,43,2026-11-04,3973,20000,,
4146211,43,2026-11-05,3973,20000,,
4146211,43,2026-11-06,3973,20000,,
4146211,43,2026-11-07,3973,20000,,
4146211,43,2026-11-08,3973,20000,,
4146211,43,2026-11-09,3973,20000,,
4146211,43,2026-11-10,3973,20000,,
4146211,43,2026-11-11,3973,20000,,
4146211,43,2026-11-12,3973,20000,,
4146211,43,2026-11-13,3973,20000,,
4146211,43,2026-11-14,3973,20000,,
4146211,43,2026-11-15,3973,20000,,
4146211,43,2026-11-16,3973,20000,,
4146211,43,2026-11-17,3973,20000,,
4146211,43,2026-11-18,3973,20000,,
4146211,43,2026-11-19,3973,20000,,
4146211,43,2026-11-22,3973,20000,,
4146211,43,2026-11-23,3973,20000,,
4146211,43,2026-12-01,3973,20000,,
4146211,43,2026-12-07,3973,20000,,
4146211,43,2026-12-08,3973,20000,,
4146211,43,2026-12-09,3973,20000,,
4146211,43,2026-12-10,3973,20000,,
4146211,43,2026-12-13,3973,20000,,
4146211,43,2026-12-14,3973,20000,,
4146211,57,2026-09-15,2786,27848,,
4146211,57,2026-09-16,2786,27848,,
4146211,57,2026-09-19,2786,27848,,
4146211,57,2026-09-22,3042,27848,,
4146211,57,2026-09-23,3042,27848,,
4146211,57,2026-09-25,3042,27848,,
4146211,57,2026-09-26,3042,27848,,
4146211,57,2026-09-27,3042,27848,,
4146211,57,2026-09-28,3042,27848,,
4146211,57,2026-09-29,3042,27848,,
4146211,57,2026-09-30,3042,27848,,
4146211,57,2026-10-02,3042,27848,,
4146211,57,2026-10-04,3042,27848,,
4146211,57,2026-10-05,3042,27848,,
4146211,57,2026-10-06,3042,27848,,
4146211,57,2026-10-07,3042,27848,,
4146211,57,2026-10-08,3042,27848,,
4146211,57,2026-10-09,3042,27848,,
4146211,57,2026-10-10,3042,27848,,
4146211,57,2026-10-11,3042,27848,,
4146211,57,2026-10-12,3042,27848,,
4146211,57,2026-10-13,3042,27848,,
4146211,57,2026-10-14,3042,27848,,
4146211,57,2026-10-15,3042,27848,,
4146211,57,2026-10-17,3042,27848,,
4146211,57,2026-10-18,3042,27848,,
4146211,57,2026-10-19,3042,27848,,
4146211,57,2026-10-20,3042,27848,,
4146211,57,2026-10-21,3042,27848,,
4146211,57,2026-10-22,3042,27848,,
4146211,57,2026-10-23,3042,27848,,
4146211,57,2026-10-24,3042,27848,,
4146211,57,2026-10-26,3042,27848,,
4146211,57,2026-10-27,3042,27848,,
4146211,57,2026-10-28,3042,27848,,
4146211,57,2026-10-29,3042,27848,,
4146211,57,2026-10-30,3042,27848,,
4146211,57,2026-10-31,3042,27848,,
4146211,57,2026-11-01,3042,27848,,
4146211,57,2026-11-02,3042,27848,,
4146211,57,2026-11-03,3042,27848,,
4146211,57,2026-11-04,3042,27848,,
4146211,57,2026-11-05,3042,27848,,
4146211,57,2026-11-06,3042,27848,,
4146211,57,2026-11-07,3042,27848,,
4146211,57,2026-11-08,3042,27848,,
4146211,57,2026-11-09,3042,27848,,
4146211,57,2026-11-10,3042,27848,,
4146211,57,2026-11-11,3042,27848,,
4146211,57,2026-11-12,3042,27848,,
4146211,57,2026-11-13,3042,27848,,
4146211,57,2026-11-14,3042,27848,,
4146211,57,2026-11-15,3042,27848,,
4146211,57,2026-11-16,3042,27848,,
4146211,57,2026-11-17,3042,27848,,
4146211,57,2026-11-18,3042,27848,,
4146211,57,2026-11-19,3042,27848,,
4146211,57,2026-11-22,3042,27848,,
4146211,57,2026-11-23,3042,27848,,
4146211,57,2026-12-01,3042,27848,,
4146211,57,2026-12-07,3042,27848,,
4146211,57,2026-12-08,3042,27848,,
4146211,57,2026-12-09,3042,27848,,
4146211,57,2026-12-10,3042,27848,,
4146211,57,2026-12-13,3042,27848,,
4146211,57,2026-12-14,3042,27848,,
4146211,58,2026-09-15,3027,20000,,
4146211,58,2026-09-16,3027,20000,,
4146211,58,2026-09-19,3027,20000,,
4146211,58,2026-09-22,3283,20000,,
4146211,58,2026-09-23,3283,20000,,
4146211,58,2026-09-25,3283,20000,,
4146211,58,2026-09-26,3283,20000,,
4146211,58,2026-09-27,3283,20000,,
4146211,58,2026-09-28,3283,20000,,
4146211,58,2026-09-29,3283,20000,,
4146211,58,2026-09-30,3283,20000,,
4146211,58,2026-10-02,3283,20000,,
4146211,58,2026-10-04,3283,20000,,
4146211,58,2026-10-05,3283,20000,,
4146211,58,2026-10-06,3283,20000,,
4146211,58,2026-10-07,3283,20000,,
4146211,58,2026-10-08,3283,20000,,
4146211,58,2026-10-09,3283,20000,,
4146211,58,2026-10-10,3283,20000,,
4146211,58,2026-10-11,3283,20000,,
4146211,58,2026-10-12,3283,20000,,
4146211,58,2026-10-13,3283,20000,,
4146211,58,2026-10-14,3283,20000,,
4146211,58,2026-10-15,3283,20000,,
4146211,58,2026-10-17,3283,20000,,
4146211,58,2026-10-18,3283,20000,,
4146211,58,2026-10-19,3283,20000,,
4146211,58,2026-10-20,3283,20000,,
4146211,58,2026-10-21,3283,20000,,
4146211,58,2026-10-22,3283,20000,,
4146211,58,2026-10-23,3283,20000,,
4146211,58,2026-10-24,3283,20000,,
4146211,58,2026-10-26,3283,20000,,
4146211,58,2026-10-27,3283,20000,,
4146211,58,2026-10-28,3283,20000,,
4146211,58,2026-10-29,3283,20000,,
4146211,58,2026-10-30,3283,20000,,
4146211,58,2026-10-31,3283,20000,,
4146211,58,2026-11-01,3283,20000,,
4146211,58,2026-11-02,3283,20000,,
4146211,58,2026-11-03,3283,20000,,
4146211,58,2026-11-04,3283,20000,,
4146211,58,2026-11-05,3283,20000,,
4146211,58,2026-11-06,3283,20000,,
4146211,58,2026-11-07,3283,20000,,
4146211,58,2026-11-08,3283,20000,,
4146211,58,2026-11-09,3283,20000,,
4146211,58,2026-11-10,3283,20000,,
4146211,58,2026-11-11,3283,20000,,
4146211,58,2026-11-12,3283,20000,,
4146211,58,2026-11-13,3283,20000,,
4146211,58,2026-11-14,3283,20000,,
4146211,58,2026-11-15,3283,20000,,
4146211,58,2026-11-16,3283,20000,,
4146211,58,2026-11-17,3283,20000,,
4146211,58,2026-11-18,3283,20000,,
4146211,58,2026-11-19,3283,20000,,
4146211,58,2026-11-22,3283,20000,,
4146211,58,2026-11-23,3283,20000,,
4146211,58,2026-12-01,3283,20000,,
4146211,58,2026-12-07,3283,20000,,
4146211,58,2026-12-08,3283,20000,,
4146211,58,2026-12-09,3283,20000,,
4146211,58,2026-12-10,3283,20000,,
4146211,58,2026-12-13,3283,20000,,
4146211,58,2026-12-14,3283,20000,,
4146211,89,2026-09-15,2786,20000,,
4146211,89,2026-09-16,2786,20000,,
4146211,89,2026-09-19,2786,20000,,
4146211,89,2026-09-22,3042,20000,,
4146211,89,2026-09-23,3042,20000,,
4146211,89,2026-09-25,3042,20000,,
4146211,89,2026-09-26,3042,20000,,
4146211,89,2026-09-27,3042,20000,,
4146211,89,2026-09-28,3042,20000,,
4146211,89,2026-09-29,3042,20000,,
4146211,89,2026-09-30,3042,20000,,
4146211,89,2026-10-02,3042,20000,,
4146211,89,2026-10-04,3042,20000,,
4146211,89,2026-10-05,3042,20000,,
4146211,89,2026-10-06,3042,20000,,
4146211,89,2026-10-07,3042,20000,,
4146211,89,2026-10-08,3042,20000,,
4146211,89,2026-10-09,3042,20000,,
4146211,89,2026-10-10,3042,20000,,
4146211,89,2026-10-11,3042,20000,,
4146211,89,2026-10-12,3042,20000,,
4146211,89,2026-10-13,3042,20000,,
4146211,89,2026-10-14,3042,20000,,
4146211,89,2026-10-15,3042,20000,,
4146211,89,2026-10-17,3042,20000,,
4146211,89,2026-10-18,3042,20000,,
4146211,89,2026-10-19,3042,20000,,
4146211,89,2026-10-20,3042,20000,,
4146211,89,2026-10-21,3042,20000,,
4146211,89,2026-10-22,3042,20000,,
4146211,89,2026-10-23,3042,20000,,
4146211,89,2026-10-24,3042,20000,,
4146211,89,2026-10-26,3042,20000,,
4146211,89,2026-10-27,3042,20000,,
4146211,89,2026-10-28,3042,20000,,
4146211,89,2026-10-29,3042,20000,,
4146211,89,2026-10-30,3042,20000,,
4146211,89,2026-10-31,3042,20000,,
4146211,89,2026-11-01,3042,20000,,
4146211,89,2026-11-02,3042,20000,,
4146211,89,2026-11-03,3042,20000,,
4146211,89,2026-11-04,3042,20000,,
4146211,89,2026-11-05,3042,20000,,
4146211,89,2026-11-06,3042,20000,,
4146211,89,2026-11-07,3042,20000,,
4146211,89,2026-11-08,3042,20000,,
4146211,89,2026-11-09,3042,20000,,
4146211,89,2026-11-10,3042,20000,,
4146211,89,2026-11-11,3042,20000,,
4146211,89,2026-11-12,3042,20000,,
4146211,89,2026-11-13,3042,20000,,
4146211,89,2026-11-14,3042,20000,,
4146211,89,2026-11-15,3042,20000,,
4146211,89,2026-11-16,3042,20000,,
4146211,89,2026-11-17,3042,20000,,
4146211,89,2026-11-18,3042,20000,,
4146211,89,2026-11-19,3042,20000,,
4146211,89,2026-11-22,3042,20000,,
4146211,89,2026-11-23,3042,20000,,
4146211,89,2026-12-01,3042,20000,,
4146211,89,2026-12-07,3042,20000,,
4146211,89,2026-12-08,3042,20000,,
4146211,89,2026-12-09,3042,20000,,
4146211,89,2026-12-10,3042,20000,,
4146211,89,2026-12-13,3042,20000,,
4146211,89,2026-12-14,3042,20000,,
4471338,15,2026-09-18,1505,23600,,
4471338,16,2026-09-18,1505,23600,,
4471338,17,2026-09-18,1574,23600,,
4471338,18,2026-09-18,1574,23600,,
4471338,19,2026-09-18,1574,23600,,
4471338,20,2026-09-18,1574,23600,,
4471338,21,2026-09-18,1781,23600,,
4471338,22,2026-09-18,1781,23600,,
4471338,23,2026-09-18,1781,23600,,
4471338,24,2026-09-18,1781,23600,,
4471338,38,2026-09-18,1505,23600,,
4471338,39,2026-09-18,1781,23600,,
4471338,40,2026-09-18,1781,23600,,
4471338,50,2026-09-18,1574,23600,,
4471338,83,2026-09-18,1781,23600,,
4476459,17,2026-10-27,1683,23600,,
4476459,17,2026-10-28,1683,23600,,
4476459,17,2026-10-29,1683,23600,,
4476459,18,2026-10-27,1683,23600,,
4476459,18,2026-10-28,1683,23600,,
4476459,18,2026-10-29,1683,23600,,
4476459,19,2026-10-27,1683,23600,,
4476459,19,2026-10-28,1683,23600,,
4476459,19,2026-10-29,1683,23600,,
4476459,20,2026-10-27,1683,23600,,
4476459,20,2026-10-28,1683,23600,,
4476459,20,2026-10-29,1683,23600,,
4476459,21,2026-09-19,1725,23600,,
4476459,21,2026-09-20,1725,23600,,
4476459,21,2026-09-23,1721,23600,,
4476459,21,2026-09-30,1721,23600,,
4476459,22,2026-09-19,1725,23600,,
4476459,22,2026-09-20,1725,23600,,
4476459,22,2026-09-23,1721,23600,,
4476459,22,2026-09-30,1721,23600,,
4476459,23,2026-09-19,1725,23600,,
4476459,23,2026-09-20,1725,23600,,
4476459,23,2026-09-23,1721,23600,,
4476459,23,2026-09-30,1721,23600,,
4476459,24,2026-09-19,1725,23600,,
4476459,24,2026-09-20,1725,23600,,
4476459,24,2026-09-23,1721,23600,,
4476459,24,2026-09-30,1721,23600,,
4476459,29,2026-10-21,2787,23600,,
4476459,30,2026-10-21,2787,23600,,
4476459,31,2026-10-21,2787,23600,,
4476459,32,2026-10-21,2787,23600,,
4476459,33,2026-10-21,2787,23600,,
4476459,34,2026-10-21,2787,23600,,
4476459,39,2026-09-19,1725,23600,,
4476459,39,2026-09-20,1725,23600,,
4476459,39,2026-09-23,1721,23600,,
4476459,39,2026-09-30,1721,23600,,
4476459,40,2026-09-19,1725,23600,,
4476459,40,2026-09-20,1725,23600,,
4476459,40,2026-09-23,1721,23600,,
4476459,40,2026-09-30,1721,23600,,
4476459,50,2026-10-27,1683,23600,,
4476459,50,2026-10-28,1683,23600,,
4476459,50,2026-10-29,1683,23600,,
4476459,57,2026-10-21,2787,23600,,
4476459,83,2026-09-19,1725,23600,,
4476459,83,2026-09-20,1725,23600,,
4476459,83,2026-09-23,1721,23600,,
4476459,83,2026-09-30,1721,23600,,
5000010,21,2026-09-17,2376,23600,,
5000010,22,2026-09-17,2376,23600,,
5000010,23,2026-09-17,2652,23600,,
5000010,24,2026-09-17,2652,23600,,
5000010,27,2026-09-17,3342,23600,,
5000010,28,2026-09-17,3342,23600,,
5000010,29,2026-09-17,3066,23600,,
5000010,30,2026-09-17,3066,23600,,
5000010,31,2026-09-17,3066,23600,,
5000010,32,2026-09-17,3273,23600,,
5000010,33,2026-09-17,3273,23600,,
5000010,34,2026-09-17,3273,23600,,
5000010,35,2026-09-17,3963,23600,,
5000010,35,2026-10-21,3975,23600,,
5000010,35,2026-10-27,3975,23600,,
5000010,35,2026-10-28,3975,23600,,
5000010,35,2026-10-29,3975,23600,,
5000010,35,2026-10-30,3975,23600,,
5000010,35,2026-11-15,3975,23600,,
5000010,35,2026-11-16,3975,23600,,
5000010,35,2026-11-17,3975,23600,,
5000010,35,2026-11-18,3975,23600,,
5000010,35,2026-11-19,3975,23600,,
5000010,35,2026-11-22,3975,23600,,
5000010,35,2026-11-23,3975,23600,,
5000010,35,2026-12-01,3975,23600,,
5000010,35,2026-12-07,3975,23600,,
5000010,35,2026-12-08,3975,23600,,
5000010,35,2026-12-09,3975,23600,,
5000010,35,2026-12-10,3975,23600,,
5000010,35,2026-12-13,3975,23600,,
5000010,35,2026-12-14,3975,23600,,
5000010,36,2026-09-17,3963,23600,,
5000010,36,2026-10-21,3975,23600,,
5000010,36,2026-10-27,3975,23600,,
5000010,36,2026-10-28,3975,23600,,
5000010,36,2026-10-29,3975,23600,,
5000010,36,2026-10-30,3975,23600,,
5000010,36,2026-11-15,3975,23600,,
5000010,36,2026-11-16,3975,23600,,
5000010,36,2026-11-17,3975,23600,,
5000010,36,2026-11-18,3975,23600,,
5000010,36,2026-11-19,3975,23600,,
5000010,36,2026-11-22,3975,23600,,
5000010,36,2026-11-23,3975,23600,,
5000010,36,2026-12-01,3975,23600,,
5000010,36,2026-12-07,3975,23600,,
5000010,36,2026-12-08,3975,23600,,
5000010,36,2026-12-09,3975,23600,,
5000010,36,2026-12-10,3975,23600,,
5000010,36,2026-12-13,3975,23600,,
5000010,36,2026-12-14,3975,23600,,
5000010,37,2026-09-17,3963,23600,,
5000010,37,2026-10-21,3975,23600,,
5000010,37,2026-10-27,3975,23600,,
5000010,37,2026-10-28,3975,23600,,
5000010,37,2026-10-29,3975,23600,,
5000010,37,2026-10-30,3975,23600,,
5000010,37,2026-11-15,3975,23600,,
5000010,37,2026-11-16,3975,23600,,
5000010,37,2026-11-17,3975,23600,,
5000010,37,2026-11-18,3975,23600,,
5000010,37,2026-11-19,3975,23600,,
5000010,37,2026-11-22,3975,23600,,
5000010,37,2026-11-23,3975,23600,,
5000010,37,2026-12-01,3975,23600,,
5000010,37,2026-12-07,3975,23600,,
5000010,37,2026-12-08,3975,23600,,
5000010,37,2026-12-09,3975,23600,,
5000010,37,2026-12-10,3975,23600,,
5000010,37,2026-12-13,3975,23600,,
5000010,37,2026-12-14,3975,23600,,
5000010,39,2026-09-17,2376,23600,,
5000010,40,2026-09-17,2652,23600,,
5000010,42,2026-09-17,4653,23600,,
5000010,42,2026-09-24,4670,23600,,
5000010,42,2026-10-02,4668,23600,,
5000010,42,2026-10-04,4668,23600,,
5000010,42,2026-10-05,4670,23600,,
5000010,42,2026-10-06,4668,23600,,
5000010,42,2026-10-07,4669,23600,,
5000010,42,2026-10-08,4670,23600,,
5000010,42,2026-10-09,4669,23600,,
5000010,42,2026-10-10,4669,23600,,
5000010,42,2026-10-11,4669,23600,,
5000010,42,2026-10-12,4668,23600,,
5000010,42,2026-10-13,4669,23600,,
5000010,42,2026-10-14,4668,23600,,
5000010,42,2026-10-15,4670,23600,,
5000010,42,2026-10-21,4665,23600,,
5000010,42,2026-10-27,4665,23600,,
5000010,42,2026-10-28,4665,23600,,
5000010,42,2026-10-29,4665,23600,,
5000010,42,2026-10-30,4665,23600,,
5000010,42,2026-11-15,4665,23600,,
5000010,42,2026-11-16,4665,23600,,
5000010,42,2026-11-17,4665,23600,,
5000010,42,2026-11-18,4665,23600,,
5000010,42,2026-11-19,4665,23600,,
5000010,42,2026-11-22,4665,23600,,
5000010,42,2026-11-23,4665,23600,,
5000010,42,2026-12-01,4665,23600,,
5000010,42,2026-12-07,4665,23600,,
5000010,42,2026-12-08,4665,23600,,
5000010,42,2026-12-09,4665,23600,,
5000010,42,2026-12-10,4665,23600,,
5000010,42,2026-12-13,4665,23600,,
5000010,42,2026-12-14,4665,23600,,
5000010,43,2026-09-17,4653,23600,,
5000010,43,2026-09-24,4670,23600,,
5000010,43,2026-10-02,4668,23600,,
5000010,43,2026-10-04,4668,23600,,
5000010,43,2026-10-05,4670,23600,,
5000010,43,2026-10-06,4668,23600,,
5000010,43,2026-10-07,4669,23600,,
5000010,43,2026-10-08,4670,23600,,
5000010,43,2026-10-09,4669,23600,,
5000010,43,2026-10-10,4669,23600,,
5000010,43,2026-10-11,4669,23600,,
5000010,43,2026-10-12,4668,23600,,
5000010,43,2026-10-13,4669,23600,,
5000010,43,2026-10-14,4668,23600,,
5000010,43,2026-10-15,4670,23600,,
5000010,43,2026-10-21,4665,23600,,
5000010,43,2026-10-27,4665,23600,,
5000010,43,2026-10-28,4665,23600,,
5000010,43,2026-10-29,4665,23600,,
5000010,43,2026-10-30,4665,23600,,
5000010,43,2026-11-15,4665,23600,,
5000010,43,2026-11-16,4665,23600,,
5000010,43,2026-11-17,4665,23600,,
5000010,43,2026-11-18,4665,23600,,
5000010,43,2026-11-19,4665,23600,,
5000010,43,2026-11-22,4665,23600,,
5000010,43,2026-11-23,4665,23600,,
5000010,43,2026-12-01,4665,23600,,
5000010,43,2026-12-07,4665,23600,,
5000010,43,2026-12-08,4665,23600,,
5000010,43,2026-12-09,4665,23600,,
5000010,43,2026-12-10,4665,23600,,
5000010,43,2026-12-13,4665,23600,,
5000010,43,2026-12-14,4665,23600,,
5000010,57,2026-09-17,3066,23600,,
5000010,58,2026-09-17,3273,23600,,
5000010,83,2026-09-17,2376,23600,,
5000010,89,2026-09-17,3066,23600,,
5000022,27,2026-09-17,2291,20000,,
5000022,28,2026-09-17,2291,20000,,
5802951,19,2026-09-16,1718,23600,,
5802951,20,2026-09-16,1718,23600,,
5802951,21,2026-09-15,2165,23600,,
5802951,21,2026-09-18,2165,23600,,
5802951,21,2026-09-19,2165,23600,,
5802951,21,2026-09-20,2165,23600,,
5802951,22,2026-09-15,2165,23600,,
5802951,22,2026-09-18,2165,23600,,
5802951,22,2026-09-19,2165,23600,,
5802951,22,2026-09-20,2165,23600,,
5802951,23,2026-09-15,2303,23600,,
5802951,23,2026-09-18,2303,23600,,
5802951,23,2026-09-19,2303,23600,,
5802951,23,2026-09-20,2303,23600,,
5802951,24,2026-09-15,2303,23600,,
5802951,24,2026-09-18,2303,23600,,
5802951,24,2026-09-19,2303,23600,,
5802951,24,2026-09-20,2303,23600,,
5802951,39,2026-09-15,2165,23600,,
5802951,39,2026-09-18,2165,23600,,
5802951,39,2026-09-19,2165,23600,,
5802951,39,2026-09-20,2165,23600,,
5802951,40,2026-09-15,2303,23600,,
5802951,40,2026-09-18,2303,23600,,
5802951,40,2026-09-19,2303,23600,,
5802951,40,2026-09-20,2303,23600,,
5802951,83,2026-09-15,2165,23600,,
5802951,83,2026-09-18,2165,23600,,
5802951,83,2026-09-19,2165,23600,,
5802951,83,2026-09-20,2165,23600,,
6141453,25,2026-10-16,2569,23600,,
6141453,25,2026-10-17,2569,23600,,
6141453,25,2026-10-23,2569,23600,,
6141453,25,2026-10-24,2569,23600,,
6141453,25,2026-12-04,2569,23600,,
6141453,25,2026-12-05,2569,23600,,
6141453,25,2026-12-11,2569,23600,,
6141453,25,2026-12-12,2569,23600,,
6141453,35,2026-11-07,3535,23600,,
6141453,35,2026-11-14,3535,23600,,
6141453,35,2026-11-20,3535,23600,,
6141453,35,2026-11-21,3535,23600,,
6141453,36,2026-11-07,3535,23600,,
6141453,36,2026-11-14,3535,23600,,
6141453,36,2026-11-20,3535,23600,,
6141453,36,2026-11-21,3535,23600,,
6474322,17,2026-09-19,1600,23600,,
6474322,18,2026-09-19,1600,23600,,
6474322,19,2026-09-19,1738,23600,,
6474322,20,2026-09-19,1738,23600,,
6474322,21,2026-09-19,1945,23600,,
6474322,22,2026-09-19,1945,23600,,
6474322,23,2026-09-19,2014,23600,,
6474322,24,2026-09-19,2014,23600,,
6474322,27,2026-09-19,2359,23600,,
6474322,28,2026-09-19,2359,23600,,
6474322,39,2026-09-19,1945,23600,,
6474322,40,2026-09-19,2014,23600,,
6474322,50,2026-09-19,1600,23600,,
6474322,83,2026-09-19,1945,23600,,
6809984,21,2026-09-16,1102,20000,,
6809984,22,2026-09-16,1102,20000,,
6809984,23,2026-09-16,1102,20000,,
6809984,24,2026-09-16,1102,20000,,
6809984,27,2026-09-16,1585,20000,,
6809984,28,2026-09-16,1585,20000,,
6809984,39,2026-09-16,1102,20000,,
6809984,40,2026-09-16,1102,20000,,
6809984,83,2026-09-16,1102,20000,,
8459601,15,2026-09-15,2738,23600,,
8459601,15,2026-09-16,2738,23600,,
8459601,15,2026-09-17,2738,23600,,
8459601,15,2026-09-20,2738,23600,,
8459601,15,2026-09-21,2738,23600,,
8459601,15,2026-09-22,2738,23600,,
8459601,15,2026-09-23,2738,23600,,
8459601,15,2026-09-27,2738,23600,,
8459601,15,2026-09-28,2738,23600,,
8459601,15,2026-09-29,2738,23600,,
8459601,15,2026-09-30,2738,23600,,
8459601,15,2026-10-27,2994,23600,,
8459601,15,2026-10-28,2994,23600,,
8459601,15,2026-10-29,2994,23600,,
8459601,16,2026-09-15,2876,23600,,
8459601,16,2026-09-16,2876,23600,,
8459601,16,2026-09-17,2876,23600,,
8459601,16,2026-09-20,2876,23600,,
8459601,16,2026-09-21,2876,23600,,
8459601,16,2026-09-22,2876,23600,,
8459601,16,2026-09-23,2876,23600,,
8459601,16,2026-09-27,2876,23600,,
8459601,16,2026-09-28,2876,23600,,
8459601,16,2026-09-29,2876,23600,,
8459601,16,2026-09-30,2876,23600,,
8459601,16,2026-10-27,3132,23600,,
8459601,16,2026-10-28,3132,23600,,
8459601,16,2026-10-29,3132,23600,,
8459601,35,2026-12-01,8389,23600,,
8459601,35,2026-12-07,8389,23600,,
8459601,35,2026-12-14,8389,23600,,
8459601,36,2026-12-01,8389,23600,,
8459601,36,2026-12-07,8389,23600,,
8459601,36,2026-12-14,8389,23600,,
8459601,37,2026-12-01,8389,23600,,
8459601,37,2026-12-07,8389,23600,,
8459601,37,2026-12-14,8389,23600,,
8459601,38,2026-09-15,2738,23600,,
8459601,38,2026-09-16,2738,23600,,
8459601,38,2026-09-17,2738,23600,,
8459601,38,2026-09-20,2738,23600,,
8459601,38,2026-09-21,2738,23600,,
8459601,38,2026-09-22,2738,23600,,
8459601,38,2026-09-23,2738,23600,,
8459601,38,2026-09-27,2738,23600,,
8459601,38,2026-09-28,2738,23600,,
8459601,38,2026-09-29,2738,23600,,
8459601,38,2026-09-30,2738,23600,,
8459601,38,2026-10-27,2994,23600,,
8459601,38,2026-10-28,2994,23600,,
8459601,38,2026-10-29,2994,23600,,
8459601,42,2026-12-01,9079,23600,,
8459601,42,2026-12-07,9079,23600,,
8459601,42,2026-12-14,9079,23600,,
8459601,43,2026-12-01,9079,23600,,
8459601,43,2026-12-07,9079,23600,,
8459601,43,2026-12-14,9079,23600,,
8459601,44,2026-12-01,9079,23600,,
8459601,44,2026-12-07,9079,23600,,
8459601,44,2026-12-14,9079,23600,,
8459601,52,2026-09-15,2876,23600,,
8459601,52,2026-09-16,2876,23600,,
8459601,52,2026-09-17,2876,23600,,
8459601,52,2026-09-20,2876,23600,,
8459601,52,2026-09-21,2876,23600,,
8459601,52,2026-09-22,2876,23600,,
8459601,52,2026-09-23,2876,23600,,
8459601,52,2026-09-27,2876,23600,,
8459601,52,2026-09-28,2876,23600,,
8459601,52,2026-09-29,2876,23600,,
8459601,52,2026-09-30,2876,23600,,
8459601,52,2026-10-27,3132,23600,,
8459601,52,2026-10-28,3132,23600,,
8459601,52,2026-10-29,3132,23600,,
8459601,59,2026-12-01,8389,23600,,
8459601,59,2026-12-07,8389,23600,,
8459601,59,2026-12-14,8389,23600,,
8459601,76,2026-09-15,2738,23600,,
8459601,76,2026-09-16,2738,23600,,
8459601,76,2026-09-17,2738,23600,,
8459601,76,2026-09-20,2738,23600,,
8459601,76,2026-09-21,2738,23600,,
8459601,76,2026-09-22,2738,23600,,
8459601,76,2026-09-23,2738,23600,,
8459601,76,2026-09-27,2738,23600,,
8459601,76,2026-09-28,2738,23600,,
8459601,76,2026-09-29,2738,23600,,
8459601,76,2026-09-30,2738,23600,,
8459601,76,2026-10-27,2994,23600,,
8459601,76,2026-10-28,2994,23600,,
8459601,76,2026-10-29,2994,23600,,
2365,45,2026-12-04,3651,23600,,
2365,45,2026-12-05,3651,23600,,
2365,45,2026-12-11,3651,23600,,
2365,45,2026-12-12,3651,23600,,
2365,46,2026-12-04,3651,23600,,
2365,46,2026-12-05,3651,23600,,
2365,46,2026-12-11,3651,23600,,
2365,46,2026-12-12,3651,23600,,
3211,15,2026-09-26,1584,23600,,
3211,16,2026-09-26,1688,23600,,
3211,17,2026-11-24,2098,23600,,
3211,17,2026-11-25,2098,23600,,
3211,18,2026-11-24,2098,23600,,
3211,18,2026-11-25,2098,23600,,
3211,19,2026-11-24,2167,23600,,
3211,19,2026-11-25,2167,23600,,
3211,20,2026-11-24,2167,23600,,
3211,20,2026-11-25,2167,23600,,
3211,25,2026-11-24,2512,23600,,
3211,25,2026-11-25,2512,23600,,
3211,38,2026-09-26,1584,23600,,
3211,50,2026-11-24,2098,23600,,
3211,50,2026-11-25,2098,23600,,
17174,27,2026-09-15,4067,23600,,
17174,27,2026-09-16,4067,23600,,
17174,27,2026-09-17,4067,23600,,
17174,27,2026-09-18,4067,23600,,
17174,27,2026-09-19,4067,23600,,
17174,27,2026-09-20,4067,23600,,
17174,27,2026-09-21,4067,23600,,
17174,28,2026-09-15,4067,23600,,
17174,28,2026-09-16,4067,23600,,
17174,28,2026-09-17,4067,23600,,
17174,28,2026-09-18,4067,23600,,
17174,28,2026-09-19,4067,23600,,
17174,28,2026-09-20,4067,23600,,
17174,28,2026-09-21,4067,23600,,
17174,32,2026-09-15,4343,23600,,
17174,32,2026-09-16,4343,23600,,
17174,32,2026-09-17,4343,23600,,
17174,32,2026-09-18,4343,23600,,
17174,32,2026-09-19,4343,23600,,
17174,32,2026-09-20,4343,23600,,
17174,32,2026-09-21,4343,23600,,
17174,33,2026-09-15,4343,23600,,
17174,33,2026-09-16,4343,23600,,
17174,33,2026-09-17,4343,23600,,
17174,33,2026-09-18,4343,23600,,
17174,33,2026-09-19,4343,23600,,
17174,33,2026-09-20,4343,23600,,
17174,33,2026-09-21,4343,23600,,
17174,34,2026-09-15,4343,23600,,
17174,34,2026-09-16,4343,23600,,
17174,34,2026-09-17,4343,23600,,
17174,34,2026-09-18,4343,23600,,
17174,34,2026-09-19,4343,23600,,
17174,34,2026-09-20,4343,23600,,
17174,34,2026-09-21,4343,23600,,
17174,35,2026-09-15,5240,23600,,
17174,35,2026-09-16,5240,23600,,
17174,35,2026-09-17,5240,23600,,
17174,35,2026-09-18,5240,23600,,
17174,35,2026-09-19,5240,23600,,
17174,35,2026-09-20,5240,23600,,
17174,35,2026-09-21,5240,23600,,
17174,36,2026-09-15,5240,23600,,
17174,36,2026-09-16,5240,23600,,
17174,36,2026-09-17,5240,23600,,
17174,36,2026-09-18,5240,23600,,
17174,36,2026-09-19,5240,23600,,
17174,36,2026-09-20,5240,23600,,
17174,36,2026-09-21,5240,23600,,
17174,37,2026-09-15,5240,23600,,
17174,37,2026-09-16,5240,23600,,
17174,37,2026-09-17,5240,23600,,
17174,37,2026-09-18,5240,23600,,
17174,37,2026-09-19,5240,23600,,
17174,37,2026-09-20,5240,23600,,
17174,37,2026-09-21,5240,23600,,
42415,17,2026-09-17,1375,27848,,
42415,17,2026-09-18,1375,27848,,
42415,18,2026-09-17,1375,27848,,
42415,18,2026-09-18,1375,27848,,
42415,19,2026-09-17,1513,27848,,
42415,19,2026-09-18,1513,27848,,
42415,20,2026-09-17,1513,27848,,
42415,20,2026-09-18,1513,27848,,
42415,50,2026-09-17,1375,27848,,
42415,50,2026-09-18,1375,27848,,
42415,51,2026-09-17,1513,27848,,
42415,51,2026-09-18,1513,27848,,
42415,87,2026-09-17,1375,27848,,
42415,87,2026-09-18,1375,27848,,
45959,17,2026-09-21,1545,23600,,
45959,18,2026-11-22,1695,20000,,
45959,18,2026-11-23,1695,20000,,
45959,18,2026-12-09,1695,20000,,
45959,18,2026-12-10,1695,20000,,
45959,19,2026-09-23,1829,20000,,
45959,19,2026-09-25,1837,20000,,
45959,19,2026-09-26,1834,20000,,
45959,19,2026-09-27,1829,20000,,
45959,19,2026-09-28,1827,20000,,
45959,19,2026-09-29,1827,20000,,
45959,19,2026-09-30,1827,20000,,
45959,19,2026-10-02,1827,20000,,
45959,19,2026-10-04,1827,20000,,
45959,19,2026-10-05,1829,20000,,
45959,19,2026-10-06,1829,20000,,
45959,19,2026-10-07,1829,20000,,
45959,19,2026-10-08,1829,20000,,
45959,19,2026-10-09,1827,20000,,
45959,19,2026-10-10,1827,20000,,
45959,19,2026-10-11,1827,20000,,
45959,19,2026-10-12,1827,20000,,
45959,19,2026-10-13,1829,20000,,
45959,19,2026-10-14,1829,20000,,
45959,19,2026-10-15,1829,20000,,
45959,20,2026-09-23,1829,20000,,
45959,20,2026-09-25,1837,20000,,
45959,20,2026-09-26,1834,20000,,
45959,20,2026-09-27,1829,20000,,
45959,20,2026-09-28,1827,20000,,
45959,20,2026-09-29,1827,20000,,
45959,20,2026-09-30,1827,20000,,
45959,20,2026-10-02,1827,20000,,
45959,20,2026-10-04,1827,20000,,
45959,20,2026-10-05,1829,20000,,
45959,20,2026-10-06,1829,20000,,
45959,20,2026-10-07,1829,20000,,
45959,20,2026-10-08,1829,20000,,
45959,20,2026-10-09,1827,20000,,
45959,20,2026-10-10,1827,20000,,
45959,20,2026-10-11,1827,20000,,
45959,20,2026-10-12,1827,20000,,
45959,20,2026-10-13,1829,20000,,
45959,20,2026-10-14,1829,20000,,
45959,20,2026-10-15,1829,20000,,
45959,21,2026-11-22,1936,20000,,
45959,21,2026-11-23,1936,20000,,
45959,21,2026-12-09,1936,20000,,
45959,21,2026-12-10,1936,20000,,
45959,22,2026-11-22,1936,20000,,
45959,22,2026-11-23,1936,20000,,
45959,22,2026-12-09,1936,20000,,
45959,22,2026-12-10,1936,20000,,
45959,23,2026-11-22,2040,20000,,
45959,23,2026-11-23,2040,20000,,
45959,23,2026-12-09,2040,20000,,
45959,23,2026-12-10,2040,20000,,
45959,24,2026-11-22,2040,20000,,
45959,24,2026-11-23,2040,20000,,
45959,24,2026-12-09,2040,20000,,
45959,24,2026-12-10,2040,20000,,
45959,50,2026-11-22,1695,20000,,
45959,50,2026-11-23,1695,20000,,
45959,50,2026-12-09,1695,20000,,
45959,50,2026-12-10,1695,20000,,
45959,51,2026-09-23,1829,20000,,
45959,51,2026-09-25,1837,20000,,
45959,51,2026-09-26,1834,20000,,
45959,51,2026-09-27,1829,20000,,
45959,51,2026-09-28,1827,20000,,
45959,51,2026-09-29,1827,20000,,
45959,51,2026-09-30,1827,20000,,
45959,51,2026-10-02,1827,20000,,
45959,51,2026-10-04,1827,20000,,
45959,51,2026-10-05,1829,20000,,
45959,51,2026-10-06,1829,20000,,
45959,51,2026-10-07,1829,20000,,
45959,51,2026-10-08,1829,20000,,
45959,51,2026-10-09,1827,20000,,
45959,51,2026-10-10,1827,20000,,
45959,51,2026-10-11,1827,20000,,
45959,51,2026-10-12,1827,20000,,
45959,51,2026-10-13,1829,20000,,
45959,51,2026-10-14,1829,20000,,
45959,51,2026-10-15,1829,20000,,
45959,87,2026-09-21,1545,23600,,
50525,35,2026-09-15,3875,23600,,
50525,35,2026-09-16,3875,23600,,
50525,35,2026-09-17,3875,23600,,
50525,35,2026-09-18,3875,23600,,
50525,35,2026-09-19,3875,23600,,
50525,35,2026-09-20,3875,23600,,
50525,35,2026-09-21,3875,23600,,
50525,36,2026-09-15,3875,23600,,
50525,36,2026-09-16,3875,23600,,
50525,36,2026-09-17,3875,23600,,
50525,36,2026-09-18,3875,23600,,
50525,36,2026-09-19,3875,23600,,
50525,36,2026-09-20,3875,23600,,
50525,36,2026-09-21,3875,23600,,
63794,19,2026-09-16,1512,23600,,
63794,20,2026-09-16,1512,23600,,
191524,17,2026-09-22,2000,23600,,
191524,17,2026-09-23,2000,23600,,
191524,17,2026-11-01,2125,23600,,
191524,17,2026-11-02,2125,23600,,
191524,17,2026-11-03,2125,23600,,
191524,17,2026-11-04,2125,23600,,
191524,17,2026-11-05,2125,23600,,
191524,17,2026-11-12,2125,23600,,
191524,17,2026-11-19,2146,23600,,
191524,17,2026-11-22,2125,23600,,
191524,17,2026-11-23,2125,23600,,
191524,17,2026-11-29,2125,23600,,
191524,18,2026-09-22,2000,23600,,
191524,18,2026-09-23,2000,23600,,
191524,18,2026-11-01,2125,23600,,
191524,18,2026-11-02,2125,23600,,
191524,18,2026-11-03,2125,23600,,
191524,18,2026-11-04,2125,23600,,
191524,18,2026-11-05,2125,23600,,
191524,18,2026-11-12,2125,23600,,
191524,18,2026-11-19,2146,23600,,
191524,18,2026-11-22,2125,23600,,
191524,18,2026-11-23,2125,23600,,
191524,18,2026-11-29,2125,23600,,
191524,19,2026-09-22,2138,23600,,
191524,19,2026-09-23,2138,23600,,
191524,19,2026-11-01,2263,23600,,
191524,19,2026-11-02,2263,23600,,
191524,19,2026-11-03,2263,23600,,
191524,19,2026-11-04,2263,23600,,
191524,19,2026-11-05,2263,23600,,
191524,19,2026-11-12,2263,23600,,
191524,19,2026-11-19,2284,23600,,
191524,19,2026-11-22,2263,23600,,
191524,19,2026-11-23,2263,23600,,
191524,19,2026-11-29,2263,23600,,
191524,20,2026-09-22,2138,23600,,
191524,20,2026-09-23,2138,23600,,
191524,20,2026-11-01,2263,23600,,
191524,20,2026-11-02,2263,23600,,
191524,20,2026-11-03,2263,23600,,
191524,20,2026-11-04,2263,23600,,
191524,20,2026-11-05,2263,23600,,
191524,20,2026-11-12,2263,23600,,
191524,20,2026-11-19,2284,23600,,
191524,20,2026-11-22,2263,23600,,
191524,20,2026-11-23,2263,23600,,
191524,20,2026-11-29,2263,23600,,
191524,21,2026-09-22,2207,23600,,
191524,21,2026-09-23,2207,23600,,
191524,21,2026-10-30,2342,23600,,
191524,21,2026-11-01,2332,23600,,
191524,21,2026-11-02,2332,23600,,
191524,21,2026-11-03,2332,23600,,
191524,21,2026-11-04,2332,23600,,
191524,21,2026-11-05,2332,23600,,
191524,21,2026-11-12,2332,23600,,
191524,21,2026-11-19,2353,23600,,
191524,21,2026-11-22,2332,23600,,
191524,21,2026-11-23,2332,23600,,
191524,21,2026-11-29,2332,23600,,
191524,22,2026-09-22,2207,23600,,
191524,22,2026-09-23,2207,23600,,
191524,22,2026-10-30,2342,23600,,
191524,22,2026-11-01,2332,23600,,
191524,22,2026-11-02,2332,23600,,
191524,22,2026-11-03,2332,23600,,
191524,22,2026-11-04,2332,23600,,
191524,22,2026-11-05,2332,23600,,
191524,22,2026-11-12,2332,23600,,
191524,22,2026-11-19,2353,23600,,
191524,22,2026-11-22,2332,23600,,
191524,22,2026-11-23,2332,23600,,
191524,22,2026-11-29,2332,23600,,
191524,23,2026-09-22,2345,23600,,
191524,23,2026-09-23,2345,23600,,
191524,23,2026-10-30,2480,23600,,
191524,23,2026-11-01,2470,23600,,
191524,23,2026-11-02,2470,23600,,
191524,23,2026-11-03,2470,23600,,
191524,23,2026-11-04,2470,23600,,
191524,23,2026-11-05,2470,23600,,
191524,23,2026-11-12,2470,23600,,
191524,23,2026-11-19,2491,23600,,
191524,23,2026-11-22,2470,23600,,
191524,23,2026-11-23,2470,23600,,
191524,23,2026-11-29,2470,23600,,
191524,24,2026-09-22,2345,23600,,
191524,24,2026-09-23,2345,23600,,
191524,24,2026-10-30,2480,23600,,
191524,24,2026-11-01,2470,23600,,
191524,24,2026-11-02,2470,23600,,
191524,24,2026-11-03,2470,23600,,
191524,24,2026-11-04,2470,23600,,
191524,24,2026-11-05,2470,23600,,
191524,24,2026-11-12,2470,23600,,
191524,24,2026-11-19,2491,23600,,
191524,24,2026-11-22,2470,23600,,
191524,24,2026-11-23,2470,23600,,
191524,24,2026-11-29,2470,23600,,
191524,25,2026-09-22,2828,23600,,
191524,25,2026-09-23,2828,23600,,
191524,25,2026-10-06,2999,23600,,
191524,25,2026-10-07,2988,23600,,
191524,25,2026-10-08,2988,23600,,
191524,25,2026-10-30,2963,23600,,
191524,25,2026-10-31,2953,23600,,
191524,25,2026-11-01,2953,23600,,
191524,25,2026-11-02,2953,23600,,
191524,25,2026-11-03,2953,23600,,
191524,25,2026-11-04,2953,23600,,
191524,25,2026-11-05,2953,23600,,
191524,25,2026-11-12,2953,23600,,
191524,25,2026-11-19,2974,23600,,
191524,25,2026-11-22,2953,23600,,
191524,25,2026-11-23,2953,23600,,
191524,25,2026-11-29,2953,23600,,
191524,26,2026-09-22,2828,23600,,
191524,26,2026-09-23,2828,23600,,
191524,26,2026-10-06,2999,23600,,
191524,26,2026-10-07,2988,23600,,
191524,26,2026-10-08,2988,23600,,
191524,26,2026-10-30,2963,23600,,
191524,26,2026-10-31,2953,23600,,
191524,26,2026-11-01,2953,23600,,
191524,26,2026-11-02,2953,23600,,
191524,26,2026-11-03,2953,23600,,
191524,26,2026-11-04,2953,23600,,
191524,26,2026-11-05,2953,23600,,
191524,26,2026-11-12,2953,23600,,
191524,26,2026-11-19,2974,23600,,
191524,26,2026-11-22,2953,23600,,
191524,26,2026-11-23,2953,23600,,
191524,26,2026-11-29,2953,23600,,
191524,27,2026-09-22,3035,23600,,
191524,27,2026-09-23,3035,23600,,
191524,27,2026-10-06,3206,23600,,
191524,27,2026-10-07,3195,23600,,
191524,27,2026-10-08,3195,23600,,
191524,27,2026-10-30,3170,23600,,
191524,27,2026-10-31,3160,23600,,
191524,27,2026-11-01,3160,23600,,
191524,27,2026-11-02,3160,23600,,
191524,27,2026-11-03,3160,23600,,
191524,27,2026-11-04,3160,23600,,
191524,27,2026-11-05,3160,23600,,
191524,27,2026-11-12,3160,23600,,
191524,27,2026-11-19,3181,23600,,
191524,27,2026-11-22,3160,23600,,
191524,27,2026-11-23,3160,23600,,
191524,27,2026-11-29,3160,23600,,
191524,28,2026-09-22,3035,23600,,
191524,28,2026-09-23,3035,23600,,
191524,28,2026-10-06,3206,23600,,
191524,28,2026-10-07,3195,23600,,
191524,28,2026-10-08,3195,23600,,
191524,28,2026-10-30,3170,23600,,
191524,28,2026-10-31,3160,23600,,
191524,28,2026-11-01,3160,23600,,
191524,28,2026-11-02,3160,23600,,
191524,28,2026-11-03,3160,23600,,
191524,28,2026-11-04,3160,23600,,
191524,28,2026-11-05,3160,23600,,
191524,28,2026-11-12,3160,23600,,
191524,28,2026-11-19,3181,23600,,
191524,28,2026-11-22,3160,23600,,
191524,28,2026-11-23,3160,23600,,
191524,28,2026-11-29,3160,23600,,
191524,29,2026-09-22,2552,23600,,
191524,29,2026-09-23,2552,23600,,
191524,29,2026-10-06,2723,23600,,
191524,29,2026-10-07,2712,23600,,
191524,29,2026-10-08,2712,23600,,
191524,29,2026-10-30,2687,23600,,
191524,29,2026-11-01,2677,23600,,
191524,29,2026-11-02,2677,23600,,
191524,29,2026-11-03,2677,23600,,
191524,29,2026-11-04,2677,23600,,
191524,29,2026-11-05,2677,23600,,
191524,29,2026-11-12,2677,23600,,
191524,29,2026-11-19,2698,23600,,
191524,29,2026-11-22,2677,23600,,
191524,29,2026-11-23,2677,23600,,
191524,29,2026-11-29,2677,23600,,
191524,30,2026-09-22,2552,23600,,
191524,30,2026-09-23,2552,23600,,
191524,30,2026-10-06,2723,23600,,
191524,30,2026-10-07,2712,23600,,
191524,30,2026-10-08,2712,23600,,
191524,30,2026-10-30,2687,23600,,
191524,30,2026-11-01,2677,23600,,
191524,30,2026-11-02,2677,23600,,
191524,30,2026-11-03,2677,23600,,
191524,30,2026-11-04,2677,23600,,
191524,30,2026-11-05,2677,23600,,
191524,30,2026-11-12,2677,23600,,
191524,30,2026-11-19,2698,23600,,
191524,30,2026-11-22,2677,23600,,
191524,30,2026-11-23,2677,23600,,
191524,30,2026-11-29,2677,23600,,
191524,31,2026-09-22,2552,23600,,
191524,31,2026-09-23,2552,23600,,
191524,31,2026-10-06,2723,23600,,
191524,31,2026-10-07,2712,23600,,
191524,31,2026-10-08,2712,23600,,
191524,31,2026-10-30,2687,23600,,
191524,31,2026-11-01,2677,23600,,
191524,31,2026-11-02,2677,23600,,
191524,31,2026-11-03,2677,23600,,
191524,31,2026-11-04,2677,23600,,
191524,31,2026-11-05,2677,23600,,
191524,31,2026-11-12,2677,23600,,
191524,31,2026-11-19,2698,23600,,
191524,31,2026-11-22,2677,23600,,
191524,31,2026-11-23,2677,23600,,
191524,31,2026-11-29,2677,23600,,
191524,32,2026-09-22,2690,23600,,
191524,32,2026-09-23,2690,23600,,
191524,32,2026-10-06,2861,23600,,
191524,32,2026-10-07,2850,23600,,
191524,32,2026-10-08,2850,23600,,
191524,32,2026-10-30,2825,23600,,
191524,32,2026-10-31,2815,23600,,
191524,32,2026-11-01,2815,23600,,
191524,32,2026-11-02,2815,23600,,
191524,32,2026-11-03,2815,23600,,
191524,32,2026-11-04,2815,23600,,
191524,32,2026-11-05,2815,23600,,
191524,32,2026-11-12,2815,23600,,
191524,32,2026-11-19,2836,23600,,
191524,32,2026-11-22,2815,23600,,
191524,32,2026-11-23,2815,23600,,
191524,32,2026-11-29,2815,23600,,
191524,33,2026-09-22,2690,23600,,
191524,33,2026-09-23,2690,23600,,
191524,33,2026-10-06,2861,23600,,
191524,33,2026-10-07,2850,23600,,
191524,33,2026-10-08,2850,23600,,
191524,33,2026-10-30,2825,23600,,
191524,33,2026-10-31,2815,23600,,
191524,33,2026-11-01,2815,23600,,
191524,33,2026-11-02,2815,23600,,
191524,33,2026-11-03,2815,23600,,
191524,33,2026-11-04,2815,23600,,
191524,33,2026-11-05,2815,23600,,
191524,33,2026-11-12,2815,23600,,
191524,33,2026-11-19,2836,23600,,
191524,33,2026-11-22,2815,23600,,
191524,33,2026-11-23,2815,23600,,
191524,33,2026-11-29,2815,23600,,
191524,34,2026-09-22,2690,23600,,
191524,34,2026-09-23,2690,23600,,
191524,34,2026-10-06,2861,23600,,
191524,34,2026-10-07,2850,23600,,
191524,34,2026-10-08,2850,23600,,
191524,34,2026-10-30,2825,23600,,
191524,34,2026-10-31,2815,23600,,
191524,34,2026-11-01,2815,23600,,
191524,34,2026-11-02,2815,23600,,
191524,34,2026-11-03,2815,23600,,
191524,34,2026-11-04,2815,23600,,
191524,34,2026-11-05,2815,23600,,
191524,34,2026-11-12,2815,23600,,
191524,34,2026-11-19,2836,23600,,
191524,34,2026-11-22,2815,23600,,
191524,34,2026-11-23,2815,23600,,
191524,34,2026-11-29,2815,23600,,
191524,35,2026-09-22,3380,23600,,
191524,35,2026-09-23,3380,23600,,
191524,35,2026-10-06,3551,23600,,
191524,35,2026-10-07,3540,23600,,
191524,35,2026-10-08,3540,23600,,
191524,35,2026-10-30,3515,23600,,
191524,35,2026-10-31,3505,23600,,
191524,35,2026-11-01,3505,23600,,
191524,35,2026-11-02,3505,23600,,
191524,35,2026-11-03,3505,23600,,
191524,35,2026-11-04,3505,23600,,
191524,35,2026-11-05,3505,23600,,
191524,35,2026-11-12,3505,23600,,
191524,35,2026-11-22,3505,23600,,
191524,35,2026-11-23,3505,23600,,
191524,35,2026-11-29,3505,23600,,
191524,36,2026-09-22,3380,23600,,
191524,36,2026-09-23,3380,23600,,
191524,36,2026-10-06,3551,23600,,
191524,36,2026-10-07,3540,23600,,
191524,36,2026-10-08,3540,23600,,
191524,36,2026-10-30,3515,23600,,
191524,36,2026-10-31,3505,23600,,
191524,36,2026-11-01,3505,23600,,
191524,36,2026-11-02,3505,23600,,
191524,36,2026-11-03,3505,23600,,
191524,36,2026-11-04,3505,23600,,
191524,36,2026-11-05,3505,23600,,
191524,36,2026-11-12,3505,23600,,
191524,36,2026-11-22,3505,23600,,
191524,36,2026-11-23,3505,23600,,
191524,36,2026-11-29,3505,23600,,
191524,39,2026-09-22,2207,23600,,
191524,39,2026-09-23,2207,23600,,
191524,39,2026-10-30,2342,23600,,
191524,39,2026-11-01,2332,23600,,
191524,39,2026-11-02,2332,23600,,
191524,39,2026-11-03,2332,23600,,
191524,39,2026-11-04,2332,23600,,
191524,39,2026-11-05,2332,23600,,
191524,39,2026-11-12,2332,23600,,
191524,39,2026-11-19,2353,23600,,
191524,39,2026-11-22,2332,23600,,
191524,39,2026-11-23,2332,23600,,
191524,39,2026-11-29,2332,23600,,
191524,40,2026-09-22,2345,23600,,
191524,40,2026-09-23,2345,23600,,
191524,40,2026-10-30,2480,23600,,
191524,40,2026-11-01,2470,23600,,
191524,40,2026-11-02,2470,23600,,
191524,40,2026-11-03,2470,23600,,
191524,40,2026-11-04,2470,23600,,
191524,40,2026-11-05,2470,23600,,
191524,40,2026-11-12,2470,23600,,
191524,40,2026-11-19,2491,23600,,
191524,40,2026-11-22,2470,23600,,
191524,40,2026-11-23,2470,23600,,
191524,40,2026-11-29,2470,23600,,
191524,50,2026-09-22,2000,23600,,
191524,50,2026-09-23,2000,23600,,
191524,50,2026-11-01,2125,23600,,
191524,50,2026-11-02,2125,23600,,
191524,50,2026-11-03,2125,23600,,
191524,50,2026-11-04,2125,23600,,
191524,50,2026-11-05,2125,23600,,
191524,50,2026-11-12,2125,23600,,
191524,50,2026-11-19,2146,23600,,
191524,50,2026-11-22,2125,23600,,
191524,50,2026-11-23,2125,23600,,
191524,50,2026-11-29,2125,23600,,
191524,51,2026-09-22,2138,23600,,
191524,51,2026-09-23,2138,23600,,
191524,51,2026-11-01,2263,23600,,
191524,51,2026-11-02,2263,23600,,
191524,51,2026-11-03,2263,23600,,
191524,51,2026-11-04,2263,23600,,
191524,51,2026-11-05,2263,23600,,
191524,51,2026-11-12,2263,23600,,
191524,51,2026-11-19,2284,23600,,
191524,51,2026-11-22,2263,23600,,
191524,51,2026-11-23,2263,23600,,
191524,51,2026-11-29,2263,23600,,
191524,57,2026-09-22,2552,23600,,
191524,57,2026-09-23,2552,23600,,
191524,57,2026-10-06,2723,23600,,
191524,57,2026-10-07,2712,23600,,
191524,57,2026-10-08,2712,23600,,
191524,57,2026-10-30,2687,23600,,
191524,57,2026-11-01,2677,23600,,
191524,57,2026-11-02,2677,23600,,
191524,57,2026-11-03,2677,23600,,
191524,57,2026-11-04,2677,23600,,
191524,57,2026-11-05,2677,23600,,
191524,57,2026-11-12,2677,23600,,
191524,57,2026-11-19,2698,23600,,
191524,57,2026-11-22,2677,23600,,
191524,57,2026-11-23,2677,23600,,
191524,57,2026-11-29,2677,23600,,
191524,83,2026-09-22,2207,23600,,
191524,83,2026-09-23,2207,23600,,
191524,83,2026-10-30,2342,23600,,
191524,83,2026-11-01,2332,23600,,
191524,83,2026-11-02,2332,23600,,
191524,83,2026-11-03,2332,23600,,
191524,83,2026-11-04,2332,23600,,
191524,83,2026-11-05,2332,23600,,
191524,83,2026-11-12,2332,23600,,
191524,83,2026-11-19,2353,23600,,
191524,83,2026-11-22,2332,23600,,
191524,83,2026-11-23,2332,23600,,
191524,83,2026-11-29,2332,23600,,
191524,87,2026-09-22,2000,23600,,
191524,87,2026-09-23,2000,23600,,
191524,87,2026-11-01,2125,23600,,
191524,87,2026-11-02,2125,23600,,
191524,87,2026-11-03,2125,23600,,
191524,87,2026-11-04,2125,23600,,
191524,87,2026-11-05,2125,23600,,
191524,87,2026-11-12,2125,23600,,
191524,87,2026-11-19,2146,23600,,
191524,87,2026-11-22,2125,23600,,
191524,87,2026-11-23,2125,23600,,
191524,87,2026-11-29,2125,23600,,
207833,21,2026-09-23,2514,27848,,
207833,21,2026-09-24,2514,27848,,
207833,21,2026-09-27,2514,27848,,
207833,21,2026-09-28,2514,27848,,
207833,21,2026-09-29,2514,27848,,
207833,21,2026-09-30,2514,27848,,
207833,21,2026-11-01,2501,27848,,
207833,21,2026-11-02,2501,27848,,
207833,21,2026-11-03,2501,27848,,
207833,21,2026-11-04,2501,27848,,
207833,21,2026-11-05,2501,27848,,
207833,21,2026-11-12,2501,27848,,
207833,22,2026-09-23,2514,27848,,
207833,22,2026-09-24,2514,27848,,
207833,22,2026-09-27,2514,27848,,
207833,22,2026-09-28,2514,27848,,
207833,22,2026-09-29,2514,27848,,
207833,22,2026-09-30,2514,27848,,
207833,22,2026-11-01,2501,27848,,
207833,22,2026-11-02,2501,27848,,
207833,22,2026-11-03,2501,27848,,
207833,22,2026-11-04,2501,27848,,
207833,22,2026-11-05,2501,27848,,
207833,22,2026-11-12,2501,27848,,
207833,23,2026-09-23,2514,27848,,
207833,23,2026-09-24,2514,27848,,
207833,23,2026-09-27,2514,27848,,
207833,23,2026-09-28,2514,27848,,
207833,23,2026-09-29,2514,27848,,
207833,23,2026-09-30,2514,27848,,
207833,23,2026-11-01,2501,27848,,
207833,23,2026-11-02,2501,27848,,
207833,23,2026-11-03,2501,27848,,
207833,23,2026-11-04,2501,27848,,
207833,23,2026-11-05,2501,27848,,
207833,23,2026-11-12,2501,27848,,
207833,24,2026-09-23,2514,27848,,
207833,24,2026-09-24,2514,27848,,
207833,24,2026-09-27,2514,27848,,
207833,24,2026-09-28,2514,27848,,
207833,24,2026-09-29,2514,27848,,
207833,24,2026-09-30,2514,27848,,
207833,24,2026-11-01,2501,27848,,
207833,24,2026-11-02,2501,27848,,
207833,24,2026-11-03,2501,27848,,
207833,24,2026-11-04,2501,27848,,
207833,24,2026-11-05,2501,27848,,
207833,24,2026-11-12,2501,27848,,
207833,27,2026-09-23,2514,27848,,
207833,27,2026-09-24,2514,27848,,
207833,27,2026-09-27,2514,27848,,
207833,27,2026-09-28,2514,27848,,
207833,27,2026-09-29,2514,27848,,
207833,27,2026-09-30,2514,27848,,
207833,27,2026-11-01,2501,27848,,
207833,27,2026-11-02,2501,27848,,
207833,27,2026-11-03,2501,27848,,
207833,27,2026-11-04,2501,27848,,
207833,27,2026-11-05,2501,27848,,
207833,27,2026-11-12,2501,27848,,
207833,28,2026-09-23,2514,27848,,
207833,28,2026-09-24,2514,27848,,
207833,28,2026-09-27,2514,27848,,
207833,28,2026-09-28,2514,27848,,
207833,28,2026-09-29,2514,27848,,
207833,28,2026-09-30,2514,27848,,
207833,28,2026-11-01,2501,27848,,
207833,28,2026-11-02,2501,27848,,
207833,28,2026-11-03,2501,27848,,
207833,28,2026-11-04,2501,27848,,
207833,28,2026-11-05,2501,27848,,
207833,28,2026-11-12,2501,27848,,
207833,29,2026-09-15,3458,27848,,
207833,29,2026-09-16,3473,27848,,
207833,29,2026-09-17,3452,27848,,
207833,29,2026-10-27,3613,27848,,
207833,29,2026-10-28,3613,27848,,
207833,29,2026-10-29,3613,27848,,
207833,29,2026-11-18,3521,27848,,
207833,29,2026-11-19,3521,27848,,
207833,29,2026-11-22,3521,27848,,
207833,29,2026-11-23,3521,27848,,
207833,30,2026-09-15,3458,27848,,
207833,30,2026-09-16,3473,27848,,
207833,30,2026-09-17,3452,27848,,
207833,30,2026-10-27,3613,27848,,
207833,30,2026-10-28,3613,27848,,
207833,30,2026-10-29,3613,27848,,
207833,30,2026-11-18,3521,27848,,
207833,30,2026-11-19,3521,27848,,
207833,30,2026-11-22,3521,27848,,
207833,30,2026-11-23,3521,27848,,
207833,31,2026-09-15,3458,27848,,
207833,31,2026-09-16,3473,27848,,
207833,31,2026-09-17,3452,27848,,
207833,31,2026-10-27,3613,27848,,
207833,31,2026-10-28,3613,27848,,
207833,31,2026-10-29,3613,27848,,
207833,31,2026-11-18,3521,27848,,
207833,31,2026-11-19,3521,27848,,
207833,31,2026-11-22,3521,27848,,
207833,31,2026-11-23,3521,27848,,
207833,32,2026-09-15,3458,27848,,
207833,32,2026-09-16,3473,27848,,
207833,32,2026-09-17,3452,27848,,
207833,32,2026-10-27,3613,27848,,
207833,32,2026-10-28,3613,27848,,
207833,32,2026-10-29,3613,27848,,
207833,32,2026-11-18,3521,27848,,
207833,32,2026-11-19,3521,27848,,
207833,32,2026-11-22,3521,27848,,
207833,32,2026-11-23,3521,27848,,
207833,33,2026-09-15,3458,27848,,
207833,33,2026-09-16,3473,27848,,
207833,33,2026-09-17,3452,27848,,
207833,33,2026-10-27,3613,27848,,
207833,33,2026-10-28,3613,27848,,
207833,33,2026-10-29,3613,27848,,
207833,33,2026-11-18,3521,27848,,
207833,33,2026-11-19,3521,27848,,
207833,33,2026-11-22,3521,27848,,
207833,33,2026-11-23,3521,27848,,
207833,34,2026-09-15,3458,27848,,
207833,34,2026-09-16,3473,27848,,
207833,34,2026-09-17,3452,27848,,
207833,34,2026-10-27,3613,27848,,
207833,34,2026-10-28,3613,27848,,
207833,34,2026-10-29,3613,27848,,
207833,34,2026-11-18,3521,27848,,
207833,34,2026-11-19,3521,27848,,
207833,34,2026-11-22,3521,27848,,
207833,34,2026-11-23,3521,27848,,
207833,35,2026-11-18,4073,27848,,
207833,35,2026-11-19,4073,27848,,
207833,35,2026-11-22,4073,27848,,
207833,35,2026-11-23,4073,27848,,
207833,35,2026-12-04,5412,27848,,
207833,35,2026-12-05,5412,27848,,
207833,35,2026-12-11,5412,27848,,
207833,35,2026-12-12,5412,27848,,
207833,36,2026-11-18,4073,27848,,
207833,36,2026-11-19,4073,27848,,
207833,36,2026-11-22,4073,27848,,
207833,36,2026-11-23,4073,27848,,
207833,36,2026-12-04,5412,27848,,
207833,36,2026-12-05,5412,27848,,
207833,36,2026-12-11,5412,27848,,
207833,36,2026-12-12,5412,27848,,
207833,37,2026-11-18,4073,27848,,
207833,37,2026-11-19,4073,27848,,
207833,37,2026-11-22,4073,27848,,
207833,37,2026-11-23,4073,27848,,
207833,37,2026-12-04,5412,27848,,
207833,37,2026-12-05,5412,27848,,
207833,37,2026-12-11,5412,27848,,
207833,37,2026-12-12,5412,27848,,
207833,39,2026-09-23,2514,27848,,
207833,39,2026-09-24,2514,27848,,
207833,39,2026-09-27,2514,27848,,
207833,39,2026-09-28,2514,27848,,
207833,39,2026-09-29,2514,27848,,
207833,39,2026-09-30,2514,27848,,
207833,39,2026-11-01,2501,27848,,
207833,39,2026-11-02,2501,27848,,
207833,39,2026-11-03,2501,27848,,
207833,39,2026-11-04,2501,27848,,
207833,39,2026-11-05,2501,27848,,
207833,39,2026-11-12,2501,27848,,
207833,40,2026-09-23,2514,27848,,
207833,40,2026-09-24,2514,27848,,
207833,40,2026-09-27,2514,27848,,
207833,40,2026-09-28,2514,27848,,
207833,40,2026-09-29,2514,27848,,
207833,40,2026-09-30,2514,27848,,
207833,40,2026-11-01,2501,27848,,
207833,40,2026-11-02,2501,27848,,
207833,40,2026-11-03,2501,27848,,
207833,40,2026-11-04,2501,27848,,
207833,40,2026-11-05,2501,27848,,
207833,40,2026-11-12,2501,27848,,
207833,57,2026-09-15,3458,27848,,
207833,57,2026-09-16,3473,27848,,
207833,57,2026-09-17,3452,27848,,
207833,57,2026-10-27,3613,27848,,
207833,57,2026-10-28,3613,27848,,
207833,57,2026-10-29,3613,27848,,
207833,57,2026-11-18,3521,27848,,
207833,57,2026-11-19,3521,27848,,
207833,57,2026-11-22,3521,27848,,
207833,57,2026-11-23,3521,27848,,
207833,58,2026-09-15,3458,27848,,
207833,58,2026-09-16,3473,27848,,
207833,58,2026-09-17,3452,27848,,
207833,58,2026-10-27,3613,27848,,
207833,58,2026-10-28,3613,27848,,
207833,58,2026-10-29,3613,27848,,
207833,58,2026-11-18,3521,27848,,
207833,58,2026-11-19,3521,27848,,
207833,58,2026-11-22,3521,27848,,
207833,58,2026-11-23,3521,27848,,
207833,83,2026-09-23,2514,27848,,
207833,83,2026-09-24,2514,27848,,
207833,83,2026-09-27,2514,27848,,
207833,83,2026-09-28,2514,27848,,
207833,83,2026-09-29,2514,27848,,
207833,83,2026-09-30,2514,27848,,
207833,83,2026-11-01,2501,27848,,
207833,83,2026-11-02,2501,27848,,
207833,83,2026-11-03,2501,27848,,
207833,83,2026-11-04,2501,27848,,
207833,83,2026-11-05,2501,27848,,
207833,83,2026-11-12,2501,27848,,
207833,89,2026-09-15,3458,27848,,
207833,89,2026-09-16,3473,27848,,
207833,89,2026-09-17,3452,27848,,
207833,89,2026-10-27,3613,27848,,
207833,89,2026-10-28,3613,27848,,
207833,89,2026-10-29,3613,27848,,
207833,89,2026-11-18,3521,27848,,
207833,89,2026-11-19,3521,27848,,
207833,89,2026-11-22,3521,27848,,
207833,89,2026-11-23,3521,27848,,
233415,25,2026-09-16,2526,20000,,
233415,26,2026-09-16,2526,20000,,
242206,17,2026-09-15,2737,23600,,
242206,17,2026-09-18,2737,23600,,
242206,17,2026-09-19,2737,23600,,
242206,18,2026-09-15,2737,23600,,
242206,18,2026-09-18,2737,23600,,
242206,18,2026-09-19,2737,23600,,
242206,19,2026-09-15,2944,23600,,
242206,19,2026-09-18,2944,23600,,
242206,19,2026-09-19,2944,23600,,
242206,20,2026-09-15,2944,23600,,
242206,20,2026-09-18,2944,23600,,
242206,20,2026-09-19,2944,23600,,
242206,21,2026-09-15,2875,23600,,
242206,21,2026-09-18,2875,23600,,
242206,21,2026-09-19,2875,23600,,
242206,22,2026-09-15,2875,23600,,
242206,22,2026-09-18,2875,23600,,
242206,22,2026-09-19,2875,23600,,
242206,25,2026-09-16,2808,23600,,
242206,27,2026-09-16,2946,23600,,
242206,28,2026-09-16,2946,23600,,
242206,39,2026-09-15,2875,23600,,
242206,39,2026-09-18,2875,23600,,
242206,39,2026-09-19,2875,23600,,
242206,50,2026-09-15,2737,23600,,
242206,50,2026-09-18,2737,23600,,
242206,50,2026-09-19,2737,23600,,
243121,21,2026-09-15,1750,23600,,
243121,21,2026-09-18,1753,23600,,
243121,21,2026-09-19,1743,23600,,
243121,22,2026-09-15,1750,23600,,
243121,22,2026-09-18,1753,23600,,
243121,22,2026-09-19,1743,23600,,
243121,23,2026-09-15,1888,23600,,
243121,23,2026-09-19,1881,23600,,
243121,24,2026-09-15,1888,23600,,
243121,24,2026-09-19,1881,23600,,
243121,39,2026-09-15,1750,23600,,
243121,39,2026-09-18,1753,23600,,
243121,39,2026-09-19,1743,23600,,
243121,40,2026-09-15,1888,23600,,
243121,40,2026-09-19,1881,23600,,
243121,83,2026-09-15,1750,23600,,
243121,83,2026-09-18,1753,23600,,
243121,83,2026-09-19,1743,23600,,
245564,19,2026-09-21,2801,20000,,
245564,19,2027-08-21,2786,20000,,
245564,19,2027-08-22,2786,20000,,
245564,19,2027-08-27,2786,20000,,
245564,19,2027-08-28,2786,20000,,
245564,19,2027-08-29,2786,20000,,
245564,19,2027-08-30,2786,20000,,
245564,19,2027-08-31,2786,20000,,
245564,19,2027-09-15,2786,20000,,
245564,20,2026-09-21,2801,20000,,
245564,20,2027-08-21,2786,20000,,
245564,20,2027-08-22,2786,20000,,
245564,20,2027-08-27,2786,20000,,
245564,20,2027-08-28,2786,20000,,
245564,20,2027-08-29,2786,20000,,
245564,20,2027-08-30,2786,20000,,
245564,20,2027-08-31,2786,20000,,
245564,20,2027-09-15,2786,20000,,
245564,21,2026-09-17,3632,20000,,
245564,21,2026-09-18,3620,20000,,
245564,22,2026-09-17,3632,20000,,
245564,22,2026-09-18,3620,20000,,
245564,27,2026-09-19,4449,20000,,
245564,28,2026-09-19,4449,20000,,
256107,32,2027-08-21,2792,20000,,
256107,32,2027-08-22,2792,20000,,
256107,32,2027-08-27,2792,20000,,
256107,32,2027-08-28,2792,20000,,
256107,32,2027-08-29,2792,20000,,
256107,32,2027-08-30,2792,20000,,
256107,32,2027-08-31,2792,20000,,
256107,33,2027-08-21,2792,20000,,
256107,33,2027-08-22,2792,20000,,
256107,33,2027-08-27,2792,20000,,
256107,33,2027-08-28,2792,20000,,
256107,33,2027-08-29,2792,20000,,
256107,33,2027-08-30,2792,20000,,
256107,33,2027-08-31,2792,20000,,
262017,27,2026-09-20,1947,23600,,
262017,28,2026-09-20,1947,23600,,
262017,32,2026-09-20,1809,23600,,
262017,33,2026-09-20,1809,23600,,
262017,34,2026-09-20,1809,23600,,
262502,35,2026-09-17,3430,23600,,
262502,36,2026-09-17,3430,23600,,
265185,21,2027-09-15,2130,23600,,
265185,22,2027-09-15,2130,23600,,
265185,29,2027-09-15,2820,23600,,
265185,30,2027-09-15,2820,23600,,
265185,31,2027-09-15,2820,23600,,
265185,32,2027-09-15,2993,23600,,
265185,33,2027-09-15,2993,23600,,
265185,34,2027-09-15,2993,23600,,
265185,35,2027-09-15,3476,23600,,
265185,36,2027-09-15,3476,23600,,
265185,39,2027-09-15,2130,23600,,
265185,57,2027-09-15,2820,23600,,
265185,83,2027-09-15,2130,23600,,
295705,17,2026-09-21,2096,23600,,
295705,18,2026-09-21,2096,23600,,
295705,23,2026-09-15,2673,23600,,
295705,23,2026-09-16,2673,23600,,
295705,23,2026-09-17,2673,23600,,
295705,23,2026-09-18,2673,23600,,
295705,23,2026-09-19,2673,23600,,
295705,24,2026-09-15,2673,23600,,
295705,24,2026-09-16,2673,23600,,
295705,24,2026-09-17,2673,23600,,
295705,24,2026-09-18,2673,23600,,
295705,24,2026-09-19,2673,23600,,
295705,40,2026-09-15,2673,23600,,
295705,40,2026-09-16,2673,23600,,
295705,40,2026-09-17,2673,23600,,
295705,40,2026-09-18,2673,23600,,
295705,40,2026-09-19,2673,23600,,
295705,50,2026-09-21,2096,23600,,
295705,84,2026-09-15,2673,23600,,
295705,84,2026-09-16,2673,23600,,
295705,84,2026-09-17,2673,23600,,
295705,84,2026-09-18,2673,23600,,
295705,84,2026-09-19,2673,23600,,
295705,87,2026-09-21,2096,23600,,
325023,17,2026-09-15,1800,23600,,
325023,17,2026-09-16,1800,23600,,
325023,17,2026-09-17,1800,23600,,
325023,17,2026-09-20,1800,23600,,
325023,17,2026-09-21,1800,23600,,
325023,17,2026-09-22,1800,23600,,
325023,17,2026-09-23,1800,23600,,
325023,17,2026-09-24,1800,23600,,
325023,18,2026-09-15,1800,23600,,
325023,18,2026-09-16,1800,23600,,
325023,18,2026-09-17,1800,23600,,
325023,18,2026-09-20,1800,23600,,
325023,18,2026-09-21,1800,23600,,
325023,18,2026-09-22,1800,23600,,
325023,18,2026-09-23,1800,23600,,
325023,18,2026-09-24,1800,23600,,
325023,21,2026-09-18,2076,23600,,
325023,21,2026-09-19,2076,23600,,
325023,21,2026-09-25,2076,23600,,
325023,22,2026-09-18,2076,23600,,
325023,22,2026-09-19,2076,23600,,
325023,22,2026-09-25,2076,23600,,
325023,23,2026-09-18,2283,23600,,
325023,23,2026-09-19,2283,23600,,
325023,23,2026-09-25,2283,23600,,
325023,24,2026-09-18,2283,23600,,
325023,24,2026-09-19,2283,23600,,
325023,24,2026-09-25,2283,23600,,
325023,25,2026-09-18,2214,23600,,
325023,25,2026-09-19,2214,23600,,
325023,25,2026-09-25,2214,23600,,
325023,27,2026-12-04,3077,23600,,
325023,27,2026-12-05,3077,23600,,
325023,27,2026-12-11,3077,23600,,
325023,27,2026-12-12,3077,23600,,
325023,28,2026-12-04,3077,23600,,
325023,28,2026-12-05,3077,23600,,
325023,28,2026-12-11,3077,23600,,
325023,28,2026-12-12,3077,23600,,
325023,32,2026-12-04,3008,23600,,
325023,32,2026-12-05,3008,23600,,
325023,32,2026-12-11,3008,23600,,
325023,32,2026-12-12,3008,23600,,
325023,33,2026-12-04,3008,23600,,
325023,33,2026-12-05,3008,23600,,
325023,33,2026-12-11,3008,23600,,
325023,33,2026-12-12,3008,23600,,
325023,34,2026-12-04,3008,23600,,
325023,34,2026-12-05,3008,23600,,
325023,34,2026-12-11,3008,23600,,
325023,34,2026-12-12,3008,23600,,
325023,39,2026-09-18,2076,23600,,
325023,39,2026-09-19,2076,23600,,
325023,39,2026-09-25,2076,23600,,
325023,40,2026-09-18,2283,23600,,
325023,40,2026-09-19,2283,23600,,
325023,40,2026-09-25,2283,23600,,
325023,50,2026-09-15,1800,23600,,
325023,50,2026-09-16,1800,23600,,
325023,50,2026-09-17,1800,23600,,
325023,50,2026-09-20,1800,23600,,
325023,50,2026-09-21,1800,23600,,
325023,50,2026-09-22,1800,23600,,
325023,50,2026-09-23,1800,23600,,
325023,50,2026-09-24,1800,23600,,
325023,83,2026-09-18,2076,23600,,
325023,83,2026-09-19,2076,23600,,
325023,83,2026-09-25,2076,23600,,
327829,23,2026-09-23,1283,23600,,
327829,23,2026-09-27,1283,23600,,
327829,23,2026-09-28,1283,23600,,
327829,23,2026-09-29,1283,23600,,
327829,23,2026-09-30,1283,23600,,
327829,24,2026-09-23,1283,23600,,
327829,24,2026-09-27,1283,23600,,
327829,24,2026-09-28,1283,23600,,
327829,24,2026-09-29,1283,23600,,
327829,24,2026-09-30,1283,23600,,
327829,27,2026-09-26,1680,23600,,
327829,27,2026-11-24,1857,23600,,
327829,27,2026-11-25,1857,23600,,
327829,28,2026-09-26,1680,23600,,
327829,28,2026-11-24,1857,23600,,
327829,28,2026-11-25,1857,23600,,
327829,40,2026-09-23,1283,23600,,
327829,40,2026-09-27,1283,23600,,
327829,40,2026-09-28,1283,23600,,
327829,40,2026-09-29,1283,23600,,
327829,40,2026-09-30,1283,23600,,
395630,17,2026-09-20,1803,35400,,
395630,18,2026-09-20,1803,35400,,
395630,19,2026-09-20,1907,35400,,
395630,20,2026-09-20,1907,35400,,
395630,21,2026-09-17,2523,35400,,
395630,21,2026-09-20,2321,35400,,
395630,22,2026-09-17,2523,35400,,
395630,22,2026-09-20,2321,35400,,
395630,23,2026-09-17,2627,35400,,
395630,23,2026-09-20,2424,35400,,
395630,24,2026-09-17,2627,35400,,
395630,24,2026-09-20,2424,35400,,
395630,39,2026-09-17,2523,35400,,
395630,39,2026-09-20,2321,35400,,
395630,40,2026-09-17,2627,35400,,
395630,40,2026-09-20,2424,35400,,
395630,50,2026-09-20,1803,35400,,
395630,83,2026-09-17,2523,35400,,
395630,83,2026-09-20,2321,35400,,
418304,17,2026-09-16,2225,23600,,
418304,18,2026-09-16,2225,23600,,
418304,25,2026-09-16,2225,23600,,
418304,25,2026-10-03,2860,23600,,
418304,26,2026-09-16,2225,23600,,
418304,26,2026-10-03,2860,23600,,
418304,50,2026-09-16,2225,23600,,
418304,87,2026-09-16,2225,23600,,
472129,35,2026-10-06,3123,23600,,
472129,35,2026-10-07,3123,23600,,
472129,35,2026-10-08,3123,23600,,
472129,36,2026-10-06,3123,23600,,
472129,36,2026-10-07,3123,23600,,
472129,36,2026-10-08,3123,23600,,
551475,21,2027-09-15,2021,23600,,
551475,22,2027-09-15,2021,23600,,
551475,39,2027-09-15,2021,23600,,
616586,19,2026-12-01,1973,23600,,
616586,19,2026-12-07,1973,23600,,
616586,19,2026-12-08,1973,23600,,
616586,19,2026-12-09,1973,23600,,
616586,19,2026-12-10,1973,23600,,
616586,19,2026-12-13,1973,23600,,
616586,19,2026-12-14,1973,23600,,
616586,20,2026-12-01,1973,23600,,
616586,20,2026-12-07,1973,23600,,
616586,20,2026-12-08,1973,23600,,
616586,20,2026-12-09,1973,23600,,
616586,20,2026-12-10,1973,23600,,
616586,20,2026-12-13,1973,23600,,
616586,20,2026-12-14,1973,23600,,
616586,21,2026-12-01,2180,23600,,
616586,21,2026-12-07,2180,23600,,
616586,21,2026-12-08,2180,23600,,
616586,21,2026-12-09,2180,23600,,
616586,21,2026-12-10,2180,23600,,
616586,21,2026-12-13,2180,23600,,
616586,21,2026-12-14,2180,23600,,
616586,22,2026-12-01,2180,23600,,
616586,22,2026-12-07,2180,23600,,
616586,22,2026-12-08,2180,23600,,
616586,22,2026-12-09,2180,23600,,
616586,22,2026-12-10,2180,23600,,
616586,22,2026-12-13,2180,23600,,
616586,22,2026-12-14,2180,23600,,
616586,23,2026-11-01,2311,23600,,
616586,23,2026-11-02,2311,23600,,
616586,23,2026-11-03,2311,23600,,
616586,23,2026-11-04,2311,23600,,
616586,23,2026-11-05,2311,23600,,
616586,23,2026-11-12,2311,23600,,
616586,23,2026-11-18,2311,23600,,
616586,23,2026-11-19,2311,23600,,
616586,23,2026-11-22,2311,23600,,
616586,23,2026-11-23,2311,23600,,
616586,24,2026-11-01,2311,23600,,
616586,24,2026-11-02,2311,23600,,
616586,24,2026-11-03,2311,23600,,
616586,24,2026-11-04,2311,23600,,
616586,24,2026-11-05,2311,23600,,
616586,24,2026-11-12,2311,23600,,
616586,24,2026-11-18,2311,23600,,
616586,24,2026-11-19,2311,23600,,
616586,24,2026-11-22,2311,23600,,
616586,24,2026-11-23,2311,23600,,
616586,25,2026-11-01,2242,23600,,
616586,25,2026-11-02,2242,23600,,
616586,25,2026-11-03,2242,23600,,
616586,25,2026-11-04,2242,23600,,
616586,25,2026-11-05,2242,23600,,
616586,25,2026-11-12,2242,23600,,
616586,25,2026-11-18,2242,23600,,
616586,25,2026-11-19,2242,23600,,
616586,25,2026-11-22,2242,23600,,
616586,25,2026-11-23,2242,23600,,
616586,26,2026-11-01,2242,23600,,
616586,26,2026-11-02,2242,23600,,
616586,26,2026-11-03,2242,23600,,
616586,26,2026-11-04,2242,23600,,
616586,26,2026-11-05,2242,23600,,
616586,26,2026-11-12,2242,23600,,
616586,26,2026-11-18,2242,23600,,
616586,26,2026-11-19,2242,23600,,
616586,26,2026-11-22,2242,23600,,
616586,26,2026-11-23,2242,23600,,
616586,39,2026-12-01,2180,23600,,
616586,39,2026-12-07,2180,23600,,
616586,39,2026-12-08,2180,23600,,
616586,39,2026-12-09,2180,23600,,
616586,39,2026-12-10,2180,23600,,
616586,39,2026-12-13,2180,23600,,
616586,39,2026-12-14,2180,23600,,
616586,51,2026-12-01,1973,23600,,
616586,51,2026-12-07,1973,23600,,
616586,51,2026-12-08,1973,23600,,
616586,51,2026-12-09,1973,23600,,
616586,51,2026-12-10,1973,23600,,
616586,51,2026-12-13,1973,23600,,
616586,51,2026-12-14,1973,23600,,
1043825,17,2026-09-15,1480,23600,,
1043825,18,2026-09-15,1480,23600,,
1043825,19,2026-09-15,1549,23600,,
1043825,20,2026-09-15,1549,23600,,
1064422,17,2026-09-16,1081,23600,,
1064422,17,2026-09-17,1081,23600,,
1064422,18,2026-09-16,1081,23600,,
1064422,18,2026-09-17,1081,23600,,
1064422,19,2026-09-16,1081,23600,,
1064422,19,2026-09-17,1081,23600,,
1064422,20,2026-09-16,1081,23600,,
1064422,20,2026-09-17,1081,23600,,
1064422,50,2026-09-16,1081,23600,,
1064422,50,2026-09-17,1081,23600,,
1076395,17,2026-09-15,1520,23600,,
1076395,17,2026-09-16,1520,23600,,
1076395,17,2026-09-17,1520,23600,,
1076395,17,2026-09-18,1520,23600,,
1076395,17,2026-09-19,1520,23600,,
1076395,17,2026-09-21,1520,23600,,
1076395,18,2026-09-15,1520,23600,,
1076395,18,2026-09-16,1520,23600,,
1076395,18,2026-09-17,1520,23600,,
1076395,18,2026-09-18,1520,23600,,
1076395,18,2026-09-19,1520,23600,,
1076395,18,2026-09-21,1520,23600,,
1076395,19,2026-09-15,1658,23600,,
1076395,19,2026-09-16,1658,23600,,
1076395,19,2026-09-17,1658,23600,,
1076395,19,2026-09-18,1658,23600,,
1076395,19,2026-09-19,1658,23600,,
1076395,19,2026-09-21,1658,23600,,
1076395,20,2026-09-15,1658,23600,,
1076395,20,2026-09-16,1658,23600,,
1076395,20,2026-09-17,1658,23600,,
1076395,20,2026-09-18,1658,23600,,
1076395,20,2026-09-19,1658,23600,,
1076395,20,2026-09-21,1658,23600,,
1076395,21,2026-09-15,1593,23600,,
1076395,21,2026-09-16,1593,23600,,
1076395,21,2026-09-17,1593,23600,,
1076395,21,2026-09-18,1593,23600,,
1076395,21,2026-09-19,1593,23600,,
1076395,21,2026-09-21,1593,23600,,
1076395,22,2026-09-15,1593,23600,,
1076395,22,2026-09-16,1593,23600,,
1076395,22,2026-09-17,1593,23600,,
1076395,22,2026-09-18,1593,23600,,
1076395,22,2026-09-19,1593,23600,,
1076395,22,2026-09-21,1593,23600,,
1076395,23,2026-09-15,1731,23600,,
1076395,23,2026-09-16,1731,23600,,
1076395,23,2026-09-17,1731,23600,,
1076395,23,2026-09-18,1731,23600,,
1076395,23,2026-09-19,1731,23600,,
1076395,23,2026-09-21,1731,23600,,
1076395,24,2026-09-15,1731,23600,,
1076395,24,2026-09-16,1731,23600,,
1076395,24,2026-09-17,1731,23600,,
1076395,24,2026-09-18,1731,23600,,
1076395,24,2026-09-19,1731,23600,,
1076395,24,2026-09-21,1731,23600,,
1076395,27,2026-09-15,2076,23600,,
1076395,27,2026-09-16,2076,23600,,
1076395,27,2026-09-17,2076,23600,,
1076395,27,2026-09-18,2076,23600,,
1076395,27,2026-09-19,2076,23600,,
1076395,27,2026-09-21,2076,23600,,
1076395,28,2026-09-15,2076,23600,,
1076395,28,2026-09-16,2076,23600,,
1076395,28,2026-09-17,2076,23600,,
1076395,28,2026-09-18,2076,23600,,
1076395,28,2026-09-19,2076,23600,,
1076395,28,2026-09-21,2076,23600,,
1076395,39,2026-09-15,1593,23600,,
1076395,39,2026-09-16,1593,23600,,
1076395,39,2026-09-17,1593,23600,,
1076395,39,2026-09-18,1593,23600,,
1076395,39,2026-09-19,1593,23600,,
1076395,39,2026-09-21,1593,23600,,
1076395,40,2026-09-15,1731,23600,,
1076395,40,2026-09-16,1731,23600,,
1076395,40,2026-09-17,1731,23600,,
1076395,40,2026-09-18,1731,23600,,
1076395,40,2026-09-19,1731,23600,,
1076395,40,2026-09-21,1731,23600,,
1076395,50,2026-09-15,1520,23600,,
1076395,50,2026-09-16,1520,23600,,
1076395,50,2026-09-17,1520,23600,,
1076395,50,2026-09-18,1520,23600,,
1076395,50,2026-09-19,1520,23600,,
1076395,50,2026-09-21,1520,23600,,
1076395,51,2026-09-15,1658,23600,,
1076395,51,2026-09-16,1658,23600,,
1076395,51,2026-09-17,1658,23600,,
1076395,51,2026-09-18,1658,23600,,
1076395,51,2026-09-19,1658,23600,,
1076395,51,2026-09-21,1658,23600,,
1076395,83,2026-09-15,1593,23600,,
1076395,83,2026-09-16,1593,23600,,
1076395,83,2026-09-17,1593,23600,,
1076395,83,2026-09-18,1593,23600,,
1076395,83,2026-09-19,1593,23600,,
1076395,83,2026-09-21,1593,23600,,
1076395,87,2026-09-15,1520,23600,,
1076395,87,2026-09-16,1520,23600,,
1076395,87,2026-09-17,1520,23600,,
1076395,87,2026-09-18,1520,23600,,
1076395,87,2026-09-19,1520,23600,,
1076395,87,2026-09-21,1520,23600,,
1104342,27,2026-09-16,2528,32861,,
1104342,27,2026-10-01,3060,32861,,
1104342,27,2026-10-16,3060,32861,,
1104342,27,2026-10-17,3060,32861,,
1104342,27,2026-10-18,3060,32861,,
1104342,27,2026-10-19,3060,32861,,
1104342,27,2026-10-20,3060,32861,,
1104342,27,2026-10-22,3060,32861,,
1104342,27,2026-10-23,3060,32861,,
1104342,27,2026-10-24,3060,32861,,
1104342,27,2026-10-25,3060,32861,,
1104342,27,2026-10-26,3060,32861,,
1104342,27,2026-10-31,3060,32861,,
1104342,28,2026-09-16,2528,32861,,
1104342,28,2026-10-01,3060,32861,,
1104342,28,2026-10-16,3060,32861,,
1104342,28,2026-10-17,3060,32861,,
1104342,28,2026-10-18,3060,32861,,
1104342,28,2026-10-19,3060,32861,,
1104342,28,2026-10-20,3060,32861,,
1104342,28,2026-10-22,3060,32861,,
1104342,28,2026-10-23,3060,32861,,
1104342,28,2026-10-24,3060,32861,,
1104342,28,2026-10-25,3060,32861,,
1104342,28,2026-10-26,3060,32861,,
1104342,28,2026-10-31,3060,32861,,
1104841,17,2027-08-28,827,27848,,
1104841,17,2027-08-29,827,27848,,
1104841,17,2027-08-30,827,27848,,
1104841,17,2027-08-31,827,27848,,
1104841,17,2027-09-15,827,27848,,
1104841,18,2027-08-28,827,27848,,
1104841,18,2027-08-29,827,27848,,
1104841,18,2027-08-30,827,27848,,
1104841,18,2027-08-31,827,27848,,
1104841,18,2027-09-15,827,27848,,
1104841,19,2027-08-28,827,27848,,
1104841,19,2027-08-29,827,27848,,
1104841,19,2027-08-30,827,27848,,
1104841,19,2027-08-31,827,27848,,
1104841,19,2027-09-15,827,27848,,
1104841,20,2027-08-28,827,27848,,
1104841,20,2027-08-29,827,27848,,
1104841,20,2027-08-30,827,27848,,
1104841,20,2027-08-31,827,27848,,
1104841,20,2027-09-15,827,27848,,
1104841,50,2027-08-28,827,27848,,
1104841,50,2027-08-29,827,27848,,
1104841,50,2027-08-30,827,27848,,
1104841,50,2027-08-31,827,27848,,
1104841,50,2027-09-15,827,27848,,
1104841,51,2027-08-28,827,27848,,
1104841,51,2027-08-29,827,27848,,
1104841,51,2027-08-30,827,27848,,
1104841,51,2027-08-31,827,27848,,
1104841,51,2027-09-15,827,27848,,
1104841,87,2027-08-28,827,27848,,
1104841,87,2027-08-29,827,27848,,
1104841,87,2027-08-30,827,27848,,
1104841,87,2027-08-31,827,27848,,
1104841,87,2027-09-15,827,27848,,
1107594,17,2026-09-20,1575,23600,,
1107594,17,2026-09-20,1575,23600,,
1107594,17,2026-09-21,1575,23600,,
1107594,17,2026-09-21,1575,23600,,
1107594,17,2026-09-22,1575,23600,,
1107594,17,2026-09-22,1575,23600,,
1107594,17,2026-09-23,1575,23600,,
1107594,17,2026-09-23,1575,23600,,
1107594,17,2026-09-24,1575,23600,,
1107594,17,2026-09-24,1575,23600,,
1107594,17,2026-10-27,1575,23600,,
1107594,17,2026-10-27,1575,23600,,
1107594,17,2026-10-28,1575,23600,,
1107594,17,2026-10-28,1575,23600,,
1107594,17,2026-10-29,1575,23600,,
1107594,17,2026-10-29,1575,23600,,
1107594,17,2026-11-01,1575,23600,,
1107594,17,2026-11-01,1575,23600,,
1107594,17,2026-11-02,1575,23600,,
1107594,17,2026-11-02,1575,23600,,
1107594,17,2026-11-03,1575,23600,,
1107594,17,2026-11-03,1575,23600,,
1107594,17,2026-11-04,1575,23600,,
1107594,17,2026-11-04,1575,23600,,
1107594,17,2026-11-05,1575,23600,,
1107594,17,2026-11-05,1575,23600,,
1107594,17,2026-11-06,1592,23600,,
1107594,17,2026-11-06,1592,23600,,
1107594,17,2026-11-12,1575,23600,,
1107594,17,2026-11-12,1575,23600,,
1107594,17,2026-11-13,1592,23600,,
1107594,17,2026-11-13,1592,23600,,
1107594,17,2026-11-18,1575,23600,,
1107594,17,2026-11-18,1575,23600,,
1107594,17,2026-11-19,1575,23600,,
1107594,17,2026-11-19,1575,23600,,
1107594,17,2026-11-22,1575,23600,,
1107594,17,2026-11-22,1575,23600,,
1107594,17,2026-11-23,1575,23600,,
1107594,17,2026-11-23,1575,23600,,
1107594,18,2026-09-20,1575,23600,,
1107594,18,2026-09-21,1575,23600,,
1107594,18,2026-09-22,1575,23600,,
1107594,18,2026-09-23,1575,23600,,
1107594,18,2026-09-24,1575,23600,,
1107594,18,2026-10-27,1575,23600,,
1107594,18,2026-10-28,1575,23600,,
1107594,18,2026-10-29,1575,23600,,
1107594,18,2026-11-01,1575,23600,,
1107594,18,2026-11-02,1575,23600,,
1107594,18,2026-11-03,1575,23600,,
1107594,18,2026-11-04,1575,23600,,
1107594,18,2026-11-05,1575,23600,,
1107594,18,2026-11-06,1592,23600,,
1107594,18,2026-11-12,1575,23600,,
1107594,18,2026-11-13,1592,23600,,
1107594,18,2026-11-18,1575,23600,,
1107594,18,2026-11-19,1575,23600,,
1107594,18,2026-11-22,1575,23600,,
1107594,18,2026-11-23,1575,23600,,
1107594,19,2026-09-20,1644,23600,,
1107594,19,2026-09-20,1644,23600,,
1107594,19,2026-09-21,1644,23600,,
1107594,19,2026-09-21,1644,23600,,
1107594,19,2026-09-22,1644,23600,,
1107594,19,2026-09-22,1644,23600,,
1107594,19,2026-09-23,1644,23600,,
1107594,19,2026-09-23,1644,23600,,
1107594,19,2026-09-24,1644,23600,,
1107594,19,2026-09-24,1644,23600,,
1107594,19,2026-10-27,1644,23600,,
1107594,19,2026-10-27,1644,23600,,
1107594,19,2026-10-28,1644,23600,,
1107594,19,2026-10-28,1644,23600,,
1107594,19,2026-10-29,1644,23600,,
1107594,19,2026-10-29,1644,23600,,
1107594,19,2026-11-06,1661,23600,,
1107594,19,2026-11-06,1661,23600,,
1107594,19,2026-11-13,1661,23600,,
1107594,19,2026-11-13,1661,23600,,
1107594,20,2026-09-20,1644,23600,,
1107594,20,2026-09-21,1644,23600,,
1107594,20,2026-09-22,1644,23600,,
1107594,20,2026-09-23,1644,23600,,
1107594,20,2026-09-24,1644,23600,,
1107594,20,2026-10-27,1644,23600,,
1107594,20,2026-10-28,1644,23600,,
1107594,20,2026-10-29,1644,23600,,
1107594,20,2026-11-06,1661,23600,,
1107594,20,2026-11-13,1661,23600,,
1107594,21,2026-09-19,1851,23600,,
1107594,21,2026-09-19,1851,23600,,
1107594,22,2026-09-19,1851,23600,,
1107594,22,2026-09-19,1851,23600,,
1107594,23,2026-09-19,1920,23600,,
1107594,23,2026-09-19,1920,23600,,
1107594,24,2026-09-19,1920,23600,,
1107594,24,2026-09-19,1920,23600,,
1107594,39,2026-09-19,1851,23600,,
1107594,50,2026-09-20,1575,23600,,
1107594,50,2026-09-21,1575,23600,,
1107594,50,2026-09-22,1575,23600,,
1107594,50,2026-09-23,1575,23600,,
1107594,50,2026-09-24,1575,23600,,
1107594,50,2026-10-27,1575,23600,,
1107594,50,2026-10-28,1575,23600,,
1107594,50,2026-10-29,1575,23600,,
1107594,50,2026-11-01,1575,23600,,
1107594,50,2026-11-02,1575,23600,,
1107594,50,2026-11-03,1575,23600,,
1107594,50,2026-11-04,1575,23600,,
1107594,50,2026-11-05,1575,23600,,
1107594,50,2026-11-06,1592,23600,,
1107594,50,2026-11-12,1575,23600,,
1107594,50,2026-11-13,1592,23600,,
1107594,50,2026-11-18,1575,23600,,
1107594,50,2026-11-19,1575,23600,,
1107594,50,2026-11-22,1575,23600,,
1107594,50,2026-11-23,1575,23600,,
1108510,17,2026-09-15,1173,23600,,
1108510,17,2026-09-16,1176,23600,,
1108510,17,2026-09-18,1269,23600,,
1108510,18,2026-09-15,1173,23600,,
1108510,18,2026-09-16,1176,23600,,
1108510,18,2026-09-18,1269,23600,,
1108510,19,2026-09-18,1355,23600,,
1108510,20,2026-09-18,1355,23600,,
1108510,50,2026-09-15,1173,23600,,
1108510,50,2026-09-16,1176,23600,,
1108510,50,2026-09-18,1269,23600,,
1115459,19,2026-09-25,1629,20000,,
1115459,19,2026-11-18,1688,20000,,
1115459,19,2026-11-19,1688,20000,,
1115459,19,2026-11-22,1688,20000,,
1115459,19,2026-11-23,1688,20000,,
1115459,20,2026-09-25,1629,20000,,
1115459,20,2026-11-18,1688,20000,,
1115459,20,2026-11-19,1688,20000,,
1115459,20,2026-11-22,1688,20000,,
1115459,20,2026-11-23,1688,20000,,
1115459,51,2026-09-25,1629,20000,,
1115459,51,2026-11-18,1688,20000,,
1115459,51,2026-11-19,1688,20000,,
1115459,51,2026-11-22,1688,20000,,
1115459,51,2026-11-23,1688,20000,,
1124831,21,2026-09-15,2345,20000,,
1124831,21,2026-09-16,2345,20000,,
1124831,21,2026-09-18,2345,20000,,
1124831,21,2026-09-19,2345,20000,,
1124831,22,2026-09-15,2345,20000,,
1124831,22,2026-09-16,2345,20000,,
1124831,22,2026-09-18,2345,20000,,
1124831,22,2026-09-19,2345,20000,,
1124831,23,2026-09-15,2483,20000,,
1124831,23,2026-09-16,2483,20000,,
1124831,23,2026-09-18,2483,20000,,
1124831,23,2026-09-19,2483,20000,,
1124831,24,2026-09-15,2483,20000,,
1124831,24,2026-09-16,2483,20000,,
1124831,24,2026-09-18,2483,20000,,
1124831,24,2026-09-19,2483,20000,,
1124831,29,2026-09-15,2552,20000,,
1124831,29,2026-09-16,2552,20000,,
1124831,29,2026-09-18,2552,20000,,
1124831,29,2026-09-19,2552,20000,,
1124831,30,2026-09-15,2552,20000,,
1124831,30,2026-09-16,2552,20000,,
1124831,30,2026-09-18,2552,20000,,
1124831,30,2026-09-19,2552,20000,,
1124831,31,2026-09-15,2552,20000,,
1124831,31,2026-09-16,2552,20000,,
1124831,31,2026-09-18,2552,20000,,
1124831,31,2026-09-19,2552,20000,,
1124831,39,2026-09-15,2345,20000,,
1124831,39,2026-09-16,2345,20000,,
1124831,39,2026-09-18,2345,20000,,
1124831,39,2026-09-19,2345,20000,,
1124831,40,2026-09-15,2483,20000,,
1124831,40,2026-09-16,2483,20000,,
1124831,40,2026-09-18,2483,20000,,
1124831,40,2026-09-19,2483,20000,,
1124831,57,2026-09-15,2552,20000,,
1124831,57,2026-09-16,2552,20000,,
1124831,57,2026-09-18,2552,20000,,
1124831,57,2026-09-19,2552,20000,,
1124831,83,2026-09-15,2345,20000,,
1124831,83,2026-09-16,2345,20000,,
1124831,83,2026-09-18,2345,20000,,
1124831,83,2026-09-19,2345,20000,,
1125534,29,2026-09-21,2343,23600,,
1125534,29,2026-09-23,2343,23600,,
1125534,29,2026-09-24,2343,23600,,
1125534,29,2026-09-27,2343,23600,,
1125534,29,2026-09-28,2343,23600,,
1125534,29,2026-09-29,2343,23600,,
1125534,29,2026-09-30,2343,23600,,
1125534,29,2026-10-09,2365,23600,,
1125534,30,2026-09-21,2343,23600,,
1125534,30,2026-09-23,2343,23600,,
1125534,30,2026-09-24,2343,23600,,
1125534,30,2026-09-27,2343,23600,,
1125534,30,2026-09-28,2343,23600,,
1125534,30,2026-09-29,2343,23600,,
1125534,30,2026-09-30,2343,23600,,
1125534,30,2026-10-09,2365,23600,,
1125534,31,2026-09-21,2343,23600,,
1125534,31,2026-09-23,2343,23600,,
1125534,31,2026-09-24,2343,23600,,
1125534,31,2026-09-27,2343,23600,,
1125534,31,2026-09-28,2343,23600,,
1125534,31,2026-09-29,2343,23600,,
1125534,31,2026-09-30,2343,23600,,
1125534,31,2026-10-09,2365,23600,,
1125534,35,2026-09-16,2594,23600,,
1125534,35,2026-09-17,2594,23600,,
1125534,35,2026-09-19,2594,23600,,
1125534,35,2026-09-20,2594,23600,,
1125534,36,2026-09-16,2594,23600,,
1125534,36,2026-09-17,2594,23600,,
1125534,36,2026-09-19,2594,23600,,
1125534,36,2026-09-20,2594,23600,,
1125534,37,2026-09-16,2594,23600,,
1125534,37,2026-09-17,2594,23600,,
1125534,37,2026-09-19,2594,23600,,
1125534,37,2026-09-20,2594,23600,,
1125534,42,2026-09-18,3008,23600,,
1125534,42,2026-09-19,3008,23600,,
1125534,43,2026-09-18,3008,23600,,
1125534,43,2026-09-19,3008,23600,,
1125534,57,2026-09-21,2343,23600,,
1125534,57,2026-09-23,2343,23600,,
1125534,57,2026-09-24,2343,23600,,
1125534,57,2026-09-27,2343,23600,,
1125534,57,2026-09-28,2343,23600,,
1125534,57,2026-09-29,2343,23600,,
1125534,57,2026-09-30,2343,23600,,
1125534,57,2026-10-09,2365,23600,,
1125534,89,2026-09-21,2343,23600,,
1125534,89,2026-09-23,2343,23600,,
1125534,89,2026-09-24,2343,23600,,
1125534,89,2026-09-27,2343,23600,,
1125534,89,2026-09-28,2343,23600,,
1125534,89,2026-09-29,2343,23600,,
1125534,89,2026-09-30,2343,23600,,
1125534,89,2026-10-09,2365,23600,,
1125927,17,2026-10-31,1175,23600,,
1125927,18,2026-10-31,1175,23600,,
1125927,19,2026-09-16,1155,23600,,
1125927,19,2026-11-06,1335,23600,,
1125927,19,2026-11-13,1335,23600,,
1125927,20,2026-09-16,1155,23600,,
1125927,20,2026-11-06,1335,23600,,
1125927,20,2026-11-13,1335,23600,,
1125927,21,2026-09-18,1440,23600,,
1125927,21,2026-10-06,1359,23600,,
1125927,21,2026-10-07,1359,23600,,
1125927,21,2026-10-08,1359,23600,,
1125927,21,2026-10-27,1359,23600,,
1125927,21,2026-10-28,1359,23600,,
1125927,21,2026-10-29,1359,23600,,
1125927,22,2026-09-18,1440,23600,,
1125927,22,2026-10-06,1359,23600,,
1125927,22,2026-10-07,1359,23600,,
1125927,22,2026-10-08,1359,23600,,
1125927,22,2026-10-27,1359,23600,,
1125927,22,2026-10-28,1359,23600,,
1125927,22,2026-10-29,1359,23600,,
1125927,23,2026-09-18,1440,23600,,
1125927,23,2026-10-06,1359,23600,,
1125927,23,2026-10-07,1359,23600,,
1125927,23,2026-10-08,1359,23600,,
1125927,23,2026-10-27,1359,23600,,
1125927,23,2026-10-28,1359,23600,,
1125927,23,2026-10-29,1359,23600,,
1125927,24,2026-09-18,1440,23600,,
1125927,24,2026-10-06,1359,23600,,
1125927,24,2026-10-07,1359,23600,,
1125927,24,2026-10-08,1359,23600,,
1125927,24,2026-10-27,1359,23600,,
1125927,24,2026-10-28,1359,23600,,
1125927,24,2026-10-29,1359,23600,,
1125927,27,2026-11-15,2135,23600,,
1125927,27,2026-11-16,2135,23600,,
1125927,27,2026-11-17,2135,23600,,
1125927,27,2026-11-24,2135,23600,,
1125927,27,2026-11-25,2135,23600,,
1125927,28,2026-11-15,2135,23600,,
1125927,28,2026-11-16,2135,23600,,
1125927,28,2026-11-17,2135,23600,,
1125927,28,2026-11-24,2135,23600,,
1125927,28,2026-11-25,2135,23600,,
1125927,39,2026-09-18,1440,23600,,
1125927,39,2026-10-06,1359,23600,,
1125927,39,2026-10-07,1359,23600,,
1125927,39,2026-10-08,1359,23600,,
1125927,39,2026-10-27,1359,23600,,
1125927,39,2026-10-28,1359,23600,,
1125927,39,2026-10-29,1359,23600,,
1125927,40,2026-09-18,1440,23600,,
1125927,40,2026-10-06,1359,23600,,
1125927,40,2026-10-07,1359,23600,,
1125927,40,2026-10-08,1359,23600,,
1125927,40,2026-10-27,1359,23600,,
1125927,40,2026-10-28,1359,23600,,
1125927,40,2026-10-29,1359,23600,,
1125927,50,2026-10-31,1175,23600,,
1125927,83,2026-09-18,1440,23600,,
1125927,83,2026-10-06,1359,23600,,
1125927,83,2026-10-07,1359,23600,,
1125927,83,2026-10-08,1359,23600,,
1125927,83,2026-10-27,1359,23600,,
1125927,83,2026-10-28,1359,23600,,
1125927,83,2026-10-29,1359,23600,,
1126165,17,2026-09-15,1664,23600,,
1126165,17,2026-10-30,1864,23600,,
1126165,18,2026-09-15,1664,23600,,
1126165,18,2026-10-30,1864,23600,,
1126165,19,2026-09-15,1664,23600,,
1126165,19,2026-10-31,1928,23600,,
1126165,20,2026-09-15,1664,23600,,
1126165,20,2026-10-31,1928,23600,,
1126165,25,2026-09-15,2009,23600,,
1126165,25,2026-10-31,2273,23600,,
1126165,25,2026-11-15,2582,23600,,
1126165,25,2026-11-16,2582,23600,,
1126165,25,2026-11-17,2582,23600,,
1126165,25,2026-11-24,2582,23600,,
1126165,25,2026-11-25,2582,23600,,
1126165,26,2026-09-15,2009,23600,,
1126165,26,2026-10-31,2273,23600,,
1126165,26,2026-11-15,2582,23600,,
1126165,26,2026-11-16,2582,23600,,
1126165,26,2026-11-17,2582,23600,,
1126165,26,2026-11-24,2582,23600,,
1126165,26,2026-11-25,2582,23600,,
1126165,50,2026-09-15,1664,23600,,
1126165,50,2026-10-30,1864,23600,,
1126165,51,2026-09-15,1664,23600,,
1126165,51,2026-10-31,1928,23600,,
1126165,87,2026-09-15,1664,23600,,
1126165,87,2026-10-30,1864,23600,,
1126702,17,2026-09-17,1815,23600,,
1126702,17,2026-09-18,1812,23600,,
1126702,18,2026-09-17,1815,23600,,
1126702,18,2026-09-18,1812,23600,,
1126702,19,2026-09-18,1915,23600,,
1126702,20,2026-09-18,1915,23600,,
1126702,50,2026-09-17,1815,23600,,
1126702,50,2026-09-18,1812,23600,,
1126702,51,2026-09-18,1915,23600,,
1126702,87,2026-09-17,1815,23600,,
1126702,87,2026-09-18,1812,23600,,
1131768,23,2027-09-15,2057,23600,,
1131768,24,2027-09-15,2057,23600,,
1131768,40,2027-09-15,2057,23600,,
1133570,17,2026-11-11,1460,20000,,
1133570,17,2026-11-17,1460,20000,,
1133570,17,2026-11-24,1460,20000,,
1133570,17,2026-11-25,1460,20000,,
1133570,18,2026-11-11,1460,20000,,
1133570,18,2026-11-17,1460,20000,,
1133570,18,2026-11-24,1460,20000,,
1133570,18,2026-11-25,1460,20000,,
1133570,27,2026-12-04,2495,20000,,
1133570,27,2026-12-05,2495,20000,,
1133570,27,2026-12-11,2495,20000,,
1133570,27,2026-12-12,2495,20000,,
1133570,28,2026-12-04,2495,20000,,
1133570,28,2026-12-05,2495,20000,,
1133570,28,2026-12-11,2495,20000,,
1133570,28,2026-12-12,2495,20000,,
1133570,32,2026-12-02,2288,20000,,
1133570,32,2026-12-03,2288,20000,,
1133570,32,2026-12-06,2288,20000,,
1133570,33,2026-12-02,2288,20000,,
1133570,33,2026-12-03,2288,20000,,
1133570,33,2026-12-06,2288,20000,,
1133570,34,2026-12-02,2288,20000,,
1133570,34,2026-12-03,2288,20000,,
1133570,34,2026-12-06,2288,20000,,
1133570,50,2026-11-11,1460,20000,,
1133570,50,2026-11-17,1460,20000,,
1133570,50,2026-11-24,1460,20000,,
1133570,50,2026-11-25,1460,20000,,
1133570,58,2026-12-02,2288,20000,,
1133570,58,2026-12-03,2288,20000,,
1133570,58,2026-12-06,2288,20000,,
1135897,17,2026-11-01,1487,23600,,
1135897,17,2026-11-02,1487,23600,,
1135897,17,2026-11-03,1487,23600,,
1135897,17,2026-11-04,1487,23600,,
1135897,17,2026-11-05,1487,23600,,
1135897,17,2026-11-12,1487,23600,,
1135897,18,2026-11-01,1487,23600,,
1135897,18,2026-11-02,1487,23600,,
1135897,18,2026-11-03,1487,23600,,
1135897,18,2026-11-04,1487,23600,,
1135897,18,2026-11-05,1487,23600,,
1135897,18,2026-11-12,1487,23600,,
1135897,19,2026-11-18,1532,23600,,
1135897,20,2026-11-18,1532,23600,,
1135897,21,2026-09-19,2075,23600,,
1135897,21,2026-12-04,2319,23600,,
1135897,21,2026-12-05,2319,23600,,
1135897,21,2026-12-11,2319,23600,,
1135897,21,2026-12-12,2319,23600,,
1135897,22,2026-09-19,2075,23600,,
1135897,22,2026-12-04,2319,23600,,
1135897,22,2026-12-05,2319,23600,,
1135897,22,2026-12-11,2319,23600,,
1135897,22,2026-12-12,2319,23600,,
1135897,23,2026-09-19,2144,23600,,
1135897,24,2026-09-19,2144,23600,,
1135897,39,2026-09-19,2075,23600,,
1135897,39,2026-12-04,2319,23600,,
1135897,39,2026-12-05,2319,23600,,
1135897,39,2026-12-11,2319,23600,,
1135897,39,2026-12-12,2319,23600,,
1135897,40,2026-09-19,2144,23600,,
1135897,50,2026-11-01,1487,23600,,
1135897,50,2026-11-02,1487,23600,,
1135897,50,2026-11-03,1487,23600,,
1135897,50,2026-11-04,1487,23600,,
1135897,50,2026-11-05,1487,23600,,
1135897,50,2026-11-12,1487,23600,,
1135897,83,2026-09-19,2075,23600,,
1135897,83,2026-12-04,2319,23600,,
1135897,83,2026-12-05,2319,23600,,
1135897,83,2026-12-11,2319,23600,,
1135897,83,2026-12-12,2319,23600,,
1136293,17,2026-09-22,1696,23600,,
1136293,17,2026-09-23,1696,23600,,
1136293,17,2026-09-24,1696,23600,,
1136293,17,2026-09-25,1696,23600,,
1136293,17,2026-09-26,1696,23600,,
1136293,17,2026-09-27,1696,23600,,
1136293,17,2026-09-28,1696,23600,,
1136293,17,2026-09-29,1696,23600,,
1136293,17,2026-09-30,1696,23600,,
1136293,17,2026-10-02,1691,23600,,
1136293,17,2026-10-04,1691,23600,,
1136293,17,2026-10-05,1691,23600,,
1136293,17,2026-10-06,1691,23600,,
1136293,17,2026-10-07,1691,23600,,
1136293,17,2026-10-08,1691,23600,,
1136293,17,2026-10-09,1691,23600,,
1136293,17,2026-10-10,1691,23600,,
1136293,17,2026-10-11,1691,23600,,
1136293,17,2026-10-12,1691,23600,,
1136293,17,2026-10-13,1691,23600,,
1136293,17,2026-10-14,1691,23600,,
1136293,17,2026-10-15,1691,23600,,
1136293,17,2026-10-17,1691,23600,,
1136293,17,2026-10-18,1691,23600,,
1136293,17,2026-10-19,1691,23600,,
1136293,17,2026-10-20,1691,23600,,
1136293,17,2026-10-21,1691,23600,,
1136293,17,2026-10-22,1691,23600,,
1136293,17,2026-10-23,1691,23600,,
1136293,17,2026-10-24,1691,23600,,
1136293,17,2026-10-26,1691,23600,,
1136293,17,2026-10-27,1691,23600,,
1136293,17,2026-10-28,1691,23600,,
1136293,17,2026-10-29,1691,23600,,
1136293,17,2026-10-30,1691,23600,,
1136293,17,2026-10-31,1691,23600,,
1136293,17,2026-11-01,1691,23600,,
1136293,17,2026-11-02,1691,23600,,
1136293,17,2026-11-03,1691,23600,,
1136293,17,2026-11-04,1691,23600,,
1136293,17,2026-11-05,1691,23600,,
1136293,17,2026-11-06,1691,23600,,
1136293,17,2026-11-07,1691,23600,,
1136293,17,2026-11-08,1691,23600,,
1136293,17,2026-11-09,1691,23600,,
1136293,17,2026-11-10,1691,23600,,
1136293,17,2026-11-11,1691,23600,,
1136293,17,2026-11-12,1691,23600,,
1136293,17,2026-11-13,1691,23600,,
1136293,17,2026-11-14,1691,23600,,
1136293,17,2026-11-15,1691,23600,,
1136293,17,2026-11-16,1691,23600,,
1136293,17,2026-11-17,1691,23600,,
1136293,17,2026-11-18,1691,23600,,
1136293,17,2026-11-19,1691,23600,,
1136293,17,2026-11-22,1691,23600,,
1136293,17,2026-11-23,1691,23600,,
1136293,17,2026-11-27,1691,23600,,
1136293,17,2026-11-28,1691,23600,,
1136293,17,2026-11-29,1691,23600,,
1136293,17,2026-11-30,1691,23600,,
1136293,17,2026-12-01,1691,23600,,
1136293,17,2026-12-07,1691,23600,,
1136293,17,2026-12-08,1691,23600,,
1136293,17,2026-12-09,1691,23600,,
1136293,17,2026-12-10,1691,23600,,
1136293,17,2026-12-13,1691,23600,,
1136293,17,2026-12-14,1691,23600,,
1136293,18,2026-09-22,1696,23600,,
1136293,18,2026-09-23,1696,23600,,
1136293,18,2026-09-24,1696,23600,,
1136293,18,2026-09-25,1696,23600,,
1136293,18,2026-09-26,1696,23600,,
1136293,18,2026-09-27,1696,23600,,
1136293,18,2026-09-28,1696,23600,,
1136293,18,2026-09-29,1696,23600,,
1136293,18,2026-09-30,1696,23600,,
1136293,18,2026-10-02,1691,23600,,
1136293,18,2026-10-04,1691,23600,,
1136293,18,2026-10-05,1691,23600,,
1136293,18,2026-10-06,1691,23600,,
1136293,18,2026-10-07,1691,23600,,
1136293,18,2026-10-08,1691,23600,,
1136293,18,2026-10-09,1691,23600,,
1136293,18,2026-10-10,1691,23600,,
1136293,18,2026-10-11,1691,23600,,
1136293,18,2026-10-12,1691,23600,,
1136293,18,2026-10-13,1691,23600,,
1136293,18,2026-10-14,1691,23600,,
1136293,18,2026-10-15,1691,23600,,
1136293,18,2026-10-17,1691,23600,,
1136293,18,2026-10-18,1691,23600,,
1136293,18,2026-10-19,1691,23600,,
1136293,18,2026-10-20,1691,23600,,
1136293,18,2026-10-21,1691,23600,,
1136293,18,2026-10-22,1691,23600,,
1136293,18,2026-10-23,1691,23600,,
1136293,18,2026-10-24,1691,23600,,
1136293,18,2026-10-26,1691,23600,,
1136293,18,2026-10-27,1691,23600,,
1136293,18,2026-10-28,1691,23600,,
1136293,18,2026-10-29,1691,23600,,
1136293,18,2026-10-30,1691,23600,,
1136293,18,2026-10-31,1691,23600,,
1136293,18,2026-11-01,1691,23600,,
1136293,18,2026-11-02,1691,23600,,
1136293,18,2026-11-03,1691,23600,,
1136293,18,2026-11-04,1691,23600,,
1136293,18,2026-11-05,1691,23600,,
1136293,18,2026-11-06,1691,23600,,
1136293,18,2026-11-07,1691,23600,,
1136293,18,2026-11-08,1691,23600,,
1136293,18,2026-11-09,1691,23600,,
1136293,18,2026-11-10,1691,23600,,
1136293,18,2026-11-11,1691,23600,,
1136293,18,2026-11-12,1691,23600,,
1136293,18,2026-11-13,1691,23600,,
1136293,18,2026-11-14,1691,23600,,
1136293,18,2026-11-15,1691,23600,,
1136293,18,2026-11-16,1691,23600,,
1136293,18,2026-11-17,1691,23600,,
1136293,18,2026-11-18,1691,23600,,
1136293,18,2026-11-19,1691,23600,,
1136293,18,2026-11-22,1691,23600,,
1136293,18,2026-11-23,1691,23600,,
1136293,18,2026-11-27,1691,23600,,
1136293,18,2026-11-28,1691,23600,,
1136293,18,2026-11-29,1691,23600,,
1136293,18,2026-11-30,1691,23600,,
1136293,18,2026-12-01,1691,23600,,
1136293,18,2026-12-07,1691,23600,,
1136293,18,2026-12-08,1691,23600,,
1136293,18,2026-12-09,1691,23600,,
1136293,18,2026-12-10,1691,23600,,
1136293,18,2026-12-13,1691,23600,,
1136293,18,2026-12-14,1691,23600,,
1136293,19,2026-09-22,1765,23600,,
1136293,19,2026-09-23,1765,23600,,
1136293,19,2026-09-24,1765,23600,,
1136293,19,2026-09-25,1765,23600,,
1136293,19,2026-09-26,1765,23600,,
1136293,19,2026-09-27,1765,23600,,
1136293,19,2026-09-28,1765,23600,,
1136293,19,2026-09-29,1765,23600,,
1136293,19,2026-09-30,1765,23600,,
1136293,19,2026-10-02,1760,23600,,
1136293,19,2026-10-04,1760,23600,,
1136293,19,2026-10-05,1760,23600,,
1136293,19,2026-10-06,1760,23600,,
1136293,19,2026-10-07,1760,23600,,
1136293,19,2026-10-08,1760,23600,,
1136293,19,2026-10-09,1760,23600,,
1136293,19,2026-10-10,1760,23600,,
1136293,19,2026-10-11,1760,23600,,
1136293,19,2026-10-12,1760,23600,,
1136293,19,2026-10-13,1760,23600,,
1136293,19,2026-10-14,1760,23600,,
1136293,19,2026-10-15,1760,23600,,
1136293,19,2026-10-17,1760,23600,,
1136293,19,2026-10-18,1760,23600,,
1136293,19,2026-10-19,1760,23600,,
1136293,19,2026-10-20,1760,23600,,
1136293,19,2026-10-21,1760,23600,,
1136293,19,2026-10-22,1760,23600,,
1136293,19,2026-10-23,1760,23600,,
1136293,19,2026-10-24,1760,23600,,
1136293,19,2026-10-26,1760,23600,,
1136293,19,2026-10-27,1760,23600,,
1136293,19,2026-10-28,1760,23600,,
1136293,19,2026-10-29,1760,23600,,
1136293,19,2026-10-30,1760,23600,,
1136293,19,2026-10-31,1760,23600,,
1136293,19,2026-11-01,1760,23600,,
1136293,19,2026-11-02,1760,23600,,
1136293,19,2026-11-03,1760,23600,,
1136293,19,2026-11-04,1760,23600,,
1136293,19,2026-11-05,1760,23600,,
1136293,19,2026-11-06,1760,23600,,
1136293,19,2026-11-07,1760,23600,,
1136293,19,2026-11-08,1760,23600,,
1136293,19,2026-11-09,1760,23600,,
1136293,19,2026-11-10,1760,23600,,
1136293,19,2026-11-11,1760,23600,,
1136293,19,2026-11-12,1760,23600,,
1136293,19,2026-11-13,1760,23600,,
1136293,19,2026-11-14,1760,23600,,
1136293,19,2026-11-15,1760,23600,,
1136293,19,2026-11-16,1760,23600,,
1136293,19,2026-11-17,1760,23600,,
1136293,19,2026-11-18,1760,23600,,
1136293,19,2026-11-19,1760,23600,,
1136293,19,2026-11-22,1760,23600,,
1136293,19,2026-11-23,1760,23600,,
1136293,19,2026-11-27,1760,23600,,
1136293,19,2026-11-28,1760,23600,,
1136293,19,2026-11-29,1760,23600,,
1136293,19,2026-11-30,1760,23600,,
1136293,19,2026-12-01,1760,23600,,
1136293,19,2026-12-07,1760,23600,,
1136293,19,2026-12-08,1760,23600,,
1136293,19,2026-12-09,1760,23600,,
1136293,19,2026-12-10,1760,23600,,
1136293,19,2026-12-13,1760,23600,,
1136293,19,2026-12-14,1760,23600,,
1136293,20,2026-09-22,1765,23600,,
1136293,20,2026-09-23,1765,23600,,
1136293,20,2026-09-24,1765,23600,,
1136293,20,2026-09-25,1765,23600,,
1136293,20,2026-09-26,1765,23600,,
1136293,20,2026-09-27,1765,23600,,
1136293,20,2026-09-28,1765,23600,,
1136293,20,2026-09-29,1765,23600,,
1136293,20,2026-09-30,1765,23600,,
1136293,20,2026-10-02,1760,23600,,
1136293,20,2026-10-04,1760,23600,,
1136293,20,2026-10-05,1760,23600,,
1136293,20,2026-10-06,1760,23600,,
1136293,20,2026-10-07,1760,23600,,
1136293,20,2026-10-08,1760,23600,,
1136293,20,2026-10-09,1760,23600,,
1136293,20,2026-10-10,1760,23600,,
1136293,20,2026-10-11,1760,23600,,
1136293,20,2026-10-12,1760,23600,,
1136293,20,2026-10-13,1760,23600,,
1136293,20,2026-10-14,1760,23600,,
1136293,20,2026-10-15,1760,23600,,
1136293,20,2026-10-17,1760,23600,,
1136293,20,2026-10-18,1760,23600,,
1136293,20,2026-10-19,1760,23600,,
1136293,20,2026-10-20,1760,23600,,
1136293,20,2026-10-21,1760,23600,,
1136293,20,2026-10-22,1760,23600,,
1136293,20,2026-10-23,1760,23600,,
1136293,20,2026-10-24,1760,23600,,
1136293,20,2026-10-26,1760,23600,,
1136293,20,2026-10-27,1760,23600,,
1136293,20,2026-10-28,1760,23600,,
1136293,20,2026-10-29,1760,23600,,
1136293,20,2026-10-30,1760,23600,,
1136293,20,2026-10-31,1760,23600,,
1136293,20,2026-11-01,1760,23600,,
1136293,20,2026-11-02,1760,23600,,
1136293,20,2026-11-03,1760,23600,,
1136293,20,2026-11-04,1760,23600,,
1136293,20,2026-11-05,1760,23600,,
1136293,20,2026-11-06,1760,23600,,
1136293,20,2026-11-07,1760,23600,,
1136293,20,2026-11-08,1760,23600,,
1136293,20,2026-11-09,1760,23600,,
1136293,20,2026-11-10,1760,23600,,
1136293,20,2026-11-11,1760,23600,,
1136293,20,2026-11-12,1760,23600,,
1136293,20,2026-11-13,1760,23600,,
1136293,20,2026-11-14,1760,23600,,
1136293,20,2026-11-15,1760,23600,,
1136293,20,2026-11-16,1760,23600,,
1136293,20,2026-11-17,1760,23600,,
1136293,20,2026-11-18,1760,23600,,
1136293,20,2026-11-19,1760,23600,,
1136293,20,2026-11-22,1760,23600,,
1136293,20,2026-11-23,1760,23600,,
1136293,20,2026-11-27,1760,23600,,
1136293,20,2026-11-28,1760,23600,,
1136293,20,2026-11-29,1760,23600,,
1136293,20,2026-11-30,1760,23600,,
1136293,20,2026-12-01,1760,23600,,
1136293,20,2026-12-07,1760,23600,,
1136293,20,2026-12-08,1760,23600,,
1136293,20,2026-12-09,1760,23600,,
1136293,20,2026-12-10,1760,23600,,
1136293,20,2026-12-13,1760,23600,,
1136293,20,2026-12-14,1760,23600,,
1136293,21,2026-09-22,1903,23600,,
1136293,21,2026-09-23,1903,23600,,
1136293,21,2026-09-24,1903,23600,,
1136293,21,2026-09-25,1903,23600,,
1136293,21,2026-09-26,1903,23600,,
1136293,21,2026-09-27,1903,23600,,
1136293,21,2026-09-28,1903,23600,,
1136293,21,2026-09-29,1903,23600,,
1136293,21,2026-09-30,1903,23600,,
1136293,21,2026-10-02,1898,23600,,
1136293,21,2026-10-04,1898,23600,,
1136293,21,2026-10-05,1898,23600,,
1136293,21,2026-10-06,1898,23600,,
1136293,21,2026-10-07,1898,23600,,
1136293,21,2026-10-08,1898,23600,,
1136293,21,2026-10-09,1898,23600,,
1136293,21,2026-10-10,1898,23600,,
1136293,21,2026-10-11,1898,23600,,
1136293,21,2026-10-12,1898,23600,,
1136293,21,2026-10-13,1898,23600,,
1136293,21,2026-10-14,1898,23600,,
1136293,21,2026-10-15,1898,23600,,
1136293,21,2026-10-17,1898,23600,,
1136293,21,2026-10-18,1898,23600,,
1136293,21,2026-10-19,1898,23600,,
1136293,21,2026-10-20,1898,23600,,
1136293,21,2026-10-21,1898,23600,,
1136293,21,2026-10-22,1898,23600,,
1136293,21,2026-10-23,1898,23600,,
1136293,21,2026-10-24,1898,23600,,
1136293,21,2026-10-26,1898,23600,,
1136293,21,2026-10-27,1898,23600,,
1136293,21,2026-10-28,1898,23600,,
1136293,21,2026-10-29,1898,23600,,
1136293,21,2026-10-30,1898,23600,,
1136293,21,2026-10-31,1898,23600,,
1136293,21,2026-11-01,1898,23600,,
1136293,21,2026-11-02,1898,23600,,
1136293,21,2026-11-03,1898,23600,,
1136293,21,2026-11-04,1898,23600,,
1136293,21,2026-11-05,1898,23600,,
1136293,21,2026-11-06,1898,23600,,
1136293,21,2026-11-07,1898,23600,,
1136293,21,2026-11-08,1898,23600,,
1136293,21,2026-11-09,1898,23600,,
1136293,21,2026-11-10,1898,23600,,
1136293,21,2026-11-11,1898,23600,,
1136293,21,2026-11-12,1898,23600,,
1136293,21,2026-11-13,1898,23600,,
1136293,21,2026-11-14,1898,23600,,
1136293,21,2026-11-15,1898,23600,,
1136293,21,2026-11-16,1898,23600,,
1136293,21,2026-11-17,1898,23600,,
1136293,21,2026-11-18,1898,23600,,
1136293,21,2026-11-19,1898,23600,,
1136293,21,2026-11-22,1898,23600,,
1136293,21,2026-11-23,1898,23600,,
1136293,21,2026-11-27,1898,23600,,
1136293,21,2026-11-28,1898,23600,,
1136293,21,2026-11-29,1898,23600,,
1136293,21,2026-11-30,1898,23600,,
1136293,21,2026-12-01,1898,23600,,
1136293,21,2026-12-07,1898,23600,,
1136293,21,2026-12-08,1898,23600,,
1136293,21,2026-12-09,1898,23600,,
1136293,21,2026-12-10,1898,23600,,
1136293,21,2026-12-13,1898,23600,,
1136293,21,2026-12-14,1898,23600,,
1136293,22,2026-09-22,1903,23600,,
1136293,22,2026-09-23,1903,23600,,
1136293,22,2026-09-24,1903,23600,,
1136293,22,2026-09-25,1903,23600,,
1136293,22,2026-09-26,1903,23600,,
1136293,22,2026-09-27,1903,23600,,
1136293,22,2026-09-28,1903,23600,,
1136293,22,2026-09-29,1903,23600,,
1136293,22,2026-09-30,1903,23600,,
1136293,22,2026-10-02,1898,23600,,
1136293,22,2026-10-04,1898,23600,,
1136293,22,2026-10-05,1898,23600,,
1136293,22,2026-10-06,1898,23600,,
1136293,22,2026-10-07,1898,23600,,
1136293,22,2026-10-08,1898,23600,,
1136293,22,2026-10-09,1898,23600,,
1136293,22,2026-10-10,1898,23600,,
1136293,22,2026-10-11,1898,23600,,
1136293,22,2026-10-12,1898,23600,,
1136293,22,2026-10-13,1898,23600,,
1136293,22,2026-10-14,1898,23600,,
1136293,22,2026-10-15,1898,23600,,
1136293,22,2026-10-17,1898,23600,,
1136293,22,2026-10-18,1898,23600,,
1136293,22,2026-10-19,1898,23600,,
1136293,22,2026-10-20,1898,23600,,
1136293,22,2026-10-21,1898,23600,,
1136293,22,2026-10-22,1898,23600,,
1136293,22,2026-10-23,1898,23600,,
1136293,22,2026-10-24,1898,23600,,
1136293,22,2026-10-26,1898,23600,,
1136293,22,2026-10-27,1898,23600,,
1136293,22,2026-10-28,1898,23600,,
1136293,22,2026-10-29,1898,23600,,
1136293,22,2026-10-30,1898,23600,,
1136293,22,2026-10-31,1898,23600,,
1136293,22,2026-11-01,1898,23600,,
1136293,22,2026-11-02,1898,23600,,
1136293,22,2026-11-03,1898,23600,,
1136293,22,2026-11-04,1898,23600,,
1136293,22,2026-11-05,1898,23600,,
1136293,22,2026-11-06,1898,23600,,
1136293,22,2026-11-07,1898,23600,,
1136293,22,2026-11-08,1898,23600,,
1136293,22,2026-11-09,1898,23600,,
1136293,22,2026-11-10,1898,23600,,
1136293,22,2026-11-11,1898,23600,,
1136293,22,2026-11-12,1898,23600,,
1136293,22,2026-11-13,1898,23600,,
1136293,22,2026-11-14,1898,23600,,
1136293,22,2026-11-15,1898,23600,,
1136293,22,2026-11-16,1898,23600,,
1136293,22,2026-11-17,1898,23600,,
1136293,22,2026-11-18,1898,23600,,
1136293,22,2026-11-19,1898,23600,,
1136293,22,2026-11-22,1898,23600,,
1136293,22,2026-11-23,1898,23600,,
1136293,22,2026-11-27,1898,23600,,
1136293,22,2026-11-28,1898,23600,,
1136293,22,2026-11-29,1898,23600,,
1136293,22,2026-11-30,1898,23600,,
1136293,22,2026-12-01,1898,23600,,
1136293,22,2026-12-07,1898,23600,,
1136293,22,2026-12-08,1898,23600,,
1136293,22,2026-12-09,1898,23600,,
1136293,22,2026-12-10,1898,23600,,
1136293,22,2026-12-13,1898,23600,,
1136293,22,2026-12-14,1898,23600,,
1136293,23,2026-09-22,1972,23600,,
1136293,23,2026-09-23,1972,23600,,
1136293,23,2026-09-24,1972,23600,,
1136293,23,2026-09-25,1972,23600,,
1136293,23,2026-09-26,1972,23600,,
1136293,23,2026-09-27,1972,23600,,
1136293,23,2026-09-28,1972,23600,,
1136293,23,2026-09-29,1972,23600,,
1136293,23,2026-09-30,1972,23600,,
1136293,23,2026-10-02,1967,23600,,
1136293,23,2026-10-04,1967,23600,,
1136293,23,2026-10-05,1967,23600,,
1136293,23,2026-10-06,1967,23600,,
1136293,23,2026-10-07,1967,23600,,
1136293,23,2026-10-08,1967,23600,,
1136293,23,2026-10-09,1967,23600,,
1136293,23,2026-10-10,1967,23600,,
1136293,23,2026-10-11,1967,23600,,
1136293,23,2026-10-12,1967,23600,,
1136293,23,2026-10-13,1967,23600,,
1136293,23,2026-10-14,1967,23600,,
1136293,23,2026-10-15,1967,23600,,
1136293,23,2026-10-17,1967,23600,,
1136293,23,2026-10-18,1967,23600,,
1136293,23,2026-10-19,1967,23600,,
1136293,23,2026-10-20,1967,23600,,
1136293,23,2026-10-21,1967,23600,,
1136293,23,2026-10-22,1967,23600,,
1136293,23,2026-10-23,1967,23600,,
1136293,23,2026-10-24,1967,23600,,
1136293,23,2026-10-26,1967,23600,,
1136293,23,2026-10-27,1967,23600,,
1136293,23,2026-10-28,1967,23600,,
1136293,23,2026-10-29,1967,23600,,
1136293,23,2026-10-30,1967,23600,,
1136293,23,2026-10-31,1967,23600,,
1136293,23,2026-11-01,1967,23600,,
1136293,23,2026-11-02,1967,23600,,
1136293,23,2026-11-03,1967,23600,,
1136293,23,2026-11-04,1967,23600,,
1136293,23,2026-11-05,1967,23600,,
1136293,23,2026-11-06,1967,23600,,
1136293,23,2026-11-07,1967,23600,,
1136293,23,2026-11-08,1967,23600,,
1136293,23,2026-11-09,1967,23600,,
1136293,23,2026-11-10,1967,23600,,
1136293,23,2026-11-11,1967,23600,,
1136293,23,2026-11-12,1967,23600,,
1136293,23,2026-11-13,1967,23600,,
1136293,23,2026-11-14,1967,23600,,
1136293,23,2026-11-15,1967,23600,,
1136293,23,2026-11-16,1967,23600,,
1136293,23,2026-11-17,1967,23600,,
1136293,23,2026-11-18,1967,23600,,
1136293,23,2026-11-19,1967,23600,,
1136293,23,2026-11-22,1967,23600,,
1136293,23,2026-11-23,1967,23600,,
1136293,23,2026-11-27,1967,23600,,
1136293,23,2026-11-28,1967,23600,,
1136293,23,2026-11-29,1967,23600,,
1136293,23,2026-11-30,1967,23600,,
1136293,23,2026-12-01,1967,23600,,
1136293,23,2026-12-07,1967,23600,,
1136293,23,2026-12-08,1967,23600,,
1136293,23,2026-12-09,1967,23600,,
1136293,23,2026-12-10,1967,23600,,
1136293,23,2026-12-13,1967,23600,,
1136293,23,2026-12-14,1967,23600,,
1136293,24,2026-09-22,1972,23600,,
1136293,24,2026-09-23,1972,23600,,
1136293,24,2026-09-24,1972,23600,,
1136293,24,2026-09-25,1972,23600,,
1136293,24,2026-09-26,1972,23600,,
1136293,24,2026-09-27,1972,23600,,
1136293,24,2026-09-28,1972,23600,,
1136293,24,2026-09-29,1972,23600,,
1136293,24,2026-09-30,1972,23600,,
1136293,24,2026-10-02,1967,23600,,
1136293,24,2026-10-04,1967,23600,,
1136293,24,2026-10-05,1967,23600,,
1136293,24,2026-10-06,1967,23600,,
1136293,24,2026-10-07,1967,23600,,
1136293,24,2026-10-08,1967,23600,,
1136293,24,2026-10-09,1967,23600,,
1136293,24,2026-10-10,1967,23600,,
1136293,24,2026-10-11,1967,23600,,
1136293,24,2026-10-12,1967,23600,,
1136293,24,2026-10-13,1967,23600,,
1136293,24,2026-10-14,1967,23600,,
1136293,24,2026-10-15,1967,23600,,
1136293,24,2026-10-17,1967,23600,,
1136293,24,2026-10-18,1967,23600,,
1136293,24,2026-10-19,1967,23600,,
1136293,24,2026-10-20,1967,23600,,
1136293,24,2026-10-21,1967,23600,,
1136293,24,2026-10-22,1967,23600,,
1136293,24,2026-10-23,1967,23600,,
1136293,24,2026-10-24,1967,23600,,
1136293,24,2026-10-26,1967,23600,,
1136293,24,2026-10-27,1967,23600,,
1136293,24,2026-10-28,1967,23600,,
1136293,24,2026-10-29,1967,23600,,
1136293,24,2026-10-30,1967,23600,,
1136293,24,2026-10-31,1967,23600,,
1136293,24,2026-11-01,1967,23600,,
1136293,24,2026-11-02,1967,23600,,
1136293,24,2026-11-03,1967,23600,,
1136293,24,2026-11-04,1967,23600,,
1136293,24,2026-11-05,1967,23600,,
1136293,24,2026-11-06,1967,23600,,
1136293,24,2026-11-07,1967,23600,,
1136293,24,2026-11-08,1967,23600,,
1136293,24,2026-11-09,1967,23600,,
1136293,24,2026-11-10,1967,23600,,
1136293,24,2026-11-11,1967,23600,,
1136293,24,2026-11-12,1967,23600,,
1136293,24,2026-11-13,1967,23600,,
1136293,24,2026-11-14,1967,23600,,
1136293,24,2026-11-15,1967,23600,,
1136293,24,2026-11-16,1967,23600,,
1136293,24,2026-11-17,1967,23600,,
1136293,24,2026-11-18,1967,23600,,
1136293,24,2026-11-19,1967,23600,,
1136293,24,2026-11-22,1967,23600,,
1136293,24,2026-11-23,1967,23600,,
1136293,24,2026-11-27,1967,23600,,
1136293,24,2026-11-28,1967,23600,,
1136293,24,2026-11-29,1967,23600,,
1136293,24,2026-11-30,1967,23600,,
1136293,24,2026-12-01,1967,23600,,
1136293,24,2026-12-07,1967,23600,,
1136293,24,2026-12-08,1967,23600,,
1136293,24,2026-12-09,1967,23600,,
1136293,24,2026-12-10,1967,23600,,
1136293,24,2026-12-13,1967,23600,,
1136293,24,2026-12-14,1967,23600,,
1136293,39,2026-09-22,1903,23600,,
1136293,39,2026-09-23,1903,23600,,
1136293,39,2026-09-24,1903,23600,,
1136293,39,2026-09-25,1903,23600,,
1136293,39,2026-09-26,1903,23600,,
1136293,39,2026-09-27,1903,23600,,
1136293,39,2026-09-28,1903,23600,,
1136293,39,2026-09-29,1903,23600,,
1136293,39,2026-09-30,1903,23600,,
1136293,39,2026-10-02,1898,23600,,
1136293,39,2026-10-04,1898,23600,,
1136293,39,2026-10-05,1898,23600,,
1136293,39,2026-10-06,1898,23600,,
1136293,39,2026-10-07,1898,23600,,
1136293,39,2026-10-08,1898,23600,,
1136293,39,2026-10-09,1898,23600,,
1136293,39,2026-10-10,1898,23600,,
1136293,39,2026-10-11,1898,23600,,
1136293,39,2026-10-12,1898,23600,,
1136293,39,2026-10-13,1898,23600,,
1136293,39,2026-10-14,1898,23600,,
1136293,39,2026-10-15,1898,23600,,
1136293,39,2026-10-17,1898,23600,,
1136293,39,2026-10-18,1898,23600,,
1136293,39,2026-10-19,1898,23600,,
1136293,39,2026-10-20,1898,23600,,
1136293,39,2026-10-21,1898,23600,,
1136293,39,2026-10-22,1898,23600,,
1136293,39,2026-10-23,1898,23600,,
1136293,39,2026-10-24,1898,23600,,
1136293,39,2026-10-26,1898,23600,,
1136293,39,2026-10-27,1898,23600,,
1136293,39,2026-10-28,1898,23600,,
1136293,39,2026-10-29,1898,23600,,
1136293,39,2026-10-30,1898,23600,,
1136293,39,2026-10-31,1898,23600,,
1136293,39,2026-11-01,1898,23600,,
1136293,39,2026-11-02,1898,23600,,
1136293,39,2026-11-03,1898,23600,,
1136293,39,2026-11-04,1898,23600,,
1136293,39,2026-11-05,1898,23600,,
1136293,39,2026-11-06,1898,23600,,
1136293,39,2026-11-07,1898,23600,,
1136293,39,2026-11-08,1898,23600,,
1136293,39,2026-11-09,1898,23600,,
1136293,39,2026-11-10,1898,23600,,
1136293,39,2026-11-11,1898,23600,,
1136293,39,2026-11-12,1898,23600,,
1136293,39,2026-11-13,1898,23600,,
1136293,39,2026-11-14,1898,23600,,
1136293,39,2026-11-15,1898,23600,,
1136293,39,2026-11-16,1898,23600,,
1136293,39,2026-11-17,1898,23600,,
1136293,39,2026-11-18,1898,23600,,
1136293,39,2026-11-19,1898,23600,,
1136293,39,2026-11-22,1898,23600,,
1136293,39,2026-11-23,1898,23600,,
1136293,39,2026-11-27,1898,23600,,
1136293,39,2026-11-28,1898,23600,,
1136293,39,2026-11-29,1898,23600,,
1136293,39,2026-11-30,1898,23600,,
1136293,39,2026-12-01,1898,23600,,
1136293,39,2026-12-07,1898,23600,,
1136293,39,2026-12-08,1898,23600,,
1136293,39,2026-12-09,1898,23600,,
1136293,39,2026-12-10,1898,23600,,
1136293,39,2026-12-13,1898,23600,,
1136293,39,2026-12-14,1898,23600,,
1136293,50,2026-09-22,1696,23600,,
1136293,50,2026-09-23,1696,23600,,
1136293,50,2026-09-24,1696,23600,,
1136293,50,2026-09-25,1696,23600,,
1136293,50,2026-09-26,1696,23600,,
1136293,50,2026-09-27,1696,23600,,
1136293,50,2026-09-28,1696,23600,,
1136293,50,2026-09-29,1696,23600,,
1136293,50,2026-09-30,1696,23600,,
1136293,50,2026-10-02,1691,23600,,
1136293,50,2026-10-04,1691,23600,,
1136293,50,2026-10-05,1691,23600,,
1136293,50,2026-10-06,1691,23600,,
1136293,50,2026-10-07,1691,23600,,
1136293,50,2026-10-08,1691,23600,,
1136293,50,2026-10-09,1691,23600,,
1136293,50,2026-10-10,1691,23600,,
1136293,50,2026-10-11,1691,23600,,
1136293,50,2026-10-12,1691,23600,,
1136293,50,2026-10-13,1691,23600,,
1136293,50,2026-10-14,1691,23600,,
1136293,50,2026-10-15,1691,23600,,
1136293,50,2026-10-17,1691,23600,,
1136293,50,2026-10-18,1691,23600,,
1136293,50,2026-10-19,1691,23600,,
1136293,50,2026-10-20,1691,23600,,
1136293,50,2026-10-21,1691,23600,,
1136293,50,2026-10-22,1691,23600,,
1136293,50,2026-10-23,1691,23600,,
1136293,50,2026-10-24,1691,23600,,
1136293,50,2026-10-26,1691,23600,,
1136293,50,2026-10-27,1691,23600,,
1136293,50,2026-10-28,1691,23600,,
1136293,50,2026-10-29,1691,23600,,
1136293,50,2026-10-30,1691,23600,,
1136293,50,2026-10-31,1691,23600,,
1136293,50,2026-11-01,1691,23600,,
1136293,50,2026-11-02,1691,23600,,
1136293,50,2026-11-03,1691,23600,,
1136293,50,2026-11-04,1691,23600,,
1136293,50,2026-11-05,1691,23600,,
1136293,50,2026-11-06,1691,23600,,
1136293,50,2026-11-07,1691,23600,,
1136293,50,2026-11-08,1691,23600,,
1136293,50,2026-11-09,1691,23600,,
1136293,50,2026-11-10,1691,23600,,
1136293,50,2026-11-11,1691,23600,,
1136293,50,2026-11-12,1691,23600,,
1136293,50,2026-11-13,1691,23600,,
1136293,50,2026-11-14,1691,23600,,
1136293,50,2026-11-15,1691,23600,,
1136293,50,2026-11-16,1691,23600,,
1136293,50,2026-11-17,1691,23600,,
1136293,50,2026-11-18,1691,23600,,
1136293,50,2026-11-19,1691,23600,,
1136293,50,2026-11-22,1691,23600,,
1136293,50,2026-11-23,1691,23600,,
1136293,50,2026-11-27,1691,23600,,
1136293,50,2026-11-28,1691,23600,,
1136293,50,2026-11-29,1691,23600,,
1136293,50,2026-11-30,1691,23600,,
1136293,50,2026-12-01,1691,23600,,
1136293,50,2026-12-07,1691,23600,,
1136293,50,2026-12-08,1691,23600,,
1136293,50,2026-12-09,1691,23600,,
1136293,50,2026-12-10,1691,23600,,
1136293,50,2026-12-13,1691,23600,,
1136293,50,2026-12-14,1691,23600,,
1136517,21,2026-09-16,1695,23600,,
1136517,21,2026-09-17,1680,23600,,
1136517,21,2026-09-21,1688,23600,,
1136517,21,2026-09-22,1688,23600,,
1136517,22,2026-09-16,1695,23600,,
1136517,22,2026-09-17,1680,23600,,
1136517,22,2026-09-21,1688,23600,,
1136517,22,2026-09-22,1688,23600,,
1136517,23,2026-09-15,1795,23600,,
1136517,23,2026-09-17,1801,23600,,
1136517,23,2026-09-21,1809,23600,,
1136517,23,2026-09-22,1809,23600,,
1136517,24,2026-09-15,1795,23600,,
1136517,24,2026-09-17,1801,23600,,
1136517,24,2026-09-21,1809,23600,,
1136517,24,2026-09-22,1809,23600,,
1136517,27,2026-10-27,2332,23600,,
1136517,27,2026-10-28,2332,23600,,
1136517,27,2026-10-29,2332,23600,,
1136517,28,2026-10-27,2332,23600,,
1136517,28,2026-10-28,2332,23600,,
1136517,28,2026-10-29,2332,23600,,
1136517,39,2026-09-16,1695,23600,,
1136517,39,2026-09-17,1680,23600,,
1136517,39,2026-09-21,1688,23600,,
1136517,39,2026-09-22,1688,23600,,
1136517,40,2026-09-15,1795,23600,,
1136517,40,2026-09-17,1801,23600,,
1136517,40,2026-09-21,1809,23600,,
1136517,40,2026-09-22,1809,23600,,
1136517,83,2026-09-16,1695,23600,,
1136517,83,2026-09-17,1680,23600,,
1136517,83,2026-09-21,1688,23600,,
1136517,83,2026-09-22,1688,23600,,
1136798,17,2026-10-09,1970,23600,,
1136798,18,2026-10-09,1970,23600,,
1136798,19,2026-10-09,2246,23600,,
1136798,20,2026-10-09,2246,23600,,
1136798,50,2026-10-09,1970,23600,,
1137116,17,2026-12-01,1312,23600,,
1137116,17,2026-12-07,1312,23600,,
1137116,17,2026-12-08,1312,23600,,
1137116,17,2026-12-09,1312,23600,,
1137116,17,2026-12-10,1312,23600,,
1137116,17,2026-12-13,1312,23600,,
1137116,17,2026-12-14,1312,23600,,
1137116,18,2026-12-01,1312,23600,,
1137116,18,2026-12-07,1312,23600,,
1137116,18,2026-12-08,1312,23600,,
1137116,18,2026-12-09,1312,23600,,
1137116,18,2026-12-10,1312,23600,,
1137116,18,2026-12-13,1312,23600,,
1137116,18,2026-12-14,1312,23600,,
1137116,19,2026-11-01,1415,23600,,
1137116,19,2026-11-02,1415,23600,,
1137116,19,2026-11-03,1415,23600,,
1137116,19,2026-11-04,1415,23600,,
1137116,19,2026-11-05,1415,23600,,
1137116,19,2026-11-12,1415,23600,,
1137116,19,2026-11-18,1415,23600,,
1137116,19,2026-11-19,1415,23600,,
1137116,19,2026-11-22,1415,23600,,
1137116,19,2026-11-23,1415,23600,,
1137116,19,2026-12-01,1415,23600,,
1137116,19,2026-12-07,1415,23600,,
1137116,19,2026-12-08,1415,23600,,
1137116,19,2026-12-09,1415,23600,,
1137116,19,2026-12-10,1415,23600,,
1137116,19,2026-12-13,1415,23600,,
1137116,19,2026-12-14,1415,23600,,
1137116,20,2026-11-01,1415,23600,,
1137116,20,2026-11-02,1415,23600,,
1137116,20,2026-11-03,1415,23600,,
1137116,20,2026-11-04,1415,23600,,
1137116,20,2026-11-05,1415,23600,,
1137116,20,2026-11-12,1415,23600,,
1137116,20,2026-11-18,1415,23600,,
1137116,20,2026-11-19,1415,23600,,
1137116,20,2026-11-22,1415,23600,,
1137116,20,2026-11-23,1415,23600,,
1137116,20,2026-12-01,1415,23600,,
1137116,20,2026-12-07,1415,23600,,
1137116,20,2026-12-08,1415,23600,,
1137116,20,2026-12-09,1415,23600,,
1137116,20,2026-12-10,1415,23600,,
1137116,20,2026-12-13,1415,23600,,
1137116,20,2026-12-14,1415,23600,,
1137116,50,2026-12-01,1312,23600,,
1137116,50,2026-12-07,1312,23600,,
1137116,50,2026-12-08,1312,23600,,
1137116,50,2026-12-09,1312,23600,,
1137116,50,2026-12-10,1312,23600,,
1137116,50,2026-12-13,1312,23600,,
1137116,50,2026-12-14,1312,23600,,
1139087,17,2026-10-02,1524,23600,,
1139087,17,2026-10-03,1524,23600,,
1139087,17,2026-10-10,1524,23600,,
1139087,17,2026-10-16,1524,23600,,
1139087,17,2026-10-17,1524,23600,,
1139087,17,2026-10-23,1524,23600,,
1139087,17,2026-10-24,1524,23600,,
1139087,17,2026-11-08,1524,23600,,
1139087,17,2026-11-09,1524,23600,,
1139087,17,2026-11-10,1524,23600,,
1139087,17,2026-11-11,1524,23600,,
1139087,17,2026-11-15,1524,23600,,
1139087,17,2026-11-16,1524,23600,,
1139087,17,2026-11-17,1524,23600,,
1139087,17,2026-11-24,1524,23600,,
1139087,17,2026-11-25,1524,23600,,
1139087,18,2026-10-02,1524,23600,,
1139087,18,2026-10-03,1524,23600,,
1139087,18,2026-10-10,1524,23600,,
1139087,18,2026-10-16,1524,23600,,
1139087,18,2026-10-17,1524,23600,,
1139087,18,2026-10-23,1524,23600,,
1139087,18,2026-10-24,1524,23600,,
1139087,18,2026-11-08,1524,23600,,
1139087,18,2026-11-09,1524,23600,,
1139087,18,2026-11-10,1524,23600,,
1139087,18,2026-11-11,1524,23600,,
1139087,18,2026-11-15,1524,23600,,
1139087,18,2026-11-16,1524,23600,,
1139087,18,2026-11-17,1524,23600,,
1139087,18,2026-11-24,1524,23600,,
1139087,18,2026-11-25,1524,23600,,
1139087,19,2026-10-02,1593,23600,,
1139087,19,2026-10-03,1593,23600,,
1139087,19,2026-10-10,1593,23600,,
1139087,19,2026-10-16,1593,23600,,
1139087,19,2026-10-17,1593,23600,,
1139087,19,2026-10-23,1593,23600,,
1139087,19,2026-10-24,1593,23600,,
1139087,20,2026-10-02,1593,23600,,
1139087,20,2026-10-03,1593,23600,,
1139087,20,2026-10-10,1593,23600,,
1139087,20,2026-10-16,1593,23600,,
1139087,20,2026-10-17,1593,23600,,
1139087,20,2026-10-23,1593,23600,,
1139087,20,2026-10-24,1593,23600,,
1139087,50,2026-10-02,1524,23600,,
1139087,50,2026-10-03,1524,23600,,
1139087,50,2026-10-10,1524,23600,,
1139087,50,2026-10-16,1524,23600,,
1139087,50,2026-10-17,1524,23600,,
1139087,50,2026-10-23,1524,23600,,
1139087,50,2026-10-24,1524,23600,,
1139087,50,2026-11-08,1524,23600,,
1139087,50,2026-11-09,1524,23600,,
1139087,50,2026-11-10,1524,23600,,
1139087,50,2026-11-11,1524,23600,,
1139087,50,2026-11-15,1524,23600,,
1139087,50,2026-11-16,1524,23600,,
1139087,50,2026-11-17,1524,23600,,
1139087,50,2026-11-24,1524,23600,,
1139087,50,2026-11-25,1524,23600,,
1139252,27,2027-08-27,2850,23600,,
1139252,27,2027-08-28,2850,23600,,
1139252,27,2027-08-29,2850,23600,,
1139252,27,2027-08-30,2850,23600,,
1139252,27,2027-08-31,2850,23600,,
1139252,28,2027-08-27,2850,23600,,
1139252,28,2027-08-28,2850,23600,,
1139252,28,2027-08-29,2850,23600,,
1139252,28,2027-08-30,2850,23600,,
1139252,28,2027-08-31,2850,23600,,
1142067,17,2026-10-02,1259,20000,,
1142067,17,2026-10-04,1259,20000,,
1142067,17,2026-10-05,1259,20000,,
1142067,17,2026-10-06,1259,20000,,
1142067,17,2026-10-07,1259,20000,,
1142067,17,2026-10-08,1259,20000,,
1142067,17,2026-10-09,1259,20000,,
1142067,17,2026-10-10,1259,20000,,
1142067,17,2026-10-11,1259,20000,,
1142067,17,2026-10-12,1259,20000,,
1142067,17,2026-10-13,1259,20000,,
1142067,17,2026-10-14,1259,20000,,
1142067,17,2026-10-15,1259,20000,,
1142067,18,2026-10-02,1259,20000,,
1142067,18,2026-10-04,1259,20000,,
1142067,18,2026-10-05,1259,20000,,
1142067,18,2026-10-06,1259,20000,,
1142067,18,2026-10-07,1259,20000,,
1142067,18,2026-10-08,1259,20000,,
1142067,18,2026-10-09,1259,20000,,
1142067,18,2026-10-10,1259,20000,,
1142067,18,2026-10-11,1259,20000,,
1142067,18,2026-10-12,1259,20000,,
1142067,18,2026-10-13,1259,20000,,
1142067,18,2026-10-14,1259,20000,,
1142067,18,2026-10-15,1259,20000,,
1142067,19,2026-10-17,1370,20000,,
1142067,19,2026-10-18,1370,20000,,
1142067,19,2026-10-19,1370,20000,,
1142067,19,2026-10-20,1370,20000,,
1142067,19,2026-10-21,1370,20000,,
1142067,19,2026-10-22,1370,20000,,
1142067,19,2026-10-23,1370,20000,,
1142067,19,2026-10-24,1370,20000,,
1142067,19,2026-10-26,1370,20000,,
1142067,19,2026-10-27,1370,20000,,
1142067,19,2026-10-28,1370,20000,,
1142067,19,2026-10-29,1370,20000,,
1142067,19,2026-10-30,1370,20000,,
1142067,19,2026-10-31,1370,20000,,
1142067,19,2026-11-01,1370,20000,,
1142067,19,2026-11-02,1370,20000,,
1142067,19,2026-11-03,1370,20000,,
1142067,19,2026-11-04,1370,20000,,
1142067,19,2026-11-05,1370,20000,,
1142067,19,2026-11-06,1370,20000,,
1142067,19,2026-11-07,1370,20000,,
1142067,19,2026-11-08,1370,20000,,
1142067,19,2026-11-09,1370,20000,,
1142067,19,2026-11-10,1370,20000,,
1142067,19,2026-11-11,1370,20000,,
1142067,19,2026-11-12,1370,20000,,
1142067,19,2026-11-13,1370,20000,,
1142067,19,2026-11-14,1370,20000,,
1142067,19,2026-11-15,1370,20000,,
1142067,19,2026-11-16,1370,20000,,
1142067,19,2026-11-17,1370,20000,,
1142067,19,2026-11-18,1370,20000,,
1142067,19,2026-11-19,1370,20000,,
1142067,19,2026-11-22,1370,20000,,
1142067,19,2026-11-23,1370,20000,,
1142067,19,2026-11-27,1370,20000,,
1142067,19,2026-11-28,1370,20000,,
1142067,19,2026-11-29,1370,20000,,
1142067,19,2026-11-30,1370,20000,,
1142067,19,2026-12-01,1370,20000,,
1142067,19,2026-12-07,1370,20000,,
1142067,19,2026-12-08,1370,20000,,
1142067,19,2026-12-09,1370,20000,,
1142067,19,2026-12-10,1370,20000,,
1142067,19,2026-12-13,1370,20000,,
1142067,19,2026-12-14,1370,20000,,
1142067,20,2026-10-17,1370,20000,,
1142067,20,2026-10-18,1370,20000,,
1142067,20,2026-10-19,1370,20000,,
1142067,20,2026-10-20,1370,20000,,
1142067,20,2026-10-21,1370,20000,,
1142067,20,2026-10-22,1370,20000,,
1142067,20,2026-10-23,1370,20000,,
1142067,20,2026-10-24,1370,20000,,
1142067,20,2026-10-26,1370,20000,,
1142067,20,2026-10-27,1370,20000,,
1142067,20,2026-10-28,1370,20000,,
1142067,20,2026-10-29,1370,20000,,
1142067,20,2026-10-30,1370,20000,,
1142067,20,2026-10-31,1370,20000,,
1142067,20,2026-11-01,1370,20000,,
1142067,20,2026-11-02,1370,20000,,
1142067,20,2026-11-03,1370,20000,,
1142067,20,2026-11-04,1370,20000,,
1142067,20,2026-11-05,1370,20000,,
1142067,20,2026-11-06,1370,20000,,
1142067,20,2026-11-07,1370,20000,,
1142067,20,2026-11-08,1370,20000,,
1142067,20,2026-11-09,1370,20000,,
1142067,20,2026-11-10,1370,20000,,
1142067,20,2026-11-11,1370,20000,,
1142067,20,2026-11-12,1370,20000,,
1142067,20,2026-11-13,1370,20000,,
1142067,20,2026-11-14,1370,20000,,
1142067,20,2026-11-15,1370,20000,,
1142067,20,2026-11-16,1370,20000,,
1142067,20,2026-11-17,1370,20000,,
1142067,20,2026-11-18,1370,20000,,
1142067,20,2026-11-19,1370,20000,,
1142067,20,2026-11-22,1370,20000,,
1142067,20,2026-11-23,1370,20000,,
1142067,20,2026-11-27,1370,20000,,
1142067,20,2026-11-28,1370,20000,,
1142067,20,2026-11-29,1370,20000,,
1142067,20,2026-11-30,1370,20000,,
1142067,20,2026-12-01,1370,20000,,
1142067,20,2026-12-07,1370,20000,,
1142067,20,2026-12-08,1370,20000,,
1142067,20,2026-12-09,1370,20000,,
1142067,20,2026-12-10,1370,20000,,
1142067,20,2026-12-13,1370,20000,,
1142067,20,2026-12-14,1370,20000,,
1142067,23,2026-10-17,1508,20000,,
1142067,23,2026-10-18,1508,20000,,
1142067,23,2026-10-19,1508,20000,,
1142067,23,2026-10-20,1508,20000,,
1142067,23,2026-10-21,1508,20000,,
1142067,23,2026-10-22,1508,20000,,
1142067,23,2026-10-23,1508,20000,,
1142067,23,2026-10-24,1508,20000,,
1142067,23,2026-10-26,1508,20000,,
1142067,23,2026-10-27,1508,20000,,
1142067,23,2026-10-28,1508,20000,,
1142067,23,2026-10-29,1508,20000,,
1142067,23,2026-10-30,1508,20000,,
1142067,23,2026-10-31,1508,20000,,
1142067,23,2026-11-01,1508,20000,,
1142067,23,2026-11-02,1508,20000,,
1142067,23,2026-11-03,1508,20000,,
1142067,23,2026-11-04,1508,20000,,
1142067,23,2026-11-05,1508,20000,,
1142067,23,2026-11-06,1508,20000,,
1142067,23,2026-11-07,1508,20000,,
1142067,23,2026-11-08,1508,20000,,
1142067,23,2026-11-09,1508,20000,,
1142067,23,2026-11-10,1508,20000,,
1142067,23,2026-11-11,1508,20000,,
1142067,23,2026-11-12,1508,20000,,
1142067,23,2026-11-13,1508,20000,,
1142067,23,2026-11-14,1508,20000,,
1142067,23,2026-11-15,1508,20000,,
1142067,23,2026-11-16,1508,20000,,
1142067,23,2026-11-17,1508,20000,,
1142067,23,2026-11-18,1508,20000,,
1142067,23,2026-11-19,1508,20000,,
1142067,23,2026-11-22,1508,20000,,
1142067,23,2026-11-23,1508,20000,,
1142067,23,2026-11-27,1508,20000,,
1142067,23,2026-11-28,1508,20000,,
1142067,23,2026-11-29,1508,20000,,
1142067,23,2026-11-30,1508,20000,,
1142067,23,2026-12-01,1508,20000,,
1142067,23,2026-12-07,1508,20000,,
1142067,23,2026-12-08,1508,20000,,
1142067,23,2026-12-09,1508,20000,,
1142067,23,2026-12-10,1508,20000,,
1142067,23,2026-12-13,1508,20000,,
1142067,23,2026-12-14,1508,20000,,
1142067,24,2026-10-17,1508,20000,,
1142067,24,2026-10-18,1508,20000,,
1142067,24,2026-10-19,1508,20000,,
1142067,24,2026-10-20,1508,20000,,
1142067,24,2026-10-21,1508,20000,,
1142067,24,2026-10-22,1508,20000,,
1142067,24,2026-10-23,1508,20000,,
1142067,24,2026-10-24,1508,20000,,
1142067,24,2026-10-26,1508,20000,,
1142067,24,2026-10-27,1508,20000,,
1142067,24,2026-10-28,1508,20000,,
1142067,24,2026-10-29,1508,20000,,
1142067,24,2026-10-30,1508,20000,,
1142067,24,2026-10-31,1508,20000,,
1142067,24,2026-11-01,1508,20000,,
1142067,24,2026-11-02,1508,20000,,
1142067,24,2026-11-03,1508,20000,,
1142067,24,2026-11-04,1508,20000,,
1142067,24,2026-11-05,1508,20000,,
1142067,24,2026-11-06,1508,20000,,
1142067,24,2026-11-07,1508,20000,,
1142067,24,2026-11-08,1508,20000,,
1142067,24,2026-11-09,1508,20000,,
1142067,24,2026-11-10,1508,20000,,
1142067,24,2026-11-11,1508,20000,,
1142067,24,2026-11-12,1508,20000,,
1142067,24,2026-11-13,1508,20000,,
1142067,24,2026-11-14,1508,20000,,
1142067,24,2026-11-15,1508,20000,,
1142067,24,2026-11-16,1508,20000,,
1142067,24,2026-11-17,1508,20000,,
1142067,24,2026-11-18,1508,20000,,
1142067,24,2026-11-19,1508,20000,,
1142067,24,2026-11-22,1508,20000,,
1142067,24,2026-11-23,1508,20000,,
1142067,24,2026-11-27,1508,20000,,
1142067,24,2026-11-28,1508,20000,,
1142067,24,2026-11-29,1508,20000,,
1142067,24,2026-11-30,1508,20000,,
1142067,24,2026-12-01,1508,20000,,
1142067,24,2026-12-07,1508,20000,,
1142067,24,2026-12-08,1508,20000,,
1142067,24,2026-12-09,1508,20000,,
1142067,24,2026-12-10,1508,20000,,
1142067,24,2026-12-13,1508,20000,,
1142067,24,2026-12-14,1508,20000,,
1143227,27,2026-09-22,2235,23600,,
1143227,27,2026-09-24,2227,23600,,
1143227,28,2026-09-22,2235,23600,,
1143227,28,2026-09-24,2227,23600,,
1147235,17,2026-09-16,1331,23600,,
1147235,18,2026-09-16,1331,23600,,
1147235,50,2026-09-16,1331,23600,,
1152305,15,2026-11-01,1665,23600,,
1152305,15,2026-11-02,1668,23600,,
1152305,15,2026-11-03,1665,23600,,
1152305,15,2026-11-19,1665,23600,,
1152305,17,2026-11-04,1922,23600,,
1152305,17,2026-11-04,1922,23600,,
1152305,17,2026-12-07,2109,23600,,
1152305,17,2026-12-07,2109,23600,,
1152305,17,2026-12-08,2109,23600,,
1152305,17,2026-12-08,2109,23600,,
1152305,17,2026-12-09,2109,23600,,
1152305,17,2026-12-09,2109,23600,,
1152305,17,2026-12-10,2109,23600,,
1152305,17,2026-12-10,2109,23600,,
1152305,17,2026-12-13,2109,23600,,
1152305,17,2026-12-13,2109,23600,,
1152305,17,2026-12-14,2109,23600,,
1152305,17,2026-12-14,2109,23600,,
1152305,18,2026-11-04,1922,23600,,
1152305,18,2026-11-04,1922,23600,,
1152305,18,2026-12-07,2109,23600,,
1152305,18,2026-12-07,2109,23600,,
1152305,18,2026-12-08,2109,23600,,
1152305,18,2026-12-08,2109,23600,,
1152305,18,2026-12-09,2109,23600,,
1152305,18,2026-12-09,2109,23600,,
1152305,18,2026-12-10,2109,23600,,
1152305,18,2026-12-10,2109,23600,,
1152305,18,2026-12-13,2109,23600,,
1152305,18,2026-12-13,2109,23600,,
1152305,18,2026-12-14,2109,23600,,
1152305,18,2026-12-14,2109,23600,,
1152305,19,2026-11-04,1991,23600,,
1152305,19,2026-11-04,1991,23600,,
1152305,20,2026-11-04,1991,23600,,
1152305,20,2026-11-04,1991,23600,,
1152305,21,2026-11-04,2129,23600,,
1152305,21,2026-11-04,2129,23600,,
1152305,22,2026-11-04,2129,23600,,
1152305,22,2026-11-04,2129,23600,,
1152305,23,2026-09-28,2331,23600,,
1152305,23,2026-09-28,2331,23600,,
1152305,23,2026-11-13,2264,23600,,
1152305,23,2026-11-13,2264,23600,,
1152305,24,2026-09-28,2331,23600,,
1152305,24,2026-09-28,2331,23600,,
1152305,24,2026-11-13,2264,23600,,
1152305,24,2026-11-13,2264,23600,,
1152305,27,2026-11-06,2576,23600,,
1152305,28,2026-11-06,2576,23600,,
1152305,39,2026-11-04,2129,23600,,
1152305,40,2026-09-28,2331,23600,,
1152305,40,2026-11-13,2264,23600,,
1152305,50,2026-11-04,1922,23600,,
1152305,50,2026-12-07,2109,23600,,
1152305,50,2026-12-08,2109,23600,,
1152305,50,2026-12-09,2109,23600,,
1152305,50,2026-12-10,2109,23600,,
1152305,50,2026-12-13,2109,23600,,
1152305,50,2026-12-14,2109,23600,,
1152305,83,2026-11-04,2129,23600,,
1154276,27,2026-11-07,3600,20000,,
1154276,27,2026-11-08,3600,20000,,
1154276,27,2026-11-09,3600,20000,,
1154276,27,2026-11-10,3600,20000,,
1154276,27,2026-11-11,3600,20000,,
1154276,27,2026-11-12,3600,20000,,
1154276,27,2026-11-13,3600,20000,,
1154276,27,2026-11-14,3600,20000,,
1154276,27,2026-11-15,3600,20000,,
1154276,27,2026-11-16,3600,20000,,
1154276,27,2026-11-17,3600,20000,,
1154276,27,2026-11-18,3600,20000,,
1154276,27,2026-11-19,3600,20000,,
1154276,27,2026-11-20,3600,20000,,
1154276,27,2026-11-21,3600,20000,,
1154276,27,2026-11-22,3600,20000,,
1154276,27,2026-11-23,3600,20000,,
1154276,27,2026-11-24,3600,20000,,
1154276,27,2026-11-25,3600,20000,,
1154276,27,2026-11-26,3600,20000,,
1154276,27,2026-11-27,3600,20000,,
1154276,27,2026-11-28,3600,20000,,
1154276,27,2026-11-29,3600,20000,,
1154276,27,2026-11-30,3600,20000,,
1154276,27,2026-12-01,3600,20000,,
1154276,27,2026-12-02,3600,20000,,
1154276,27,2026-12-03,3600,20000,,
1154276,27,2026-12-04,3600,20000,,
1154276,27,2026-12-05,3600,20000,,
1154276,27,2026-12-06,3600,20000,,
1154276,28,2026-11-07,3600,20000,,
1154276,28,2026-11-08,3600,20000,,
1154276,28,2026-11-09,3600,20000,,
1154276,28,2026-11-10,3600,20000,,
1154276,28,2026-11-11,3600,20000,,
1154276,28,2026-11-12,3600,20000,,
1154276,28,2026-11-13,3600,20000,,
1154276,28,2026-11-14,3600,20000,,
1154276,28,2026-11-15,3600,20000,,
1154276,28,2026-11-16,3600,20000,,
1154276,28,2026-11-17,3600,20000,,
1154276,28,2026-11-18,3600,20000,,
1154276,28,2026-11-19,3600,20000,,
1154276,28,2026-11-20,3600,20000,,
1154276,28,2026-11-21,3600,20000,,
1154276,28,2026-11-22,3600,20000,,
1154276,28,2026-11-23,3600,20000,,
1154276,28,2026-11-24,3600,20000,,
1154276,28,2026-11-25,3600,20000,,
1154276,28,2026-11-26,3600,20000,,
1154276,28,2026-11-27,3600,20000,,
1154276,28,2026-11-28,3600,20000,,
1154276,28,2026-11-29,3600,20000,,
1154276,28,2026-11-30,3600,20000,,
1154276,28,2026-12-01,3600,20000,,
1154276,28,2026-12-02,3600,20000,,
1154276,28,2026-12-03,3600,20000,,
1154276,28,2026-12-04,3600,20000,,
1154276,28,2026-12-05,3600,20000,,
1154276,28,2026-12-06,3600,20000,,
1164752,17,2026-09-19,1565,27848,,
1164752,17,2026-09-28,1891,27848,,
1164752,18,2026-09-19,1565,27848,,
1164752,18,2026-09-28,1891,27848,,
1164752,19,2026-09-19,1710,27848,,
1164752,20,2026-09-19,1710,27848,,
1164752,21,2026-09-19,1710,27848,,
1164752,22,2026-09-19,1710,27848,,
1164752,23,2026-09-16,1899,27848,,
1164752,24,2026-09-16,1899,27848,,
1164752,27,2026-09-15,2229,27848,,
1164752,27,2026-09-16,2244,27848,,
1164752,27,2026-09-21,2240,27848,,
1164752,28,2026-09-15,2229,27848,,
1164752,28,2026-09-16,2244,27848,,
1164752,28,2026-09-21,2240,27848,,
1164752,29,2026-09-15,2616,27848,,
1164752,29,2026-09-16,2630,27848,,
1164752,29,2026-09-21,2626,27848,,
1164752,30,2026-09-15,2616,27848,,
1164752,30,2026-09-16,2630,27848,,
1164752,30,2026-09-21,2626,27848,,
1164752,31,2026-09-15,2616,27848,,
1164752,31,2026-09-16,2630,27848,,
1164752,31,2026-09-21,2626,27848,,
1164752,32,2026-09-15,2754,27848,,
1164752,32,2026-09-16,2768,27848,,
1164752,32,2026-09-21,2764,27848,,
1164752,33,2026-09-15,2754,27848,,
1164752,33,2026-09-16,2768,27848,,
1164752,33,2026-09-21,2764,27848,,
1164752,34,2026-09-15,2754,27848,,
1164752,34,2026-09-16,2768,27848,,
1164752,34,2026-09-21,2764,27848,,
1164752,35,2026-09-15,3099,27848,,
1164752,35,2026-09-21,3109,27848,,
1164752,36,2026-09-15,3099,27848,,
1164752,36,2026-09-21,3109,27848,,
1164752,37,2026-09-15,3099,27848,,
1164752,37,2026-09-21,3109,27848,,
1164752,39,2026-09-19,1710,27848,,
1164752,40,2026-09-16,1899,27848,,
1164752,50,2026-09-19,1565,27848,,
1164752,50,2026-09-28,1891,27848,,
1164752,57,2026-09-15,2616,27848,,
1164752,57,2026-09-16,2630,27848,,
1164752,57,2026-09-21,2626,27848,,
1164752,58,2026-09-15,2754,27848,,
1164752,58,2026-09-16,2768,27848,,
1164752,58,2026-09-21,2764,27848,,
1164752,83,2026-09-19,1710,27848,,
1164752,89,2026-09-15,2616,27848,,
1164752,89,2026-09-16,2630,27848,,
1164752,89,2026-09-21,2626,27848,,
1165642,15,2026-10-06,1619,23600,,
1165642,15,2026-10-07,1619,23600,,
1165642,15,2026-10-08,1619,23600,,
1165642,15,2026-10-27,1619,23600,,
1165642,15,2026-10-28,1619,23600,,
1165642,15,2026-10-29,1619,23600,,
1165642,17,2026-10-06,1757,23600,,
1165642,17,2026-10-07,1757,23600,,
1165642,17,2026-10-08,1757,23600,,
1165642,17,2026-10-27,1757,23600,,
1165642,17,2026-10-28,1757,23600,,
1165642,17,2026-10-29,1757,23600,,
1165642,18,2026-10-06,1757,23600,,
1165642,18,2026-10-07,1757,23600,,
1165642,18,2026-10-08,1757,23600,,
1165642,18,2026-10-27,1757,23600,,
1165642,18,2026-10-28,1757,23600,,
1165642,18,2026-10-29,1757,23600,,
1165642,19,2026-10-06,1929,23600,,
1165642,19,2026-10-07,1929,23600,,
1165642,19,2026-10-08,1929,23600,,
1165642,19,2026-10-27,1929,23600,,
1165642,19,2026-10-28,1929,23600,,
1165642,19,2026-10-29,1929,23600,,
1165642,20,2026-10-06,1929,23600,,
1165642,20,2026-10-07,1929,23600,,
1165642,20,2026-10-08,1929,23600,,
1165642,20,2026-10-27,1929,23600,,
1165642,20,2026-10-28,1929,23600,,
1165642,20,2026-10-29,1929,23600,,
1165642,21,2026-10-06,2240,23600,,
1165642,21,2026-10-07,2240,23600,,
1165642,21,2026-10-08,2240,23600,,
1165642,21,2026-10-27,2240,23600,,
1165642,21,2026-10-28,2240,23600,,
1165642,21,2026-10-29,2240,23600,,
1165642,22,2026-10-06,2240,23600,,
1165642,22,2026-10-07,2240,23600,,
1165642,22,2026-10-08,2240,23600,,
1165642,22,2026-10-27,2240,23600,,
1165642,22,2026-10-28,2240,23600,,
1165642,22,2026-10-29,2240,23600,,
1165642,23,2026-10-06,2343,23600,,
1165642,23,2026-10-07,2343,23600,,
1165642,23,2026-10-08,2343,23600,,
1165642,23,2026-10-27,2343,23600,,
1165642,23,2026-10-28,2343,23600,,
1165642,23,2026-10-29,2343,23600,,
1165642,24,2026-10-06,2343,23600,,
1165642,24,2026-10-07,2343,23600,,
1165642,24,2026-10-08,2343,23600,,
1165642,24,2026-10-27,2343,23600,,
1165642,24,2026-10-28,2343,23600,,
1165642,24,2026-10-29,2343,23600,,
1165642,24179,2026-10-09,4034,23600,,
1165642,24179,2026-10-30,4034,23600,,
1165642,24179,2026-10-31,4034,23600,,
1165642,24179,2026-11-06,4034,23600,,
1165642,24179,2026-11-13,4034,23600,,
1165642,27,2026-10-06,2688,23600,,
1165642,27,2026-10-07,2688,23600,,
1165642,27,2026-10-08,2688,23600,,
1165642,27,2026-10-27,2688,23600,,
1165642,27,2026-10-28,2688,23600,,
1165642,27,2026-10-29,2688,23600,,
1165642,28,2026-10-06,2688,23600,,
1165642,28,2026-10-07,2688,23600,,
1165642,28,2026-10-08,2688,23600,,
1165642,28,2026-10-27,2688,23600,,
1165642,28,2026-10-28,2688,23600,,
1165642,28,2026-10-29,2688,23600,,
1165642,29,2026-10-09,4034,23600,,
1165642,29,2026-10-30,4034,23600,,
1165642,29,2026-10-31,4034,23600,,
1165642,29,2026-11-06,4034,23600,,
1165642,29,2026-11-13,4034,23600,,
1165642,30,2026-10-09,4034,23600,,
1165642,30,2026-10-30,4034,23600,,
1165642,30,2026-10-31,4034,23600,,
1165642,30,2026-11-06,4034,23600,,
1165642,30,2026-11-13,4034,23600,,
1165642,31,2026-10-09,4034,23600,,
1165642,31,2026-10-30,4034,23600,,
1165642,31,2026-10-31,4034,23600,,
1165642,31,2026-11-06,4034,23600,,
1165642,31,2026-11-13,4034,23600,,
1165642,32,2026-10-09,4137,23600,,
1165642,32,2026-10-30,4137,23600,,
1165642,32,2026-10-31,4137,23600,,
1165642,32,2026-11-06,4137,23600,,
1165642,32,2026-11-13,4137,23600,,
1165642,33,2026-10-09,4137,23600,,
1165642,33,2026-10-30,4137,23600,,
1165642,33,2026-10-31,4137,23600,,
1165642,33,2026-11-06,4137,23600,,
1165642,33,2026-11-13,4137,23600,,
1165642,34,2026-10-09,4137,23600,,
1165642,34,2026-10-30,4137,23600,,
1165642,34,2026-10-31,4137,23600,,
1165642,34,2026-11-06,4137,23600,,
1165642,34,2026-11-13,4137,23600,,
1165642,35,2026-10-09,4482,23600,,
1165642,35,2026-10-30,4482,23600,,
1165642,35,2026-10-31,4482,23600,,
1165642,35,2026-11-06,4482,23600,,
1165642,35,2026-11-13,4482,23600,,
1165642,36,2026-10-09,4482,23600,,
1165642,36,2026-10-30,4482,23600,,
1165642,36,2026-10-31,4482,23600,,
1165642,36,2026-11-06,4482,23600,,
1165642,36,2026-11-13,4482,23600,,
1165642,37,2026-10-09,4482,23600,,
1165642,37,2026-10-30,4482,23600,,
1165642,37,2026-10-31,4482,23600,,
1165642,37,2026-11-06,4482,23600,,
1165642,37,2026-11-13,4482,23600,,
1165642,38,2026-10-06,1619,23600,,
1165642,38,2026-10-07,1619,23600,,
1165642,38,2026-10-08,1619,23600,,
1165642,38,2026-10-27,1619,23600,,
1165642,38,2026-10-28,1619,23600,,
1165642,38,2026-10-29,1619,23600,,
1165642,39,2026-10-06,2240,23600,,
1165642,39,2026-10-07,2240,23600,,
1165642,39,2026-10-08,2240,23600,,
1165642,39,2026-10-27,2240,23600,,
1165642,39,2026-10-28,2240,23600,,
1165642,39,2026-10-29,2240,23600,,
1165642,40,2026-10-06,2343,23600,,
1165642,40,2026-10-07,2343,23600,,
1165642,40,2026-10-08,2343,23600,,
1165642,40,2026-10-27,2343,23600,,
1165642,40,2026-10-28,2343,23600,,
1165642,40,2026-10-29,2343,23600,,
1165642,42,2026-10-09,4827,23600,,
1165642,42,2026-10-30,4827,23600,,
1165642,42,2026-10-31,4827,23600,,
1165642,42,2026-11-06,4827,23600,,
1165642,42,2026-11-13,4827,23600,,
1165642,43,2026-10-09,4827,23600,,
1165642,43,2026-10-30,4827,23600,,
1165642,43,2026-10-31,4827,23600,,
1165642,43,2026-11-06,4827,23600,,
1165642,43,2026-11-13,4827,23600,,
1165642,44,2026-10-09,4827,23600,,
1165642,44,2026-10-30,4827,23600,,
1165642,44,2026-10-31,4827,23600,,
1165642,44,2026-11-06,4827,23600,,
1165642,44,2026-11-13,4827,23600,,
1165642,50,2026-10-06,1757,23600,,
1165642,50,2026-10-07,1757,23600,,
1165642,50,2026-10-08,1757,23600,,
1165642,50,2026-10-27,1757,23600,,
1165642,50,2026-10-28,1757,23600,,
1165642,50,2026-10-29,1757,23600,,
1165642,57,2026-10-09,4034,23600,,
1165642,57,2026-10-30,4034,23600,,
1165642,57,2026-10-31,4034,23600,,
1165642,57,2026-11-06,4034,23600,,
1165642,57,2026-11-13,4034,23600,,
1165642,58,2026-10-09,4137,23600,,
1165642,58,2026-10-30,4137,23600,,
1165642,58,2026-10-31,4137,23600,,
1165642,58,2026-11-06,4137,23600,,
1165642,58,2026-11-13,4137,23600,,
1165642,59,2026-10-09,4482,23600,,
1165642,59,2026-10-30,4482,23600,,
1165642,59,2026-10-31,4482,23600,,
1165642,59,2026-11-06,4482,23600,,
1165642,59,2026-11-13,4482,23600,,
1165642,83,2026-10-06,2240,23600,,
1165642,83,2026-10-07,2240,23600,,
1165642,83,2026-10-08,2240,23600,,
1165642,83,2026-10-27,2240,23600,,
1165642,83,2026-10-28,2240,23600,,
1165642,83,2026-10-29,2240,23600,,
1165642,89,2026-10-09,4034,23600,,
1165642,89,2026-10-30,4034,23600,,
1165642,89,2026-10-31,4034,23600,,
1165642,89,2026-11-06,4034,23600,,
1165642,89,2026-11-13,4034,23600,,
1165642,90,2026-10-09,4137,23600,,
1165642,90,2026-10-30,4137,23600,,
1165642,90,2026-10-31,4137,23600,,
1165642,90,2026-11-06,4137,23600,,
1165642,90,2026-11-13,4137,23600,,
1165811,17,2026-09-23,1300,23600,,
1165811,17,2026-10-06,1322,23600,,
1165811,17,2026-10-07,1322,23600,,
1165811,17,2026-10-08,1322,23600,,
1165811,18,2026-09-23,1300,23600,,
1165811,18,2026-10-06,1322,23600,,
1165811,18,2026-10-07,1322,23600,,
1165811,18,2026-10-08,1322,23600,,
1165811,19,2026-09-23,1369,23600,,
1165811,19,2026-10-06,1391,23600,,
1165811,19,2026-10-07,1391,23600,,
1165811,19,2026-10-08,1391,23600,,
1165811,20,2026-09-23,1369,23600,,
1165811,20,2026-10-06,1391,23600,,
1165811,20,2026-10-07,1391,23600,,
1165811,20,2026-10-08,1391,23600,,
1165811,50,2026-09-23,1300,23600,,
1165811,50,2026-10-06,1322,23600,,
1165811,50,2026-10-07,1322,23600,,
1165811,50,2026-10-08,1322,23600,,
1165837,15,2026-09-15,1317,23600,,
1165837,16,2026-09-15,1386,23600,,
1165837,17,2026-09-19,1751,23600,,
1165837,17,2026-10-06,1809,23600,,
1165837,17,2026-10-07,1809,23600,,
1165837,17,2026-10-08,1809,23600,,
1165837,17,2026-10-27,1809,23600,,
1165837,17,2026-10-28,1809,23600,,
1165837,17,2026-10-29,1809,23600,,
1165837,18,2026-09-19,1751,23600,,
1165837,18,2026-10-06,1809,23600,,
1165837,18,2026-10-07,1809,23600,,
1165837,18,2026-10-08,1809,23600,,
1165837,18,2026-10-27,1809,23600,,
1165837,18,2026-10-28,1809,23600,,
1165837,18,2026-10-29,1809,23600,,
1165837,25,2026-09-19,1751,23600,,
1165837,25,2026-10-01,2442,23600,,
1165837,25,2026-10-04,2442,23600,,
1165837,25,2026-10-05,2442,23600,,
1165837,25,2026-10-11,2442,23600,,
1165837,25,2026-10-12,2442,23600,,
1165837,25,2026-10-13,2442,23600,,
1165837,25,2026-10-14,2442,23600,,
1165837,25,2026-10-15,2442,23600,,
1165837,25,2026-10-18,2442,23600,,
1165837,25,2026-10-19,2442,23600,,
1165837,25,2026-10-20,2442,23600,,
1165837,25,2026-10-21,2442,23600,,
1165837,25,2026-10-22,2442,23600,,
1165837,25,2026-10-25,2442,23600,,
1165837,25,2026-10-26,2442,23600,,
1165837,26,2026-09-19,1751,23600,,
1165837,26,2026-10-01,2442,23600,,
1165837,26,2026-10-04,2442,23600,,
1165837,26,2026-10-05,2442,23600,,
1165837,26,2026-10-11,2442,23600,,
1165837,26,2026-10-12,2442,23600,,
1165837,26,2026-10-13,2442,23600,,
1165837,26,2026-10-14,2442,23600,,
1165837,26,2026-10-15,2442,23600,,
1165837,26,2026-10-18,2442,23600,,
1165837,26,2026-10-19,2442,23600,,
1165837,26,2026-10-20,2442,23600,,
1165837,26,2026-10-21,2442,23600,,
1165837,26,2026-10-22,2442,23600,,
1165837,26,2026-10-25,2442,23600,,
1165837,26,2026-10-26,2442,23600,,
1165837,38,2026-09-15,1317,23600,,
1165837,45,2026-09-19,2303,23600,,
1165837,46,2026-09-19,2303,23600,,
1165837,50,2026-09-19,1751,23600,,
1165837,50,2026-10-06,1809,23600,,
1165837,50,2026-10-07,1809,23600,,
1165837,50,2026-10-08,1809,23600,,
1165837,50,2026-10-27,1809,23600,,
1165837,50,2026-10-28,1809,23600,,
1165837,50,2026-10-29,1809,23600,,
1166076,17,2026-09-19,1727,23600,,
1166076,17,2026-09-22,1688,23600,,
1166076,17,2026-09-23,1677,23600,,
1166076,17,2026-09-24,1677,23600,,
1166076,17,2026-09-27,1677,23600,,
1166076,17,2026-09-28,1677,23600,,
1166076,17,2026-09-29,1677,23600,,
1166076,17,2026-09-30,1677,23600,,
1166076,18,2026-09-19,1727,23600,,
1166076,18,2026-09-22,1688,23600,,
1166076,18,2026-09-23,1677,23600,,
1166076,18,2026-09-24,1677,23600,,
1166076,18,2026-09-27,1677,23600,,
1166076,18,2026-09-28,1677,23600,,
1166076,18,2026-09-29,1677,23600,,
1166076,18,2026-09-30,1677,23600,,
1166076,19,2026-12-04,2198,23600,,
1166076,19,2026-12-05,2198,23600,,
1166076,20,2026-12-04,2198,23600,,
1166076,20,2026-12-05,2198,23600,,
1166076,21,2026-12-04,2301,23600,,
1166076,21,2026-12-05,2301,23600,,
1166076,21,2026-12-11,2295,23600,,
1166076,21,2026-12-12,2295,23600,,
1166076,22,2026-12-04,2301,23600,,
1166076,22,2026-12-05,2301,23600,,
1166076,22,2026-12-11,2295,23600,,
1166076,22,2026-12-12,2295,23600,,
1166076,23,2026-12-04,2439,23600,,
1166076,23,2026-12-05,2439,23600,,
1166076,23,2026-12-11,2433,23600,,
1166076,23,2026-12-12,2433,23600,,
1166076,24,2026-12-04,2439,23600,,
1166076,24,2026-12-05,2439,23600,,
1166076,24,2026-12-11,2433,23600,,
1166076,24,2026-12-12,2433,23600,,
1166076,27,2026-10-06,2471,23600,,
1166076,27,2026-10-07,2471,23600,,
1166076,27,2026-10-08,2471,23600,,
1166076,27,2026-10-27,2471,23600,,
1166076,27,2026-10-28,2471,23600,,
1166076,27,2026-10-29,2471,23600,,
1166076,27,2026-11-01,2530,23600,,
1166076,27,2026-11-02,2530,23600,,
1166076,27,2026-11-03,2530,23600,,
1166076,27,2026-11-04,2530,23600,,
1166076,27,2026-11-05,2530,23600,,
1166076,27,2026-11-12,2530,23600,,
1166076,28,2026-10-06,2471,23600,,
1166076,28,2026-10-07,2471,23600,,
1166076,28,2026-10-08,2471,23600,,
1166076,28,2026-10-27,2471,23600,,
1166076,28,2026-10-28,2471,23600,,
1166076,28,2026-10-29,2471,23600,,
1166076,28,2026-11-01,2530,23600,,
1166076,28,2026-11-02,2530,23600,,
1166076,28,2026-11-03,2530,23600,,
1166076,28,2026-11-04,2530,23600,,
1166076,28,2026-11-05,2530,23600,,
1166076,28,2026-11-12,2530,23600,,
1166076,29,2026-12-11,2571,23600,,
1166076,29,2026-12-12,2571,23600,,
1166076,30,2026-12-11,2571,23600,,
1166076,30,2026-12-12,2571,23600,,
1166076,31,2026-12-11,2571,23600,,
1166076,31,2026-12-12,2571,23600,,
1166076,32,2026-11-01,2461,23600,,
1166076,32,2026-11-02,2461,23600,,
1166076,32,2026-11-03,2461,23600,,
1166076,32,2026-11-04,2461,23600,,
1166076,32,2026-11-05,2461,23600,,
1166076,32,2026-11-12,2461,23600,,
1166076,33,2026-11-01,2461,23600,,
1166076,33,2026-11-02,2461,23600,,
1166076,33,2026-11-03,2461,23600,,
1166076,33,2026-11-04,2461,23600,,
1166076,33,2026-11-05,2461,23600,,
1166076,33,2026-11-12,2461,23600,,
1166076,34,2026-11-01,2461,23600,,
1166076,34,2026-11-02,2461,23600,,
1166076,34,2026-11-03,2461,23600,,
1166076,34,2026-11-04,2461,23600,,
1166076,34,2026-11-05,2461,23600,,
1166076,34,2026-11-12,2461,23600,,
1166076,35,2026-10-06,2747,23600,,
1166076,35,2026-10-07,2747,23600,,
1166076,35,2026-10-08,2747,23600,,
1166076,35,2026-10-27,2747,23600,,
1166076,35,2026-10-28,2747,23600,,
1166076,35,2026-10-29,2747,23600,,
1166076,35,2026-11-01,2806,23600,,
1166076,35,2026-11-02,2806,23600,,
1166076,35,2026-11-03,2806,23600,,
1166076,35,2026-11-04,2806,23600,,
1166076,35,2026-11-05,2806,23600,,
1166076,35,2026-11-06,2791,23600,,
1166076,35,2026-11-12,2806,23600,,
1166076,35,2026-11-13,2791,23600,,
1166076,35,2026-12-01,2894,23600,,
1166076,35,2026-12-07,2894,23600,,
1166076,35,2026-12-08,2894,23600,,
1166076,35,2026-12-09,2894,23600,,
1166076,35,2026-12-10,2894,23600,,
1166076,35,2026-12-13,2894,23600,,
1166076,35,2026-12-14,2894,23600,,
1166076,36,2026-10-06,2747,23600,,
1166076,36,2026-10-07,2747,23600,,
1166076,36,2026-10-08,2747,23600,,
1166076,36,2026-10-27,2747,23600,,
1166076,36,2026-10-28,2747,23600,,
1166076,36,2026-10-29,2747,23600,,
1166076,36,2026-11-01,2806,23600,,
1166076,36,2026-11-02,2806,23600,,
1166076,36,2026-11-03,2806,23600,,
1166076,36,2026-11-04,2806,23600,,
1166076,36,2026-11-05,2806,23600,,
1166076,36,2026-11-06,2791,23600,,
1166076,36,2026-11-12,2806,23600,,
1166076,36,2026-11-13,2791,23600,,
1166076,36,2026-12-01,2894,23600,,
1166076,36,2026-12-07,2894,23600,,
1166076,36,2026-12-08,2894,23600,,
1166076,36,2026-12-09,2894,23600,,
1166076,36,2026-12-10,2894,23600,,
1166076,36,2026-12-13,2894,23600,,
1166076,36,2026-12-14,2894,23600,,
1166076,39,2026-12-04,2301,23600,,
1166076,39,2026-12-05,2301,23600,,
1166076,39,2026-12-11,2295,23600,,
1166076,39,2026-12-12,2295,23600,,
1166076,40,2026-12-04,2439,23600,,
1166076,40,2026-12-05,2439,23600,,
1166076,40,2026-12-11,2433,23600,,
1166076,40,2026-12-12,2433,23600,,
1166076,50,2026-09-19,1727,23600,,
1166076,50,2026-09-22,1688,23600,,
1166076,50,2026-09-23,1677,23600,,
1166076,50,2026-09-24,1677,23600,,
1166076,50,2026-09-27,1677,23600,,
1166076,50,2026-09-28,1677,23600,,
1166076,50,2026-09-29,1677,23600,,
1166076,50,2026-09-30,1677,23600,,
1166076,57,2026-12-11,2571,23600,,
1166076,57,2026-12-12,2571,23600,,
1166076,83,2026-12-04,2301,23600,,
1166076,83,2026-12-05,2301,23600,,
1166076,83,2026-12-11,2295,23600,,
1166076,83,2026-12-12,2295,23600,,
1166122,21,2026-09-22,1962,23600,,
1166122,21,2026-09-23,1962,23600,,
1166122,21,2026-09-24,1962,23600,,
1166122,21,2026-09-27,1962,23600,,
1166122,21,2026-09-28,1962,23600,,
1166122,21,2026-09-30,1962,23600,,
1166122,21,2026-12-04,2321,23600,,
1166122,21,2026-12-05,2321,23600,,
1166122,21,2026-12-11,2321,23600,,
1166122,21,2026-12-12,2321,23600,,
1166122,22,2026-09-22,1962,23600,,
1166122,22,2026-09-23,1962,23600,,
1166122,22,2026-09-24,1962,23600,,
1166122,22,2026-09-27,1962,23600,,
1166122,22,2026-09-28,1962,23600,,
1166122,22,2026-09-30,1962,23600,,
1166122,22,2026-12-04,2321,23600,,
1166122,22,2026-12-05,2321,23600,,
1166122,22,2026-12-11,2321,23600,,
1166122,22,2026-12-12,2321,23600,,
1166122,23,2026-09-22,1962,23600,,
1166122,23,2026-09-23,1962,23600,,
1166122,23,2026-09-24,1962,23600,,
1166122,23,2026-09-27,1962,23600,,
1166122,23,2026-09-28,1962,23600,,
1166122,23,2026-09-30,1962,23600,,
1166122,23,2026-12-04,2321,23600,,
1166122,23,2026-12-05,2321,23600,,
1166122,23,2026-12-11,2321,23600,,
1166122,23,2026-12-12,2321,23600,,
1166122,24,2026-09-22,1962,23600,,
1166122,24,2026-09-23,1962,23600,,
1166122,24,2026-09-24,1962,23600,,
1166122,24,2026-09-27,1962,23600,,
1166122,24,2026-09-28,1962,23600,,
1166122,24,2026-09-30,1962,23600,,
1166122,24,2026-12-04,2321,23600,,
1166122,24,2026-12-05,2321,23600,,
1166122,24,2026-12-11,2321,23600,,
1166122,24,2026-12-12,2321,23600,,
1166122,27,2026-11-15,2560,23600,,
1166122,27,2026-11-16,2560,23600,,
1166122,27,2026-11-17,2560,23600,,
1166122,28,2026-11-15,2560,23600,,
1166122,28,2026-11-16,2560,23600,,
1166122,28,2026-11-17,2560,23600,,
1166122,29,2026-09-22,2354,23600,,
1166122,29,2026-09-23,2354,23600,,
1166122,29,2026-09-24,2354,23600,,
1166122,29,2026-09-27,2354,23600,,
1166122,29,2026-09-28,2354,23600,,
1166122,29,2026-09-30,2354,23600,,
1166122,30,2026-09-22,2354,23600,,
1166122,30,2026-09-23,2354,23600,,
1166122,30,2026-09-24,2354,23600,,
1166122,30,2026-09-27,2354,23600,,
1166122,30,2026-09-28,2354,23600,,
1166122,30,2026-09-30,2354,23600,,
1166122,31,2026-09-22,2354,23600,,
1166122,31,2026-09-23,2354,23600,,
1166122,31,2026-09-24,2354,23600,,
1166122,31,2026-09-27,2354,23600,,
1166122,31,2026-09-28,2354,23600,,
1166122,31,2026-09-30,2354,23600,,
1166122,32,2026-09-22,2354,23600,,
1166122,32,2026-09-23,2354,23600,,
1166122,32,2026-09-24,2354,23600,,
1166122,32,2026-09-27,2354,23600,,
1166122,32,2026-09-28,2354,23600,,
1166122,32,2026-09-30,2354,23600,,
1166122,33,2026-09-22,2354,23600,,
1166122,33,2026-09-23,2354,23600,,
1166122,33,2026-09-24,2354,23600,,
1166122,33,2026-09-27,2354,23600,,
1166122,33,2026-09-28,2354,23600,,
1166122,33,2026-09-30,2354,23600,,
1166122,34,2026-09-22,2354,23600,,
1166122,34,2026-09-23,2354,23600,,
1166122,34,2026-09-24,2354,23600,,
1166122,34,2026-09-27,2354,23600,,
1166122,34,2026-09-28,2354,23600,,
1166122,34,2026-09-30,2354,23600,,
1166122,35,2026-11-15,2953,23600,,
1166122,35,2026-11-16,2953,23600,,
1166122,35,2026-11-17,2953,23600,,
1166122,36,2026-11-15,2953,23600,,
1166122,36,2026-11-16,2953,23600,,
1166122,36,2026-11-17,2953,23600,,
1166122,39,2026-09-22,1962,23600,,
1166122,39,2026-09-23,1962,23600,,
1166122,39,2026-09-24,1962,23600,,
1166122,39,2026-09-27,1962,23600,,
1166122,39,2026-09-28,1962,23600,,
1166122,39,2026-09-30,1962,23600,,
1166122,39,2026-12-04,2321,23600,,
1166122,39,2026-12-05,2321,23600,,
1166122,39,2026-12-11,2321,23600,,
1166122,39,2026-12-12,2321,23600,,
1166122,40,2026-09-22,1962,23600,,
1166122,40,2026-09-23,1962,23600,,
1166122,40,2026-09-24,1962,23600,,
1166122,40,2026-09-27,1962,23600,,
1166122,40,2026-09-28,1962,23600,,
1166122,40,2026-09-30,1962,23600,,
1166122,40,2026-12-04,2321,23600,,
1166122,40,2026-12-05,2321,23600,,
1166122,40,2026-12-11,2321,23600,,
1166122,40,2026-12-12,2321,23600,,
1166122,57,2026-09-22,2354,23600,,
1166122,57,2026-09-23,2354,23600,,
1166122,57,2026-09-24,2354,23600,,
1166122,57,2026-09-27,2354,23600,,
1166122,57,2026-09-28,2354,23600,,
1166122,57,2026-09-30,2354,23600,,
1166122,83,2026-09-22,1962,23600,,
1166122,83,2026-09-23,1962,23600,,
1166122,83,2026-09-24,1962,23600,,
1166122,83,2026-09-27,1962,23600,,
1166122,83,2026-09-28,1962,23600,,
1166122,83,2026-09-30,1962,23600,,
1166122,83,2026-12-04,2321,23600,,
1166122,83,2026-12-05,2321,23600,,
1166122,83,2026-12-11,2321,23600,,
1166122,83,2026-12-12,2321,23600,,
1166971,17,2026-09-15,1371,23600,,
1166971,17,2026-09-16,1371,23600,,
1166971,17,2026-09-17,1371,23600,,
1166971,17,2026-09-20,1371,23600,,
1166971,17,2026-09-21,1371,23600,,
1166971,18,2026-09-15,1371,23600,,
1166971,18,2026-09-16,1371,23600,,
1166971,18,2026-09-17,1371,23600,,
1166971,18,2026-09-20,1371,23600,,
1166971,18,2026-09-21,1371,23600,,
1166971,19,2026-09-15,1509,23600,,
1166971,19,2026-09-16,1509,23600,,
1166971,19,2026-09-17,1509,23600,,
1166971,19,2026-09-20,1509,23600,,
1166971,19,2026-09-21,1509,23600,,
1166971,20,2026-09-15,1509,23600,,
1166971,20,2026-09-16,1509,23600,,
1166971,20,2026-09-17,1509,23600,,
1166971,20,2026-09-20,1509,23600,,
1166971,20,2026-09-21,1509,23600,,
1166971,21,2026-09-15,2337,23600,,
1166971,21,2026-09-16,2337,23600,,
1166971,21,2026-09-17,2337,23600,,
1166971,21,2026-09-20,2337,23600,,
1166971,21,2026-09-21,2337,23600,,
1166971,22,2026-09-15,2337,23600,,
1166971,22,2026-09-16,2337,23600,,
1166971,22,2026-09-17,2337,23600,,
1166971,22,2026-09-20,2337,23600,,
1166971,22,2026-09-21,2337,23600,,
1166971,23,2026-09-15,2579,23600,,
1166971,23,2026-09-16,2579,23600,,
1166971,23,2026-09-17,2579,23600,,
1166971,23,2026-09-20,2579,23600,,
1166971,23,2026-09-21,2579,23600,,
1166971,24,2026-09-15,2579,23600,,
1166971,24,2026-09-16,2579,23600,,
1166971,24,2026-09-17,2579,23600,,
1166971,24,2026-09-20,2579,23600,,
1166971,24,2026-09-21,2579,23600,,
1166971,27,2026-09-15,2924,23600,,
1166971,27,2026-09-16,2924,23600,,
1166971,27,2026-09-17,2924,23600,,
1166971,27,2026-09-20,2924,23600,,
1166971,27,2026-09-21,2924,23600,,
1166971,28,2026-09-15,2924,23600,,
1166971,28,2026-09-16,2924,23600,,
1166971,28,2026-09-17,2924,23600,,
1166971,28,2026-09-20,2924,23600,,
1166971,28,2026-09-21,2924,23600,,
1166971,39,2026-09-15,2337,23600,,
1166971,39,2026-09-16,2337,23600,,
1166971,39,2026-09-17,2337,23600,,
1166971,39,2026-09-20,2337,23600,,
1166971,39,2026-09-21,2337,23600,,
1166971,40,2026-09-15,2579,23600,,
1166971,40,2026-09-16,2579,23600,,
1166971,40,2026-09-17,2579,23600,,
1166971,40,2026-09-20,2579,23600,,
1166971,40,2026-09-21,2579,23600,,
1166971,50,2026-09-15,1371,23600,,
1166971,50,2026-09-16,1371,23600,,
1166971,50,2026-09-17,1371,23600,,
1166971,50,2026-09-20,1371,23600,,
1166971,50,2026-09-21,1371,23600,,
1166971,83,2026-09-15,2337,23600,,
1166971,83,2026-09-16,2337,23600,,
1166971,83,2026-09-17,2337,23600,,
1166971,83,2026-09-20,2337,23600,,
1166971,83,2026-09-21,2337,23600,,
1168316,35,2026-09-16,2985,23600,,
1168316,35,2026-09-25,2983,23600,,
1168316,35,2026-10-09,3006,23600,,
1168316,36,2026-09-16,2985,23600,,
1168316,36,2026-09-25,2983,23600,,
1168316,36,2026-10-09,3006,23600,,
1168384,25,2026-11-08,1664,23600,,
1168384,25,2026-11-09,1664,23600,,
1168384,25,2026-11-11,1664,23600,,
1168384,26,2026-11-08,1664,23600,,
1168384,26,2026-11-09,1664,23600,,
1168384,26,2026-11-11,1664,23600,,
1169924,19,2026-11-24,1968,23600,,
1169924,19,2026-11-25,1968,23600,,
1169924,19,2026-11-26,1968,23600,,
1169924,20,2026-11-24,1968,23600,,
1169924,20,2026-11-25,1968,23600,,
1169924,20,2026-11-26,1968,23600,,
1171648,21,2026-09-15,2076,23600,,
1171648,21,2026-09-16,2076,23600,,
1171648,21,2026-09-17,2076,23600,,
1171648,21,2026-09-18,2076,23600,,
1171648,22,2026-09-15,2076,23600,,
1171648,22,2026-09-16,2076,23600,,
1171648,22,2026-09-17,2076,23600,,
1171648,22,2026-09-18,2076,23600,,
1171648,23,2026-09-15,2145,23600,,
1171648,23,2026-09-16,2145,23600,,
1171648,23,2026-09-17,2145,23600,,
1171648,23,2026-09-18,2145,23600,,
1171648,24,2026-09-15,2145,23600,,
1171648,24,2026-09-16,2145,23600,,
1171648,24,2026-09-17,2145,23600,,
1171648,24,2026-09-18,2145,23600,,
1171648,39,2026-09-15,2076,23600,,
1171648,39,2026-09-16,2076,23600,,
1171648,39,2026-09-17,2076,23600,,
1171648,39,2026-09-18,2076,23600,,
1174848,29,2026-09-25,1901,23600,,
1174848,29,2026-10-09,1899,23600,,
1174848,30,2026-09-25,1901,23600,,
1174848,30,2026-10-09,1899,23600,,
1174848,31,2026-09-25,1901,23600,,
1174848,31,2026-10-09,1899,23600,,
1174848,32,2026-09-25,1901,23600,,
1174848,32,2026-10-09,1899,23600,,
1174848,33,2026-09-25,1901,23600,,
1174848,33,2026-10-09,1899,23600,,
1174848,34,2026-09-25,1901,23600,,
1174848,34,2026-10-09,1899,23600,,
1174848,35,2026-09-15,2109,23600,,
1174848,35,2026-09-16,2109,23600,,
1174848,35,2026-09-17,2109,23600,,
1174848,35,2026-09-26,2300,23600,,
1174848,36,2026-09-15,2109,23600,,
1174848,36,2026-09-16,2109,23600,,
1174848,36,2026-09-17,2109,23600,,
1174848,36,2026-09-26,2300,23600,,
1174848,57,2026-09-25,1901,23600,,
1174848,57,2026-10-09,1899,23600,,
1176148,15,2026-09-19,1006,23600,,
1176148,15,2026-09-21,915,23600,,
1176148,15,2026-10-27,1003,23600,,
1176148,15,2026-10-28,1003,23600,,
1176148,15,2026-10-29,1003,23600,,
1176148,15,2026-12-02,1362,23600,,
1176148,15,2026-12-03,1362,23600,,
1176148,15,2026-12-06,1362,23600,,
1176148,16,2026-09-19,1006,23600,,
1176148,16,2026-09-21,915,23600,,
1176148,16,2026-10-27,1003,23600,,
1176148,16,2026-10-28,1003,23600,,
1176148,16,2026-10-29,1003,23600,,
1176148,16,2026-12-02,1362,23600,,
1176148,16,2026-12-03,1362,23600,,
1176148,16,2026-12-06,1362,23600,,
1176148,17,2026-09-21,1053,23600,,
1176148,17,2026-09-25,1257,23600,,
1176148,17,2026-09-26,1257,23600,,
1176148,17,2026-10-09,1257,23600,,
1176148,17,2026-10-27,1141,23600,,
1176148,17,2026-10-28,1141,23600,,
1176148,17,2026-10-29,1141,23600,,
1176148,18,2026-09-21,1053,23600,,
1176148,18,2026-09-25,1257,23600,,
1176148,18,2026-09-26,1257,23600,,
1176148,18,2026-10-09,1257,23600,,
1176148,18,2026-10-27,1141,23600,,
1176148,18,2026-10-28,1141,23600,,
1176148,18,2026-10-29,1141,23600,,
1176148,19,2026-09-21,1053,23600,,
1176148,19,2026-09-25,1257,23600,,
1176148,19,2026-09-26,1257,23600,,
1176148,19,2026-10-09,1257,23600,,
1176148,19,2026-10-27,1141,23600,,
1176148,19,2026-10-28,1141,23600,,
1176148,19,2026-10-29,1141,23600,,
1176148,20,2026-09-21,1053,23600,,
1176148,20,2026-09-25,1257,23600,,
1176148,20,2026-09-26,1257,23600,,
1176148,20,2026-10-09,1257,23600,,
1176148,20,2026-10-27,1141,23600,,
1176148,20,2026-10-28,1141,23600,,
1176148,20,2026-10-29,1141,23600,,
1176148,21,2026-11-01,1447,23600,,
1176148,21,2026-11-02,1447,23600,,
1176148,21,2026-11-03,1447,23600,,
1176148,21,2026-11-04,1447,23600,,
1176148,21,2026-11-05,1447,23600,,
1176148,21,2026-12-04,1941,23600,,
1176148,21,2026-12-05,1941,23600,,
1176148,21,2026-12-11,1941,23600,,
1176148,21,2026-12-12,1941,23600,,
1176148,22,2026-11-01,1447,23600,,
1176148,22,2026-11-02,1447,23600,,
1176148,22,2026-11-03,1447,23600,,
1176148,22,2026-11-04,1447,23600,,
1176148,22,2026-11-05,1447,23600,,
1176148,22,2026-12-04,1941,23600,,
1176148,22,2026-12-05,1941,23600,,
1176148,22,2026-12-11,1941,23600,,
1176148,22,2026-12-12,1941,23600,,
1176148,23,2026-11-01,1447,23600,,
1176148,23,2026-11-02,1447,23600,,
1176148,23,2026-11-03,1447,23600,,
1176148,23,2026-11-04,1447,23600,,
1176148,23,2026-11-05,1447,23600,,
1176148,23,2026-12-04,1941,23600,,
1176148,23,2026-12-05,1941,23600,,
1176148,23,2026-12-11,1941,23600,,
1176148,23,2026-12-12,1941,23600,,
1176148,24,2026-11-01,1447,23600,,
1176148,24,2026-11-02,1447,23600,,
1176148,24,2026-11-03,1447,23600,,
1176148,24,2026-11-04,1447,23600,,
1176148,24,2026-11-05,1447,23600,,
1176148,24,2026-12-04,1941,23600,,
1176148,24,2026-12-05,1941,23600,,
1176148,24,2026-12-11,1941,23600,,
1176148,24,2026-12-12,1941,23600,,
1176148,25,2026-09-16,1467,23600,,
1176148,25,2026-11-06,1704,23600,,
1176148,25,2026-11-13,1704,23600,,
1176148,26,2026-09-16,1467,23600,,
1176148,26,2026-11-06,1704,23600,,
1176148,26,2026-11-13,1704,23600,,
1176148,27,2026-09-16,1812,23600,,
1176148,27,2026-10-06,1964,23600,,
1176148,27,2026-10-07,1964,23600,,
1176148,27,2026-10-08,1964,23600,,
1176148,27,2026-10-30,1950,23600,,
1176148,27,2026-10-31,1950,23600,,
1176148,28,2026-09-16,1812,23600,,
1176148,28,2026-10-06,1964,23600,,
1176148,28,2026-10-07,1964,23600,,
1176148,28,2026-10-08,1964,23600,,
1176148,28,2026-10-30,1950,23600,,
1176148,28,2026-10-31,1950,23600,,
1176148,29,2026-09-16,1398,23600,,
1176148,29,2026-11-01,1585,23600,,
1176148,29,2026-11-02,1585,23600,,
1176148,29,2026-11-03,1585,23600,,
1176148,29,2026-11-04,1585,23600,,
1176148,29,2026-11-05,1585,23600,,
1176148,29,2026-11-12,1585,23600,,
1176148,29,2026-12-04,2079,23600,,
1176148,29,2026-12-05,2079,23600,,
1176148,29,2026-12-11,2079,23600,,
1176148,29,2026-12-12,2079,23600,,
1176148,30,2026-09-16,1398,23600,,
1176148,30,2026-11-01,1585,23600,,
1176148,30,2026-11-02,1585,23600,,
1176148,30,2026-11-03,1585,23600,,
1176148,30,2026-11-04,1585,23600,,
1176148,30,2026-11-05,1585,23600,,
1176148,30,2026-11-12,1585,23600,,
1176148,30,2026-12-04,2079,23600,,
1176148,30,2026-12-05,2079,23600,,
1176148,30,2026-12-11,2079,23600,,
1176148,30,2026-12-12,2079,23600,,
1176148,31,2026-09-16,1398,23600,,
1176148,31,2026-11-01,1585,23600,,
1176148,31,2026-11-02,1585,23600,,
1176148,31,2026-11-03,1585,23600,,
1176148,31,2026-11-04,1585,23600,,
1176148,31,2026-11-05,1585,23600,,
1176148,31,2026-11-12,1585,23600,,
1176148,31,2026-12-04,2079,23600,,
1176148,31,2026-12-05,2079,23600,,
1176148,31,2026-12-11,2079,23600,,
1176148,31,2026-12-12,2079,23600,,
1176148,32,2026-09-16,1398,23600,,
1176148,32,2026-11-01,1585,23600,,
1176148,32,2026-11-02,1585,23600,,
1176148,32,2026-11-03,1585,23600,,
1176148,32,2026-11-04,1585,23600,,
1176148,32,2026-11-05,1585,23600,,
1176148,32,2026-11-12,1585,23600,,
1176148,32,2026-12-04,2079,23600,,
1176148,32,2026-12-05,2079,23600,,
1176148,32,2026-12-11,2079,23600,,
1176148,32,2026-12-12,2079,23600,,
1176148,33,2026-09-16,1398,23600,,
1176148,33,2026-11-01,1585,23600,,
1176148,33,2026-11-02,1585,23600,,
1176148,33,2026-11-03,1585,23600,,
1176148,33,2026-11-04,1585,23600,,
1176148,33,2026-11-05,1585,23600,,
1176148,33,2026-11-12,1585,23600,,
1176148,33,2026-12-04,2079,23600,,
1176148,33,2026-12-05,2079,23600,,
1176148,33,2026-12-11,2079,23600,,
1176148,33,2026-12-12,2079,23600,,
1176148,34,2026-09-16,1398,23600,,
1176148,34,2026-11-01,1585,23600,,
1176148,34,2026-11-02,1585,23600,,
1176148,34,2026-11-03,1585,23600,,
1176148,34,2026-11-04,1585,23600,,
1176148,34,2026-11-05,1585,23600,,
1176148,34,2026-11-12,1585,23600,,
1176148,34,2026-12-04,2079,23600,,
1176148,34,2026-12-05,2079,23600,,
1176148,34,2026-12-11,2079,23600,,
1176148,34,2026-12-12,2079,23600,,
1176148,35,2026-10-30,2226,23600,,
1176148,35,2026-10-31,2226,23600,,
1176148,35,2026-11-18,2207,23600,,
1176148,35,2026-11-19,2207,23600,,
1176148,35,2026-11-22,2207,23600,,
1176148,35,2026-11-23,2207,23600,,
1176148,35,2026-11-29,2207,23600,,
1176148,35,2026-11-30,2207,23600,,
1176148,36,2026-10-30,2226,23600,,
1176148,36,2026-10-31,2226,23600,,
1176148,36,2026-11-18,2207,23600,,
1176148,36,2026-11-19,2207,23600,,
1176148,36,2026-11-22,2207,23600,,
1176148,36,2026-11-23,2207,23600,,
1176148,36,2026-11-29,2207,23600,,
1176148,36,2026-11-30,2207,23600,,
1176148,38,2026-09-19,1006,23600,,
1176148,38,2026-09-21,915,23600,,
1176148,38,2026-10-27,1003,23600,,
1176148,38,2026-10-28,1003,23600,,
1176148,38,2026-10-29,1003,23600,,
1176148,38,2026-12-02,1362,23600,,
1176148,38,2026-12-03,1362,23600,,
1176148,38,2026-12-06,1362,23600,,
1176148,39,2026-11-01,1447,23600,,
1176148,39,2026-11-02,1447,23600,,
1176148,39,2026-11-03,1447,23600,,
1176148,39,2026-11-04,1447,23600,,
1176148,39,2026-11-05,1447,23600,,
1176148,39,2026-12-04,1941,23600,,
1176148,39,2026-12-05,1941,23600,,
1176148,39,2026-12-11,1941,23600,,
1176148,39,2026-12-12,1941,23600,,
1176148,40,2026-11-01,1447,23600,,
1176148,40,2026-11-02,1447,23600,,
1176148,40,2026-11-03,1447,23600,,
1176148,40,2026-11-04,1447,23600,,
1176148,40,2026-11-05,1447,23600,,
1176148,40,2026-12-04,1941,23600,,
1176148,40,2026-12-05,1941,23600,,
1176148,40,2026-12-11,1941,23600,,
1176148,40,2026-12-12,1941,23600,,
1176148,50,2026-09-21,1053,23600,,
1176148,50,2026-09-25,1257,23600,,
1176148,50,2026-09-26,1257,23600,,
1176148,50,2026-10-09,1257,23600,,
1176148,50,2026-10-27,1141,23600,,
1176148,50,2026-10-28,1141,23600,,
1176148,50,2026-10-29,1141,23600,,
1176148,52,2026-09-19,1006,23600,,
1176148,52,2026-09-21,915,23600,,
1176148,52,2026-10-27,1003,23600,,
1176148,52,2026-10-28,1003,23600,,
1176148,52,2026-10-29,1003,23600,,
1176148,52,2026-12-02,1362,23600,,
1176148,52,2026-12-03,1362,23600,,
1176148,52,2026-12-06,1362,23600,,
1176148,57,2026-09-16,1398,23600,,
1176148,57,2026-11-01,1585,23600,,
1176148,57,2026-11-02,1585,23600,,
1176148,57,2026-11-03,1585,23600,,
1176148,57,2026-11-04,1585,23600,,
1176148,57,2026-11-05,1585,23600,,
1176148,57,2026-11-12,1585,23600,,
1176148,57,2026-12-04,2079,23600,,
1176148,57,2026-12-05,2079,23600,,
1176148,57,2026-12-11,2079,23600,,
1176148,57,2026-12-12,2079,23600,,
1176148,76,2026-09-19,1006,23600,,
1176148,76,2026-09-21,915,23600,,
1176148,76,2026-10-27,1003,23600,,
1176148,76,2026-10-28,1003,23600,,
1176148,76,2026-10-29,1003,23600,,
1176148,76,2026-12-02,1362,23600,,
1176148,76,2026-12-03,1362,23600,,
1176148,76,2026-12-06,1362,23600,,
1176148,83,2026-11-01,1447,23600,,
1176148,83,2026-11-02,1447,23600,,
1176148,83,2026-11-03,1447,23600,,
1176148,83,2026-11-04,1447,23600,,
1176148,83,2026-11-05,1447,23600,,
1176148,83,2026-12-04,1941,23600,,
1176148,83,2026-12-05,1941,23600,,
1176148,83,2026-12-11,1941,23600,,
1176148,83,2026-12-12,1941,23600,,
1182758,17,2026-09-15,1489,23600,,
1182758,18,2026-09-15,1489,23600,,
1182758,19,2026-09-15,1489,23600,,
1182758,20,2026-09-15,1489,23600,,
1182758,50,2026-09-15,1489,23600,,
1184622,17,2026-09-21,1530,23600,,
1184622,17,2026-09-22,1530,23600,,
1184622,17,2026-09-23,1530,23600,,
1184622,17,2026-09-24,1530,23600,,
1184622,18,2026-09-21,1530,23600,,
1184622,18,2026-09-22,1530,23600,,
1184622,18,2026-09-23,1530,23600,,
1184622,18,2026-09-24,1530,23600,,
1184622,19,2026-09-21,1530,23600,,
1184622,19,2026-09-22,1530,23600,,
1184622,19,2026-09-23,1530,23600,,
1184622,19,2026-09-24,1530,23600,,
1184622,20,2026-09-21,1530,23600,,
1184622,20,2026-09-22,1530,23600,,
1184622,20,2026-09-23,1530,23600,,
1184622,20,2026-09-24,1530,23600,,
1184622,50,2026-09-21,1530,23600,,
1184622,50,2026-09-22,1530,23600,,
1184622,50,2026-09-23,1530,23600,,
1184622,50,2026-09-24,1530,23600,,
1191684,17,2026-09-17,1611,20000,,
1191684,18,2026-09-17,1611,20000,,
1191684,19,2026-09-17,1680,20000,,
1191684,20,2026-09-17,1680,20000,,
1191684,24179,2026-09-20,2614,20000,,
1191684,24179,2026-09-21,2614,20000,,
1191684,29,2026-09-20,2614,20000,,
1191684,29,2026-09-21,2614,20000,,
1191684,30,2026-09-20,2614,20000,,
1191684,30,2026-09-21,2614,20000,,
1191684,31,2026-09-20,2614,20000,,
1191684,31,2026-09-21,2614,20000,,
1191684,32,2026-09-20,2614,20000,,
1191684,32,2026-09-21,2614,20000,,
1191684,33,2026-09-20,2614,20000,,
1191684,33,2026-09-21,2614,20000,,
1191684,34,2026-09-20,2614,20000,,
1191684,34,2026-09-21,2614,20000,,
1191684,42,2026-09-18,3580,20000,,
1191684,43,2026-09-18,3580,20000,,
1191684,44,2026-09-18,3580,20000,,
1191684,50,2026-09-17,1611,20000,,
1191684,57,2026-09-20,2614,20000,,
1191684,57,2026-09-21,2614,20000,,
1191684,58,2026-09-20,2614,20000,,
1191684,58,2026-09-21,2614,20000,,
1191684,89,2026-09-20,2614,20000,,
1191684,89,2026-09-21,2614,20000,,
1191684,90,2026-09-20,2614,20000,,
1191684,90,2026-09-21,2614,20000,,
1197734,17,2026-09-16,2277,23600,,
1197734,17,2026-09-17,2277,23600,,
1197734,17,2026-09-21,2277,23600,,
1197734,17,2026-09-22,2300,23600,,
1197734,17,2026-11-22,2397,23600,,
1197734,18,2026-09-16,2277,23600,,
1197734,18,2026-09-17,2277,23600,,
1197734,18,2026-09-21,2277,23600,,
1197734,18,2026-09-22,2300,23600,,
1197734,18,2026-11-22,2397,23600,,
1197734,19,2026-09-16,2277,23600,,
1197734,19,2026-09-17,2277,23600,,
1197734,19,2026-09-21,2277,23600,,
1197734,19,2026-09-22,2300,23600,,
1197734,19,2026-11-22,2397,23600,,
1197734,20,2026-09-16,2277,23600,,
1197734,20,2026-09-17,2277,23600,,
1197734,20,2026-09-21,2277,23600,,
1197734,20,2026-09-22,2300,23600,,
1197734,20,2026-11-22,2397,23600,,
1197734,21,2026-09-16,4307,23600,,
1197734,21,2026-09-17,4307,23600,,
1197734,21,2026-09-21,4307,23600,,
1197734,21,2026-09-30,4282,23600,,
1197734,22,2026-09-16,4307,23600,,
1197734,22,2026-09-17,4307,23600,,
1197734,22,2026-09-21,4307,23600,,
1197734,22,2026-09-30,4282,23600,,
1197734,23,2026-09-16,4307,23600,,
1197734,23,2026-09-17,4307,23600,,
1197734,23,2026-09-21,4307,23600,,
1197734,23,2026-09-30,4282,23600,,
1197734,24,2026-09-16,4307,23600,,
1197734,24,2026-09-17,4307,23600,,
1197734,24,2026-09-21,4307,23600,,
1197734,24,2026-09-30,4282,23600,,
1197734,27,2026-09-16,4859,23600,,
1197734,27,2026-09-17,4859,23600,,
1197734,27,2026-09-20,4813,23600,,
1197734,27,2026-09-21,4859,23600,,
1197734,27,2026-09-30,4834,23600,,
1197734,28,2026-09-16,4859,23600,,
1197734,28,2026-09-17,4859,23600,,
1197734,28,2026-09-20,4813,23600,,
1197734,28,2026-09-21,4859,23600,,
1197734,28,2026-09-30,4834,23600,,
1197734,29,2026-09-16,5273,23600,,
1197734,29,2026-09-17,5273,23600,,
1197734,29,2026-09-20,5227,23600,,
1197734,29,2026-09-21,5273,23600,,
1197734,29,2026-09-30,5248,23600,,
1197734,30,2026-09-16,5273,23600,,
1197734,30,2026-09-17,5273,23600,,
1197734,30,2026-09-20,5227,23600,,
1197734,30,2026-09-21,5273,23600,,
1197734,30,2026-09-30,5248,23600,,
1197734,31,2026-09-16,5273,23600,,
1197734,31,2026-09-17,5273,23600,,
1197734,31,2026-09-20,5227,23600,,
1197734,31,2026-09-21,5273,23600,,
1197734,31,2026-09-30,5248,23600,,
1197734,32,2026-09-16,5273,23600,,
1197734,32,2026-09-17,5273,23600,,
1197734,32,2026-09-20,5227,23600,,
1197734,32,2026-09-21,5273,23600,,
1197734,32,2026-09-30,5248,23600,,
1197734,33,2026-09-16,5273,23600,,
1197734,33,2026-09-17,5273,23600,,
1197734,33,2026-09-20,5227,23600,,
1197734,33,2026-09-21,5273,23600,,
1197734,33,2026-09-30,5248,23600,,
1197734,34,2026-09-16,5273,23600,,
1197734,34,2026-09-17,5273,23600,,
1197734,34,2026-09-20,5227,23600,,
1197734,34,2026-09-21,5273,23600,,
1197734,34,2026-09-30,5248,23600,,
1197734,35,2026-09-16,5963,23600,,
1197734,35,2026-09-17,5963,23600,,
1197734,35,2026-09-20,5917,23600,,
1197734,35,2026-09-21,5963,23600,,
1197734,35,2026-09-23,5894,23600,,
1197734,35,2026-09-30,5938,23600,,
1197734,36,2026-09-16,5963,23600,,
1197734,36,2026-09-17,5963,23600,,
1197734,36,2026-09-20,5917,23600,,
1197734,36,2026-09-21,5963,23600,,
1197734,36,2026-09-23,5894,23600,,
1197734,36,2026-09-30,5938,23600,,
1197734,37,2026-09-16,5963,23600,,
1197734,37,2026-09-17,5963,23600,,
1197734,37,2026-09-20,5917,23600,,
1197734,37,2026-09-21,5963,23600,,
1197734,37,2026-09-23,5894,23600,,
1197734,37,2026-09-30,5938,23600,,
1197734,39,2026-09-16,4307,23600,,
1197734,39,2026-09-17,4307,23600,,
1197734,39,2026-09-21,4307,23600,,
1197734,39,2026-09-30,4282,23600,,
1197734,40,2026-09-16,4307,23600,,
1197734,40,2026-09-17,4307,23600,,
1197734,40,2026-09-21,4307,23600,,
1197734,40,2026-09-30,4282,23600,,
1197734,50,2026-09-16,2277,23600,,
1197734,50,2026-09-17,2277,23600,,
1197734,50,2026-09-21,2277,23600,,
1197734,50,2026-09-22,2300,23600,,
1197734,50,2026-11-22,2397,23600,,
1197734,57,2026-09-16,5273,23600,,
1197734,57,2026-09-17,5273,23600,,
1197734,57,2026-09-20,5227,23600,,
1197734,57,2026-09-21,5273,23600,,
1197734,57,2026-09-30,5248,23600,,
1197734,58,2026-09-16,5273,23600,,
1197734,58,2026-09-17,5273,23600,,
1197734,58,2026-09-20,5227,23600,,
1197734,58,2026-09-21,5273,23600,,
1197734,58,2026-09-30,5248,23600,,
1197734,83,2026-09-16,4307,23600,,
1197734,83,2026-09-17,4307,23600,,
1197734,83,2026-09-21,4307,23600,,
1197734,83,2026-09-30,4282,23600,,
1197734,89,2026-09-16,5273,23600,,
1197734,89,2026-09-17,5273,23600,,
1197734,89,2026-09-20,5227,23600,,
1197734,89,2026-09-21,5273,23600,,
1197734,89,2026-09-30,5248,23600,,
1203621,17,2026-09-21,1629,23600,,
1203621,17,2026-10-30,1750,23600,,
1203621,17,2026-11-01,1709,23600,,
1203621,17,2026-11-02,1709,23600,,
1203621,17,2026-11-03,1709,23600,,
1203621,17,2026-11-04,1709,23600,,
1203621,17,2026-11-05,1709,23600,,
1203621,17,2026-11-06,1833,23600,,
1203621,17,2026-11-12,1709,23600,,
1203621,17,2026-11-13,1833,23600,,
1203621,17,2026-11-18,1695,23600,,
1203621,17,2026-11-19,1695,23600,,
1203621,17,2026-11-22,1695,23600,,
1203621,17,2026-11-23,1695,23600,,
1203621,18,2026-09-21,1629,23600,,
1203621,18,2026-10-30,1750,23600,,
1203621,18,2026-11-01,1709,23600,,
1203621,18,2026-11-02,1709,23600,,
1203621,18,2026-11-03,1709,23600,,
1203621,18,2026-11-04,1709,23600,,
1203621,18,2026-11-05,1709,23600,,
1203621,18,2026-11-06,1833,23600,,
1203621,18,2026-11-12,1709,23600,,
1203621,18,2026-11-13,1833,23600,,
1203621,18,2026-11-18,1695,23600,,
1203621,18,2026-11-19,1695,23600,,
1203621,18,2026-11-22,1695,23600,,
1203621,18,2026-11-23,1695,23600,,
1203621,19,2026-09-21,1629,23600,,
1203621,19,2026-10-30,1750,23600,,
1203621,19,2026-11-01,1709,23600,,
1203621,19,2026-11-02,1709,23600,,
1203621,19,2026-11-03,1709,23600,,
1203621,19,2026-11-04,1709,23600,,
1203621,19,2026-11-05,1709,23600,,
1203621,19,2026-11-06,1833,23600,,
1203621,19,2026-11-12,1709,23600,,
1203621,19,2026-11-13,1833,23600,,
1203621,19,2026-11-18,1695,23600,,
1203621,19,2026-11-19,1695,23600,,
1203621,19,2026-11-22,1695,23600,,
1203621,19,2026-11-23,1695,23600,,
1203621,20,2026-09-21,1629,23600,,
1203621,20,2026-10-30,1750,23600,,
1203621,20,2026-11-01,1709,23600,,
1203621,20,2026-11-02,1709,23600,,
1203621,20,2026-11-03,1709,23600,,
1203621,20,2026-11-04,1709,23600,,
1203621,20,2026-11-05,1709,23600,,
1203621,20,2026-11-06,1833,23600,,
1203621,20,2026-11-12,1709,23600,,
1203621,20,2026-11-13,1833,23600,,
1203621,20,2026-11-18,1695,23600,,
1203621,20,2026-11-19,1695,23600,,
1203621,20,2026-11-22,1695,23600,,
1203621,20,2026-11-23,1695,23600,,
1203621,27,2026-09-21,1974,23600,,
1203621,28,2026-09-21,1974,23600,,
1203621,50,2026-09-21,1629,23600,,
1203621,50,2026-10-30,1750,23600,,
1203621,50,2026-11-01,1709,23600,,
1203621,50,2026-11-02,1709,23600,,
1203621,50,2026-11-03,1709,23600,,
1203621,50,2026-11-04,1709,23600,,
1203621,50,2026-11-05,1709,23600,,
1203621,50,2026-11-06,1833,23600,,
1203621,50,2026-11-12,1709,23600,,
1203621,50,2026-11-13,1833,23600,,
1203621,50,2026-11-18,1695,23600,,
1203621,50,2026-11-19,1695,23600,,
1203621,50,2026-11-22,1695,23600,,
1203621,50,2026-11-23,1695,23600,,
1204840,15,2026-10-09,1450,27848,,
1204840,16,2026-10-09,1450,27848,,
1204840,17,2026-09-24,1440,27848,,
1204840,17,2026-09-27,1440,27848,,
1204840,17,2026-09-28,1440,27848,,
1204840,17,2026-09-29,1440,27848,,
1204840,17,2026-09-30,1440,27848,,
1204840,18,2026-09-24,1440,27848,,
1204840,18,2026-09-27,1440,27848,,
1204840,18,2026-09-28,1440,27848,,
1204840,18,2026-09-29,1440,27848,,
1204840,18,2026-09-30,1440,27848,,
1204840,19,2026-09-24,1440,27848,,
1204840,19,2026-09-27,1440,27848,,
1204840,19,2026-09-28,1440,27848,,
1204840,19,2026-09-29,1440,27848,,
1204840,19,2026-09-30,1440,27848,,
1204840,20,2026-09-24,1440,27848,,
1204840,20,2026-09-27,1440,27848,,
1204840,20,2026-09-28,1440,27848,,
1204840,20,2026-09-29,1440,27848,,
1204840,20,2026-09-30,1440,27848,,
1204840,21,2026-09-24,1647,27848,,
1204840,21,2026-09-27,1647,27848,,
1204840,21,2026-09-28,1647,27848,,
1204840,21,2026-09-29,1647,27848,,
1204840,21,2026-09-30,1647,27848,,
1204840,22,2026-09-24,1647,27848,,
1204840,22,2026-09-27,1647,27848,,
1204840,22,2026-09-28,1647,27848,,
1204840,22,2026-09-29,1647,27848,,
1204840,22,2026-09-30,1647,27848,,
1204840,23,2026-09-24,1647,27848,,
1204840,23,2026-09-27,1647,27848,,
1204840,23,2026-09-28,1647,27848,,
1204840,23,2026-09-29,1647,27848,,
1204840,23,2026-09-30,1647,27848,,
1204840,24,2026-09-24,1647,27848,,
1204840,24,2026-09-27,1647,27848,,
1204840,24,2026-09-28,1647,27848,,
1204840,24,2026-09-29,1647,27848,,
1204840,24,2026-09-30,1647,27848,,
1204840,38,2026-10-09,1450,27848,,
1204840,39,2026-09-24,1647,27848,,
1204840,39,2026-09-27,1647,27848,,
1204840,39,2026-09-28,1647,27848,,
1204840,39,2026-09-29,1647,27848,,
1204840,39,2026-09-30,1647,27848,,
1204840,45,2026-10-11,2443,27848,,
1204840,45,2026-10-12,2443,27848,,
1204840,45,2026-10-13,2443,27848,,
1204840,45,2026-10-14,2443,27848,,
1204840,45,2026-10-15,2443,27848,,
1204840,46,2026-10-11,2443,27848,,
1204840,46,2026-10-12,2443,27848,,
1204840,46,2026-10-13,2443,27848,,
1204840,46,2026-10-14,2443,27848,,
1204840,46,2026-10-15,2443,27848,,
1204840,50,2026-09-24,1440,27848,,
1204840,50,2026-09-27,1440,27848,,
1204840,50,2026-09-28,1440,27848,,
1204840,50,2026-09-29,1440,27848,,
1204840,50,2026-09-30,1440,27848,,
1204840,52,2026-10-09,1450,27848,,
1204840,78,2026-09-16,1123,27848,,
1204840,79,2026-09-16,1123,27848,,
1205898,17,2026-09-16,1440,23600,,
1205898,18,2026-09-16,1440,23600,,
1205898,19,2026-09-16,1509,23600,,
1205898,20,2026-09-16,1509,23600,,
1205898,21,2026-09-16,1509,23600,,
1205898,22,2026-09-16,1509,23600,,
1205898,23,2026-09-16,1578,23600,,
1205898,24,2026-09-16,1578,23600,,
1205898,35,2026-09-20,2421,23600,,
1205898,36,2026-09-20,2421,23600,,
1205898,37,2026-09-20,2421,23600,,
1205898,39,2026-09-16,1509,23600,,
1205898,40,2026-09-16,1578,23600,,
1205898,50,2026-09-16,1440,23600,,
1205898,83,2026-09-16,1509,23600,,
1206897,15,2026-10-30,1405,23600,,
1206897,15,2026-10-31,1405,23600,,
1206897,15,2026-12-02,1523,23600,,
1206897,15,2026-12-03,1523,23600,,
1206897,15,2026-12-06,1523,23600,,
1206897,16,2026-10-30,1405,23600,,
1206897,16,2026-10-31,1405,23600,,
1206897,16,2026-12-02,1523,23600,,
1206897,16,2026-12-03,1523,23600,,
1206897,16,2026-12-06,1523,23600,,
1206897,17,2026-12-02,1661,23600,,
1206897,17,2026-12-03,1661,23600,,
1206897,17,2026-12-06,1661,23600,,
1206897,18,2026-12-02,1661,23600,,
1206897,18,2026-12-03,1661,23600,,
1206897,18,2026-12-06,1661,23600,,
1206897,19,2026-12-02,1661,23600,,
1206897,19,2026-12-03,1661,23600,,
1206897,19,2026-12-06,1661,23600,,
1206897,20,2026-12-02,1661,23600,,
1206897,20,2026-12-03,1661,23600,,
1206897,20,2026-12-06,1661,23600,,
1206897,25,2026-12-02,1661,23600,,
1206897,25,2026-12-03,1661,23600,,
1206897,25,2026-12-06,1661,23600,,
1206897,26,2026-12-02,1661,23600,,
1206897,26,2026-12-03,1661,23600,,
1206897,26,2026-12-06,1661,23600,,
1206897,27,2026-11-01,1971,23600,,
1206897,27,2026-11-02,1971,23600,,
1206897,27,2026-11-03,1971,23600,,
1206897,27,2026-11-04,1971,23600,,
1206897,27,2026-11-05,1971,23600,,
1206897,27,2026-11-12,1971,23600,,
1206897,27,2026-11-18,1971,23600,,
1206897,27,2026-11-19,1971,23600,,
1206897,27,2026-11-22,1971,23600,,
1206897,27,2026-11-23,1971,23600,,
1206897,28,2026-11-01,1971,23600,,
1206897,28,2026-11-02,1971,23600,,
1206897,28,2026-11-03,1971,23600,,
1206897,28,2026-11-04,1971,23600,,
1206897,28,2026-11-05,1971,23600,,
1206897,28,2026-11-12,1971,23600,,
1206897,28,2026-11-18,1971,23600,,
1206897,28,2026-11-19,1971,23600,,
1206897,28,2026-11-22,1971,23600,,
1206897,28,2026-11-23,1971,23600,,
1206897,38,2026-10-30,1405,23600,,
1206897,38,2026-10-31,1405,23600,,
1206897,38,2026-12-02,1523,23600,,
1206897,38,2026-12-03,1523,23600,,
1206897,38,2026-12-06,1523,23600,,
1206897,50,2026-12-02,1661,23600,,
1206897,50,2026-12-03,1661,23600,,
1206897,50,2026-12-06,1661,23600,,
1207440,17,2026-11-18,1964,32861,,
1207440,17,2026-11-19,1964,32861,,
1207440,17,2026-11-22,1964,32861,,
1207440,17,2026-11-23,1964,32861,,
1207440,17,2026-11-29,1964,32861,,
1207440,17,2026-11-30,1964,32861,,
1207440,18,2026-11-18,1964,32861,,
1207440,18,2026-11-19,1964,32861,,
1207440,18,2026-11-22,1964,32861,,
1207440,18,2026-11-23,1964,32861,,
1207440,18,2026-11-29,1964,32861,,
1207440,18,2026-11-30,1964,32861,,
1207440,19,2026-11-18,1964,32861,,
1207440,19,2026-11-19,1964,32861,,
1207440,19,2026-11-22,1964,32861,,
1207440,19,2026-11-23,1964,32861,,
1207440,19,2026-11-29,1964,32861,,
1207440,19,2026-11-30,1964,32861,,
1207440,20,2026-11-18,1964,32861,,
1207440,20,2026-11-19,1964,32861,,
1207440,20,2026-11-22,1964,32861,,
1207440,20,2026-11-23,1964,32861,,
1207440,20,2026-11-29,1964,32861,,
1207440,20,2026-11-30,1964,32861,,
1207440,21,2026-11-18,2274,32861,,
1207440,21,2026-11-19,2274,32861,,
1207440,21,2026-11-22,2274,32861,,
1207440,21,2026-11-23,2274,32861,,
1207440,21,2026-11-29,2274,32861,,
1207440,21,2026-11-30,2274,32861,,
1207440,22,2026-11-18,2274,32861,,
1207440,22,2026-11-19,2274,32861,,
1207440,22,2026-11-22,2274,32861,,
1207440,22,2026-11-23,2274,32861,,
1207440,22,2026-11-29,2274,32861,,
1207440,22,2026-11-30,2274,32861,,
1207440,29,2026-11-27,2824,32861,,
1207440,29,2026-11-28,2824,32861,,
1207440,30,2026-11-27,2824,32861,,
1207440,30,2026-11-28,2824,32861,,
1207440,31,2026-11-27,2824,32861,,
1207440,31,2026-11-28,2824,32861,,
1207440,39,2026-11-18,2274,32861,,
1207440,39,2026-11-19,2274,32861,,
1207440,39,2026-11-22,2274,32861,,
1207440,39,2026-11-23,2274,32861,,
1207440,39,2026-11-29,2274,32861,,
1207440,39,2026-11-30,2274,32861,,
1207440,50,2026-11-18,1964,32861,,
1207440,50,2026-11-19,1964,32861,,
1207440,50,2026-11-22,1964,32861,,
1207440,50,2026-11-23,1964,32861,,
1207440,50,2026-11-29,1964,32861,,
1207440,50,2026-11-30,1964,32861,,
1207440,57,2026-11-27,2824,32861,,
1207440,57,2026-11-28,2824,32861,,
1207440,83,2026-11-18,2274,32861,,
1207440,83,2026-11-19,2274,32861,,
1207440,83,2026-11-22,2274,32861,,
1207440,83,2026-11-23,2274,32861,,
1207440,83,2026-11-29,2274,32861,,
1207440,83,2026-11-30,2274,32861,,
1207440,89,2026-11-27,2824,32861,,
1207440,89,2026-11-28,2824,32861,,
1208576,21,2026-10-27,1746,20000,,
1208576,21,2026-10-28,1746,20000,,
1208576,21,2026-10-29,1746,20000,,
1208576,22,2026-10-27,1746,20000,,
1208576,22,2026-10-28,1746,20000,,
1208576,22,2026-10-29,1746,20000,,
1208576,23,2026-09-15,1695,20000,,
1208576,23,2026-09-16,1695,20000,,
1208576,23,2026-09-17,1695,20000,,
1208576,23,2026-09-22,1695,20000,,
1208576,23,2026-09-23,1695,20000,,
1208576,23,2026-09-24,1695,20000,,
1208576,23,2026-09-27,1695,20000,,
1208576,23,2026-09-28,1695,20000,,
1208576,23,2026-09-29,1695,20000,,
1208576,23,2026-09-30,1695,20000,,
1208576,23,2026-10-02,1941,20000,,
1208576,23,2026-10-03,1941,20000,,
1208576,23,2026-10-27,1866,20000,,
1208576,23,2026-10-28,1866,20000,,
1208576,23,2026-10-29,1866,20000,,
1208576,24,2026-09-15,1695,20000,,
1208576,24,2026-09-16,1695,20000,,
1208576,24,2026-09-17,1695,20000,,
1208576,24,2026-09-22,1695,20000,,
1208576,24,2026-09-23,1695,20000,,
1208576,24,2026-09-24,1695,20000,,
1208576,24,2026-09-27,1695,20000,,
1208576,24,2026-09-28,1695,20000,,
1208576,24,2026-09-29,1695,20000,,
1208576,24,2026-09-30,1695,20000,,
1208576,24,2026-10-02,1941,20000,,
1208576,24,2026-10-03,1941,20000,,
1208576,24,2026-10-27,1866,20000,,
1208576,24,2026-10-28,1866,20000,,
1208576,24,2026-10-29,1866,20000,,
1208576,27,2026-10-02,2217,20000,,
1208576,27,2026-10-03,2217,20000,,
1208576,27,2026-12-01,2415,20000,,
1208576,27,2026-12-07,2415,20000,,
1208576,27,2026-12-08,2415,20000,,
1208576,27,2026-12-09,2415,20000,,
1208576,27,2026-12-10,2415,20000,,
1208576,27,2026-12-13,2415,20000,,
1208576,27,2026-12-14,2415,20000,,
1208576,28,2026-10-02,2217,20000,,
1208576,28,2026-10-03,2217,20000,,
1208576,28,2026-12-01,2415,20000,,
1208576,28,2026-12-07,2415,20000,,
1208576,28,2026-12-08,2415,20000,,
1208576,28,2026-12-09,2415,20000,,
1208576,28,2026-12-10,2415,20000,,
1208576,28,2026-12-13,2415,20000,,
1208576,28,2026-12-14,2415,20000,,
1208576,39,2026-10-27,1746,20000,,
1208576,39,2026-10-28,1746,20000,,
1208576,39,2026-10-29,1746,20000,,
1208576,40,2026-09-15,1695,20000,,
1208576,40,2026-09-16,1695,20000,,
1208576,40,2026-09-17,1695,20000,,
1208576,40,2026-09-22,1695,20000,,
1208576,40,2026-09-23,1695,20000,,
1208576,40,2026-09-24,1695,20000,,
1208576,40,2026-09-27,1695,20000,,
1208576,40,2026-09-28,1695,20000,,
1208576,40,2026-09-29,1695,20000,,
1208576,40,2026-09-30,1695,20000,,
1208576,40,2026-10-02,1941,20000,,
1208576,40,2026-10-03,1941,20000,,
1208576,40,2026-10-27,1866,20000,,
1208576,40,2026-10-28,1866,20000,,
1208576,40,2026-10-29,1866,20000,,
1208576,83,2026-10-27,1746,20000,,
1208576,83,2026-10-28,1746,20000,,
1208576,83,2026-10-29,1746,20000,,
1209749,21,2026-12-04,2532,38776,,
1209749,21,2026-12-05,2532,38776,,
1209749,21,2026-12-11,2532,38776,,
1209749,21,2026-12-12,2532,38776,,
1209749,22,2026-12-04,2532,38776,,
1209749,22,2026-12-05,2532,38776,,
1209749,22,2026-12-11,2532,38776,,
1209749,22,2026-12-12,2532,38776,,
1209749,23,2026-12-04,2532,38776,,
1209749,23,2026-12-05,2532,38776,,
1209749,23,2026-12-11,2532,38776,,
1209749,23,2026-12-12,2532,38776,,
1209749,24,2026-12-04,2532,38776,,
1209749,24,2026-12-05,2532,38776,,
1209749,24,2026-12-11,2532,38776,,
1209749,24,2026-12-12,2532,38776,,
1209749,27,2026-12-02,3171,38776,,
1209749,27,2026-12-03,3171,38776,,
1209749,27,2026-12-06,3171,38776,,
1209749,28,2026-12-02,3171,38776,,
1209749,28,2026-12-03,3171,38776,,
1209749,28,2026-12-06,3171,38776,,
1209749,29,2026-11-06,3121,38776,,
1209749,29,2026-11-13,3121,38776,,
1209749,30,2026-11-06,3121,38776,,
1209749,30,2026-11-13,3121,38776,,
1209749,31,2026-11-06,3121,38776,,
1209749,31,2026-11-13,3121,38776,,
1209749,32,2026-11-06,3121,38776,,
1209749,32,2026-11-13,3121,38776,,
1209749,33,2026-11-06,3121,38776,,
1209749,33,2026-11-13,3121,38776,,
1209749,34,2026-11-06,3121,38776,,
1209749,34,2026-11-13,3121,38776,,
1209749,35,2026-09-15,3810,38776,,
1209749,35,2026-09-16,3787,38776,,
1209749,35,2026-09-17,3789,38776,,
1209749,35,2026-09-20,3761,38776,,
1209749,35,2026-09-21,3761,38776,,
1209749,35,2026-09-25,3777,38776,,
1209749,35,2026-10-30,3811,38776,,
1209749,35,2026-10-31,3811,38776,,
1209749,36,2026-09-15,3810,38776,,
1209749,36,2026-09-16,3787,38776,,
1209749,36,2026-09-17,3789,38776,,
1209749,36,2026-09-20,3761,38776,,
1209749,36,2026-09-21,3761,38776,,
1209749,36,2026-09-25,3777,38776,,
1209749,36,2026-10-30,3811,38776,,
1209749,36,2026-10-31,3811,38776,,
1209749,37,2026-09-15,3810,38776,,
1209749,37,2026-09-16,3787,38776,,
1209749,37,2026-09-17,3789,38776,,
1209749,37,2026-09-20,3761,38776,,
1209749,37,2026-09-21,3761,38776,,
1209749,37,2026-09-25,3777,38776,,
1209749,37,2026-10-30,3811,38776,,
1209749,37,2026-10-31,3811,38776,,
1209749,39,2026-12-04,2532,38776,,
1209749,39,2026-12-05,2532,38776,,
1209749,39,2026-12-11,2532,38776,,
1209749,39,2026-12-12,2532,38776,,
1209749,40,2026-12-04,2532,38776,,
1209749,40,2026-12-05,2532,38776,,
1209749,40,2026-12-11,2532,38776,,
1209749,40,2026-12-12,2532,38776,,
1209749,42,2026-09-22,4405,38776,,
1209749,42,2026-09-23,4405,38776,,
1209749,42,2026-09-24,4405,38776,,
1209749,42,2026-09-27,4405,38776,,
1209749,42,2026-09-28,4405,38776,,
1209749,42,2026-09-29,4405,38776,,
1209749,42,2026-09-30,4405,38776,,
1209749,42,2026-10-06,4405,38776,,
1209749,42,2026-10-07,4405,38776,,
1209749,42,2026-10-08,4405,38776,,
1209749,42,2026-10-09,4395,38776,,
1209749,42,2026-10-27,4405,38776,,
1209749,42,2026-10-28,4405,38776,,
1209749,42,2026-10-29,4405,38776,,
1209749,42,2026-11-01,4405,38776,,
1209749,42,2026-11-02,4405,38776,,
1209749,42,2026-11-03,4405,38776,,
1209749,42,2026-11-04,4405,38776,,
1209749,42,2026-11-05,4405,38776,,
1209749,42,2026-11-12,4405,38776,,
1209749,42,2026-11-18,4405,38776,,
1209749,42,2026-11-19,4405,38776,,
1209749,42,2026-11-22,4405,38776,,
1209749,42,2026-11-23,4405,38776,,
1209749,43,2026-09-22,4405,38776,,
1209749,43,2026-09-23,4405,38776,,
1209749,43,2026-09-24,4405,38776,,
1209749,43,2026-09-27,4405,38776,,
1209749,43,2026-09-28,4405,38776,,
1209749,43,2026-09-29,4405,38776,,
1209749,43,2026-09-30,4405,38776,,
1209749,43,2026-10-06,4405,38776,,
1209749,43,2026-10-07,4405,38776,,
1209749,43,2026-10-08,4405,38776,,
1209749,43,2026-10-09,4395,38776,,
1209749,43,2026-10-27,4405,38776,,
1209749,43,2026-10-28,4405,38776,,
1209749,43,2026-10-29,4405,38776,,
1209749,43,2026-11-01,4405,38776,,
1209749,43,2026-11-02,4405,38776,,
1209749,43,2026-11-03,4405,38776,,
1209749,43,2026-11-04,4405,38776,,
1209749,43,2026-11-05,4405,38776,,
1209749,43,2026-11-12,4405,38776,,
1209749,43,2026-11-18,4405,38776,,
1209749,43,2026-11-19,4405,38776,,
1209749,43,2026-11-22,4405,38776,,
1209749,43,2026-11-23,4405,38776,,
1209749,57,2026-11-06,3121,38776,,
1209749,57,2026-11-13,3121,38776,,
1209749,58,2026-11-06,3121,38776,,
1209749,58,2026-11-13,3121,38776,,
1209749,83,2026-12-04,2532,38776,,
1209749,83,2026-12-05,2532,38776,,
1209749,83,2026-12-11,2532,38776,,
1209749,83,2026-12-12,2532,38776,,
1209749,89,2026-11-06,3121,38776,,
1209749,89,2026-11-13,3121,38776,,
1212851,17,2027-08-21,2248,23600,,
1212851,17,2027-08-22,2248,23600,,
1212851,17,2027-08-27,2248,23600,,
1212851,17,2027-08-28,2248,23600,,
1212851,17,2027-08-29,2248,23600,,
1212851,17,2027-08-30,2248,23600,,
1212851,17,2027-08-31,2248,23600,,
1212851,18,2027-08-21,2248,23600,,
1212851,18,2027-08-22,2248,23600,,
1212851,18,2027-08-27,2248,23600,,
1212851,18,2027-08-28,2248,23600,,
1212851,18,2027-08-29,2248,23600,,
1212851,18,2027-08-30,2248,23600,,
1212851,18,2027-08-31,2248,23600,,
1212851,23,2027-09-15,2664,23600,,
1212851,24,2027-09-15,2664,23600,,
1212851,32,2027-09-15,3009,23600,,
1212851,33,2027-09-15,3009,23600,,
1212851,34,2027-09-15,3009,23600,,
1212851,40,2027-09-15,2664,23600,,
1215728,21,2026-09-17,4386,23600,,
1215728,22,2026-09-17,4386,23600,,
1215728,23,2026-09-17,4559,23600,,
1215728,24,2026-09-17,4559,23600,,
1215728,29,2026-09-17,4593,23600,,
1215728,30,2026-09-17,4593,23600,,
1215728,31,2026-09-17,4593,23600,,
1215728,32,2026-09-17,4766,23600,,
1215728,33,2026-09-17,4766,23600,,
1215728,34,2026-09-17,4766,23600,,
1215728,39,2026-09-17,4386,23600,,
1215728,40,2026-09-17,4559,23600,,
1215728,57,2026-09-17,4593,23600,,
1215728,58,2026-09-17,4766,23600,,
1215728,83,2026-09-17,4386,23600,,
1215728,89,2026-09-17,4593,23600,,
1217501,15,2026-09-17,2103,27848,,
1217501,15,2026-09-18,2103,27848,,
1217501,15,2026-09-19,2103,27848,,
1217501,15,2026-09-20,2103,27848,,
1217501,15,2026-09-21,2103,27848,,
1217501,16,2026-09-17,2137,27848,,
1217501,16,2026-09-18,2137,27848,,
1217501,16,2026-09-19,2137,27848,,
1217501,16,2026-09-20,2137,27848,,
1217501,16,2026-09-21,2137,27848,,
1217501,38,2026-09-17,2103,27848,,
1217501,38,2026-09-18,2103,27848,,
1217501,38,2026-09-19,2103,27848,,
1217501,38,2026-09-20,2103,27848,,
1217501,38,2026-09-21,2103,27848,,
1218072,27,2026-09-15,3772,23600,,
1218072,28,2026-09-15,3772,23600,,
1221551,15,2026-12-04,1340,20000,,
1221551,15,2026-12-05,1340,20000,,
1221551,15,2026-12-11,1340,20000,,
1221551,15,2026-12-12,1340,20000,,
1221551,27,2026-09-16,1647,20000,,
1221551,27,2026-09-17,1647,20000,,
1221551,27,2026-09-25,1869,20000,,
1221551,27,2026-09-26,1869,20000,,
1221551,27,2026-12-04,1961,20000,,
1221551,27,2026-12-05,1961,20000,,
1221551,27,2026-12-11,1961,20000,,
1221551,27,2026-12-12,1961,20000,,
1221551,28,2026-09-16,1647,20000,,
1221551,28,2026-09-17,1647,20000,,
1221551,28,2026-09-25,1869,20000,,
1221551,28,2026-09-26,1869,20000,,
1221551,28,2026-12-04,1961,20000,,
1221551,28,2026-12-05,1961,20000,,
1221551,28,2026-12-11,1961,20000,,
1221551,28,2026-12-12,1961,20000,,
1221551,38,2026-12-04,1340,20000,,
1221551,38,2026-12-05,1340,20000,,
1221551,38,2026-12-11,1340,20000,,
1221551,38,2026-12-12,1340,20000,,
1221551,76,2026-12-04,1340,20000,,
1221551,76,2026-12-05,1340,20000,,
1221551,76,2026-12-11,1340,20000,,
1221551,76,2026-12-12,1340,20000,,
1226887,17,2026-10-31,1733,23600,,
1226887,18,2026-10-31,1733,23600,,
1226887,19,2026-10-06,1918,23600,,
1226887,19,2026-10-07,1918,23600,,
1226887,19,2026-10-08,1918,23600,,
1226887,19,2026-10-27,1918,23600,,
1226887,19,2026-10-28,1918,23600,,
1226887,19,2026-10-29,1918,23600,,
1226887,20,2026-10-06,1918,23600,,
1226887,20,2026-10-07,1918,23600,,
1226887,20,2026-10-08,1918,23600,,
1226887,20,2026-10-27,1918,23600,,
1226887,20,2026-10-28,1918,23600,,
1226887,20,2026-10-29,1918,23600,,
1226887,21,2026-10-06,1918,23600,,
1226887,21,2026-10-07,1918,23600,,
1226887,21,2026-10-08,1918,23600,,
1226887,21,2026-10-27,1918,23600,,
1226887,21,2026-10-28,1918,23600,,
1226887,21,2026-10-29,1918,23600,,
1226887,22,2026-10-06,1918,23600,,
1226887,22,2026-10-07,1918,23600,,
1226887,22,2026-10-08,1918,23600,,
1226887,22,2026-10-27,1918,23600,,
1226887,22,2026-10-28,1918,23600,,
1226887,22,2026-10-29,1918,23600,,
1226887,23,2026-11-01,2226,23600,,
1226887,23,2026-11-02,2220,23600,,
1226887,23,2026-11-03,2220,23600,,
1226887,23,2026-11-04,2220,23600,,
1226887,23,2026-11-05,2220,23600,,
1226887,23,2026-11-12,2220,23600,,
1226887,24,2026-11-01,2226,23600,,
1226887,24,2026-11-02,2220,23600,,
1226887,24,2026-11-03,2220,23600,,
1226887,24,2026-11-04,2220,23600,,
1226887,24,2026-11-05,2220,23600,,
1226887,24,2026-11-12,2220,23600,,
1226887,25,2026-11-01,2433,23600,,
1226887,25,2026-11-02,2427,23600,,
1226887,25,2026-11-03,2427,23600,,
1226887,25,2026-11-04,2427,23600,,
1226887,25,2026-11-05,2427,23600,,
1226887,25,2026-11-12,2427,23600,,
1226887,26,2026-11-01,2433,23600,,
1226887,26,2026-11-02,2427,23600,,
1226887,26,2026-11-03,2427,23600,,
1226887,26,2026-11-04,2427,23600,,
1226887,26,2026-11-05,2427,23600,,
1226887,26,2026-11-12,2427,23600,,
1226887,29,2026-11-18,2792,23600,,
1226887,30,2026-11-18,2792,23600,,
1226887,31,2026-11-18,2792,23600,,
1226887,32,2026-11-18,2999,23600,,
1226887,32,2026-11-19,2988,23600,,
1226887,33,2026-11-18,2999,23600,,
1226887,33,2026-11-19,2988,23600,,
1226887,34,2026-11-18,2999,23600,,
1226887,34,2026-11-19,2988,23600,,
1226887,39,2026-10-06,1918,23600,,
1226887,39,2026-10-07,1918,23600,,
1226887,39,2026-10-08,1918,23600,,
1226887,39,2026-10-27,1918,23600,,
1226887,39,2026-10-28,1918,23600,,
1226887,39,2026-10-29,1918,23600,,
1226887,40,2026-11-01,2226,23600,,
1226887,40,2026-11-02,2220,23600,,
1226887,40,2026-11-03,2220,23600,,
1226887,40,2026-11-04,2220,23600,,
1226887,40,2026-11-05,2220,23600,,
1226887,40,2026-11-12,2220,23600,,
1226887,50,2026-10-31,1733,23600,,
1226887,51,2026-10-06,1918,23600,,
1226887,51,2026-10-07,1918,23600,,
1226887,51,2026-10-08,1918,23600,,
1226887,51,2026-10-27,1918,23600,,
1226887,51,2026-10-28,1918,23600,,
1226887,51,2026-10-29,1918,23600,,
1226887,57,2026-11-18,2792,23600,,
1226887,83,2026-10-06,1918,23600,,
1226887,83,2026-10-07,1918,23600,,
1226887,83,2026-10-08,1918,23600,,
1226887,83,2026-10-27,1918,23600,,
1226887,83,2026-10-28,1918,23600,,
1226887,83,2026-10-29,1918,23600,,
1226887,87,2026-10-31,1733,23600,,
1229511,19,2026-10-01,1866,23600,,
1229511,19,2026-10-04,1866,23600,,
1229511,19,2026-10-05,1866,23600,,
1229511,19,2026-10-11,1866,23600,,
1229511,19,2026-10-12,1866,23600,,
1229511,19,2026-10-13,1866,23600,,
1229511,19,2026-10-14,1866,23600,,
1229511,19,2026-10-15,1866,23600,,
1229511,19,2026-10-18,1866,23600,,
1229511,19,2026-10-19,1866,23600,,
1229511,19,2026-10-21,1866,23600,,
1229511,19,2026-10-22,1866,23600,,
1229511,19,2026-10-25,1866,23600,,
1229511,19,2026-10-26,1866,23600,,
1229511,19,2026-11-08,1866,23600,,
1229511,19,2026-11-09,1866,23600,,
1229511,19,2026-11-11,1866,23600,,
1229511,19,2026-11-15,1866,23600,,
1229511,19,2026-11-16,1866,23600,,
1229511,19,2026-11-17,1866,23600,,
1229511,19,2026-12-05,1925,23600,,
1229511,20,2026-10-01,1866,23600,,
1229511,20,2026-10-04,1866,23600,,
1229511,20,2026-10-05,1866,23600,,
1229511,20,2026-10-11,1866,23600,,
1229511,20,2026-10-12,1866,23600,,
1229511,20,2026-10-13,1866,23600,,
1229511,20,2026-10-14,1866,23600,,
1229511,20,2026-10-15,1866,23600,,
1229511,20,2026-10-18,1866,23600,,
1229511,20,2026-10-19,1866,23600,,
1229511,20,2026-10-21,1866,23600,,
1229511,20,2026-10-22,1866,23600,,
1229511,20,2026-10-25,1866,23600,,
1229511,20,2026-10-26,1866,23600,,
1229511,20,2026-11-08,1866,23600,,
1229511,20,2026-11-09,1866,23600,,
1229511,20,2026-11-11,1866,23600,,
1229511,20,2026-11-15,1866,23600,,
1229511,20,2026-11-16,1866,23600,,
1229511,20,2026-11-17,1866,23600,,
1229511,20,2026-12-05,1925,23600,,
1229511,25,2026-11-06,2302,23600,,
1229511,25,2026-11-13,2302,23600,,
1229511,26,2026-11-06,2302,23600,,
1229511,26,2026-11-13,2302,23600,,
1229511,51,2026-10-01,1866,23600,,
1229511,51,2026-10-04,1866,23600,,
1229511,51,2026-10-05,1866,23600,,
1229511,51,2026-10-11,1866,23600,,
1229511,51,2026-10-12,1866,23600,,
1229511,51,2026-10-13,1866,23600,,
1229511,51,2026-10-14,1866,23600,,
1229511,51,2026-10-15,1866,23600,,
1229511,51,2026-10-18,1866,23600,,
1229511,51,2026-10-19,1866,23600,,
1229511,51,2026-10-21,1866,23600,,
1229511,51,2026-10-22,1866,23600,,
1229511,51,2026-10-25,1866,23600,,
1229511,51,2026-10-26,1866,23600,,
1229511,51,2026-11-08,1866,23600,,
1229511,51,2026-11-09,1866,23600,,
1229511,51,2026-11-11,1866,23600,,
1229511,51,2026-11-15,1866,23600,,
1229511,51,2026-11-16,1866,23600,,
1229511,51,2026-11-17,1866,23600,,
1229511,51,2026-12-05,1925,23600,,
1229920,16,2026-12-01,1331,23600,,
1229920,16,2026-12-07,1331,23600,,
1229920,16,2026-12-08,1331,23600,,
1229920,16,2026-12-09,1331,23600,,
1229920,16,2026-12-10,1331,23600,,
1229920,16,2026-12-13,1331,23600,,
1229920,23,2026-12-01,1400,23600,,
1229920,23,2026-12-07,1400,23600,,
1229920,23,2026-12-08,1400,23600,,
1229920,23,2026-12-09,1400,23600,,
1229920,23,2026-12-10,1400,23600,,
1229920,23,2026-12-13,1400,23600,,
1229920,24,2026-12-01,1400,23600,,
1229920,24,2026-12-07,1400,23600,,
1229920,24,2026-12-08,1400,23600,,
1229920,24,2026-12-09,1400,23600,,
1229920,24,2026-12-10,1400,23600,,
1229920,24,2026-12-13,1400,23600,,
1229920,27,2026-11-01,1734,23600,,
1229920,27,2026-11-02,1734,23600,,
1229920,27,2026-11-03,1734,23600,,
1229920,27,2026-11-04,1734,23600,,
1229920,27,2026-11-05,1734,23600,,
1229920,27,2026-11-12,1734,23600,,
1229920,27,2026-11-18,1734,23600,,
1229920,27,2026-11-19,1734,23600,,
1229920,28,2026-11-01,1734,23600,,
1229920,28,2026-11-02,1734,23600,,
1229920,28,2026-11-03,1734,23600,,
1229920,28,2026-11-04,1734,23600,,
1229920,28,2026-11-05,1734,23600,,
1229920,28,2026-11-12,1734,23600,,
1229920,28,2026-11-18,1734,23600,,
1229920,28,2026-11-19,1734,23600,,
1229920,32,2026-11-01,1596,23600,,
1229920,32,2026-11-02,1596,23600,,
1229920,32,2026-11-03,1596,23600,,
1229920,32,2026-11-04,1596,23600,,
1229920,32,2026-11-05,1596,23600,,
1229920,32,2026-11-12,1596,23600,,
1229920,32,2026-11-18,1596,23600,,
1229920,32,2026-11-19,1596,23600,,
1229920,33,2026-11-01,1596,23600,,
1229920,33,2026-11-02,1596,23600,,
1229920,33,2026-11-03,1596,23600,,
1229920,33,2026-11-04,1596,23600,,
1229920,33,2026-11-05,1596,23600,,
1229920,33,2026-11-12,1596,23600,,
1229920,33,2026-11-18,1596,23600,,
1229920,33,2026-11-19,1596,23600,,
1229920,34,2026-11-01,1596,23600,,
1229920,34,2026-11-02,1596,23600,,
1229920,34,2026-11-03,1596,23600,,
1229920,34,2026-11-04,1596,23600,,
1229920,34,2026-11-05,1596,23600,,
1229920,34,2026-11-12,1596,23600,,
1229920,34,2026-11-18,1596,23600,,
1229920,34,2026-11-19,1596,23600,,
1229920,40,2026-12-01,1400,23600,,
1229920,40,2026-12-07,1400,23600,,
1229920,40,2026-12-08,1400,23600,,
1229920,40,2026-12-09,1400,23600,,
1229920,40,2026-12-10,1400,23600,,
1229920,40,2026-12-13,1400,23600,,
1229920,42,2026-10-05,1943,23600,,
1229920,42,2026-10-26,1943,23600,,
1229920,43,2026-10-05,1943,23600,,
1229920,43,2026-10-26,1943,23600,,
1229920,52,2026-12-01,1331,23600,,
1229920,52,2026-12-07,1331,23600,,
1229920,52,2026-12-08,1331,23600,,
1229920,52,2026-12-09,1331,23600,,
1229920,52,2026-12-10,1331,23600,,
1229920,52,2026-12-13,1331,23600,,
1229920,58,2026-11-01,1596,23600,,
1229920,58,2026-11-02,1596,23600,,
1229920,58,2026-11-03,1596,23600,,
1229920,58,2026-11-04,1596,23600,,
1229920,58,2026-11-05,1596,23600,,
1229920,58,2026-11-12,1596,23600,,
1229920,58,2026-11-18,1596,23600,,
1229920,58,2026-11-19,1596,23600,,
1241638,25,2026-09-19,2699,23600,,
1241638,25,2026-10-18,3277,23600,,
1241638,25,2026-10-22,3257,23600,,
1241638,25,2026-10-23,3257,23600,,
1241638,25,2026-10-24,3258,23600,,
1241638,25,2026-10-26,3258,23600,,
1241638,25,2026-10-31,3258,23600,,
1241638,25,2026-11-01,3264,23600,,
1241638,25,2026-11-02,3264,23600,,
1241638,25,2026-11-03,3264,23600,,
1241638,25,2026-11-04,3258,23600,,
1241638,25,2026-11-05,3258,23600,,
1241638,25,2026-11-06,3258,23600,,
1241638,25,2026-11-07,3258,23600,,
1241638,25,2026-11-08,3264,23600,,
1241638,25,2026-11-09,3258,23600,,
1241638,25,2026-11-10,3258,23600,,
1241638,25,2026-11-11,3258,23600,,
1241638,25,2026-11-12,3264,23600,,
1241638,25,2026-11-13,3258,23600,,
1241638,25,2026-11-14,3258,23600,,
1241638,26,2026-09-19,2699,23600,,
1241638,26,2026-10-18,3277,23600,,
1241638,26,2026-10-22,3257,23600,,
1241638,26,2026-10-23,3257,23600,,
1241638,26,2026-10-24,3258,23600,,
1241638,26,2026-10-26,3258,23600,,
1241638,26,2026-10-31,3258,23600,,
1241638,26,2026-11-01,3264,23600,,
1241638,26,2026-11-02,3264,23600,,
1241638,26,2026-11-03,3264,23600,,
1241638,26,2026-11-04,3258,23600,,
1241638,26,2026-11-05,3258,23600,,
1241638,26,2026-11-06,3258,23600,,
1241638,26,2026-11-07,3258,23600,,
1241638,26,2026-11-08,3264,23600,,
1241638,26,2026-11-09,3258,23600,,
1241638,26,2026-11-10,3258,23600,,
1241638,26,2026-11-11,3258,23600,,
1241638,26,2026-11-12,3264,23600,,
1241638,26,2026-11-13,3258,23600,,
1241638,26,2026-11-14,3258,23600,,
1241870,21,2026-09-15,2052,23600,,
1241870,22,2026-09-15,2052,23600,,
1241870,23,2026-09-15,2259,23600,,
1241870,23,2026-09-16,2233,23600,,
1241870,23,2026-09-18,2233,23600,,
1241870,23,2026-09-19,2233,23600,,
1241870,23,2027-08-28,2263,23600,,
1241870,23,2027-08-29,2263,23600,,
1241870,23,2027-08-30,2263,23600,,
1241870,23,2027-08-31,2263,23600,,
1241870,24,2026-09-15,2259,23600,,
1241870,24,2026-09-16,2233,23600,,
1241870,24,2026-09-18,2233,23600,,
1241870,24,2026-09-19,2233,23600,,
1241870,24,2027-08-28,2263,23600,,
1241870,24,2027-08-29,2263,23600,,
1241870,24,2027-08-30,2263,23600,,
1241870,24,2027-08-31,2263,23600,,
1241870,27,2027-08-21,2677,23600,,
1241870,27,2027-08-22,2677,23600,,
1241870,27,2027-08-27,2677,23600,,
1241870,28,2027-08-21,2677,23600,,
1241870,28,2027-08-22,2677,23600,,
1241870,28,2027-08-27,2677,23600,,
1241870,39,2026-09-15,2052,23600,,
1241870,40,2026-09-15,2259,23600,,
1241870,40,2026-09-16,2233,23600,,
1241870,40,2026-09-18,2233,23600,,
1241870,40,2026-09-19,2233,23600,,
1241870,40,2027-08-28,2263,23600,,
1241870,40,2027-08-29,2263,23600,,
1241870,40,2027-08-30,2263,23600,,
1241870,40,2027-08-31,2263,23600,,
1241870,83,2026-09-15,2052,23600,,
1242203,27,2026-10-30,2394,23600,,
1242203,27,2026-10-31,2394,23600,,
1242203,28,2026-10-30,2394,23600,,
1242203,28,2026-10-31,2394,23600,,
1242933,21,2026-09-18,3250,23600,,
1242933,21,2026-09-19,3250,23600,,
1242933,22,2026-09-18,3250,23600,,
1242933,22,2026-09-19,3250,23600,,
1242933,23,2026-09-18,3457,23600,,
1242933,23,2026-09-19,3457,23600,,
1242933,24,2026-09-18,3457,23600,,
1242933,24,2026-09-19,3457,23600,,
1242933,29,2026-09-18,3491,23600,,
1242933,29,2026-09-19,3491,23600,,
1242933,30,2026-09-18,3491,23600,,
1242933,30,2026-09-19,3491,23600,,
1242933,31,2026-09-18,3491,23600,,
1242933,31,2026-09-19,3491,23600,,
1242933,39,2026-09-18,3250,23600,,
1242933,39,2026-09-19,3250,23600,,
1242933,40,2026-09-18,3457,23600,,
1242933,40,2026-09-19,3457,23600,,
1242933,57,2026-09-18,3491,23600,,
1242933,57,2026-09-19,3491,23600,,
1242933,83,2026-09-18,3250,23600,,
1242933,83,2026-09-19,3250,23600,,
1243281,15,2026-09-15,1753,23600,,
1243281,15,2026-09-16,1753,23600,,
1243281,15,2026-09-17,1753,23600,,
1243281,15,2026-09-18,1753,23600,,
1243281,15,2026-09-19,1753,23600,,
1243281,16,2026-09-15,1891,23600,,
1243281,16,2026-09-16,1891,23600,,
1243281,16,2026-09-17,1891,23600,,
1243281,16,2026-09-18,1891,23600,,
1243281,16,2026-09-19,1891,23600,,
1243281,17,2026-09-15,1891,23600,,
1243281,17,2026-09-16,1891,23600,,
1243281,17,2026-09-17,1891,23600,,
1243281,17,2026-09-18,1891,23600,,
1243281,17,2026-09-19,1891,23600,,
1243281,18,2026-09-15,1891,23600,,
1243281,18,2026-09-16,1891,23600,,
1243281,18,2026-09-17,1891,23600,,
1243281,18,2026-09-18,1891,23600,,
1243281,18,2026-09-19,1891,23600,,
1243281,38,2026-09-15,1753,23600,,
1243281,38,2026-09-16,1753,23600,,
1243281,38,2026-09-17,1753,23600,,
1243281,38,2026-09-18,1753,23600,,
1243281,38,2026-09-19,1753,23600,,
1243281,50,2026-09-15,1891,23600,,
1243281,50,2026-09-16,1891,23600,,
1243281,50,2026-09-17,1891,23600,,
1243281,50,2026-09-18,1891,23600,,
1243281,50,2026-09-19,1891,23600,,
1243669,27,2026-09-15,3139,23600,,
1243669,27,2026-09-16,3139,23600,,
1243669,27,2026-09-17,3149,23600,,
1243669,27,2026-09-18,3139,23600,,
1243669,27,2026-09-19,3139,23600,,
1243669,27,2026-09-20,3139,23600,,
1243669,27,2026-09-21,3139,23600,,
1243669,28,2026-09-15,3139,23600,,
1243669,28,2026-09-16,3139,23600,,
1243669,28,2026-09-17,3149,23600,,
1243669,28,2026-09-18,3139,23600,,
1243669,28,2026-09-19,3139,23600,,
1243669,28,2026-09-20,3139,23600,,
1243669,28,2026-09-21,3139,23600,,
1244531,21,2026-09-21,2959,23600,,
1244531,22,2026-09-21,2959,23600,,
1244531,23,2026-09-21,3166,23600,,
1244531,24,2026-09-21,3166,23600,,
1244531,39,2026-09-21,2959,23600,,
1244990,15,2026-09-16,2123,23600,,
1244990,15,2026-09-17,2123,23600,,
1244990,15,2026-09-18,2123,23600,,
1244990,15,2026-09-19,2123,23600,,
1244990,17,2026-09-21,2244,23600,,
1244990,18,2026-09-21,2244,23600,,
1244990,19,2026-09-21,2348,23600,,
1244990,20,2026-09-21,2348,23600,,
1244990,21,2026-09-21,2348,23600,,
1244990,22,2026-09-21,2348,23600,,
1244990,23,2026-09-15,2430,23600,,
1244990,23,2026-09-21,2451,23600,,
1244990,24,2026-09-15,2430,23600,,
1244990,24,2026-09-21,2451,23600,,
1244990,27,2026-09-15,2982,23600,,
1244990,27,2026-09-21,3003,23600,,
1244990,28,2026-09-15,2982,23600,,
1244990,28,2026-09-21,3003,23600,,
1244990,39,2026-09-21,2348,23600,,
1244990,40,2026-09-15,2430,23600,,
1244990,40,2026-09-21,2451,23600,,
1244990,41,2026-09-15,2982,23600,,
1244990,41,2026-09-21,3003,23600,,
1244990,50,2026-09-21,2244,23600,,
1244990,83,2026-09-21,2348,23600,,
1244990,84,2026-09-15,2430,23600,,
1244990,84,2026-09-21,2451,23600,,
1244990,97,2026-09-21,2348,23600,,
1245015,17,2027-09-15,1748,23600,,
1245015,18,2027-09-15,1748,23600,,
1245015,19,2027-09-15,1886,23600,,
1245015,20,2027-09-15,1886,23600,,
1245015,23,2027-09-15,1975,23600,,
1245015,24,2027-09-15,1975,23600,,
1245015,40,2027-09-15,1975,23600,,
1245015,50,2027-09-15,1748,23600,,
1245105,21,2026-09-17,2895,23600,,
1245105,21,2026-09-18,2883,23600,,
1245105,22,2026-09-17,2895,23600,,
1245105,22,2026-09-18,2883,23600,,
1245105,29,2026-09-17,3171,23600,,
1245105,29,2026-09-18,3159,23600,,
1245105,30,2026-09-17,3171,23600,,
1245105,30,2026-09-18,3159,23600,,
1245105,31,2026-09-17,3171,23600,,
1245105,31,2026-09-18,3159,23600,,
1245105,39,2026-09-17,2895,23600,,
1245105,39,2026-09-18,2883,23600,,
1245105,57,2026-09-17,3171,23600,,
1245105,57,2026-09-18,3159,23600,,
1245105,83,2026-09-17,2895,23600,,
1245105,83,2026-09-18,2883,23600,,
1246802,17,2026-09-15,1737,23600,,
1246802,17,2026-09-18,1755,23600,,
1246802,18,2026-09-15,1737,23600,,
1246802,18,2026-09-18,1755,23600,,
1246802,19,2026-09-15,1875,23600,,
1246802,20,2026-09-15,1875,23600,,
1246802,50,2026-09-15,1737,23600,,
1246802,50,2026-09-18,1755,23600,,
1246851,17,2026-09-18,1838,23600,,
1246851,18,2026-09-18,1838,23600,,
1246851,50,2026-09-18,1838,23600,,
1247056,17,2026-09-21,2465,23600,,
1247056,18,2026-09-21,2465,23600,,
1247056,50,2026-09-21,2465,23600,,
1247345,23,2026-09-26,2761,23600,,
1247345,23,2026-09-27,2761,23600,,
1247345,23,2026-09-28,2761,23600,,
1247345,24,2026-09-26,2761,23600,,
1247345,24,2026-09-27,2761,23600,,
1247345,24,2026-09-28,2761,23600,,
1247345,27,2026-09-16,1863,23600,,
1247345,27,2026-09-24,2401,23600,,
1247345,27,2026-10-03,2401,23600,,
1247345,28,2026-09-16,1863,23600,,
1247345,28,2026-09-24,2401,23600,,
1247345,28,2026-10-03,2401,23600,,
1247536,17,2026-09-15,2138,23600,,
1247536,17,2026-09-17,2138,23600,,
1247536,17,2026-09-18,2138,23600,,
1247536,17,2026-09-19,2138,23600,,
1247536,18,2026-09-15,2138,23600,,
1247536,18,2026-09-17,2138,23600,,
1247536,18,2026-09-18,2138,23600,,
1247536,18,2026-09-19,2138,23600,,
1247536,19,2026-09-15,2345,23600,,
1247536,19,2026-09-17,2345,23600,,
1247536,19,2026-09-18,2345,23600,,
1247536,19,2026-09-19,2345,23600,,
1247536,21,2026-09-15,2276,23600,,
1247536,21,2026-09-17,2276,23600,,
1247536,21,2026-09-18,2276,23600,,
1247536,21,2026-09-19,2276,23600,,
1247536,22,2026-09-15,2276,23600,,
1247536,22,2026-09-17,2276,23600,,
1247536,22,2026-09-18,2276,23600,,
1247536,22,2026-09-19,2276,23600,,
1247536,39,2026-09-15,2276,23600,,
1247536,39,2026-09-17,2276,23600,,
1247536,39,2026-09-18,2276,23600,,
1247536,39,2026-09-19,2276,23600,,
1247536,83,2026-09-15,2276,23600,,
1247536,83,2026-09-17,2276,23600,,
1247536,83,2026-09-18,2276,23600,,
1247536,83,2026-09-19,2276,23600,,
1256474,17,2026-10-27,1400,23600,,
1256474,17,2026-10-28,1400,23600,,
1256474,17,2026-10-29,1400,23600,,
1256474,18,2026-10-27,1400,23600,,
1256474,18,2026-10-28,1400,23600,,
1256474,18,2026-10-29,1400,23600,,
1256474,19,2026-09-15,1289,23600,,
1256474,19,2026-09-17,1289,23600,,
1256474,19,2026-10-27,1503,23600,,
1256474,19,2026-10-28,1503,23600,,
1256474,19,2026-10-29,1503,23600,,
1256474,21,2026-09-15,1324,23600,,
1256474,21,2026-09-17,1324,23600,,
1256474,21,2026-10-27,1538,23600,,
1256474,21,2026-10-28,1538,23600,,
1256474,21,2026-10-29,1538,23600,,
1256474,22,2026-09-15,1324,23600,,
1256474,22,2026-09-17,1324,23600,,
1256474,22,2026-10-27,1538,23600,,
1256474,22,2026-10-28,1538,23600,,
1256474,22,2026-10-29,1538,23600,,
1256474,23,2026-09-15,1427,23600,,
1256474,23,2026-09-17,1427,23600,,
1256474,24,2026-09-15,1427,23600,,
1256474,24,2026-09-17,1427,23600,,
1256474,39,2026-09-15,1324,23600,,
1256474,39,2026-09-17,1324,23600,,
1256474,39,2026-10-27,1538,23600,,
1256474,39,2026-10-28,1538,23600,,
1256474,39,2026-10-29,1538,23600,,
1259110,17,2026-09-15,1515,23600,,
1259110,18,2026-09-15,1515,23600,,
1259110,21,2026-09-16,1629,23600,,
1259110,22,2026-09-16,1629,23600,,
1259110,23,2026-09-16,1698,23600,,
1259110,24,2026-09-16,1698,23600,,
1259110,27,2026-09-18,2311,23600,,
1259110,28,2026-09-18,2311,23600,,
1259110,29,2026-09-18,2173,23600,,
1259110,30,2026-09-18,2173,23600,,
1259110,31,2026-09-18,2173,23600,,
1259110,32,2026-09-18,2345,23600,,
1259110,33,2026-09-18,2345,23600,,
1259110,34,2026-09-18,2345,23600,,
1259110,39,2026-09-16,1629,23600,,
1259110,40,2026-09-16,1698,23600,,
1259110,50,2026-09-15,1515,23600,,
1259110,57,2026-09-18,2173,23600,,
1259110,83,2026-09-16,1629,23600,,
1261835,27,2026-09-21,2432,23600,,
1261835,28,2026-09-21,2432,23600,,
1261835,35,2026-09-21,2674,23600,,
1261835,36,2026-09-21,2674,23600,,
1261835,37,2026-09-21,2674,23600,,
1261979,32,2026-09-18,2096,23600,,
1261979,32,2026-09-20,2096,23600,,
1261979,32,2026-10-04,2112,23600,,
1261979,32,2026-10-05,2112,23600,,
1261979,32,2026-10-11,2112,23600,,
1261979,32,2026-10-12,2112,23600,,
1261979,32,2026-10-13,2112,23600,,
1261979,32,2026-10-14,2112,23600,,
1261979,32,2026-10-15,2112,23600,,
1261979,32,2026-10-18,2112,23600,,
1261979,32,2026-10-19,2112,23600,,
1261979,32,2026-10-20,2112,23600,,
1261979,32,2026-10-21,2112,23600,,
1261979,32,2026-10-22,2112,23600,,
1261979,32,2026-10-26,2112,23600,,
1261979,32,2026-11-07,2112,23600,,
1261979,32,2026-11-08,2112,23600,,
1261979,32,2026-11-09,2112,23600,,
1261979,32,2026-11-10,2112,23600,,
1261979,32,2026-11-11,2112,23600,,
1261979,32,2026-11-14,2112,23600,,
1261979,32,2026-11-15,2112,23600,,
1261979,32,2026-11-16,2112,23600,,
1261979,32,2026-11-17,2112,23600,,
1261979,33,2026-09-18,2096,23600,,
1261979,33,2026-09-20,2096,23600,,
1261979,33,2026-10-04,2112,23600,,
1261979,33,2026-10-05,2112,23600,,
1261979,33,2026-10-11,2112,23600,,
1261979,33,2026-10-12,2112,23600,,
1261979,33,2026-10-13,2112,23600,,
1261979,33,2026-10-14,2112,23600,,
1261979,33,2026-10-15,2112,23600,,
1261979,33,2026-10-18,2112,23600,,
1261979,33,2026-10-19,2112,23600,,
1261979,33,2026-10-20,2112,23600,,
1261979,33,2026-10-21,2112,23600,,
1261979,33,2026-10-22,2112,23600,,
1261979,33,2026-10-26,2112,23600,,
1261979,33,2026-11-07,2112,23600,,
1261979,33,2026-11-08,2112,23600,,
1261979,33,2026-11-09,2112,23600,,
1261979,33,2026-11-10,2112,23600,,
1261979,33,2026-11-11,2112,23600,,
1261979,33,2026-11-14,2112,23600,,
1261979,33,2026-11-15,2112,23600,,
1261979,33,2026-11-16,2112,23600,,
1261979,33,2026-11-17,2112,23600,,
1261979,34,2026-09-18,2096,23600,,
1261979,34,2026-09-20,2096,23600,,
1261979,34,2026-10-04,2112,23600,,
1261979,34,2026-10-05,2112,23600,,
1261979,34,2026-10-11,2112,23600,,
1261979,34,2026-10-12,2112,23600,,
1261979,34,2026-10-13,2112,23600,,
1261979,34,2026-10-14,2112,23600,,
1261979,34,2026-10-15,2112,23600,,
1261979,34,2026-10-18,2112,23600,,
1261979,34,2026-10-19,2112,23600,,
1261979,34,2026-10-20,2112,23600,,
1261979,34,2026-10-21,2112,23600,,
1261979,34,2026-10-22,2112,23600,,
1261979,34,2026-10-26,2112,23600,,
1261979,34,2026-11-07,2112,23600,,
1261979,34,2026-11-08,2112,23600,,
1261979,34,2026-11-09,2112,23600,,
1261979,34,2026-11-10,2112,23600,,
1261979,34,2026-11-11,2112,23600,,
1261979,34,2026-11-14,2112,23600,,
1261979,34,2026-11-15,2112,23600,,
1261979,34,2026-11-16,2112,23600,,
1261979,34,2026-11-17,2112,23600,,
1261979,35,2026-09-17,2433,23600,,
1261979,35,2026-09-18,2441,23600,,
1261979,35,2026-09-19,2437,23600,,
1261979,35,2026-09-20,2441,23600,,
1261979,35,2026-09-21,2432,23600,,
1261979,35,2026-10-02,2457,23600,,
1261979,35,2026-10-04,2457,23600,,
1261979,35,2026-10-05,2457,23600,,
1261979,35,2026-10-10,2457,23600,,
1261979,35,2026-10-11,2457,23600,,
1261979,35,2026-10-12,2457,23600,,
1261979,35,2026-10-13,2457,23600,,
1261979,35,2026-10-14,2457,23600,,
1261979,35,2026-10-15,2457,23600,,
1261979,35,2026-10-17,2457,23600,,
1261979,35,2026-10-18,2457,23600,,
1261979,35,2026-10-19,2457,23600,,
1261979,35,2026-10-20,2457,23600,,
1261979,35,2026-10-21,2457,23600,,
1261979,35,2026-10-22,2457,23600,,
1261979,35,2026-10-23,2457,23600,,
1261979,35,2026-10-24,2457,23600,,
1261979,35,2026-10-26,2457,23600,,
1261979,35,2026-11-07,2457,23600,,
1261979,35,2026-11-08,2457,23600,,
1261979,35,2026-11-09,2457,23600,,
1261979,35,2026-11-10,2457,23600,,
1261979,35,2026-11-11,2457,23600,,
1261979,35,2026-11-14,2457,23600,,
1261979,35,2026-11-15,2457,23600,,
1261979,35,2026-11-16,2457,23600,,
1261979,35,2026-11-17,2457,23600,,
1261979,36,2026-09-17,2433,23600,,
1261979,36,2026-09-18,2441,23600,,
1261979,36,2026-09-19,2437,23600,,
1261979,36,2026-09-20,2441,23600,,
1261979,36,2026-09-21,2432,23600,,
1261979,36,2026-10-02,2457,23600,,
1261979,36,2026-10-04,2457,23600,,
1261979,36,2026-10-05,2457,23600,,
1261979,36,2026-10-10,2457,23600,,
1261979,36,2026-10-11,2457,23600,,
1261979,36,2026-10-12,2457,23600,,
1261979,36,2026-10-13,2457,23600,,
1261979,36,2026-10-14,2457,23600,,
1261979,36,2026-10-15,2457,23600,,
1261979,36,2026-10-17,2457,23600,,
1261979,36,2026-10-18,2457,23600,,
1261979,36,2026-10-19,2457,23600,,
1261979,36,2026-10-20,2457,23600,,
1261979,36,2026-10-21,2457,23600,,
1261979,36,2026-10-22,2457,23600,,
1261979,36,2026-10-23,2457,23600,,
1261979,36,2026-10-24,2457,23600,,
1261979,36,2026-10-26,2457,23600,,
1261979,36,2026-11-07,2457,23600,,
1261979,36,2026-11-08,2457,23600,,
1261979,36,2026-11-09,2457,23600,,
1261979,36,2026-11-10,2457,23600,,
1261979,36,2026-11-11,2457,23600,,
1261979,36,2026-11-14,2457,23600,,
1261979,36,2026-11-15,2457,23600,,
1261979,36,2026-11-16,2457,23600,,
1261979,36,2026-11-17,2457,23600,,
1261979,37,2026-09-17,2433,23600,,
1261979,37,2026-09-18,2441,23600,,
1261979,37,2026-09-19,2437,23600,,
1261979,37,2026-09-20,2441,23600,,
1261979,37,2026-09-21,2432,23600,,
1261979,37,2026-10-02,2457,23600,,
1261979,37,2026-10-04,2457,23600,,
1261979,37,2026-10-05,2457,23600,,
1261979,37,2026-10-10,2457,23600,,
1261979,37,2026-10-11,2457,23600,,
1261979,37,2026-10-12,2457,23600,,
1261979,37,2026-10-13,2457,23600,,
1261979,37,2026-10-14,2457,23600,,
1261979,37,2026-10-15,2457,23600,,
1261979,37,2026-10-17,2457,23600,,
1261979,37,2026-10-18,2457,23600,,
1261979,37,2026-10-19,2457,23600,,
1261979,37,2026-10-20,2457,23600,,
1261979,37,2026-10-21,2457,23600,,
1261979,37,2026-10-22,2457,23600,,
1261979,37,2026-10-23,2457,23600,,
1261979,37,2026-10-24,2457,23600,,
1261979,37,2026-10-26,2457,23600,,
1261979,37,2026-11-07,2457,23600,,
1261979,37,2026-11-08,2457,23600,,
1261979,37,2026-11-09,2457,23600,,
1261979,37,2026-11-10,2457,23600,,
1261979,37,2026-11-11,2457,23600,,
1261979,37,2026-11-14,2457,23600,,
1261979,37,2026-11-15,2457,23600,,
1261979,37,2026-11-16,2457,23600,,
1261979,37,2026-11-17,2457,23600,,
1261979,42,2026-09-15,2774,23600,,
1261979,42,2026-09-16,2770,23600,,
1261979,42,2026-09-17,2778,23600,,
1261979,42,2026-09-18,2786,23600,,
1261979,42,2026-09-19,2782,23600,,
1261979,42,2026-09-20,2786,23600,,
1261979,42,2026-09-21,2777,23600,,
1261979,42,2026-10-02,2802,23600,,
1261979,42,2026-10-04,2802,23600,,
1261979,42,2026-10-05,2802,23600,,
1261979,42,2026-10-10,2802,23600,,
1261979,42,2026-10-11,2802,23600,,
1261979,42,2026-10-12,2802,23600,,
1261979,42,2026-10-13,2802,23600,,
1261979,42,2026-10-14,2802,23600,,
1261979,42,2026-10-15,2802,23600,,
1261979,42,2026-10-17,2802,23600,,
1261979,42,2026-10-18,2802,23600,,
1261979,42,2026-10-19,2802,23600,,
1261979,42,2026-10-20,2802,23600,,
1261979,42,2026-10-21,2802,23600,,
1261979,42,2026-10-22,2802,23600,,
1261979,42,2026-10-23,2802,23600,,
1261979,42,2026-10-24,2802,23600,,
1261979,42,2026-10-26,2802,23600,,
1261979,42,2026-11-07,2802,23600,,
1261979,42,2026-11-08,2802,23600,,
1261979,42,2026-11-09,2802,23600,,
1261979,42,2026-11-10,2802,23600,,
1261979,42,2026-11-11,2802,23600,,
1261979,42,2026-11-14,2802,23600,,
1261979,42,2026-11-15,2802,23600,,
1261979,42,2026-11-16,2802,23600,,
1261979,42,2026-11-17,2802,23600,,
1261979,43,2026-09-15,2774,23600,,
1261979,43,2026-09-16,2770,23600,,
1261979,43,2026-09-17,2778,23600,,
1261979,43,2026-09-18,2786,23600,,
1261979,43,2026-09-19,2782,23600,,
1261979,43,2026-09-20,2786,23600,,
1261979,43,2026-09-21,2777,23600,,
1261979,43,2026-10-02,2802,23600,,
1261979,43,2026-10-04,2802,23600,,
1261979,43,2026-10-05,2802,23600,,
1261979,43,2026-10-10,2802,23600,,
1261979,43,2026-10-11,2802,23600,,
1261979,43,2026-10-12,2802,23600,,
1261979,43,2026-10-13,2802,23600,,
1261979,43,2026-10-14,2802,23600,,
1261979,43,2026-10-15,2802,23600,,
1261979,43,2026-10-17,2802,23600,,
1261979,43,2026-10-18,2802,23600,,
1261979,43,2026-10-19,2802,23600,,
1261979,43,2026-10-20,2802,23600,,
1261979,43,2026-10-21,2802,23600,,
1261979,43,2026-10-22,2802,23600,,
1261979,43,2026-10-23,2802,23600,,
1261979,43,2026-10-24,2802,23600,,
1261979,43,2026-10-26,2802,23600,,
1261979,43,2026-11-07,2802,23600,,
1261979,43,2026-11-08,2802,23600,,
1261979,43,2026-11-09,2802,23600,,
1261979,43,2026-11-10,2802,23600,,
1261979,43,2026-11-11,2802,23600,,
1261979,43,2026-11-14,2802,23600,,
1261979,43,2026-11-15,2802,23600,,
1261979,43,2026-11-16,2802,23600,,
1261979,43,2026-11-17,2802,23600,,
1261979,44,2026-09-15,2774,23600,,
1261979,44,2026-09-16,2770,23600,,
1261979,44,2026-09-17,2778,23600,,
1261979,44,2026-09-18,2786,23600,,
1261979,44,2026-09-19,2782,23600,,
1261979,44,2026-09-20,2786,23600,,
1261979,44,2026-09-21,2777,23600,,
1261979,44,2026-10-02,2802,23600,,
1261979,44,2026-10-04,2802,23600,,
1261979,44,2026-10-05,2802,23600,,
1261979,44,2026-10-10,2802,23600,,
1261979,44,2026-10-11,2802,23600,,
1261979,44,2026-10-12,2802,23600,,
1261979,44,2026-10-13,2802,23600,,
1261979,44,2026-10-14,2802,23600,,
1261979,44,2026-10-15,2802,23600,,
1261979,44,2026-10-17,2802,23600,,
1261979,44,2026-10-18,2802,23600,,
1261979,44,2026-10-19,2802,23600,,
1261979,44,2026-10-20,2802,23600,,
1261979,44,2026-10-21,2802,23600,,
1261979,44,2026-10-22,2802,23600,,
1261979,44,2026-10-23,2802,23600,,
1261979,44,2026-10-24,2802,23600,,
1261979,44,2026-10-26,2802,23600,,
1261979,44,2026-11-07,2802,23600,,
1261979,44,2026-11-08,2802,23600,,
1261979,44,2026-11-09,2802,23600,,
1261979,44,2026-11-10,2802,23600,,
1261979,44,2026-11-11,2802,23600,,
1261979,44,2026-11-14,2802,23600,,
1261979,44,2026-11-15,2802,23600,,
1261979,44,2026-11-16,2802,23600,,
1261979,44,2026-11-17,2802,23600,,
1261979,58,2026-09-18,2096,23600,,
1261979,58,2026-09-20,2096,23600,,
1261979,58,2026-10-04,2112,23600,,
1261979,58,2026-10-05,2112,23600,,
1261979,58,2026-10-11,2112,23600,,
1261979,58,2026-10-12,2112,23600,,
1261979,58,2026-10-13,2112,23600,,
1261979,58,2026-10-14,2112,23600,,
1261979,58,2026-10-15,2112,23600,,
1261979,58,2026-10-18,2112,23600,,
1261979,58,2026-10-19,2112,23600,,
1261979,58,2026-10-20,2112,23600,,
1261979,58,2026-10-21,2112,23600,,
1261979,58,2026-10-22,2112,23600,,
1261979,58,2026-10-26,2112,23600,,
1261979,58,2026-11-07,2112,23600,,
1261979,58,2026-11-08,2112,23600,,
1261979,58,2026-11-09,2112,23600,,
1261979,58,2026-11-10,2112,23600,,
1261979,58,2026-11-11,2112,23600,,
1261979,58,2026-11-14,2112,23600,,
1261979,58,2026-11-15,2112,23600,,
1261979,58,2026-11-16,2112,23600,,
1261979,58,2026-11-17,2112,23600,,
1261979,59,2026-09-17,2433,23600,,
1261979,59,2026-09-18,2441,23600,,
1261979,59,2026-09-19,2437,23600,,
1261979,59,2026-09-20,2441,23600,,
1261979,59,2026-09-21,2432,23600,,
1261979,59,2026-10-02,2457,23600,,
1261979,59,2026-10-04,2457,23600,,
1261979,59,2026-10-05,2457,23600,,
1261979,59,2026-10-10,2457,23600,,
1261979,59,2026-10-11,2457,23600,,
1261979,59,2026-10-12,2457,23600,,
1261979,59,2026-10-13,2457,23600,,
1261979,59,2026-10-14,2457,23600,,
1261979,59,2026-10-15,2457,23600,,
1261979,59,2026-10-17,2457,23600,,
1261979,59,2026-10-18,2457,23600,,
1261979,59,2026-10-19,2457,23600,,
1261979,59,2026-10-20,2457,23600,,
1261979,59,2026-10-21,2457,23600,,
1261979,59,2026-10-22,2457,23600,,
1261979,59,2026-10-23,2457,23600,,
1261979,59,2026-10-24,2457,23600,,
1261979,59,2026-10-26,2457,23600,,
1261979,59,2026-11-07,2457,23600,,
1261979,59,2026-11-08,2457,23600,,
1261979,59,2026-11-09,2457,23600,,
1261979,59,2026-11-10,2457,23600,,
1261979,59,2026-11-11,2457,23600,,
1261979,59,2026-11-14,2457,23600,,
1261979,59,2026-11-15,2457,23600,,
1261979,59,2026-11-16,2457,23600,,
1261979,59,2026-11-17,2457,23600,,
1261979,90,2026-09-18,2096,23600,,
1261979,90,2026-09-20,2096,23600,,
1261979,90,2026-10-04,2112,23600,,
1261979,90,2026-10-05,2112,23600,,
1261979,90,2026-10-11,2112,23600,,
1261979,90,2026-10-12,2112,23600,,
1261979,90,2026-10-13,2112,23600,,
1261979,90,2026-10-14,2112,23600,,
1261979,90,2026-10-15,2112,23600,,
1261979,90,2026-10-18,2112,23600,,
1261979,90,2026-10-19,2112,23600,,
1261979,90,2026-10-20,2112,23600,,
1261979,90,2026-10-21,2112,23600,,
1261979,90,2026-10-22,2112,23600,,
1261979,90,2026-10-26,2112,23600,,
1261979,90,2026-11-07,2112,23600,,
1261979,90,2026-11-08,2112,23600,,
1261979,90,2026-11-09,2112,23600,,
1261979,90,2026-11-10,2112,23600,,
1261979,90,2026-11-11,2112,23600,,
1261979,90,2026-11-14,2112,23600,,
1261979,90,2026-11-15,2112,23600,,
1261979,90,2026-11-16,2112,23600,,
1261979,90,2026-11-17,2112,23600,,
1263729,17,2026-09-16,1256,20000,,
1263729,17,2026-09-17,1256,20000,,
1263729,17,2026-09-18,1256,20000,,
1263729,17,2026-09-19,1256,20000,,
1263729,17,2026-09-20,1256,20000,,
1263729,17,2026-09-21,1256,20000,,
1263729,18,2026-09-16,1256,20000,,
1263729,18,2026-09-17,1256,20000,,
1263729,18,2026-09-18,1256,20000,,
1263729,18,2026-09-19,1256,20000,,
1263729,18,2026-09-20,1256,20000,,
1263729,18,2026-09-21,1256,20000,,
1263729,50,2026-09-16,1256,20000,,
1263729,50,2026-09-17,1256,20000,,
1263729,50,2026-09-18,1256,20000,,
1263729,50,2026-09-19,1256,20000,,
1263729,50,2026-09-20,1256,20000,,
1263729,50,2026-09-21,1256,20000,,
1265433,15,2026-09-17,1565,23600,,
1265433,15,2026-09-18,1556,23600,,
1265433,15,2026-09-19,1556,23600,,
1265433,17,2026-09-21,1785,23600,,
1265433,18,2026-09-21,1785,23600,,
1265433,35,2026-09-21,3545,23600,,
1265433,36,2026-09-21,3545,23600,,
1265433,38,2026-09-17,1565,23600,,
1265433,38,2026-09-18,1556,23600,,
1265433,38,2026-09-19,1556,23600,,
1267644,15,2026-10-01,1550,23600,,
1267644,15,2026-10-04,1550,23600,,
1267644,15,2026-10-05,1550,23600,,
1267644,15,2026-10-06,1550,23600,,
1267644,15,2026-10-07,1550,23600,,
1267644,15,2026-10-08,1550,23600,,
1267644,15,2026-10-11,1550,23600,,
1267644,15,2026-10-12,1550,23600,,
1267644,15,2026-10-13,1550,23600,,
1267644,15,2026-10-14,1550,23600,,
1267644,15,2026-10-15,1550,23600,,
1267644,15,2026-10-18,1550,23600,,
1267644,15,2026-10-19,1550,23600,,
1267644,15,2026-10-20,1550,23600,,
1267644,15,2026-10-21,1550,23600,,
1267644,15,2026-10-22,1550,23600,,
1267644,15,2026-10-26,1550,23600,,
1267644,15,2026-10-27,1550,23600,,
1267644,15,2026-10-28,1550,23600,,
1267644,15,2026-10-29,1550,23600,,
1267644,16,2026-10-01,1619,23600,,
1267644,16,2026-10-04,1619,23600,,
1267644,16,2026-10-05,1619,23600,,
1267644,16,2026-10-06,1619,23600,,
1267644,16,2026-10-07,1619,23600,,
1267644,16,2026-10-08,1619,23600,,
1267644,16,2026-10-11,1619,23600,,
1267644,16,2026-10-12,1619,23600,,
1267644,16,2026-10-13,1619,23600,,
1267644,16,2026-10-14,1619,23600,,
1267644,16,2026-10-15,1619,23600,,
1267644,16,2026-10-18,1619,23600,,
1267644,16,2026-10-19,1619,23600,,
1267644,16,2026-10-20,1619,23600,,
1267644,16,2026-10-21,1619,23600,,
1267644,16,2026-10-22,1619,23600,,
1267644,16,2026-10-26,1619,23600,,
1267644,16,2026-10-27,1619,23600,,
1267644,16,2026-10-28,1619,23600,,
1267644,16,2026-10-29,1619,23600,,
1267644,38,2026-10-01,1550,23600,,
1267644,38,2026-10-04,1550,23600,,
1267644,38,2026-10-05,1550,23600,,
1267644,38,2026-10-06,1550,23600,,
1267644,38,2026-10-07,1550,23600,,
1267644,38,2026-10-08,1550,23600,,
1267644,38,2026-10-11,1550,23600,,
1267644,38,2026-10-12,1550,23600,,
1267644,38,2026-10-13,1550,23600,,
1267644,38,2026-10-14,1550,23600,,
1267644,38,2026-10-15,1550,23600,,
1267644,38,2026-10-18,1550,23600,,
1267644,38,2026-10-19,1550,23600,,
1267644,38,2026-10-20,1550,23600,,
1267644,38,2026-10-21,1550,23600,,
1267644,38,2026-10-22,1550,23600,,
1267644,38,2026-10-26,1550,23600,,
1267644,38,2026-10-27,1550,23600,,
1267644,38,2026-10-28,1550,23600,,
1267644,38,2026-10-29,1550,23600,,
1267644,52,2026-10-01,1619,23600,,
1267644,52,2026-10-04,1619,23600,,
1267644,52,2026-10-05,1619,23600,,
1267644,52,2026-10-06,1619,23600,,
1267644,52,2026-10-07,1619,23600,,
1267644,52,2026-10-08,1619,23600,,
1267644,52,2026-10-11,1619,23600,,
1267644,52,2026-10-12,1619,23600,,
1267644,52,2026-10-13,1619,23600,,
1267644,52,2026-10-14,1619,23600,,
1267644,52,2026-10-15,1619,23600,,
1267644,52,2026-10-18,1619,23600,,
1267644,52,2026-10-19,1619,23600,,
1267644,52,2026-10-20,1619,23600,,
1267644,52,2026-10-21,1619,23600,,
1267644,52,2026-10-22,1619,23600,,
1267644,52,2026-10-26,1619,23600,,
1267644,52,2026-10-27,1619,23600,,
1267644,52,2026-10-28,1619,23600,,
1267644,52,2026-10-29,1619,23600,,
1267644,76,2026-10-01,1550,23600,,
1267644,76,2026-10-04,1550,23600,,
1267644,76,2026-10-05,1550,23600,,
1267644,76,2026-10-06,1550,23600,,
1267644,76,2026-10-07,1550,23600,,
1267644,76,2026-10-08,1550,23600,,
1267644,76,2026-10-11,1550,23600,,
1267644,76,2026-10-12,1550,23600,,
1267644,76,2026-10-13,1550,23600,,
1267644,76,2026-10-14,1550,23600,,
1267644,76,2026-10-15,1550,23600,,
1267644,76,2026-10-18,1550,23600,,
1267644,76,2026-10-19,1550,23600,,
1267644,76,2026-10-20,1550,23600,,
1267644,76,2026-10-21,1550,23600,,
1267644,76,2026-10-22,1550,23600,,
1267644,76,2026-10-26,1550,23600,,
1267644,76,2026-10-27,1550,23600,,
1267644,76,2026-10-28,1550,23600,,
1267644,76,2026-10-29,1550,23600,,
1269736,17,2026-09-15,1900,27848,,
1269736,17,2026-09-16,1900,27848,,
1269736,17,2026-09-17,1900,27848,,
1269736,17,2026-09-18,1900,27848,,
1269736,17,2026-09-19,1900,27848,,
1269736,17,2026-09-21,1900,27848,,
1269736,18,2026-09-15,1900,27848,,
1269736,18,2026-09-16,1900,27848,,
1269736,18,2026-09-17,1900,27848,,
1269736,18,2026-09-18,1900,27848,,
1269736,18,2026-09-19,1900,27848,,
1269736,18,2026-09-21,1900,27848,,
1269736,24179,2026-09-15,3073,27848,,
1269736,24179,2026-09-16,3073,27848,,
1269736,24179,2026-09-17,3073,27848,,
1269736,24179,2026-09-18,3073,27848,,
1269736,24179,2026-09-19,3073,27848,,
1269736,24179,2026-09-21,3073,27848,,
1269736,29,2026-09-15,3073,27848,,
1269736,29,2026-09-16,3073,27848,,
1269736,29,2026-09-17,3073,27848,,
1269736,29,2026-09-18,3073,27848,,
1269736,29,2026-09-19,3073,27848,,
1269736,29,2026-09-21,3073,27848,,
1269736,30,2026-09-15,3073,27848,,
1269736,30,2026-09-16,3073,27848,,
1269736,30,2026-09-17,3073,27848,,
1269736,30,2026-09-18,3073,27848,,
1269736,30,2026-09-19,3073,27848,,
1269736,30,2026-09-21,3073,27848,,
1269736,31,2026-09-15,3073,27848,,
1269736,31,2026-09-16,3073,27848,,
1269736,31,2026-09-17,3073,27848,,
1269736,31,2026-09-18,3073,27848,,
1269736,31,2026-09-19,3073,27848,,
1269736,31,2026-09-21,3073,27848,,
1269736,32,2026-09-15,3073,27848,,
1269736,32,2026-09-16,3073,27848,,
1269736,32,2026-09-17,3073,27848,,
1269736,32,2026-09-18,3073,27848,,
1269736,32,2026-09-19,3073,27848,,
1269736,32,2026-09-21,3073,27848,,
1269736,33,2026-09-15,3073,27848,,
1269736,33,2026-09-16,3073,27848,,
1269736,33,2026-09-17,3073,27848,,
1269736,33,2026-09-18,3073,27848,,
1269736,33,2026-09-19,3073,27848,,
1269736,33,2026-09-21,3073,27848,,
1269736,34,2026-09-15,3073,27848,,
1269736,34,2026-09-16,3073,27848,,
1269736,34,2026-09-17,3073,27848,,
1269736,34,2026-09-18,3073,27848,,
1269736,34,2026-09-19,3073,27848,,
1269736,34,2026-09-21,3073,27848,,
1269736,35,2026-09-15,3556,27848,,
1269736,35,2026-09-16,3556,27848,,
1269736,35,2026-09-17,3556,27848,,
1269736,35,2026-09-18,3556,27848,,
1269736,35,2026-09-19,3556,27848,,
1269736,35,2026-09-21,3556,27848,,
1269736,36,2026-09-15,3556,27848,,
1269736,36,2026-09-16,3556,27848,,
1269736,36,2026-09-17,3556,27848,,
1269736,36,2026-09-18,3556,27848,,
1269736,36,2026-09-19,3556,27848,,
1269736,36,2026-09-21,3556,27848,,
1269736,37,2026-09-15,3556,27848,,
1269736,37,2026-09-16,3556,27848,,
1269736,37,2026-09-17,3556,27848,,
1269736,37,2026-09-18,3556,27848,,
1269736,37,2026-09-19,3556,27848,,
1269736,37,2026-09-21,3556,27848,,
1269736,42,2026-09-15,4039,27848,,
1269736,42,2026-09-16,4039,27848,,
1269736,42,2026-09-17,4039,27848,,
1269736,42,2026-09-18,4039,27848,,
1269736,42,2026-09-19,4039,27848,,
1269736,42,2026-09-21,4039,27848,,
1269736,43,2026-09-15,4039,27848,,
1269736,43,2026-09-16,4039,27848,,
1269736,43,2026-09-17,4039,27848,,
1269736,43,2026-09-18,4039,27848,,
1269736,43,2026-09-19,4039,27848,,
1269736,43,2026-09-21,4039,27848,,
1269736,44,2026-09-15,4039,27848,,
1269736,44,2026-09-16,4039,27848,,
1269736,44,2026-09-17,4039,27848,,
1269736,44,2026-09-18,4039,27848,,
1269736,44,2026-09-19,4039,27848,,
1269736,44,2026-09-21,4039,27848,,
1269736,57,2026-09-15,3073,27848,,
1269736,57,2026-09-16,3073,27848,,
1269736,57,2026-09-17,3073,27848,,
1269736,57,2026-09-18,3073,27848,,
1269736,57,2026-09-19,3073,27848,,
1269736,57,2026-09-21,3073,27848,,
1269736,58,2026-09-15,3073,27848,,
1269736,58,2026-09-16,3073,27848,,
1269736,58,2026-09-17,3073,27848,,
1269736,58,2026-09-18,3073,27848,,
1269736,58,2026-09-19,3073,27848,,
1269736,58,2026-09-21,3073,27848,,
1269736,59,2026-09-15,3556,27848,,
1269736,59,2026-09-16,3556,27848,,
1269736,59,2026-09-17,3556,27848,,
1269736,59,2026-09-18,3556,27848,,
1269736,59,2026-09-19,3556,27848,,
1269736,59,2026-09-21,3556,27848,,
1269736,89,2026-09-15,3073,27848,,
1269736,89,2026-09-16,3073,27848,,
1269736,89,2026-09-17,3073,27848,,
1269736,89,2026-09-18,3073,27848,,
1269736,89,2026-09-19,3073,27848,,
1269736,89,2026-09-21,3073,27848,,
1269736,90,2026-09-15,3073,27848,,
1269736,90,2026-09-16,3073,27848,,
1269736,90,2026-09-17,3073,27848,,
1269736,90,2026-09-18,3073,27848,,
1269736,90,2026-09-19,3073,27848,,
1269736,90,2026-09-21,3073,27848,,
1281900,21,2026-09-20,2140,23600,,
1281900,22,2026-09-20,2140,23600,,
1281900,23,2026-09-20,2140,23600,,
1281900,24,2026-09-20,2140,23600,,
1281900,27,2026-09-15,2633,23600,,
1281900,27,2026-09-16,2633,23600,,
1281900,27,2026-09-17,2633,23600,,
1281900,28,2026-09-15,2633,23600,,
1281900,28,2026-09-16,2633,23600,,
1281900,28,2026-09-17,2633,23600,,
1281900,29,2026-09-15,2633,23600,,
1281900,29,2026-09-16,2633,23600,,
1281900,29,2026-09-17,2633,23600,,
1281900,30,2026-09-15,2633,23600,,
1281900,30,2026-09-16,2633,23600,,
1281900,30,2026-09-17,2633,23600,,
1281900,31,2026-09-15,2633,23600,,
1281900,31,2026-09-16,2633,23600,,
1281900,31,2026-09-17,2633,23600,,
1281900,32,2026-09-15,2633,23600,,
1281900,32,2026-09-16,2633,23600,,
1281900,32,2026-09-17,2633,23600,,
1281900,33,2026-09-15,2633,23600,,
1281900,33,2026-09-16,2633,23600,,
1281900,33,2026-09-17,2633,23600,,
1281900,34,2026-09-15,2633,23600,,
1281900,34,2026-09-16,2633,23600,,
1281900,34,2026-09-17,2633,23600,,
1281900,39,2026-09-20,2140,23600,,
1281900,40,2026-09-20,2140,23600,,
1281900,57,2026-09-15,2633,23600,,
1281900,57,2026-09-16,2633,23600,,
1281900,57,2026-09-17,2633,23600,,
1281900,83,2026-09-20,2140,23600,,
1288538,27,2026-09-17,2140,23600,,
1288538,28,2026-09-17,2140,23600,,
1292558,29,2026-09-21,2481,23600,,
1292558,30,2026-09-21,2481,23600,,
1292558,31,2026-09-21,2481,23600,,
1292558,32,2026-09-21,2550,23600,,
1292558,33,2026-09-21,2550,23600,,
1292558,34,2026-09-21,2550,23600,,
1292558,57,2026-09-21,2481,23600,,
1292887,21,2026-09-15,1556,20000,,
1292887,21,2026-09-16,1556,20000,,
1292887,21,2026-09-17,1556,20000,,
1292887,21,2026-09-18,1556,20000,,
1292887,21,2026-09-19,1556,20000,,
1292887,21,2026-09-20,1556,20000,,
1292887,21,2026-09-21,1556,20000,,
1292887,22,2026-09-15,1556,20000,,
1292887,22,2026-09-16,1556,20000,,
1292887,22,2026-09-17,1556,20000,,
1292887,22,2026-09-18,1556,20000,,
1292887,22,2026-09-19,1556,20000,,
1292887,22,2026-09-20,1556,20000,,
1292887,22,2026-09-21,1556,20000,,
1292887,39,2026-09-15,1556,20000,,
1292887,39,2026-09-16,1556,20000,,
1292887,39,2026-09-17,1556,20000,,
1292887,39,2026-09-18,1556,20000,,
1292887,39,2026-09-19,1556,20000,,
1292887,39,2026-09-20,1556,20000,,
1292887,39,2026-09-21,1556,20000,,
1292887,83,2026-09-15,1556,20000,,
1292887,83,2026-09-16,1556,20000,,
1292887,83,2026-09-17,1556,20000,,
1292887,83,2026-09-18,1556,20000,,
1292887,83,2026-09-19,1556,20000,,
1292887,83,2026-09-20,1556,20000,,
1292887,83,2026-09-21,1556,20000,,
1298362,19,2026-09-16,1859,23600,,
1298362,20,2026-09-16,1859,23600,,
1298362,27,2026-09-21,2783,23600,,
1298362,28,2026-09-21,2783,23600,,
1298362,51,2026-09-16,1859,23600,,
1298420,25,2026-09-15,1344,23600,,
1298420,25,2026-09-23,1338,23600,,
1298420,25,2026-09-25,1338,23600,,
1298420,25,2026-09-26,1338,23600,,
1298420,25,2026-09-27,1338,23600,,
1298420,25,2026-09-28,1338,23600,,
1298420,25,2026-09-29,1338,23600,,
1298420,25,2026-09-30,1338,23600,,
1298420,25,2026-10-02,1338,23600,,
1298420,25,2026-10-04,1338,23600,,
1298420,25,2026-10-05,1338,23600,,
1298420,25,2026-10-06,1338,23600,,
1298420,25,2026-10-07,1338,23600,,
1298420,25,2026-10-08,1338,23600,,
1298420,25,2026-10-09,1338,23600,,
1298420,25,2026-10-10,1338,23600,,
1298420,25,2026-10-11,1338,23600,,
1298420,25,2026-10-12,1338,23600,,
1298420,25,2026-10-13,1338,23600,,
1298420,25,2026-10-14,1338,23600,,
1298420,25,2026-10-15,1338,23600,,
1298420,26,2026-09-15,1344,23600,,
1298420,26,2026-09-23,1338,23600,,
1298420,26,2026-09-25,1338,23600,,
1298420,26,2026-09-26,1338,23600,,
1298420,26,2026-09-27,1338,23600,,
1298420,26,2026-09-28,1338,23600,,
1298420,26,2026-09-29,1338,23600,,
1298420,26,2026-09-30,1338,23600,,
1298420,26,2026-10-02,1338,23600,,
1298420,26,2026-10-04,1338,23600,,
1298420,26,2026-10-05,1338,23600,,
1298420,26,2026-10-06,1338,23600,,
1298420,26,2026-10-07,1338,23600,,
1298420,26,2026-10-08,1338,23600,,
1298420,26,2026-10-09,1338,23600,,
1298420,26,2026-10-10,1338,23600,,
1298420,26,2026-10-11,1338,23600,,
1298420,26,2026-10-12,1338,23600,,
1298420,26,2026-10-13,1338,23600,,
1298420,26,2026-10-14,1338,23600,,
1298420,26,2026-10-15,1338,23600,,
1307656,27,2026-12-02,1782,23600,,
1307656,27,2026-12-03,1782,23600,,
1307656,27,2026-12-06,1782,23600,,
1307656,28,2026-12-02,1782,23600,,
1307656,28,2026-12-03,1782,23600,,
1307656,28,2026-12-06,1782,23600,,
1314078,15,2026-09-16,1369,23600,,
1314078,15,2026-09-17,1369,23600,,
1314078,15,2026-10-06,1369,23600,,
1314078,15,2026-10-07,1369,23600,,
1314078,15,2026-10-08,1369,23600,,
1314078,16,2026-09-16,1472,23600,,
1314078,16,2026-09-17,1472,23600,,
1314078,16,2026-10-06,1472,23600,,
1314078,16,2026-10-07,1472,23600,,
1314078,16,2026-10-08,1472,23600,,
1314078,17,2026-09-16,1714,23600,,
1314078,17,2026-09-17,1714,23600,,
1314078,17,2026-09-20,1714,23600,,
1314078,17,2026-09-24,1714,23600,,
1314078,17,2026-10-06,1714,23600,,
1314078,17,2026-10-07,1714,23600,,
1314078,17,2026-10-08,1714,23600,,
1314078,18,2026-09-16,1714,23600,,
1314078,18,2026-09-17,1714,23600,,
1314078,18,2026-09-20,1714,23600,,
1314078,18,2026-09-24,1714,23600,,
1314078,18,2026-10-06,1714,23600,,
1314078,18,2026-10-07,1714,23600,,
1314078,18,2026-10-08,1714,23600,,
1314078,19,2026-09-16,1817,23600,,
1314078,19,2026-09-17,1817,23600,,
1314078,19,2026-09-20,1817,23600,,
1314078,19,2026-09-24,1817,23600,,
1314078,19,2026-10-06,1817,23600,,
1314078,19,2026-10-07,1817,23600,,
1314078,19,2026-10-08,1817,23600,,
1314078,20,2026-09-16,1817,23600,,
1314078,20,2026-09-17,1817,23600,,
1314078,20,2026-09-20,1817,23600,,
1314078,20,2026-09-24,1817,23600,,
1314078,20,2026-10-06,1817,23600,,
1314078,20,2026-10-07,1817,23600,,
1314078,20,2026-10-08,1817,23600,,
1314078,21,2026-10-30,2168,23600,,
1314078,21,2026-10-31,2168,23600,,
1314078,21,2026-11-06,2170,23600,,
1314078,21,2026-11-13,2168,23600,,
1314078,21,2026-11-27,2168,23600,,
1314078,21,2026-11-28,2168,23600,,
1314078,22,2026-10-30,2168,23600,,
1314078,22,2026-10-31,2168,23600,,
1314078,22,2026-11-06,2170,23600,,
1314078,22,2026-11-13,2168,23600,,
1314078,22,2026-11-27,2168,23600,,
1314078,22,2026-11-28,2168,23600,,
1314078,23,2026-10-30,2306,23600,,
1314078,23,2026-10-31,2306,23600,,
1314078,23,2026-11-06,2308,23600,,
1314078,23,2026-11-13,2306,23600,,
1314078,23,2026-11-27,2306,23600,,
1314078,23,2026-11-28,2306,23600,,
1314078,24,2026-10-30,2306,23600,,
1314078,24,2026-10-31,2306,23600,,
1314078,24,2026-11-06,2308,23600,,
1314078,24,2026-11-13,2306,23600,,
1314078,24,2026-11-27,2306,23600,,
1314078,24,2026-11-28,2306,23600,,
1314078,27,2026-10-30,2720,23600,,
1314078,27,2026-10-31,2720,23600,,
1314078,27,2026-11-06,2722,23600,,
1314078,27,2026-11-13,2720,23600,,
1314078,27,2026-11-27,2720,23600,,
1314078,27,2026-11-28,2720,23600,,
1314078,28,2026-10-30,2720,23600,,
1314078,28,2026-10-31,2720,23600,,
1314078,28,2026-11-06,2722,23600,,
1314078,28,2026-11-13,2720,23600,,
1314078,28,2026-11-27,2720,23600,,
1314078,28,2026-11-28,2720,23600,,
1314078,38,2026-09-16,1369,23600,,
1314078,38,2026-09-17,1369,23600,,
1314078,38,2026-10-06,1369,23600,,
1314078,38,2026-10-07,1369,23600,,
1314078,38,2026-10-08,1369,23600,,
1314078,39,2026-10-30,2168,23600,,
1314078,39,2026-10-31,2168,23600,,
1314078,39,2026-11-06,2170,23600,,
1314078,39,2026-11-13,2168,23600,,
1314078,39,2026-11-27,2168,23600,,
1314078,39,2026-11-28,2168,23600,,
1314078,40,2026-10-30,2306,23600,,
1314078,40,2026-10-31,2306,23600,,
1314078,40,2026-11-06,2308,23600,,
1314078,40,2026-11-13,2306,23600,,
1314078,40,2026-11-27,2306,23600,,
1314078,40,2026-11-28,2306,23600,,
1314078,50,2026-09-16,1714,23600,,
1314078,50,2026-09-17,1714,23600,,
1314078,50,2026-09-20,1714,23600,,
1314078,50,2026-09-24,1714,23600,,
1314078,50,2026-10-06,1714,23600,,
1314078,50,2026-10-07,1714,23600,,
1314078,50,2026-10-08,1714,23600,,
1314078,52,2026-09-16,1472,23600,,
1314078,52,2026-09-17,1472,23600,,
1314078,52,2026-10-06,1472,23600,,
1314078,52,2026-10-07,1472,23600,,
1314078,52,2026-10-08,1472,23600,,
1314078,76,2026-09-16,1369,23600,,
1314078,76,2026-09-17,1369,23600,,
1314078,76,2026-10-06,1369,23600,,
1314078,76,2026-10-07,1369,23600,,
1314078,76,2026-10-08,1369,23600,,
1314078,83,2026-10-30,2168,23600,,
1314078,83,2026-10-31,2168,23600,,
1314078,83,2026-11-06,2170,23600,,
1314078,83,2026-11-13,2168,23600,,
1314078,83,2026-11-27,2168,23600,,
1314078,83,2026-11-28,2168,23600,,
1319620,17,2026-09-25,1350,23600,,
1319620,18,2026-09-25,1350,23600,,
1319620,21,2026-09-25,1488,23600,,
1319620,22,2026-09-25,1488,23600,,
1319620,32,2026-09-20,1955,23600,,
1319620,33,2026-09-20,1955,23600,,
1319620,34,2026-09-20,1955,23600,,
1319620,35,2026-09-25,2316,23600,,
1319620,36,2026-09-25,2316,23600,,
1319620,37,2026-09-25,2316,23600,,
1319620,39,2026-09-25,1488,23600,,
1319620,58,2026-09-20,1955,23600,,
1322829,23,2026-09-20,1736,20000,,
1322829,23,2026-09-21,1736,20000,,
1322829,23,2026-09-22,1736,20000,,
1322829,23,2026-09-23,1736,20000,,
1322829,23,2026-09-24,1736,20000,,
1322829,24,2026-09-20,1736,20000,,
1322829,24,2026-09-21,1736,20000,,
1322829,24,2026-09-22,1736,20000,,
1322829,24,2026-09-23,1736,20000,,
1322829,24,2026-09-24,1736,20000,,
1322829,27,2026-09-25,2081,20000,,
1322829,28,2026-09-25,2081,20000,,
1322829,40,2026-09-20,1736,20000,,
1322829,40,2026-09-21,1736,20000,,
1322829,40,2026-09-22,1736,20000,,
1322829,40,2026-09-23,1736,20000,,
1322829,40,2026-09-24,1736,20000,,
1324743,35,2026-10-09,3352,27848,,
1324743,36,2026-10-09,3352,27848,,
1326972,42,2026-09-18,2286,23600,,
1326972,42,2026-09-19,2286,23600,,
1326972,43,2026-09-18,2286,23600,,
1326972,43,2026-09-19,2286,23600,,
1326972,44,2026-09-18,2286,23600,,
1326972,44,2026-09-19,2286,23600,,
1327100,17,2026-09-15,2230,23600,,
1327100,17,2026-09-16,2229,23600,,
1327100,17,2026-09-17,2230,23600,,
1327100,17,2026-09-18,2229,23600,,
1327100,17,2026-09-19,2229,23600,,
1327100,17,2026-09-20,2229,23600,,
1327100,17,2026-09-21,2229,23600,,
1327100,18,2026-09-15,2230,23600,,
1327100,18,2026-09-16,2229,23600,,
1327100,18,2026-09-17,2230,23600,,
1327100,18,2026-09-18,2229,23600,,
1327100,18,2026-09-19,2229,23600,,
1327100,18,2026-09-20,2229,23600,,
1327100,18,2026-09-21,2229,23600,,
1327100,19,2026-09-15,2333,23600,,
1327100,19,2026-09-16,2332,23600,,
1327100,19,2026-09-17,2333,23600,,
1327100,19,2026-09-18,2332,23600,,
1327100,19,2026-09-19,2332,23600,,
1327100,19,2026-09-20,2332,23600,,
1327100,19,2026-09-21,2332,23600,,
1327100,20,2026-09-15,2333,23600,,
1327100,20,2026-09-16,2332,23600,,
1327100,20,2026-09-17,2333,23600,,
1327100,20,2026-09-18,2332,23600,,
1327100,20,2026-09-19,2332,23600,,
1327100,20,2026-09-20,2332,23600,,
1327100,20,2026-09-21,2332,23600,,
1327100,21,2026-09-15,2506,23600,,
1327100,21,2026-09-16,2505,23600,,
1327100,21,2026-09-17,2506,23600,,
1327100,21,2026-09-18,2505,23600,,
1327100,21,2026-09-19,2505,23600,,
1327100,21,2026-09-20,2505,23600,,
1327100,21,2026-09-21,2505,23600,,
1327100,22,2026-09-15,2506,23600,,
1327100,22,2026-09-16,2505,23600,,
1327100,22,2026-09-17,2506,23600,,
1327100,22,2026-09-18,2505,23600,,
1327100,22,2026-09-19,2505,23600,,
1327100,22,2026-09-20,2505,23600,,
1327100,22,2026-09-21,2505,23600,,
1327100,23,2026-09-15,2609,23600,,
1327100,23,2026-09-16,2608,23600,,
1327100,23,2026-09-17,2609,23600,,
1327100,23,2026-09-18,2608,23600,,
1327100,23,2026-09-19,2608,23600,,
1327100,23,2026-09-20,2608,23600,,
1327100,23,2026-09-21,2608,23600,,
1327100,24,2026-09-15,2609,23600,,
1327100,24,2026-09-16,2608,23600,,
1327100,24,2026-09-17,2609,23600,,
1327100,24,2026-09-18,2608,23600,,
1327100,24,2026-09-19,2608,23600,,
1327100,24,2026-09-20,2608,23600,,
1327100,24,2026-09-21,2608,23600,,
1327100,27,2026-09-15,2954,23600,,
1327100,27,2026-09-16,2953,23600,,
1327100,27,2026-09-17,2954,23600,,
1327100,27,2026-09-18,2953,23600,,
1327100,27,2026-09-19,2953,23600,,
1327100,27,2026-09-20,2953,23600,,
1327100,27,2026-09-21,2953,23600,,
1327100,28,2026-09-15,2954,23600,,
1327100,28,2026-09-16,2953,23600,,
1327100,28,2026-09-17,2954,23600,,
1327100,28,2026-09-18,2953,23600,,
1327100,28,2026-09-19,2953,23600,,
1327100,28,2026-09-20,2953,23600,,
1327100,28,2026-09-21,2953,23600,,
1327100,29,2026-09-15,2920,23600,,
1327100,29,2026-09-16,2919,23600,,
1327100,29,2026-09-17,2920,23600,,
1327100,29,2026-09-18,2919,23600,,
1327100,29,2026-09-19,2919,23600,,
1327100,29,2026-09-20,2919,23600,,
1327100,29,2026-09-21,2919,23600,,
1327100,30,2026-09-15,2920,23600,,
1327100,30,2026-09-16,2919,23600,,
1327100,30,2026-09-17,2920,23600,,
1327100,30,2026-09-18,2919,23600,,
1327100,30,2026-09-19,2919,23600,,
1327100,30,2026-09-20,2919,23600,,
1327100,30,2026-09-21,2919,23600,,
1327100,31,2026-09-15,2920,23600,,
1327100,31,2026-09-16,2919,23600,,
1327100,31,2026-09-17,2920,23600,,
1327100,31,2026-09-18,2919,23600,,
1327100,31,2026-09-19,2919,23600,,
1327100,31,2026-09-20,2919,23600,,
1327100,31,2026-09-21,2919,23600,,
1327100,32,2026-09-15,3023,23600,,
1327100,32,2026-09-16,3022,23600,,
1327100,32,2026-09-17,3023,23600,,
1327100,32,2026-09-18,3022,23600,,
1327100,32,2026-09-19,3022,23600,,
1327100,32,2026-09-20,3022,23600,,
1327100,32,2026-09-21,3022,23600,,
1327100,33,2026-09-15,3023,23600,,
1327100,33,2026-09-16,3022,23600,,
1327100,33,2026-09-17,3023,23600,,
1327100,33,2026-09-18,3022,23600,,
1327100,33,2026-09-19,3022,23600,,
1327100,33,2026-09-20,3022,23600,,
1327100,33,2026-09-21,3022,23600,,
1327100,34,2026-09-15,3023,23600,,
1327100,34,2026-09-16,3022,23600,,
1327100,34,2026-09-17,3023,23600,,
1327100,34,2026-09-18,3022,23600,,
1327100,34,2026-09-19,3022,23600,,
1327100,34,2026-09-20,3022,23600,,
1327100,34,2026-09-21,3022,23600,,
1327100,35,2026-09-15,3368,23600,,
1327100,35,2026-09-16,3367,23600,,
1327100,35,2026-09-17,3368,23600,,
1327100,35,2026-09-18,3367,23600,,
1327100,35,2026-09-19,3367,23600,,
1327100,35,2026-09-20,3367,23600,,
1327100,35,2026-09-21,3367,23600,,
1327100,36,2026-09-15,3368,23600,,
1327100,36,2026-09-16,3367,23600,,
1327100,36,2026-09-17,3368,23600,,
1327100,36,2026-09-18,3367,23600,,
1327100,36,2026-09-19,3367,23600,,
1327100,36,2026-09-20,3367,23600,,
1327100,36,2026-09-21,3367,23600,,
1327100,39,2026-09-15,2506,23600,,
1327100,39,2026-09-16,2505,23600,,
1327100,39,2026-09-17,2506,23600,,
1327100,39,2026-09-18,2505,23600,,
1327100,39,2026-09-19,2505,23600,,
1327100,39,2026-09-20,2505,23600,,
1327100,39,2026-09-21,2505,23600,,
1327100,40,2026-09-15,2609,23600,,
1327100,40,2026-09-16,2608,23600,,
1327100,40,2026-09-17,2609,23600,,
1327100,40,2026-09-18,2608,23600,,
1327100,40,2026-09-19,2608,23600,,
1327100,40,2026-09-20,2608,23600,,
1327100,40,2026-09-21,2608,23600,,
1327100,50,2026-09-15,2230,23600,,
1327100,50,2026-09-16,2229,23600,,
1327100,50,2026-09-17,2230,23600,,
1327100,50,2026-09-18,2229,23600,,
1327100,50,2026-09-19,2229,23600,,
1327100,50,2026-09-20,2229,23600,,
1327100,50,2026-09-21,2229,23600,,
1327100,57,2026-09-15,2920,23600,,
1327100,57,2026-09-16,2919,23600,,
1327100,57,2026-09-17,2920,23600,,
1327100,57,2026-09-18,2919,23600,,
1327100,57,2026-09-19,2919,23600,,
1327100,57,2026-09-20,2919,23600,,
1327100,57,2026-09-21,2919,23600,,
1327100,83,2026-09-15,2506,23600,,
1327100,83,2026-09-16,2505,23600,,
1327100,83,2026-09-17,2506,23600,,
1327100,83,2026-09-18,2505,23600,,
1327100,83,2026-09-19,2505,23600,,
1327100,83,2026-09-20,2505,23600,,
1327100,83,2026-09-21,2505,23600,,
1336968,17,2026-10-29,2167,20000,,
1336968,18,2026-10-29,2167,20000,,
1336968,19,2026-10-29,2167,20000,,
1336968,20,2026-10-29,2167,20000,,
1336968,25,2026-12-09,2501,20000,,
1336968,25,2026-12-10,2501,20000,,
1336968,26,2026-12-09,2501,20000,,
1336968,26,2026-12-10,2501,20000,,
1336968,29,2026-09-15,5480,20000,,
1336968,29,2026-09-16,5480,20000,,
1336968,29,2026-09-17,5480,20000,,
1336968,29,2026-09-20,5480,20000,,
1336968,29,2026-09-23,5480,20000,,
1336968,29,2026-09-24,5480,20000,,
1336968,29,2026-09-27,5480,20000,,
1336968,29,2026-09-28,5480,20000,,
1336968,29,2026-09-29,5480,20000,,
1336968,29,2026-09-30,5480,20000,,
1336968,29,2026-10-06,5960,20000,,
1336968,29,2026-10-07,5960,20000,,
1336968,29,2026-10-08,5960,20000,,
1336968,29,2026-12-01,5915,20000,,
1336968,29,2026-12-07,5915,20000,,
1336968,29,2026-12-08,5915,20000,,
1336968,29,2026-12-13,5915,20000,,
1336968,29,2026-12-14,5915,20000,,
1336968,30,2026-09-15,5480,20000,,
1336968,30,2026-09-16,5480,20000,,
1336968,30,2026-09-17,5480,20000,,
1336968,30,2026-09-20,5480,20000,,
1336968,30,2026-09-23,5480,20000,,
1336968,30,2026-09-24,5480,20000,,
1336968,30,2026-09-27,5480,20000,,
1336968,30,2026-09-28,5480,20000,,
1336968,30,2026-09-29,5480,20000,,
1336968,30,2026-09-30,5480,20000,,
1336968,30,2026-10-06,5960,20000,,
1336968,30,2026-10-07,5960,20000,,
1336968,30,2026-10-08,5960,20000,,
1336968,30,2026-12-01,5915,20000,,
1336968,30,2026-12-07,5915,20000,,
1336968,30,2026-12-08,5915,20000,,
1336968,30,2026-12-13,5915,20000,,
1336968,30,2026-12-14,5915,20000,,
1336968,31,2026-09-15,5480,20000,,
1336968,31,2026-09-16,5480,20000,,
1336968,31,2026-09-17,5480,20000,,
1336968,31,2026-09-20,5480,20000,,
1336968,31,2026-09-23,5480,20000,,
1336968,31,2026-09-24,5480,20000,,
1336968,31,2026-09-27,5480,20000,,
1336968,31,2026-09-28,5480,20000,,
1336968,31,2026-09-29,5480,20000,,
1336968,31,2026-09-30,5480,20000,,
1336968,31,2026-10-06,5960,20000,,
1336968,31,2026-10-07,5960,20000,,
1336968,31,2026-10-08,5960,20000,,
1336968,31,2026-12-01,5915,20000,,
1336968,31,2026-12-07,5915,20000,,
1336968,31,2026-12-08,5915,20000,,
1336968,31,2026-12-13,5915,20000,,
1336968,31,2026-12-14,5915,20000,,
1336968,32,2026-09-15,5480,20000,,
1336968,32,2026-09-16,5480,20000,,
1336968,32,2026-09-17,5480,20000,,
1336968,32,2026-09-20,5480,20000,,
1336968,32,2026-09-23,5480,20000,,
1336968,32,2026-09-24,5480,20000,,
1336968,32,2026-09-27,5480,20000,,
1336968,32,2026-09-28,5480,20000,,
1336968,32,2026-09-29,5480,20000,,
1336968,32,2026-09-30,5480,20000,,
1336968,32,2026-10-06,5960,20000,,
1336968,32,2026-10-07,5960,20000,,
1336968,32,2026-10-08,5960,20000,,
1336968,32,2026-12-01,5915,20000,,
1336968,32,2026-12-07,5915,20000,,
1336968,32,2026-12-08,5915,20000,,
1336968,32,2026-12-13,5915,20000,,
1336968,32,2026-12-14,5915,20000,,
1336968,33,2026-09-15,5480,20000,,
1336968,33,2026-09-16,5480,20000,,
1336968,33,2026-09-17,5480,20000,,
1336968,33,2026-09-20,5480,20000,,
1336968,33,2026-09-23,5480,20000,,
1336968,33,2026-09-24,5480,20000,,
1336968,33,2026-09-27,5480,20000,,
1336968,33,2026-09-28,5480,20000,,
1336968,33,2026-09-29,5480,20000,,
1336968,33,2026-09-30,5480,20000,,
1336968,33,2026-10-06,5960,20000,,
1336968,33,2026-10-07,5960,20000,,
1336968,33,2026-10-08,5960,20000,,
1336968,33,2026-12-01,5915,20000,,
1336968,33,2026-12-07,5915,20000,,
1336968,33,2026-12-08,5915,20000,,
1336968,33,2026-12-13,5915,20000,,
1336968,33,2026-12-14,5915,20000,,
1336968,34,2026-09-15,5480,20000,,
1336968,34,2026-09-16,5480,20000,,
1336968,34,2026-09-17,5480,20000,,
1336968,34,2026-09-20,5480,20000,,
1336968,34,2026-09-23,5480,20000,,
1336968,34,2026-09-24,5480,20000,,
1336968,34,2026-09-27,5480,20000,,
1336968,34,2026-09-28,5480,20000,,
1336968,34,2026-09-29,5480,20000,,
1336968,34,2026-09-30,5480,20000,,
1336968,34,2026-10-06,5960,20000,,
1336968,34,2026-10-07,5960,20000,,
1336968,34,2026-10-08,5960,20000,,
1336968,34,2026-12-01,5915,20000,,
1336968,34,2026-12-07,5915,20000,,
1336968,34,2026-12-08,5915,20000,,
1336968,34,2026-12-13,5915,20000,,
1336968,34,2026-12-14,5915,20000,,
1336968,35,2026-09-15,5825,20000,,
1336968,35,2026-09-16,5825,20000,,
1336968,35,2026-09-17,5825,20000,,
1336968,35,2026-09-20,5825,20000,,
1336968,35,2026-09-23,5825,20000,,
1336968,35,2026-09-24,5825,20000,,
1336968,35,2026-09-27,5825,20000,,
1336968,35,2026-09-28,5825,20000,,
1336968,35,2026-09-29,5825,20000,,
1336968,35,2026-09-30,5825,20000,,
1336968,35,2026-10-06,6305,20000,,
1336968,35,2026-10-07,6305,20000,,
1336968,35,2026-10-08,6305,20000,,
1336968,35,2026-10-27,6255,20000,,
1336968,35,2026-10-28,6255,20000,,
1336968,35,2026-12-01,6260,20000,,
1336968,35,2026-12-07,6260,20000,,
1336968,35,2026-12-08,6260,20000,,
1336968,35,2026-12-13,6260,20000,,
1336968,35,2026-12-14,6260,20000,,
1336968,36,2026-09-15,5825,20000,,
1336968,36,2026-09-16,5825,20000,,
1336968,36,2026-09-17,5825,20000,,
1336968,36,2026-09-20,5825,20000,,
1336968,36,2026-09-23,5825,20000,,
1336968,36,2026-09-24,5825,20000,,
1336968,36,2026-09-27,5825,20000,,
1336968,36,2026-09-28,5825,20000,,
1336968,36,2026-09-29,5825,20000,,
1336968,36,2026-09-30,5825,20000,,
1336968,36,2026-10-06,6305,20000,,
1336968,36,2026-10-07,6305,20000,,
1336968,36,2026-10-08,6305,20000,,
1336968,36,2026-10-27,6255,20000,,
1336968,36,2026-10-28,6255,20000,,
1336968,36,2026-12-01,6260,20000,,
1336968,36,2026-12-07,6260,20000,,
1336968,36,2026-12-08,6260,20000,,
1336968,36,2026-12-13,6260,20000,,
1336968,36,2026-12-14,6260,20000,,
1336968,50,2026-10-29,2167,20000,,
1336968,57,2026-09-15,5480,20000,,
1336968,57,2026-09-16,5480,20000,,
1336968,57,2026-09-17,5480,20000,,
1336968,57,2026-09-20,5480,20000,,
1336968,57,2026-09-23,5480,20000,,
1336968,57,2026-09-24,5480,20000,,
1336968,57,2026-09-27,5480,20000,,
1336968,57,2026-09-28,5480,20000,,
1336968,57,2026-09-29,5480,20000,,
1336968,57,2026-09-30,5480,20000,,
1336968,57,2026-10-06,5960,20000,,
1336968,57,2026-10-07,5960,20000,,
1336968,57,2026-10-08,5960,20000,,
1336968,57,2026-12-01,5915,20000,,
1336968,57,2026-12-07,5915,20000,,
1336968,57,2026-12-08,5915,20000,,
1336968,57,2026-12-13,5915,20000,,
1336968,57,2026-12-14,5915,20000,,
1343286,21,2026-09-28,2381,23600,,
1343286,21,2026-09-29,2381,23600,,
1343286,21,2026-09-30,2381,23600,,
1343286,22,2026-09-28,2381,23600,,
1343286,22,2026-09-29,2381,23600,,
1343286,22,2026-09-30,2381,23600,,
1343286,39,2026-09-28,2381,23600,,
1343286,39,2026-09-29,2381,23600,,
1343286,39,2026-09-30,2381,23600,,
1343286,83,2026-09-28,2381,23600,,
1343286,83,2026-09-29,2381,23600,,
1343286,83,2026-09-30,2381,23600,,
1344052,25,2026-12-02,1858,23600,,
1344052,25,2026-12-03,1858,23600,,
1344052,25,2026-12-06,1858,23600,,
1344052,26,2026-12-02,1858,23600,,
1344052,26,2026-12-03,1858,23600,,
1344052,26,2026-12-06,1858,23600,,
1344052,27,2026-09-18,1742,23600,,
1344052,27,2026-09-19,1742,23600,,
1344052,28,2026-09-18,1742,23600,,
1344052,28,2026-09-19,1742,23600,,
1364455,21,2026-09-16,1641,23600,,
1364455,22,2026-09-16,1641,23600,,
1364455,23,2026-09-16,1641,23600,,
1364455,24,2026-09-16,1641,23600,,
1364455,39,2026-09-16,1641,23600,,
1364455,40,2026-09-16,1641,23600,,
1364455,83,2026-09-16,1641,23600,,
1364455,84,2026-09-16,1641,23600,,
1364455,97,2026-09-16,1641,23600,,
1365209,17,2026-09-21,1583,23600,,
1365209,17,2026-10-27,2083,23600,,
1365209,17,2026-10-28,2083,23600,,
1365209,17,2026-10-29,2083,23600,,
1365209,17,2026-12-02,2455,23600,,
1365209,17,2026-12-03,2455,23600,,
1365209,17,2026-12-06,2455,23600,,
1365209,18,2026-09-21,1583,23600,,
1365209,18,2026-10-27,2083,23600,,
1365209,18,2026-10-28,2083,23600,,
1365209,18,2026-10-29,2083,23600,,
1365209,18,2026-12-02,2455,23600,,
1365209,18,2026-12-03,2455,23600,,
1365209,18,2026-12-06,2455,23600,,
1365209,19,2026-09-15,1518,23600,,
1365209,19,2026-10-27,2169,23600,,
1365209,19,2026-10-28,2169,23600,,
1365209,19,2026-10-29,2169,23600,,
1365209,19,2026-12-02,2541,23600,,
1365209,19,2026-12-03,2541,23600,,
1365209,19,2026-12-06,2541,23600,,
1365209,20,2026-09-15,1518,23600,,
1365209,20,2026-10-27,2169,23600,,
1365209,20,2026-10-28,2169,23600,,
1365209,20,2026-10-29,2169,23600,,
1365209,20,2026-12-02,2541,23600,,
1365209,20,2026-12-03,2541,23600,,
1365209,20,2026-12-06,2541,23600,,
1365209,21,2026-09-15,1570,23600,,
1365209,21,2026-10-27,2221,23600,,
1365209,21,2026-10-28,2221,23600,,
1365209,21,2026-10-29,2221,23600,,
1365209,22,2026-09-15,1570,23600,,
1365209,22,2026-10-27,2221,23600,,
1365209,22,2026-10-28,2221,23600,,
1365209,22,2026-10-29,2221,23600,,
1365209,23,2026-09-15,1656,23600,,
1365209,24,2026-09-15,1656,23600,,
1365209,27,2026-09-17,2088,23600,,
1365209,27,2026-09-20,2088,23600,,
1365209,28,2026-09-17,2088,23600,,
1365209,28,2026-09-20,2088,23600,,
1365209,39,2026-09-15,1570,23600,,
1365209,39,2026-10-27,2221,23600,,
1365209,39,2026-10-28,2221,23600,,
1365209,39,2026-10-29,2221,23600,,
1365209,40,2026-09-15,1656,23600,,
1365209,50,2026-09-21,1583,23600,,
1365209,50,2026-10-27,2083,23600,,
1365209,50,2026-10-28,2083,23600,,
1365209,50,2026-10-29,2083,23600,,
1365209,50,2026-12-02,2455,23600,,
1365209,50,2026-12-03,2455,23600,,
1365209,50,2026-12-06,2455,23600,,
1365209,83,2026-09-15,1570,23600,,
1365209,83,2026-10-27,2221,23600,,
1365209,83,2026-10-28,2221,23600,,
1365209,83,2026-10-29,2221,23600,,
1365790,21,2026-12-04,3191,23600,,
1365790,21,2026-12-05,3191,23600,,
1365790,21,2026-12-11,3191,23600,,
1365790,21,2026-12-12,3191,23600,,
1365790,22,2026-12-04,3191,23600,,
1365790,22,2026-12-05,3191,23600,,
1365790,22,2026-12-11,3191,23600,,
1365790,22,2026-12-12,3191,23600,,
1365790,23,2026-12-04,3329,23600,,
1365790,23,2026-12-05,3329,23600,,
1365790,23,2026-12-11,3329,23600,,
1365790,23,2026-12-12,3329,23600,,
1365790,24,2026-12-04,3329,23600,,
1365790,24,2026-12-05,3329,23600,,
1365790,24,2026-12-11,3329,23600,,
1365790,24,2026-12-12,3329,23600,,
1365790,39,2026-12-04,3191,23600,,
1365790,39,2026-12-05,3191,23600,,
1365790,39,2026-12-11,3191,23600,,
1365790,39,2026-12-12,3191,23600,,
1365790,40,2026-12-04,3329,23600,,
1365790,40,2026-12-05,3329,23600,,
1365790,40,2026-12-11,3329,23600,,
1365790,40,2026-12-12,3329,23600,,
1365825,16,2026-10-17,1211,23600,,
1365825,16,2026-10-18,1211,23600,,
1365825,16,2026-10-19,1211,23600,,
1365825,16,2026-10-20,1211,23600,,
1365825,16,2026-10-21,1211,23600,,
1365825,16,2026-10-22,1211,23600,,
1365825,16,2026-10-23,1211,23600,,
1365825,16,2026-10-24,1211,23600,,
1365825,16,2026-10-26,1211,23600,,
1365825,16,2026-10-27,1211,23600,,
1365825,16,2026-10-28,1211,23600,,
1365825,16,2026-10-29,1211,23600,,
1365825,16,2026-10-30,1211,23600,,
1365825,16,2026-10-31,1211,23600,,
1365825,16,2026-11-01,1211,23600,,
1365825,16,2026-11-02,1211,23600,,
1365825,16,2026-11-03,1211,23600,,
1365825,16,2026-11-04,1211,23600,,
1365825,16,2026-11-05,1211,23600,,
1365825,16,2026-11-06,1211,23600,,
1365825,16,2026-11-07,1211,23600,,
1365825,16,2026-11-08,1211,23600,,
1365825,16,2026-11-09,1211,23600,,
1365825,16,2026-11-10,1211,23600,,
1365825,16,2026-11-11,1211,23600,,
1365825,16,2026-11-12,1211,23600,,
1365825,16,2026-11-13,1211,23600,,
1365825,16,2026-11-14,1211,23600,,
1365825,16,2026-11-15,1211,23600,,
1365825,16,2026-11-16,1211,23600,,
1365825,16,2026-11-17,1211,23600,,
1365825,16,2026-11-18,1211,23600,,
1365825,16,2026-11-19,1211,23600,,
1365825,16,2026-11-22,1211,23600,,
1365825,16,2026-11-23,1211,23600,,
1365825,16,2026-11-27,1211,23600,,
1365825,16,2026-11-28,1211,23600,,
1365825,16,2026-11-29,1211,23600,,
1365825,16,2026-11-30,1211,23600,,
1365825,16,2026-12-01,1211,23600,,
1365825,16,2026-12-07,1211,23600,,
1365825,16,2026-12-08,1211,23600,,
1365825,16,2026-12-09,1211,23600,,
1365825,16,2026-12-10,1211,23600,,
1365825,16,2026-12-13,1211,23600,,
1365825,16,2026-12-14,1211,23600,,
1371182,17,2026-09-15,2922,23600,,
1371182,18,2026-09-15,2922,23600,,
1371182,19,2026-09-15,3129,23600,,
1371182,20,2026-09-15,3129,23600,,
1371182,23,2026-09-15,3612,23600,,
1371182,24,2026-09-15,3612,23600,,
1371182,35,2027-08-28,4895,23600,,
1371182,35,2027-08-29,4895,23600,,
1371182,35,2027-08-30,4895,23600,,
1371182,35,2027-08-31,4895,23600,,
1371182,35,2027-09-15,4895,23600,,
1371182,36,2027-08-28,4895,23600,,
1371182,36,2027-08-29,4895,23600,,
1371182,36,2027-08-30,4895,23600,,
1371182,36,2027-08-31,4895,23600,,
1371182,36,2027-09-15,4895,23600,,
1371182,40,2026-09-15,3612,23600,,
1371182,50,2026-09-15,2922,23600,,
1373515,25,2026-09-21,1558,23600,,
1373515,26,2026-09-21,1558,23600,,
1375831,15,2026-09-16,2075,23600,,
1375831,15,2026-09-17,2070,23600,,
1375831,16,2026-09-16,2247,23600,,
1375831,16,2026-09-17,2243,23600,,
1375831,16,2026-09-20,2239,23600,,
1375831,21,2026-09-16,2351,23600,,
1375831,21,2026-09-17,2346,23600,,
1375831,21,2026-09-20,2342,23600,,
1375831,22,2026-09-16,2351,23600,,
1375831,22,2026-09-17,2346,23600,,
1375831,22,2026-09-20,2342,23600,,
1375831,23,2026-09-16,2523,23600,,
1375831,23,2026-09-17,2519,23600,,
1375831,23,2026-09-20,2515,23600,,
1375831,24,2026-09-16,2523,23600,,
1375831,24,2026-09-17,2519,23600,,
1375831,24,2026-09-20,2515,23600,,
1375831,29,2026-09-16,2765,23600,,
1375831,29,2026-09-17,2760,23600,,
1375831,29,2026-09-20,2756,23600,,
1375831,30,2026-09-16,2765,23600,,
1375831,30,2026-09-17,2760,23600,,
1375831,30,2026-09-20,2756,23600,,
1375831,31,2026-09-16,2765,23600,,
1375831,31,2026-09-17,2760,23600,,
1375831,31,2026-09-20,2756,23600,,
1375831,32,2026-09-16,2937,23600,,
1375831,32,2026-09-17,2933,23600,,
1375831,32,2026-09-20,2929,23600,,
1375831,33,2026-09-16,2937,23600,,
1375831,33,2026-09-17,2933,23600,,
1375831,33,2026-09-20,2929,23600,,
1375831,34,2026-09-16,2937,23600,,
1375831,34,2026-09-17,2933,23600,,
1375831,34,2026-09-20,2929,23600,,
1375831,35,2026-09-16,3455,23600,,
1375831,35,2026-09-17,3450,23600,,
1375831,35,2026-09-20,3446,23600,,
1375831,36,2026-09-16,3455,23600,,
1375831,36,2026-09-17,3450,23600,,
1375831,36,2026-09-20,3446,23600,,
1375831,37,2026-09-16,3455,23600,,
1375831,37,2026-09-17,3450,23600,,
1375831,37,2026-09-20,3446,23600,,
1375831,38,2026-09-16,2075,23600,,
1375831,38,2026-09-17,2070,23600,,
1375831,39,2026-09-16,2351,23600,,
1375831,39,2026-09-17,2346,23600,,
1375831,39,2026-09-20,2342,23600,,
1375831,40,2026-09-16,2523,23600,,
1375831,40,2026-09-17,2519,23600,,
1375831,40,2026-09-20,2515,23600,,
1375831,42,2026-09-16,3972,23600,,
1375831,42,2026-09-17,3968,23600,,
1375831,42,2026-09-20,3964,23600,,
1375831,43,2026-09-16,3972,23600,,
1375831,43,2026-09-17,3968,23600,,
1375831,43,2026-09-20,3964,23600,,
1375831,57,2026-09-16,2765,23600,,
1375831,57,2026-09-17,2760,23600,,
1375831,57,2026-09-20,2756,23600,,
1375831,58,2026-09-16,2937,23600,,
1375831,58,2026-09-17,2933,23600,,
1375831,58,2026-09-20,2929,23600,,
1375831,83,2026-09-16,2351,23600,,
1375831,83,2026-09-17,2346,23600,,
1375831,83,2026-09-20,2342,23600,,
1375831,89,2026-09-16,2765,23600,,
1375831,89,2026-09-17,2760,23600,,
1375831,89,2026-09-20,2756,23600,,
1378773,17,2026-09-16,1509,23600,,
1378773,18,2026-09-16,1509,23600,,
1378773,19,2026-09-16,1716,23600,,
1378773,20,2026-09-16,1716,23600,,
1378773,50,2026-09-16,1509,23600,,
1379032,35,2026-09-15,3635,20000,,
1379032,35,2026-09-16,3635,20000,,
1379032,35,2026-09-17,3635,20000,,
1379032,35,2026-09-18,3635,20000,,
1379032,35,2026-09-19,3635,20000,,
1379032,35,2026-09-20,3635,20000,,
1379032,35,2026-09-21,3635,20000,,
1379032,36,2026-09-15,3635,20000,,
1379032,36,2026-09-16,3635,20000,,
1379032,36,2026-09-17,3635,20000,,
1379032,36,2026-09-18,3635,20000,,
1379032,36,2026-09-19,3635,20000,,
1379032,36,2026-09-20,3635,20000,,
1379032,36,2026-09-21,3635,20000,,
1379085,27,2026-09-15,3585,23600,,
1379085,27,2026-09-24,3464,23600,,
1379085,27,2026-12-01,3453,23600,,
1379085,27,2026-12-07,3453,23600,,
1379085,27,2026-12-08,3453,23600,,
1379085,27,2026-12-09,3453,23600,,
1379085,27,2026-12-10,3453,23600,,
1379085,27,2026-12-13,3453,23600,,
1379085,27,2026-12-14,3453,23600,,
1379085,28,2026-09-15,3585,23600,,
1379085,28,2026-09-24,3464,23600,,
1379085,28,2026-12-01,3453,23600,,
1379085,28,2026-12-07,3453,23600,,
1379085,28,2026-12-08,3453,23600,,
1379085,28,2026-12-09,3453,23600,,
1379085,28,2026-12-10,3453,23600,,
1379085,28,2026-12-13,3453,23600,,
1379085,28,2026-12-14,3453,23600,,
1379430,25,2026-09-26,2339,23600,,
1379430,25,2026-09-27,2339,23600,,
1379430,25,2026-09-28,2339,23600,,
1379430,25,2026-09-29,2335,23600,,
1379430,25,2026-09-30,2327,23600,,
1379430,26,2026-09-26,2339,23600,,
1379430,26,2026-09-27,2339,23600,,
1379430,26,2026-09-28,2339,23600,,
1379430,26,2026-09-29,2335,23600,,
1379430,26,2026-09-30,2327,23600,,
1379742,15,2026-09-15,2230,23600,,
1379742,16,2026-09-15,2437,23600,,
1379742,17,2026-09-15,2506,23600,,
1379742,18,2026-09-15,2506,23600,,
1379742,19,2026-09-15,2713,23600,,
1379742,20,2026-09-15,2713,23600,,
1379742,21,2026-09-15,2851,23600,,
1379742,22,2026-09-15,2851,23600,,
1379742,23,2026-09-15,3058,23600,,
1379742,24,2026-09-15,3058,23600,,
1379742,38,2026-09-15,2230,23600,,
1379742,39,2026-09-15,2851,23600,,
1379742,40,2026-09-15,3058,23600,,
1379742,50,2026-09-15,2506,23600,,
1379742,83,2026-09-15,2851,23600,,
1381105,21,2026-09-24,1852,23600,,
1381105,22,2026-09-24,1852,23600,,
1381105,23,2026-09-24,1921,23600,,
1381105,24,2026-09-24,1921,23600,,
1381105,39,2026-09-24,1852,23600,,
1381105,40,2026-09-24,1921,23600,,
1381105,83,2026-09-24,1852,23600,,
1381541,27,2026-09-17,2059,23600,,
1381541,27,2026-09-18,2065,23600,,
1381541,27,2026-09-19,2064,23600,,
1381541,27,2026-09-20,2064,23600,,
1381541,28,2026-09-17,2059,23600,,
1381541,28,2026-09-18,2065,23600,,
1381541,28,2026-09-19,2064,23600,,
1381541,28,2026-09-20,2064,23600,,
1381541,32,2026-09-17,1921,23600,,
1381541,32,2026-09-18,1927,23600,,
1381541,32,2026-09-19,1926,23600,,
1381541,32,2026-09-20,1926,23600,,
1381541,33,2026-09-17,1921,23600,,
1381541,33,2026-09-18,1927,23600,,
1381541,33,2026-09-19,1926,23600,,
1381541,33,2026-09-20,1926,23600,,
1381541,34,2026-09-17,1921,23600,,
1381541,34,2026-09-18,1927,23600,,
1381541,34,2026-09-19,1926,23600,,
1381541,34,2026-09-20,1926,23600,,
1381541,35,2026-09-16,2243,23600,,
1381541,36,2026-09-16,2243,23600,,
1382823,17,2026-09-15,1355,23600,,
1382823,17,2026-09-16,1355,23600,,
1382823,17,2026-09-17,1355,23600,,
1382823,18,2026-09-15,1355,23600,,
1382823,18,2026-09-16,1355,23600,,
1382823,18,2026-09-17,1355,23600,,
1382823,19,2026-09-15,1493,23600,,
1382823,19,2026-09-16,1493,23600,,
1382823,19,2026-09-17,1493,23600,,
1382823,20,2026-09-15,1493,23600,,
1382823,20,2026-09-16,1493,23600,,
1382823,20,2026-09-17,1493,23600,,
1382823,50,2026-09-15,1355,23600,,
1382823,50,2026-09-16,1355,23600,,
1382823,50,2026-09-17,1355,23600,,
1382823,51,2026-09-15,1493,23600,,
1382823,51,2026-09-16,1493,23600,,
1382823,51,2026-09-17,1493,23600,,
1382823,87,2026-09-15,1355,23600,,
1382823,87,2026-09-16,1355,23600,,
1382823,87,2026-09-17,1355,23600,,
1386481,17,2026-10-27,2155,23600,,
1386481,18,2026-10-27,2155,23600,,
1386481,19,2026-10-27,2224,23600,,
1386481,20,2026-10-27,2224,23600,,
1386481,21,2026-10-27,2293,23600,,
1386481,22,2026-10-27,2293,23600,,
1386481,27,2026-09-16,2286,23600,,
1386481,27,2026-11-06,2895,23600,,
1386481,28,2026-09-16,2286,23600,,
1386481,28,2026-11-06,2895,23600,,
1386481,39,2026-10-27,2293,23600,,
1386481,50,2026-10-27,2155,23600,,
1386481,51,2026-10-27,2224,23600,,
1386481,83,2026-10-27,2293,23600,,
1386481,87,2026-10-27,2155,23600,,
1389059,27,2026-09-15,2187,23600,,
1389059,27,2026-09-16,2187,23600,,
1389059,27,2026-09-17,2187,23600,,
1389059,27,2026-09-19,2199,23600,,
1389059,27,2026-09-20,2201,23600,,
1389059,27,2026-09-21,2201,23600,,
1389059,27,2026-09-22,2201,23600,,
1389059,27,2026-09-23,2208,23600,,
1389059,27,2026-09-27,2208,23600,,
1389059,27,2026-09-28,2193,23600,,
1389059,27,2026-09-29,2199,23600,,
1389059,27,2026-09-30,2201,23600,,
1389059,28,2026-09-15,2187,23600,,
1389059,28,2026-09-16,2187,23600,,
1389059,28,2026-09-17,2187,23600,,
1389059,28,2026-09-19,2199,23600,,
1389059,28,2026-09-20,2201,23600,,
1389059,28,2026-09-21,2201,23600,,
1389059,28,2026-09-22,2201,23600,,
1389059,28,2026-09-23,2208,23600,,
1389059,28,2026-09-27,2208,23600,,
1389059,28,2026-09-28,2193,23600,,
1389059,28,2026-09-29,2199,23600,,
1389059,28,2026-09-30,2201,23600,,
1389059,41,2026-09-15,2187,23600,,
1389059,41,2026-09-16,2187,23600,,
1389059,41,2026-09-17,2187,23600,,
1389059,41,2026-09-19,2199,23600,,
1389059,41,2026-09-20,2201,23600,,
1389059,41,2026-09-21,2201,23600,,
1389059,41,2026-09-22,2201,23600,,
1389059,41,2026-09-23,2208,23600,,
1389059,41,2026-09-27,2208,23600,,
1389059,41,2026-09-28,2193,23600,,
1389059,41,2026-09-29,2199,23600,,
1389059,41,2026-09-30,2201,23600,,
1391899,17,2026-10-01,3679,27848,,
1391899,17,2026-10-04,3686,27848,,
1391899,18,2026-10-01,3679,27848,,
1391899,18,2026-10-04,3686,27848,,
1391899,19,2026-10-01,3817,27848,,
1391899,19,2026-10-04,3824,27848,,
1391899,20,2026-10-01,3817,27848,,
1391899,20,2026-10-04,3824,27848,,
1391899,21,2026-10-01,3886,27848,,
1391899,21,2026-10-04,3893,27848,,
1391899,22,2026-10-01,3886,27848,,
1391899,22,2026-10-04,3893,27848,,
1391899,23,2026-10-01,4024,27848,,
1391899,23,2026-10-04,4031,27848,,
1391899,24,2026-10-01,4024,27848,,
1391899,24,2026-10-04,4031,27848,,
1391899,29,2026-10-01,4024,27848,,
1391899,29,2026-10-04,4031,27848,,
1391899,30,2026-10-01,4024,27848,,
1391899,30,2026-10-04,4031,27848,,
1391899,31,2026-10-01,4024,27848,,
1391899,31,2026-10-04,4031,27848,,
1391899,32,2026-10-01,4197,27848,,
1391899,32,2026-10-04,4203,27848,,
1391899,33,2026-10-01,4197,27848,,
1391899,33,2026-10-04,4203,27848,,
1391899,34,2026-10-01,4197,27848,,
1391899,34,2026-10-04,4203,27848,,
1391899,39,2026-10-01,3886,27848,,
1391899,39,2026-10-04,3893,27848,,
1391899,40,2026-10-01,4024,27848,,
1391899,40,2026-10-04,4031,27848,,
1391899,50,2026-10-01,3679,27848,,
1391899,50,2026-10-04,3686,27848,,
1391899,57,2026-10-01,4024,27848,,
1391899,57,2026-10-04,4031,27848,,
1391899,58,2026-10-01,4197,27848,,
1391899,58,2026-10-04,4203,27848,,
1391899,83,2026-10-01,3886,27848,,
1391899,83,2026-10-04,3893,27848,,
1391899,89,2026-10-01,4024,27848,,
1391899,89,2026-10-04,4031,27848,,
1391921,23,2026-09-19,1429,23600,,
1391921,24,2026-09-19,1429,23600,,
1393411,23,2026-09-15,2163,23600,,
1393411,23,2026-09-16,2163,23600,,
1393411,23,2026-09-18,2163,23600,,
1393411,23,2026-09-19,2163,23600,,
1393411,24,2026-09-15,2163,23600,,
1393411,24,2026-09-16,2163,23600,,
1393411,24,2026-09-18,2163,23600,,
1393411,24,2026-09-19,2163,23600,,
1393411,25,2026-09-15,2163,23600,,
1393411,25,2026-09-16,2163,23600,,
1393411,25,2026-09-18,2163,23600,,
1393411,25,2026-09-19,2163,23600,,
1393411,26,2026-09-15,2163,23600,,
1393411,26,2026-09-16,2163,23600,,
1393411,26,2026-09-18,2163,23600,,
1393411,26,2026-09-19,2163,23600,,
1393411,40,2026-09-15,2163,23600,,
1393411,40,2026-09-16,2163,23600,,
1393411,40,2026-09-18,2163,23600,,
1393411,40,2026-09-19,2163,23600,,
1395021,17,2026-09-16,1524,23600,,
1395021,17,2026-09-17,1524,23600,,
1395021,17,2026-09-18,1524,23600,,
1395021,18,2026-09-16,1524,23600,,
1395021,18,2026-09-17,1524,23600,,
1395021,18,2026-09-18,1524,23600,,
1395021,19,2026-09-15,1628,23600,,
1395021,19,2026-09-16,1628,23600,,
1395021,19,2026-09-17,1628,23600,,
1395021,19,2026-09-18,1628,23600,,
1395021,20,2026-09-15,1628,23600,,
1395021,20,2026-09-16,1628,23600,,
1395021,20,2026-09-17,1628,23600,,
1395021,20,2026-09-18,1628,23600,,
1395021,21,2026-09-15,1835,23600,,
1395021,21,2026-09-16,1835,23600,,
1395021,21,2026-09-17,1835,23600,,
1395021,21,2026-09-18,1835,23600,,
1395021,22,2026-09-15,1835,23600,,
1395021,22,2026-09-16,1835,23600,,
1395021,22,2026-09-17,1835,23600,,
1395021,22,2026-09-18,1835,23600,,
1395021,23,2026-09-15,1938,23600,,
1395021,23,2026-09-16,1938,23600,,
1395021,23,2026-09-17,1938,23600,,
1395021,23,2026-09-18,1938,23600,,
1395021,24,2026-09-15,1938,23600,,
1395021,24,2026-09-16,1938,23600,,
1395021,24,2026-09-17,1938,23600,,
1395021,24,2026-09-18,1938,23600,,
1395021,39,2026-09-15,1835,23600,,
1395021,39,2026-09-16,1835,23600,,
1395021,39,2026-09-17,1835,23600,,
1395021,39,2026-09-18,1835,23600,,
1395021,40,2026-09-15,1938,23600,,
1395021,40,2026-09-16,1938,23600,,
1395021,40,2026-09-17,1938,23600,,
1395021,40,2026-09-18,1938,23600,,
1395021,45,2026-09-21,2733,23600,,
1395021,46,2026-09-21,2733,23600,,
1395021,50,2026-09-16,1524,23600,,
1395021,50,2026-09-17,1524,23600,,
1395021,50,2026-09-18,1524,23600,,
1395021,83,2026-09-15,1835,23600,,
1395021,83,2026-09-16,1835,23600,,
1395021,83,2026-09-17,1835,23600,,
1395021,83,2026-09-18,1835,23600,,
1395021,84,2026-09-15,1938,23600,,
1395021,84,2026-09-16,1938,23600,,
1395021,84,2026-09-17,1938,23600,,
1395021,84,2026-09-18,1938,23600,,
1395021,97,2026-09-15,1835,23600,,
1395021,97,2026-09-16,1835,23600,,
1395021,97,2026-09-17,1835,23600,,
1395021,97,2026-09-18,1835,23600,,
1396900,17,2026-10-01,3696,20000,,
1396900,17,2026-10-02,3694,20000,,
1396900,17,2026-10-03,3694,20000,,
1396900,17,2026-10-04,3694,20000,,
1396900,18,2026-10-01,3696,20000,,
1396900,18,2026-10-02,3694,20000,,
1396900,18,2026-10-03,3694,20000,,
1396900,18,2026-10-04,3694,20000,,
1396900,19,2026-10-01,3799,20000,,
1396900,19,2026-10-02,3797,20000,,
1396900,19,2026-10-03,3797,20000,,
1396900,19,2026-10-04,3797,20000,,
1396900,20,2026-10-01,3799,20000,,
1396900,20,2026-10-02,3797,20000,,
1396900,20,2026-10-03,3797,20000,,
1396900,20,2026-10-04,3797,20000,,
1396900,21,2026-10-01,3834,20000,,
1396900,21,2026-10-02,3832,20000,,
1396900,21,2026-10-03,3832,20000,,
1396900,21,2026-10-04,3832,20000,,
1396900,22,2026-10-01,3834,20000,,
1396900,22,2026-10-02,3832,20000,,
1396900,22,2026-10-03,3832,20000,,
1396900,22,2026-10-04,3832,20000,,
1396900,23,2026-10-01,3972,20000,,
1396900,23,2026-10-02,3970,20000,,
1396900,23,2026-10-03,3970,20000,,
1396900,23,2026-10-04,3970,20000,,
1396900,24,2026-10-01,3972,20000,,
1396900,24,2026-10-02,3970,20000,,
1396900,24,2026-10-03,3970,20000,,
1396900,24,2026-10-04,3970,20000,,
1396900,39,2026-10-01,3834,20000,,
1396900,39,2026-10-02,3832,20000,,
1396900,39,2026-10-03,3832,20000,,
1396900,39,2026-10-04,3832,20000,,
1396900,40,2026-10-01,3972,20000,,
1396900,40,2026-10-02,3970,20000,,
1396900,40,2026-10-03,3970,20000,,
1396900,40,2026-10-04,3970,20000,,
1396900,50,2026-10-01,3696,20000,,
1396900,50,2026-10-02,3694,20000,,
1396900,50,2026-10-03,3694,20000,,
1396900,50,2026-10-04,3694,20000,,
1396900,83,2026-10-01,3834,20000,,
1396900,83,2026-10-02,3832,20000,,
1396900,83,2026-10-03,3832,20000,,
1396900,83,2026-10-04,3832,20000,,
1398627,15,2026-10-01,3436,20000,,
1398627,15,2026-10-03,3436,20000,,
1398627,38,2026-10-01,3436,20000,,
1398627,38,2026-10-03,3436,20000,,
1398875,21,2026-09-15,2025,23600,,
1398875,22,2026-09-15,2025,23600,,
1398875,23,2026-09-15,2232,23600,,
1398875,24,2026-09-15,2232,23600,,
1398875,27,2026-09-16,2562,23600,,
1398875,28,2026-09-16,2562,23600,,
1398875,39,2026-09-15,2025,23600,,
1398875,40,2026-09-15,2232,23600,,
1398875,83,2026-09-15,2025,23600,,
1399581,27,2026-09-27,1397,27848,,
1399581,27,2026-09-28,1397,27848,,
1399581,27,2026-09-29,1397,27848,,
1399581,27,2026-09-30,1397,27848,,
1399581,27,2026-10-05,1397,27848,,
1399581,27,2026-10-06,1397,27848,,
1399581,27,2026-10-07,1397,27848,,
1399581,27,2026-10-08,1397,27848,,
1399581,27,2026-10-09,1397,27848,,
1399581,27,2026-10-10,1397,27848,,
1399581,27,2026-10-11,1397,27848,,
1399581,27,2026-10-12,1397,27848,,
1399581,27,2026-10-13,1397,27848,,
1399581,27,2026-10-14,1397,27848,,
1399581,27,2026-10-15,1397,27848,,
1399581,28,2026-09-27,1397,27848,,
1399581,28,2026-09-28,1397,27848,,
1399581,28,2026-09-29,1397,27848,,
1399581,28,2026-09-30,1397,27848,,
1399581,28,2026-10-05,1397,27848,,
1399581,28,2026-10-06,1397,27848,,
1399581,28,2026-10-07,1397,27848,,
1399581,28,2026-10-08,1397,27848,,
1399581,28,2026-10-09,1397,27848,,
1399581,28,2026-10-10,1397,27848,,
1399581,28,2026-10-11,1397,27848,,
1399581,28,2026-10-12,1397,27848,,
1399581,28,2026-10-13,1397,27848,,
1399581,28,2026-10-14,1397,27848,,
1399581,28,2026-10-15,1397,27848,,
1414116,27,2026-09-20,2200,23600,,
1414116,28,2026-09-20,2200,23600,,
1414523,15,2026-09-16,1070,23600,,
1414523,16,2026-09-16,1139,23600,,
1414523,17,2026-09-16,1208,23600,,
1414523,18,2026-09-16,1208,23600,,
1414523,19,2026-09-16,1277,23600,,
1414523,20,2026-09-16,1277,23600,,
1414523,38,2026-09-16,1070,23600,,
1414523,50,2026-09-16,1208,23600,,
1414523,52,2026-09-16,1139,23600,,
1414523,76,2026-09-16,1070,23600,,
1416724,19,2026-09-16,1517,23600,,
1416724,19,2026-09-18,1505,23600,,
1416724,20,2026-09-16,1517,23600,,
1416724,20,2026-09-18,1505,23600,,
1416724,21,2026-09-16,1517,23600,,
1416724,21,2026-09-18,1505,23600,,
1416724,22,2026-09-16,1517,23600,,
1416724,22,2026-09-18,1505,23600,,
1416724,23,2026-09-18,1643,23600,,
1416724,23,2026-09-19,1637,23600,,
1416724,24,2026-09-18,1643,23600,,
1416724,24,2026-09-19,1637,23600,,
1416724,39,2026-09-16,1517,23600,,
1416724,39,2026-09-18,1505,23600,,
1416724,40,2026-09-18,1643,23600,,
1416724,40,2026-09-19,1637,23600,,
1416724,83,2026-09-16,1517,23600,,
1416724,83,2026-09-18,1505,23600,,
1431135,21,2026-09-18,1576,23600,,
1431135,21,2026-09-19,1576,23600,,
1431135,21,2026-09-20,1576,23600,,
1431135,21,2026-09-21,1576,23600,,
1431135,21,2026-09-22,1576,23600,,
1431135,21,2026-09-23,1576,23600,,
1431135,21,2026-09-24,1576,23600,,
1431135,21,2026-09-25,1576,23600,,
1431135,21,2026-09-26,1576,23600,,
1431135,21,2026-09-27,1576,23600,,
1431135,21,2026-09-28,1576,23600,,
1431135,21,2026-09-29,1576,23600,,
1431135,21,2026-09-30,1576,23600,,
1431135,21,2026-10-02,1576,23600,,
1431135,21,2026-10-04,1576,23600,,
1431135,21,2026-10-05,1576,23600,,
1431135,21,2026-10-06,1576,23600,,
1431135,21,2026-10-07,1576,23600,,
1431135,21,2026-10-08,1576,23600,,
1431135,21,2026-10-09,1576,23600,,
1431135,21,2026-10-10,1576,23600,,
1431135,21,2026-10-11,1576,23600,,
1431135,21,2026-10-12,1576,23600,,
1431135,21,2026-10-13,1576,23600,,
1431135,21,2026-10-14,1576,23600,,
1431135,21,2026-10-15,1576,23600,,
1431135,21,2026-10-17,1576,23600,,
1431135,21,2026-10-18,1576,23600,,
1431135,21,2026-10-19,1576,23600,,
1431135,21,2026-10-20,1576,23600,,
1431135,21,2026-10-21,1576,23600,,
1431135,21,2026-10-22,1576,23600,,
1431135,21,2026-10-23,1576,23600,,
1431135,21,2026-10-24,1576,23600,,
1431135,21,2026-10-26,1576,23600,,
1431135,21,2026-10-27,1576,23600,,
1431135,21,2026-10-28,1576,23600,,
1431135,21,2026-10-29,1576,23600,,
1431135,21,2026-10-30,1576,23600,,
1431135,21,2026-10-31,1576,23600,,
1431135,21,2026-11-01,1576,23600,,
1431135,21,2026-11-02,1576,23600,,
1431135,21,2026-11-03,1576,23600,,
1431135,21,2026-11-04,1576,23600,,
1431135,21,2026-11-05,1576,23600,,
1431135,21,2026-11-06,1576,23600,,
1431135,21,2026-11-07,1576,23600,,
1431135,21,2026-11-08,1576,23600,,
1431135,21,2026-11-09,1576,23600,,
1431135,21,2026-11-10,1576,23600,,
1431135,21,2026-11-11,1576,23600,,
1431135,21,2026-11-12,1576,23600,,
1431135,21,2026-11-13,1576,23600,,
1431135,21,2026-11-14,1576,23600,,
1431135,21,2026-11-15,1576,23600,,
1431135,21,2026-11-16,1576,23600,,
1431135,21,2026-11-17,1576,23600,,
1431135,21,2026-11-18,1576,23600,,
1431135,21,2026-11-19,1576,23600,,
1431135,21,2026-11-29,1576,23600,,
1431135,21,2026-11-30,1576,23600,,
1431135,21,2026-12-01,1576,23600,,
1431135,21,2026-12-07,1576,23600,,
1431135,21,2026-12-08,1576,23600,,
1431135,21,2026-12-09,1576,23600,,
1431135,21,2026-12-10,1576,23600,,
1431135,21,2026-12-13,1576,23600,,
1431135,21,2026-12-14,1576,23600,,
1431135,22,2026-09-18,1576,23600,,
1431135,22,2026-09-19,1576,23600,,
1431135,22,2026-09-20,1576,23600,,
1431135,22,2026-09-21,1576,23600,,
1431135,22,2026-09-22,1576,23600,,
1431135,22,2026-09-23,1576,23600,,
1431135,22,2026-09-24,1576,23600,,
1431135,22,2026-09-25,1576,23600,,
1431135,22,2026-09-26,1576,23600,,
1431135,22,2026-09-27,1576,23600,,
1431135,22,2026-09-28,1576,23600,,
1431135,22,2026-09-29,1576,23600,,
1431135,22,2026-09-30,1576,23600,,
1431135,22,2026-10-02,1576,23600,,
1431135,22,2026-10-04,1576,23600,,
1431135,22,2026-10-05,1576,23600,,
1431135,22,2026-10-06,1576,23600,,
1431135,22,2026-10-07,1576,23600,,
1431135,22,2026-10-08,1576,23600,,
1431135,22,2026-10-09,1576,23600,,
1431135,22,2026-10-10,1576,23600,,
1431135,22,2026-10-11,1576,23600,,
1431135,22,2026-10-12,1576,23600,,
1431135,22,2026-10-13,1576,23600,,
1431135,22,2026-10-14,1576,23600,,
1431135,22,2026-10-15,1576,23600,,
1431135,22,2026-10-17,1576,23600,,
1431135,22,2026-10-18,1576,23600,,
1431135,22,2026-10-19,1576,23600,,
1431135,22,2026-10-20,1576,23600,,
1431135,22,2026-10-21,1576,23600,,
1431135,22,2026-10-22,1576,23600,,
1431135,22,2026-10-23,1576,23600,,
1431135,22,2026-10-24,1576,23600,,
1431135,22,2026-10-26,1576,23600,,
1431135,22,2026-10-27,1576,23600,,
1431135,22,2026-10-28,1576,23600,,
1431135,22,2026-10-29,1576,23600,,
1431135,22,2026-10-30,1576,23600,,
1431135,22,2026-10-31,1576,23600,,
1431135,22,2026-11-01,1576,23600,,
1431135,22,2026-11-02,1576,23600,,
1431135,22,2026-11-03,1576,23600,,
1431135,22,2026-11-04,1576,23600,,
1431135,22,2026-11-05,1576,23600,,
1431135,22,2026-11-06,1576,23600,,
1431135,22,2026-11-07,1576,23600,,
1431135,22,2026-11-08,1576,23600,,
1431135,22,2026-11-09,1576,23600,,
1431135,22,2026-11-10,1576,23600,,
1431135,22,2026-11-11,1576,23600,,
1431135,22,2026-11-12,1576,23600,,
1431135,22,2026-11-13,1576,23600,,
1431135,22,2026-11-14,1576,23600,,
1431135,22,2026-11-15,1576,23600,,
1431135,22,2026-11-16,1576,23600,,
1431135,22,2026-11-17,1576,23600,,
1431135,22,2026-11-18,1576,23600,,
1431135,22,2026-11-19,1576,23600,,
1431135,22,2026-11-29,1576,23600,,
1431135,22,2026-11-30,1576,23600,,
1431135,22,2026-12-01,1576,23600,,
1431135,22,2026-12-07,1576,23600,,
1431135,22,2026-12-08,1576,23600,,
1431135,22,2026-12-09,1576,23600,,
1431135,22,2026-12-10,1576,23600,,
1431135,22,2026-12-13,1576,23600,,
1431135,22,2026-12-14,1576,23600,,
1431135,23,2026-09-18,1679,23600,,
1431135,23,2026-09-19,1679,23600,,
1431135,23,2026-09-20,1679,23600,,
1431135,23,2026-09-21,1679,23600,,
1431135,23,2026-09-22,1679,23600,,
1431135,23,2026-09-23,1679,23600,,
1431135,23,2026-09-24,1679,23600,,
1431135,23,2026-09-25,1679,23600,,
1431135,23,2026-09-26,1679,23600,,
1431135,23,2026-09-27,1679,23600,,
1431135,23,2026-09-28,1679,23600,,
1431135,23,2026-09-29,1679,23600,,
1431135,23,2026-09-30,1679,23600,,
1431135,23,2026-10-02,1679,23600,,
1431135,23,2026-10-04,1679,23600,,
1431135,23,2026-10-05,1679,23600,,
1431135,23,2026-10-06,1679,23600,,
1431135,23,2026-10-07,1679,23600,,
1431135,23,2026-10-08,1679,23600,,
1431135,23,2026-10-09,1679,23600,,
1431135,23,2026-10-10,1679,23600,,
1431135,23,2026-10-11,1679,23600,,
1431135,23,2026-10-12,1679,23600,,
1431135,23,2026-10-13,1679,23600,,
1431135,23,2026-10-14,1679,23600,,
1431135,23,2026-10-15,1679,23600,,
1431135,23,2026-10-17,1679,23600,,
1431135,23,2026-10-18,1679,23600,,
1431135,23,2026-10-19,1679,23600,,
1431135,23,2026-10-20,1679,23600,,
1431135,23,2026-10-21,1679,23600,,
1431135,23,2026-10-22,1679,23600,,
1431135,23,2026-10-23,1679,23600,,
1431135,23,2026-10-24,1679,23600,,
1431135,23,2026-10-26,1679,23600,,
1431135,23,2026-10-27,1679,23600,,
1431135,23,2026-10-28,1679,23600,,
1431135,23,2026-10-29,1679,23600,,
1431135,23,2026-10-30,1679,23600,,
1431135,23,2026-10-31,1679,23600,,
1431135,23,2026-11-01,1679,23600,,
1431135,23,2026-11-02,1679,23600,,
1431135,23,2026-11-03,1679,23600,,
1431135,23,2026-11-04,1679,23600,,
1431135,23,2026-11-05,1679,23600,,
1431135,23,2026-11-06,1679,23600,,
1431135,23,2026-11-07,1679,23600,,
1431135,23,2026-11-08,1679,23600,,
1431135,23,2026-11-09,1679,23600,,
1431135,23,2026-11-10,1679,23600,,
1431135,23,2026-11-11,1679,23600,,
1431135,23,2026-11-12,1679,23600,,
1431135,23,2026-11-13,1679,23600,,
1431135,23,2026-11-14,1679,23600,,
1431135,23,2026-11-15,1679,23600,,
1431135,23,2026-11-16,1679,23600,,
1431135,23,2026-11-17,1679,23600,,
1431135,23,2026-11-18,1679,23600,,
1431135,23,2026-11-19,1679,23600,,
1431135,23,2026-11-29,1679,23600,,
1431135,23,2026-11-30,1679,23600,,
1431135,23,2026-12-01,1679,23600,,
1431135,23,2026-12-07,1679,23600,,
1431135,23,2026-12-08,1679,23600,,
1431135,23,2026-12-09,1679,23600,,
1431135,23,2026-12-10,1679,23600,,
1431135,23,2026-12-13,1679,23600,,
1431135,23,2026-12-14,1679,23600,,
1431135,24,2026-09-18,1679,23600,,
1431135,24,2026-09-19,1679,23600,,
1431135,24,2026-09-20,1679,23600,,
1431135,24,2026-09-21,1679,23600,,
1431135,24,2026-09-22,1679,23600,,
1431135,24,2026-09-23,1679,23600,,
1431135,24,2026-09-24,1679,23600,,
1431135,24,2026-09-25,1679,23600,,
1431135,24,2026-09-26,1679,23600,,
1431135,24,2026-09-27,1679,23600,,
1431135,24,2026-09-28,1679,23600,,
1431135,24,2026-09-29,1679,23600,,
1431135,24,2026-09-30,1679,23600,,
1431135,24,2026-10-02,1679,23600,,
1431135,24,2026-10-04,1679,23600,,
1431135,24,2026-10-05,1679,23600,,
1431135,24,2026-10-06,1679,23600,,
1431135,24,2026-10-07,1679,23600,,
1431135,24,2026-10-08,1679,23600,,
1431135,24,2026-10-09,1679,23600,,
1431135,24,2026-10-10,1679,23600,,
1431135,24,2026-10-11,1679,23600,,
1431135,24,2026-10-12,1679,23600,,
1431135,24,2026-10-13,1679,23600,,
1431135,24,2026-10-14,1679,23600,,
1431135,24,2026-10-15,1679,23600,,
1431135,24,2026-10-17,1679,23600,,
1431135,24,2026-10-18,1679,23600,,
1431135,24,2026-10-19,1679,23600,,
1431135,24,2026-10-20,1679,23600,,
1431135,24,2026-10-21,1679,23600,,
1431135,24,2026-10-22,1679,23600,,
1431135,24,2026-10-23,1679,23600,,
1431135,24,2026-10-24,1679,23600,,
1431135,24,2026-10-26,1679,23600,,
1431135,24,2026-10-27,1679,23600,,
1431135,24,2026-10-28,1679,23600,,
1431135,24,2026-10-29,1679,23600,,
1431135,24,2026-10-30,1679,23600,,
1431135,24,2026-10-31,1679,23600,,
1431135,24,2026-11-01,1679,23600,,
1431135,24,2026-11-02,1679,23600,,
1431135,24,2026-11-03,1679,23600,,
1431135,24,2026-11-04,1679,23600,,
1431135,24,2026-11-05,1679,23600,,
1431135,24,2026-11-06,1679,23600,,
1431135,24,2026-11-07,1679,23600,,
1431135,24,2026-11-08,1679,23600,,
1431135,24,2026-11-09,1679,23600,,
1431135,24,2026-11-10,1679,23600,,
1431135,24,2026-11-11,1679,23600,,
1431135,24,2026-11-12,1679,23600,,
1431135,24,2026-11-13,1679,23600,,
1431135,24,2026-11-14,1679,23600,,
1431135,24,2026-11-15,1679,23600,,
1431135,24,2026-11-16,1679,23600,,
1431135,24,2026-11-17,1679,23600,,
1431135,24,2026-11-18,1679,23600,,
1431135,24,2026-11-19,1679,23600,,
1431135,24,2026-11-29,1679,23600,,
1431135,24,2026-11-30,1679,23600,,
1431135,24,2026-12-01,1679,23600,,
1431135,24,2026-12-07,1679,23600,,
1431135,24,2026-12-08,1679,23600,,
1431135,24,2026-12-09,1679,23600,,
1431135,24,2026-12-10,1679,23600,,
1431135,24,2026-12-13,1679,23600,,
1431135,24,2026-12-14,1679,23600,,
1431135,39,2026-09-18,1576,23600,,
1431135,39,2026-09-19,1576,23600,,
1431135,39,2026-09-20,1576,23600,,
1431135,39,2026-09-21,1576,23600,,
1431135,39,2026-09-22,1576,23600,,
1431135,39,2026-09-23,1576,23600,,
1431135,39,2026-09-24,1576,23600,,
1431135,39,2026-09-25,1576,23600,,
1431135,39,2026-09-26,1576,23600,,
1431135,39,2026-09-27,1576,23600,,
1431135,39,2026-09-28,1576,23600,,
1431135,39,2026-09-29,1576,23600,,
1431135,39,2026-09-30,1576,23600,,
1431135,39,2026-10-02,1576,23600,,
1431135,39,2026-10-04,1576,23600,,
1431135,39,2026-10-05,1576,23600,,
1431135,39,2026-10-06,1576,23600,,
1431135,39,2026-10-07,1576,23600,,
1431135,39,2026-10-08,1576,23600,,
1431135,39,2026-10-09,1576,23600,,
1431135,39,2026-10-10,1576,23600,,
1431135,39,2026-10-11,1576,23600,,
1431135,39,2026-10-12,1576,23600,,
1431135,39,2026-10-13,1576,23600,,
1431135,39,2026-10-14,1576,23600,,
1431135,39,2026-10-15,1576,23600,,
1431135,39,2026-10-17,1576,23600,,
1431135,39,2026-10-18,1576,23600,,
1431135,39,2026-10-19,1576,23600,,
1431135,39,2026-10-20,1576,23600,,
1431135,39,2026-10-21,1576,23600,,
1431135,39,2026-10-22,1576,23600,,
1431135,39,2026-10-23,1576,23600,,
1431135,39,2026-10-24,1576,23600,,
1431135,39,2026-10-26,1576,23600,,
1431135,39,2026-10-27,1576,23600,,
1431135,39,2026-10-28,1576,23600,,
1431135,39,2026-10-29,1576,23600,,
1431135,39,2026-10-30,1576,23600,,
1431135,39,2026-10-31,1576,23600,,
1431135,39,2026-11-01,1576,23600,,
1431135,39,2026-11-02,1576,23600,,
1431135,39,2026-11-03,1576,23600,,
1431135,39,2026-11-04,1576,23600,,
1431135,39,2026-11-05,1576,23600,,
1431135,39,2026-11-06,1576,23600,,
1431135,39,2026-11-07,1576,23600,,
1431135,39,2026-11-08,1576,23600,,
1431135,39,2026-11-09,1576,23600,,
1431135,39,2026-11-10,1576,23600,,
1431135,39,2026-11-11,1576,23600,,
1431135,39,2026-11-12,1576,23600,,
1431135,39,2026-11-13,1576,23600,,
1431135,39,2026-11-14,1576,23600,,
1431135,39,2026-11-15,1576,23600,,
1431135,39,2026-11-16,1576,23600,,
1431135,39,2026-11-17,1576,23600,,
1431135,39,2026-11-18,1576,23600,,
1431135,39,2026-11-19,1576,23600,,
1431135,39,2026-11-29,1576,23600,,
1431135,39,2026-11-30,1576,23600,,
1431135,39,2026-12-01,1576,23600,,
1431135,39,2026-12-07,1576,23600,,
1431135,39,2026-12-08,1576,23600,,
1431135,39,2026-12-09,1576,23600,,
1431135,39,2026-12-10,1576,23600,,
1431135,39,2026-12-13,1576,23600,,
1431135,39,2026-12-14,1576,23600,,
1431135,40,2026-09-18,1679,23600,,
1431135,40,2026-09-19,1679,23600,,
1431135,40,2026-09-20,1679,23600,,
1431135,40,2026-09-21,1679,23600,,
1431135,40,2026-09-22,1679,23600,,
1431135,40,2026-09-23,1679,23600,,
1431135,40,2026-09-24,1679,23600,,
1431135,40,2026-09-25,1679,23600,,
1431135,40,2026-09-26,1679,23600,,
1431135,40,2026-09-27,1679,23600,,
1431135,40,2026-09-28,1679,23600,,
1431135,40,2026-09-29,1679,23600,,
1431135,40,2026-09-30,1679,23600,,
1431135,40,2026-10-02,1679,23600,,
1431135,40,2026-10-04,1679,23600,,
1431135,40,2026-10-05,1679,23600,,
1431135,40,2026-10-06,1679,23600,,
1431135,40,2026-10-07,1679,23600,,
1431135,40,2026-10-08,1679,23600,,
1431135,40,2026-10-09,1679,23600,,
1431135,40,2026-10-10,1679,23600,,
1431135,40,2026-10-11,1679,23600,,
1431135,40,2026-10-12,1679,23600,,
1431135,40,2026-10-13,1679,23600,,
1431135,40,2026-10-14,1679,23600,,
1431135,40,2026-10-15,1679,23600,,
1431135,40,2026-10-17,1679,23600,,
1431135,40,2026-10-18,1679,23600,,
1431135,40,2026-10-19,1679,23600,,
1431135,40,2026-10-20,1679,23600,,
1431135,40,2026-10-21,1679,23600,,
1431135,40,2026-10-22,1679,23600,,
1431135,40,2026-10-23,1679,23600,,
1431135,40,2026-10-24,1679,23600,,
1431135,40,2026-10-26,1679,23600,,
1431135,40,2026-10-27,1679,23600,,
1431135,40,2026-10-28,1679,23600,,
1431135,40,2026-10-29,1679,23600,,
1431135,40,2026-10-30,1679,23600,,
1431135,40,2026-10-31,1679,23600,,
1431135,40,2026-11-01,1679,23600,,
1431135,40,2026-11-02,1679,23600,,
1431135,40,2026-11-03,1679,23600,,
1431135,40,2026-11-04,1679,23600,,
1431135,40,2026-11-05,1679,23600,,
1431135,40,2026-11-06,1679,23600,,
1431135,40,2026-11-07,1679,23600,,
1431135,40,2026-11-08,1679,23600,,
1431135,40,2026-11-09,1679,23600,,
1431135,40,2026-11-10,1679,23600,,
1431135,40,2026-11-11,1679,23600,,
1431135,40,2026-11-12,1679,23600,,
1431135,40,2026-11-13,1679,23600,,
1431135,40,2026-11-14,1679,23600,,
1431135,40,2026-11-15,1679,23600,,
1431135,40,2026-11-16,1679,23600,,
1431135,40,2026-11-17,1679,23600,,
1431135,40,2026-11-18,1679,23600,,
1431135,40,2026-11-19,1679,23600,,
1431135,40,2026-11-29,1679,23600,,
1431135,40,2026-11-30,1679,23600,,
1431135,40,2026-12-01,1679,23600,,
1431135,40,2026-12-07,1679,23600,,
1431135,40,2026-12-08,1679,23600,,
1431135,40,2026-12-09,1679,23600,,
1431135,40,2026-12-10,1679,23600,,
1431135,40,2026-12-13,1679,23600,,
1431135,40,2026-12-14,1679,23600,,
1431135,83,2026-09-18,1576,23600,,
1431135,83,2026-09-19,1576,23600,,
1431135,83,2026-09-20,1576,23600,,
1431135,83,2026-09-21,1576,23600,,
1431135,83,2026-09-22,1576,23600,,
1431135,83,2026-09-23,1576,23600,,
1431135,83,2026-09-24,1576,23600,,
1431135,83,2026-09-25,1576,23600,,
1431135,83,2026-09-26,1576,23600,,
1431135,83,2026-09-27,1576,23600,,
1431135,83,2026-09-28,1576,23600,,
1431135,83,2026-09-29,1576,23600,,
1431135,83,2026-09-30,1576,23600,,
1431135,83,2026-10-02,1576,23600,,
1431135,83,2026-10-04,1576,23600,,
1431135,83,2026-10-05,1576,23600,,
1431135,83,2026-10-06,1576,23600,,
1431135,83,2026-10-07,1576,23600,,
1431135,83,2026-10-08,1576,23600,,
1431135,83,2026-10-09,1576,23600,,
1431135,83,2026-10-10,1576,23600,,
1431135,83,2026-10-11,1576,23600,,
1431135,83,2026-10-12,1576,23600,,
1431135,83,2026-10-13,1576,23600,,
1431135,83,2026-10-14,1576,23600,,
1431135,83,2026-10-15,1576,23600,,
1431135,83,2026-10-17,1576,23600,,
1431135,83,2026-10-18,1576,23600,,
1431135,83,2026-10-19,1576,23600,,
1431135,83,2026-10-20,1576,23600,,
1431135,83,2026-10-21,1576,23600,,
1431135,83,2026-10-22,1576,23600,,
1431135,83,2026-10-23,1576,23600,,
1431135,83,2026-10-24,1576,23600,,
1431135,83,2026-10-26,1576,23600,,
1431135,83,2026-10-27,1576,23600,,
1431135,83,2026-10-28,1576,23600,,
1431135,83,2026-10-29,1576,23600,,
1431135,83,2026-10-30,1576,23600,,
1431135,83,2026-10-31,1576,23600,,
1431135,83,2026-11-01,1576,23600,,
1431135,83,2026-11-02,1576,23600,,
1431135,83,2026-11-03,1576,23600,,
1431135,83,2026-11-04,1576,23600,,
1431135,83,2026-11-05,1576,23600,,
1431135,83,2026-11-06,1576,23600,,
1431135,83,2026-11-07,1576,23600,,
1431135,83,2026-11-08,1576,23600,,
1431135,83,2026-11-09,1576,23600,,
1431135,83,2026-11-10,1576,23600,,
1431135,83,2026-11-11,1576,23600,,
1431135,83,2026-11-12,1576,23600,,
1431135,83,2026-11-13,1576,23600,,
1431135,83,2026-11-14,1576,23600,,
1431135,83,2026-11-15,1576,23600,,
1431135,83,2026-11-16,1576,23600,,
1431135,83,2026-11-17,1576,23600,,
1431135,83,2026-11-18,1576,23600,,
1431135,83,2026-11-19,1576,23600,,
1431135,83,2026-11-29,1576,23600,,
1431135,83,2026-11-30,1576,23600,,
1431135,83,2026-12-01,1576,23600,,
1431135,83,2026-12-07,1576,23600,,
1431135,83,2026-12-08,1576,23600,,
1431135,83,2026-12-09,1576,23600,,
1431135,83,2026-12-10,1576,23600,,
1431135,83,2026-12-13,1576,23600,,
1431135,83,2026-12-14,1576,23600,,
1431818,19,2026-09-21,1362,27848,,
1431818,20,2026-09-21,1362,27848,,
1431818,21,2026-09-21,1466,27848,,
1431818,22,2026-09-21,1466,27848,,
1431818,39,2026-09-21,1466,27848,,
1431818,83,2026-09-21,1466,27848,,
1434818,15,2026-09-21,1449,23600,,
1434818,17,2026-09-16,1705,23600,,
1434818,18,2026-09-16,1705,23600,,
1434818,19,2026-09-16,1843,23600,,
1434818,20,2026-09-16,1843,23600,,
1434818,38,2026-09-21,1449,23600,,
1434818,50,2026-09-16,1705,23600,,
1436133,21,2026-11-22,5993,23600,,
1436133,21,2026-11-23,5993,23600,,
1436133,21,2026-11-24,5993,23600,,
1436133,22,2026-11-22,5993,23600,,
1436133,22,2026-11-23,5993,23600,,
1436133,22,2026-11-24,5993,23600,,
1436133,23,2026-11-22,6131,23600,,
1436133,23,2026-11-23,6131,23600,,
1436133,23,2026-11-24,6131,23600,,
1436133,24,2026-11-22,6131,23600,,
1436133,24,2026-11-23,6131,23600,,
1436133,24,2026-11-24,6131,23600,,
1436133,27,2026-11-22,6476,23600,,
1436133,27,2026-11-23,6476,23600,,
1436133,27,2026-11-24,6476,23600,,
1436133,28,2026-11-22,6476,23600,,
1436133,28,2026-11-23,6476,23600,,
1436133,28,2026-11-24,6476,23600,,
1436133,39,2026-11-22,5993,23600,,
1436133,39,2026-11-23,5993,23600,,
1436133,39,2026-11-24,5993,23600,,
1436133,40,2026-11-22,6131,23600,,
1436133,40,2026-11-23,6131,23600,,
1436133,40,2026-11-24,6131,23600,,
1436133,83,2026-11-22,5993,23600,,
1436133,83,2026-11-23,5993,23600,,
1436133,83,2026-11-24,5993,23600,,
1436657,19,2026-09-17,1327,23600,,
1436657,20,2026-09-17,1327,23600,,
1436657,21,2026-09-17,1483,23600,,
1436657,22,2026-09-17,1483,23600,,
1436657,23,2026-09-15,1530,23600,,
1436657,24,2026-09-15,1530,23600,,
1436657,25,2026-09-15,1547,23600,,
1436657,26,2026-09-15,1547,23600,,
1436657,39,2026-09-17,1483,23600,,
1436657,40,2026-09-15,1530,23600,,
1436657,51,2026-09-17,1327,23600,,
1436657,83,2026-09-17,1483,23600,,
1437251,19,2027-09-15,1401,23600,,
1437251,20,2027-09-15,1401,23600,,
1437251,21,2027-09-15,1539,23600,,
1437251,22,2027-09-15,1539,23600,,
1437251,23,2026-09-19,1587,23600,,
1437251,23,2026-09-20,1587,23600,,
1437251,24,2026-09-19,1587,23600,,
1437251,24,2026-09-20,1587,23600,,
1437251,27,2026-09-21,1836,23600,,
1437251,28,2026-09-21,1836,23600,,
1437251,29,2026-09-19,1725,23600,,
1437251,29,2026-09-20,1725,23600,,
1437251,30,2026-09-19,1725,23600,,
1437251,30,2026-09-20,1725,23600,,
1437251,31,2026-09-19,1725,23600,,
1437251,31,2026-09-20,1725,23600,,
1437251,32,2026-09-19,1794,23600,,
1437251,32,2026-09-20,1794,23600,,
1437251,33,2026-09-19,1794,23600,,
1437251,33,2026-09-20,1794,23600,,
1437251,34,2026-09-19,1794,23600,,
1437251,34,2026-09-20,1794,23600,,
1437251,35,2026-09-21,2112,23600,,
1437251,36,2026-09-21,2112,23600,,
1437251,39,2027-09-15,1539,23600,,
1437251,40,2026-09-19,1587,23600,,
1437251,40,2026-09-20,1587,23600,,
1437251,57,2026-09-19,1725,23600,,
1437251,57,2026-09-20,1725,23600,,
1437251,83,2027-09-15,1539,23600,,
1438071,21,2026-09-19,1888,23600,,
1438071,21,2026-09-20,1881,23600,,
1438071,21,2026-09-21,1900,23600,,
1438071,22,2026-09-19,1888,23600,,
1438071,22,2026-09-20,1881,23600,,
1438071,22,2026-09-21,1900,23600,,
1438071,23,2026-09-20,2054,23600,,
1438071,24,2026-09-20,2054,23600,,
1438071,39,2026-09-19,1888,23600,,
1438071,39,2026-09-20,1881,23600,,
1438071,39,2026-09-21,1900,23600,,
1442173,21,2026-09-20,2010,23600,,
1442173,21,2026-09-20,2010,23600,,
1442173,21,2026-09-23,2001,23600,,
1442173,21,2026-09-23,2001,23600,,
1442173,21,2026-09-24,2001,23600,,
1442173,21,2026-09-24,2001,23600,,
1442173,22,2026-09-20,2010,23600,,
1442173,22,2026-09-20,2010,23600,,
1442173,22,2026-09-23,2001,23600,,
1442173,22,2026-09-23,2001,23600,,
1442173,22,2026-09-24,2001,23600,,
1442173,22,2026-09-24,2001,23600,,
1442173,23,2026-09-20,2010,23600,,
1442173,23,2026-09-20,2010,23600,,
1442173,23,2026-09-23,2001,23600,,
1442173,23,2026-09-23,2001,23600,,
1442173,23,2026-09-24,2001,23600,,
1442173,23,2026-09-24,2001,23600,,
1442173,24,2026-09-20,2010,23600,,
1442173,24,2026-09-20,2010,23600,,
1442173,24,2026-09-23,2001,23600,,
1442173,24,2026-09-23,2001,23600,,
1442173,24,2026-09-24,2001,23600,,
1442173,24,2026-09-24,2001,23600,,
1442173,25,2026-09-15,1486,23600,,
1442173,25,2026-09-15,1486,23600,,
1442173,25,2026-09-17,1476,23600,,
1442173,25,2026-09-17,1476,23600,,
1442173,26,2026-09-15,1486,23600,,
1442173,26,2026-09-15,1486,23600,,
1442173,26,2026-09-17,1476,23600,,
1442173,26,2026-09-17,1476,23600,,
1442173,27,2026-09-17,2649,23600,,
1442173,27,2026-09-17,2649,23600,,
1442173,28,2026-09-17,2649,23600,,
1442173,28,2026-09-17,2649,23600,,
1442173,39,2026-09-20,2010,23600,,
1442173,39,2026-09-23,2001,23600,,
1442173,39,2026-09-24,2001,23600,,
1442173,40,2026-09-20,2010,23600,,
1442173,40,2026-09-23,2001,23600,,
1442173,40,2026-09-24,2001,23600,,
1442173,83,2026-09-20,2010,23600,,
1442173,83,2026-09-23,2001,23600,,
1442173,83,2026-09-24,2001,23600,,
1444313,27,2026-10-07,3762,27848,,
1444313,28,2026-10-07,3762,27848,,
1444313,35,2026-10-06,4037,27848,,
1444313,35,2026-10-07,4038,27848,,
1444313,35,2026-10-08,4035,27848,,
1444313,36,2026-10-06,4037,27848,,
1444313,36,2026-10-07,4038,27848,,
1444313,36,2026-10-08,4035,27848,,
1444313,37,2026-10-06,4037,27848,,
1444313,37,2026-10-07,4038,27848,,
1444313,37,2026-10-08,4035,27848,,
1444313,42,2026-10-06,4727,27848,,
1444313,42,2026-10-07,4728,27848,,
1444313,42,2026-10-08,4725,27848,,
1444313,43,2026-10-06,4727,27848,,
1444313,43,2026-10-07,4728,27848,,
1444313,43,2026-10-08,4725,27848,,
1446075,19,2026-09-23,2607,23600,,
1446075,19,2026-09-24,2607,23600,,
1446075,20,2026-09-23,2607,23600,,
1446075,20,2026-09-24,2607,23600,,
1446075,21,2026-09-23,2779,23600,,
1446075,21,2026-09-24,2779,23600,,
1446075,22,2026-09-23,2779,23600,,
1446075,22,2026-09-24,2779,23600,,
1446075,23,2026-09-23,2952,23600,,
1446075,23,2026-09-24,2952,23600,,
1446075,24,2026-09-23,2952,23600,,
1446075,24,2026-09-24,2952,23600,,
1446075,35,2026-09-21,3886,23600,,
1446075,36,2026-09-21,3886,23600,,
1446075,37,2026-09-21,3886,23600,,
1446075,39,2026-09-23,2779,23600,,
1446075,39,2026-09-24,2779,23600,,
1446075,40,2026-09-23,2952,23600,,
1446075,40,2026-09-24,2952,23600,,
1446075,51,2026-09-23,2607,23600,,
1446075,51,2026-09-24,2607,23600,,
1446075,83,2026-09-23,2779,23600,,
1446075,83,2026-09-24,2779,23600,,
1446609,17,2026-09-19,1382,23600,,
1446609,17,2026-10-27,1489,23600,,
1446609,17,2026-10-28,1489,23600,,
1446609,17,2026-10-29,1489,23600,,
1446609,17,2026-10-30,1480,23600,,
1446609,17,2026-10-31,1480,23600,,
1446609,18,2026-09-19,1382,23600,,
1446609,18,2026-10-27,1489,23600,,
1446609,18,2026-10-28,1489,23600,,
1446609,18,2026-10-29,1489,23600,,
1446609,18,2026-10-30,1480,23600,,
1446609,18,2026-10-31,1480,23600,,
1446609,19,2026-09-19,1382,23600,,
1446609,19,2026-10-27,1489,23600,,
1446609,19,2026-10-28,1489,23600,,
1446609,19,2026-10-29,1489,23600,,
1446609,19,2026-10-30,1480,23600,,
1446609,19,2026-10-31,1480,23600,,
1446609,20,2026-09-19,1382,23600,,
1446609,20,2026-10-27,1489,23600,,
1446609,20,2026-10-28,1489,23600,,
1446609,20,2026-10-29,1489,23600,,
1446609,20,2026-10-30,1480,23600,,
1446609,20,2026-10-31,1480,23600,,
1446609,35,2026-11-01,2590,23600,,
1446609,35,2026-11-02,2590,23600,,
1446609,35,2026-11-03,2590,23600,,
1446609,35,2026-11-04,2590,23600,,
1446609,35,2026-11-05,2590,23600,,
1446609,35,2026-11-12,2590,23600,,
1446609,35,2026-11-18,2590,23600,,
1446609,35,2026-11-19,2590,23600,,
1446609,35,2026-11-22,2590,23600,,
1446609,35,2026-11-23,2590,23600,,
1446609,36,2026-11-01,2590,23600,,
1446609,36,2026-11-02,2590,23600,,
1446609,36,2026-11-03,2590,23600,,
1446609,36,2026-11-04,2590,23600,,
1446609,36,2026-11-05,2590,23600,,
1446609,36,2026-11-12,2590,23600,,
1446609,36,2026-11-18,2590,23600,,
1446609,36,2026-11-19,2590,23600,,
1446609,36,2026-11-22,2590,23600,,
1446609,36,2026-11-23,2590,23600,,
1446609,37,2026-11-01,2590,23600,,
1446609,37,2026-11-02,2590,23600,,
1446609,37,2026-11-03,2590,23600,,
1446609,37,2026-11-04,2590,23600,,
1446609,37,2026-11-05,2590,23600,,
1446609,37,2026-11-12,2590,23600,,
1446609,37,2026-11-18,2590,23600,,
1446609,37,2026-11-19,2590,23600,,
1446609,37,2026-11-22,2590,23600,,
1446609,37,2026-11-23,2590,23600,,
1451268,23,2026-11-11,1849,20000,,
1451268,23,2026-11-24,1849,20000,,
1451268,23,2026-11-25,1849,20000,,
1451268,24,2026-11-11,1849,20000,,
1451268,24,2026-11-24,1849,20000,,
1451268,24,2026-11-25,1849,20000,,
1451268,40,2026-11-11,1849,20000,,
1451268,40,2026-11-24,1849,20000,,
1451268,40,2026-11-25,1849,20000,,
1452205,17,2026-09-17,1420,23600,,
1452205,18,2026-09-17,1420,23600,,
1452205,32,2026-09-15,2618,23600,,
1452205,32,2026-09-16,2618,23600,,
1452205,33,2026-09-15,2618,23600,,
1452205,33,2026-09-16,2618,23600,,
1452205,34,2026-09-15,2618,23600,,
1452205,34,2026-09-16,2618,23600,,
1452205,50,2026-09-17,1420,23600,,
1452205,58,2026-09-15,2618,23600,,
1452205,58,2026-09-16,2618,23600,,
1452205,90,2026-09-15,2618,23600,,
1452205,90,2026-09-16,2618,23600,,
1452757,21,2026-09-15,1980,23600,,
1452757,21,2026-09-16,1980,23600,,
1452757,21,2026-09-17,1980,23600,,
1452757,21,2026-09-20,1980,23600,,
1452757,21,2026-09-21,1980,23600,,
1452757,21,2026-09-22,1980,23600,,
1452757,21,2026-09-23,1980,23600,,
1452757,21,2026-09-24,1980,23600,,
1452757,21,2026-09-27,1980,23600,,
1452757,21,2026-09-28,1980,23600,,
1452757,21,2026-09-29,1980,23600,,
1452757,21,2026-09-30,1980,23600,,
1452757,21,2026-10-06,1980,23600,,
1452757,21,2026-10-07,1980,23600,,
1452757,21,2026-10-08,1980,23600,,
1452757,21,2026-10-27,1980,23600,,
1452757,21,2026-10-28,1980,23600,,
1452757,21,2026-10-29,1980,23600,,
1452757,21,2026-10-30,1980,23600,,
1452757,21,2026-10-31,1980,23600,,
1452757,21,2026-11-01,1980,23600,,
1452757,21,2026-11-02,1980,23600,,
1452757,21,2026-11-03,1980,23600,,
1452757,21,2026-11-04,1980,23600,,
1452757,21,2026-11-05,1980,23600,,
1452757,21,2026-11-06,1980,23600,,
1452757,21,2026-11-12,1980,23600,,
1452757,21,2026-11-13,1980,23600,,
1452757,21,2026-11-18,1980,23600,,
1452757,21,2026-11-19,1980,23600,,
1452757,21,2026-11-22,1980,23600,,
1452757,21,2026-11-23,1980,23600,,
1452757,22,2026-09-15,1980,23600,,
1452757,22,2026-09-16,1980,23600,,
1452757,22,2026-09-17,1980,23600,,
1452757,22,2026-09-20,1980,23600,,
1452757,22,2026-09-21,1980,23600,,
1452757,22,2026-09-22,1980,23600,,
1452757,22,2026-09-23,1980,23600,,
1452757,22,2026-09-24,1980,23600,,
1452757,22,2026-09-27,1980,23600,,
1452757,22,2026-09-28,1980,23600,,
1452757,22,2026-09-29,1980,23600,,
1452757,22,2026-09-30,1980,23600,,
1452757,22,2026-10-06,1980,23600,,
1452757,22,2026-10-07,1980,23600,,
1452757,22,2026-10-08,1980,23600,,
1452757,22,2026-10-27,1980,23600,,
1452757,22,2026-10-28,1980,23600,,
1452757,22,2026-10-29,1980,23600,,
1452757,22,2026-10-30,1980,23600,,
1452757,22,2026-10-31,1980,23600,,
1452757,22,2026-11-01,1980,23600,,
1452757,22,2026-11-02,1980,23600,,
1452757,22,2026-11-03,1980,23600,,
1452757,22,2026-11-04,1980,23600,,
1452757,22,2026-11-05,1980,23600,,
1452757,22,2026-11-06,1980,23600,,
1452757,22,2026-11-12,1980,23600,,
1452757,22,2026-11-13,1980,23600,,
1452757,22,2026-11-18,1980,23600,,
1452757,22,2026-11-19,1980,23600,,
1452757,22,2026-11-22,1980,23600,,
1452757,22,2026-11-23,1980,23600,,
1452757,39,2026-09-15,1980,23600,,
1452757,39,2026-09-16,1980,23600,,
1452757,39,2026-09-17,1980,23600,,
1452757,39,2026-09-20,1980,23600,,
1452757,39,2026-09-21,1980,23600,,
1452757,39,2026-09-22,1980,23600,,
1452757,39,2026-09-23,1980,23600,,
1452757,39,2026-09-24,1980,23600,,
1452757,39,2026-09-27,1980,23600,,
1452757,39,2026-09-28,1980,23600,,
1452757,39,2026-09-29,1980,23600,,
1452757,39,2026-09-30,1980,23600,,
1452757,39,2026-10-06,1980,23600,,
1452757,39,2026-10-07,1980,23600,,
1452757,39,2026-10-08,1980,23600,,
1452757,39,2026-10-27,1980,23600,,
1452757,39,2026-10-28,1980,23600,,
1452757,39,2026-10-29,1980,23600,,
1452757,39,2026-10-30,1980,23600,,
1452757,39,2026-10-31,1980,23600,,
1452757,39,2026-11-01,1980,23600,,
1452757,39,2026-11-02,1980,23600,,
1452757,39,2026-11-03,1980,23600,,
1452757,39,2026-11-04,1980,23600,,
1452757,39,2026-11-05,1980,23600,,
1452757,39,2026-11-06,1980,23600,,
1452757,39,2026-11-12,1980,23600,,
1452757,39,2026-11-13,1980,23600,,
1452757,39,2026-11-18,1980,23600,,
1452757,39,2026-11-19,1980,23600,,
1452757,39,2026-11-22,1980,23600,,
1452757,39,2026-11-23,1980,23600,,
1452757,83,2026-09-15,1980,23600,,
1452757,83,2026-09-16,1980,23600,,
1452757,83,2026-09-17,1980,23600,,
1452757,83,2026-09-20,1980,23600,,
1452757,83,2026-09-21,1980,23600,,
1452757,83,2026-09-22,1980,23600,,
1452757,83,2026-09-23,1980,23600,,
1452757,83,2026-09-24,1980,23600,,
1452757,83,2026-09-27,1980,23600,,
1452757,83,2026-09-28,1980,23600,,
1452757,83,2026-09-29,1980,23600,,
1452757,83,2026-09-30,1980,23600,,
1452757,83,2026-10-06,1980,23600,,
1452757,83,2026-10-07,1980,23600,,
1452757,83,2026-10-08,1980,23600,,
1452757,83,2026-10-27,1980,23600,,
1452757,83,2026-10-28,1980,23600,,
1452757,83,2026-10-29,1980,23600,,
1452757,83,2026-10-30,1980,23600,,
1452757,83,2026-10-31,1980,23600,,
1452757,83,2026-11-01,1980,23600,,
1452757,83,2026-11-02,1980,23600,,
1452757,83,2026-11-03,1980,23600,,
1452757,83,2026-11-04,1980,23600,,
1452757,83,2026-11-05,1980,23600,,
1452757,83,2026-11-06,1980,23600,,
1452757,83,2026-11-12,1980,23600,,
1452757,83,2026-11-13,1980,23600,,
1452757,83,2026-11-18,1980,23600,,
1452757,83,2026-11-19,1980,23600,,
1452757,83,2026-11-22,1980,23600,,
1452757,83,2026-11-23,1980,23600,,
1453106,17,2026-09-20,1254,23600,,
1453106,18,2026-09-20,1254,23600,,
1453106,19,2026-09-20,1323,23600,,
1453106,19,2026-09-21,1320,23600,,
1453106,20,2026-09-20,1323,23600,,
1453106,20,2026-09-21,1320,23600,,
1453106,21,2026-09-15,1488,23600,,
1453106,21,2026-09-16,1488,23600,,
1453106,21,2026-09-21,1492,23600,,
1453106,22,2026-09-15,1488,23600,,
1453106,22,2026-09-16,1488,23600,,
1453106,22,2026-09-21,1492,23600,,
1453106,39,2026-09-15,1488,23600,,
1453106,39,2026-09-16,1488,23600,,
1453106,39,2026-09-21,1492,23600,,
1453106,50,2026-09-20,1254,23600,,
1453106,83,2026-09-15,1488,23600,,
1453106,83,2026-09-16,1488,23600,,
1453106,83,2026-09-21,1492,23600,,
1453534,21,2026-10-09,2298,23600,,
1453534,22,2026-10-09,2298,23600,,
1453534,23,2026-09-20,2379,23600,,
1453534,24,2026-09-20,2379,23600,,
1453534,27,2026-09-24,2802,23600,,
1453534,27,2026-10-06,2802,23600,,
1453534,27,2026-10-07,2802,23600,,
1453534,27,2026-10-08,2802,23600,,
1453534,27,2026-10-27,2802,23600,,
1453534,27,2026-10-28,2802,23600,,
1453534,27,2026-10-29,2802,23600,,
1453534,28,2026-09-24,2802,23600,,
1453534,28,2026-10-06,2802,23600,,
1453534,28,2026-10-07,2802,23600,,
1453534,28,2026-10-08,2802,23600,,
1453534,28,2026-10-27,2802,23600,,
1453534,28,2026-10-28,2802,23600,,
1453534,28,2026-10-29,2802,23600,,
1453534,39,2026-10-09,2298,23600,,
1453534,40,2026-09-20,2379,23600,,
1453534,83,2026-10-09,2298,23600,,
1456807,35,2026-12-02,2679,23600,,
1456807,35,2026-12-03,2679,23600,,
1456807,35,2026-12-06,2679,23600,,
1456807,36,2026-12-02,2679,23600,,
1456807,36,2026-12-03,2679,23600,,
1456807,36,2026-12-06,2679,23600,,
1462197,17,2026-09-21,1379,23600,,
1462197,17,2026-09-22,1379,23600,,
1462197,18,2026-09-21,1379,23600,,
1462197,18,2026-09-22,1379,23600,,
1462197,19,2026-09-21,1482,23600,,
1462197,19,2026-09-22,1482,23600,,
1462197,20,2026-09-21,1482,23600,,
1462197,20,2026-09-22,1482,23600,,
1462197,21,2026-09-21,1793,23600,,
1462197,21,2026-09-22,1793,23600,,
1462197,22,2026-09-21,1793,23600,,
1462197,22,2026-09-22,1793,23600,,
1462197,23,2026-09-21,1896,23600,,
1462197,23,2026-09-22,1896,23600,,
1462197,24,2026-09-21,1896,23600,,
1462197,24,2026-09-22,1896,23600,,
1462197,27,2026-09-20,2677,23600,,
1462197,27,2026-09-23,2661,23600,,
1462197,27,2026-09-25,3083,23600,,
1462197,27,2026-09-26,3088,23600,,
1462197,28,2026-09-20,2677,23600,,
1462197,28,2026-09-23,2661,23600,,
1462197,28,2026-09-25,3083,23600,,
1462197,28,2026-09-26,3088,23600,,
1462197,29,2026-09-20,2194,23600,,
1462197,29,2026-09-23,2178,23600,,
1462197,30,2026-09-20,2194,23600,,
1462197,30,2026-09-23,2178,23600,,
1462197,31,2026-09-20,2194,23600,,
1462197,31,2026-09-23,2178,23600,,
1462197,32,2026-09-20,2367,23600,,
1462197,32,2026-09-23,2351,23600,,
1462197,32,2026-09-25,2773,23600,,
1462197,32,2026-09-26,2778,23600,,
1462197,33,2026-09-20,2367,23600,,
1462197,33,2026-09-23,2351,23600,,
1462197,33,2026-09-25,2773,23600,,
1462197,33,2026-09-26,2778,23600,,
1462197,34,2026-09-20,2367,23600,,
1462197,34,2026-09-23,2351,23600,,
1462197,34,2026-09-25,2773,23600,,
1462197,34,2026-09-26,2778,23600,,
1462197,35,2026-09-18,3162,23600,,
1462197,35,2026-09-23,3144,23600,,
1462197,35,2026-10-31,3592,23600,,
1462197,36,2026-09-18,3162,23600,,
1462197,36,2026-09-23,3144,23600,,
1462197,36,2026-10-31,3592,23600,,
1462197,37,2026-09-18,3162,23600,,
1462197,37,2026-09-23,3144,23600,,
1462197,37,2026-10-31,3592,23600,,
1462197,39,2026-09-21,1793,23600,,
1462197,39,2026-09-22,1793,23600,,
1462197,40,2026-09-21,1896,23600,,
1462197,40,2026-09-22,1896,23600,,
1462197,42,2026-09-27,4122,23600,,
1462197,42,2026-09-28,4096,23600,,
1462197,42,2026-09-29,4093,23600,,
1462197,42,2026-09-30,4093,23600,,
1462197,42,2026-10-06,4299,23600,,
1462197,42,2026-10-07,4299,23600,,
1462197,42,2026-10-08,4299,23600,,
1462197,42,2026-10-30,4326,23600,,
1462197,42,2026-11-01,3938,23600,,
1462197,42,2026-11-02,3938,23600,,
1462197,42,2026-11-03,3938,23600,,
1462197,42,2026-11-04,3938,23600,,
1462197,42,2026-11-05,3938,23600,,
1462197,42,2026-11-12,3938,23600,,
1462197,42,2026-11-18,3938,23600,,
1462197,42,2026-11-19,3938,23600,,
1462197,42,2026-11-22,3938,23600,,
1462197,42,2026-11-23,3938,23600,,
1462197,42,2027-09-15,3965,23600,,
1462197,43,2026-09-27,4122,23600,,
1462197,43,2026-09-28,4096,23600,,
1462197,43,2026-09-29,4093,23600,,
1462197,43,2026-09-30,4093,23600,,
1462197,43,2026-10-06,4299,23600,,
1462197,43,2026-10-07,4299,23600,,
1462197,43,2026-10-08,4299,23600,,
1462197,43,2026-10-30,4326,23600,,
1462197,43,2026-11-01,3938,23600,,
1462197,43,2026-11-02,3938,23600,,
1462197,43,2026-11-03,3938,23600,,
1462197,43,2026-11-04,3938,23600,,
1462197,43,2026-11-05,3938,23600,,
1462197,43,2026-11-12,3938,23600,,
1462197,43,2026-11-18,3938,23600,,
1462197,43,2026-11-19,3938,23600,,
1462197,43,2026-11-22,3938,23600,,
1462197,43,2026-11-23,3938,23600,,
1462197,43,2027-09-15,3965,23600,,
1462197,50,2026-09-21,1379,23600,,
1462197,50,2026-09-22,1379,23600,,
1462197,57,2026-09-20,2194,23600,,
1462197,57,2026-09-23,2178,23600,,
1462197,58,2026-09-20,2367,23600,,
1462197,58,2026-09-23,2351,23600,,
1462197,58,2026-09-25,2773,23600,,
1462197,58,2026-09-26,2778,23600,,
1462197,83,2026-09-21,1793,23600,,
1462197,83,2026-09-22,1793,23600,,
1462197,89,2026-09-20,2194,23600,,
1462197,89,2026-09-23,2178,23600,,
1463190,17,2026-09-20,1387,23600,,
1463190,17,2026-09-21,1344,23600,,
1463190,17,2026-09-24,1381,23600,,
1463190,18,2026-09-20,1387,23600,,
1463190,18,2026-09-21,1344,23600,,
1463190,18,2026-09-24,1381,23600,,
1463190,19,2026-09-20,1422,23600,,
1463190,19,2026-09-21,1379,23600,,
1463190,19,2026-09-24,1415,23600,,
1463190,20,2026-09-20,1422,23600,,
1463190,20,2026-09-21,1379,23600,,
1463190,20,2026-09-24,1415,23600,,
1463190,21,2026-09-20,1594,23600,,
1463190,21,2026-09-21,1551,23600,,
1463190,21,2026-09-24,1588,23600,,
1463190,22,2026-09-20,1594,23600,,
1463190,22,2026-09-21,1551,23600,,
1463190,22,2026-09-24,1588,23600,,
1463190,23,2026-09-20,1663,23600,,
1463190,23,2026-09-21,1620,23600,,
1463190,23,2026-09-24,1657,23600,,
1463190,24,2026-09-20,1663,23600,,
1463190,24,2026-09-21,1620,23600,,
1463190,24,2026-09-24,1657,23600,,
1463190,25,2026-09-21,1586,20000,,
1463190,26,2026-09-21,1586,20000,,
1463190,27,2026-09-20,1870,23600,,
1463190,27,2026-09-24,1864,23600,,
1463190,28,2026-09-20,1870,23600,,
1463190,28,2026-09-24,1864,23600,,
1463190,39,2026-09-20,1594,23600,,
1463190,39,2026-09-21,1551,23600,,
1463190,39,2026-09-24,1588,23600,,
1463190,40,2026-09-20,1663,23600,,
1463190,40,2026-09-21,1620,23600,,
1463190,40,2026-09-24,1657,23600,,
1463190,50,2026-09-20,1387,23600,,
1463190,50,2026-09-21,1344,23600,,
1463190,50,2026-09-24,1381,23600,,
1463190,51,2026-09-21,1379,20000,,
1463190,83,2026-09-20,1594,23600,,
1463190,83,2026-09-21,1551,23600,,
1463190,83,2026-09-24,1588,23600,,
1463190,87,2026-09-21,1344,20000,,
1464454,19,2026-09-18,1930,23600,,
1464454,20,2026-09-18,1930,23600,,
1464454,21,2026-09-18,2137,23600,,
