property_code,sku_code,date,min_price,max_price,channel_code,sub_channel_code
0472129,23,2026-09-15,1462,23600,,
0472129,24,2026-09-15,1462,23600,,
0472129,24,2026-09-15,1462,23600,,
0472129,39,2026-09-15,1462,23600,,
0472129,40,2026-09-15,1462,23600,,
0472129,83,2026-09-15,1462,23600,,
1075048,19,2026-11-22,1305,23600,,
1075048,19,2026-11-23,1305,23600,,
1075048,19,2026-12-01,1305,23600,,
1075048,19,2026-12-07,1305,23600,,
1075048,19,2026-12-08,1305,23600,,
1075048,20,2026-11-22,1305,23600,,
1075048,20,2026-11-23,1305,23600,,
1075048,20,2026-12-01,1305,23600,,
1075048,20,2026-12-07,1305,23600,,
1075048,20,2026-12-08,1305,23600,,
1107594,27,2026-12-01,1868,23600,,
1107594,27,2026-12-01,1868,23600,,
1107594,27,2026-12-07,1868,23600,,
1107594,27,2026-12-07,1868,23600,,
1107594,27,2026-12-08,1868,23600,,
1107594,27,2026-12-08,1868,23600,,
1107594,28,2026-12-01,1868,23600,,
1107594,28,2026-12-01,1868,23600,,
1107594,28,2026-12-07,1868,23600,,
1107594,28,2026-12-07,1868,23600,,
1107594,28,2026-12-08,1868,23600,,
1107594,28,2026-12-08,1868,23600,,
1125927,21,2026-11-22,1377,23600,,
1125927,21,2026-11-23,1377,23600,,
1125927,22,2026-11-22,1377,23600,,
1125927,22,2026-11-23,1377,23600,,
1125927,27,2026-11-22,1722,23600,,
1125927,27,2026-11-23,1722,23600,,
1125927,28,2026-11-22,1722,23600,,
1125927,28,2026-11-23,1722,23600,,
1125927,39,2026-11-22,1377,23600,,
1125927,39,2026-11-23,1377,23600,,
1125927,83,2026-11-22,1377,23600,,
1125927,83,2026-11-23,1377,23600,,
1161560,17,2026-12-18,2113,23600,,
1161560,17,2026-12-19,2113,23600,,
1161560,17,2026-12-20,2113,23600,,
1161560,17,2026-12-21,2113,23600,,
1161560,17,2026-12-22,2113,23600,,
1161560,17,2026-12-23,2113,23600,,
1161560,17,2026-12-24,2113,23600,,
1161560,17,2026-12-25,2113,23600,,
1161560,17,2026-12-26,2113,23600,,
1161560,17,2026-12-27,2113,23600,,
1161560,17,2026-12-28,2113,23600,,
1161560,17,2026-12-29,2113,23600,,
1161560,17,2026-12-30,2113,23600,,
1161560,17,2026-12-31,2113,23600,,
1161560,17,2027-01-01,2113,23600,,
1161560,17,2027-01-02,2113,23600,,
1161560,17,2027-01-03,2113,23600,,
1161560,17,2027-01-04,2113,23600,,
1161560,18,2026-12-18,2113,23600,,
1161560,18,2026-12-19,2113,23600,,
1161560,18,2026-12-20,2113,23600,,
1161560,18,2026-12-21,2113,23600,,
1161560,18,2026-12-22,2113,23600,,
1161560,18,2026-12-23,2113,23600,,
1161560,18,2026-12-24,2113,23600,,
1161560,18,2026-12-25,2113,23600,,
1161560,18,2026-12-26,2113,23600,,
1161560,18,2026-12-27,2113,23600,,
1161560,18,2026-12-28,2113,23600,,
1161560,18,2026-12-29,2113,23600,,
1161560,18,2026-12-30,2113,23600,,
1161560,18,2026-12-31,2113,23600,,
1161560,18,2027-01-01,2113,23600,,
1161560,18,2027-01-02,2113,23600,,
1161560,18,2027-01-03,2113,23600,,
1161560,18,2027-01-04,2113,23600,,
1161560,50,2026-12-18,2113,23600,,
1161560,50,2026-12-19,2113,23600,,
1161560,50,2026-12-20,2113,23600,,
1161560,50,2026-12-21,2113,23600,,
1161560,50,2026-12-22,2113,23600,,
1161560,50,2026-12-23,2113,23600,,
1161560,50,2026-12-24,2113,23600,,
1161560,50,2026-12-25,2113,23600,,
1161560,50,2026-12-26,2113,23600,,
1161560,50,2026-12-27,2113,23600,,
1161560,50,2026-12-28,2113,23600,,
1161560,50,2026-12-29,2113,23600,,
1161560,50,2026-12-30,2113,23600,,
1161560,50,2026-12-31,2113,23600,,
1161560,50,2027-01-01,2113,23600,,
1161560,50,2027-01-02,2113,23600,,
1161560,50,2027-01-03,2113,23600,,
1161560,50,2027-01-04,2113,23600,,
1165837,45,2026-12-02,2766,23600,,
1165837,45,2026-12-03,2766,23600,,
1165837,45,2026-12-04,2766,23600,,
1165837,45,2026-12-05,2766,23600,,
1165837,45,2026-12-06,2766,23600,,
1165837,46,2026-12-02,2766,23600,,
1165837,46,2026-12-03,2766,23600,,
1165837,46,2026-12-04,2766,23600,,
1165837,46,2026-12-05,2766,23600,,
1165837,46,2026-12-06,2766,23600,,
1193381,21,2026-11-22,2228,23600,,
1193381,21,2026-11-23,2228,23600,,
1193381,22,2026-11-22,2228,23600,,
1193381,22,2026-11-23,2228,23600,,
1193381,23,2026-11-22,2228,23600,,
1193381,23,2026-11-23,2228,23600,,
1193381,24,2026-11-22,2228,23600,,
1193381,24,2026-11-23,2228,23600,,
1193381,39,2026-11-22,2228,23600,,
1193381,39,2026-11-23,2228,23600,,
1193381,40,2026-11-22,2228,23600,,
1193381,40,2026-11-23,2228,23600,,
1193381,83,2026-11-22,2228,23600,,
1193381,83,2026-11-23,2228,23600,,
1206822,21,2026-10-01,2185,23600,,
1206822,21,2026-10-10,2477,23600,,
1206822,21,2026-10-11,2185,23600,,
1206822,21,2026-10-12,2185,23600,,
1206822,21,2026-10-13,2185,23600,,
1206822,21,2026-10-14,2185,23600,,
1206822,21,2026-10-15,2185,23600,,
1206822,21,2026-10-16,2477,23600,,
1206822,21,2026-10-17,2477,23600,,
1206822,21,2026-10-18,2185,23600,,
1206822,21,2026-10-19,2185,23600,,
1206822,21,2026-10-20,2185,23600,,
1206822,21,2026-10-21,2185,23600,,
1206822,21,2026-10-22,2185,23600,,
1206822,21,2026-10-23,2477,23600,,
1206822,21,2026-10-24,2477,23600,,
1206822,21,2026-10-25,2185,23600,,
1206822,21,2026-10-26,2185,23600,,
1206822,21,2026-10-30,1748,23600,,
1206822,21,2026-10-31,1748,23600,,
1206822,21,2026-11-06,1748,23600,,
1206822,21,2026-11-07,2477,23600,,
1206822,21,2026-11-08,2185,23600,,
1206822,21,2026-11-09,2185,23600,,
1206822,21,2026-11-10,2185,23600,,
1206822,21,2026-11-11,2185,23600,,
1206822,21,2026-11-13,1748,23600,,
1206822,21,2026-11-14,2477,23600,,
1206822,21,2026-11-15,2185,23600,,
1206822,21,2026-11-16,2185,23600,,
1206822,21,2026-11-17,2185,23600,,
1206822,21,2026-11-20,2477,23600,,
1206822,21,2026-11-21,2477,23600,,
1206822,21,2026-12-04,2477,23600,,
1206822,21,2026-12-05,2477,23600,,
1206822,22,2026-10-01,2185,23600,,
1206822,22,2026-10-10,2477,23600,,
1206822,22,2026-10-11,2185,23600,,
1206822,22,2026-10-12,2185,23600,,
1206822,22,2026-10-13,2185,23600,,
1206822,22,2026-10-14,2185,23600,,
1206822,22,2026-10-15,2185,23600,,
1206822,22,2026-10-16,2477,23600,,
1206822,22,2026-10-17,2477,23600,,
1206822,22,2026-10-18,2185,23600,,
1206822,22,2026-10-19,2185,23600,,
1206822,22,2026-10-20,2185,23600,,
1206822,22,2026-10-21,2185,23600,,
1206822,22,2026-10-22,2185,23600,,
1206822,22,2026-10-23,2477,23600,,
1206822,22,2026-10-24,2477,23600,,
1206822,22,2026-10-25,2185,23600,,
1206822,22,2026-10-26,2185,23600,,
1206822,22,2026-10-30,1748,23600,,
1206822,22,2026-10-31,1748,23600,,
1206822,22,2026-11-06,1748,23600,,
1206822,22,2026-11-07,2477,23600,,
1206822,22,2026-11-08,2185,23600,,
1206822,22,2026-11-09,2185,23600,,
1206822,22,2026-11-10,2185,23600,,
1206822,22,2026-11-11,2185,23600,,
1206822,22,2026-11-13,1748,23600,,
1206822,22,2026-11-14,2477,23600,,
1206822,22,2026-11-15,2185,23600,,
1206822,22,2026-11-16,2185,23600,,
1206822,22,2026-11-17,2185,23600,,
1206822,22,2026-11-20,2477,23600,,
1206822,22,2026-11-21,2477,23600,,
1206822,22,2026-12-04,2477,23600,,
1206822,22,2026-12-05,2477,23600,,
1206822,23,2026-10-01,2185,23600,,
1206822,23,2026-10-10,2477,23600,,
1206822,23,2026-10-11,2185,23600,,
1206822,23,2026-10-12,2185,23600,,
1206822,23,2026-10-13,2185,23600,,
1206822,23,2026-10-14,2185,23600,,
1206822,23,2026-10-15,2185,23600,,
1206822,23,2026-10-16,2477,23600,,
1206822,23,2026-10-17,2477,23600,,
1206822,23,2026-10-18,2185,23600,,
1206822,23,2026-10-19,2185,23600,,
1206822,23,2026-10-20,2185,23600,,
1206822,23,2026-10-21,2185,23600,,
1206822,23,2026-10-22,2185,23600,,
1206822,23,2026-10-23,2477,23600,,
1206822,23,2026-10-24,2477,23600,,
1206822,23,2026-10-25,2185,23600,,
1206822,23,2026-10-26,2185,23600,,
1206822,23,2026-10-30,1748,23600,,
1206822,23,2026-10-31,1748,23600,,
1206822,23,2026-11-06,1748,23600,,
1206822,23,2026-11-07,2477,23600,,
1206822,23,2026-11-08,2185,23600,,
1206822,23,2026-11-09,2185,23600,,
1206822,23,2026-11-10,2185,23600,,
1206822,23,2026-11-11,2185,23600,,
1206822,23,2026-11-13,1748,23600,,
1206822,23,2026-11-14,2477,23600,,
1206822,23,2026-11-15,2185,23600,,
1206822,23,2026-11-16,2185,23600,,
1206822,23,2026-11-17,2185,23600,,
1206822,23,2026-11-20,2477,23600,,
1206822,23,2026-11-21,2477,23600,,
1206822,23,2026-12-04,2477,23600,,
1206822,23,2026-12-05,2477,23600,,
1206822,24,2026-10-01,2185,23600,,
1206822,24,2026-10-10,2477,23600,,
1206822,24,2026-10-11,2185,23600,,
1206822,24,2026-10-12,2185,23600,,
1206822,24,2026-10-13,2185,23600,,
1206822,24,2026-10-14,2185,23600,,
1206822,24,2026-10-15,2185,23600,,
1206822,24,2026-10-16,2477,23600,,
1206822,24,2026-10-17,2477,23600,,
1206822,24,2026-10-18,2185,23600,,
1206822,24,2026-10-19,2185,23600,,
1206822,24,2026-10-20,2185,23600,,
1206822,24,2026-10-21,2185,23600,,
1206822,24,2026-10-22,2185,23600,,
1206822,24,2026-10-23,2477,23600,,
1206822,24,2026-10-24,2477,23600,,
1206822,24,2026-10-25,2185,23600,,
1206822,24,2026-10-26,2185,23600,,
1206822,24,2026-10-30,1748,23600,,
1206822,24,2026-10-31,1748,23600,,
1206822,24,2026-11-06,1748,23600,,
1206822,24,2026-11-07,2477,23600,,
1206822,24,2026-11-08,2185,23600,,
1206822,24,2026-11-09,2185,23600,,
1206822,24,2026-11-10,2185,23600,,
1206822,24,2026-11-11,2185,23600,,
1206822,24,2026-11-13,1748,23600,,
1206822,24,2026-11-14,2477,23600,,
1206822,24,2026-11-15,2185,23600,,
1206822,24,2026-11-16,2185,23600,,
1206822,24,2026-11-17,2185,23600,,
1206822,24,2026-11-20,2477,23600,,
1206822,24,2026-11-21,2477,23600,,
1206822,24,2026-12-04,2477,23600,,
1206822,24,2026-12-05,2477,23600,,
1206822,35,2026-11-24,3496,23600,,
1206822,35,2026-11-25,3496,23600,,
1206822,35,2026-12-01,3496,23600,,
1206822,35,2026-12-02,3496,23600,,
1206822,35,2026-12-03,3496,23600,,
1206822,35,2026-12-06,3496,23600,,
1206822,35,2026-12-07,3496,23600,,
1206822,35,2026-12-08,3496,23600,,
1206822,36,2026-11-24,3496,23600,,
1206822,36,2026-11-25,3496,23600,,
1206822,36,2026-12-01,3496,23600,,
1206822,36,2026-12-02,3496,23600,,
1206822,36,2026-12-03,3496,23600,,
1206822,36,2026-12-06,3496,23600,,
1206822,36,2026-12-07,3496,23600,,
1206822,36,2026-12-08,3496,23600,,
1206822,37,2026-11-24,3496,23600,,
1206822,37,2026-11-25,3496,23600,,
1206822,37,2026-12-01,3496,23600,,
1206822,37,2026-12-02,3496,23600,,
1206822,37,2026-12-03,3496,23600,,
1206822,37,2026-12-06,3496,23600,,
1206822,37,2026-12-07,3496,23600,,
1206822,37,2026-12-08,3496,23600,,
1206822,39,2026-10-01,2185,23600,,
1206822,39,2026-10-10,2477,23600,,
1206822,39,2026-10-11,2185,23600,,
1206822,39,2026-10-12,2185,23600,,
1206822,39,2026-10-13,2185,23600,,
1206822,39,2026-10-14,2185,23600,,
1206822,39,2026-10-15,2185,23600,,
1206822,39,2026-10-16,2477,23600,,
1206822,39,2026-10-17,2477,23600,,
1206822,39,2026-10-18,2185,23600,,
1206822,39,2026-10-19,2185,23600,,
1206822,39,2026-10-20,2185,23600,,
1206822,39,2026-10-21,2185,23600,,
1206822,39,2026-10-22,2185,23600,,
1206822,39,2026-10-23,2477,23600,,
1206822,39,2026-10-24,2477,23600,,
1206822,39,2026-10-25,2185,23600,,
1206822,39,2026-10-26,2185,23600,,
1206822,39,2026-10-30,1748,23600,,
1206822,39,2026-10-31,1748,23600,,
1206822,39,2026-11-06,1748,23600,,
1206822,39,2026-11-07,2477,23600,,
1206822,39,2026-11-08,2185,23600,,
1206822,39,2026-11-09,2185,23600,,
1206822,39,2026-11-10,2185,23600,,
1206822,39,2026-11-11,2185,23600,,
1206822,39,2026-11-13,1748,23600,,
1206822,39,2026-11-14,2477,23600,,
1206822,39,2026-11-15,2185,23600,,
1206822,39,2026-11-16,2185,23600,,
1206822,39,2026-11-17,2185,23600,,
1206822,39,2026-11-20,2477,23600,,
1206822,39,2026-11-21,2477,23600,,
1206822,39,2026-12-04,2477,23600,,
1206822,39,2026-12-05,2477,23600,,
1206822,40,2026-10-01,2185,23600,,
1206822,40,2026-10-10,2477,23600,,
1206822,40,2026-10-11,2185,23600,,
1206822,40,2026-10-12,2185,23600,,
1206822,40,2026-10-13,2185,23600,,
1206822,40,2026-10-14,2185,23600,,
1206822,40,2026-10-15,2185,23600,,
1206822,40,2026-10-16,2477,23600,,
1206822,40,2026-10-17,2477,23600,,
1206822,40,2026-10-18,2185,23600,,
1206822,40,2026-10-19,2185,23600,,
1206822,40,2026-10-20,2185,23600,,
1206822,40,2026-10-21,2185,23600,,
1206822,40,2026-10-22,2185,23600,,
1206822,40,2026-10-23,2477,23600,,
1206822,40,2026-10-24,2477,23600,,
1206822,40,2026-10-25,2185,23600,,
1206822,40,2026-10-26,2185,23600,,
1206822,40,2026-10-30,1748,23600,,
1206822,40,2026-10-31,1748,23600,,
1206822,40,2026-11-06,1748,23600,,
1206822,40,2026-11-07,2477,23600,,
1206822,40,2026-11-08,2185,23600,,
1206822,40,2026-11-09,2185,23600,,
1206822,40,2026-11-10,2185,23600,,
1206822,40,2026-11-11,2185,23600,,
1206822,40,2026-11-13,1748,23600,,
1206822,40,2026-11-14,2477,23600,,
1206822,40,2026-11-15,2185,23600,,
1206822,40,2026-11-16,2185,23600,,
1206822,40,2026-11-17,2185,23600,,
1206822,40,2026-11-20,2477,23600,,
1206822,40,2026-11-21,2477,23600,,
1206822,40,2026-12-04,2477,23600,,
1206822,40,2026-12-05,2477,23600,,
1206822,83,2026-10-01,2185,23600,,
1206822,83,2026-10-10,2477,23600,,
1206822,83,2026-10-11,2185,23600,,
1206822,83,2026-10-12,2185,23600,,
1206822,83,2026-10-13,2185,23600,,
1206822,83,2026-10-14,2185,23600,,
1206822,83,2026-10-15,2185,23600,,
1206822,83,2026-10-16,2477,23600,,
1206822,83,2026-10-17,2477,23600,,
1206822,83,2026-10-18,2185,23600,,
1206822,83,2026-10-19,2185,23600,,
1206822,83,2026-10-20,2185,23600,,
1206822,83,2026-10-21,2185,23600,,
1206822,83,2026-10-22,2185,23600,,
1206822,83,2026-10-23,2477,23600,,
1206822,83,2026-10-24,2477,23600,,
1206822,83,2026-10-25,2185,23600,,
1206822,83,2026-10-26,2185,23600,,
1206822,83,2026-10-30,1748,23600,,
1206822,83,2026-10-31,1748,23600,,
1206822,83,2026-11-06,1748,23600,,
1206822,83,2026-11-07,2477,23600,,
1206822,83,2026-11-08,2185,23600,,
1206822,83,2026-11-09,2185,23600,,
1206822,83,2026-11-10,2185,23600,,
1206822,83,2026-11-11,2185,23600,,
1206822,83,2026-11-13,1748,23600,,
1206822,83,2026-11-14,2477,23600,,
1206822,83,2026-11-15,2185,23600,,
1206822,83,2026-11-16,2185,23600,,
1206822,83,2026-11-17,2185,23600,,
1206822,83,2026-11-20,2477,23600,,
1206822,83,2026-11-21,2477,23600,,
1206822,83,2026-12-04,2477,23600,,
1206822,83,2026-12-05,2477,23600,,
1396900,19,2026-09-10,1640,20000,,
1396900,19,2026-09-11,1641,20000,,
1396900,19,2026-09-12,1641,20000,,
1396900,20,2026-09-10,1640,20000,,
1396900,20,2026-09-11,1641,20000,,
1396900,20,2026-09-12,1641,20000,,
1396900,21,2026-09-10,1675,20000,,
1396900,21,2026-09-11,1676,20000,,
1396900,21,2026-09-12,1676,20000,,
1396900,22,2026-09-10,1675,20000,,
1396900,22,2026-09-11,1676,20000,,
1396900,22,2026-09-12,1676,20000,,
1396900,39,2026-09-10,1675,20000,,
1396900,39,2026-09-11,1676,20000,,
1396900,39,2026-09-12,1676,20000,,
1396900,83,2026-09-10,1675,20000,,
1396900,83,2026-09-11,1676,20000,,
1396900,83,2026-09-12,1676,20000,,
1399076,15,2026-09-12,1387,23600,,
1399076,38,2026-09-12,1387,23600,,
1442173,25,2026-09-16,1567,23600,,
1442173,25,2026-09-16,1567,23600,,
1442173,26,2026-09-16,1567,23600,,
1442173,26,2026-09-16,1567,23600,,
1446609,17,2026-09-17,1082,23600,,
1446609,18,2026-09-17,1082,23600,,
1446609,19,2026-09-17,1082,23600,,
1446609,20,2026-09-17,1082,23600,,
1446609,25,2026-09-17,1082,23600,,
1446609,26,2026-09-17,1082,23600,,
1451268,17,2026-12-02,1461,20000,,
1451268,17,2026-12-03,1461,20000,,
1451268,18,2026-12-02,1461,20000,,
1451268,18,2026-12-03,1461,20000,,
1451268,27,2026-12-04,2255,20000,,
1451268,27,2026-12-05,2255,20000,,
1451268,28,2026-12-04,2255,20000,,
1451268,28,2026-12-05,2255,20000,,
1451268,50,2026-12-02,1461,20000,,
1451268,50,2026-12-03,1461,20000,,
1462197,19,2026-09-15,1483,23600,,
1462197,20,2026-09-15,1483,23600,,
1463190,27,2026-09-18,2057,23600,,
1463190,28,2026-09-18,2057,23600,,
1464876,21,2026-09-15,1857,23600,,
1464876,22,2026-09-15,1857,23600,,
1464876,39,2026-09-15,1857,23600,,
1464876,83,2026-09-15,1857,23600,,
1479075,25,2027-08-22,1415,23600,,
1479075,25,2027-08-27,1415,23600,,
1479075,25,2027-08-28,1415,23600,,
1479075,25,2027-08-29,1415,23600,,
1479075,25,2027-08-30,1415,23600,,
1479075,25,2027-08-31,1415,23600,,
1479075,25,2027-09-09,1415,23600,,
1479075,26,2027-08-22,1415,23600,,
1479075,26,2027-08-27,1415,23600,,
1479075,26,2027-08-28,1415,23600,,
1479075,26,2027-08-29,1415,23600,,
1479075,26,2027-08-30,1415,23600,,
1479075,26,2027-08-31,1415,23600,,
1479075,26,2027-09-09,1415,23600,,
1523458,21,2026-09-12,1552,20000,,
1523458,22,2026-09-12,1552,20000,,
1523458,32,2026-09-13,1828,20000,,
1523458,32,2026-09-14,1828,20000,,
1523458,33,2026-09-13,1828,20000,,
1523458,33,2026-09-14,1828,20000,,
1523458,34,2026-09-13,1828,20000,,
1523458,34,2026-09-14,1828,20000,,
1523458,39,2026-09-12,1552,20000,,
1541487,23,2026-11-24,2274,20000,,
1541487,23,2026-11-25,2274,20000,,
1541487,24,2026-11-24,2274,20000,,
1541487,24,2026-11-25,2274,20000,,
1581295,29,2026-09-15,1644,27848,,
1581295,30,2026-09-15,1644,27848,,
1581295,31,2026-09-15,1644,27848,,
1581295,32,2026-09-15,1644,27848,,
1581295,33,2026-09-15,1644,27848,,
1599756,25,2026-11-22,1666,27848,,
1599756,25,2026-11-23,1666,27848,,
1599756,25,2026-11-27,1666,27848,,
1599756,25,2026-11-28,1666,27848,,
1599756,25,2026-11-29,1666,27848,,
1599756,25,2026-11-30,1666,27848,,
1599756,25,2026-12-01,1666,27848,,
1599756,25,2026-12-07,1666,27848,,
1599756,25,2026-12-08,1666,27848,,
1599756,26,2026-11-22,1666,27848,,
1599756,26,2026-11-23,1666,27848,,
1599756,26,2026-11-27,1666,27848,,
1599756,26,2026-11-28,1666,27848,,
1599756,26,2026-11-29,1666,27848,,
1599756,26,2026-11-30,1666,27848,,
1599756,26,2026-12-01,1666,27848,,
1599756,26,2026-12-07,1666,27848,,
1599756,26,2026-12-08,1666,27848,,
1604662,29,2026-11-22,2440,20000,,
1604662,29,2026-11-23,2440,20000,,
1604662,30,2026-11-22,2440,20000,,
1604662,30,2026-11-23,2440,20000,,
1604662,31,2026-11-22,2440,20000,,
1604662,31,2026-11-23,2440,20000,,
1604662,32,2026-11-22,2440,20000,,
1604662,32,2026-11-23,2440,20000,,
1604662,33,2026-11-22,2440,20000,,
1604662,33,2026-11-23,2440,20000,,
1604662,34,2026-11-22,2440,20000,,
1604662,34,2026-11-23,2440,20000,,
1604662,57,2026-11-22,2440,20000,,
1604662,57,2026-11-23,2440,20000,,
1766857,25,2027-09-09,2077,23600,,
1766857,26,2027-09-09,2077,23600,,
1809628,25,2027-08-22,1619,23600,,
1809628,25,2027-08-27,1619,23600,,
1809628,25,2027-08-28,1619,23600,,
1809628,25,2027-08-29,1619,23600,,
1809628,25,2027-08-30,1619,23600,,
1809628,25,2027-08-31,1619,23600,,
1809628,25,2027-09-09,1619,23600,,
1809628,26,2027-08-22,1619,23600,,
1809628,26,2027-08-27,1619,23600,,
1809628,26,2027-08-28,1619,23600,,
1809628,26,2027-08-29,1619,23600,,
1809628,26,2027-08-30,1619,23600,,
1809628,26,2027-08-31,1619,23600,,
1809628,26,2027-09-09,1619,23600,,
1809628,45,2026-12-01,1860,23600,,
1809628,45,2026-12-07,1860,23600,,
1809628,45,2026-12-08,1860,23600,,
1809628,46,2026-12-01,1860,23600,,
1809628,46,2026-12-07,1860,23600,,
1809628,46,2026-12-08,1860,23600,,
1894945,35,2026-12-01,3717,23600,,
1894945,35,2026-12-07,3717,23600,,
1894945,35,2026-12-08,3717,23600,,
1894945,36,2026-12-01,3717,23600,,
1894945,36,2026-12-07,3717,23600,,
1894945,36,2026-12-08,3717,23600,,
1894945,37,2026-12-01,3717,23600,,
1894945,37,2026-12-07,3717,23600,,
1894945,37,2026-12-08,3717,23600,,
2018414,25,2026-09-17,2328,23600,,
2018414,25,2026-09-18,2328,23600,,
2018414,25,2026-09-19,2328,23600,,
2018414,26,2026-09-17,2328,23600,,
2018414,26,2026-09-18,2328,23600,,
2018414,26,2026-09-19,2328,23600,,
2020755,17,2026-12-01,2627,20000,,
2020755,17,2026-12-07,2627,20000,,
2020755,17,2026-12-08,2627,20000,,
2020755,18,2026-12-01,2627,20000,,
2020755,18,2026-12-07,2627,20000,,
2020755,18,2026-12-08,2627,20000,,
2020755,23,2026-12-01,3041,20000,,
2020755,23,2026-12-07,3041,20000,,
2020755,23,2026-12-08,3041,20000,,
2020755,24,2026-12-01,3041,20000,,
2020755,24,2026-12-07,3041,20000,,
2020755,24,2026-12-08,3041,20000,,
2020755,40,2026-12-01,3041,20000,,
2020755,40,2026-12-07,3041,20000,,
2020755,40,2026-12-08,3041,20000,,
2020755,50,2026-12-01,2627,20000,,
2020755,50,2026-12-07,2627,20000,,
2020755,50,2026-12-08,2627,20000,,
2022899,21,2026-12-03,1668,23600,,
2022899,22,2026-12-03,1668,23600,,
2022899,39,2026-12-03,1668,23600,,
2022899,83,2026-12-03,1668,23600,,
2022899,97,2026-12-03,1668,23600,,
2025675,21,2026-12-02,1647,20000,,
2025675,21,2026-12-03,1647,20000,,
2025675,21,2026-12-06,1647,20000,,
2025675,22,2026-12-02,1647,20000,,
2025675,22,2026-12-03,1647,20000,,
2025675,22,2026-12-06,1647,20000,,
2025675,39,2026-12-02,1647,20000,,
2025675,39,2026-12-03,1647,20000,,
2025675,39,2026-12-06,1647,20000,,
2026607,32,2026-12-02,2269,20000,,
2026607,32,2026-12-03,2269,20000,,
2026607,32,2026-12-06,2269,20000,,
2026607,33,2026-12-02,2269,20000,,
2026607,33,2026-12-03,2269,20000,,
2026607,33,2026-12-06,2269,20000,,
2026607,34,2026-12-02,2269,20000,,
2026607,34,2026-12-03,2269,20000,,
2026607,34,2026-12-06,2269,20000,,
2026607,35,2026-12-04,2614,20000,,
2026607,35,2026-12-05,2614,20000,,
2026607,36,2026-12-04,2614,20000,,
2026607,36,2026-12-05,2614,20000,,
2026607,37,2026-12-04,2614,20000,,
2026607,37,2026-12-05,2614,20000,,
2026607,58,2026-12-02,2269,20000,,
2026607,58,2026-12-03,2269,20000,,
2026607,58,2026-12-06,2269,20000,,
2031351,19,2026-12-01,1967,23600,,
2031351,19,2026-12-07,1967,23600,,
2031351,19,2026-12-08,1967,23600,,
2031351,20,2026-12-01,1967,23600,,
2031351,20,2026-12-07,1967,23600,,
2031351,20,2026-12-08,1967,23600,,
2031351,21,2026-12-01,2071,23600,,
2031351,21,2026-12-07,2071,23600,,
2031351,21,2026-12-08,2071,23600,,
2031351,22,2026-12-01,2071,23600,,
2031351,22,2026-12-07,2071,23600,,
2031351,22,2026-12-08,2071,23600,,
2031351,39,2026-12-01,2071,23600,,
2031351,39,2026-12-07,2071,23600,,
2031351,39,2026-12-08,2071,23600,,
2031351,83,2026-12-01,2071,23600,,
2031351,83,2026-12-07,2071,23600,,
2031351,83,2026-12-08,2071,23600,,
2066561,42,2026-11-20,3207,27848,,
2066561,42,2026-11-21,3207,27848,,
2066561,43,2026-11-20,3207,27848,,
2066561,43,2026-11-21,3207,27848,,
2089527,27,2026-11-22,1786,23600,,
2089527,27,2026-11-23,1786,23600,,
2089527,28,2026-11-22,1786,23600,,
2089527,28,2026-11-23,1786,23600,,
3721182,25,2026-09-20,1388,23600,,
3721182,26,2026-09-20,1388,23600,,
4477291,17,2026-12-04,1323,20000,,
4477291,17,2026-12-05,1323,20000,,
4477291,18,2026-12-04,1323,20000,,
4477291,18,2026-12-05,1323,20000,,
4477291,50,2026-12-04,1323,20000,,
4477291,50,2026-12-05,1323,20000,,
5000022,17,2026-09-15,1337,20000,,
5000022,17,2026-11-22,1486,20000,,
5000022,17,2026-11-23,1486,20000,,
5000022,17,2026-11-24,1486,20000,,
5000022,17,2026-11-25,1486,20000,,
5000022,18,2026-09-15,1337,20000,,
5000022,18,2026-11-22,1486,20000,,
5000022,18,2026-11-23,1486,20000,,
5000022,18,2026-11-24,1486,20000,,
5000022,18,2026-11-25,1486,20000,,
5000022,21,2026-11-20,1693,20000,,
5000022,21,2026-11-21,1693,20000,,
5000022,22,2026-11-20,1693,20000,,
5000022,22,2026-11-21,1693,20000,,
5000022,39,2026-11-20,1693,20000,,
5000022,39,2026-11-21,1693,20000,,
5000022,50,2026-09-15,1337,20000,,
5000022,50,2026-11-22,1486,20000,,
5000022,50,2026-11-23,1486,20000,,
5000022,50,2026-11-24,1486,20000,,
5000022,50,2026-11-25,1486,20000,,
5000022,83,2026-11-20,1693,20000,,
5000022,83,2026-11-21,1693,20000,,
0207833,27,2026-11-22,2578,27848,,
0207833,27,2026-11-23,2578,27848,,
0207833,28,2026-11-22,2578,27848,,
0207833,28,2026-11-23,2578,27848,,
0233415,25,2027-07-08,2278,20000,,
0233415,25,2027-07-09,2278,20000,,
0233415,25,2027-07-10,2278,20000,,
0233415,25,2027-07-11,2278,20000,,
0233415,25,2027-07-12,2278,20000,,
0233415,25,2027-07-13,2278,20000,,
0233415,25,2027-07-14,2278,20000,,
0233415,25,2027-07-15,2278,20000,,
0233415,26,2027-07-08,2278,20000,,
0233415,26,2027-07-09,2278,20000,,
0233415,26,2027-07-10,2278,20000,,
0233415,26,2027-07-11,2278,20000,,
0233415,26,2027-07-12,2278,20000,,
0233415,26,2027-07-13,2278,20000,,
0233415,26,2027-07-14,2278,20000,,
0233415,26,2027-07-15,2278,20000,,
0418304,25,2026-09-20,2286,23600,,
0418304,25,2026-11-22,2286,23600,,
0418304,25,2026-11-23,2286,23600,,
0418304,25,2026-12-01,2286,23600,,
0418304,25,2026-12-07,2286,23600,,
0418304,25,2026-12-08,2286,23600,,
0418304,25,2027-08-22,2286,23600,,
0418304,25,2027-08-27,2286,23600,,
0418304,25,2027-08-28,2286,23600,,
0418304,25,2027-08-29,2286,23600,,
0418304,25,2027-08-30,2286,23600,,
0418304,25,2027-08-31,2286,23600,,
0418304,25,2027-09-09,2286,23600,,
0418304,26,2026-09-20,2286,23600,,
0418304,26,2026-11-22,2286,23600,,
0418304,26,2026-11-23,2286,23600,,
0418304,26,2026-12-01,2286,23600,,
0418304,26,2026-12-07,2286,23600,,
0418304,26,2026-12-08,2286,23600,,
0418304,26,2027-08-22,2286,23600,,
0418304,26,2027-08-27,2286,23600,,
0418304,26,2027-08-28,2286,23600,,
0418304,26,2027-08-29,2286,23600,,
0418304,26,2027-08-30,2286,23600,,
0418304,26,2027-08-31,2286,23600,,
0418304,26,2027-09-09,2286,23600,,
1076395,25,2027-08-22,1600,23600,,
1076395,25,2027-08-27,1600,23600,,
1076395,25,2027-08-28,1600,23600,,
1076395,25,2027-08-29,1600,23600,,
1076395,25,2027-08-30,1600,23600,,
1076395,25,2027-08-31,1600,23600,,
1076395,25,2027-09-09,1600,23600,,
1076395,26,2027-08-22,1600,23600,,
1076395,26,2027-08-27,1600,23600,,
1076395,26,2027-08-28,1600,23600,,
1076395,26,2027-08-29,1600,23600,,
1076395,26,2027-08-30,1600,23600,,
1076395,26,2027-08-31,1600,23600,,
1076395,26,2027-09-09,1600,23600,,
1104342,23,2026-09-15,1800,32861,,
1104342,24,2026-09-15,1800,32861,,
1104342,40,2026-09-15,1800,32861,,
1107594,25,2027-08-22,1608,23600,,
1107594,25,2027-08-27,1608,23600,,
1107594,25,2027-08-28,1608,23600,,
1107594,25,2027-08-29,1608,23600,,
1107594,25,2027-08-30,1608,23600,,
1107594,25,2027-08-31,1608,23600,,
1107594,25,2027-09-09,1608,23600,,
1126165,25,2026-11-22,2060,23600,,
1126165,25,2026-11-23,2060,23600,,
1126165,26,2026-11-22,2060,23600,,
1126165,26,2026-11-23,2060,23600,,
1166122,35,2026-11-22,2354,23600,,
1166122,35,2026-11-23,2354,23600,,
1166122,36,2026-11-22,2354,23600,,
1166122,36,2026-11-23,2354,23600,,
1204840,17,2026-12-02,1640,27848,,
1204840,17,2026-12-03,1640,27848,,
1204840,17,2026-12-06,1640,27848,,
1204840,18,2026-12-02,1640,27848,,
1204840,18,2026-12-03,1640,27848,,
1204840,18,2026-12-06,1640,27848,,
1204840,19,2026-12-02,1640,27848,,
1204840,19,2026-12-03,1640,27848,,
1204840,19,2026-12-06,1640,27848,,
1204840,20,2026-12-02,1640,27848,,
1204840,20,2026-12-03,1640,27848,,
1204840,20,2026-12-06,1640,27848,,
1204840,50,2026-12-02,1640,27848,,
1204840,50,2026-12-03,1640,27848,,
1204840,50,2026-12-06,1640,27848,,
1206822,17,2026-10-01,2047,23600,,
1206822,17,2026-10-11,2047,23600,,
1206822,17,2026-10-12,2047,23600,,
1206822,17,2026-10-13,2047,23600,,
1206822,17,2026-10-14,2047,23600,,
1206822,17,2026-10-15,2047,23600,,
1206822,17,2026-10-18,2047,23600,,
1206822,17,2026-10-19,2047,23600,,
1206822,17,2026-10-20,2047,23600,,
1206822,17,2026-10-21,2047,23600,,
1206822,17,2026-10-22,2047,23600,,
1206822,17,2026-10-25,2047,23600,,
1206822,17,2026-10-26,2047,23600,,
1206822,17,2026-11-08,2047,23600,,
1206822,17,2026-11-09,2047,23600,,
1206822,17,2026-11-10,2047,23600,,
1206822,17,2026-11-11,2047,23600,,
1206822,17,2026-11-15,2047,23600,,
1206822,17,2026-11-16,2047,23600,,
1206822,17,2026-11-17,2047,23600,,
1206822,18,2026-10-01,2047,23600,,
1206822,18,2026-10-11,2047,23600,,
1206822,18,2026-10-12,2047,23600,,
1206822,18,2026-10-13,2047,23600,,
1206822,18,2026-10-14,2047,23600,,
1206822,18,2026-10-15,2047,23600,,
1206822,18,2026-10-18,2047,23600,,
1206822,18,2026-10-19,2047,23600,,
1206822,18,2026-10-20,2047,23600,,
1206822,18,2026-10-21,2047,23600,,
1206822,18,2026-10-22,2047,23600,,
1206822,18,2026-10-25,2047,23600,,
1206822,18,2026-10-26,2047,23600,,
1206822,18,2026-11-08,2047,23600,,
1206822,18,2026-11-09,2047,23600,,
1206822,18,2026-11-10,2047,23600,,
1206822,18,2026-11-11,2047,23600,,
1206822,18,2026-11-15,2047,23600,,
1206822,18,2026-11-16,2047,23600,,
1206822,18,2026-11-17,2047,23600,,
1206822,19,2026-10-01,2047,23600,,
1206822,19,2026-10-11,2047,23600,,
1206822,19,2026-10-12,2047,23600,,
1206822,19,2026-10-13,2047,23600,,
1206822,19,2026-10-14,2047,23600,,
1206822,19,2026-10-15,2047,23600,,
1206822,19,2026-10-18,2047,23600,,
1206822,19,2026-10-19,2047,23600,,
1206822,19,2026-10-20,2047,23600,,
1206822,19,2026-10-21,2047,23600,,
1206822,19,2026-10-22,2047,23600,,
1206822,19,2026-10-25,2047,23600,,
1206822,19,2026-10-26,2047,23600,,
1206822,19,2026-11-08,2047,23600,,
1206822,19,2026-11-09,2047,23600,,
1206822,19,2026-11-10,2047,23600,,
1206822,19,2026-11-11,2047,23600,,
1206822,19,2026-11-15,2047,23600,,
1206822,19,2026-11-16,2047,23600,,
1206822,19,2026-11-17,2047,23600,,
1206822,20,2026-10-01,2047,23600,,
1206822,20,2026-10-11,2047,23600,,
1206822,20,2026-10-12,2047,23600,,
1206822,20,2026-10-13,2047,23600,,
1206822,20,2026-10-14,2047,23600,,
1206822,20,2026-10-15,2047,23600,,
1206822,20,2026-10-18,2047,23600,,
1206822,20,2026-10-19,2047,23600,,
1206822,20,2026-10-20,2047,23600,,
1206822,20,2026-10-21,2047,23600,,
1206822,20,2026-10-22,2047,23600,,
1206822,20,2026-10-25,2047,23600,,
1206822,20,2026-10-26,2047,23600,,
1206822,20,2026-11-08,2047,23600,,
1206822,20,2026-11-09,2047,23600,,
1206822,20,2026-11-10,2047,23600,,
1206822,20,2026-11-11,2047,23600,,
1206822,20,2026-11-15,2047,23600,,
1206822,20,2026-11-16,2047,23600,,
1206822,20,2026-11-17,2047,23600,,
1206822,50,2026-10-01,2047,23600,,
1206822,50,2026-10-11,2047,23600,,
1206822,50,2026-10-12,2047,23600,,
1206822,50,2026-10-13,2047,23600,,
1206822,50,2026-10-14,2047,23600,,
1206822,50,2026-10-15,2047,23600,,
1206822,50,2026-10-18,2047,23600,,
1206822,50,2026-10-19,2047,23600,,
1206822,50,2026-10-20,2047,23600,,
1206822,50,2026-10-21,2047,23600,,
1206822,50,2026-10-22,2047,23600,,
1206822,50,2026-10-25,2047,23600,,
1206822,50,2026-10-26,2047,23600,,
1206822,50,2026-11-08,2047,23600,,
1206822,50,2026-11-09,2047,23600,,
1206822,50,2026-11-10,2047,23600,,
1206822,50,2026-11-11,2047,23600,,
1206822,50,2026-11-15,2047,23600,,
1206822,50,2026-11-16,2047,23600,,
1206822,50,2026-11-17,2047,23600,,
1206822,51,2026-10-01,2047,23600,,
1206822,51,2026-10-11,2047,23600,,
1206822,51,2026-10-12,2047,23600,,
1206822,51,2026-10-13,2047,23600,,
1206822,51,2026-10-14,2047,23600,,
1206822,51,2026-10-15,2047,23600,,
1206822,51,2026-10-18,2047,23600,,
1206822,51,2026-10-19,2047,23600,,
1206822,51,2026-10-20,2047,23600,,
1206822,51,2026-10-21,2047,23600,,
1206822,51,2026-10-22,2047,23600,,
1206822,51,2026-10-25,2047,23600,,
1206822,51,2026-10-26,2047,23600,,
1206822,51,2026-11-08,2047,23600,,
1206822,51,2026-11-09,2047,23600,,
1206822,51,2026-11-10,2047,23600,,
1206822,51,2026-11-11,2047,23600,,
1206822,51,2026-11-15,2047,23600,,
1206822,51,2026-11-16,2047,23600,,
1206822,51,2026-11-17,2047,23600,,
1206822,87,2026-10-01,2047,23600,,
1206822,87,2026-10-11,2047,23600,,
1206822,87,2026-10-12,2047,23600,,
1206822,87,2026-10-13,2047,23600,,
1206822,87,2026-10-14,2047,23600,,
1206822,87,2026-10-15,2047,23600,,
1206822,87,2026-10-18,2047,23600,,
1206822,87,2026-10-19,2047,23600,,
1206822,87,2026-10-20,2047,23600,,
1206822,87,2026-10-21,2047,23600,,
1206822,87,2026-10-22,2047,23600,,
1206822,87,2026-10-25,2047,23600,,
1206822,87,2026-10-26,2047,23600,,
1206822,87,2026-11-08,2047,23600,,
1206822,87,2026-11-09,2047,23600,,
1206822,87,2026-11-10,2047,23600,,
1206822,87,2026-11-11,2047,23600,,
1206822,87,2026-11-15,2047,23600,,
1206822,87,2026-11-16,2047,23600,,
1206822,87,2026-11-17,2047,23600,,
1206897,15,2026-12-01,1218,23600,,
1206897,15,2026-12-07,1218,23600,,
1206897,15,2026-12-08,1218,23600,,
1206897,16,2026-12-01,1218,23600,,
1206897,16,2026-12-07,1218,23600,,
1206897,16,2026-12-08,1218,23600,,
1206897,38,2026-12-01,1218,23600,,
1206897,38,2026-12-07,1218,23600,,
1206897,38,2026-12-08,1218,23600,,
1209749,29,2026-12-01,2895,38776,,
1209749,29,2026-12-07,2895,38776,,
1209749,29,2026-12-08,2895,38776,,
1209749,30,2026-12-01,2895,38776,,
1209749,30,2026-12-07,2895,38776,,
1209749,30,2026-12-08,2895,38776,,
1209749,31,2026-12-01,2895,38776,,
1209749,31,2026-12-07,2895,38776,,
1209749,31,2026-12-08,2895,38776,,
1209749,32,2026-12-01,2895,38776,,
1209749,32,2026-12-07,2895,38776,,
1209749,32,2026-12-08,2895,38776,,
1209749,33,2026-12-01,2895,38776,,
1209749,33,2026-12-07,2895,38776,,
1209749,33,2026-12-08,2895,38776,,
1209749,34,2026-12-01,2895,38776,,
1209749,34,2026-12-07,2895,38776,,
1209749,34,2026-12-08,2895,38776,,
1209749,57,2026-12-01,2895,38776,,
1209749,57,2026-12-07,2895,38776,,
1209749,57,2026-12-08,2895,38776,,
1209749,58,2026-12-01,2895,38776,,
1209749,58,2026-12-07,2895,38776,,
1209749,58,2026-12-08,2895,38776,,
1209749,89,2026-12-01,2895,38776,,
1209749,89,2026-12-07,2895,38776,,
1209749,89,2026-12-08,2895,38776,,
1229511,21,2026-12-01,1650,23600,,
1229511,21,2026-12-07,1650,23600,,
1229511,21,2026-12-08,1650,23600,,
1229511,22,2026-12-01,1650,23600,,
1229511,22,2026-12-07,1650,23600,,
1229511,22,2026-12-08,1650,23600,,
1229511,23,2026-12-01,1754,23600,,
1229511,23,2026-12-07,1754,23600,,
1229511,23,2026-12-08,1754,23600,,
1229511,24,2026-12-01,1754,23600,,
1229511,24,2026-12-07,1754,23600,,
1229511,24,2026-12-08,1754,23600,,
1229511,27,2026-11-20,3634,23600,,
1229511,27,2026-11-21,3634,23600,,
1229511,27,2026-11-22,3634,23600,,
1229511,27,2026-11-23,3634,23600,,
1229511,27,2026-11-24,3634,23600,,
1229511,27,2026-11-25,3634,23600,,
1229511,28,2026-11-20,3634,23600,,
1229511,28,2026-11-21,3634,23600,,
1229511,28,2026-11-22,3634,23600,,
1229511,28,2026-11-23,3634,23600,,
1229511,28,2026-11-24,3634,23600,,
1229511,28,2026-11-25,3634,23600,,
1229511,39,2026-12-01,1650,23600,,
1229511,39,2026-12-07,1650,23600,,
1229511,39,2026-12-08,1650,23600,,
1229511,40,2026-12-01,1754,23600,,
1229511,40,2026-12-07,1754,23600,,
1229511,40,2026-12-08,1754,23600,,
1229511,41,2026-11-20,3634,23600,,
1229511,41,2026-11-21,3634,23600,,
1229511,41,2026-11-22,3634,23600,,
1229511,41,2026-11-23,3634,23600,,
1229511,41,2026-11-24,3634,23600,,
1229511,41,2026-11-25,3634,23600,,
1229511,83,2026-12-01,1650,23600,,
1229511,83,2026-12-07,1650,23600,,
1229511,83,2026-12-08,1650,23600,,
1229511,84,2026-12-01,1754,23600,,
1229511,84,2026-12-07,1754,23600,,
1229511,84,2026-12-08,1754,23600,,
1229511,97,2026-12-01,1650,23600,,
1229511,97,2026-12-07,1650,23600,,
1229511,97,2026-12-08,1650,23600,,
1241638,25,2026-09-15,2564,23600,,
1241638,26,2026-09-15,2564,23600,,
1242203,15,2026-09-18,1257,23600,,
1242203,15,2026-09-19,1257,23600,,
1242203,15,2026-09-25,1257,23600,,
1242203,15,2026-09-26,1260,23600,,
1242203,15,2026-10-09,1257,23600,,
1242203,16,2026-09-18,1257,23600,,
1242203,16,2026-09-19,1257,23600,,
1242203,16,2026-09-25,1257,23600,,
1242203,16,2026-09-26,1260,23600,,
1242203,16,2026-10-09,1257,23600,,
1242203,38,2026-09-18,1257,23600,,
1242203,38,2026-09-19,1257,23600,,
1242203,38,2026-09-25,1257,23600,,
1242203,38,2026-09-26,1260,23600,,
1242203,38,2026-10-09,1257,23600,,
1242203,52,2026-09-18,1257,23600,,
1242203,52,2026-09-19,1257,23600,,
1242203,52,2026-09-25,1257,23600,,
1242203,52,2026-09-26,1260,23600,,
1242203,52,2026-10-09,1257,23600,,
1242203,76,2026-09-18,1257,23600,,
1242203,76,2026-09-19,1257,23600,,
1242203,76,2026-09-25,1257,23600,,
1242203,76,2026-09-26,1260,23600,,
1242203,76,2026-10-09,1257,23600,,
1247345,27,2027-08-22,1967,23600,,
1247345,27,2027-08-27,1967,23600,,
1247345,27,2027-08-28,1967,23600,,
1247345,27,2027-08-29,1967,23600,,
1247345,27,2027-08-30,1967,23600,,
1247345,27,2027-08-31,1967,23600,,
1247345,27,2027-09-09,1967,23600,,
1247345,28,2027-08-22,1967,23600,,
1247345,28,2027-08-27,1967,23600,,
1247345,28,2027-08-28,1967,23600,,
1247345,28,2027-08-29,1967,23600,,
1247345,28,2027-08-30,1967,23600,,
1247345,28,2027-08-31,1967,23600,,
1247345,28,2027-09-09,1967,23600,,
1375831,27,2026-09-20,2467,23600,,
1375831,27,2026-11-22,2467,23600,,
1375831,27,2026-11-23,2467,23600,,
1375831,27,2026-11-27,2467,23600,,
1375831,27,2026-11-28,2467,23600,,
1375831,27,2026-11-29,2467,23600,,
1375831,27,2026-11-30,2467,23600,,
1375831,27,2026-12-01,2467,23600,,
1375831,27,2026-12-07,2467,23600,,
1375831,27,2026-12-08,2467,23600,,
1375831,28,2026-09-20,2467,23600,,
1375831,28,2026-11-22,2467,23600,,
1375831,28,2026-11-23,2467,23600,,
1375831,28,2026-11-27,2467,23600,,
1375831,28,2026-11-28,2467,23600,,
1375831,28,2026-11-29,2467,23600,,
1375831,28,2026-11-30,2467,23600,,
1375831,28,2026-12-01,2467,23600,,
1375831,28,2026-12-07,2467,23600,,
1375831,28,2026-12-08,2467,23600,,
1399581,27,2026-09-20,1308,27848,,
1399581,28,2026-09-20,1308,27848,,
1411710,25,2027-08-22,2008,23600,,
1411710,25,2027-08-27,2008,23600,,
1411710,25,2027-08-28,2008,23600,,
1411710,25,2027-08-29,2008,23600,,
1411710,25,2027-08-30,2008,23600,,
1411710,25,2027-08-31,2008,23600,,
1411710,25,2027-09-09,2008,23600,,
1411710,26,2027-08-22,2008,23600,,
1411710,26,2027-08-27,2008,23600,,
1411710,26,2027-08-28,2008,23600,,
1411710,26,2027-08-29,2008,23600,,
1411710,26,2027-08-30,2008,23600,,
1411710,26,2027-08-31,2008,23600,,
1411710,26,2027-09-09,2008,23600,,
1451268,21,2026-12-06,1608,20000,,
1451268,22,2026-12-06,1608,20000,,
1451268,39,2026-12-06,1608,20000,,
1451268,83,2026-12-06,1608,20000,,
1452757,42,2027-09-09,2872,23600,,
1452757,43,2027-09-09,2872,23600,,
1472508,21,2026-09-15,1494,23600,,
1472508,22,2026-09-15,1494,23600,,
1472508,23,2026-09-15,1494,23600,,
1472508,24,2026-09-15,1494,23600,,
1472508,25,2026-12-01,2333,23600,,
1472508,25,2026-12-07,2333,23600,,
1472508,25,2026-12-08,2333,23600,,
1472508,26,2026-12-01,2333,23600,,
1472508,26,2026-12-07,2333,23600,,
1472508,26,2026-12-08,2333,23600,,
1472508,39,2026-09-15,1494,23600,,
1472508,40,2026-09-15,1494,23600,,
1472508,83,2026-09-15,1494,23600,,
1472508,84,2026-09-15,1494,23600,,
1472508,97,2026-09-15,1494,23600,,
1475870,21,2026-12-01,2631,23600,,
1475870,21,2026-12-07,2631,23600,,
1475870,21,2026-12-08,2631,23600,,
1475870,22,2026-12-01,2631,23600,,
1475870,22,2026-12-07,2631,23600,,
1475870,22,2026-12-08,2631,23600,,
1475870,23,2026-12-01,2631,23600,,
1475870,23,2026-12-07,2631,23600,,
1475870,23,2026-12-08,2631,23600,,
1475870,24,2026-12-01,2631,23600,,
1475870,24,2026-12-07,2631,23600,,
1475870,24,2026-12-08,2631,23600,,
1475870,39,2026-12-01,2631,23600,,
1475870,39,2026-12-07,2631,23600,,
1475870,39,2026-12-08,2631,23600,,
1479075,25,2026-11-22,1443,23600,,
1479075,25,2026-11-23,1443,23600,,
1479075,26,2026-11-22,1443,23600,,
1479075,26,2026-11-23,1443,23600,,
1486131,25,2026-09-14,1706,23600,,
1486131,78,2026-11-22,1552,23600,,
1486131,78,2026-11-23,1552,23600,,
1517075,27,2027-08-22,2275,40000,,
1517075,27,2027-08-27,2275,40000,,
1517075,27,2027-08-28,2275,40000,,
1517075,27,2027-08-29,2275,40000,,
1517075,27,2027-08-30,2275,40000,,
1517075,27,2027-08-31,2275,40000,,
1517075,27,2027-09-09,2275,40000,,
1517075,28,2027-08-22,2275,40000,,
1517075,28,2027-08-27,2275,40000,,
1517075,28,2027-08-28,2275,40000,,
1517075,28,2027-08-29,2275,40000,,
1517075,28,2027-08-30,2275,40000,,
1517075,28,2027-08-31,2275,40000,,
1517075,28,2027-09-09,2275,40000,,
1523458,29,2026-09-13,1690,20000,,
1523458,29,2026-09-14,1690,20000,,
1523458,30,2026-09-13,1690,20000,,
1523458,30,2026-09-14,1690,20000,,
1523458,31,2026-09-13,1690,20000,,
1523458,31,2026-09-14,1690,20000,,
1523458,57,2026-09-13,1690,20000,,
1523458,57,2026-09-14,1690,20000,,
1541487,29,2026-11-24,2481,20000,,
1541487,29,2026-11-25,2481,20000,,
1541487,30,2026-11-24,2481,20000,,
1541487,30,2026-11-25,2481,20000,,
1541487,31,2026-11-24,2481,20000,,
1541487,31,2026-11-25,2481,20000,,
1541487,57,2026-11-24,2481,20000,,
1541487,57,2026-11-25,2481,20000,,
1555580,25,2027-08-22,1951,23600,,
1555580,25,2027-08-27,1951,23600,,
1555580,25,2027-08-28,1951,23600,,
1555580,25,2027-08-29,1951,23600,,
1555580,25,2027-08-30,1951,23600,,
1555580,25,2027-08-31,1951,23600,,
1555580,25,2027-09-09,1951,23600,,
1555580,26,2027-08-22,1951,23600,,
1555580,26,2027-08-27,1951,23600,,
1555580,26,2027-08-28,1951,23600,,
1555580,26,2027-08-29,1951,23600,,
1555580,26,2027-08-30,1951,23600,,
1555580,26,2027-08-31,1951,23600,,
1555580,26,2027-09-09,1951,23600,,
1594465,25,2027-08-22,1666,27848,,
1594465,25,2027-08-27,1666,27848,,
1594465,25,2027-08-28,1666,27848,,
1594465,25,2027-08-29,1666,27848,,
1594465,25,2027-08-30,1666,27848,,
1594465,25,2027-08-31,1666,27848,,
1594465,25,2027-09-09,1666,27848,,
1594465,26,2027-08-22,1666,27848,,
1594465,26,2027-08-27,1666,27848,,
1594465,26,2027-08-28,1666,27848,,
1594465,26,2027-08-29,1666,27848,,
1594465,26,2027-08-30,1666,27848,,
1594465,26,2027-08-31,1666,27848,,
1594465,26,2027-09-09,1666,27848,,
1595009,42,2027-08-22,2481,23600,,
1595009,42,2027-08-27,2481,23600,,
1595009,42,2027-08-28,2481,23600,,
1595009,42,2027-08-29,2481,23600,,
1595009,42,2027-08-30,2481,23600,,
1595009,42,2027-08-31,2481,23600,,
1595009,42,2027-09-09,2481,23600,,
1595009,43,2027-08-22,2481,23600,,
1595009,43,2027-08-27,2481,23600,,
1595009,43,2027-08-28,2481,23600,,
1595009,43,2027-08-29,2481,23600,,
1595009,43,2027-08-30,2481,23600,,
1595009,43,2027-08-31,2481,23600,,
1595009,43,2027-09-09,2481,23600,,
1595009,44,2027-08-22,2481,23600,,
1595009,44,2027-08-27,2481,23600,,
1595009,44,2027-08-28,2481,23600,,
1595009,44,2027-08-29,2481,23600,,
1595009,44,2027-08-30,2481,23600,,
1595009,44,2027-08-31,2481,23600,,
1595009,44,2027-09-09,2481,23600,,
1596716,27,2027-08-22,1666,23600,,
1596716,27,2027-08-27,1666,23600,,
1596716,27,2027-08-28,1666,23600,,
1596716,27,2027-08-29,1666,23600,,
1596716,27,2027-08-30,1666,23600,,
1596716,27,2027-08-31,1666,23600,,
1596716,27,2027-09-09,1666,23600,,
1596716,28,2027-08-22,1666,23600,,
1596716,28,2027-08-27,1666,23600,,
1596716,28,2027-08-28,1666,23600,,
1596716,28,2027-08-29,1666,23600,,
1596716,28,2027-08-30,1666,23600,,
1596716,28,2027-08-31,1666,23600,,
1596716,28,2027-09-09,1666,23600,,
1599794,35,2026-09-15,2311,20000,,
1599794,35,2026-09-16,2311,20000,,
1599794,35,2026-09-17,2311,20000,,
1599794,35,2026-09-18,2311,20000,,
1599794,35,2026-09-19,2311,20000,,
1599794,35,2026-09-20,2311,20000,,
1599794,35,2026-09-21,2311,20000,,
1599794,35,2026-09-22,2311,20000,,
1599794,35,2026-09-23,2311,20000,,
1599794,35,2026-09-24,2311,20000,,
1599794,35,2026-09-25,2311,20000,,
1599794,35,2026-09-26,2311,20000,,
1599794,35,2026-09-27,2311,20000,,
1599794,35,2026-09-28,2311,20000,,
1599794,35,2026-09-29,2311,20000,,
1599794,35,2026-09-30,2311,20000,,
1599794,35,2026-10-01,2311,20000,,
1599794,35,2026-10-02,2311,20000,,
1599794,35,2026-10-03,2311,20000,,
1599794,35,2026-10-04,2311,20000,,
1599794,35,2026-10-05,2311,20000,,
1599794,35,2026-10-06,2311,20000,,
1599794,35,2026-10-07,2311,20000,,
1599794,35,2026-10-08,2311,20000,,
1599794,35,2026-10-09,2311,20000,,
1599794,35,2026-10-10,2311,20000,,
1599794,35,2026-10-11,2311,20000,,
1599794,35,2026-10-12,2311,20000,,
1599794,35,2026-10-13,2311,20000,,
1599794,35,2026-10-14,2311,20000,,
1599794,35,2026-10-15,2311,20000,,
1599794,35,2026-10-16,2311,20000,,
1599794,35,2026-10-17,2311,20000,,
1599794,35,2026-10-18,2311,20000,,
1599794,35,2026-10-19,2311,20000,,
1599794,35,2026-10-20,2311,20000,,
1599794,35,2026-10-21,2311,20000,,
1599794,35,2026-10-22,2311,20000,,
1599794,35,2026-10-23,2311,20000,,
1599794,35,2026-10-24,2311,20000,,
1599794,35,2026-10-25,2311,20000,,
1599794,35,2026-10-26,2311,20000,,
1599794,35,2026-10-27,2311,20000,,
1599794,35,2026-10-28,2311,20000,,
1599794,35,2026-10-29,2311,20000,,
1599794,35,2026-10-30,2311,20000,,
1599794,35,2026-10-31,2311,20000,,
1599794,35,2026-11-01,2311,20000,,
1599794,35,2026-11-02,2311,20000,,
1599794,35,2026-11-03,2311,20000,,
1599794,35,2026-11-04,2311,20000,,
1599794,35,2026-11-05,2311,20000,,
1599794,35,2026-11-06,2311,20000,,
1599794,35,2026-11-07,2311,20000,,
1599794,35,2026-11-08,2311,20000,,
1599794,35,2026-11-09,2311,20000,,
1599794,35,2026-11-10,2311,20000,,
1599794,35,2026-11-11,2311,20000,,
1599794,35,2026-11-12,2311,20000,,
1599794,35,2026-11-13,2311,20000,,
1599794,35,2026-11-14,2311,20000,,
1599794,35,2026-11-15,2311,20000,,
1599794,35,2026-11-16,2311,20000,,
1599794,35,2026-11-17,2311,20000,,
1599794,35,2026-11-18,2311,20000,,
1599794,35,2026-11-19,2311,20000,,
1599794,35,2026-11-20,2311,20000,,
1599794,35,2026-11-21,2311,20000,,
1599794,35,2026-11-22,2311,20000,,
1599794,35,2026-11-23,2311,20000,,
1599794,35,2026-11-24,2311,20000,,
1599794,35,2026-11-25,2311,20000,,
1599794,35,2026-12-01,2311,20000,,
1599794,35,2026-12-02,2311,20000,,
1599794,35,2026-12-03,2311,20000,,
1599794,35,2026-12-04,2311,20000,,
1599794,35,2026-12-05,2311,20000,,
1599794,35,2026-12-06,2311,20000,,
1599794,35,2026-12-07,2311,20000,,
1599794,35,2026-12-08,2311,20000,,
1599794,36,2026-09-15,2311,20000,,
1599794,36,2026-09-16,2311,20000,,
1599794,36,2026-09-17,2311,20000,,
1599794,36,2026-09-18,2311,20000,,
1599794,36,2026-09-19,2311,20000,,
1599794,36,2026-09-20,2311,20000,,
1599794,36,2026-09-21,2311,20000,,
1599794,36,2026-09-22,2311,20000,,
1599794,36,2026-09-23,2311,20000,,
1599794,36,2026-09-24,2311,20000,,
1599794,36,2026-09-25,2311,20000,,
1599794,36,2026-09-26,2311,20000,,
1599794,36,2026-09-27,2311,20000,,
1599794,36,2026-09-28,2311,20000,,
1599794,36,2026-09-29,2311,20000,,
1599794,36,2026-09-30,2311,20000,,
1599794,36,2026-10-01,2311,20000,,
1599794,36,2026-10-02,2311,20000,,
1599794,36,2026-10-03,2311,20000,,
1599794,36,2026-10-04,2311,20000,,
1599794,36,2026-10-05,2311,20000,,
1599794,36,2026-10-06,2311,20000,,
1599794,36,2026-10-07,2311,20000,,
1599794,36,2026-10-08,2311,20000,,
1599794,36,2026-10-09,2311,20000,,
1599794,36,2026-10-10,2311,20000,,
1599794,36,2026-10-11,2311,20000,,
1599794,36,2026-10-12,2311,20000,,
1599794,36,2026-10-13,2311,20000,,
1599794,36,2026-10-14,2311,20000,,
1599794,36,2026-10-15,2311,20000,,
1599794,36,2026-10-16,2311,20000,,
1599794,36,2026-10-17,2311,20000,,
1599794,36,2026-10-18,2311,20000,,
1599794,36,2026-10-19,2311,20000,,
1599794,36,2026-10-20,2311,20000,,
1599794,36,2026-10-21,2311,20000,,
1599794,36,2026-10-22,2311,20000,,
1599794,36,2026-10-23,2311,20000,,
1599794,36,2026-10-24,2311,20000,,
1599794,36,2026-10-25,2311,20000,,
1599794,36,2026-10-26,2311,20000,,
1599794,36,2026-10-27,2311,20000,,
1599794,36,2026-10-28,2311,20000,,
1599794,36,2026-10-29,2311,20000,,
1599794,36,2026-10-30,2311,20000,,
1599794,36,2026-10-31,2311,20000,,
1599794,36,2026-11-01,2311,20000,,
1599794,36,2026-11-02,2311,20000,,
1599794,36,2026-11-03,2311,20000,,
1599794,36,2026-11-04,2311,20000,,
1599794,36,2026-11-05,2311,20000,,
1599794,36,2026-11-06,2311,20000,,
1599794,36,2026-11-07,2311,20000,,
1599794,36,2026-11-08,2311,20000,,
1599794,36,2026-11-09,2311,20000,,
1599794,36,2026-11-10,2311,20000,,
1599794,36,2026-11-11,2311,20000,,
1599794,36,2026-11-12,2311,20000,,
1599794,36,2026-11-13,2311,20000,,
1599794,36,2026-11-14,2311,20000,,
1599794,36,2026-11-15,2311,20000,,
1599794,36,2026-11-16,2311,20000,,
1599794,36,2026-11-17,2311,20000,,
1599794,36,2026-11-18,2311,20000,,
1599794,36,2026-11-19,2311,20000,,
1599794,36,2026-11-20,2311,20000,,
1599794,36,2026-11-21,2311,20000,,
1599794,36,2026-11-22,2311,20000,,
1599794,36,2026-11-23,2311,20000,,
1599794,36,2026-11-24,2311,20000,,
1599794,36,2026-11-25,2311,20000,,
1599794,36,2026-12-01,2311,20000,,
1599794,36,2026-12-02,2311,20000,,
1599794,36,2026-12-03,2311,20000,,
1599794,36,2026-12-04,2311,20000,,
1599794,36,2026-12-05,2311,20000,,
1599794,36,2026-12-06,2311,20000,,
1599794,36,2026-12-07,2311,20000,,
1599794,36,2026-12-08,2311,20000,,
1608379,21,2026-12-01,3511,23600,,
1608379,21,2026-12-07,3511,23600,,
1608379,21,2026-12-08,3511,23600,,
1608379,22,2026-12-01,3511,23600,,
1608379,22,2026-12-07,3511,23600,,
1608379,22,2026-12-08,3511,23600,,
1608379,23,2026-12-01,3511,23600,,
1608379,23,2026-12-07,3511,23600,,
1608379,23,2026-12-08,3511,23600,,
1608379,24,2026-12-01,3511,23600,,
1608379,24,2026-12-07,3511,23600,,
1608379,24,2026-12-08,3511,23600,,
1608379,35,2026-12-01,4753,23600,,
1608379,35,2026-12-07,4753,23600,,
1608379,35,2026-12-08,4753,23600,,
1608379,36,2026-12-01,4753,23600,,
1608379,36,2026-12-07,4753,23600,,
1608379,36,2026-12-08,4753,23600,,
1608379,37,2026-12-01,4753,23600,,
1608379,37,2026-12-07,4753,23600,,
1608379,37,2026-12-08,4753,23600,,
1608379,39,2026-12-01,3511,23600,,
1608379,39,2026-12-07,3511,23600,,
1608379,39,2026-12-08,3511,23600,,
1608379,40,2026-12-01,3511,23600,,
1608379,40,2026-12-07,3511,23600,,
1608379,40,2026-12-08,3511,23600,,
1608379,83,2026-12-01,3511,23600,,
1608379,83,2026-12-07,3511,23600,,
1608379,83,2026-12-08,3511,23600,,
1767140,45,2026-12-01,2811,23600,,
1767140,45,2026-12-07,2811,23600,,
1767140,45,2026-12-08,2811,23600,,
1767140,46,2026-12-01,2811,23600,,
1767140,46,2026-12-07,2811,23600,,
1767140,46,2026-12-08,2811,23600,,
2015941,25,2026-09-09,1432,23600,,
2015941,25,2026-09-11,1443,23600,,
2015941,26,2026-09-09,1432,23600,,
2015941,26,2026-09-11,1443,23600,,
2024578,42,2026-10-22,3140,20000,,
2024578,42,2026-10-23,3140,20000,,
2024578,42,2026-10-24,3140,20000,,
2024578,42,2026-10-26,3140,20000,,
2024578,42,2026-10-31,3140,20000,,
2024578,42,2026-11-01,3140,20000,,
2024578,42,2026-11-02,3140,20000,,
2024578,42,2026-11-03,3140,20000,,
2024578,42,2026-11-04,3140,20000,,
2024578,42,2026-11-05,3140,20000,,
2024578,42,2026-11-06,3140,20000,,
2024578,42,2026-11-07,3140,20000,,
2024578,42,2026-11-08,3140,20000,,
2024578,42,2027-08-28,3140,20000,,
2024578,42,2027-08-29,3140,20000,,
2024578,42,2027-08-30,3140,20000,,
2024578,42,2027-08-31,3140,20000,,
2024578,42,2027-09-09,3140,20000,,
2024578,43,2026-10-22,3140,20000,,
2024578,43,2026-10-23,3140,20000,,
2024578,43,2026-10-24,3140,20000,,
2024578,43,2026-10-26,3140,20000,,
2024578,43,2026-10-31,3140,20000,,
2024578,43,2026-11-01,3140,20000,,
2024578,43,2026-11-02,3140,20000,,
2024578,43,2026-11-03,3140,20000,,
2024578,43,2026-11-04,3140,20000,,
2024578,43,2026-11-05,3140,20000,,
2024578,43,2026-11-06,3140,20000,,
2024578,43,2026-11-07,3140,20000,,
2024578,43,2026-11-08,3140,20000,,
2024578,43,2027-08-28,3140,20000,,
2024578,43,2027-08-29,3140,20000,,
2024578,43,2027-08-30,3140,20000,,
2024578,43,2027-08-31,3140,20000,,
2024578,43,2027-09-09,3140,20000,,
2024578,44,2026-10-22,3140,20000,,
2024578,44,2026-10-23,3140,20000,,
2024578,44,2026-10-24,3140,20000,,
2024578,44,2026-10-26,3140,20000,,
2024578,44,2026-10-31,3140,20000,,
2024578,44,2026-11-01,3140,20000,,
2024578,44,2026-11-02,3140,20000,,
2024578,44,2026-11-03,3140,20000,,
2024578,44,2026-11-04,3140,20000,,
2024578,44,2026-11-05,3140,20000,,
2024578,44,2026-11-06,3140,20000,,
2024578,44,2026-11-07,3140,20000,,
2024578,44,2026-11-08,3140,20000,,
2024578,44,2027-08-28,3140,20000,,
2024578,44,2027-08-29,3140,20000,,
2024578,44,2027-08-30,3140,20000,,
2024578,44,2027-08-31,3140,20000,,
2024578,44,2027-09-09,3140,20000,,
2026607,17,2026-11-22,1486,20000,,
2026607,17,2026-11-23,1486,20000,,
2026607,18,2026-11-22,1486,20000,,
2026607,18,2026-11-23,1486,20000,,
2026607,23,2026-12-02,2131,20000,,
2026607,23,2026-12-03,2131,20000,,
2026607,23,2026-12-06,2131,20000,,
2026607,24,2026-12-02,2131,20000,,
2026607,24,2026-12-03,2131,20000,,
2026607,24,2026-12-06,2131,20000,,
2026607,27,2026-12-04,2476,20000,,
2026607,27,2026-12-05,2476,20000,,
2026607,28,2026-12-04,2476,20000,,
2026607,28,2026-12-05,2476,20000,,
2026607,29,2026-12-02,2131,20000,,
2026607,29,2026-12-03,2131,20000,,
2026607,29,2026-12-06,2131,20000,,
2026607,30,2026-12-02,2131,20000,,
2026607,30,2026-12-03,2131,20000,,
2026607,30,2026-12-06,2131,20000,,
2026607,31,2026-12-02,2131,20000,,
2026607,31,2026-12-03,2131,20000,,
2026607,31,2026-12-06,2131,20000,,
2026607,40,2026-12-02,2131,20000,,
2026607,40,2026-12-03,2131,20000,,
2026607,40,2026-12-06,2131,20000,,
2026607,50,2026-11-22,1486,20000,,
2026607,50,2026-11-23,1486,20000,,
2026607,57,2026-12-02,2131,20000,,
2026607,57,2026-12-03,2131,20000,,
2026607,57,2026-12-06,2131,20000,,
2026607,89,2026-12-02,2131,20000,,
2026607,89,2026-12-03,2131,20000,,
2026607,89,2026-12-06,2131,20000,,
2031351,17,2026-12-01,1864,23600,,
2031351,17,2026-12-07,1864,23600,,
2031351,17,2026-12-08,1864,23600,,
2031351,18,2026-12-01,1864,23600,,
2031351,18,2026-12-07,1864,23600,,
2031351,18,2026-12-08,1864,23600,,
2031351,50,2026-12-01,1864,23600,,
2031351,50,2026-12-07,1864,23600,,
2031351,50,2026-12-08,1864,23600,,
2063608,25,2026-11-22,1300,23600,,
2063608,25,2026-11-23,1300,23600,,
2063608,25,2026-12-01,1300,23600,,
2063608,25,2026-12-07,1300,23600,,
2063608,25,2026-12-08,1300,23600,,
2063608,26,2026-11-22,1300,23600,,
2063608,26,2026-11-23,1300,23600,,
2063608,26,2026-12-01,1300,23600,,
2063608,26,2026-12-07,1300,23600,,
2063608,26,2026-12-08,1300,23600,,
2066561,32,2026-11-22,2352,27848,,
2066561,32,2026-11-23,2352,27848,,
2066561,33,2026-11-22,2352,27848,,
2066561,33,2026-11-23,2352,27848,,
2066561,34,2026-11-22,2352,27848,,
2066561,34,2026-11-23,2352,27848,,
2071224,23,2026-11-22,1343,23600,,
2071224,23,2026-11-23,1343,23600,,
2071224,24,2026-11-22,1343,23600,,
2071224,24,2026-11-23,1343,23600,,
2071224,40,2026-11-22,1343,23600,,
2071224,40,2026-11-23,1343,23600,,
2071352,15,2026-12-01,1499,23600,,
2071352,15,2026-12-07,1499,23600,,
2071352,15,2026-12-08,1499,23600,,
2071352,16,2026-12-01,1499,23600,,
2071352,16,2026-12-07,1499,23600,,
2071352,16,2026-12-08,1499,23600,,
2071352,38,2026-12-01,1499,23600,,
2071352,38,2026-12-07,1499,23600,,
2071352,38,2026-12-08,1499,23600,,
2071352,52,2026-12-01,1499,23600,,
2071352,52,2026-12-07,1499,23600,,
2071352,52,2026-12-08,1499,23600,,
2071352,76,2026-12-01,1499,23600,,
2071352,76,2026-12-07,1499,23600,,
2071352,76,2026-12-08,1499,23600,,
2079707,25,2027-08-22,1428,23600,,
2079707,25,2027-08-27,1428,23600,,
2079707,25,2027-08-28,1428,23600,,
2079707,25,2027-08-29,1428,23600,,
2079707,25,2027-08-30,1428,23600,,
2079707,25,2027-08-31,1428,23600,,
2079707,25,2027-09-09,1428,23600,,
2079707,26,2027-08-22,1428,23600,,
2079707,26,2027-08-27,1428,23600,,
2079707,26,2027-08-28,1428,23600,,
2079707,26,2027-08-29,1428,23600,,
2079707,26,2027-08-30,1428,23600,,
2079707,26,2027-08-31,1428,23600,,
2079707,26,2027-09-09,1428,23600,,
2083696,25,2027-08-22,1768,23600,,
2083696,25,2027-08-27,1768,23600,,
2083696,25,2027-08-28,1768,23600,,
2083696,25,2027-08-29,1768,23600,,
2083696,25,2027-08-30,1768,23600,,
2083696,25,2027-08-31,1768,23600,,
2083696,25,2027-09-09,1768,23600,,
2083696,26,2027-08-22,1768,23600,,
2083696,26,2027-08-27,1768,23600,,
2083696,26,2027-08-28,1768,23600,,
2083696,26,2027-08-29,1768,23600,,
2083696,26,2027-08-30,1768,23600,,
2083696,26,2027-08-31,1768,23600,,
2083696,26,2027-09-09,1768,23600,,
2083696,45,2026-09-20,1919,23600,,
2083696,46,2026-09-20,1919,23600,,
2089527,27,2026-12-01,1786,23600,,
2089527,27,2026-12-07,1786,23600,,
2089527,27,2026-12-08,1786,23600,,
2089527,28,2026-12-01,1786,23600,,
2089527,28,2026-12-07,1786,23600,,
2089527,28,2026-12-08,1786,23600,,
2345375,27,2026-11-22,1601,23600,,
2345375,27,2026-11-23,1601,23600,,
2345375,27,2026-11-27,1601,23600,,
2345375,27,2026-11-28,1601,23600,,
2345375,27,2026-11-29,1601,23600,,
2345375,27,2026-11-30,1601,23600,,
2345375,27,2026-12-01,1601,23600,,
2345375,27,2026-12-07,1601,23600,,
2345375,27,2026-12-08,1601,23600,,
2345375,28,2026-11-22,1601,23600,,
2345375,28,2026-11-23,1601,23600,,
2345375,28,2026-11-27,1601,23600,,
2345375,28,2026-11-28,1601,23600,,
2345375,28,2026-11-29,1601,23600,,
2345375,28,2026-11-30,1601,23600,,
2345375,28,2026-12-01,1601,23600,,
2345375,28,2026-12-07,1601,23600,,
2345375,28,2026-12-08,1601,23600,,
4471338,21,2026-09-15,1557,23600,,
4471338,22,2026-09-15,1557,23600,,
4471338,23,2026-09-15,1557,23600,,
4471338,24,2026-09-15,1557,23600,,
4471338,39,2026-09-15,1557,23600,,
4471338,40,2026-09-15,1557,23600,,
4471338,83,2026-09-15,1557,23600,,
4477291,21,2026-12-04,1461,20000,,
4477291,21,2026-12-05,1461,20000,,
4477291,22,2026-12-04,1461,20000,,
4477291,22,2026-12-05,1461,20000,,
4477291,39,2026-12-04,1461,20000,,
4477291,39,2026-12-05,1461,20000,,
5000022,19,2026-09-15,1475,20000,,
5000022,19,2026-11-22,1624,20000,,
5000022,19,2026-11-23,1624,20000,,
5000022,19,2026-11-24,1624,20000,,
5000022,19,2026-11-25,1624,20000,,
5000022,20,2026-09-15,1475,20000,,
5000022,20,2026-11-22,1624,20000,,
5000022,20,2026-11-23,1624,20000,,
5000022,20,2026-11-24,1624,20000,,
5000022,20,2026-11-25,1624,20000,,
5000022,23,2026-09-15,1786,20000,,
5000022,24,2026-09-15,1786,20000,,
5000022,40,2026-09-15,1786,20000,,
6141453,35,2026-11-27,2759,23600,,
6141453,35,2026-11-28,2759,23600,,
6141453,36,2026-11-27,2759,23600,,
6141453,36,2026-11-28,2759,23600,,
0256107,25,2027-08-22,1447,23600,,
0256107,25,2027-08-27,1447,23600,,
0256107,25,2027-08-28,1447,23600,,
0256107,25,2027-08-29,1447,23600,,
0256107,25,2027-08-30,1447,23600,,
0256107,25,2027-08-31,1447,23600,,
0256107,26,2027-08-22,1447,23600,,
0256107,26,2027-08-27,1447,23600,,
0256107,26,2027-08-28,1447,23600,,
0256107,26,2027-08-29,1447,23600,,
0256107,26,2027-08-30,1447,23600,,
0256107,26,2027-08-31,1447,23600,,
1075048,25,2027-08-28,1305,23600,,
1075048,25,2027-08-29,1305,23600,,
1075048,25,2027-08-30,1305,23600,,
1075048,25,2027-08-31,1305,23600,,
1075048,25,2027-09-09,1305,23600,,
1107594,25,2027-08-22,1608,20000,,
1107594,25,2027-08-27,1608,20000,,
1107594,25,2027-08-28,1608,20000,,
1107594,25,2027-08-29,1608,20000,,
1107594,25,2027-08-30,1608,20000,,
1107594,25,2027-08-31,1608,20000,,
1107594,25,2027-09-09,1608,20000,,
1107594,27,2026-11-22,1851,23600,,
1107594,27,2026-11-22,1851,23600,,
1107594,27,2026-11-23,1851,23600,,
1107594,27,2026-11-23,1851,23600,,
1107594,28,2026-11-22,1851,23600,,
1107594,28,2026-11-22,1851,23600,,
1107594,28,2026-11-23,1851,23600,,
1107594,28,2026-11-23,1851,23600,,
1126165,17,2026-11-22,1715,23600,,
1126165,17,2026-11-23,1715,23600,,
1126165,18,2026-11-22,1715,23600,,
1126165,18,2026-11-23,1715,23600,,
1126165,50,2026-11-22,1715,23600,,
1126165,50,2026-11-23,1715,23600,,
1126165,87,2026-11-22,1715,23600,,
1126165,87,2026-11-23,1715,23600,,
1204840,27,2026-12-01,2011,27848,,
1204840,27,2026-12-07,2011,27848,,
1204840,27,2026-12-08,2011,27848,,
1204840,28,2026-12-01,2011,27848,,
1204840,28,2026-12-07,2011,27848,,
1204840,28,2026-12-08,2011,27848,,
1204840,78,2026-12-01,1666,27848,,
1204840,78,2026-12-07,1666,27848,,
1204840,78,2026-12-08,1666,27848,,
1204840,79,2026-12-01,1666,27848,,
1204840,79,2026-12-07,1666,27848,,
1204840,79,2026-12-08,1666,27848,,
1206822,17,2026-10-30,1610,23600,,
1206822,17,2026-10-31,1610,23600,,
1206822,17,2026-11-06,1610,23600,,
1206822,17,2026-11-13,1610,23600,,
1206822,18,2026-10-30,1610,23600,,
1206822,18,2026-10-31,1610,23600,,
1206822,18,2026-11-06,1610,23600,,
1206822,18,2026-11-13,1610,23600,,
1206822,19,2026-10-30,1610,23600,,
1206822,19,2026-10-31,1610,23600,,
1206822,19,2026-11-06,1610,23600,,
1206822,19,2026-11-13,1610,23600,,
1206822,20,2026-10-30,1610,23600,,
1206822,20,2026-10-31,1610,23600,,
1206822,20,2026-11-06,1610,23600,,
1206822,20,2026-11-13,1610,23600,,
1206822,50,2026-10-30,1610,23600,,
1206822,50,2026-10-31,1610,23600,,
1206822,50,2026-11-06,1610,23600,,
1206822,50,2026-11-13,1610,23600,,
1206822,51,2026-10-30,1610,23600,,
1206822,51,2026-10-31,1610,23600,,
1206822,51,2026-11-06,1610,23600,,
1206822,51,2026-11-13,1610,23600,,
1206822,87,2026-10-30,1610,23600,,
1206822,87,2026-10-31,1610,23600,,
1206822,87,2026-11-06,1610,23600,,
1206822,87,2026-11-13,1610,23600,,
1237644,27,2026-09-15,1902,20000,,
1237644,27,2026-09-16,1902,20000,,
1237644,27,2026-09-17,1902,20000,,
1237644,27,2026-09-18,1902,20000,,
1237644,27,2026-09-19,1902,20000,,
1237644,27,2026-09-20,1902,20000,,
1237644,27,2026-09-21,1902,20000,,
1237644,27,2026-09-22,1902,20000,,
1237644,27,2026-09-23,1902,20000,,
1237644,27,2026-09-24,1902,20000,,
1237644,27,2026-09-25,1902,20000,,
1237644,27,2026-09-26,1902,20000,,
1237644,27,2026-09-27,1902,20000,,
1237644,27,2026-09-28,1902,20000,,
1237644,27,2026-09-29,1902,20000,,
1237644,27,2026-09-30,1902,20000,,
1237644,27,2026-10-01,1902,20000,,
1237644,27,2026-10-02,1902,20000,,
1237644,27,2026-10-03,1902,20000,,
1237644,27,2026-10-04,1902,20000,,
1237644,27,2026-10-05,1902,20000,,
1237644,27,2026-10-06,1902,20000,,
1237644,27,2026-10-07,1902,20000,,
1237644,27,2026-10-08,1902,20000,,
1237644,27,2026-10-09,1902,20000,,
1237644,27,2026-10-10,1902,20000,,
1237644,27,2026-10-11,1902,20000,,
1237644,27,2026-10-12,1902,20000,,
1237644,27,2026-10-13,1902,20000,,
1237644,27,2026-10-14,1902,20000,,
1237644,27,2026-10-15,1902,20000,,
1237644,27,2026-10-16,1902,20000,,
1237644,27,2026-10-17,1902,20000,,
1237644,27,2026-10-18,1902,20000,,
1237644,27,2026-10-19,1902,20000,,
1237644,27,2026-10-20,1902,20000,,
1237644,27,2026-10-21,1902,20000,,
1237644,27,2026-10-22,1902,20000,,
1237644,27,2026-10-23,1902,20000,,
1237644,27,2026-10-24,1902,20000,,
1237644,27,2026-10-25,1902,20000,,
1237644,27,2026-10-26,1902,20000,,
1237644,27,2026-10-27,1902,20000,,
1237644,27,2026-10-28,1902,20000,,
1237644,27,2026-10-29,1902,20000,,
1237644,27,2026-10-30,1902,20000,,
1237644,27,2026-10-31,1902,20000,,
1237644,27,2026-11-01,1902,20000,,
1237644,27,2026-11-02,1902,20000,,
1237644,27,2026-11-03,1902,20000,,
1237644,27,2026-11-04,1902,20000,,
1237644,27,2026-11-05,1902,20000,,
1237644,27,2026-11-06,1902,20000,,
1237644,27,2026-11-07,1902,20000,,
1237644,27,2026-11-08,1902,20000,,
1237644,27,2026-11-09,1902,20000,,
1237644,27,2026-11-10,1902,20000,,
1237644,27,2026-11-11,1902,20000,,
1237644,27,2026-11-12,1902,20000,,
1237644,27,2026-11-13,1902,20000,,
1237644,27,2026-11-14,1902,20000,,
1237644,27,2026-11-15,1902,20000,,
1237644,27,2026-11-16,1902,20000,,
1237644,27,2026-11-17,1902,20000,,
1237644,27,2026-11-18,1902,20000,,
1237644,27,2026-11-19,1902,20000,,
1237644,27,2026-11-20,1902,20000,,
1237644,27,2026-11-21,1902,20000,,
1237644,27,2026-11-22,1902,20000,,
1237644,27,2026-11-23,1902,20000,,
1237644,27,2026-11-24,1902,20000,,
1237644,27,2026-11-25,1902,20000,,
1237644,28,2026-09-15,1902,20000,,
1237644,28,2026-09-16,1902,20000,,
1237644,28,2026-09-17,1902,20000,,
1237644,28,2026-09-18,1902,20000,,
1237644,28,2026-09-19,1902,20000,,
1237644,28,2026-09-20,1902,20000,,
1237644,28,2026-09-21,1902,20000,,
1237644,28,2026-09-22,1902,20000,,
1237644,28,2026-09-23,1902,20000,,
1237644,28,2026-09-24,1902,20000,,
1237644,28,2026-09-25,1902,20000,,
1237644,28,2026-09-26,1902,20000,,
1237644,28,2026-09-27,1902,20000,,
1237644,28,2026-09-28,1902,20000,,
1237644,28,2026-09-29,1902,20000,,
1237644,28,2026-09-30,1902,20000,,
1237644,28,2026-10-01,1902,20000,,
1237644,28,2026-10-02,1902,20000,,
1237644,28,2026-10-03,1902,20000,,
1237644,28,2026-10-04,1902,20000,,
1237644,28,2026-10-05,1902,20000,,
1237644,28,2026-10-06,1902,20000,,
1237644,28,2026-10-07,1902,20000,,
1237644,28,2026-10-08,1902,20000,,
1237644,28,2026-10-09,1902,20000,,
1237644,28,2026-10-10,1902,20000,,
1237644,28,2026-10-11,1902,20000,,
1237644,28,2026-10-12,1902,20000,,
1237644,28,2026-10-13,1902,20000,,
1237644,28,2026-10-14,1902,20000,,
1237644,28,2026-10-15,1902,20000,,
1237644,28,2026-10-16,1902,20000,,
1237644,28,2026-10-17,1902,20000,,
1237644,28,2026-10-18,1902,20000,,
1237644,28,2026-10-19,1902,20000,,
1237644,28,2026-10-20,1902,20000,,
1237644,28,2026-10-21,1902,20000,,
1237644,28,2026-10-22,1902,20000,,
1237644,28,2026-10-23,1902,20000,,
1237644,28,2026-10-24,1902,20000,,
1237644,28,2026-10-25,1902,20000,,
1237644,28,2026-10-26,1902,20000,,
1237644,28,2026-10-27,1902,20000,,
1237644,28,2026-10-28,1902,20000,,
1237644,28,2026-10-29,1902,20000,,
1237644,28,2026-10-30,1902,20000,,
1237644,28,2026-10-31,1902,20000,,
1237644,28,2026-11-01,1902,20000,,
1237644,28,2026-11-02,1902,20000,,
1237644,28,2026-11-03,1902,20000,,
1237644,28,2026-11-04,1902,20000,,
1237644,28,2026-11-05,1902,20000,,
1237644,28,2026-11-06,1902,20000,,
1237644,28,2026-11-07,1902,20000,,
1237644,28,2026-11-08,1902,20000,,
1237644,28,2026-11-09,1902,20000,,
1237644,28,2026-11-10,1902,20000,,
1237644,28,2026-11-11,1902,20000,,
1237644,28,2026-11-12,1902,20000,,
1237644,28,2026-11-13,1902,20000,,
1237644,28,2026-11-14,1902,20000,,
1237644,28,2026-11-15,1902,20000,,
1237644,28,2026-11-16,1902,20000,,
1237644,28,2026-11-17,1902,20000,,
1237644,28,2026-11-18,1902,20000,,
1237644,28,2026-11-19,1902,20000,,
1237644,28,2026-11-20,1902,20000,,
1237644,28,2026-11-21,1902,20000,,
1237644,28,2026-11-22,1902,20000,,
1237644,28,2026-11-23,1902,20000,,
1237644,28,2026-11-24,1902,20000,,
1237644,28,2026-11-25,1902,20000,,
1242203,17,2026-10-30,1398,23600,,
1242203,17,2026-10-31,1398,23600,,
1242203,18,2026-10-30,1398,23600,,
1242203,18,2026-10-31,1398,23600,,
1242203,19,2026-10-30,1398,23600,,
1242203,19,2026-10-31,1398,23600,,
1242203,20,2026-10-30,1398,23600,,
1242203,20,2026-10-31,1398,23600,,
1242203,50,2026-10-30,1398,23600,,
1242203,50,2026-10-31,1398,23600,,
1257158,25,2027-08-22,1529,23600,,
1257158,25,2027-08-27,1529,23600,,
1257158,25,2027-08-28,1529,23600,,
1257158,25,2027-08-29,1529,23600,,
1257158,25,2027-08-30,1529,23600,,
1257158,25,2027-08-31,1529,23600,,
1257158,26,2027-08-22,1529,23600,,
1257158,26,2027-08-27,1529,23600,,
1257158,26,2027-08-28,1529,23600,,
1257158,26,2027-08-29,1529,23600,,
1257158,26,2027-08-30,1529,23600,,
1257158,26,2027-08-31,1529,23600,,
1307656,25,2027-08-22,1010,23600,,
1307656,25,2027-08-27,1010,23600,,
1307656,25,2027-08-28,1010,23600,,
1307656,25,2027-08-29,1010,23600,,
1307656,25,2027-08-30,1010,23600,,
1307656,25,2027-08-31,1010,23600,,
1307656,25,2027-09-09,1010,23600,,
1307656,26,2027-08-22,1010,23600,,
1307656,26,2027-08-27,1010,23600,,
1307656,26,2027-08-28,1010,23600,,
1307656,26,2027-08-29,1010,23600,,
1307656,26,2027-08-30,1010,23600,,
1307656,26,2027-08-31,1010,23600,,
1307656,26,2027-09-09,1010,23600,,
1314078,16,2026-09-21,1472,23600,,
1314078,16,2026-09-22,1472,23600,,
1314078,16,2026-09-23,1472,23600,,
1314078,16,2026-09-27,1472,23600,,
1314078,16,2026-09-28,1472,23600,,
1314078,16,2026-09-29,1472,23600,,
1314078,16,2026-09-30,1472,23600,,
1314078,16,2026-10-27,1472,23600,,
1314078,16,2026-10-28,1472,23600,,
1314078,16,2026-10-29,1472,23600,,
1314078,16,2026-11-01,1472,23600,,
1314078,16,2026-11-02,1472,23600,,
1314078,16,2026-11-03,1472,23600,,
1314078,16,2026-11-04,1472,23600,,
1314078,16,2026-11-05,1472,23600,,
1314078,16,2026-11-12,1472,23600,,
1314078,16,2026-11-18,1472,23600,,
1314078,16,2026-11-19,1472,23600,,
1314078,16,2026-11-22,1472,23600,,
1314078,16,2026-11-23,1472,23600,,
1314078,16,2026-11-29,1472,23600,,
1314078,16,2026-11-30,1472,23600,,
1314078,52,2026-09-21,1472,23600,,
1314078,52,2026-09-22,1472,23600,,
1314078,52,2026-09-23,1472,23600,,
1314078,52,2026-09-27,1472,23600,,
1314078,52,2026-09-28,1472,23600,,
1314078,52,2026-09-29,1472,23600,,
1314078,52,2026-09-30,1472,23600,,
1314078,52,2026-10-27,1472,23600,,
1314078,52,2026-10-28,1472,23600,,
1314078,52,2026-10-29,1472,23600,,
1314078,52,2026-11-01,1472,23600,,
1314078,52,2026-11-02,1472,23600,,
1314078,52,2026-11-03,1472,23600,,
1314078,52,2026-11-04,1472,23600,,
1314078,52,2026-11-05,1472,23600,,
1314078,52,2026-11-12,1472,23600,,
1314078,52,2026-11-18,1472,23600,,
1314078,52,2026-11-19,1472,23600,,
1314078,52,2026-11-22,1472,23600,,
1314078,52,2026-11-23,1472,23600,,
1314078,52,2026-11-29,1472,23600,,
1314078,52,2026-11-30,1472,23600,,
1346833,35,2026-09-13,2463,20000,,
1346833,35,2026-09-15,2463,20000,,
1346833,35,2026-09-16,2463,20000,,
1346833,35,2026-09-17,2463,20000,,
1346833,35,2026-09-18,2463,20000,,
1346833,35,2026-09-19,2463,20000,,
1346833,35,2026-09-20,2463,20000,,
1346833,35,2026-09-21,2463,20000,,
1346833,35,2026-09-22,2463,20000,,
1346833,35,2026-09-23,2463,20000,,
1346833,35,2026-09-24,2463,20000,,
1346833,35,2026-09-25,2463,20000,,
1346833,35,2026-09-26,2463,20000,,
1346833,35,2026-09-27,2463,20000,,
1346833,35,2026-10-05,2463,20000,,
1346833,35,2026-10-06,2463,20000,,
1346833,35,2026-10-07,2463,20000,,
1346833,35,2026-10-08,2463,20000,,
1346833,35,2026-10-26,2463,20000,,
1346833,35,2026-10-27,2463,20000,,
1346833,35,2026-10-28,2463,20000,,
1346833,35,2026-10-29,2463,20000,,
1346833,35,2026-10-30,2463,20000,,
1346833,35,2026-10-31,2463,20000,,
1346833,35,2026-11-01,2463,20000,,
1346833,35,2026-11-02,2463,20000,,
1346833,35,2026-11-03,2463,20000,,
1346833,35,2026-11-04,2463,20000,,
1346833,35,2026-11-05,2463,20000,,
1346833,35,2026-11-11,2463,20000,,
1346833,35,2026-11-12,2463,20000,,
1346833,35,2026-11-13,2463,20000,,
1346833,35,2026-11-14,2463,20000,,
1346833,35,2026-11-15,2463,20000,,
1346833,35,2026-11-16,2463,20000,,
1346833,35,2026-11-17,2463,20000,,
1346833,35,2026-11-18,2463,20000,,
1346833,35,2026-11-19,2463,20000,,
1346833,35,2026-11-20,2463,20000,,
1346833,35,2026-11-21,2463,20000,,
1346833,35,2026-11-22,2463,20000,,
1346833,35,2026-11-23,2463,20000,,
1346833,35,2026-11-24,2463,20000,,
1346833,35,2026-11-25,2463,20000,,
1346833,35,2026-12-01,2463,20000,,
1346833,35,2026-12-02,2463,20000,,
1346833,35,2026-12-03,2463,20000,,
1346833,35,2026-12-04,2463,20000,,
1346833,35,2026-12-05,2463,20000,,
1346833,35,2026-12-06,2463,20000,,
1346833,35,2026-12-07,2463,20000,,
1346833,35,2026-12-08,2463,20000,,
1346833,36,2026-09-13,2463,20000,,
1346833,36,2026-09-15,2463,20000,,
1346833,36,2026-09-16,2463,20000,,
1346833,36,2026-09-17,2463,20000,,
1346833,36,2026-09-18,2463,20000,,
1346833,36,2026-09-19,2463,20000,,
1346833,36,2026-09-20,2463,20000,,
1346833,36,2026-09-21,2463,20000,,
1346833,36,2026-09-22,2463,20000,,
1346833,36,2026-09-23,2463,20000,,
1346833,36,2026-09-24,2463,20000,,
1346833,36,2026-09-25,2463,20000,,
1346833,36,2026-09-26,2463,20000,,
1346833,36,2026-09-27,2463,20000,,
1346833,36,2026-10-05,2463,20000,,
1346833,36,2026-10-06,2463,20000,,
1346833,36,2026-10-07,2463,20000,,
1346833,36,2026-10-08,2463,20000,,
1346833,36,2026-10-26,2463,20000,,
1346833,36,2026-10-27,2463,20000,,
1346833,36,2026-10-28,2463,20000,,
1346833,36,2026-10-29,2463,20000,,
1346833,36,2026-10-30,2463,20000,,
1346833,36,2026-10-31,2463,20000,,
1346833,36,2026-11-01,2463,20000,,
1346833,36,2026-11-02,2463,20000,,
1346833,36,2026-11-03,2463,20000,,
1346833,36,2026-11-04,2463,20000,,
1346833,36,2026-11-05,2463,20000,,
1346833,36,2026-11-11,2463,20000,,
1346833,36,2026-11-12,2463,20000,,
1346833,36,2026-11-13,2463,20000,,
1346833,36,2026-11-14,2463,20000,,
1346833,36,2026-11-15,2463,20000,,
1346833,36,2026-11-16,2463,20000,,
1346833,36,2026-11-17,2463,20000,,
1346833,36,2026-11-18,2463,20000,,
1346833,36,2026-11-19,2463,20000,,
1346833,36,2026-11-20,2463,20000,,
1346833,36,2026-11-21,2463,20000,,
1346833,36,2026-11-22,2463,20000,,
1346833,36,2026-11-23,2463,20000,,
1346833,36,2026-11-24,2463,20000,,
1346833,36,2026-11-25,2463,20000,,
1346833,36,2026-12-01,2463,20000,,
1346833,36,2026-12-02,2463,20000,,
1346833,36,2026-12-03,2463,20000,,
1346833,36,2026-12-04,2463,20000,,
1346833,36,2026-12-05,2463,20000,,
1346833,36,2026-12-06,2463,20000,,
1346833,36,2026-12-07,2463,20000,,
1346833,36,2026-12-08,2463,20000,,
1346833,37,2026-09-13,2463,20000,,
1346833,37,2026-09-15,2463,20000,,
1346833,37,2026-09-16,2463,20000,,
1346833,37,2026-09-17,2463,20000,,
1346833,37,2026-09-18,2463,20000,,
1346833,37,2026-09-19,2463,20000,,
1346833,37,2026-09-20,2463,20000,,
1346833,37,2026-09-21,2463,20000,,
1346833,37,2026-09-22,2463,20000,,
1346833,37,2026-09-23,2463,20000,,
1346833,37,2026-09-24,2463,20000,,
1346833,37,2026-09-25,2463,20000,,
1346833,37,2026-09-26,2463,20000,,
1346833,37,2026-09-27,2463,20000,,
1346833,37,2026-10-05,2463,20000,,
1346833,37,2026-10-06,2463,20000,,
1346833,37,2026-10-07,2463,20000,,
1346833,37,2026-10-08,2463,20000,,
1346833,37,2026-10-26,2463,20000,,
1346833,37,2026-10-27,2463,20000,,
1346833,37,2026-10-28,2463,20000,,
1346833,37,2026-10-29,2463,20000,,
1346833,37,2026-10-30,2463,20000,,
1346833,37,2026-10-31,2463,20000,,
1346833,37,2026-11-01,2463,20000,,
1346833,37,2026-11-02,2463,20000,,
1346833,37,2026-11-03,2463,20000,,
1346833,37,2026-11-04,2463,20000,,
1346833,37,2026-11-05,2463,20000,,
1346833,37,2026-11-11,2463,20000,,
1346833,37,2026-11-12,2463,20000,,
1346833,37,2026-11-13,2463,20000,,
1346833,37,2026-11-14,2463,20000,,
1346833,37,2026-11-15,2463,20000,,
1346833,37,2026-11-16,2463,20000,,
1346833,37,2026-11-17,2463,20000,,
1346833,37,2026-11-18,2463,20000,,
1346833,37,2026-11-19,2463,20000,,
1346833,37,2026-11-20,2463,20000,,
1346833,37,2026-11-21,2463,20000,,
1346833,37,2026-11-22,2463,20000,,
1346833,37,2026-11-23,2463,20000,,
1346833,37,2026-11-24,2463,20000,,
1346833,37,2026-11-25,2463,20000,,
1346833,37,2026-12-01,2463,20000,,
1346833,37,2026-12-02,2463,20000,,
1346833,37,2026-12-03,2463,20000,,
1346833,37,2026-12-04,2463,20000,,
1346833,37,2026-12-05,2463,20000,,
1346833,37,2026-12-06,2463,20000,,
1346833,37,2026-12-07,2463,20000,,
1346833,37,2026-12-08,2463,20000,,
1379430,27,2026-09-13,3083,23600,,
1379430,27,2026-09-14,3114,23600,,
1379430,28,2026-09-13,3083,23600,,
1379430,28,2026-09-14,3114,23600,,
1396900,17,2026-09-10,1537,20000,,
1396900,17,2026-09-11,1538,20000,,
1396900,17,2026-09-12,1538,20000,,
1396900,18,2026-09-10,1537,20000,,
1396900,18,2026-09-11,1538,20000,,
1396900,18,2026-09-12,1538,20000,,
1396900,50,2026-09-10,1537,20000,,
1396900,50,2026-09-11,1538,20000,,
1396900,50,2026-09-12,1538,20000,,
1451268,19,2026-12-06,1539,20000,,
1451268,20,2026-12-06,1539,20000,,
1462197,17,2026-09-15,1380,23600,,
1462197,18,2026-09-15,1380,23600,,
1462197,50,2026-09-15,1380,23600,,
1463190,23,2026-09-18,1850,23600,,
1463190,24,2026-09-18,1850,23600,,
1463190,40,2026-09-18,1850,23600,,
1473477,17,2026-12-01,1460,23600,,
1473477,17,2026-12-07,1460,23600,,
1473477,17,2026-12-08,1460,23600,,
1473477,18,2026-12-01,1460,23600,,
1473477,18,2026-12-07,1460,23600,,
1473477,18,2026-12-08,1460,23600,,
1473477,19,2026-12-01,1460,23600,,
1473477,19,2026-12-07,1460,23600,,
1473477,19,2026-12-08,1460,23600,,
1473477,20,2026-12-01,1460,23600,,
1473477,20,2026-12-07,1460,23600,,
1473477,20,2026-12-08,1460,23600,,
1473477,50,2026-12-01,1460,23600,,
1473477,50,2026-12-07,1460,23600,,
1473477,50,2026-12-08,1460,23600,,
1479075,25,2026-09-16,1428,23600,,
1479075,26,2026-09-16,1428,23600,,
1523458,23,2026-09-12,1621,20000,,
1523458,24,2026-09-12,1621,20000,,
1541487,19,2026-11-22,1874,20000,,
1541487,19,2026-11-23,1874,20000,,
1541487,20,2026-11-22,1874,20000,,
1541487,20,2026-11-23,1874,20000,,
1541487,21,2026-11-22,2219,20000,,
1541487,21,2026-11-23,2219,20000,,
1541487,22,2026-11-22,2219,20000,,
1541487,22,2026-11-23,2219,20000,,
1541487,39,2026-11-22,2219,20000,,
1541487,39,2026-11-23,2219,20000,,
1552629,35,2027-08-22,3083,23600,,
1552629,35,2027-08-27,3083,23600,,
1552629,35,2027-08-28,3083,23600,,
1552629,35,2027-08-29,3083,23600,,
1552629,35,2027-08-30,3083,23600,,
1552629,35,2027-08-31,3083,23600,,
1552629,35,2027-09-09,3083,23600,,
1552629,36,2027-08-22,3083,23600,,
1552629,36,2027-08-27,3083,23600,,
1552629,36,2027-08-28,3083,23600,,
1552629,36,2027-08-29,3083,23600,,
1552629,36,2027-08-30,3083,23600,,
1552629,36,2027-08-31,3083,23600,,
1552629,36,2027-09-09,3083,23600,,
1593321,25,2026-12-01,1300,27848,,
1593321,25,2026-12-07,1300,27848,,
1593321,25,2026-12-08,1300,27848,,
1608379,29,2026-11-22,4156,23600,,
1608379,29,2026-11-23,4156,23600,,
1608379,30,2026-11-22,4156,23600,,
1608379,30,2026-11-23,4156,23600,,
1608379,31,2026-11-22,4156,23600,,
1608379,31,2026-11-23,4156,23600,,
1608379,32,2026-11-22,4156,23600,,
1608379,32,2026-11-23,4156,23600,,
1608379,33,2026-11-22,4156,23600,,
1608379,33,2026-11-23,4156,23600,,
1608379,34,2026-11-22,4156,23600,,
1608379,34,2026-11-23,4156,23600,,
1608379,57,2026-11-22,4156,23600,,
1608379,57,2026-11-23,4156,23600,,
1608379,58,2026-11-22,4156,23600,,
1608379,58,2026-11-23,4156,23600,,
1608379,89,2026-11-22,4156,23600,,
1608379,89,2026-11-23,4156,23600,,
1766640,21,2026-12-01,1532,23600,,
1766640,21,2026-12-07,1532,23600,,
1766640,21,2026-12-08,1532,23600,,
1766640,22,2026-12-01,1532,23600,,
1766640,22,2026-12-07,1532,23600,,
1766640,22,2026-12-08,1532,23600,,
1766640,23,2026-12-01,1532,23600,,
1766640,23,2026-12-07,1532,23600,,
1766640,23,2026-12-08,1532,23600,,
1766640,24,2026-12-01,1532,23600,,
1766640,24,2026-12-07,1532,23600,,
1766640,24,2026-12-08,1532,23600,,
1766640,39,2026-12-01,1532,23600,,
1766640,39,2026-12-07,1532,23600,,
1766640,39,2026-12-08,1532,23600,,
1766640,40,2026-12-01,1532,23600,,
1766640,40,2026-12-07,1532,23600,,
1766640,40,2026-12-08,1532,23600,,
1766640,83,2026-12-01,1532,23600,,
1766640,83,2026-12-07,1532,23600,,
1766640,83,2026-12-08,1532,23600,,
1809628,25,2026-11-22,1690,23600,,
1809628,25,2026-11-23,1690,23600,,
1809628,26,2026-11-22,1690,23600,,
1809628,26,2026-11-23,1690,23600,,
1837134,21,2026-11-22,1905,23600,,
1837134,21,2026-11-23,1905,23600,,
1837134,22,2026-11-22,1905,23600,,
1837134,22,2026-11-23,1905,23600,,
1837134,23,2026-11-22,1905,23600,,
1837134,23,2026-11-23,1905,23600,,
1837134,24,2026-11-22,1905,23600,,
1837134,24,2026-11-23,1905,23600,,
1837134,39,2026-11-22,1905,23600,,
1837134,39,2026-11-23,1905,23600,,
1837134,40,2026-11-22,1905,23600,,
1837134,40,2026-11-23,1905,23600,,
1837134,83,2026-11-22,1905,23600,,
1837134,83,2026-11-23,1905,23600,,
1894945,35,2026-11-22,3541,23600,,
1894945,35,2026-11-23,3541,23600,,
1894945,36,2026-11-22,3541,23600,,
1894945,36,2026-11-23,3541,23600,,
1894945,37,2026-11-22,3541,23600,,
1894945,37,2026-11-23,3541,23600,,
2015296,25,2026-11-22,1238,20000,,
2015296,25,2026-11-23,1238,20000,,
2015296,25,2026-12-01,1238,20000,,
2015296,25,2026-12-07,1238,20000,,
2015296,25,2026-12-08,1238,20000,,
2015296,25,2027-09-09,1238,20000,,
2015296,26,2026-11-22,1238,20000,,
2015296,26,2026-11-23,1238,20000,,
2015296,26,2026-12-01,1238,20000,,
2015296,26,2026-12-07,1238,20000,,
2015296,26,2026-12-08,1238,20000,,
2015296,26,2027-09-09,1238,20000,,
2018414,25,2026-09-16,2286,23600,,
2018414,26,2026-09-16,2286,23600,,
2022899,23,2026-12-03,1702,23600,,
2022899,24,2026-12-03,1702,23600,,
2022899,40,2026-12-03,1702,23600,,
2022899,84,2026-12-03,1702,23600,,
2025675,19,2026-12-02,1509,20000,,
2025675,19,2026-12-03,1509,20000,,
2025675,19,2026-12-06,1509,20000,,
2025675,23,2026-12-04,1889,20000,,
2025675,23,2026-12-05,1889,20000,,
2025675,24,2026-12-04,1889,20000,,
2025675,24,2026-12-05,1889,20000,,
2025675,29,2026-12-04,1854,20000,,
2025675,29,2026-12-05,1854,20000,,
2025675,30,2026-12-04,1854,20000,,
2025675,30,2026-12-05,1854,20000,,
2025675,31,2026-12-04,1854,20000,,
2025675,31,2026-12-05,1854,20000,,
2025675,57,2026-12-04,1854,20000,,
2025675,57,2026-12-05,1854,20000,,
2033589,27,2026-09-15,2458,23600,,
2033589,28,2026-09-15,2458,23600,,
2037169,27,2027-09-09,2890,23600,,
2037169,28,2027-09-09,2890,23600,,
2066561,42,2026-12-04,3207,27848,,
2066561,42,2026-12-05,3207,27848,,
2066561,43,2026-12-04,3207,27848,,
2066561,43,2026-12-05,3207,27848,,
2074839,42,2026-11-22,2570,20000,,
2074839,42,2026-11-23,2570,20000,,
2074839,43,2026-11-22,2570,20000,,
2074839,43,2026-11-23,2570,20000,,
2074839,44,2026-11-22,2570,20000,,
2074839,44,2026-11-23,2570,20000,,
2345375,25,2027-08-22,1278,23600,,
2345375,25,2027-08-27,1278,23600,,
2345375,25,2027-08-28,1278,23600,,
2345375,25,2027-08-29,1278,23600,,
2345375,25,2027-08-30,1278,23600,,
2345375,25,2027-08-31,1278,23600,,
2345375,25,2027-09-09,1278,23600,,
3002526,25,2027-08-22,1056,23600,,
3002526,25,2027-08-27,1056,23600,,
3002526,25,2027-08-28,1056,23600,,
3002526,25,2027-08-29,1056,23600,,
3002526,25,2027-08-30,1056,23600,,
3002526,25,2027-08-31,1056,23600,,
3002526,25,2027-09-09,1056,23600,,
3002526,26,2027-08-22,1056,23600,,
3002526,26,2027-08-27,1056,23600,,
3002526,26,2027-08-28,1056,23600,,
3002526,26,2027-08-29,1056,23600,,
3002526,26,2027-08-30,1056,23600,,
3002526,26,2027-08-31,1056,23600,,
3002526,26,2027-09-09,1056,23600,,
4471338,15,2026-09-15,1281,23600,,
4471338,16,2026-09-15,1281,23600,,
4471338,38,2026-09-15,1281,23600,,
1075048,27,2026-11-24,1682,23600,,
1075048,27,2026-11-25,1682,23600,,
1075048,27,2026-12-02,1682,23600,,
1075048,27,2026-12-03,1682,23600,,
1075048,27,2026-12-04,1682,23600,,
1075048,27,2026-12-05,1682,23600,,
1075048,27,2026-12-06,1682,23600,,
1075048,28,2026-11-24,1682,23600,,
1075048,28,2026-11-25,1682,23600,,
1075048,28,2026-12-02,1682,23600,,
1075048,28,2026-12-03,1682,23600,,
1075048,28,2026-12-04,1682,23600,,
1075048,28,2026-12-05,1682,23600,,
1075048,28,2026-12-06,1682,23600,,
1206822,29,2026-11-24,3013,23600,,
1206822,29,2026-11-25,3013,23600,,
1206822,29,2026-12-01,3013,23600,,
1206822,29,2026-12-02,3013,23600,,
1206822,29,2026-12-03,3013,23600,,
1206822,29,2026-12-06,3013,23600,,
1206822,29,2026-12-07,3013,23600,,
1206822,29,2026-12-08,3013,23600,,
1206822,30,2026-11-24,3013,23600,,
1206822,30,2026-11-25,3013,23600,,
1206822,30,2026-12-01,3013,23600,,
1206822,30,2026-12-02,3013,23600,,
1206822,30,2026-12-03,3013,23600,,
1206822,30,2026-12-06,3013,23600,,
1206822,30,2026-12-07,3013,23600,,
1206822,30,2026-12-08,3013,23600,,
1206822,31,2026-11-24,3013,23600,,
1206822,31,2026-11-25,3013,23600,,
1206822,31,2026-12-01,3013,23600,,
1206822,31,2026-12-02,3013,23600,,
1206822,31,2026-12-03,3013,23600,,
1206822,31,2026-12-06,3013,23600,,
1206822,31,2026-12-07,3013,23600,,
1206822,31,2026-12-08,3013,23600,,
1206822,32,2026-11-24,3013,23600,,
1206822,32,2026-11-25,3013,23600,,
1206822,32,2026-12-01,3013,23600,,
1206822,32,2026-12-02,3013,23600,,
1206822,32,2026-12-03,3013,23600,,
1206822,32,2026-12-06,3013,23600,,
1206822,32,2026-12-07,3013,23600,,
1206822,32,2026-12-08,3013,23600,,
1206822,33,2026-11-24,3013,23600,,
1206822,33,2026-11-25,3013,23600,,
1206822,33,2026-12-01,3013,23600,,
1206822,33,2026-12-02,3013,23600,,
1206822,33,2026-12-03,3013,23600,,
1206822,33,2026-12-06,3013,23600,,
1206822,33,2026-12-07,3013,23600,,
1206822,33,2026-12-08,3013,23600,,
1206822,34,2026-11-24,3013,23600,,
1206822,34,2026-11-25,3013,23600,,
1206822,34,2026-12-01,3013,23600,,
1206822,34,2026-12-02,3013,23600,,
1206822,34,2026-12-03,3013,23600,,
1206822,34,2026-12-06,3013,23600,,
1206822,34,2026-12-07,3013,23600,,
1206822,34,2026-12-08,3013,23600,,
1206822,57,2026-11-24,3013,23600,,
1206822,57,2026-11-25,3013,23600,,
1206822,57,2026-12-01,3013,23600,,
1206822,57,2026-12-02,3013,23600,,
1206822,57,2026-12-03,3013,23600,,
1206822,57,2026-12-06,3013,23600,,
1206822,57,2026-12-07,3013,23600,,
1206822,57,2026-12-08,3013,23600,,
1206822,58,2026-11-24,3013,23600,,
1206822,58,2026-11-25,3013,23600,,
1206822,58,2026-12-01,3013,23600,,
1206822,58,2026-12-02,3013,23600,,
1206822,58,2026-12-03,3013,23600,,
1206822,58,2026-12-06,3013,23600,,
1206822,58,2026-12-07,3013,23600,,
1206822,58,2026-12-08,3013,23600,,
1206822,89,2026-11-24,3013,23600,,
1206822,89,2026-11-25,3013,23600,,
1206822,89,2026-12-01,3013,23600,,
1206822,89,2026-12-02,3013,23600,,
1206822,89,2026-12-03,3013,23600,,
1206822,89,2026-12-06,3013,23600,,
1206822,89,2026-12-07,3013,23600,,
1206822,89,2026-12-08,3013,23600,,
1229511,25,2026-12-01,1892,23600,,
1229511,25,2026-12-07,1892,23600,,
1229511,25,2026-12-08,1892,23600,,
1229511,26,2026-12-01,1892,23600,,
1229511,26,2026-12-07,1892,23600,,
1229511,26,2026-12-08,1892,23600,,
1229920,42,2026-11-22,3078,23600,,
1229920,42,2026-11-23,3078,23600,,
1229920,42,2026-11-24,3078,23600,,
1229920,42,2026-11-25,3078,23600,,
1229920,43,2026-11-22,3078,23600,,
1229920,43,2026-11-23,3078,23600,,
1229920,43,2026-11-24,3078,23600,,
1229920,43,2026-11-25,3078,23600,,
1314078,15,2026-09-21,1369,23600,,
1314078,15,2026-09-22,1369,23600,,
1314078,15,2026-09-23,1369,23600,,
1314078,15,2026-09-27,1369,23600,,
1314078,15,2026-09-28,1369,23600,,
1314078,15,2026-09-29,1369,23600,,
1314078,15,2026-09-30,1369,23600,,
1314078,15,2026-10-27,1369,23600,,
1314078,15,2026-10-28,1369,23600,,
1314078,15,2026-10-29,1369,23600,,
1314078,15,2026-11-01,1369,23600,,
1314078,15,2026-11-02,1369,23600,,
1314078,15,2026-11-03,1369,23600,,
1314078,15,2026-11-04,1369,23600,,
1314078,15,2026-11-05,1369,23600,,
1314078,15,2026-11-12,1369,23600,,
1314078,15,2026-11-18,1369,23600,,
1314078,15,2026-11-19,1369,23600,,
1314078,15,2026-11-22,1369,23600,,
1314078,15,2026-11-23,1369,23600,,
1314078,15,2026-11-29,1369,23600,,
1314078,15,2026-11-30,1369,23600,,
1314078,38,2026-09-21,1369,23600,,
1314078,38,2026-09-22,1369,23600,,
1314078,38,2026-09-23,1369,23600,,
1314078,38,2026-09-27,1369,23600,,
1314078,38,2026-09-28,1369,23600,,
1314078,38,2026-09-29,1369,23600,,
1314078,38,2026-09-30,1369,23600,,
1314078,38,2026-10-27,1369,23600,,
1314078,38,2026-10-28,1369,23600,,
1314078,38,2026-10-29,1369,23600,,
1314078,38,2026-11-01,1369,23600,,
1314078,38,2026-11-02,1369,23600,,
1314078,38,2026-11-03,1369,23600,,
1314078,38,2026-11-04,1369,23600,,
1314078,38,2026-11-05,1369,23600,,
1314078,38,2026-11-12,1369,23600,,
1314078,38,2026-11-18,1369,23600,,
1314078,38,2026-11-19,1369,23600,,
1314078,38,2026-11-22,1369,23600,,
1314078,38,2026-11-23,1369,23600,,
1314078,38,2026-11-29,1369,23600,,
1314078,38,2026-11-30,1369,23600,,
1314078,76,2026-09-21,1369,23600,,
1314078,76,2026-09-22,1369,23600,,
1314078,76,2026-09-23,1369,23600,,
1314078,76,2026-09-27,1369,23600,,
1314078,76,2026-09-28,1369,23600,,
1314078,76,2026-09-29,1369,23600,,
1314078,76,2026-09-30,1369,23600,,
1314078,76,2026-10-27,1369,23600,,
1314078,76,2026-10-28,1369,23600,,
1314078,76,2026-10-29,1369,23600,,
1314078,76,2026-11-01,1369,23600,,
1314078,76,2026-11-02,1369,23600,,
1314078,76,2026-11-03,1369,23600,,
1314078,76,2026-11-04,1369,23600,,
1314078,76,2026-11-05,1369,23600,,
1314078,76,2026-11-12,1369,23600,,
1314078,76,2026-11-18,1369,23600,,
1314078,76,2026-11-19,1369,23600,,
1314078,76,2026-11-22,1369,23600,,
1314078,76,2026-11-23,1369,23600,,
1314078,76,2026-11-29,1369,23600,,
1314078,76,2026-11-30,1369,23600,,
1394588,25,2027-08-27,1561,23600,,
1394588,25,2027-08-28,1561,23600,,
1394588,25,2027-08-29,1561,23600,,
1394588,25,2027-08-30,1561,23600,,
1394588,25,2027-08-31,1561,23600,,
1394588,25,2027-09-09,1561,23600,,
1394588,26,2027-08-27,1561,23600,,
1394588,26,2027-08-28,1561,23600,,
1394588,26,2027-08-29,1561,23600,,
1394588,26,2027-08-30,1561,23600,,
1394588,26,2027-08-31,1561,23600,,
1394588,26,2027-09-09,1561,23600,,
1442173,25,2026-09-17,1518,23600,,
1442173,25,2026-09-17,1518,23600,,
1442173,26,2026-09-17,1518,23600,,
1442173,26,2026-09-17,1518,23600,,
1446609,17,2026-09-15,1045,23600,,
1446609,18,2026-09-15,1045,23600,,
1446609,19,2026-09-15,1045,23600,,
1446609,20,2026-09-15,1045,23600,,
1446609,27,2027-08-22,1578,23600,,
1446609,27,2027-08-27,1578,23600,,
1446609,27,2027-08-28,1578,23600,,
1446609,27,2027-08-29,1578,23600,,
1446609,27,2027-08-30,1578,23600,,
1446609,27,2027-08-31,1578,23600,,
1446609,27,2027-09-09,1578,23600,,
1446609,28,2027-08-22,1578,23600,,
1446609,28,2027-08-27,1578,23600,,
1446609,28,2027-08-28,1578,23600,,
1446609,28,2027-08-29,1578,23600,,
1446609,28,2027-08-30,1578,23600,,
1446609,28,2027-08-31,1578,23600,,
1446609,28,2027-09-09,1578,23600,,
1463190,27,2026-11-22,1864,23600,,
1463190,27,2026-11-23,1864,23600,,
1463190,28,2026-11-22,1864,23600,,
1463190,28,2026-11-23,1864,23600,,
1468702,19,2026-12-04,1468,20000,,
1468702,19,2026-12-05,1468,20000,,
1468702,20,2026-12-04,1468,20000,,
1468702,20,2026-12-05,1468,20000,,
1508443,25,2026-09-20,1439,23600,,
1508443,25,2026-11-22,1439,23600,,
1508443,25,2026-11-23,1439,23600,,
1508443,25,2026-11-27,1439,23600,,
1508443,25,2026-11-28,1439,23600,,
1508443,25,2026-11-29,1439,23600,,
1508443,25,2026-11-30,1439,23600,,
1508443,25,2026-12-01,1439,23600,,
1508443,25,2026-12-07,1439,23600,,
1508443,25,2026-12-08,1439,23600,,
1508443,26,2026-09-20,1439,23600,,
1508443,26,2026-11-22,1439,23600,,
1508443,26,2026-11-23,1439,23600,,
1508443,26,2026-11-27,1439,23600,,
1508443,26,2026-11-28,1439,23600,,
1508443,26,2026-11-29,1439,23600,,
1508443,26,2026-11-30,1439,23600,,
1508443,26,2026-12-01,1439,23600,,
1508443,26,2026-12-07,1439,23600,,
1508443,26,2026-12-08,1439,23600,,
1512806,47,2027-08-21,3825,40000,,
1512806,47,2027-08-22,3825,40000,,
1512806,47,2027-08-27,3825,40000,,
1512806,47,2027-08-28,3825,40000,,
1512806,47,2027-08-29,3825,40000,,
1512806,47,2027-08-30,3825,40000,,
1512806,47,2027-08-31,3825,40000,,
1512806,48,2027-08-21,3825,40000,,
1512806,48,2027-08-22,3825,40000,,
1512806,48,2027-08-27,3825,40000,,
1512806,48,2027-08-28,3825,40000,,
1512806,48,2027-08-29,3825,40000,,
1512806,48,2027-08-30,3825,40000,,
1512806,48,2027-08-31,3825,40000,,
1512806,49,2027-08-21,3825,40000,,
1512806,49,2027-08-22,3825,40000,,
1512806,49,2027-08-27,3825,40000,,
1512806,49,2027-08-28,3825,40000,,
1512806,49,2027-08-29,3825,40000,,
1512806,49,2027-08-30,3825,40000,,
1512806,49,2027-08-31,3825,40000,,
1581295,19,2026-09-15,1161,27848,,
1581295,19,2026-09-16,1161,27848,,
1581295,19,2026-09-17,1161,27848,,
1581295,20,2026-09-15,1161,27848,,
1581295,20,2026-09-16,1161,27848,,
1581295,20,2026-09-17,1161,27848,,
1608379,29,2026-12-01,4201,23600,,
1608379,29,2026-12-07,4201,23600,,
1608379,29,2026-12-08,4201,23600,,
1608379,30,2026-12-01,4201,23600,,
1608379,30,2026-12-07,4201,23600,,
1608379,30,2026-12-08,4201,23600,,
1608379,31,2026-12-01,4201,23600,,
1608379,31,2026-12-07,4201,23600,,
1608379,31,2026-12-08,4201,23600,,
1608379,32,2026-12-01,4201,23600,,
1608379,32,2026-12-07,4201,23600,,
1608379,32,2026-12-08,4201,23600,,
1608379,33,2026-12-01,4201,23600,,
1608379,33,2026-12-07,4201,23600,,
1608379,33,2026-12-08,4201,23600,,
1608379,34,2026-12-01,4201,23600,,
1608379,34,2026-12-07,4201,23600,,
1608379,34,2026-12-08,4201,23600,,
1608379,57,2026-12-01,4201,23600,,
1608379,57,2026-12-07,4201,23600,,
1608379,57,2026-12-08,4201,23600,,
1608379,58,2026-12-01,4201,23600,,
1608379,58,2026-12-07,4201,23600,,
1608379,58,2026-12-08,4201,23600,,
1608379,89,2026-12-01,4201,23600,,
1608379,89,2026-12-07,4201,23600,,
1608379,89,2026-12-08,4201,23600,,
1609002,25,2026-12-01,2235,23600,,
1609002,25,2026-12-07,2235,23600,,
1609002,25,2026-12-08,2235,23600,,
1609002,26,2026-12-01,2235,23600,,
1609002,26,2026-12-07,2235,23600,,
1609002,26,2026-12-08,2235,23600,,
1809628,25,2026-12-01,1619,23600,,
1809628,25,2026-12-07,1619,23600,,
1809628,25,2026-12-08,1619,23600,,
1809628,26,2026-12-01,1619,23600,,
1809628,26,2026-12-07,1619,23600,,
1809628,26,2026-12-08,1619,23600,,
1894945,32,2026-12-01,3165,23600,,
1894945,32,2026-12-07,3165,23600,,
1894945,32,2026-12-08,3165,23600,,
1894945,33,2026-12-01,3165,23600,,
1894945,33,2026-12-07,3165,23600,,
1894945,33,2026-12-08,3165,23600,,
1894945,34,2026-12-01,3165,23600,,
1894945,34,2026-12-07,3165,23600,,
1894945,34,2026-12-08,3165,23600,,
1894945,42,2027-09-09,3832,23600,,
1894945,43,2027-09-09,3832,23600,,
1894945,58,2026-12-01,3165,23600,,
1894945,58,2026-12-07,3165,23600,,
1894945,58,2026-12-08,3165,23600,,
2019978,25,2027-08-22,2048,20000,,
2019978,25,2027-08-27,2048,20000,,
2019978,25,2027-08-28,2048,20000,,
2019978,25,2027-08-29,2048,20000,,
2019978,25,2027-08-30,2048,20000,,
2019978,25,2027-08-31,2048,20000,,
2019978,26,2027-08-22,2048,20000,,
2019978,26,2027-08-27,2048,20000,,
2019978,26,2027-08-28,2048,20000,,
2019978,26,2027-08-29,2048,20000,,
2019978,26,2027-08-30,2048,20000,,
2019978,26,2027-08-31,2048,20000,,
2025675,17,2026-12-02,1440,20000,,
2025675,17,2026-12-03,1440,20000,,
2025675,17,2026-12-06,1440,20000,,
2025675,18,2026-12-02,1440,20000,,
2025675,18,2026-12-03,1440,20000,,
2025675,18,2026-12-06,1440,20000,,
2026607,19,2026-12-02,1993,20000,,
2026607,19,2026-12-03,1993,20000,,
2026607,19,2026-12-06,1993,20000,,
2026607,20,2026-12-02,1993,20000,,
2026607,20,2026-12-03,1993,20000,,
2026607,20,2026-12-06,1993,20000,,
2026607,21,2026-12-02,1993,20000,,
2026607,21,2026-12-03,1993,20000,,
2026607,21,2026-12-06,1993,20000,,
2026607,22,2026-12-02,1993,20000,,
2026607,22,2026-12-03,1993,20000,,
2026607,22,2026-12-06,1993,20000,,
2026607,39,2026-12-02,1993,20000,,
2026607,39,2026-12-03,1993,20000,,
2026607,39,2026-12-06,1993,20000,,
2026607,83,2026-12-02,1993,20000,,
2026607,83,2026-12-03,1993,20000,,
2026607,83,2026-12-06,1993,20000,,
2059540,27,2027-08-22,1905,23600,,
2059540,27,2027-08-27,1905,23600,,
2059540,27,2027-08-28,1905,23600,,
2059540,27,2027-08-29,1905,23600,,
2059540,27,2027-08-30,1905,23600,,
2059540,27,2027-08-31,1905,23600,,
2059540,27,2027-09-09,1905,23600,,
2059540,28,2027-08-22,1905,23600,,
2059540,28,2027-08-27,1905,23600,,
2059540,28,2027-08-28,1905,23600,,
2059540,28,2027-08-29,1905,23600,,
2059540,28,2027-08-30,1905,23600,,
2059540,28,2027-08-31,1905,23600,,
2059540,28,2027-09-09,1905,23600,,
2066561,23,2026-11-22,1800,27848,,
2066561,23,2026-11-23,1800,27848,,
2066561,24,2026-11-22,1800,27848,,
2066561,24,2026-11-23,1800,27848,,
2066561,40,2026-11-22,1800,27848,,
2066561,40,2026-11-23,1800,27848,,
2071224,21,2026-11-22,1274,23600,,
2071224,21,2026-11-23,1274,23600,,
2071224,22,2026-11-22,1274,23600,,
2071224,22,2026-11-23,1274,23600,,
2071224,39,2026-11-22,1274,23600,,
2071224,39,2026-11-23,1274,23600,,
2071224,83,2026-11-22,1274,23600,,
2071224,83,2026-11-23,1274,23600,,
2079707,25,2026-11-22,1428,23600,,
2079707,25,2026-11-23,1428,23600,,
2079707,26,2026-11-22,1428,23600,,
2079707,26,2026-11-23,1428,23600,,
4477291,19,2026-12-02,1323,20000,,
4477291,19,2026-12-03,1323,20000,,
4477291,19,2026-12-06,1323,20000,,
4477291,20,2026-12-02,1323,20000,,
4477291,20,2026-12-03,1323,20000,,
4477291,20,2026-12-06,1323,20000,,
6141453,35,2026-11-22,2654,23600,,
6141453,35,2026-11-23,2654,23600,,
6141453,35,2026-11-29,2654,23600,,
6141453,35,2026-11-30,2654,23600,,
6141453,35,2026-12-01,2654,23600,,
6141453,35,2026-12-07,2654,23600,,
6141453,35,2026-12-08,2654,23600,,
6141453,36,2026-11-22,2654,23600,,
6141453,36,2026-11-23,2654,23600,,
6141453,36,2026-11-29,2654,23600,,
6141453,36,2026-11-30,2654,23600,,
6141453,36,2026-12-01,2654,23600,,
6141453,36,2026-12-07,2654,23600,,
6141453,36,2026-12-08,2654,23600,,
1043825,19,2026-12-01,1568,23600,,
1043825,19,2026-12-07,1568,23600,,
1043825,19,2026-12-08,1568,23600,,
1043825,20,2026-12-01,1568,23600,,
1043825,20,2026-12-07,1568,23600,,
1043825,20,2026-12-08,1568,23600,,
1107594,25,2026-12-01,1592,23600,,
1107594,25,2026-12-01,1592,23600,,
1107594,25,2026-12-07,1592,23600,,
1107594,25,2026-12-07,1592,23600,,
1107594,25,2026-12-08,1592,23600,,
1107594,25,2026-12-08,1592,23600,,
1165837,25,2027-08-22,1809,23600,,
1165837,25,2027-08-27,1809,23600,,
1165837,25,2027-08-28,1809,23600,,
1165837,25,2027-08-29,1809,23600,,
1165837,25,2027-08-30,1809,23600,,
1165837,25,2027-08-31,1809,23600,,
1165837,25,2027-09-09,1809,23600,,
1165837,26,2027-08-22,1809,23600,,
1165837,26,2027-08-27,1809,23600,,
1165837,26,2027-08-28,1809,23600,,
1165837,26,2027-08-29,1809,23600,,
1165837,26,2027-08-30,1809,23600,,
1165837,26,2027-08-31,1809,23600,,
1165837,26,2027-09-09,1809,23600,,
1166122,27,2026-11-22,1962,23600,,
1166122,27,2026-11-23,1962,23600,,
1166122,28,2026-11-22,1962,23600,,
1166122,28,2026-11-23,1962,23600,,
1166122,35,2026-12-01,2441,23600,,
1166122,35,2026-12-07,2441,23600,,
1166122,35,2026-12-08,2441,23600,,
1166122,36,2026-12-01,2441,23600,,
1166122,36,2026-12-07,2441,23600,,
1166122,36,2026-12-08,2441,23600,,
1229511,25,2026-11-20,3289,23600,,
1229511,25,2026-11-21,3289,23600,,
1229511,25,2026-11-22,3289,23600,,
1229511,25,2026-11-23,3289,23600,,
1229511,25,2026-11-24,3289,23600,,
1229511,25,2026-11-25,3289,23600,,
1229511,26,2026-11-20,3289,23600,,
1229511,26,2026-11-21,3289,23600,,
1229511,26,2026-11-22,3289,23600,,
1229511,26,2026-11-23,3289,23600,,
1229511,26,2026-11-24,3289,23600,,
1229511,26,2026-11-25,3289,23600,,
1229920,42,2027-08-22,1485,23600,,
1229920,42,2027-08-27,1485,23600,,
1229920,42,2027-08-28,1485,23600,,
1229920,42,2027-08-29,1485,23600,,
1229920,42,2027-08-30,1485,23600,,
1229920,42,2027-08-31,1485,23600,,
1229920,42,2027-09-09,1485,23600,,
1229920,43,2027-08-22,1485,23600,,
1229920,43,2027-08-27,1485,23600,,
1229920,43,2027-08-28,1485,23600,,
1229920,43,2027-08-29,1485,23600,,
1229920,43,2027-08-30,1485,23600,,
1229920,43,2027-08-31,1485,23600,,
1229920,43,2027-09-09,1485,23600,,
1242203,17,2026-11-06,1398,23600,,
1242203,18,2026-11-06,1398,23600,,
1242203,19,2026-11-06,1398,23600,,
1242203,20,2026-11-06,1398,23600,,
1242203,50,2026-11-06,1398,23600,,
1247345,25,2027-08-22,1726,23600,,
1247345,25,2027-08-27,1726,23600,,
1247345,25,2027-08-28,1726,23600,,
1247345,25,2027-08-29,1726,23600,,
1247345,25,2027-08-30,1726,23600,,
1247345,25,2027-08-31,1726,23600,,
1247345,25,2027-09-09,1726,23600,,
1247345,26,2027-08-22,1726,23600,,
1247345,26,2027-08-27,1726,23600,,
1247345,26,2027-08-28,1726,23600,,
1247345,26,2027-08-29,1726,23600,,
1247345,26,2027-08-30,1726,23600,,
1247345,26,2027-08-31,1726,23600,,
1247345,26,2027-09-09,1726,23600,,
1399076,27,2027-09-09,1645,23600,,
1399076,28,2027-09-09,1645,23600,,
1411710,25,2026-09-20,1939,23600,,
1411710,25,2026-11-22,1939,23600,,
1411710,25,2026-11-23,1939,23600,,
1411710,25,2026-12-01,1939,23600,,
1411710,25,2026-12-07,1939,23600,,
1411710,25,2026-12-08,1939,23600,,
1411710,26,2026-09-20,1939,23600,,
1411710,26,2026-11-22,1939,23600,,
1411710,26,2026-11-23,1939,23600,,
1411710,26,2026-12-01,1939,23600,,
1411710,26,2026-12-07,1939,23600,,
1411710,26,2026-12-08,1939,23600,,
1446609,17,2026-09-16,1040,23600,,
1446609,18,2026-09-16,1040,23600,,
1446609,19,2026-09-16,1040,23600,,
1446609,20,2026-09-16,1040,23600,,
1446609,25,2026-09-16,1040,23600,,
1446609,26,2026-09-16,1040,23600,,
1451268,17,2026-12-06,1401,20000,,
1451268,18,2026-12-06,1401,20000,,
1451268,50,2026-12-06,1401,20000,,
1474809,25,2026-12-01,1815,23600,,
1474809,25,2026-12-07,1815,23600,,
1474809,25,2026-12-08,1815,23600,,
1474809,26,2026-12-01,1815,23600,,
1474809,26,2026-12-07,1815,23600,,
1474809,26,2026-12-08,1815,23600,,
1503376,27,2027-08-22,2282,23600,,
1503376,27,2027-08-27,2282,23600,,
1503376,27,2027-08-28,2282,23600,,
1503376,27,2027-08-29,2282,23600,,
1503376,27,2027-08-30,2282,23600,,
1503376,27,2027-08-31,2282,23600,,
1503376,27,2027-09-09,2282,23600,,
1523458,21,2026-09-13,1483,20000,,
1523458,21,2026-09-14,1483,20000,,
1523458,22,2026-09-13,1483,20000,,
1523458,22,2026-09-14,1483,20000,,
1523458,39,2026-09-13,1483,20000,,
1523458,39,2026-09-14,1483,20000,,
1548950,21,2026-11-06,4623,23600,,
1548950,21,2026-11-07,4623,23600,,
1548950,21,2026-11-13,4623,23600,,
1548950,21,2026-11-14,4623,23600,,
1548950,22,2026-11-06,4623,23600,,
1548950,22,2026-11-07,4623,23600,,
1548950,22,2026-11-13,4623,23600,,
1548950,22,2026-11-14,4623,23600,,
1548950,23,2026-11-06,4623,23600,,
1548950,23,2026-11-07,4623,23600,,
1548950,23,2026-11-13,4623,23600,,
1548950,23,2026-11-14,4623,23600,,
1548950,24,2026-11-06,4623,23600,,
1548950,24,2026-11-07,4623,23600,,
1548950,24,2026-11-13,4623,23600,,
1548950,24,2026-11-14,4623,23600,,
1548950,39,2026-11-06,4623,23600,,
1548950,39,2026-11-07,4623,23600,,
1548950,39,2026-11-13,4623,23600,,
1548950,39,2026-11-14,4623,23600,,
1555580,45,2026-09-20,2010,23600,,
1555580,46,2026-09-20,2010,23600,,
1581295,15,2026-09-15,954,27848,,
1581295,15,2026-09-16,954,27848,,
1581295,15,2026-09-17,954,27848,,
1581295,38,2026-09-15,954,27848,,
1581295,38,2026-09-16,954,27848,,
1581295,38,2026-09-17,954,27848,,
1596296,45,2027-09-09,2648,32861,,
1596296,46,2027-09-09,2648,32861,,
1894945,29,2026-12-01,3062,23600,,
1894945,29,2026-12-07,3062,23600,,
1894945,29,2026-12-08,3062,23600,,
1894945,30,2026-12-01,3062,23600,,
1894945,30,2026-12-07,3062,23600,,
1894945,30,2026-12-08,3062,23600,,
1894945,31,2026-12-01,3062,23600,,
1894945,31,2026-12-07,3062,23600,,
1894945,31,2026-12-08,3062,23600,,
1894945,57,2026-12-01,3062,23600,,
1894945,57,2026-12-07,3062,23600,,
1894945,57,2026-12-08,3062,23600,,
1894945,89,2026-12-01,3062,23600,,
1894945,89,2026-12-07,3062,23600,,
1894945,89,2026-12-08,3062,23600,,
1921658,25,2027-08-22,2296,23600,,
1921658,25,2027-08-27,2296,23600,,
1921658,25,2027-08-28,2296,23600,,
1921658,25,2027-08-29,2296,23600,,
1921658,25,2027-08-30,2296,23600,,
1921658,25,2027-08-31,2296,23600,,
1921658,25,2027-09-09,2296,23600,,
1921658,26,2027-08-22,2296,23600,,
1921658,26,2027-08-27,2296,23600,,
1921658,26,2027-08-28,2296,23600,,
1921658,26,2027-08-29,2296,23600,,
1921658,26,2027-08-30,2296,23600,,
1921658,26,2027-08-31,2296,23600,,
1921658,26,2027-09-09,2296,23600,,
2016749,25,2027-08-22,1640,23600,,
2016749,25,2027-08-27,1640,23600,,
2016749,25,2027-08-28,1640,23600,,
2016749,25,2027-08-29,1640,23600,,
2016749,25,2027-08-30,1640,23600,,
2016749,25,2027-08-31,1640,23600,,
2016749,25,2027-09-09,1640,23600,,
2016749,26,2027-08-22,1640,23600,,
2016749,26,2027-08-27,1640,23600,,
2016749,26,2027-08-28,1640,23600,,
2016749,26,2027-08-29,1640,23600,,
2016749,26,2027-08-30,1640,23600,,
2016749,26,2027-08-31,1640,23600,,
2016749,26,2027-09-09,1640,23600,,
2020755,19,2026-12-01,2662,20000,,
2020755,19,2026-12-07,2662,20000,,
2020755,19,2026-12-08,2662,20000,,
2020755,20,2026-12-01,2662,20000,,
2020755,20,2026-12-07,2662,20000,,
2020755,20,2026-12-08,2662,20000,,
2024299,25,2026-12-04,2254,23600,,
2024299,25,2026-12-05,2254,23600,,
2024299,26,2026-12-04,2254,23600,,
2024299,26,2026-12-05,2254,23600,,
2024578,35,2026-10-22,2795,20000,,
2024578,35,2026-10-23,2795,20000,,
2024578,35,2026-10-24,2795,20000,,
2024578,35,2026-10-26,2795,20000,,
2024578,35,2026-10-31,2795,20000,,
2024578,35,2026-11-01,2795,20000,,
2024578,35,2026-11-02,2795,20000,,
2024578,35,2026-11-03,2795,20000,,
2024578,35,2026-11-04,2795,20000,,
2024578,35,2026-11-05,2795,20000,,
2024578,35,2026-11-06,2795,20000,,
2024578,35,2026-11-07,2795,20000,,
2024578,35,2026-11-08,2795,20000,,
2024578,35,2027-08-28,2795,20000,,
2024578,35,2027-08-29,2795,20000,,
2024578,35,2027-08-30,2795,20000,,
2024578,35,2027-08-31,2795,20000,,
2024578,35,2027-09-09,2795,20000,,
2024578,36,2026-10-22,2795,20000,,
2024578,36,2026-10-23,2795,20000,,
2024578,36,2026-10-24,2795,20000,,
2024578,36,2026-10-26,2795,20000,,
2024578,36,2026-10-31,2795,20000,,
2024578,36,2026-11-01,2795,20000,,
2024578,36,2026-11-02,2795,20000,,
2024578,36,2026-11-03,2795,20000,,
2024578,36,2026-11-04,2795,20000,,
2024578,36,2026-11-05,2795,20000,,
2024578,36,2026-11-06,2795,20000,,
2024578,36,2026-11-07,2795,20000,,
2024578,36,2026-11-08,2795,20000,,
2024578,36,2027-08-28,2795,20000,,
2024578,36,2027-08-29,2795,20000,,
2024578,36,2027-08-30,2795,20000,,
2024578,36,2027-08-31,2795,20000,,
2024578,36,2027-09-09,2795,20000,,
2024578,37,2026-10-22,2795,20000,,
2024578,37,2026-10-23,2795,20000,,
2024578,37,2026-10-24,2795,20000,,
2024578,37,2026-10-26,2795,20000,,
2024578,37,2026-10-31,2795,20000,,
2024578,37,2026-11-01,2795,20000,,
2024578,37,2026-11-02,2795,20000,,
2024578,37,2026-11-03,2795,20000,,
2024578,37,2026-11-04,2795,20000,,
2024578,37,2026-11-05,2795,20000,,
2024578,37,2026-11-06,2795,20000,,
2024578,37,2026-11-07,2795,20000,,
2024578,37,2026-11-08,2795,20000,,
2024578,37,2027-08-28,2795,20000,,
2024578,37,2027-08-29,2795,20000,,
2024578,37,2027-08-30,2795,20000,,
2024578,37,2027-08-31,2795,20000,,
2024578,37,2027-09-09,2795,20000,,
2024578,59,2026-10-22,2795,20000,,
2024578,59,2026-10-23,2795,20000,,
2024578,59,2026-10-24,2795,20000,,
2024578,59,2026-10-26,2795,20000,,
2024578,59,2026-10-31,2795,20000,,
2024578,59,2026-11-01,2795,20000,,
2024578,59,2026-11-02,2795,20000,,
2024578,59,2026-11-03,2795,20000,,
2024578,59,2026-11-04,2795,20000,,
2024578,59,2026-11-05,2795,20000,,
2024578,59,2026-11-06,2795,20000,,
2024578,59,2026-11-07,2795,20000,,
2024578,59,2026-11-08,2795,20000,,
2024578,59,2027-08-28,2795,20000,,
2024578,59,2027-08-29,2795,20000,,
2024578,59,2027-08-30,2795,20000,,
2024578,59,2027-08-31,2795,20000,,
2024578,59,2027-09-09,2795,20000,,
2026607,32,2026-12-04,2269,20000,,
2026607,32,2026-12-05,2269,20000,,
2026607,33,2026-12-04,2269,20000,,
2026607,33,2026-12-05,2269,20000,,
2026607,34,2026-12-04,2269,20000,,
2026607,34,2026-12-05,2269,20000,,
2026607,58,2026-12-04,2269,20000,,
2026607,58,2026-12-05,2269,20000,,
2065763,102,2026-09-20,1626,32861,,
2065763,103,2026-09-20,1626,32861,,
2065763,104,2026-09-20,1626,32861,,
2066561,42,2027-09-09,2527,27848,,
2066561,43,2027-09-09,2527,27848,,
2071224,19,2026-11-22,1205,23600,,
2071224,19,2026-11-23,1205,23600,,
2071224,20,2026-11-22,1205,23600,,
2071224,20,2026-11-23,1205,23600,,
2071224,51,2026-11-22,1205,23600,,
2071224,51,2026-11-23,1205,23600,,
4471338,17,2026-09-15,1350,23600,,
4471338,18,2026-09-15,1350,23600,,
4471338,19,2026-09-15,1350,23600,,
4471338,20,2026-09-15,1350,23600,,
4471338,50,2026-09-15,1350,23600,,
4476459,29,2026-11-22,2089,23600,,
4476459,29,2026-11-23,2089,23600,,
4476459,30,2026-11-22,2089,23600,,
4476459,30,2026-11-23,2089,23600,,
4476459,31,2026-11-22,2089,23600,,
4476459,31,2026-11-23,2089,23600,,
4476459,32,2026-11-22,2089,23600,,
4476459,32,2026-11-23,2089,23600,,
4476459,33,2026-11-22,2089,23600,,
4476459,33,2026-11-23,2089,23600,,
4476459,34,2026-11-22,2089,23600,,
4476459,34,2026-11-23,2089,23600,,
4476459,57,2026-11-22,2089,23600,,
4476459,57,2026-11-23,2089,23600,,
5000022,17,2026-11-20,1486,20000,,
5000022,17,2026-11-21,1486,20000,,
5000022,18,2026-11-20,1486,20000,,
5000022,18,2026-11-21,1486,20000,,
5000022,19,2026-11-20,1624,20000,,
5000022,19,2026-11-21,1624,20000,,
5000022,20,2026-11-20,1624,20000,,
5000022,20,2026-11-21,1624,20000,,
5000022,50,2026-11-20,1486,20000,,
5000022,50,2026-11-21,1486,20000,,
6141453,17,2026-11-27,1793,23600,,
6141453,17,2026-11-28,1793,23600,,
6141453,18,2026-11-27,1793,23600,,
6141453,18,2026-11-28,1793,23600,,
6141453,19,2026-11-27,1793,23600,,
6141453,19,2026-11-28,1793,23600,,
9772256,42,2026-11-22,6310,23600,,
9772256,42,2026-11-23,6310,23600,,
9772256,42,2026-11-29,6310,23600,,
9772256,42,2026-11-30,6310,23600,,
9772256,43,2026-11-22,6310,23600,,
9772256,43,2026-11-23,6310,23600,,
9772256,43,2026-11-29,6310,23600,,
9772256,43,2026-11-30,6310,23600,,
1043825,17,2026-12-01,1499,23600,,
1043825,17,2026-12-07,1499,23600,,
1043825,17,2026-12-08,1499,23600,,
1043825,18,2026-12-01,1499,23600,,
1043825,18,2026-12-07,1499,23600,,
1043825,18,2026-12-08,1499,23600,,
1075048,25,2026-11-24,1544,23600,,
1075048,25,2026-11-25,1544,23600,,
1075048,25,2026-12-02,1544,23600,,
1075048,25,2026-12-03,1544,23600,,
1075048,25,2026-12-04,1544,23600,,
1075048,25,2026-12-05,1544,23600,,
1075048,25,2026-12-06,1544,23600,,
1125927,23,2026-11-22,1377,23600,,
1125927,23,2026-11-23,1377,23600,,
1125927,24,2026-11-22,1377,23600,,
1125927,24,2026-11-23,1377,23600,,
1125927,40,2026-11-22,1377,23600,,
1125927,40,2026-11-23,1377,23600,,
1126165,19,2026-11-22,1715,23600,,
1126165,19,2026-11-23,1715,23600,,
1126165,20,2026-11-22,1715,23600,,
1126165,20,2026-11-23,1715,23600,,
1126165,51,2026-11-22,1715,23600,,
1126165,51,2026-11-23,1715,23600,,
1168384,25,2026-12-01,1294,23600,,
1168384,25,2026-12-07,1294,23600,,
1168384,25,2026-12-08,1294,23600,,
1168384,25,2027-08-22,1232,23600,,
1168384,25,2027-08-27,1232,23600,,
1168384,25,2027-08-28,1232,23600,,
1168384,25,2027-08-29,1232,23600,,
1168384,25,2027-08-30,1232,23600,,
1168384,25,2027-08-31,1232,23600,,
1168384,25,2027-09-09,1232,23600,,
1168384,26,2026-12-01,1294,23600,,
1168384,26,2026-12-07,1294,23600,,
1168384,26,2026-12-08,1294,23600,,
1168384,26,2027-08-22,1232,23600,,
1168384,26,2027-08-27,1232,23600,,
1168384,26,2027-08-28,1232,23600,,
1168384,26,2027-08-29,1232,23600,,
1168384,26,2027-08-30,1232,23600,,
1168384,26,2027-08-31,1232,23600,,
1168384,26,2027-09-09,1232,23600,,
1204840,25,2026-12-01,1804,27848,,
1204840,25,2026-12-07,1804,27848,,
1204840,25,2026-12-08,1804,27848,,
1204840,26,2026-12-01,1804,27848,,
1204840,26,2026-12-07,1804,27848,,
1204840,26,2026-12-08,1804,27848,,
1229511,23,2026-11-20,3151,23600,,
1229511,23,2026-11-21,3151,23600,,
1229511,23,2026-11-22,3151,23600,,
1229511,23,2026-11-23,3151,23600,,
1229511,23,2026-11-24,3151,23600,,
1229511,23,2026-11-25,3151,23600,,
1229511,24,2026-11-20,3151,23600,,
1229511,24,2026-11-21,3151,23600,,
1229511,24,2026-11-22,3151,23600,,
1229511,24,2026-11-23,3151,23600,,
1229511,24,2026-11-24,3151,23600,,
1229511,24,2026-11-25,3151,23600,,
1229511,40,2026-11-20,3151,23600,,
1229511,40,2026-11-21,3151,23600,,
1229511,40,2026-11-22,3151,23600,,
1229511,40,2026-11-23,3151,23600,,
1229511,40,2026-11-24,3151,23600,,
1229511,40,2026-11-25,3151,23600,,
1229511,84,2026-11-20,3151,23600,,
1229511,84,2026-11-21,3151,23600,,
1229511,84,2026-11-22,3151,23600,,
1229511,84,2026-11-23,3151,23600,,
1229511,84,2026-11-24,3151,23600,,
1229511,84,2026-11-25,3151,23600,,
1298420,25,2026-11-22,1289,23600,,
1298420,25,2026-11-23,1289,23600,,
1298420,25,2026-11-27,1289,23600,,
1298420,25,2026-11-28,1289,23600,,
1298420,25,2026-11-29,1289,23600,,
1298420,25,2026-11-30,1289,23600,,
1298420,25,2026-12-01,1289,23600,,
1298420,25,2026-12-07,1289,23600,,
1298420,25,2026-12-08,1289,23600,,
1298420,26,2026-11-22,1289,23600,,
1298420,26,2026-11-23,1289,23600,,
1298420,26,2026-11-27,1289,23600,,
1298420,26,2026-11-28,1289,23600,,
1298420,26,2026-11-29,1289,23600,,
1298420,26,2026-11-30,1289,23600,,
1298420,26,2026-12-01,1289,23600,,
1298420,26,2026-12-07,1289,23600,,
1298420,26,2026-12-08,1289,23600,,
1307656,25,2026-12-02,1195,23600,,
1307656,25,2026-12-03,1195,23600,,
1307656,25,2026-12-06,1195,23600,,
1307656,26,2026-12-02,1195,23600,,
1307656,26,2026-12-03,1195,23600,,
1307656,26,2026-12-06,1195,23600,,
1379430,23,2026-09-13,2738,23600,,
1379430,23,2026-09-14,2769,23600,,
1379430,24,2026-09-13,2738,23600,,
1379430,24,2026-09-14,2769,23600,,
1379430,40,2026-09-13,2738,23600,,
1379430,40,2026-09-14,2769,23600,,
1386944,23,2026-12-02,1796,23600,,
1386944,23,2026-12-03,1796,23600,,
1386944,23,2026-12-06,1796,23600,,
1386944,24,2026-12-02,1796,23600,,
1386944,24,2026-12-03,1796,23600,,
1386944,24,2026-12-06,1796,23600,,
1386944,40,2026-12-02,1796,23600,,
1386944,40,2026-12-03,1796,23600,,
1386944,40,2026-12-06,1796,23600,,
1394588,42,2026-11-22,2286,23600,,
1394588,42,2026-11-23,2286,23600,,
1394588,42,2026-12-01,2286,23600,,
1394588,42,2026-12-07,2286,23600,,
1394588,42,2026-12-08,2286,23600,,
1394588,43,2026-11-22,2286,23600,,
1394588,43,2026-11-23,2286,23600,,
1394588,43,2026-12-01,2286,23600,,
1394588,43,2026-12-07,2286,23600,,
1394588,43,2026-12-08,2286,23600,,
1433791,27,2027-08-22,2539,23600,,
1433791,27,2027-08-27,2539,23600,,
1433791,27,2027-08-28,2539,23600,,
1433791,28,2027-08-22,2539,23600,,
1433791,28,2027-08-27,2539,23600,,
1433791,28,2027-08-28,2539,23600,,
1451268,23,2026-12-04,1910,20000,,
1451268,23,2026-12-05,1910,20000,,
1451268,24,2026-12-04,1910,20000,,
1451268,24,2026-12-05,1910,20000,,
1451268,40,2026-12-04,1910,20000,,
1451268,40,2026-12-05,1910,20000,,
1472544,45,2026-12-01,2066,23600,,
1472544,45,2026-12-07,2066,23600,,
1472544,45,2026-12-08,2066,23600,,
1472544,46,2026-12-01,2066,23600,,
1472544,46,2026-12-07,2066,23600,,
1472544,46,2026-12-08,2066,23600,,
1474809,25,2027-08-22,1378,23600,,
1474809,25,2027-08-27,1378,23600,,
1474809,25,2027-08-28,1378,23600,,
1474809,25,2027-08-29,1378,23600,,
1474809,25,2027-08-30,1378,23600,,
1474809,25,2027-08-31,1378,23600,,
1474809,25,2027-09-09,1378,23600,,
1474809,26,2027-08-22,1378,23600,,
1474809,26,2027-08-27,1378,23600,,
1474809,26,2027-08-28,1378,23600,,
1474809,26,2027-08-29,1378,23600,,
1474809,26,2027-08-30,1378,23600,,
1474809,26,2027-08-31,1378,23600,,
1474809,26,2027-09-09,1378,23600,,
1475870,25,2026-12-01,2286,23600,,
1475870,25,2026-12-07,2286,23600,,
1475870,25,2026-12-08,2286,23600,,
1475870,26,2026-12-01,2286,23600,,
1475870,26,2026-12-07,2286,23600,,
1475870,26,2026-12-08,2286,23600,,
1516017,27,2027-08-22,1905,40000,,
1516017,27,2027-08-27,1905,40000,,
1516017,27,2027-08-28,1905,40000,,
1516017,27,2027-08-29,1905,40000,,
1516017,27,2027-08-30,1905,40000,,
1516017,27,2027-08-31,1905,40000,,
1516017,27,2027-09-09,1905,40000,,
1516017,28,2027-08-22,1905,40000,,
1516017,28,2027-08-27,1905,40000,,
1516017,28,2027-08-28,1905,40000,,
1516017,28,2027-08-29,1905,40000,,
1516017,28,2027-08-30,1905,40000,,
1516017,28,2027-08-31,1905,40000,,
1516017,28,2027-09-09,1905,40000,,
1541487,21,2026-11-24,2136,20000,,
1541487,21,2026-11-25,2136,20000,,
1541487,22,2026-11-24,2136,20000,,
1541487,22,2026-11-25,2136,20000,,
1541487,39,2026-11-24,2136,20000,,
1541487,39,2026-11-25,2136,20000,,
1547096,42,2026-11-06,5658,20000,,
1547096,42,2026-11-07,5658,20000,,
1547096,42,2026-11-08,5658,20000,,
1547096,42,2026-11-13,5658,20000,,
1547096,42,2026-11-14,5658,20000,,
1547096,42,2026-11-15,5658,20000,,
1547096,43,2026-11-06,5658,20000,,
1547096,43,2026-11-07,5658,20000,,
1547096,43,2026-11-08,5658,20000,,
1547096,43,2026-11-13,5658,20000,,
1547096,43,2026-11-14,5658,20000,,
1547096,43,2026-11-15,5658,20000,,
1552629,25,2026-09-20,2462,23600,,
1552629,26,2026-09-20,2462,23600,,
1552629,27,2027-08-22,2738,23600,,
1552629,27,2027-08-27,2738,23600,,
1552629,27,2027-08-28,2738,23600,,
1552629,27,2027-08-29,2738,23600,,
1552629,27,2027-08-30,2738,23600,,
1552629,27,2027-08-31,2738,23600,,
1552629,27,2027-09-09,2738,23600,,
1552629,28,2027-08-22,2738,23600,,
1552629,28,2027-08-27,2738,23600,,
1552629,28,2027-08-28,2738,23600,,
1552629,28,2027-08-29,2738,23600,,
1552629,28,2027-08-30,2738,23600,,
1552629,28,2027-08-31,2738,23600,,
1552629,28,2027-09-09,2738,23600,,
1581295,25,2026-09-16,1161,27848,,
1581295,25,2026-09-17,1161,27848,,
1581295,26,2026-09-16,1161,27848,,
1581295,26,2026-09-17,1161,27848,,
1595502,35,2027-08-29,2089,23600,,
1595502,35,2027-08-30,2089,23600,,
1595502,35,2027-08-31,2089,23600,,
1595502,35,2027-09-09,2089,23600,,
1595502,36,2027-08-29,2089,23600,,
1595502,36,2027-08-30,2089,23600,,
1595502,36,2027-08-31,2089,23600,,
1595502,36,2027-09-09,2089,23600,,
1599794,19,2026-09-15,1483,20000,,
1599794,19,2026-09-16,1483,20000,,
1599794,19,2026-09-17,1483,20000,,
1599794,19,2026-09-18,1483,20000,,
1599794,19,2026-09-19,1483,20000,,
1599794,19,2026-09-20,1483,20000,,
1599794,19,2026-09-21,1483,20000,,
1599794,19,2026-09-22,1483,20000,,
1599794,19,2026-09-23,1483,20000,,
1599794,19,2026-09-24,1483,20000,,
1599794,19,2026-09-25,1483,20000,,
1599794,19,2026-09-26,1483,20000,,
1599794,19,2026-09-27,1483,20000,,
1599794,19,2026-09-28,1483,20000,,
1599794,19,2026-09-29,1483,20000,,
1599794,19,2026-09-30,1483,20000,,
1599794,19,2026-10-01,1483,20000,,
1599794,19,2026-10-02,1483,20000,,
1599794,19,2026-10-03,1483,20000,,
1599794,19,2026-10-04,1483,20000,,
1599794,19,2026-10-05,1483,20000,,
1599794,19,2026-10-06,1483,20000,,
1599794,19,2026-10-07,1483,20000,,
1599794,19,2026-10-08,1483,20000,,
1599794,19,2026-10-09,1483,20000,,
1599794,19,2026-10-10,1483,20000,,
1599794,19,2026-10-11,1483,20000,,
1599794,19,2026-10-12,1483,20000,,
1599794,19,2026-10-13,1483,20000,,
1599794,19,2026-10-14,1483,20000,,
1599794,19,2026-10-15,1483,20000,,
1599794,19,2026-10-16,1483,20000,,
1599794,19,2026-10-17,1483,20000,,
1599794,19,2026-10-18,1483,20000,,
1599794,19,2026-10-19,1483,20000,,
1599794,19,2026-10-20,1483,20000,,
1599794,19,2026-10-21,1483,20000,,
1599794,19,2026-10-22,1483,20000,,
1599794,19,2026-10-23,1483,20000,,
1599794,19,2026-10-24,1483,20000,,
1599794,19,2026-10-25,1483,20000,,
1599794,19,2026-10-26,1483,20000,,
1599794,19,2026-10-27,1483,20000,,
1599794,19,2026-10-28,1483,20000,,
1599794,19,2026-10-29,1483,20000,,
1599794,19,2026-10-30,1483,20000,,
1599794,19,2026-10-31,1483,20000,,
1599794,19,2026-11-01,1483,20000,,
1599794,19,2026-11-02,1483,20000,,
1599794,19,2026-11-03,1483,20000,,
1599794,19,2026-11-04,1483,20000,,
1599794,19,2026-11-05,1483,20000,,
1599794,19,2026-11-06,1483,20000,,
1599794,19,2026-11-07,1483,20000,,
1599794,19,2026-11-08,1483,20000,,
1599794,19,2026-11-09,1483,20000,,
1599794,19,2026-11-10,1483,20000,,
1599794,19,2026-11-11,1483,20000,,
1599794,19,2026-11-12,1483,20000,,
1599794,19,2026-11-13,1483,20000,,
1599794,19,2026-11-14,1483,20000,,
1599794,19,2026-11-15,1483,20000,,
1599794,19,2026-11-16,1483,20000,,
1599794,19,2026-11-17,1483,20000,,
1599794,19,2026-11-18,1483,20000,,
1599794,19,2026-11-19,1483,20000,,
1599794,19,2026-11-20,1483,20000,,
1599794,19,2026-11-21,1483,20000,,
1599794,19,2026-11-22,1483,20000,,
1599794,19,2026-11-23,1483,20000,,
1599794,19,2026-11-24,1483,20000,,
1599794,19,2026-11-25,1483,20000,,
1599794,19,2026-12-01,1483,20000,,
1599794,19,2026-12-02,1483,20000,,
1599794,19,2026-12-03,1483,20000,,
1599794,19,2026-12-04,1483,20000,,
1599794,19,2026-12-05,1483,20000,,
1599794,19,2026-12-06,1483,20000,,
1599794,19,2026-12-07,1483,20000,,
1599794,19,2026-12-08,1483,20000,,
1599794,20,2026-09-15,1483,20000,,
1599794,20,2026-09-16,1483,20000,,
1599794,20,2026-09-17,1483,20000,,
1599794,20,2026-09-18,1483,20000,,
1599794,20,2026-09-19,1483,20000,,
1599794,20,2026-09-20,1483,20000,,
1599794,20,2026-09-21,1483,20000,,
1599794,20,2026-09-22,1483,20000,,
1599794,20,2026-09-23,1483,20000,,
1599794,20,2026-09-24,1483,20000,,
1599794,20,2026-09-25,1483,20000,,
1599794,20,2026-09-26,1483,20000,,
1599794,20,2026-09-27,1483,20000,,
1599794,20,2026-09-28,1483,20000,,
1599794,20,2026-09-29,1483,20000,,
1599794,20,2026-09-30,1483,20000,,
1599794,20,2026-10-01,1483,20000,,
1599794,20,2026-10-02,1483,20000,,
1599794,20,2026-10-03,1483,20000,,
1599794,20,2026-10-04,1483,20000,,
1599794,20,2026-10-05,1483,20000,,
1599794,20,2026-10-06,1483,20000,,
1599794,20,2026-10-07,1483,20000,,
1599794,20,2026-10-08,1483,20000,,
1599794,20,2026-10-09,1483,20000,,
1599794,20,2026-10-10,1483,20000,,
1599794,20,2026-10-11,1483,20000,,
1599794,20,2026-10-12,1483,20000,,
1599794,20,2026-10-13,1483,20000,,
1599794,20,2026-10-14,1483,20000,,
1599794,20,2026-10-15,1483,20000,,
1599794,20,2026-10-16,1483,20000,,
1599794,20,2026-10-17,1483,20000,,
1599794,20,2026-10-18,1483,20000,,
1599794,20,2026-10-19,1483,20000,,
1599794,20,2026-10-20,1483,20000,,
1599794,20,2026-10-21,1483,20000,,
1599794,20,2026-10-22,1483,20000,,
1599794,20,2026-10-23,1483,20000,,
1599794,20,2026-10-24,1483,20000,,
1599794,20,2026-10-25,1483,20000,,
1599794,20,2026-10-26,1483,20000,,
1599794,20,2026-10-27,1483,20000,,
1599794,20,2026-10-28,1483,20000,,
1599794,20,2026-10-29,1483,20000,,
1599794,20,2026-10-30,1483,20000,,
1599794,20,2026-10-31,1483,20000,,
1599794,20,2026-11-01,1483,20000,,
1599794,20,2026-11-02,1483,20000,,
1599794,20,2026-11-03,1483,20000,,
1599794,20,2026-11-04,1483,20000,,
1599794,20,2026-11-05,1483,20000,,
1599794,20,2026-11-06,1483,20000,,
1599794,20,2026-11-07,1483,20000,,
1599794,20,2026-11-08,1483,20000,,
1599794,20,2026-11-09,1483,20000,,
1599794,20,2026-11-10,1483,20000,,
1599794,20,2026-11-11,1483,20000,,
1599794,20,2026-11-12,1483,20000,,
1599794,20,2026-11-13,1483,20000,,
1599794,20,2026-11-14,1483,20000,,
1599794,20,2026-11-15,1483,20000,,
1599794,20,2026-11-16,1483,20000,,
1599794,20,2026-11-17,1483,20000,,
1599794,20,2026-11-18,1483,20000,,
1599794,20,2026-11-19,1483,20000,,
1599794,20,2026-11-20,1483,20000,,
1599794,20,2026-11-21,1483,20000,,
1599794,20,2026-11-22,1483,20000,,
1599794,20,2026-11-23,1483,20000,,
1599794,20,2026-11-24,1483,20000,,
1599794,20,2026-11-25,1483,20000,,
1599794,20,2026-12-01,1483,20000,,
1599794,20,2026-12-02,1483,20000,,
1599794,20,2026-12-03,1483,20000,,
1599794,20,2026-12-04,1483,20000,,
1599794,20,2026-12-05,1483,20000,,
1599794,20,2026-12-06,1483,20000,,
1599794,20,2026-12-07,1483,20000,,
1599794,20,2026-12-08,1483,20000,,
1726039,27,2026-12-04,2585,23600,,
1726039,27,2026-12-05,2585,23600,,
1726039,28,2026-12-04,2585,23600,,
1726039,28,2026-12-05,2585,23600,,
1766640,45,2027-09-09,1566,23600,,
1766640,46,2027-09-09,1566,23600,,
2014883,25,2026-12-01,1428,23600,,
2014883,25,2026-12-07,1428,23600,,
2014883,25,2026-12-08,1428,23600,,
2014883,26,2026-12-01,1428,23600,,
2014883,26,2026-12-07,1428,23600,,
2014883,26,2026-12-08,1428,23600,,
2015941,25,2026-09-15,1432,23600,,
2015941,25,2026-09-16,1432,23600,,
2015941,25,2026-09-17,1432,23600,,
2015941,25,2026-09-18,1432,23600,,
2015941,25,2026-09-19,1432,23600,,
2015941,25,2026-09-20,1432,23600,,
2015941,25,2026-09-21,1432,23600,,
2015941,26,2026-09-15,1432,23600,,
2015941,26,2026-09-16,1432,23600,,
2015941,26,2026-09-17,1432,23600,,
2015941,26,2026-09-18,1432,23600,,
2015941,26,2026-09-19,1432,23600,,
2015941,26,2026-09-20,1432,23600,,
2015941,26,2026-09-21,1432,23600,,
2018783,25,2027-08-22,1428,23600,,
2018783,25,2027-08-27,1428,23600,,
2018783,25,2027-08-28,1428,23600,,
2018783,25,2027-08-29,1428,23600,,
2018783,25,2027-08-30,1428,23600,,
2018783,25,2027-08-31,1428,23600,,
2018783,25,2027-09-09,1428,23600,,
2018783,26,2027-08-22,1428,23600,,
2018783,26,2027-08-27,1428,23600,,
2018783,26,2027-08-28,1428,23600,,
2018783,26,2027-08-29,1428,23600,,
2018783,26,2027-08-30,1428,23600,,
2018783,26,2027-08-31,1428,23600,,
2018783,26,2027-09-09,1428,23600,,
2020755,21,2026-11-22,2366,20000,,
2020755,21,2026-11-23,2366,20000,,
2020755,21,2026-11-24,2366,20000,,
2020755,21,2026-11-25,2366,20000,,
2020755,22,2026-11-22,2366,20000,,
2020755,22,2026-11-23,2366,20000,,
2020755,22,2026-11-24,2366,20000,,
2020755,22,2026-11-25,2366,20000,,
2020755,27,2026-11-22,2780,20000,,
2020755,27,2026-11-23,2780,20000,,
2020755,27,2026-11-24,2780,20000,,
2020755,27,2026-11-25,2780,20000,,
2020755,28,2026-11-22,2780,20000,,
2020755,28,2026-11-23,2780,20000,,
2020755,28,2026-11-24,2780,20000,,
2020755,28,2026-11-25,2780,20000,,
2020755,39,2026-11-22,2366,20000,,
2020755,39,2026-11-23,2366,20000,,
2020755,39,2026-11-24,2366,20000,,
2020755,39,2026-11-25,2366,20000,,
2020755,83,2026-11-22,2366,20000,,
2020755,83,2026-11-23,2366,20000,,
2020755,83,2026-11-24,2366,20000,,
2020755,83,2026-11-25,2366,20000,,
2026607,17,2026-12-02,1855,20000,,
2026607,17,2026-12-03,1855,20000,,
2026607,17,2026-12-06,1855,20000,,
2026607,18,2026-12-02,1855,20000,,
2026607,18,2026-12-03,1855,20000,,
2026607,18,2026-12-06,1855,20000,,
2026607,23,2026-12-04,2131,20000,,
2026607,23,2026-12-05,2131,20000,,
2026607,24,2026-12-04,2131,20000,,
2026607,24,2026-12-05,2131,20000,,
2026607,29,2026-12-04,2131,20000,,
2026607,29,2026-12-05,2131,20000,,
2026607,30,2026-12-04,2131,20000,,
2026607,30,2026-12-05,2131,20000,,
2026607,31,2026-12-04,2131,20000,,
2026607,31,2026-12-05,2131,20000,,
2026607,40,2026-12-04,2131,20000,,
2026607,40,2026-12-05,2131,20000,,
2026607,50,2026-12-02,1855,20000,,
2026607,50,2026-12-03,1855,20000,,
2026607,50,2026-12-06,1855,20000,,
2026607,57,2026-12-04,2131,20000,,
2026607,57,2026-12-05,2131,20000,,
2026607,89,2026-12-04,2131,20000,,
2026607,89,2026-12-05,2131,20000,,
2033589,23,2026-09-15,2113,23600,,
2033589,24,2026-09-15,2113,23600,,
2033589,40,2026-09-15,2113,23600,,
2053245,32,2027-09-09,2160,23600,,
2053245,33,2027-09-09,2160,23600,,
2053245,34,2027-09-09,2160,23600,,
2074839,42,2027-08-22,2481,20000,,
2074839,42,2027-08-27,2481,20000,,
2074839,42,2027-08-28,2481,20000,,
2074839,42,2027-08-29,2481,20000,,
2074839,42,2027-08-30,2481,20000,,
2074839,42,2027-08-31,2481,20000,,
2074839,42,2027-09-09,2481,20000,,
2074839,43,2027-08-22,2481,20000,,
2074839,43,2027-08-27,2481,20000,,
2074839,43,2027-08-28,2481,20000,,
2074839,43,2027-08-29,2481,20000,,
2074839,43,2027-08-30,2481,20000,,
2074839,43,2027-08-31,2481,20000,,
2074839,43,2027-09-09,2481,20000,,
2074839,44,2027-08-22,2481,20000,,
2074839,44,2027-08-27,2481,20000,,
2074839,44,2027-08-28,2481,20000,,
2074839,44,2027-08-29,2481,20000,,
2074839,44,2027-08-30,2481,20000,,
2074839,44,2027-08-31,2481,20000,,
2074839,44,2027-09-09,2481,20000,,
4477291,23,2026-12-02,1461,20000,,
4477291,23,2026-12-03,1461,20000,,
4477291,23,2026-12-06,1461,20000,,
4477291,24,2026-12-02,1461,20000,,
4477291,24,2026-12-03,1461,20000,,
4477291,24,2026-12-06,1461,20000,,
1204840,27,2026-12-04,2066,27848,,
1204840,27,2026-12-05,2066,27848,,
1204840,28,2026-12-04,2066,27848,,
1204840,28,2026-12-05,2066,27848,,
1204840,45,2026-11-24,1847,27848,,
1204840,45,2026-11-25,1847,27848,,
1204840,46,2026-11-24,1847,27848,,
1204840,46,2026-11-25,1847,27848,,
1209749,27,2026-12-01,2412,38776,,
1209749,27,2026-12-07,2412,38776,,
1209749,27,2026-12-08,2412,38776,,
1209749,28,2026-12-01,2412,38776,,
1209749,28,2026-12-07,2412,38776,,
1209749,28,2026-12-08,2412,38776,,
1229511,21,2026-11-20,3047,23600,,
1229511,21,2026-11-21,3047,23600,,
1229511,21,2026-11-22,3047,23600,,
1229511,21,2026-11-23,3047,23600,,
1229511,21,2026-11-24,3047,23600,,
1229511,21,2026-11-25,3047,23600,,
1229511,22,2026-11-20,3047,23600,,
1229511,22,2026-11-21,3047,23600,,
1229511,22,2026-11-22,3047,23600,,
1229511,22,2026-11-23,3047,23600,,
1229511,22,2026-11-24,3047,23600,,
1229511,22,2026-11-25,3047,23600,,
1229511,39,2026-11-20,3047,23600,,
1229511,39,2026-11-21,3047,23600,,
1229511,39,2026-11-22,3047,23600,,
1229511,39,2026-11-23,3047,23600,,
1229511,39,2026-11-24,3047,23600,,
1229511,39,2026-11-25,3047,23600,,
1229511,83,2026-11-20,3047,23600,,
1229511,83,2026-11-21,3047,23600,,
1229511,83,2026-11-22,3047,23600,,
1229511,83,2026-11-23,3047,23600,,
1229511,83,2026-11-24,3047,23600,,
1229511,83,2026-11-25,3047,23600,,
1229511,97,2026-11-20,3047,23600,,
1229511,97,2026-11-21,3047,23600,,
1229511,97,2026-11-22,3047,23600,,
1229511,97,2026-11-23,3047,23600,,
1229511,97,2026-11-24,3047,23600,,
1229511,97,2026-11-25,3047,23600,,
1229920,42,2026-12-01,1538,23600,,
1229920,42,2026-12-07,1538,23600,,
1229920,42,2026-12-08,1538,23600,,
1229920,43,2026-12-01,1538,23600,,
1229920,43,2026-12-07,1538,23600,,
1229920,43,2026-12-08,1538,23600,,
1242203,15,2026-10-30,1191,23600,,
1242203,15,2026-10-31,1191,23600,,
1242203,16,2026-10-30,1191,23600,,
1242203,16,2026-10-31,1191,23600,,
1242203,38,2026-10-30,1191,23600,,
1242203,38,2026-10-31,1191,23600,,
1242203,52,2026-10-30,1191,23600,,
1242203,52,2026-10-31,1191,23600,,
1242203,76,2026-10-30,1191,23600,,
1242203,76,2026-10-31,1191,23600,,
1307656,25,2026-11-24,1195,23600,,
1307656,25,2026-11-25,1195,23600,,
1307656,26,2026-11-24,1195,23600,,
1307656,26,2026-11-25,1195,23600,,
1323805,25,2027-08-21,1214,20000,,
1323805,25,2027-08-22,1214,20000,,
1323805,25,2027-08-27,1214,20000,,
1323805,25,2027-08-28,1214,20000,,
1323805,25,2027-08-29,1214,20000,,
1323805,25,2027-08-30,1214,20000,,
1323805,25,2027-08-31,1214,20000,,
1323805,25,2027-09-09,1214,20000,,
1323805,26,2027-08-21,1214,20000,,
1323805,26,2027-08-22,1214,20000,,
1323805,26,2027-08-27,1214,20000,,
1323805,26,2027-08-28,1214,20000,,
1323805,26,2027-08-29,1214,20000,,
1323805,26,2027-08-30,1214,20000,,
1323805,26,2027-08-31,1214,20000,,
1323805,26,2027-09-09,1214,20000,,
1386944,21,2026-12-02,1693,23600,,
1386944,21,2026-12-03,1693,23600,,
1386944,21,2026-12-06,1693,23600,,
1386944,22,2026-12-02,1693,23600,,
1386944,22,2026-12-03,1693,23600,,
1386944,22,2026-12-06,1693,23600,,
1386944,23,2026-12-04,1796,23600,,
1386944,23,2026-12-05,1796,23600,,
1386944,24,2026-12-04,1796,23600,,
1386944,24,2026-12-05,1796,23600,,
1386944,39,2026-12-02,1693,23600,,
1386944,39,2026-12-03,1693,23600,,
1386944,39,2026-12-06,1693,23600,,
1386944,40,2026-12-04,1796,23600,,
1386944,40,2026-12-05,1796,23600,,
1386944,83,2026-12-02,1693,23600,,
1386944,83,2026-12-03,1693,23600,,
1386944,83,2026-12-06,1693,23600,,
1442173,25,2026-09-15,1521,23600,,
1442173,25,2026-09-15,1521,23600,,
1442173,25,2027-08-22,1553,23600,,
1442173,25,2027-08-27,1553,23600,,
1442173,25,2027-08-28,1553,23600,,
1442173,25,2027-08-29,1553,23600,,
1442173,25,2027-08-30,1553,23600,,
1442173,25,2027-08-31,1553,23600,,
1442173,25,2027-09-09,1553,23600,,
1442173,26,2026-09-15,1521,23600,,
1442173,26,2026-09-15,1521,23600,,
1442173,26,2027-08-22,1553,23600,,
1442173,26,2027-08-27,1553,23600,,
1442173,26,2027-08-28,1553,23600,,
1442173,26,2027-08-29,1553,23600,,
1442173,26,2027-08-30,1553,23600,,
1442173,26,2027-08-31,1553,23600,,
1442173,26,2027-09-09,1553,23600,,
1446609,25,2026-09-15,1045,23600,,
1446609,26,2026-09-15,1045,23600,,
1463190,23,2026-11-22,1657,23600,,
1463190,23,2026-11-23,1657,23600,,
1463190,24,2026-11-22,1657,23600,,
1463190,24,2026-11-23,1657,23600,,
1463190,40,2026-11-22,1657,23600,,
1463190,40,2026-11-23,1657,23600,,
1465445,19,2026-12-04,1349,20000,,
1465445,19,2026-12-05,1349,20000,,
1465445,20,2026-12-04,1349,20000,,
1465445,20,2026-12-05,1349,20000,,
1465445,51,2026-12-04,1349,20000,,
1465445,51,2026-12-05,1349,20000,,
1472508,17,2026-09-15,1149,23600,,
1472508,18,2026-09-15,1149,23600,,
1472508,19,2026-09-15,1149,23600,,
1472508,20,2026-09-15,1149,23600,,
1472508,50,2026-09-15,1149,23600,,
1486131,25,2026-11-22,1759,23600,,
1486131,25,2026-11-23,1759,23600,,
1523458,23,2026-09-13,1552,20000,,
1523458,23,2026-09-14,1552,20000,,
1523458,24,2026-09-13,1552,20000,,
1523458,24,2026-09-14,1552,20000,,
1541487,19,2026-11-24,1791,20000,,
1541487,19,2026-11-25,1791,20000,,
1541487,20,2026-11-24,1791,20000,,
1541487,20,2026-11-25,1791,20000,,
1553264,25,2026-09-20,1793,23600,,
1553264,26,2026-09-20,1793,23600,,
1558817,25,2026-09-20,1643,23600,,
1558817,26,2026-09-20,1643,23600,,
1595009,42,2026-09-20,2105,23600,,
1595009,43,2026-09-20,2105,23600,,
1595009,44,2026-09-20,2105,23600,,
1599794,32,2026-09-15,1966,20000,,
1599794,32,2026-09-16,1966,20000,,
1599794,32,2026-09-17,1966,20000,,
1599794,32,2026-09-18,1966,20000,,
1599794,32,2026-09-19,1966,20000,,
1599794,32,2026-09-20,1966,20000,,
1599794,32,2026-09-21,1966,20000,,
1599794,32,2026-09-22,1966,20000,,
1599794,32,2026-09-23,1966,20000,,
1599794,32,2026-09-24,1966,20000,,
1599794,32,2026-09-25,1966,20000,,
1599794,32,2026-09-26,1966,20000,,
1599794,32,2026-09-27,1966,20000,,
1599794,32,2026-09-28,1966,20000,,
1599794,32,2026-09-29,1966,20000,,
1599794,32,2026-09-30,1966,20000,,
1599794,32,2026-10-01,1966,20000,,
1599794,32,2026-10-02,1966,20000,,
1599794,32,2026-10-03,1966,20000,,
1599794,32,2026-10-04,1966,20000,,
1599794,32,2026-10-05,1966,20000,,
1599794,32,2026-10-06,1966,20000,,
1599794,32,2026-10-07,1966,20000,,
1599794,32,2026-10-08,1966,20000,,
1599794,32,2026-10-09,1966,20000,,
1599794,32,2026-10-10,1966,20000,,
1599794,32,2026-10-11,1966,20000,,
1599794,32,2026-10-12,1966,20000,,
1599794,32,2026-10-13,1966,20000,,
1599794,32,2026-10-14,1966,20000,,
1599794,32,2026-10-15,1966,20000,,
1599794,32,2026-10-16,1966,20000,,
1599794,32,2026-10-17,1966,20000,,
1599794,32,2026-10-18,1966,20000,,
1599794,32,2026-10-19,1966,20000,,
1599794,32,2026-10-20,1966,20000,,
1599794,32,2026-10-21,1966,20000,,
1599794,32,2026-10-22,1966,20000,,
1599794,32,2026-10-23,1966,20000,,
1599794,32,2026-10-24,1966,20000,,
1599794,32,2026-10-25,1966,20000,,
1599794,32,2026-10-26,1966,20000,,
1599794,32,2026-10-27,1966,20000,,
1599794,32,2026-10-28,1966,20000,,
1599794,32,2026-10-29,1966,20000,,
1599794,32,2026-10-30,1966,20000,,
1599794,32,2026-10-31,1966,20000,,
1599794,32,2026-11-01,1966,20000,,
1599794,32,2026-11-02,1966,20000,,
1599794,32,2026-11-03,1966,20000,,
1599794,32,2026-11-04,1966,20000,,
1599794,32,2026-11-05,1966,20000,,
1599794,32,2026-11-06,1966,20000,,
1599794,32,2026-11-07,1966,20000,,
1599794,32,2026-11-08,1966,20000,,
1599794,32,2026-11-09,1966,20000,,
1599794,32,2026-11-10,1966,20000,,
1599794,32,2026-11-11,1966,20000,,
1599794,32,2026-11-12,1966,20000,,
1599794,32,2026-11-13,1966,20000,,
1599794,32,2026-11-14,1966,20000,,
1599794,32,2026-11-15,1966,20000,,
1599794,32,2026-11-16,1966,20000,,
1599794,32,2026-11-17,1966,20000,,
1599794,32,2026-11-18,1966,20000,,
1599794,32,2026-11-19,1966,20000,,
1599794,32,2026-11-20,1966,20000,,
1599794,32,2026-11-21,1966,20000,,
1599794,32,2026-11-22,1966,20000,,
1599794,32,2026-11-23,1966,20000,,
1599794,32,2026-11-24,1966,20000,,
1599794,32,2026-11-25,1966,20000,,
1599794,32,2026-12-01,1966,20000,,
1599794,32,2026-12-02,1966,20000,,
1599794,32,2026-12-03,1966,20000,,
1599794,32,2026-12-04,1966,20000,,
1599794,32,2026-12-05,1966,20000,,
1599794,32,2026-12-06,1966,20000,,
1599794,32,2026-12-07,1966,20000,,
1599794,32,2026-12-08,1966,20000,,
1599794,33,2026-09-15,1966,20000,,
1599794,33,2026-09-16,1966,20000,,
1599794,33,2026-09-17,1966,20000,,
1599794,33,2026-09-18,1966,20000,,
1599794,33,2026-09-19,1966,20000,,
1599794,33,2026-09-20,1966,20000,,
1599794,33,2026-09-21,1966,20000,,
1599794,33,2026-09-22,1966,20000,,
1599794,33,2026-09-23,1966,20000,,
1599794,33,2026-09-24,1966,20000,,
1599794,33,2026-09-25,1966,20000,,
1599794,33,2026-09-26,1966,20000,,
1599794,33,2026-09-27,1966,20000,,
1599794,33,2026-09-28,1966,20000,,
1599794,33,2026-09-29,1966,20000,,
1599794,33,2026-09-30,1966,20000,,
1599794,33,2026-10-01,1966,20000,,
1599794,33,2026-10-02,1966,20000,,
1599794,33,2026-10-03,1966,20000,,
1599794,33,2026-10-04,1966,20000,,
1599794,33,2026-10-05,1966,20000,,
1599794,33,2026-10-06,1966,20000,,
1599794,33,2026-10-07,1966,20000,,
1599794,33,2026-10-08,1966,20000,,
1599794,33,2026-10-09,1966,20000,,
1599794,33,2026-10-10,1966,20000,,
1599794,33,2026-10-11,1966,20000,,
1599794,33,2026-10-12,1966,20000,,
1599794,33,2026-10-13,1966,20000,,
1599794,33,2026-10-14,1966,20000,,
1599794,33,2026-10-15,1966,20000,,
1599794,33,2026-10-16,1966,20000,,
1599794,33,2026-10-17,1966,20000,,
1599794,33,2026-10-18,1966,20000,,
1599794,33,2026-10-19,1966,20000,,
1599794,33,2026-10-20,1966,20000,,
1599794,33,2026-10-21,1966,20000,,
1599794,33,2026-10-22,1966,20000,,
1599794,33,2026-10-23,1966,20000,,
1599794,33,2026-10-24,1966,20000,,
1599794,33,2026-10-25,1966,20000,,
1599794,33,2026-10-26,1966,20000,,
1599794,33,2026-10-27,1966,20000,,
1599794,33,2026-10-28,1966,20000,,
1599794,33,2026-10-29,1966,20000,,
1599794,33,2026-10-30,1966,20000,,
1599794,33,2026-10-31,1966,20000,,
1599794,33,2026-11-01,1966,20000,,
1599794,33,2026-11-02,1966,20000,,
1599794,33,2026-11-03,1966,20000,,
1599794,33,2026-11-04,1966,20000,,
1599794,33,2026-11-05,1966,20000,,
1599794,33,2026-11-06,1966,20000,,
1599794,33,2026-11-07,1966,20000,,
1599794,33,2026-11-08,1966,20000,,
1599794,33,2026-11-09,1966,20000,,
1599794,33,2026-11-10,1966,20000,,
1599794,33,2026-11-11,1966,20000,,
1599794,33,2026-11-12,1966,20000,,
1599794,33,2026-11-13,1966,20000,,
1599794,33,2026-11-14,1966,20000,,
1599794,33,2026-11-15,1966,20000,,
1599794,33,2026-11-16,1966,20000,,
1599794,33,2026-11-17,1966,20000,,
1599794,33,2026-11-18,1966,20000,,
1599794,33,2026-11-19,1966,20000,,
1599794,33,2026-11-20,1966,20000,,
1599794,33,2026-11-21,1966,20000,,
1599794,33,2026-11-22,1966,20000,,
1599794,33,2026-11-23,1966,20000,,
1599794,33,2026-11-24,1966,20000,,
1599794,33,2026-11-25,1966,20000,,
1599794,33,2026-12-01,1966,20000,,
1599794,33,2026-12-02,1966,20000,,
1599794,33,2026-12-03,1966,20000,,
1599794,33,2026-12-04,1966,20000,,
1599794,33,2026-12-05,1966,20000,,
1599794,33,2026-12-06,1966,20000,,
1599794,33,2026-12-07,1966,20000,,
1599794,33,2026-12-08,1966,20000,,
1599794,34,2026-09-15,1966,20000,,
1599794,34,2026-09-16,1966,20000,,
1599794,34,2026-09-17,1966,20000,,
1599794,34,2026-09-18,1966,20000,,
1599794,34,2026-09-19,1966,20000,,
1599794,34,2026-09-20,1966,20000,,
1599794,34,2026-09-21,1966,20000,,
1599794,34,2026-09-22,1966,20000,,
1599794,34,2026-09-23,1966,20000,,
1599794,34,2026-09-24,1966,20000,,
1599794,34,2026-09-25,1966,20000,,
1599794,34,2026-09-26,1966,20000,,
1599794,34,2026-09-27,1966,20000,,
1599794,34,2026-09-28,1966,20000,,
1599794,34,2026-09-29,1966,20000,,
1599794,34,2026-09-30,1966,20000,,
1599794,34,2026-10-01,1966,20000,,
1599794,34,2026-10-02,1966,20000,,
1599794,34,2026-10-03,1966,20000,,
1599794,34,2026-10-04,1966,20000,,
1599794,34,2026-10-05,1966,20000,,
1599794,34,2026-10-06,1966,20000,,
1599794,34,2026-10-07,1966,20000,,
1599794,34,2026-10-08,1966,20000,,
1599794,34,2026-10-09,1966,20000,,
1599794,34,2026-10-10,1966,20000,,
1599794,34,2026-10-11,1966,20000,,
1599794,34,2026-10-12,1966,20000,,
1599794,34,2026-10-13,1966,20000,,
1599794,34,2026-10-14,1966,20000,,
1599794,34,2026-10-15,1966,20000,,
1599794,34,2026-10-16,1966,20000,,
1599794,34,2026-10-17,1966,20000,,
1599794,34,2026-10-18,1966,20000,,
1599794,34,2026-10-19,1966,20000,,
1599794,34,2026-10-20,1966,20000,,
1599794,34,2026-10-21,1966,20000,,
1599794,34,2026-10-22,1966,20000,,
1599794,34,2026-10-23,1966,20000,,
1599794,34,2026-10-24,1966,20000,,
1599794,34,2026-10-25,1966,20000,,
1599794,34,2026-10-26,1966,20000,,
1599794,34,2026-10-27,1966,20000,,
1599794,34,2026-10-28,1966,20000,,
1599794,34,2026-10-29,1966,20000,,
1599794,34,2026-10-30,1966,20000,,
1599794,34,2026-10-31,1966,20000,,
1599794,34,2026-11-01,1966,20000,,
1599794,34,2026-11-02,1966,20000,,
1599794,34,2026-11-03,1966,20000,,
1599794,34,2026-11-04,1966,20000,,
1599794,34,2026-11-05,1966,20000,,
1599794,34,2026-11-06,1966,20000,,
1599794,34,2026-11-07,1966,20000,,
1599794,34,2026-11-08,1966,20000,,
1599794,34,2026-11-09,1966,20000,,
1599794,34,2026-11-10,1966,20000,,
1599794,34,2026-11-11,1966,20000,,
1599794,34,2026-11-12,1966,20000,,
1599794,34,2026-11-13,1966,20000,,
1599794,34,2026-11-14,1966,20000,,
1599794,34,2026-11-15,1966,20000,,
1599794,34,2026-11-16,1966,20000,,
1599794,34,2026-11-17,1966,20000,,
1599794,34,2026-11-18,1966,20000,,
1599794,34,2026-11-19,1966,20000,,
1599794,34,2026-11-20,1966,20000,,
1599794,34,2026-11-21,1966,20000,,
1599794,34,2026-11-22,1966,20000,,
1599794,34,2026-11-23,1966,20000,,
1599794,34,2026-11-24,1966,20000,,
1599794,34,2026-11-25,1966,20000,,
1599794,34,2026-12-01,1966,20000,,
1599794,34,2026-12-02,1966,20000,,
1599794,34,2026-12-03,1966,20000,,
1599794,34,2026-12-04,1966,20000,,
1599794,34,2026-12-05,1966,20000,,
1599794,34,2026-12-06,1966,20000,,
1599794,34,2026-12-07,1966,20000,,
1599794,34,2026-12-08,1966,20000,,
1726039,21,2026-12-02,1895,23600,,
1726039,21,2026-12-03,1895,23600,,
1726039,21,2026-12-06,1895,23600,,
1726039,22,2026-12-02,1895,23600,,
1726039,22,2026-12-03,1895,23600,,
1726039,22,2026-12-06,1895,23600,,
1726039,23,2026-12-02,1895,23600,,
1726039,23,2026-12-03,1895,23600,,
1726039,23,2026-12-06,1895,23600,,
1726039,24,2026-12-02,1895,23600,,
1726039,24,2026-12-03,1895,23600,,
1726039,24,2026-12-06,1895,23600,,
1726039,39,2026-12-02,1895,23600,,
1726039,39,2026-12-03,1895,23600,,
1726039,39,2026-12-06,1895,23600,,
1726039,40,2026-12-02,1895,23600,,
1726039,40,2026-12-03,1895,23600,,
1726039,40,2026-12-06,1895,23600,,
1726039,83,2026-12-02,1895,23600,,
1726039,83,2026-12-03,1895,23600,,
1726039,83,2026-12-06,1895,23600,,
1766640,17,2026-12-01,1290,23600,,
1766640,17,2026-12-07,1290,23600,,
1766640,17,2026-12-08,1290,23600,,
1766640,18,2026-12-01,1290,23600,,
1766640,18,2026-12-07,1290,23600,,
1766640,18,2026-12-08,1290,23600,,
1766640,19,2026-12-01,1290,23600,,
1766640,19,2026-12-07,1290,23600,,
1766640,19,2026-12-08,1290,23600,,
1766640,20,2026-12-01,1290,23600,,
1766640,20,2026-12-07,1290,23600,,
1766640,20,2026-12-08,1290,23600,,
1766640,50,2026-12-01,1290,23600,,
1766640,50,2026-12-07,1290,23600,,
1766640,50,2026-12-08,1290,23600,,
1894945,32,2026-11-22,2989,23600,,
1894945,32,2026-11-23,2989,23600,,
1894945,33,2026-11-22,2989,23600,,
1894945,33,2026-11-23,2989,23600,,
1894945,34,2026-11-22,2989,23600,,
1894945,34,2026-11-23,2989,23600,,
1894945,58,2026-11-22,2989,23600,,
1894945,58,2026-11-23,2989,23600,,
2015941,25,2026-09-12,1432,23600,,
2015941,25,2026-09-13,1432,23600,,
2015941,25,2026-09-14,1432,23600,,
2015941,26,2026-09-12,1432,23600,,
2015941,26,2026-09-13,1432,23600,,
2015941,26,2026-09-14,1432,23600,,
2018949,25,2026-09-20,1285,23600,,
2018949,25,2027-08-22,1428,23600,,
2018949,25,2027-08-27,1428,23600,,
2018949,25,2027-08-28,1428,23600,,
2018949,25,2027-08-29,1428,23600,,
2018949,25,2027-08-30,1428,23600,,
2018949,25,2027-08-31,1428,23600,,
2018949,25,2027-09-09,1428,23600,,
2018949,26,2026-09-20,1285,23600,,
2018949,26,2027-08-22,1428,23600,,
2018949,26,2027-08-27,1428,23600,,
2018949,26,2027-08-28,1428,23600,,
2018949,26,2027-08-29,1428,23600,,
2018949,26,2027-08-30,1428,23600,,
2018949,26,2027-08-31,1428,23600,,
2018949,26,2027-09-09,1428,23600,,
2025675,21,2026-12-04,1647,20000,,
2025675,21,2026-12-05,1647,20000,,
2025675,22,2026-12-04,1647,20000,,
2025675,22,2026-12-05,1647,20000,,
2025675,39,2026-12-04,1647,20000,,
2025675,39,2026-12-05,1647,20000,,
2033589,21,2026-09-15,1975,23600,,
2033589,22,2026-09-15,1975,23600,,
2033589,39,2026-09-15,1975,23600,,
2033589,83,2026-09-15,1975,23600,,
2059540,27,2026-09-20,1857,23600,,
2059540,27,2026-11-22,1857,23600,,
2059540,27,2026-11-23,1857,23600,,
2059540,27,2026-11-27,1857,23600,,
2059540,27,2026-11-28,1857,23600,,
2059540,27,2026-11-29,1857,23600,,
2059540,27,2026-11-30,1857,23600,,
2059540,27,2026-12-01,1857,23600,,
2059540,27,2026-12-07,1857,23600,,
2059540,27,2026-12-08,1857,23600,,
2059540,28,2026-09-20,1857,23600,,
2059540,28,2026-11-22,1857,23600,,
2059540,28,2026-11-23,1857,23600,,
2059540,28,2026-11-27,1857,23600,,
2059540,28,2026-11-28,1857,23600,,
2059540,28,2026-11-29,1857,23600,,
2059540,28,2026-11-30,1857,23600,,
2059540,28,2026-12-01,1857,23600,,
2059540,28,2026-12-07,1857,23600,,
2059540,28,2026-12-08,1857,23600,,
2071224,17,2026-11-22,1136,23600,,
2071224,17,2026-11-23,1136,23600,,
2071224,18,2026-11-22,1136,23600,,
2071224,18,2026-11-23,1136,23600,,
2071224,50,2026-11-22,1136,23600,,
2071224,50,2026-11-23,1136,23600,,
2071224,87,2026-11-22,1136,23600,,
2071224,87,2026-11-23,1136,23600,,
2079707,25,2026-12-01,1428,23600,,
2079707,25,2026-12-07,1428,23600,,
2079707,25,2026-12-08,1428,23600,,
2079707,26,2026-12-01,1428,23600,,
2079707,26,2026-12-07,1428,23600,,
2079707,26,2026-12-08,1428,23600,,
6141453,27,2026-11-27,2207,23600,,
6141453,27,2026-11-28,2207,23600,,
6141453,28,2026-11-27,2207,23600,,
6141453,28,2026-11-28,2207,23600,,
6141453,29,2026-11-27,2207,23600,,
6141453,29,2026-11-28,2207,23600,,
6141453,30,2026-11-27,2207,23600,,
6141453,30,2026-11-28,2207,23600,,
6141453,31,2026-11-27,2207,23600,,
6141453,31,2026-11-28,2207,23600,,
6141453,32,2026-11-27,2207,23600,,
6141453,32,2026-11-28,2207,23600,,
6141453,33,2026-11-27,2207,23600,,
6141453,33,2026-11-28,2207,23600,,
6141453,34,2026-11-27,2207,23600,,
6141453,34,2026-11-28,2207,23600,,
6141453,57,2026-11-27,2207,23600,,
6141453,57,2026-11-28,2207,23600,,
1075048,27,2027-08-28,1443,23600,,
1075048,27,2027-08-29,1443,23600,,
1075048,27,2027-08-30,1443,23600,,
1075048,27,2027-08-31,1443,23600,,
1075048,27,2027-09-09,1443,23600,,
1075048,28,2027-08-28,1443,23600,,
1075048,28,2027-08-29,1443,23600,,
1075048,28,2027-08-30,1443,23600,,
1075048,28,2027-08-31,1443,23600,,
1075048,28,2027-09-09,1443,23600,,
1107594,25,2026-11-22,1575,23600,,
1107594,25,2026-11-22,1575,23600,,
1107594,25,2026-11-23,1575,23600,,
1107594,25,2026-11-23,1575,23600,,
1204840,78,2026-12-04,1721,27848,,
1204840,78,2026-12-05,1721,27848,,
1204840,79,2026-12-04,1721,27848,,
1204840,79,2026-12-05,1721,27848,,
1229511,17,2026-10-07,1305,23600,,
1229511,18,2026-10-07,1305,23600,,
1229511,19,2026-10-07,1409,23600,,
1229511,20,2026-10-07,1409,23600,,
1229511,50,2026-10-07,1305,23600,,
1229511,51,2026-10-07,1409,23600,,
1229511,87,2026-10-07,1305,23600,,
1237644,23,2026-09-15,1557,20000,,
1237644,23,2026-09-16,1557,20000,,
1237644,23,2026-09-17,1557,20000,,
1237644,23,2026-09-18,1557,20000,,
1237644,23,2026-09-19,1557,20000,,
1237644,23,2026-09-20,1557,20000,,
1237644,23,2026-09-21,1557,20000,,
1237644,23,2026-09-22,1557,20000,,
1237644,23,2026-09-23,1557,20000,,
1237644,23,2026-09-24,1557,20000,,
1237644,23,2026-09-25,1557,20000,,
1237644,23,2026-09-26,1557,20000,,
1237644,23,2026-09-27,1557,20000,,
1237644,23,2026-09-28,1557,20000,,
1237644,23,2026-09-29,1557,20000,,
1237644,23,2026-09-30,1557,20000,,
1237644,23,2026-10-01,1557,20000,,
1237644,23,2026-10-02,1557,20000,,
1237644,23,2026-10-03,1557,20000,,
1237644,23,2026-10-04,1557,20000,,
1237644,23,2026-10-05,1557,20000,,
1237644,23,2026-10-06,1557,20000,,
1237644,23,2026-10-07,1557,20000,,
1237644,23,2026-10-08,1557,20000,,
1237644,23,2026-10-09,1557,20000,,
1237644,23,2026-10-10,1557,20000,,
1237644,23,2026-10-11,1557,20000,,
1237644,23,2026-10-12,1557,20000,,
1237644,23,2026-10-13,1557,20000,,
1237644,23,2026-10-14,1557,20000,,
1237644,23,2026-10-15,1557,20000,,
1237644,23,2026-10-16,1557,20000,,
1237644,23,2026-10-17,1557,20000,,
1237644,23,2026-10-18,1557,20000,,
1237644,23,2026-10-19,1557,20000,,
1237644,23,2026-10-20,1557,20000,,
1237644,23,2026-10-21,1557,20000,,
1237644,23,2026-10-22,1557,20000,,
1237644,23,2026-10-23,1557,20000,,
1237644,23,2026-10-24,1557,20000,,
1237644,23,2026-10-25,1557,20000,,
1237644,23,2026-10-26,1557,20000,,
1237644,23,2026-10-27,1557,20000,,
1237644,23,2026-10-28,1557,20000,,
1237644,23,2026-10-29,1557,20000,,
1237644,23,2026-10-30,1557,20000,,
1237644,23,2026-10-31,1557,20000,,
1237644,23,2026-11-01,1557,20000,,
1237644,23,2026-11-02,1557,20000,,
1237644,23,2026-11-03,1557,20000,,
1237644,23,2026-11-04,1557,20000,,
1237644,23,2026-11-05,1557,20000,,
1237644,23,2026-11-06,1557,20000,,
1237644,23,2026-11-07,1557,20000,,
1237644,23,2026-11-08,1557,20000,,
1237644,23,2026-11-09,1557,20000,,
1237644,23,2026-11-10,1557,20000,,
1237644,23,2026-11-11,1557,20000,,
1237644,23,2026-11-12,1557,20000,,
1237644,23,2026-11-13,1557,20000,,
1237644,23,2026-11-14,1557,20000,,
1237644,23,2026-11-15,1557,20000,,
1237644,23,2026-11-16,1557,20000,,
1237644,23,2026-11-17,1557,20000,,
1237644,23,2026-11-18,1557,20000,,
1237644,23,2026-11-19,1557,20000,,
1237644,23,2026-11-20,1557,20000,,
1237644,23,2026-11-21,1557,20000,,
1237644,23,2026-11-22,1557,20000,,
1237644,23,2026-11-23,1557,20000,,
1237644,23,2026-11-24,1557,20000,,
1237644,23,2026-11-25,1557,20000,,
1237644,24,2026-09-15,1557,20000,,
1237644,24,2026-09-16,1557,20000,,
1237644,24,2026-09-17,1557,20000,,
1237644,24,2026-09-18,1557,20000,,
1237644,24,2026-09-19,1557,20000,,
1237644,24,2026-09-20,1557,20000,,
1237644,24,2026-09-21,1557,20000,,
1237644,24,2026-09-22,1557,20000,,
1237644,24,2026-09-23,1557,20000,,
1237644,24,2026-09-24,1557,20000,,
1237644,24,2026-09-25,1557,20000,,
1237644,24,2026-09-26,1557,20000,,
1237644,24,2026-09-27,1557,20000,,
1237644,24,2026-09-28,1557,20000,,
1237644,24,2026-09-29,1557,20000,,
1237644,24,2026-09-30,1557,20000,,
1237644,24,2026-10-01,1557,20000,,
1237644,24,2026-10-02,1557,20000,,
1237644,24,2026-10-03,1557,20000,,
1237644,24,2026-10-04,1557,20000,,
1237644,24,2026-10-05,1557,20000,,
1237644,24,2026-10-06,1557,20000,,
1237644,24,2026-10-07,1557,20000,,
1237644,24,2026-10-08,1557,20000,,
1237644,24,2026-10-09,1557,20000,,
1237644,24,2026-10-10,1557,20000,,
1237644,24,2026-10-11,1557,20000,,
1237644,24,2026-10-12,1557,20000,,
1237644,24,2026-10-13,1557,20000,,
1237644,24,2026-10-14,1557,20000,,
1237644,24,2026-10-15,1557,20000,,
1237644,24,2026-10-16,1557,20000,,
1237644,24,2026-10-17,1557,20000,,
1237644,24,2026-10-18,1557,20000,,
1237644,24,2026-10-19,1557,20000,,
1237644,24,2026-10-20,1557,20000,,
1237644,24,2026-10-21,1557,20000,,
1237644,24,2026-10-22,1557,20000,,
1237644,24,2026-10-23,1557,20000,,
1237644,24,2026-10-24,1557,20000,,
1237644,24,2026-10-25,1557,20000,,
1237644,24,2026-10-26,1557,20000,,
1237644,24,2026-10-27,1557,20000,,
1237644,24,2026-10-28,1557,20000,,
1237644,24,2026-10-29,1557,20000,,
1237644,24,2026-10-30,1557,20000,,
1237644,24,2026-10-31,1557,20000,,
1237644,24,2026-11-01,1557,20000,,
1237644,24,2026-11-02,1557,20000,,
1237644,24,2026-11-03,1557,20000,,
1237644,24,2026-11-04,1557,20000,,
1237644,24,2026-11-05,1557,20000,,
1237644,24,2026-11-06,1557,20000,,
1237644,24,2026-11-07,1557,20000,,
1237644,24,2026-11-08,1557,20000,,
1237644,24,2026-11-09,1557,20000,,
1237644,24,2026-11-10,1557,20000,,
1237644,24,2026-11-11,1557,20000,,
1237644,24,2026-11-12,1557,20000,,
1237644,24,2026-11-13,1557,20000,,
1237644,24,2026-11-14,1557,20000,,
1237644,24,2026-11-15,1557,20000,,
1237644,24,2026-11-16,1557,20000,,
1237644,24,2026-11-17,1557,20000,,
1237644,24,2026-11-18,1557,20000,,
1237644,24,2026-11-19,1557,20000,,
1237644,24,2026-11-20,1557,20000,,
1237644,24,2026-11-21,1557,20000,,
1237644,24,2026-11-22,1557,20000,,
1237644,24,2026-11-23,1557,20000,,
1237644,24,2026-11-24,1557,20000,,
1237644,24,2026-11-25,1557,20000,,
1237644,40,2026-09-15,1557,20000,,
1237644,40,2026-09-16,1557,20000,,
1237644,40,2026-09-17,1557,20000,,
1237644,40,2026-09-18,1557,20000,,
1237644,40,2026-09-19,1557,20000,,
1237644,40,2026-09-20,1557,20000,,
1237644,40,2026-09-21,1557,20000,,
1237644,40,2026-09-22,1557,20000,,
1237644,40,2026-09-23,1557,20000,,
1237644,40,2026-09-24,1557,20000,,
1237644,40,2026-09-25,1557,20000,,
1237644,40,2026-09-26,1557,20000,,
1237644,40,2026-09-27,1557,20000,,
1237644,40,2026-09-28,1557,20000,,
1237644,40,2026-09-29,1557,20000,,
1237644,40,2026-09-30,1557,20000,,
1237644,40,2026-10-01,1557,20000,,
1237644,40,2026-10-02,1557,20000,,
1237644,40,2026-10-03,1557,20000,,
1237644,40,2026-10-04,1557,20000,,
1237644,40,2026-10-05,1557,20000,,
1237644,40,2026-10-06,1557,20000,,
1237644,40,2026-10-07,1557,20000,,
1237644,40,2026-10-08,1557,20000,,
1237644,40,2026-10-09,1557,20000,,
1237644,40,2026-10-10,1557,20000,,
1237644,40,2026-10-11,1557,20000,,
1237644,40,2026-10-12,1557,20000,,
1237644,40,2026-10-13,1557,20000,,
1237644,40,2026-10-14,1557,20000,,
1237644,40,2026-10-15,1557,20000,,
1237644,40,2026-10-16,1557,20000,,
1237644,40,2026-10-17,1557,20000,,
1237644,40,2026-10-18,1557,20000,,
1237644,40,2026-10-19,1557,20000,,
1237644,40,2026-10-20,1557,20000,,
1237644,40,2026-10-21,1557,20000,,
1237644,40,2026-10-22,1557,20000,,
1237644,40,2026-10-23,1557,20000,,
1237644,40,2026-10-24,1557,20000,,
1237644,40,2026-10-25,1557,20000,,
1237644,40,2026-10-26,1557,20000,,
1237644,40,2026-10-27,1557,20000,,
1237644,40,2026-10-28,1557,20000,,
1237644,40,2026-10-29,1557,20000,,
1237644,40,2026-10-30,1557,20000,,
1237644,40,2026-10-31,1557,20000,,
1237644,40,2026-11-01,1557,20000,,
1237644,40,2026-11-02,1557,20000,,
1237644,40,2026-11-03,1557,20000,,
1237644,40,2026-11-04,1557,20000,,
1237644,40,2026-11-05,1557,20000,,
1237644,40,2026-11-06,1557,20000,,
1237644,40,2026-11-07,1557,20000,,
1237644,40,2026-11-08,1557,20000,,
1237644,40,2026-11-09,1557,20000,,
1237644,40,2026-11-10,1557,20000,,
1237644,40,2026-11-11,1557,20000,,
1237644,40,2026-11-12,1557,20000,,
1237644,40,2026-11-13,1557,20000,,
1237644,40,2026-11-14,1557,20000,,
1237644,40,2026-11-15,1557,20000,,
1237644,40,2026-11-16,1557,20000,,
1237644,40,2026-11-17,1557,20000,,
1237644,40,2026-11-18,1557,20000,,
1237644,40,2026-11-19,1557,20000,,
1237644,40,2026-11-20,1557,20000,,
1237644,40,2026-11-21,1557,20000,,
1237644,40,2026-11-22,1557,20000,,
1237644,40,2026-11-23,1557,20000,,
1237644,40,2026-11-24,1557,20000,,
1237644,40,2026-11-25,1557,20000,,
1237644,42,2026-09-15,2695,20000,,
1237644,42,2026-09-16,2695,20000,,
1237644,42,2026-09-17,2695,20000,,
1237644,42,2026-09-18,2695,20000,,
1237644,42,2026-09-19,2695,20000,,
1237644,42,2026-09-20,2695,20000,,
1237644,42,2026-09-21,2695,20000,,
1237644,42,2026-09-22,2695,20000,,
1237644,42,2026-09-23,2695,20000,,
1237644,42,2026-09-24,2695,20000,,
1237644,42,2026-09-25,2695,20000,,
1237644,42,2026-09-26,2695,20000,,
1237644,42,2026-09-27,2695,20000,,
1237644,42,2026-09-28,2695,20000,,
1237644,42,2026-09-29,2695,20000,,
1237644,42,2026-09-30,2695,20000,,
1237644,42,2026-10-01,2695,20000,,
1237644,42,2026-10-02,2695,20000,,
1237644,42,2026-10-03,2695,20000,,
1237644,42,2026-10-04,2695,20000,,
1237644,42,2026-10-05,2695,20000,,
1237644,42,2026-10-06,2695,20000,,
1237644,42,2026-10-07,2695,20000,,
1237644,42,2026-10-08,2695,20000,,
1237644,42,2026-10-09,2695,20000,,
1237644,42,2026-10-10,2695,20000,,
1237644,42,2026-10-11,2695,20000,,
1237644,42,2026-10-12,2695,20000,,
1237644,42,2026-10-13,2695,20000,,
1237644,42,2026-10-14,2695,20000,,
1237644,42,2026-10-15,2695,20000,,
1237644,42,2026-10-16,2695,20000,,
1237644,42,2026-10-17,2695,20000,,
1237644,42,2026-10-18,2695,20000,,
1237644,42,2026-10-19,2695,20000,,
1237644,42,2026-10-20,2695,20000,,
1237644,42,2026-10-21,2695,20000,,
1237644,42,2026-10-22,2695,20000,,
1237644,42,2026-10-23,2695,20000,,
1237644,42,2026-10-24,2695,20000,,
1237644,42,2026-10-25,2695,20000,,
1237644,42,2026-10-26,2695,20000,,
1237644,42,2026-10-27,2695,20000,,
1237644,42,2026-10-28,2695,20000,,
1237644,42,2026-10-29,2695,20000,,
1237644,42,2026-10-30,2695,20000,,
1237644,42,2026-10-31,2695,20000,,
1237644,42,2026-11-01,2695,20000,,
1237644,42,2026-11-02,2695,20000,,
1237644,42,2026-11-03,2695,20000,,
1237644,42,2026-11-04,2695,20000,,
1237644,42,2026-11-05,2695,20000,,
1237644,42,2026-11-06,2695,20000,,
1237644,42,2026-11-07,2695,20000,,
1237644,42,2026-11-08,2695,20000,,
1237644,42,2026-11-09,2695,20000,,
1237644,42,2026-11-10,2695,20000,,
1237644,42,2026-11-11,2695,20000,,
1237644,42,2026-11-12,2695,20000,,
1237644,42,2026-11-13,2695,20000,,
1237644,42,2026-11-14,2695,20000,,
1237644,42,2026-11-15,2695,20000,,
1237644,42,2026-11-16,2695,20000,,
1237644,42,2026-11-17,2695,20000,,
1237644,42,2026-11-18,2695,20000,,
1237644,42,2026-11-19,2695,20000,,
1237644,42,2026-11-20,2695,20000,,
1237644,42,2026-11-21,2695,20000,,
1237644,42,2026-11-22,2695,20000,,
1237644,42,2026-11-23,2695,20000,,
1237644,42,2026-11-24,2695,20000,,
1237644,42,2026-11-25,2695,20000,,
1237644,43,2026-09-15,2695,20000,,
1237644,43,2026-09-16,2695,20000,,
1237644,43,2026-09-17,2695,20000,,
1237644,43,2026-09-18,2695,20000,,
1237644,43,2026-09-19,2695,20000,,
1237644,43,2026-09-20,2695,20000,,
1237644,43,2026-09-21,2695,20000,,
1237644,43,2026-09-22,2695,20000,,
1237644,43,2026-09-23,2695,20000,,
1237644,43,2026-09-24,2695,20000,,
1237644,43,2026-09-25,2695,20000,,
1237644,43,2026-09-26,2695,20000,,
1237644,43,2026-09-27,2695,20000,,
1237644,43,2026-09-28,2695,20000,,
1237644,43,2026-09-29,2695,20000,,
1237644,43,2026-09-30,2695,20000,,
1237644,43,2026-10-01,2695,20000,,
1237644,43,2026-10-02,2695,20000,,
1237644,43,2026-10-03,2695,20000,,
1237644,43,2026-10-04,2695,20000,,
1237644,43,2026-10-05,2695,20000,,
1237644,43,2026-10-06,2695,20000,,
1237644,43,2026-10-07,2695,20000,,
1237644,43,2026-10-08,2695,20000,,
1237644,43,2026-10-09,2695,20000,,
1237644,43,2026-10-10,2695,20000,,
1237644,43,2026-10-11,2695,20000,,
1237644,43,2026-10-12,2695,20000,,
1237644,43,2026-10-13,2695,20000,,
1237644,43,2026-10-14,2695,20000,,
1237644,43,2026-10-15,2695,20000,,
1237644,43,2026-10-16,2695,20000,,
1237644,43,2026-10-17,2695,20000,,
1237644,43,2026-10-18,2695,20000,,
1237644,43,2026-10-19,2695,20000,,
1237644,43,2026-10-20,2695,20000,,
1237644,43,2026-10-21,2695,20000,,
1237644,43,2026-10-22,2695,20000,,
1237644,43,2026-10-23,2695,20000,,
1237644,43,2026-10-24,2695,20000,,
1237644,43,2026-10-25,2695,20000,,
1237644,43,2026-10-26,2695,20000,,
1237644,43,2026-10-27,2695,20000,,
1237644,43,2026-10-28,2695,20000,,
1237644,43,2026-10-29,2695,20000,,
1237644,43,2026-10-30,2695,20000,,
1237644,43,2026-10-31,2695,20000,,
1237644,43,2026-11-01,2695,20000,,
1237644,43,2026-11-02,2695,20000,,
1237644,43,2026-11-03,2695,20000,,
1237644,43,2026-11-04,2695,20000,,
1237644,43,2026-11-05,2695,20000,,
1237644,43,2026-11-06,2695,20000,,
1237644,43,2026-11-07,2695,20000,,
1237644,43,2026-11-08,2695,20000,,
1237644,43,2026-11-09,2695,20000,,
1237644,43,2026-11-10,2695,20000,,
1237644,43,2026-11-11,2695,20000,,
1237644,43,2026-11-12,2695,20000,,
1237644,43,2026-11-13,2695,20000,,
1237644,43,2026-11-14,2695,20000,,
1237644,43,2026-11-15,2695,20000,,
1237644,43,2026-11-16,2695,20000,,
1237644,43,2026-11-17,2695,20000,,
1237644,43,2026-11-18,2695,20000,,
1237644,43,2026-11-19,2695,20000,,
1237644,43,2026-11-20,2695,20000,,
1237644,43,2026-11-21,2695,20000,,
1237644,43,2026-11-22,2695,20000,,
1237644,43,2026-11-23,2695,20000,,
1237644,43,2026-11-24,2695,20000,,
1237644,43,2026-11-25,2695,20000,,
1242203,17,2026-09-16,1312,23600,,
1242203,18,2026-09-16,1312,23600,,
1242203,19,2026-09-16,1312,23600,,
1242203,20,2026-09-16,1312,23600,,
1242203,50,2026-09-16,1312,23600,,
1247300,25,2026-11-22,1356,23600,,
1247300,25,2026-11-23,1356,23600,,
1247300,25,2026-11-27,1356,23600,,
1247300,25,2026-11-28,1356,23600,,
1247300,25,2026-11-29,1356,23600,,
1247300,25,2026-11-30,1356,23600,,
1247300,25,2026-12-01,1356,23600,,
1247300,25,2026-12-07,1356,23600,,
1247300,25,2026-12-08,1356,23600,,
1247300,26,2026-11-22,1356,23600,,
1247300,26,2026-11-23,1356,23600,,
1247300,26,2026-11-27,1356,23600,,
1247300,26,2026-11-28,1356,23600,,
1247300,26,2026-11-29,1356,23600,,
1247300,26,2026-11-30,1356,23600,,
1247300,26,2026-12-01,1356,23600,,
1247300,26,2026-12-07,1356,23600,,
1247300,26,2026-12-08,1356,23600,,
1247345,27,2026-11-22,1839,23600,,
1247345,27,2026-11-23,1839,23600,,
1247345,27,2026-11-27,1839,23600,,
1247345,27,2026-11-28,1839,23600,,
1247345,27,2026-11-29,1839,23600,,
1247345,27,2026-11-30,1839,23600,,
1247345,27,2026-12-01,1839,23600,,
1247345,27,2026-12-07,1839,23600,,
1247345,27,2026-12-08,1839,23600,,
1247345,28,2026-11-22,1839,23600,,
1247345,28,2026-11-23,1839,23600,,
1247345,28,2026-11-27,1839,23600,,
1247345,28,2026-11-28,1839,23600,,
1247345,28,2026-11-29,1839,23600,,
1247345,28,2026-11-30,1839,23600,,
1247345,28,2026-12-01,1839,23600,,
1247345,28,2026-12-07,1839,23600,,
1247345,28,2026-12-08,1839,23600,,
1379430,19,2026-09-13,2531,23600,,
1379430,19,2026-09-14,2562,23600,,
1379430,20,2026-09-13,2531,23600,,
1379430,20,2026-09-14,2562,23600,,
1379430,21,2026-09-14,2493,23600,,
1379430,22,2026-09-14,2493,23600,,
1379430,39,2026-09-14,2493,23600,,
1379430,83,2026-09-14,2493,23600,,
1463190,21,2026-11-22,1588,23600,,
1463190,21,2026-11-23,1588,23600,,
1463190,22,2026-11-22,1588,23600,,
1463190,22,2026-11-23,1588,23600,,
1463190,39,2026-11-22,1588,23600,,
1463190,39,2026-11-23,1588,23600,,
1463190,83,2026-11-22,1588,23600,,
1463190,83,2026-11-23,1588,23600,,
1465445,17,2026-12-04,1280,20000,,
1465445,17,2026-12-05,1280,20000,,
1465445,18,2026-12-04,1280,20000,,
1465445,18,2026-12-05,1280,20000,,
1465445,50,2026-12-04,1280,20000,,
1465445,50,2026-12-05,1280,20000,,
1465445,87,2026-12-04,1280,20000,,
1465445,87,2026-12-05,1280,20000,,
1547096,27,2026-11-06,4968,20000,,
1547096,27,2026-11-07,4968,20000,,
1547096,27,2026-11-08,4968,20000,,
1547096,27,2026-11-13,4968,20000,,
1547096,27,2026-11-14,4968,20000,,
1547096,27,2026-11-15,4968,20000,,
1547096,28,2026-11-06,4968,20000,,
1547096,28,2026-11-07,4968,20000,,
1547096,28,2026-11-08,4968,20000,,
1547096,28,2026-11-13,4968,20000,,
1547096,28,2026-11-14,4968,20000,,
1547096,28,2026-11-15,4968,20000,,
1552629,25,2027-09-09,2393,23600,,
1552629,26,2027-09-09,2393,23600,,
1595502,35,2026-11-23,2052,23600,,
1595502,35,2026-12-01,2052,23600,,
1595502,35,2026-12-05,2052,23600,,
1595502,35,2026-12-06,2052,23600,,
1595502,35,2026-12-07,2052,23600,,
1595502,35,2026-12-08,2052,23600,,
1595502,36,2026-11-23,2052,23600,,
1595502,36,2026-12-01,2052,23600,,
1595502,36,2026-12-05,2052,23600,,
1595502,36,2026-12-06,2052,23600,,
1595502,36,2026-12-07,2052,23600,,
1595502,36,2026-12-08,2052,23600,,
1894945,29,2026-11-22,2885,23600,,
1894945,29,2026-11-23,2885,23600,,
1894945,30,2026-11-22,2885,23600,,
1894945,30,2026-11-23,2885,23600,,
1894945,31,2026-11-22,2885,23600,,
1894945,31,2026-11-23,2885,23600,,
1894945,57,2026-11-22,2885,23600,,
1894945,57,2026-11-23,2885,23600,,
1894945,89,2026-11-22,2885,23600,,
1894945,89,2026-11-23,2885,23600,,
1921658,25,2026-11-22,2251,23600,,
1921658,25,2026-11-23,2251,23600,,
1921658,25,2026-12-01,2251,23600,,
1921658,25,2026-12-07,2251,23600,,
1921658,25,2026-12-08,2251,23600,,
1921658,26,2026-11-22,2251,23600,,
1921658,26,2026-11-23,2251,23600,,
1921658,26,2026-12-01,2251,23600,,
1921658,26,2026-12-07,2251,23600,,
1921658,26,2026-12-08,2251,23600,,
2010412,25,2027-08-28,1286,23600,,
2010412,25,2027-08-29,1286,23600,,
2010412,25,2027-08-30,1286,23600,,
2010412,25,2027-08-31,1286,23600,,
2010412,25,2027-09-09,1286,23600,,
2010412,26,2027-08-28,1286,23600,,
2010412,26,2027-08-29,1286,23600,,
2010412,26,2027-08-30,1286,23600,,
2010412,26,2027-08-31,1286,23600,,
2010412,26,2027-09-09,1286,23600,,
2013841,25,2026-09-20,1184,23600,,
2016749,25,2026-09-20,1579,23600,,
2016749,26,2026-09-20,1579,23600,,
2026607,19,2026-12-04,1993,20000,,
2026607,19,2026-12-05,1993,20000,,
2026607,20,2026-12-04,1993,20000,,
2026607,20,2026-12-05,1993,20000,,
2026607,21,2026-12-04,1993,20000,,
2026607,21,2026-12-05,1993,20000,,
2026607,22,2026-12-04,1993,20000,,
2026607,22,2026-12-05,1993,20000,,
2026607,39,2026-12-04,1993,20000,,
2026607,39,2026-12-05,1993,20000,,
2026607,83,2026-12-04,1993,20000,,
2026607,83,2026-12-05,1993,20000,,
2053245,29,2027-09-09,1953,23600,,
2053245,30,2027-09-09,1953,23600,,
2053245,31,2027-09-09,1953,23600,,
2053245,57,2027-09-09,1953,23600,,
4477291,16,2026-12-04,1254,20000,,
4477291,16,2026-12-05,1254,20000,,
4477291,52,2026-12-04,1254,20000,,
4477291,52,2026-12-05,1254,20000,,
5000022,27,2026-12-02,2314,20000,,
5000022,27,2026-12-03,2314,20000,,
5000022,27,2026-12-06,2314,20000,,
5000022,28,2026-12-02,2314,20000,,
5000022,28,2026-12-03,2314,20000,,
5000022,28,2026-12-06,2314,20000,,
6141453,17,2026-11-22,1688,23600,,
6141453,17,2026-11-23,1688,23600,,
6141453,17,2026-11-29,1688,23600,,
6141453,17,2026-11-30,1688,23600,,
6141453,17,2026-12-01,1688,23600,,
6141453,17,2026-12-07,1688,23600,,
6141453,17,2026-12-08,1688,23600,,
6141453,18,2026-11-22,1688,23600,,
6141453,18,2026-11-23,1688,23600,,
6141453,18,2026-11-29,1688,23600,,
6141453,18,2026-11-30,1688,23600,,
6141453,18,2026-12-01,1688,23600,,
6141453,18,2026-12-07,1688,23600,,
6141453,18,2026-12-08,1688,23600,,
6141453,19,2026-11-22,1688,23600,,
6141453,19,2026-11-23,1688,23600,,
6141453,19,2026-11-29,1688,23600,,
6141453,19,2026-11-30,1688,23600,,
6141453,19,2026-12-01,1688,23600,,
6141453,19,2026-12-07,1688,23600,,
6141453,19,2026-12-08,1688,23600,,
1136669,27,2027-08-27,2033,23600,,
1136669,27,2027-08-28,2033,23600,,
1136669,27,2027-08-29,2033,23600,,
1136669,27,2027-08-30,2033,23600,,
1136669,27,2027-08-31,2033,23600,,
1136669,27,2027-09-09,2033,23600,,
1136669,28,2027-08-27,2033,23600,,
1136669,28,2027-08-28,2033,23600,,
1136669,28,2027-08-29,2033,23600,,
1136669,28,2027-08-30,2033,23600,,
1136669,28,2027-08-31,2033,23600,,
1136669,28,2027-09-09,2033,23600,,
1166122,27,2026-12-01,2048,23600,,
1166122,27,2026-12-07,2048,23600,,
1166122,27,2026-12-08,2048,23600,,
1166122,28,2026-12-01,2048,23600,,
1166122,28,2026-12-07,2048,23600,,
1166122,28,2026-12-08,2048,23600,,
1204840,27,2026-11-22,1574,27848,,
1204840,27,2026-11-23,1574,27848,,
1204840,28,2026-11-22,1574,27848,,
1204840,28,2026-11-23,1574,27848,,
1204840,78,2026-11-22,1229,27848,,
1204840,78,2026-11-23,1229,27848,,
1204840,79,2026-11-22,1229,27848,,
1204840,79,2026-11-23,1229,27848,,
1229511,19,2026-11-20,2806,23600,,
1229511,19,2026-11-21,2806,23600,,
1229511,19,2026-11-22,2806,23600,,
1229511,19,2026-11-23,2806,23600,,
1229511,19,2026-11-24,2806,23600,,
1229511,19,2026-11-25,2806,23600,,
1229511,20,2026-11-20,2806,23600,,
1229511,20,2026-11-21,2806,23600,,
1229511,20,2026-11-22,2806,23600,,
1229511,20,2026-11-23,2806,23600,,
1229511,20,2026-11-24,2806,23600,,
1229511,20,2026-11-25,2806,23600,,
1229511,51,2026-11-20,2806,23600,,
1229511,51,2026-11-21,2806,23600,,
1229511,51,2026-11-22,2806,23600,,
1229511,51,2026-11-23,2806,23600,,
1229511,51,2026-11-24,2806,23600,,
1229511,51,2026-11-25,2806,23600,,
1242203,17,2026-09-15,1310,23600,,
1242203,18,2026-09-15,1310,23600,,
1242203,19,2026-09-15,1310,23600,,
1242203,20,2026-09-15,1310,23600,,
1242203,50,2026-09-15,1310,23600,,
1288538,42,2027-09-09,2405,23600,,
1288538,43,2027-09-09,2405,23600,,
1379430,21,2026-09-13,2462,23600,,
1379430,22,2026-09-13,2462,23600,,
1379430,39,2026-09-13,2462,23600,,
1379430,83,2026-09-13,2462,23600,,
1385250,102,2026-12-01,2105,23600,,
1385250,102,2026-12-07,2105,23600,,
1385250,102,2026-12-08,2105,23600,,
1385250,103,2026-12-01,2105,23600,,
1385250,103,2026-12-07,2105,23600,,
1385250,103,2026-12-08,2105,23600,,
1386944,21,2026-12-04,1693,23600,,
1386944,21,2026-12-05,1693,23600,,
1386944,22,2026-12-04,1693,23600,,
1386944,22,2026-12-05,1693,23600,,
1386944,39,2026-12-04,1693,23600,,
1386944,39,2026-12-05,1693,23600,,
1386944,83,2026-12-04,1693,23600,,
1386944,83,2026-12-05,1693,23600,,
1442173,25,2026-11-22,1584,23600,,
1442173,25,2026-11-22,1584,23600,,
1442173,25,2026-11-23,1584,23600,,
1442173,25,2026-11-23,1584,23600,,
1442173,26,2026-11-22,1584,23600,,
1442173,26,2026-11-22,1584,23600,,
1442173,26,2026-11-23,1584,23600,,
1442173,26,2026-11-23,1584,23600,,
1468702,17,2026-12-04,1261,20000,,
1468702,17,2026-12-05,1261,20000,,
1468702,18,2026-12-04,1261,20000,,
1468702,18,2026-12-05,1261,20000,,
1468702,50,2026-12-04,1261,20000,,
1468702,50,2026-12-05,1261,20000,,
1479075,25,2026-09-17,1346,23600,,
1479075,26,2026-09-17,1346,23600,,
1555580,25,2026-09-20,1734,23600,,
1555580,26,2026-09-20,1734,23600,,
1581295,16,2026-09-15,954,27848,,
1581295,16,2026-09-16,954,27848,,
1581295,16,2026-09-17,954,27848,,
1581295,25,2026-09-15,1161,27848,,
1581295,26,2026-09-15,1161,27848,,
1581295,52,2026-09-15,954,27848,,
1581295,52,2026-09-16,954,27848,,
1581295,52,2026-09-17,954,27848,,
1596296,45,2026-11-20,2536,32861,,
1596296,45,2026-11-21,2536,32861,,
1596296,45,2026-11-22,2536,32861,,
1596296,45,2026-11-23,2536,32861,,
1596296,45,2026-11-24,2536,32861,,
1596296,45,2026-11-25,2536,32861,,
1596296,45,2026-11-26,2536,32861,,
1596296,45,2026-11-27,2536,32861,,
1596296,45,2026-11-28,2536,32861,,
1596296,45,2026-11-29,2536,32861,,
1596296,45,2026-11-30,2536,32861,,
1596296,45,2026-12-01,2536,32861,,
1596296,45,2026-12-02,2536,32861,,
1596296,45,2026-12-03,2536,32861,,
1596296,45,2026-12-04,2536,32861,,
1596296,45,2026-12-05,2536,32861,,
1596296,45,2026-12-06,2536,32861,,
1596296,45,2026-12-07,2536,32861,,
1596296,45,2026-12-08,2536,32861,,
1596296,46,2026-11-20,2536,32861,,
1596296,46,2026-11-21,2536,32861,,
1596296,46,2026-11-22,2536,32861,,
1596296,46,2026-11-23,2536,32861,,
1596296,46,2026-11-24,2536,32861,,
1596296,46,2026-11-25,2536,32861,,
1596296,46,2026-11-26,2536,32861,,
1596296,46,2026-11-27,2536,32861,,
1596296,46,2026-11-28,2536,32861,,
1596296,46,2026-11-29,2536,32861,,
1596296,46,2026-11-30,2536,32861,,
1596296,46,2026-12-01,2536,32861,,
1596296,46,2026-12-02,2536,32861,,
1596296,46,2026-12-03,2536,32861,,
1596296,46,2026-12-04,2536,32861,,
1596296,46,2026-12-05,2536,32861,,
1596296,46,2026-12-06,2536,32861,,
1596296,46,2026-12-07,2536,32861,,
1596296,46,2026-12-08,2536,32861,,
2024578,32,2026-10-22,2450,20000,,
2024578,32,2026-10-23,2450,20000,,
2024578,32,2026-10-24,2450,20000,,
2024578,32,2026-10-26,2450,20000,,
2024578,32,2026-10-31,2450,20000,,
2024578,32,2026-11-01,2450,20000,,
2024578,32,2026-11-02,2450,20000,,
2024578,32,2026-11-03,2450,20000,,
2024578,32,2026-11-04,2450,20000,,
2024578,32,2026-11-05,2450,20000,,
2024578,32,2026-11-06,2450,20000,,
2024578,32,2026-11-07,2450,20000,,
2024578,32,2026-11-08,2450,20000,,
2024578,32,2027-08-28,2450,20000,,
2024578,32,2027-08-29,2450,20000,,
2024578,32,2027-08-30,2450,20000,,
2024578,32,2027-08-31,2450,20000,,
2024578,32,2027-09-09,2450,20000,,
2024578,33,2026-10-22,2450,20000,,
2024578,33,2026-10-23,2450,20000,,
2024578,33,2026-10-24,2450,20000,,
2024578,33,2026-10-26,2450,20000,,
2024578,33,2026-10-31,2450,20000,,
2024578,33,2026-11-01,2450,20000,,
2024578,33,2026-11-02,2450,20000,,
2024578,33,2026-11-03,2450,20000,,
2024578,33,2026-11-04,2450,20000,,
2024578,33,2026-11-05,2450,20000,,
2024578,33,2026-11-06,2450,20000,,
2024578,33,2026-11-07,2450,20000,,
2024578,33,2026-11-08,2450,20000,,
2024578,33,2027-08-28,2450,20000,,
2024578,33,2027-08-29,2450,20000,,
2024578,33,2027-08-30,2450,20000,,
2024578,33,2027-08-31,2450,20000,,
2024578,33,2027-09-09,2450,20000,,
2024578,34,2026-10-22,2450,20000,,
2024578,34,2026-10-23,2450,20000,,
2024578,34,2026-10-24,2450,20000,,
2024578,34,2026-10-26,2450,20000,,
2024578,34,2026-10-31,2450,20000,,
2024578,34,2026-11-01,2450,20000,,
2024578,34,2026-11-02,2450,20000,,
2024578,34,2026-11-03,2450,20000,,
2024578,34,2026-11-04,2450,20000,,
2024578,34,2026-11-05,2450,20000,,
2024578,34,2026-11-06,2450,20000,,
2024578,34,2026-11-07,2450,20000,,
2024578,34,2026-11-08,2450,20000,,
2024578,34,2027-08-28,2450,20000,,
2024578,34,2027-08-29,2450,20000,,
2024578,34,2027-08-30,2450,20000,,
2024578,34,2027-08-31,2450,20000,,
2024578,34,2027-09-09,2450,20000,,
2024578,58,2026-10-22,2450,20000,,
2024578,58,2026-10-23,2450,20000,,
2024578,58,2026-10-24,2450,20000,,
2024578,58,2026-10-26,2450,20000,,
2024578,58,2026-10-31,2450,20000,,
2024578,58,2026-11-01,2450,20000,,
2024578,58,2026-11-02,2450,20000,,
2024578,58,2026-11-03,2450,20000,,
2024578,58,2026-11-04,2450,20000,,
2024578,58,2026-11-05,2450,20000,,
2024578,58,2026-11-06,2450,20000,,
2024578,58,2026-11-07,2450,20000,,
2024578,58,2026-11-08,2450,20000,,
2024578,58,2027-08-28,2450,20000,,
2024578,58,2027-08-29,2450,20000,,
2024578,58,2027-08-30,2450,20000,,
2024578,58,2027-08-31,2450,20000,,
2024578,58,2027-09-09,2450,20000,,
2024578,90,2026-10-22,2450,20000,,
2024578,90,2026-10-23,2450,20000,,
2024578,90,2026-10-24,2450,20000,,
2024578,90,2026-10-26,2450,20000,,
2024578,90,2026-10-31,2450,20000,,
2024578,90,2026-11-01,2450,20000,,
2024578,90,2026-11-02,2450,20000,,
2024578,90,2026-11-03,2450,20000,,
2024578,90,2026-11-04,2450,20000,,
2024578,90,2026-11-05,2450,20000,,
2024578,90,2026-11-06,2450,20000,,
2024578,90,2026-11-07,2450,20000,,
2024578,90,2026-11-08,2450,20000,,
2024578,90,2027-08-28,2450,20000,,
2024578,90,2027-08-29,2450,20000,,
2024578,90,2027-08-30,2450,20000,,
2024578,90,2027-08-31,2450,20000,,
2024578,90,2027-09-09,2450,20000,,
2025675,19,2026-12-04,1509,20000,,
2025675,19,2026-12-05,1509,20000,,
2066561,25,2026-11-22,1455,27848,,
2066561,25,2026-11-23,1455,27848,,
2066561,26,2026-11-22,1455,27848,,
2066561,26,2026-11-23,1455,27848,,
2083696,25,2026-09-20,1643,23600,,
2083696,25,2026-11-22,1643,23600,,
2083696,25,2026-11-23,1643,23600,,
2083696,25,2026-11-27,1643,23600,,
2083696,25,2026-11-28,1643,23600,,
2083696,25,2026-11-29,1643,23600,,
2083696,25,2026-11-30,1643,23600,,
2083696,25,2026-12-01,1643,23600,,
2083696,25,2026-12-07,1643,23600,,
2083696,25,2026-12-08,1643,23600,,
2083696,26,2026-09-20,1643,23600,,
2083696,26,2026-11-22,1643,23600,,
2083696,26,2026-11-23,1643,23600,,
2083696,26,2026-11-27,1643,23600,,
2083696,26,2026-11-28,1643,23600,,
2083696,26,2026-11-29,1643,23600,,
2083696,26,2026-11-30,1643,23600,,
2083696,26,2026-12-01,1643,23600,,
2083696,26,2026-12-07,1643,23600,,
2083696,26,2026-12-08,1643,23600,,
6141453,27,2026-11-22,2102,23600,,
6141453,27,2026-11-23,2102,23600,,
6141453,27,2026-11-29,2102,23600,,
6141453,27,2026-11-30,2102,23600,,
6141453,27,2026-12-01,2102,23600,,
6141453,27,2026-12-07,2102,23600,,
6141453,27,2026-12-08,2102,23600,,
6141453,28,2026-11-22,2102,23600,,
6141453,28,2026-11-23,2102,23600,,
6141453,28,2026-11-29,2102,23600,,
6141453,28,2026-11-30,2102,23600,,
6141453,28,2026-12-01,2102,23600,,
6141453,28,2026-12-07,2102,23600,,
6141453,28,2026-12-08,2102,23600,,
6141453,29,2026-11-22,2102,23600,,
6141453,29,2026-11-23,2102,23600,,
6141453,29,2026-11-29,2102,23600,,
6141453,29,2026-11-30,2102,23600,,
6141453,29,2026-12-01,2102,23600,,
6141453,29,2026-12-07,2102,23600,,
6141453,29,2026-12-08,2102,23600,,
6141453,30,2026-11-22,2102,23600,,
6141453,30,2026-11-23,2102,23600,,
6141453,30,2026-11-29,2102,23600,,
6141453,30,2026-11-30,2102,23600,,
6141453,30,2026-12-01,2102,23600,,
6141453,30,2026-12-07,2102,23600,,
6141453,30,2026-12-08,2102,23600,,
6141453,31,2026-11-22,2102,23600,,
6141453,31,2026-11-23,2102,23600,,
6141453,31,2026-11-29,2102,23600,,
6141453,31,2026-11-30,2102,23600,,
6141453,31,2026-12-01,2102,23600,,
6141453,31,2026-12-07,2102,23600,,
6141453,31,2026-12-08,2102,23600,,
6141453,32,2026-11-22,2102,23600,,
6141453,32,2026-11-23,2102,23600,,
6141453,32,2026-11-29,2102,23600,,
6141453,32,2026-11-30,2102,23600,,
6141453,32,2026-12-01,2102,23600,,
6141453,32,2026-12-07,2102,23600,,
6141453,32,2026-12-08,2102,23600,,
6141453,33,2026-11-22,2102,23600,,
6141453,33,2026-11-23,2102,23600,,
6141453,33,2026-11-29,2102,23600,,
6141453,33,2026-11-30,2102,23600,,
6141453,33,2026-12-01,2102,23600,,
6141453,33,2026-12-07,2102,23600,,
6141453,33,2026-12-08,2102,23600,,
6141453,34,2026-11-22,2102,23600,,
6141453,34,2026-11-23,2102,23600,,
6141453,34,2026-11-29,2102,23600,,
6141453,34,2026-11-30,2102,23600,,
6141453,34,2026-12-01,2102,23600,,
6141453,34,2026-12-07,2102,23600,,
6141453,34,2026-12-08,2102,23600,,
6141453,57,2026-11-22,2102,23600,,
6141453,57,2026-11-23,2102,23600,,
6141453,57,2026-11-29,2102,23600,,
6141453,57,2026-11-30,2102,23600,,
6141453,57,2026-12-01,2102,23600,,
6141453,57,2026-12-07,2102,23600,,
6141453,57,2026-12-08,2102,23600,,
9772256,35,2026-11-22,5482,23600,,
9772256,35,2026-11-23,5482,23600,,
9772256,35,2026-11-29,5482,23600,,
9772256,35,2026-11-30,5482,23600,,
9772256,36,2026-11-22,5482,23600,,
9772256,36,2026-11-23,5482,23600,,
9772256,36,2026-11-29,5482,23600,,
9772256,36,2026-11-30,5482,23600,,
9772256,37,2026-11-22,5482,23600,,
9772256,37,2026-11-23,5482,23600,,
9772256,37,2026-11-29,5482,23600,,
9772256,37,2026-11-30,5482,23600,,
1206822,17,2026-11-24,2047,23600,,
1206822,17,2026-11-25,2047,23600,,
1206822,17,2026-12-01,2047,23600,,
1206822,17,2026-12-02,2047,23600,,
1206822,17,2026-12-03,2047,23600,,
1206822,17,2026-12-06,2047,23600,,
1206822,17,2026-12-07,2047,23600,,
1206822,17,2026-12-08,2047,23600,,
1206822,18,2026-11-24,2047,23600,,
1206822,18,2026-11-25,2047,23600,,
1206822,18,2026-12-01,2047,23600,,
1206822,18,2026-12-02,2047,23600,,
1206822,18,2026-12-03,2047,23600,,
1206822,18,2026-12-06,2047,23600,,
1206822,18,2026-12-07,2047,23600,,
1206822,18,2026-12-08,2047,23600,,
1206822,19,2026-11-24,2047,23600,,
1206822,19,2026-11-25,2047,23600,,
1206822,19,2026-12-01,2047,23600,,
1206822,19,2026-12-02,2047,23600,,
1206822,19,2026-12-03,2047,23600,,
1206822,19,2026-12-06,2047,23600,,
1206822,19,2026-12-07,2047,23600,,
1206822,19,2026-12-08,2047,23600,,
1206822,20,2026-11-24,2047,23600,,
1206822,20,2026-11-25,2047,23600,,
1206822,20,2026-12-01,2047,23600,,
1206822,20,2026-12-02,2047,23600,,
1206822,20,2026-12-03,2047,23600,,
1206822,20,2026-12-06,2047,23600,,
1206822,20,2026-12-07,2047,23600,,
1206822,20,2026-12-08,2047,23600,,
1206822,50,2026-11-24,2047,23600,,
1206822,50,2026-11-25,2047,23600,,
1206822,50,2026-12-01,2047,23600,,
1206822,50,2026-12-02,2047,23600,,
1206822,50,2026-12-03,2047,23600,,
1206822,50,2026-12-06,2047,23600,,
1206822,50,2026-12-07,2047,23600,,
1206822,50,2026-12-08,2047,23600,,
1206822,51,2026-11-24,2047,23600,,
1206822,51,2026-11-25,2047,23600,,
1206822,51,2026-12-01,2047,23600,,
1206822,51,2026-12-02,2047,23600,,
1206822,51,2026-12-03,2047,23600,,
1206822,51,2026-12-06,2047,23600,,
1206822,51,2026-12-07,2047,23600,,
1206822,51,2026-12-08,2047,23600,,
1206822,87,2026-11-24,2047,23600,,
1206822,87,2026-11-25,2047,23600,,
1206822,87,2026-12-01,2047,23600,,
1206822,87,2026-12-02,2047,23600,,
1206822,87,2026-12-03,2047,23600,,
1206822,87,2026-12-06,2047,23600,,
1206822,87,2026-12-07,2047,23600,,
1206822,87,2026-12-08,2047,23600,,
1229511,17,2026-11-20,2702,23600,,
1229511,17,2026-11-21,2702,23600,,
1229511,17,2026-11-22,2702,23600,,
1229511,17,2026-11-23,2702,23600,,
1229511,17,2026-11-24,2702,23600,,
1229511,17,2026-11-25,2702,23600,,
1229511,18,2026-11-20,2702,23600,,
1229511,18,2026-11-21,2702,23600,,
1229511,18,2026-11-22,2702,23600,,
1229511,18,2026-11-23,2702,23600,,
1229511,18,2026-11-24,2702,23600,,
1229511,18,2026-11-25,2702,23600,,
1229511,50,2026-11-20,2702,23600,,
1229511,50,2026-11-21,2702,23600,,
1229511,50,2026-11-22,2702,23600,,
1229511,50,2026-11-23,2702,23600,,
1229511,50,2026-11-24,2702,23600,,
1229511,50,2026-11-25,2702,23600,,
1229511,87,2026-11-20,2702,23600,,
1229511,87,2026-11-21,2702,23600,,
1229511,87,2026-11-22,2702,23600,,
1229511,87,2026-11-23,2702,23600,,
1229511,87,2026-11-24,2702,23600,,
1229511,87,2026-11-25,2702,23600,,
1237644,21,2026-09-15,1419,20000,,
1237644,21,2026-09-16,1419,20000,,
1237644,21,2026-09-17,1419,20000,,
1237644,21,2026-09-18,1419,20000,,
1237644,21,2026-09-19,1419,20000,,
1237644,21,2026-09-20,1419,20000,,
1237644,21,2026-09-21,1419,20000,,
1237644,21,2026-09-22,1419,20000,,
1237644,21,2026-09-23,1419,20000,,
1237644,21,2026-09-24,1419,20000,,
1237644,21,2026-09-25,1419,20000,,
1237644,21,2026-09-26,1419,20000,,
1237644,21,2026-09-27,1419,20000,,
1237644,21,2026-09-28,1419,20000,,
1237644,21,2026-09-29,1419,20000,,
1237644,21,2026-09-30,1419,20000,,
1237644,21,2026-10-01,1419,20000,,
1237644,21,2026-10-02,1419,20000,,
1237644,21,2026-10-03,1419,20000,,
1237644,21,2026-10-04,1419,20000,,
1237644,21,2026-10-05,1419,20000,,
1237644,21,2026-10-06,1419,20000,,
1237644,21,2026-10-07,1419,20000,,
1237644,21,2026-10-08,1419,20000,,
1237644,21,2026-10-09,1419,20000,,
1237644,21,2026-10-10,1419,20000,,
1237644,21,2026-10-11,1419,20000,,
1237644,21,2026-10-12,1419,20000,,
1237644,21,2026-10-13,1419,20000,,
1237644,21,2026-10-14,1419,20000,,
1237644,21,2026-10-15,1419,20000,,
1237644,21,2026-10-16,1419,20000,,
1237644,21,2026-10-17,1419,20000,,
1237644,21,2026-10-18,1419,20000,,
1237644,21,2026-10-19,1419,20000,,
1237644,21,2026-10-20,1419,20000,,
1237644,21,2026-10-21,1419,20000,,
1237644,21,2026-10-22,1419,20000,,
1237644,21,2026-10-23,1419,20000,,
1237644,21,2026-10-24,1419,20000,,
1237644,21,2026-10-25,1419,20000,,
1237644,21,2026-10-26,1419,20000,,
1237644,21,2026-10-27,1419,20000,,
1237644,21,2026-10-28,1419,20000,,
1237644,21,2026-10-29,1419,20000,,
1237644,21,2026-10-30,1419,20000,,
1237644,21,2026-10-31,1419,20000,,
1237644,21,2026-11-01,1419,20000,,
1237644,21,2026-11-02,1419,20000,,
1237644,21,2026-11-03,1419,20000,,
1237644,21,2026-11-04,1419,20000,,
1237644,21,2026-11-05,1419,20000,,
1237644,21,2026-11-06,1419,20000,,
1237644,21,2026-11-07,1419,20000,,
1237644,21,2026-11-08,1419,20000,,
1237644,21,2026-11-09,1419,20000,,
1237644,21,2026-11-10,1419,20000,,
1237644,21,2026-11-11,1419,20000,,
1237644,21,2026-11-12,1419,20000,,
1237644,21,2026-11-13,1419,20000,,
1237644,21,2026-11-14,1419,20000,,
1237644,21,2026-11-15,1419,20000,,
1237644,21,2026-11-16,1419,20000,,
1237644,21,2026-11-17,1419,20000,,
1237644,21,2026-11-18,1419,20000,,
1237644,21,2026-11-19,1419,20000,,
1237644,21,2026-11-20,1419,20000,,
1237644,21,2026-11-21,1419,20000,,
1237644,21,2026-11-22,1419,20000,,
1237644,21,2026-11-23,1419,20000,,
1237644,21,2026-11-24,1419,20000,,
1237644,21,2026-11-25,1419,20000,,
1237644,22,2026-09-15,1419,20000,,
1237644,22,2026-09-16,1419,20000,,
1237644,22,2026-09-17,1419,20000,,
1237644,22,2026-09-18,1419,20000,,
1237644,22,2026-09-19,1419,20000,,
1237644,22,2026-09-20,1419,20000,,
1237644,22,2026-09-21,1419,20000,,
1237644,22,2026-09-22,1419,20000,,
1237644,22,2026-09-23,1419,20000,,
1237644,22,2026-09-24,1419,20000,,
1237644,22,2026-09-25,1419,20000,,
1237644,22,2026-09-26,1419,20000,,
1237644,22,2026-09-27,1419,20000,,
1237644,22,2026-09-28,1419,20000,,
1237644,22,2026-09-29,1419,20000,,
1237644,22,2026-09-30,1419,20000,,
1237644,22,2026-10-01,1419,20000,,
1237644,22,2026-10-02,1419,20000,,
1237644,22,2026-10-03,1419,20000,,
1237644,22,2026-10-04,1419,20000,,
1237644,22,2026-10-05,1419,20000,,
1237644,22,2026-10-06,1419,20000,,
1237644,22,2026-10-07,1419,20000,,
1237644,22,2026-10-08,1419,20000,,
1237644,22,2026-10-09,1419,20000,,
1237644,22,2026-10-10,1419,20000,,
1237644,22,2026-10-11,1419,20000,,
1237644,22,2026-10-12,1419,20000,,
1237644,22,2026-10-13,1419,20000,,
1237644,22,2026-10-14,1419,20000,,
1237644,22,2026-10-15,1419,20000,,
1237644,22,2026-10-16,1419,20000,,
1237644,22,2026-10-17,1419,20000,,
1237644,22,2026-10-18,1419,20000,,
1237644,22,2026-10-19,1419,20000,,
1237644,22,2026-10-20,1419,20000,,
1237644,22,2026-10-21,1419,20000,,
1237644,22,2026-10-22,1419,20000,,
1237644,22,2026-10-23,1419,20000,,
1237644,22,2026-10-24,1419,20000,,
1237644,22,2026-10-25,1419,20000,,
1237644,22,2026-10-26,1419,20000,,
1237644,22,2026-10-27,1419,20000,,
1237644,22,2026-10-28,1419,20000,,
1237644,22,2026-10-29,1419,20000,,
1237644,22,2026-10-30,1419,20000,,
1237644,22,2026-10-31,1419,20000,,
1237644,22,2026-11-01,1419,20000,,
1237644,22,2026-11-02,1419,20000,,
1237644,22,2026-11-03,1419,20000,,
1237644,22,2026-11-04,1419,20000,,
1237644,22,2026-11-05,1419,20000,,
1237644,22,2026-11-06,1419,20000,,
1237644,22,2026-11-07,1419,20000,,
1237644,22,2026-11-08,1419,20000,,
1237644,22,2026-11-09,1419,20000,,
1237644,22,2026-11-10,1419,20000,,
1237644,22,2026-11-11,1419,20000,,
1237644,22,2026-11-12,1419,20000,,
1237644,22,2026-11-13,1419,20000,,
1237644,22,2026-11-14,1419,20000,,
1237644,22,2026-11-15,1419,20000,,
1237644,22,2026-11-16,1419,20000,,
1237644,22,2026-11-17,1419,20000,,
1237644,22,2026-11-18,1419,20000,,
1237644,22,2026-11-19,1419,20000,,
1237644,22,2026-11-20,1419,20000,,
1237644,22,2026-11-21,1419,20000,,
1237644,22,2026-11-22,1419,20000,,
1237644,22,2026-11-23,1419,20000,,
1237644,22,2026-11-24,1419,20000,,
1237644,22,2026-11-25,1419,20000,,
1237644,39,2026-09-15,1419,20000,,
1237644,39,2026-09-16,1419,20000,,
1237644,39,2026-09-17,1419,20000,,
1237644,39,2026-09-18,1419,20000,,
1237644,39,2026-09-19,1419,20000,,
1237644,39,2026-09-20,1419,20000,,
1237644,39,2026-09-21,1419,20000,,
1237644,39,2026-09-22,1419,20000,,
1237644,39,2026-09-23,1419,20000,,
1237644,39,2026-09-24,1419,20000,,
1237644,39,2026-09-25,1419,20000,,
1237644,39,2026-09-26,1419,20000,,
1237644,39,2026-09-27,1419,20000,,
1237644,39,2026-09-28,1419,20000,,
1237644,39,2026-09-29,1419,20000,,
1237644,39,2026-09-30,1419,20000,,
1237644,39,2026-10-01,1419,20000,,
1237644,39,2026-10-02,1419,20000,,
1237644,39,2026-10-03,1419,20000,,
1237644,39,2026-10-04,1419,20000,,
1237644,39,2026-10-05,1419,20000,,
1237644,39,2026-10-06,1419,20000,,
1237644,39,2026-10-07,1419,20000,,
1237644,39,2026-10-08,1419,20000,,
1237644,39,2026-10-09,1419,20000,,
1237644,39,2026-10-10,1419,20000,,
1237644,39,2026-10-11,1419,20000,,
1237644,39,2026-10-12,1419,20000,,
1237644,39,2026-10-13,1419,20000,,
1237644,39,2026-10-14,1419,20000,,
1237644,39,2026-10-15,1419,20000,,
1237644,39,2026-10-16,1419,20000,,
1237644,39,2026-10-17,1419,20000,,
1237644,39,2026-10-18,1419,20000,,
1237644,39,2026-10-19,1419,20000,,
1237644,39,2026-10-20,1419,20000,,
1237644,39,2026-10-21,1419,20000,,
1237644,39,2026-10-22,1419,20000,,
1237644,39,2026-10-23,1419,20000,,
1237644,39,2026-10-24,1419,20000,,
1237644,39,2026-10-25,1419,20000,,
1237644,39,2026-10-26,1419,20000,,
1237644,39,2026-10-27,1419,20000,,
1237644,39,2026-10-28,1419,20000,,
1237644,39,2026-10-29,1419,20000,,
1237644,39,2026-10-30,1419,20000,,
1237644,39,2026-10-31,1419,20000,,
1237644,39,2026-11-01,1419,20000,,
1237644,39,2026-11-02,1419,20000,,
1237644,39,2026-11-03,1419,20000,,
1237644,39,2026-11-04,1419,20000,,
1237644,39,2026-11-05,1419,20000,,
1237644,39,2026-11-06,1419,20000,,
1237644,39,2026-11-07,1419,20000,,
1237644,39,2026-11-08,1419,20000,,
1237644,39,2026-11-09,1419,20000,,
1237644,39,2026-11-10,1419,20000,,
1237644,39,2026-11-11,1419,20000,,
1237644,39,2026-11-12,1419,20000,,
1237644,39,2026-11-13,1419,20000,,
1237644,39,2026-11-14,1419,20000,,
1237644,39,2026-11-15,1419,20000,,
1237644,39,2026-11-16,1419,20000,,
1237644,39,2026-11-17,1419,20000,,
1237644,39,2026-11-18,1419,20000,,
1237644,39,2026-11-19,1419,20000,,
1237644,39,2026-11-20,1419,20000,,
1237644,39,2026-11-21,1419,20000,,
1237644,39,2026-11-22,1419,20000,,
1237644,39,2026-11-23,1419,20000,,
1237644,39,2026-11-24,1419,20000,,
1237644,39,2026-11-25,1419,20000,,
1237644,83,2026-09-15,1419,20000,,
1237644,83,2026-09-16,1419,20000,,
1237644,83,2026-09-17,1419,20000,,
1237644,83,2026-09-18,1419,20000,,
1237644,83,2026-09-19,1419,20000,,
1237644,83,2026-09-20,1419,20000,,
1237644,83,2026-09-21,1419,20000,,
1237644,83,2026-09-22,1419,20000,,
1237644,83,2026-09-23,1419,20000,,
1237644,83,2026-09-24,1419,20000,,
1237644,83,2026-09-25,1419,20000,,
1237644,83,2026-09-26,1419,20000,,
1237644,83,2026-09-27,1419,20000,,
1237644,83,2026-09-28,1419,20000,,
1237644,83,2026-09-29,1419,20000,,
1237644,83,2026-09-30,1419,20000,,
1237644,83,2026-10-01,1419,20000,,
1237644,83,2026-10-02,1419,20000,,
1237644,83,2026-10-03,1419,20000,,
1237644,83,2026-10-04,1419,20000,,
1237644,83,2026-10-05,1419,20000,,
1237644,83,2026-10-06,1419,20000,,
1237644,83,2026-10-07,1419,20000,,
1237644,83,2026-10-08,1419,20000,,
1237644,83,2026-10-09,1419,20000,,
1237644,83,2026-10-10,1419,20000,,
1237644,83,2026-10-11,1419,20000,,
1237644,83,2026-10-12,1419,20000,,
1237644,83,2026-10-13,1419,20000,,
1237644,83,2026-10-14,1419,20000,,
1237644,83,2026-10-15,1419,20000,,
1237644,83,2026-10-16,1419,20000,,
1237644,83,2026-10-17,1419,20000,,
1237644,83,2026-10-18,1419,20000,,
1237644,83,2026-10-19,1419,20000,,
1237644,83,2026-10-20,1419,20000,,
1237644,83,2026-10-21,1419,20000,,
1237644,83,2026-10-22,1419,20000,,
1237644,83,2026-10-23,1419,20000,,
1237644,83,2026-10-24,1419,20000,,
1237644,83,2026-10-25,1419,20000,,
1237644,83,2026-10-26,1419,20000,,
1237644,83,2026-10-27,1419,20000,,
1237644,83,2026-10-28,1419,20000,,
1237644,83,2026-10-29,1419,20000,,
1237644,83,2026-10-30,1419,20000,,
1237644,83,2026-10-31,1419,20000,,
1237644,83,2026-11-01,1419,20000,,
1237644,83,2026-11-02,1419,20000,,
1237644,83,2026-11-03,1419,20000,,
1237644,83,2026-11-04,1419,20000,,
1237644,83,2026-11-05,1419,20000,,
1237644,83,2026-11-06,1419,20000,,
1237644,83,2026-11-07,1419,20000,,
1237644,83,2026-11-08,1419,20000,,
1237644,83,2026-11-09,1419,20000,,
1237644,83,2026-11-10,1419,20000,,
1237644,83,2026-11-11,1419,20000,,
1237644,83,2026-11-12,1419,20000,,
1237644,83,2026-11-13,1419,20000,,
1237644,83,2026-11-14,1419,20000,,
1237644,83,2026-11-15,1419,20000,,
1237644,83,2026-11-16,1419,20000,,
1237644,83,2026-11-17,1419,20000,,
1237644,83,2026-11-18,1419,20000,,
1237644,83,2026-11-19,1419,20000,,
1237644,83,2026-11-20,1419,20000,,
1237644,83,2026-11-21,1419,20000,,
1237644,83,2026-11-22,1419,20000,,
1237644,83,2026-11-23,1419,20000,,
1237644,83,2026-11-24,1419,20000,,
1237644,83,2026-11-25,1419,20000,,
1242203,15,2026-11-06,1191,23600,,
1242203,16,2026-11-06,1191,23600,,
1242203,17,2026-09-17,1288,23600,,
1242203,17,2026-09-20,1288,23600,,
1242203,17,2026-09-21,1288,23600,,
1242203,17,2026-09-22,1288,23600,,
1242203,17,2026-09-23,1288,23600,,
1242203,17,2026-09-24,1288,23600,,
1242203,17,2026-09-27,1288,23600,,
1242203,17,2026-09-28,1288,23600,,
1242203,17,2026-09-29,1288,23600,,
1242203,17,2026-09-30,1288,23600,,
1242203,17,2026-10-06,1288,23600,,
1242203,17,2026-10-07,1288,23600,,
1242203,17,2026-10-08,1288,23600,,
1242203,17,2026-10-27,1288,23600,,
1242203,17,2026-10-28,1288,23600,,
1242203,17,2026-10-29,1288,23600,,
1242203,17,2026-11-13,1332,23600,,
1242203,17,2026-11-27,1332,23600,,
1242203,17,2026-11-28,1332,23600,,
1242203,18,2026-09-17,1288,23600,,
1242203,18,2026-09-20,1288,23600,,
1242203,18,2026-09-21,1288,23600,,
1242203,18,2026-09-22,1288,23600,,
1242203,18,2026-09-23,1288,23600,,
1242203,18,2026-09-24,1288,23600,,
1242203,18,2026-09-27,1288,23600,,
1242203,18,2026-09-28,1288,23600,,
1242203,18,2026-09-29,1288,23600,,
1242203,18,2026-09-30,1288,23600,,
1242203,18,2026-10-06,1288,23600,,
1242203,18,2026-10-07,1288,23600,,
1242203,18,2026-10-08,1288,23600,,
1242203,18,2026-10-27,1288,23600,,
1242203,18,2026-10-28,1288,23600,,
1242203,18,2026-10-29,1288,23600,,
1242203,18,2026-11-13,1332,23600,,
1242203,18,2026-11-27,1332,23600,,
1242203,18,2026-11-28,1332,23600,,
1242203,19,2026-09-17,1288,23600,,
1242203,19,2026-09-20,1288,23600,,
1242203,19,2026-09-21,1288,23600,,
1242203,19,2026-09-22,1288,23600,,
1242203,19,2026-09-23,1288,23600,,
1242203,19,2026-09-24,1288,23600,,
1242203,19,2026-09-27,1288,23600,,
1242203,19,2026-09-28,1288,23600,,
1242203,19,2026-09-29,1288,23600,,
1242203,19,2026-09-30,1288,23600,,
1242203,19,2026-10-06,1288,23600,,
1242203,19,2026-10-07,1288,23600,,
1242203,19,2026-10-08,1288,23600,,
1242203,19,2026-10-27,1288,23600,,
1242203,19,2026-10-28,1288,23600,,
1242203,19,2026-10-29,1288,23600,,
1242203,19,2026-11-13,1332,23600,,
1242203,19,2026-11-27,1332,23600,,
1242203,19,2026-11-28,1332,23600,,
1242203,20,2026-09-17,1288,23600,,
1242203,20,2026-09-20,1288,23600,,
1242203,20,2026-09-21,1288,23600,,
1242203,20,2026-09-22,1288,23600,,
1242203,20,2026-09-23,1288,23600,,
1242203,20,2026-09-24,1288,23600,,
1242203,20,2026-09-27,1288,23600,,
1242203,20,2026-09-28,1288,23600,,
1242203,20,2026-09-29,1288,23600,,
1242203,20,2026-09-30,1288,23600,,
1242203,20,2026-10-06,1288,23600,,
1242203,20,2026-10-07,1288,23600,,
1242203,20,2026-10-08,1288,23600,,
1242203,20,2026-10-27,1288,23600,,
1242203,20,2026-10-28,1288,23600,,
1242203,20,2026-10-29,1288,23600,,
1242203,20,2026-11-13,1332,23600,,
1242203,20,2026-11-27,1332,23600,,
1242203,20,2026-11-28,1332,23600,,
1242203,38,2026-11-06,1191,23600,,
1242203,50,2026-09-17,1288,23600,,
1242203,50,2026-09-20,1288,23600,,
1242203,50,2026-09-21,1288,23600,,
1242203,50,2026-09-22,1288,23600,,
1242203,50,2026-09-23,1288,23600,,
1242203,50,2026-09-24,1288,23600,,
1242203,50,2026-09-27,1288,23600,,
1242203,50,2026-09-28,1288,23600,,
1242203,50,2026-09-29,1288,23600,,
1242203,50,2026-09-30,1288,23600,,
1242203,50,2026-10-06,1288,23600,,
1242203,50,2026-10-07,1288,23600,,
1242203,50,2026-10-08,1288,23600,,
1242203,50,2026-10-27,1288,23600,,
1242203,50,2026-10-28,1288,23600,,
1242203,50,2026-10-29,1288,23600,,
1242203,50,2026-11-13,1332,23600,,
1242203,50,2026-11-27,1332,23600,,
1242203,50,2026-11-28,1332,23600,,
1242203,52,2026-11-06,1191,23600,,
1242203,76,2026-11-06,1191,23600,,
1257158,25,2027-09-09,1415,23600,,
1257158,26,2027-09-09,1415,23600,,
1343286,27,2027-09-09,2096,23600,,
1343286,28,2027-09-09,2096,23600,,
1451268,21,2026-12-04,1668,20000,,
1451268,21,2026-12-05,1668,20000,,
1451268,22,2026-12-04,1668,20000,,
1451268,22,2026-12-05,1668,20000,,
1451268,39,2026-12-04,1668,20000,,
1451268,39,2026-12-05,1668,20000,,
1451268,83,2026-12-04,1668,20000,,
1451268,83,2026-12-05,1668,20000,,
1464876,35,2026-12-01,3099,23600,,
1464876,35,2026-12-07,3099,23600,,
1464876,35,2026-12-08,3099,23600,,
1464876,36,2026-12-01,3099,23600,,
1464876,36,2026-12-07,3099,23600,,
1464876,36,2026-12-08,3099,23600,,
1541487,17,2026-11-22,1736,20000,,
1541487,17,2026-11-23,1736,20000,,
1541487,18,2026-11-22,1736,20000,,
1541487,18,2026-11-23,1736,20000,,
1541487,50,2026-11-22,1736,20000,,
1541487,50,2026-11-23,1736,20000,,
1545063,35,2026-11-10,3913,23600,,
1545063,36,2026-11-10,3913,23600,,
1547096,25,2026-11-06,4623,20000,,
1547096,25,2026-11-07,4623,20000,,
1547096,25,2026-11-08,4623,20000,,
1547096,25,2026-11-13,4623,20000,,
1547096,25,2026-11-14,4623,20000,,
1547096,25,2026-11-15,4623,20000,,
1547096,26,2026-11-06,4623,20000,,
1547096,26,2026-11-07,4623,20000,,
1547096,26,2026-11-08,4623,20000,,
1547096,26,2026-11-13,4623,20000,,
1547096,26,2026-11-14,4623,20000,,
1547096,26,2026-11-15,4623,20000,,
1559112,25,2027-08-22,1714,23600,,
1559112,25,2027-08-27,1714,23600,,
1559112,25,2027-08-28,1714,23600,,
1559112,25,2027-08-29,1714,23600,,
1559112,25,2027-08-30,1714,23600,,
1559112,25,2027-08-31,1714,23600,,
1559112,25,2027-09-09,1714,23600,,
1559112,26,2027-08-22,1714,23600,,
1559112,26,2027-08-27,1714,23600,,
1559112,26,2027-08-28,1714,23600,,
1559112,26,2027-08-29,1714,23600,,
1559112,26,2027-08-30,1714,23600,,
1559112,26,2027-08-31,1714,23600,,
1559112,26,2027-09-09,1714,23600,,
1559112,55,2027-08-22,1714,23600,,
1559112,55,2027-08-27,1714,23600,,
1559112,55,2027-08-28,1714,23600,,
1559112,55,2027-08-29,1714,23600,,
1559112,55,2027-08-30,1714,23600,,
1559112,55,2027-08-31,1714,23600,,
1559112,55,2027-09-09,1714,23600,,
1766640,15,2026-12-01,1187,23600,,
1766640,15,2026-12-07,1187,23600,,
1766640,15,2026-12-08,1187,23600,,
1766640,16,2026-12-01,1187,23600,,
1766640,16,2026-12-07,1187,23600,,
1766640,16,2026-12-08,1187,23600,,
1766640,38,2026-12-01,1187,23600,,
1766640,38,2026-12-07,1187,23600,,
1766640,38,2026-12-08,1187,23600,,
1766640,52,2026-12-01,1187,23600,,
1766640,52,2026-12-07,1187,23600,,
1766640,52,2026-12-08,1187,23600,,
1809628,42,2027-08-22,2033,23600,,
1809628,42,2027-08-27,2033,23600,,
1809628,42,2027-08-28,2033,23600,,
1809628,42,2027-08-29,2033,23600,,
1809628,42,2027-08-30,2033,23600,,
1809628,42,2027-08-31,2033,23600,,
1809628,42,2027-09-09,2033,23600,,
1809628,43,2027-08-22,2033,23600,,
1809628,43,2027-08-27,2033,23600,,
1809628,43,2027-08-28,2033,23600,,
1809628,43,2027-08-29,2033,23600,,
1809628,43,2027-08-30,2033,23600,,
1809628,43,2027-08-31,2033,23600,,
1809628,43,2027-09-09,2033,23600,,
1912757,25,2026-12-01,1283,23600,,
1912757,25,2026-12-07,1283,23600,,
1912757,25,2026-12-08,1283,23600,,
1912757,26,2026-12-01,1283,23600,,
1912757,26,2026-12-07,1283,23600,,
1912757,26,2026-12-08,1283,23600,,
2015296,25,2027-08-22,1148,20000,,
2015296,25,2027-08-27,1148,20000,,
2015296,25,2027-08-28,1148,20000,,
2015296,25,2027-08-29,1148,20000,,
2015296,25,2027-08-30,1148,20000,,
2015296,25,2027-08-31,1148,20000,,
2015296,26,2027-08-22,1148,20000,,
2015296,26,2027-08-27,1148,20000,,
2015296,26,2027-08-28,1148,20000,,
2015296,26,2027-08-29,1148,20000,,
2015296,26,2027-08-30,1148,20000,,
2015296,26,2027-08-31,1148,20000,,
2020755,17,2026-11-22,2021,20000,,
2020755,17,2026-11-23,2021,20000,,
2020755,17,2026-11-24,2021,20000,,
2020755,17,2026-11-25,2021,20000,,
2020755,18,2026-11-22,2021,20000,,
2020755,18,2026-11-23,2021,20000,,
2020755,18,2026-11-24,2021,20000,,
2020755,18,2026-11-25,2021,20000,,
2020755,23,2026-11-22,2435,20000,,
2020755,23,2026-11-23,2435,20000,,
2020755,23,2026-11-24,2435,20000,,
2020755,23,2026-11-25,2435,20000,,
2020755,24,2026-11-22,2435,20000,,
2020755,24,2026-11-23,2435,20000,,
2020755,24,2026-11-24,2435,20000,,
2020755,24,2026-11-25,2435,20000,,
2020755,40,2026-11-22,2435,20000,,
2020755,40,2026-11-23,2435,20000,,
2020755,40,2026-11-24,2435,20000,,
2020755,40,2026-11-25,2435,20000,,
2020755,50,2026-11-22,2021,20000,,
2020755,50,2026-11-23,2021,20000,,
2020755,50,2026-11-24,2021,20000,,
2020755,50,2026-11-25,2021,20000,,
2026607,17,2026-12-04,1855,20000,,
2026607,17,2026-12-05,1855,20000,,
2026607,18,2026-12-04,1855,20000,,
2026607,18,2026-12-05,1855,20000,,
2026607,50,2026-12-04,1855,20000,,
2026607,50,2026-12-05,1855,20000,,
2053245,23,2027-09-09,1677,23600,,
2053245,24,2027-09-09,1677,23600,,
2053245,40,2027-09-09,1677,23600,,
2066561,42,2026-11-24,2895,27848,,
2066561,42,2026-11-25,2895,27848,,
2066561,43,2026-11-24,2895,27848,,
2066561,43,2026-11-25,2895,27848,,
2345375,25,2026-11-22,1187,23600,,
2345375,25,2026-11-23,1187,23600,,
2345375,25,2026-11-27,1187,23600,,
2345375,25,2026-11-28,1187,23600,,
2345375,25,2026-11-29,1187,23600,,
2345375,25,2026-11-30,1187,23600,,
2345375,25,2026-12-01,1187,23600,,
2345375,25,2026-12-07,1187,23600,,
2345375,25,2026-12-08,1187,23600,,
1204840,25,2026-12-04,1859,27848,,
1204840,25,2026-12-05,1859,27848,,
1204840,26,2026-12-04,1859,27848,,
1204840,26,2026-12-05,1859,27848,,
1204840,27,2026-12-02,1847,27848,,
1204840,27,2026-12-03,1847,27848,,
1204840,27,2026-12-06,1847,27848,,
1204840,28,2026-12-02,1847,27848,,
1204840,28,2026-12-03,1847,27848,,
1204840,28,2026-12-06,1847,27848,,
1206822,42,2026-11-22,3508,23600,,
1206822,42,2026-11-23,3508,23600,,
1206822,43,2026-11-22,3508,23600,,
1206822,43,2026-11-23,3508,23600,,
1208576,35,2026-12-02,2404,20000,,
1208576,35,2026-12-03,2404,20000,,
1208576,35,2026-12-06,2404,20000,,
1208576,36,2026-12-02,2404,20000,,
1208576,36,2026-12-03,2404,20000,,
1208576,36,2026-12-06,2404,20000,,
1242203,17,2026-11-01,1288,23600,,
1242203,17,2026-11-02,1288,23600,,
1242203,17,2026-11-03,1288,23600,,
1242203,17,2026-11-04,1288,23600,,
1242203,17,2026-11-05,1288,23600,,
1242203,17,2026-11-12,1288,23600,,
1242203,17,2026-11-18,1288,23600,,
1242203,17,2026-11-19,1288,23600,,
1242203,17,2026-11-22,1288,23600,,
1242203,17,2026-11-23,1288,23600,,
1242203,17,2026-11-29,1288,23600,,
1242203,17,2026-11-30,1288,23600,,
1242203,18,2026-11-01,1288,23600,,
1242203,18,2026-11-02,1288,23600,,
1242203,18,2026-11-03,1288,23600,,
1242203,18,2026-11-04,1288,23600,,
1242203,18,2026-11-05,1288,23600,,
1242203,18,2026-11-12,1288,23600,,
1242203,18,2026-11-18,1288,23600,,
1242203,18,2026-11-19,1288,23600,,
1242203,18,2026-11-22,1288,23600,,
1242203,18,2026-11-23,1288,23600,,
1242203,18,2026-11-29,1288,23600,,
1242203,18,2026-11-30,1288,23600,,
1242203,19,2026-11-01,1288,23600,,
1242203,19,2026-11-02,1288,23600,,
1242203,19,2026-11-03,1288,23600,,
1242203,19,2026-11-04,1288,23600,,
1242203,19,2026-11-05,1288,23600,,
1242203,19,2026-11-12,1288,23600,,
1242203,19,2026-11-18,1288,23600,,
1242203,19,2026-11-19,1288,23600,,
1242203,19,2026-11-22,1288,23600,,
1242203,19,2026-11-23,1288,23600,,
1242203,19,2026-11-29,1288,23600,,
1242203,19,2026-11-30,1288,23600,,
1242203,20,2026-11-01,1288,23600,,
1242203,20,2026-11-02,1288,23600,,
1242203,20,2026-11-03,1288,23600,,
1242203,20,2026-11-04,1288,23600,,
1242203,20,2026-11-05,1288,23600,,
1242203,20,2026-11-12,1288,23600,,
1242203,20,2026-11-18,1288,23600,,
1242203,20,2026-11-19,1288,23600,,
1242203,20,2026-11-22,1288,23600,,
1242203,20,2026-11-23,1288,23600,,
1242203,20,2026-11-29,1288,23600,,
1242203,20,2026-11-30,1288,23600,,
1242203,50,2026-11-01,1288,23600,,
1242203,50,2026-11-02,1288,23600,,
1242203,50,2026-11-03,1288,23600,,
1242203,50,2026-11-04,1288,23600,,
1242203,50,2026-11-05,1288,23600,,
1242203,50,2026-11-12,1288,23600,,
1242203,50,2026-11-18,1288,23600,,
1242203,50,2026-11-19,1288,23600,,
1242203,50,2026-11-22,1288,23600,,
1242203,50,2026-11-23,1288,23600,,
1242203,50,2026-11-29,1288,23600,,
1242203,50,2026-11-30,1288,23600,,
1307656,25,2026-12-04,1195,23600,,
1307656,25,2026-12-05,1195,23600,,
1307656,26,2026-12-04,1195,23600,,
1307656,26,2026-12-05,1195,23600,,
1379430,17,2026-09-13,2255,23600,,
1379430,17,2026-09-14,2286,23600,,
1379430,18,2026-09-13,2255,23600,,
1379430,18,2026-09-14,2286,23600,,
1379430,25,2026-09-13,2255,23600,,
1379430,25,2026-09-14,2286,23600,,
1379430,26,2026-09-13,2255,23600,,
1379430,26,2026-09-14,2286,23600,,
1379430,27,2026-09-15,3083,23600,,
1379430,27,2026-09-16,3083,23600,,
1379430,27,2026-09-17,3083,23600,,
1379430,27,2026-09-18,3083,23600,,
1379430,27,2026-09-19,3083,23600,,
1379430,27,2026-09-20,3083,23600,,
1379430,27,2026-09-21,3083,23600,,
1379430,28,2026-09-15,3083,23600,,
1379430,28,2026-09-16,3083,23600,,
1379430,28,2026-09-17,3083,23600,,
1379430,28,2026-09-18,3083,23600,,
1379430,28,2026-09-19,3083,23600,,
1379430,28,2026-09-20,3083,23600,,
1379430,28,2026-09-21,3083,23600,,
1379430,50,2026-09-13,2255,23600,,
1379430,50,2026-09-14,2286,23600,,
1394588,42,2027-08-27,2182,23600,,
1394588,42,2027-08-28,2182,23600,,
1394588,42,2027-08-29,2182,23600,,
1394588,42,2027-08-30,2182,23600,,
1394588,42,2027-08-31,2182,23600,,
1394588,42,2027-09-09,2182,23600,,
1394588,43,2027-08-27,2182,23600,,
1394588,43,2027-08-28,2182,23600,,
1394588,43,2027-08-29,2182,23600,,
1394588,43,2027-08-30,2182,23600,,
1394588,43,2027-08-31,2182,23600,,
1394588,43,2027-09-09,2182,23600,,
1433791,23,2027-08-22,2194,23600,,
1433791,23,2027-08-27,2194,23600,,
1433791,23,2027-08-28,2194,23600,,
1433791,24,2027-08-22,2194,23600,,
1433791,24,2027-08-27,2194,23600,,
1433791,24,2027-08-28,2194,23600,,
1433791,40,2027-08-22,2194,23600,,
1433791,40,2027-08-27,2194,23600,,
1433791,40,2027-08-28,2194,23600,,
1451268,19,2026-12-04,1599,20000,,
1451268,19,2026-12-05,1599,20000,,
1451268,20,2026-12-04,1599,20000,,
1451268,20,2026-12-05,1599,20000,,
1464876,27,2026-12-01,2996,23600,,
1464876,27,2026-12-07,2996,23600,,
1464876,27,2026-12-08,2996,23600,,
1464876,28,2026-12-01,2996,23600,,
1464876,28,2026-12-07,2996,23600,,
1464876,28,2026-12-08,2996,23600,,
1472544,25,2027-08-22,1286,23600,,
1472544,25,2027-08-27,1286,23600,,
1472544,25,2027-08-28,1286,23600,,
1472544,25,2027-08-29,1286,23600,,
1472544,25,2027-08-30,1286,23600,,
1472544,25,2027-08-31,1286,23600,,
1472544,25,2027-09-09,1286,23600,,
1472544,26,2027-08-22,1286,23600,,
1472544,26,2027-08-27,1286,23600,,
1472544,26,2027-08-28,1286,23600,,
1472544,26,2027-08-29,1286,23600,,
1472544,26,2027-08-30,1286,23600,,
1472544,26,2027-08-31,1286,23600,,
1472544,26,2027-09-09,1286,23600,,
1473477,25,2026-11-22,1460,23600,,
1473477,25,2026-11-23,1460,23600,,
1473477,26,2026-11-22,1460,23600,,
1473477,26,2026-11-23,1460,23600,,
1475870,27,2026-12-01,2631,23600,,
1475870,27,2026-12-07,2631,23600,,
1475870,27,2026-12-08,2631,23600,,
1475870,28,2026-12-01,2631,23600,,
1475870,28,2026-12-07,2631,23600,,
1475870,28,2026-12-08,2631,23600,,
1599794,17,2026-09-15,1276,20000,,
1599794,17,2026-09-16,1276,20000,,
1599794,17,2026-09-17,1276,20000,,
1599794,17,2026-09-18,1276,20000,,
1599794,17,2026-09-19,1276,20000,,
1599794,17,2026-09-20,1276,20000,,
1599794,17,2026-09-21,1276,20000,,
1599794,17,2026-09-22,1276,20000,,
1599794,17,2026-09-23,1276,20000,,
1599794,17,2026-09-24,1276,20000,,
1599794,17,2026-09-25,1276,20000,,
1599794,17,2026-09-26,1276,20000,,
1599794,17,2026-09-27,1276,20000,,
1599794,17,2026-09-28,1276,20000,,
1599794,17,2026-09-29,1276,20000,,
1599794,17,2026-09-30,1276,20000,,
1599794,17,2026-10-01,1276,20000,,
1599794,17,2026-10-02,1276,20000,,
1599794,17,2026-10-03,1276,20000,,
1599794,17,2026-10-04,1276,20000,,
1599794,17,2026-10-05,1276,20000,,
1599794,17,2026-10-06,1276,20000,,
1599794,17,2026-10-07,1276,20000,,
1599794,17,2026-10-08,1276,20000,,
1599794,17,2026-10-09,1276,20000,,
1599794,17,2026-10-10,1276,20000,,
1599794,17,2026-10-11,1276,20000,,
1599794,17,2026-10-12,1276,20000,,
1599794,17,2026-10-13,1276,20000,,
1599794,17,2026-10-14,1276,20000,,
1599794,17,2026-10-15,1276,20000,,
1599794,17,2026-10-16,1276,20000,,
1599794,17,2026-10-17,1276,20000,,
1599794,17,2026-10-18,1276,20000,,
1599794,17,2026-10-19,1276,20000,,
1599794,17,2026-10-20,1276,20000,,
1599794,17,2026-10-21,1276,20000,,
1599794,17,2026-10-22,1276,20000,,
1599794,17,2026-10-23,1276,20000,,
1599794,17,2026-10-24,1276,20000,,
1599794,17,2026-10-25,1276,20000,,
1599794,17,2026-10-26,1276,20000,,
1599794,17,2026-10-27,1276,20000,,
1599794,17,2026-10-28,1276,20000,,
1599794,17,2026-10-29,1276,20000,,
1599794,17,2026-10-30,1276,20000,,
1599794,17,2026-10-31,1276,20000,,
1599794,17,2026-11-01,1276,20000,,
1599794,17,2026-11-02,1276,20000,,
1599794,17,2026-11-03,1276,20000,,
1599794,17,2026-11-04,1276,20000,,
1599794,17,2026-11-05,1276,20000,,
1599794,17,2026-11-06,1276,20000,,
1599794,17,2026-11-07,1276,20000,,
1599794,17,2026-11-08,1276,20000,,
1599794,17,2026-11-09,1276,20000,,
1599794,17,2026-11-10,1276,20000,,
1599794,17,2026-11-11,1276,20000,,
1599794,17,2026-11-12,1276,20000,,
1599794,17,2026-11-13,1276,20000,,
1599794,17,2026-11-14,1276,20000,,
1599794,17,2026-11-15,1276,20000,,
1599794,17,2026-11-16,1276,20000,,
1599794,17,2026-11-17,1276,20000,,
1599794,17,2026-11-18,1276,20000,,
1599794,17,2026-11-19,1276,20000,,
1599794,17,2026-11-20,1276,20000,,
1599794,17,2026-11-21,1276,20000,,
1599794,17,2026-11-22,1276,20000,,
1599794,17,2026-11-23,1276,20000,,
1599794,17,2026-11-24,1276,20000,,
1599794,17,2026-11-25,1276,20000,,
1599794,17,2026-12-01,1276,20000,,
1599794,17,2026-12-02,1276,20000,,
1599794,17,2026-12-03,1276,20000,,
1599794,17,2026-12-04,1276,20000,,
1599794,17,2026-12-05,1276,20000,,
1599794,17,2026-12-06,1276,20000,,
1599794,17,2026-12-07,1276,20000,,
1599794,17,2026-12-08,1276,20000,,
1599794,18,2026-09-15,1276,20000,,
1599794,18,2026-09-16,1276,20000,,
1599794,18,2026-09-17,1276,20000,,
1599794,18,2026-09-18,1276,20000,,
1599794,18,2026-09-19,1276,20000,,
1599794,18,2026-09-20,1276,20000,,
1599794,18,2026-09-21,1276,20000,,
1599794,18,2026-09-22,1276,20000,,
1599794,18,2026-09-23,1276,20000,,
1599794,18,2026-09-24,1276,20000,,
1599794,18,2026-09-25,1276,20000,,
1599794,18,2026-09-26,1276,20000,,
1599794,18,2026-09-27,1276,20000,,
1599794,18,2026-09-28,1276,20000,,
1599794,18,2026-09-29,1276,20000,,
1599794,18,2026-09-30,1276,20000,,
1599794,18,2026-10-01,1276,20000,,
1599794,18,2026-10-02,1276,20000,,
1599794,18,2026-10-03,1276,20000,,
1599794,18,2026-10-04,1276,20000,,
1599794,18,2026-10-05,1276,20000,,
1599794,18,2026-10-06,1276,20000,,
1599794,18,2026-10-07,1276,20000,,
1599794,18,2026-10-08,1276,20000,,
1599794,18,2026-10-09,1276,20000,,
1599794,18,2026-10-10,1276,20000,,
1599794,18,2026-10-11,1276,20000,,
1599794,18,2026-10-12,1276,20000,,
1599794,18,2026-10-13,1276,20000,,
1599794,18,2026-10-14,1276,20000,,
1599794,18,2026-10-15,1276,20000,,
1599794,18,2026-10-16,1276,20000,,
1599794,18,2026-10-17,1276,20000,,
1599794,18,2026-10-18,1276,20000,,
1599794,18,2026-10-19,1276,20000,,
1599794,18,2026-10-20,1276,20000,,
1599794,18,2026-10-21,1276,20000,,
1599794,18,2026-10-22,1276,20000,,
1599794,18,2026-10-23,1276,20000,,
1599794,18,2026-10-24,1276,20000,,
1599794,18,2026-10-25,1276,20000,,
1599794,18,2026-10-26,1276,20000,,
1599794,18,2026-10-27,1276,20000,,
1599794,18,2026-10-28,1276,20000,,
1599794,18,2026-10-29,1276,20000,,
1599794,18,2026-10-30,1276,20000,,
1599794,18,2026-10-31,1276,20000,,
1599794,18,2026-11-01,1276,20000,,
1599794,18,2026-11-02,1276,20000,,
1599794,18,2026-11-03,1276,20000,,
1599794,18,2026-11-04,1276,20000,,
1599794,18,2026-11-05,1276,20000,,
1599794,18,2026-11-06,1276,20000,,
1599794,18,2026-11-07,1276,20000,,
1599794,18,2026-11-08,1276,20000,,
1599794,18,2026-11-09,1276,20000,,
1599794,18,2026-11-10,1276,20000,,
1599794,18,2026-11-11,1276,20000,,
1599794,18,2026-11-12,1276,20000,,
1599794,18,2026-11-13,1276,20000,,
1599794,18,2026-11-14,1276,20000,,
1599794,18,2026-11-15,1276,20000,,
1599794,18,2026-11-16,1276,20000,,
1599794,18,2026-11-17,1276,20000,,
1599794,18,2026-11-18,1276,20000,,
1599794,18,2026-11-19,1276,20000,,
1599794,18,2026-11-20,1276,20000,,
1599794,18,2026-11-21,1276,20000,,
1599794,18,2026-11-22,1276,20000,,
1599794,18,2026-11-23,1276,20000,,
1599794,18,2026-11-24,1276,20000,,
1599794,18,2026-11-25,1276,20000,,
1599794,18,2026-12-01,1276,20000,,
1599794,18,2026-12-02,1276,20000,,
1599794,18,2026-12-03,1276,20000,,
1599794,18,2026-12-04,1276,20000,,
1599794,18,2026-12-05,1276,20000,,
1599794,18,2026-12-06,1276,20000,,
1599794,18,2026-12-07,1276,20000,,
1599794,18,2026-12-08,1276,20000,,
1599794,29,2026-09-15,1690,20000,,
1599794,29,2026-09-16,1690,20000,,
1599794,29,2026-09-17,1690,20000,,
1599794,29,2026-09-18,1690,20000,,
1599794,29,2026-09-19,1690,20000,,
1599794,29,2026-09-20,1690,20000,,
1599794,29,2026-09-21,1690,20000,,
1599794,29,2026-09-22,1690,20000,,
1599794,29,2026-09-23,1690,20000,,
1599794,29,2026-09-24,1690,20000,,
1599794,29,2026-09-25,1690,20000,,
1599794,29,2026-09-26,1690,20000,,
1599794,29,2026-09-27,1690,20000,,
1599794,29,2026-09-28,1690,20000,,
1599794,29,2026-09-29,1690,20000,,
1599794,29,2026-09-30,1690,20000,,
1599794,29,2026-10-01,1690,20000,,
1599794,29,2026-10-02,1690,20000,,
1599794,29,2026-10-03,1690,20000,,
1599794,29,2026-10-04,1690,20000,,
1599794,29,2026-10-05,1690,20000,,
1599794,29,2026-10-06,1690,20000,,
1599794,29,2026-10-07,1690,20000,,
1599794,29,2026-10-08,1690,20000,,
1599794,29,2026-10-09,1690,20000,,
1599794,29,2026-10-10,1690,20000,,
1599794,29,2026-10-11,1690,20000,,
1599794,29,2026-10-12,1690,20000,,
1599794,29,2026-10-13,1690,20000,,
1599794,29,2026-10-14,1690,20000,,
1599794,29,2026-10-15,1690,20000,,
1599794,29,2026-10-16,1690,20000,,
1599794,29,2026-10-17,1690,20000,,
1599794,29,2026-10-18,1690,20000,,
1599794,29,2026-10-19,1690,20000,,
1599794,29,2026-10-20,1690,20000,,
1599794,29,2026-10-21,1690,20000,,
1599794,29,2026-10-22,1690,20000,,
1599794,29,2026-10-23,1690,20000,,
1599794,29,2026-10-24,1690,20000,,
1599794,29,2026-10-25,1690,20000,,
1599794,29,2026-10-26,1690,20000,,
1599794,29,2026-10-27,1690,20000,,
1599794,29,2026-10-28,1690,20000,,
1599794,29,2026-10-29,1690,20000,,
1599794,29,2026-10-30,1690,20000,,
1599794,29,2026-10-31,1690,20000,,
1599794,29,2026-11-01,1690,20000,,
1599794,29,2026-11-02,1690,20000,,
1599794,29,2026-11-03,1690,20000,,
1599794,29,2026-11-04,1690,20000,,
1599794,29,2026-11-05,1690,20000,,
1599794,29,2026-11-06,1690,20000,,
1599794,29,2026-11-07,1690,20000,,
1599794,29,2026-11-08,1690,20000,,
1599794,29,2026-11-09,1690,20000,,
1599794,29,2026-11-10,1690,20000,,
1599794,29,2026-11-11,1690,20000,,
1599794,29,2026-11-12,1690,20000,,
1599794,29,2026-11-13,1690,20000,,
1599794,29,2026-11-14,1690,20000,,
1599794,29,2026-11-15,1690,20000,,
1599794,29,2026-11-16,1690,20000,,
1599794,29,2026-11-17,1690,20000,,
1599794,29,2026-11-18,1690,20000,,
1599794,29,2026-11-19,1690,20000,,
1599794,29,2026-11-20,1690,20000,,
1599794,29,2026-11-21,1690,20000,,
1599794,29,2026-11-22,1690,20000,,
1599794,29,2026-11-23,1690,20000,,
1599794,29,2026-11-24,1690,20000,,
1599794,29,2026-11-25,1690,20000,,
1599794,29,2026-12-01,1690,20000,,
1599794,29,2026-12-02,1690,20000,,
1599794,29,2026-12-03,1690,20000,,
1599794,29,2026-12-04,1690,20000,,
1599794,29,2026-12-05,1690,20000,,
1599794,29,2026-12-06,1690,20000,,
1599794,29,2026-12-07,1690,20000,,
1599794,29,2026-12-08,1690,20000,,
1599794,30,2026-09-15,1690,20000,,
1599794,30,2026-09-16,1690,20000,,
1599794,30,2026-09-17,1690,20000,,
1599794,30,2026-09-18,1690,20000,,
1599794,30,2026-09-19,1690,20000,,
1599794,30,2026-09-20,1690,20000,,
1599794,30,2026-09-21,1690,20000,,
1599794,30,2026-09-22,1690,20000,,
1599794,30,2026-09-23,1690,20000,,
1599794,30,2026-09-24,1690,20000,,
1599794,30,2026-09-25,1690,20000,,
1599794,30,2026-09-26,1690,20000,,
1599794,30,2026-09-27,1690,20000,,
1599794,30,2026-09-28,1690,20000,,
1599794,30,2026-09-29,1690,20000,,
1599794,30,2026-09-30,1690,20000,,
1599794,30,2026-10-01,1690,20000,,
1599794,30,2026-10-02,1690,20000,,
1599794,30,2026-10-03,1690,20000,,
1599794,30,2026-10-04,1690,20000,,
1599794,30,2026-10-05,1690,20000,,
1599794,30,2026-10-06,1690,20000,,
1599794,30,2026-10-07,1690,20000,,
1599794,30,2026-10-08,1690,20000,,
1599794,30,2026-10-09,1690,20000,,
1599794,30,2026-10-10,1690,20000,,
1599794,30,2026-10-11,1690,20000,,
1599794,30,2026-10-12,1690,20000,,
1599794,30,2026-10-13,1690,20000,,
1599794,30,2026-10-14,1690,20000,,
1599794,30,2026-10-15,1690,20000,,
1599794,30,2026-10-16,1690,20000,,
1599794,30,2026-10-17,1690,20000,,
1599794,30,2026-10-18,1690,20000,,
1599794,30,2026-10-19,1690,20000,,
1599794,30,2026-10-20,1690,20000,,
1599794,30,2026-10-21,1690,20000,,
1599794,30,2026-10-22,1690,20000,,
1599794,30,2026-10-23,1690,20000,,
1599794,30,2026-10-24,1690,20000,,
1599794,30,2026-10-25,1690,20000,,
1599794,30,2026-10-26,1690,20000,,
1599794,30,2026-10-27,1690,20000,,
1599794,30,2026-10-28,1690,20000,,
1599794,30,2026-10-29,1690,20000,,
1599794,30,2026-10-30,1690,20000,,
1599794,30,2026-10-31,1690,20000,,
1599794,30,2026-11-01,1690,20000,,
1599794,30,2026-11-02,1690,20000,,
1599794,30,2026-11-03,1690,20000,,
1599794,30,2026-11-04,1690,20000,,
1599794,30,2026-11-05,1690,20000,,
1599794,30,2026-11-06,1690,20000,,
1599794,30,2026-11-07,1690,20000,,
1599794,30,2026-11-08,1690,20000,,
1599794,30,2026-11-09,1690,20000,,
1599794,30,2026-11-10,1690,20000,,
1599794,30,2026-11-11,1690,20000,,
1599794,30,2026-11-12,1690,20000,,
1599794,30,2026-11-13,1690,20000,,
1599794,30,2026-11-14,1690,20000,,
1599794,30,2026-11-15,1690,20000,,
1599794,30,2026-11-16,1690,20000,,
1599794,30,2026-11-17,1690,20000,,
1599794,30,2026-11-18,1690,20000,,
1599794,30,2026-11-19,1690,20000,,
1599794,30,2026-11-20,1690,20000,,
1599794,30,2026-11-21,1690,20000,,
1599794,30,2026-11-22,1690,20000,,
1599794,30,2026-11-23,1690,20000,,
1599794,30,2026-11-24,1690,20000,,
1599794,30,2026-11-25,1690,20000,,
1599794,30,2026-12-01,1690,20000,,
1599794,30,2026-12-02,1690,20000,,
1599794,30,2026-12-03,1690,20000,,
1599794,30,2026-12-04,1690,20000,,
1599794,30,2026-12-05,1690,20000,,
1599794,30,2026-12-06,1690,20000,,
1599794,30,2026-12-07,1690,20000,,
1599794,30,2026-12-08,1690,20000,,
1599794,31,2026-09-15,1690,20000,,
1599794,31,2026-09-16,1690,20000,,
1599794,31,2026-09-17,1690,20000,,
1599794,31,2026-09-18,1690,20000,,
1599794,31,2026-09-19,1690,20000,,
1599794,31,2026-09-20,1690,20000,,
1599794,31,2026-09-21,1690,20000,,
1599794,31,2026-09-22,1690,20000,,
1599794,31,2026-09-23,1690,20000,,
1599794,31,2026-09-24,1690,20000,,
1599794,31,2026-09-25,1690,20000,,
1599794,31,2026-09-26,1690,20000,,
1599794,31,2026-09-27,1690,20000,,
1599794,31,2026-09-28,1690,20000,,
1599794,31,2026-09-29,1690,20000,,
1599794,31,2026-09-30,1690,20000,,
1599794,31,2026-10-01,1690,20000,,
1599794,31,2026-10-02,1690,20000,,
1599794,31,2026-10-03,1690,20000,,
1599794,31,2026-10-04,1690,20000,,
1599794,31,2026-10-05,1690,20000,,
1599794,31,2026-10-06,1690,20000,,
1599794,31,2026-10-07,1690,20000,,
1599794,31,2026-10-08,1690,20000,,
1599794,31,2026-10-09,1690,20000,,
1599794,31,2026-10-10,1690,20000,,
1599794,31,2026-10-11,1690,20000,,
1599794,31,2026-10-12,1690,20000,,
1599794,31,2026-10-13,1690,20000,,
1599794,31,2026-10-14,1690,20000,,
1599794,31,2026-10-15,1690,20000,,
1599794,31,2026-10-16,1690,20000,,
1599794,31,2026-10-17,1690,20000,,
1599794,31,2026-10-18,1690,20000,,
1599794,31,2026-10-19,1690,20000,,
1599794,31,2026-10-20,1690,20000,,
1599794,31,2026-10-21,1690,20000,,
1599794,31,2026-10-22,1690,20000,,
1599794,31,2026-10-23,1690,20000,,
1599794,31,2026-10-24,1690,20000,,
1599794,31,2026-10-25,1690,20000,,
1599794,31,2026-10-26,1690,20000,,
1599794,31,2026-10-27,1690,20000,,
1599794,31,2026-10-28,1690,20000,,
1599794,31,2026-10-29,1690,20000,,
1599794,31,2026-10-30,1690,20000,,
1599794,31,2026-10-31,1690,20000,,
1599794,31,2026-11-01,1690,20000,,
1599794,31,2026-11-02,1690,20000,,
1599794,31,2026-11-03,1690,20000,,
1599794,31,2026-11-04,1690,20000,,
1599794,31,2026-11-05,1690,20000,,
1599794,31,2026-11-06,1690,20000,,
1599794,31,2026-11-07,1690,20000,,
1599794,31,2026-11-08,1690,20000,,
1599794,31,2026-11-09,1690,20000,,
1599794,31,2026-11-10,1690,20000,,
1599794,31,2026-11-11,1690,20000,,
1599794,31,2026-11-12,1690,20000,,
1599794,31,2026-11-13,1690,20000,,
1599794,31,2026-11-14,1690,20000,,
1599794,31,2026-11-15,1690,20000,,
1599794,31,2026-11-16,1690,20000,,
1599794,31,2026-11-17,1690,20000,,
1599794,31,2026-11-18,1690,20000,,
1599794,31,2026-11-19,1690,20000,,
1599794,31,2026-11-20,1690,20000,,
1599794,31,2026-11-21,1690,20000,,
1599794,31,2026-11-22,1690,20000,,
1599794,31,2026-11-23,1690,20000,,
1599794,31,2026-11-24,1690,20000,,
1599794,31,2026-11-25,1690,20000,,
1599794,31,2026-12-01,1690,20000,,
1599794,31,2026-12-02,1690,20000,,
1599794,31,2026-12-03,1690,20000,,
1599794,31,2026-12-04,1690,20000,,
1599794,31,2026-12-05,1690,20000,,
1599794,31,2026-12-06,1690,20000,,
1599794,31,2026-12-07,1690,20000,,
1599794,31,2026-12-08,1690,20000,,
1599794,50,2026-09-15,1276,20000,,
1599794,50,2026-09-16,1276,20000,,
1599794,50,2026-09-17,1276,20000,,
1599794,50,2026-09-18,1276,20000,,
1599794,50,2026-09-19,1276,20000,,
1599794,50,2026-09-20,1276,20000,,
1599794,50,2026-09-21,1276,20000,,
1599794,50,2026-09-22,1276,20000,,
1599794,50,2026-09-23,1276,20000,,
1599794,50,2026-09-24,1276,20000,,
1599794,50,2026-09-25,1276,20000,,
1599794,50,2026-09-26,1276,20000,,
1599794,50,2026-09-27,1276,20000,,
1599794,50,2026-09-28,1276,20000,,
1599794,50,2026-09-29,1276,20000,,
1599794,50,2026-09-30,1276,20000,,
1599794,50,2026-10-01,1276,20000,,
1599794,50,2026-10-02,1276,20000,,
1599794,50,2026-10-03,1276,20000,,
1599794,50,2026-10-04,1276,20000,,
1599794,50,2026-10-05,1276,20000,,
1599794,50,2026-10-06,1276,20000,,
1599794,50,2026-10-07,1276,20000,,
1599794,50,2026-10-08,1276,20000,,
1599794,50,2026-10-09,1276,20000,,
1599794,50,2026-10-10,1276,20000,,
1599794,50,2026-10-11,1276,20000,,
1599794,50,2026-10-12,1276,20000,,
1599794,50,2026-10-13,1276,20000,,
1599794,50,2026-10-14,1276,20000,,
1599794,50,2026-10-15,1276,20000,,
1599794,50,2026-10-16,1276,20000,,
1599794,50,2026-10-17,1276,20000,,
1599794,50,2026-10-18,1276,20000,,
1599794,50,2026-10-19,1276,20000,,
1599794,50,2026-10-20,1276,20000,,
1599794,50,2026-10-21,1276,20000,,
1599794,50,2026-10-22,1276,20000,,
1599794,50,2026-10-23,1276,20000,,
1599794,50,2026-10-24,1276,20000,,
1599794,50,2026-10-25,1276,20000,,
1599794,50,2026-10-26,1276,20000,,
1599794,50,2026-10-27,1276,20000,,
1599794,50,2026-10-28,1276,20000,,
1599794,50,2026-10-29,1276,20000,,
1599794,50,2026-10-30,1276,20000,,
1599794,50,2026-10-31,1276,20000,,
1599794,50,2026-11-01,1276,20000,,
1599794,50,2026-11-02,1276,20000,,
1599794,50,2026-11-03,1276,20000,,
1599794,50,2026-11-04,1276,20000,,
1599794,50,2026-11-05,1276,20000,,
1599794,50,2026-11-06,1276,20000,,
1599794,50,2026-11-07,1276,20000,,
1599794,50,2026-11-08,1276,20000,,
1599794,50,2026-11-09,1276,20000,,
1599794,50,2026-11-10,1276,20000,,
1599794,50,2026-11-11,1276,20000,,
1599794,50,2026-11-12,1276,20000,,
1599794,50,2026-11-13,1276,20000,,
1599794,50,2026-11-14,1276,20000,,
1599794,50,2026-11-15,1276,20000,,
1599794,50,2026-11-16,1276,20000,,
1599794,50,2026-11-17,1276,20000,,
1599794,50,2026-11-18,1276,20000,,
1599794,50,2026-11-19,1276,20000,,
1599794,50,2026-11-20,1276,20000,,
1599794,50,2026-11-21,1276,20000,,
1599794,50,2026-11-22,1276,20000,,
1599794,50,2026-11-23,1276,20000,,
1599794,50,2026-11-24,1276,20000,,
1599794,50,2026-11-25,1276,20000,,
1599794,50,2026-12-01,1276,20000,,
1599794,50,2026-12-02,1276,20000,,
1599794,50,2026-12-03,1276,20000,,
1599794,50,2026-12-04,1276,20000,,
1599794,50,2026-12-05,1276,20000,,
1599794,50,2026-12-06,1276,20000,,
1599794,50,2026-12-07,1276,20000,,
1599794,50,2026-12-08,1276,20000,,
1599794,57,2026-09-15,1690,20000,,
1599794,57,2026-09-16,1690,20000,,
1599794,57,2026-09-17,1690,20000,,
1599794,57,2026-09-18,1690,20000,,
1599794,57,2026-09-19,1690,20000,,
1599794,57,2026-09-20,1690,20000,,
1599794,57,2026-09-21,1690,20000,,
1599794,57,2026-09-22,1690,20000,,
1599794,57,2026-09-23,1690,20000,,
1599794,57,2026-09-24,1690,20000,,
1599794,57,2026-09-25,1690,20000,,
1599794,57,2026-09-26,1690,20000,,
1599794,57,2026-09-27,1690,20000,,
1599794,57,2026-09-28,1690,20000,,
1599794,57,2026-09-29,1690,20000,,
1599794,57,2026-09-30,1690,20000,,
1599794,57,2026-10-01,1690,20000,,
1599794,57,2026-10-02,1690,20000,,
1599794,57,2026-10-03,1690,20000,,
1599794,57,2026-10-04,1690,20000,,
1599794,57,2026-10-05,1690,20000,,
1599794,57,2026-10-06,1690,20000,,
1599794,57,2026-10-07,1690,20000,,
1599794,57,2026-10-08,1690,20000,,
1599794,57,2026-10-09,1690,20000,,
1599794,57,2026-10-10,1690,20000,,
1599794,57,2026-10-11,1690,20000,,
1599794,57,2026-10-12,1690,20000,,
1599794,57,2026-10-13,1690,20000,,
1599794,57,2026-10-14,1690,20000,,
1599794,57,2026-10-15,1690,20000,,
1599794,57,2026-10-16,1690,20000,,
1599794,57,2026-10-17,1690,20000,,
1599794,57,2026-10-18,1690,20000,,
1599794,57,2026-10-19,1690,20000,,
1599794,57,2026-10-20,1690,20000,,
1599794,57,2026-10-21,1690,20000,,
1599794,57,2026-10-22,1690,20000,,
1599794,57,2026-10-23,1690,20000,,
1599794,57,2026-10-24,1690,20000,,
1599794,57,2026-10-25,1690,20000,,
1599794,57,2026-10-26,1690,20000,,
1599794,57,2026-10-27,1690,20000,,
1599794,57,2026-10-28,1690,20000,,
1599794,57,2026-10-29,1690,20000,,
1599794,57,2026-10-30,1690,20000,,
1599794,57,2026-10-31,1690,20000,,
1599794,57,2026-11-01,1690,20000,,
1599794,57,2026-11-02,1690,20000,,
1599794,57,2026-11-03,1690,20000,,
1599794,57,2026-11-04,1690,20000,,
1599794,57,2026-11-05,1690,20000,,
1599794,57,2026-11-06,1690,20000,,
1599794,57,2026-11-07,1690,20000,,
1599794,57,2026-11-08,1690,20000,,
1599794,57,2026-11-09,1690,20000,,
1599794,57,2026-11-10,1690,20000,,
1599794,57,2026-11-11,1690,20000,,
1599794,57,2026-11-12,1690,20000,,
1599794,57,2026-11-13,1690,20000,,
1599794,57,2026-11-14,1690,20000,,
1599794,57,2026-11-15,1690,20000,,
1599794,57,2026-11-16,1690,20000,,
1599794,57,2026-11-17,1690,20000,,
1599794,57,2026-11-18,1690,20000,,
1599794,57,2026-11-19,1690,20000,,
1599794,57,2026-11-20,1690,20000,,
1599794,57,2026-11-21,1690,20000,,
1599794,57,2026-11-22,1690,20000,,
1599794,57,2026-11-23,1690,20000,,
1599794,57,2026-11-24,1690,20000,,
1599794,57,2026-11-25,1690,20000,,
1599794,57,2026-12-01,1690,20000,,
1599794,57,2026-12-02,1690,20000,,
1599794,57,2026-12-03,1690,20000,,
1599794,57,2026-12-04,1690,20000,,
1599794,57,2026-12-05,1690,20000,,
1599794,57,2026-12-06,1690,20000,,
1599794,57,2026-12-07,1690,20000,,
1599794,57,2026-12-08,1690,20000,,
2019978,25,2026-11-22,1905,20000,,
2019978,25,2026-11-23,1905,20000,,
2019978,25,2026-12-01,1905,20000,,
2019978,25,2026-12-07,1905,20000,,
2019978,25,2026-12-08,1905,20000,,
2019978,25,2027-09-09,1905,20000,,
2019978,26,2026-11-22,1905,20000,,
2019978,26,2026-11-23,1905,20000,,
2019978,26,2026-12-01,1905,20000,,
2019978,26,2026-12-07,1905,20000,,
2019978,26,2026-12-08,1905,20000,,
2019978,26,2027-09-09,1905,20000,,
2025675,17,2026-12-04,1440,20000,,
2025675,17,2026-12-05,1440,20000,,
2025675,18,2026-12-04,1440,20000,,
2025675,18,2026-12-05,1440,20000,,
2065763,113,2027-08-22,1900,32861,,
2065763,113,2027-08-27,1900,32861,,
2065763,113,2027-08-28,1900,32861,,
2065763,113,2027-08-29,1900,32861,,
2065763,113,2027-08-30,1900,32861,,
2065763,113,2027-08-31,1900,32861,,
2065763,113,2027-09-09,1900,32861,,
2066561,42,2026-12-02,2895,27848,,
2066561,42,2026-12-03,2895,27848,,
2066561,42,2026-12-06,2895,27848,,
2066561,43,2026-12-02,2895,27848,,
2066561,43,2026-12-03,2895,27848,,
2066561,43,2026-12-06,2895,27848,,
4477291,19,2026-12-04,1323,20000,,
4477291,19,2026-12-05,1323,20000,,
4477291,20,2026-12-04,1323,20000,,
4477291,20,2026-12-05,1323,20000,,
6141453,21,2026-11-27,1862,23600,,
6141453,21,2026-11-28,1862,23600,,
6141453,22,2026-11-27,1862,23600,,
6141453,22,2026-11-28,1862,23600,,
6141453,23,2026-11-27,1862,23600,,
6141453,23,2026-11-28,1862,23600,,
6141453,24,2026-11-27,1862,23600,,
6141453,24,2026-11-28,1862,23600,,
6141453,39,2026-11-27,1862,23600,,
6141453,39,2026-11-28,1862,23600,,
6141453,40,2026-11-27,1862,23600,,
6141453,40,2026-11-28,1862,23600,,
6141453,83,2026-11-27,1862,23600,,
6141453,83,2026-11-28,1862,23600,,
0233415,25,2027-09-09,2048,20000,,
0233415,26,2027-09-09,2048,20000,,
1165837,25,2026-11-22,1809,23600,,
1165837,25,2026-11-23,1809,23600,,
1165837,26,2026-11-22,1809,23600,,
1165837,26,2026-11-23,1809,23600,,
1168384,25,2026-11-22,1186,23600,,
1168384,25,2026-11-23,1186,23600,,
1168384,26,2026-11-22,1186,23600,,
1168384,26,2026-11-23,1186,23600,,
1204840,78,2026-12-02,1502,27848,,
1204840,78,2026-12-03,1502,27848,,
1204840,78,2026-12-06,1502,27848,,
1204840,79,2026-12-02,1502,27848,,
1204840,79,2026-12-03,1502,27848,,
1204840,79,2026-12-06,1502,27848,,
1206822,21,2026-11-24,2185,23600,,
1206822,21,2026-11-25,2185,23600,,
1206822,21,2026-12-01,2185,23600,,
1206822,21,2026-12-02,2185,23600,,
1206822,21,2026-12-03,2185,23600,,
1206822,21,2026-12-06,2185,23600,,
1206822,21,2026-12-07,2185,23600,,
1206822,21,2026-12-08,2185,23600,,
1206822,22,2026-11-24,2185,23600,,
1206822,22,2026-11-25,2185,23600,,
1206822,22,2026-12-01,2185,23600,,
1206822,22,2026-12-02,2185,23600,,
1206822,22,2026-12-03,2185,23600,,
1206822,22,2026-12-06,2185,23600,,
1206822,22,2026-12-07,2185,23600,,
1206822,22,2026-12-08,2185,23600,,
1206822,23,2026-11-24,2185,23600,,
1206822,23,2026-11-25,2185,23600,,
1206822,23,2026-12-01,2185,23600,,
1206822,23,2026-12-02,2185,23600,,
1206822,23,2026-12-03,2185,23600,,
1206822,23,2026-12-06,2185,23600,,
1206822,23,2026-12-07,2185,23600,,
1206822,23,2026-12-08,2185,23600,,
1206822,24,2026-11-24,2185,23600,,
1206822,24,2026-11-25,2185,23600,,
1206822,24,2026-12-01,2185,23600,,
1206822,24,2026-12-02,2185,23600,,
1206822,24,2026-12-03,2185,23600,,
1206822,24,2026-12-06,2185,23600,,
1206822,24,2026-12-07,2185,23600,,
1206822,24,2026-12-08,2185,23600,,
1206822,39,2026-11-24,2185,23600,,
1206822,39,2026-11-25,2185,23600,,
1206822,39,2026-12-01,2185,23600,,
1206822,39,2026-12-02,2185,23600,,
1206822,39,2026-12-03,2185,23600,,
1206822,39,2026-12-06,2185,23600,,
1206822,39,2026-12-07,2185,23600,,
1206822,39,2026-12-08,2185,23600,,
1206822,40,2026-11-24,2185,23600,,
1206822,40,2026-11-25,2185,23600,,
1206822,40,2026-12-01,2185,23600,,
1206822,40,2026-12-02,2185,23600,,
1206822,40,2026-12-03,2185,23600,,
1206822,40,2026-12-06,2185,23600,,
1206822,40,2026-12-07,2185,23600,,
1206822,40,2026-12-08,2185,23600,,
1206822,83,2026-11-24,2185,23600,,
1206822,83,2026-11-25,2185,23600,,
1206822,83,2026-12-01,2185,23600,,
1206822,83,2026-12-02,2185,23600,,
1206822,83,2026-12-03,2185,23600,,
1206822,83,2026-12-06,2185,23600,,
1206822,83,2026-12-07,2185,23600,,
1206822,83,2026-12-08,2185,23600,,
1208576,29,2026-12-02,2059,20000,,
1208576,29,2026-12-03,2059,20000,,
1208576,29,2026-12-06,2059,20000,,
1208576,30,2026-12-02,2059,20000,,
1208576,30,2026-12-03,2059,20000,,
1208576,30,2026-12-06,2059,20000,,
1208576,31,2026-12-02,2059,20000,,
1208576,31,2026-12-03,2059,20000,,
1208576,31,2026-12-06,2059,20000,,
1208576,57,2026-12-02,2059,20000,,
1208576,57,2026-12-03,2059,20000,,
1208576,57,2026-12-06,2059,20000,,
1379430,16,2026-09-13,2186,23600,,
1379430,16,2026-09-14,2217,23600,,
1379430,52,2026-09-13,2186,23600,,
1379430,52,2026-09-14,2217,23600,,
1386944,19,2026-12-02,1589,23600,,
1386944,19,2026-12-03,1589,23600,,
1386944,19,2026-12-06,1589,23600,,
1386944,20,2026-12-02,1589,23600,,
1386944,20,2026-12-03,1589,23600,,
1386944,20,2026-12-06,1589,23600,,
1511929,42,2027-08-22,2490,40000,,
1511929,42,2027-08-27,2490,40000,,
1511929,42,2027-08-28,2490,40000,,
1511929,42,2027-08-29,2490,40000,,
1511929,42,2027-08-30,2490,40000,,
1511929,42,2027-08-31,2490,40000,,
1511929,42,2027-09-09,2490,40000,,
1511929,43,2027-08-22,2490,40000,,
1511929,43,2027-08-27,2490,40000,,
1511929,43,2027-08-28,2490,40000,,
1511929,43,2027-08-29,2490,40000,,
1511929,43,2027-08-30,2490,40000,,
1511929,43,2027-08-31,2490,40000,,
1511929,43,2027-09-09,2490,40000,,
1545063,32,2026-11-10,3637,23600,,
1545063,33,2026-11-10,3637,23600,,
1545063,34,2026-11-10,3637,23600,,
1545063,35,2026-11-09,3806,23600,,
1545063,35,2026-11-11,3806,23600,,
1545063,35,2026-11-16,3806,23600,,
1545063,36,2026-11-09,3806,23600,,
1545063,36,2026-11-11,3806,23600,,
1545063,36,2026-11-16,3806,23600,,
1553264,25,2026-09-15,1524,23600,,
1553264,26,2026-09-15,1524,23600,,
1726039,17,2026-12-02,1619,23600,,
1726039,17,2026-12-03,1619,23600,,
1726039,17,2026-12-06,1619,23600,,
1726039,18,2026-12-02,1619,23600,,
1726039,18,2026-12-03,1619,23600,,
1726039,18,2026-12-06,1619,23600,,
1726039,19,2026-12-02,1619,23600,,
1726039,19,2026-12-03,1619,23600,,
1726039,19,2026-12-06,1619,23600,,
1726039,20,2026-12-02,1619,23600,,
1726039,20,2026-12-03,1619,23600,,
1726039,20,2026-12-06,1619,23600,,
1726039,50,2026-12-02,1619,23600,,
1726039,50,2026-12-03,1619,23600,,
1726039,50,2026-12-06,1619,23600,,
1809628,45,2027-08-22,1860,23600,,
1809628,45,2027-08-27,1860,23600,,
1809628,45,2027-08-28,1860,23600,,
1809628,45,2027-08-29,1860,23600,,
1809628,45,2027-08-30,1860,23600,,
1809628,45,2027-08-31,1860,23600,,
1809628,45,2027-09-09,1860,23600,,
1809628,46,2027-08-22,1860,23600,,
1809628,46,2027-08-27,1860,23600,,
1809628,46,2027-08-28,1860,23600,,
1809628,46,2027-08-29,1860,23600,,
1809628,46,2027-08-30,1860,23600,,
1809628,46,2027-08-31,1860,23600,,
1809628,46,2027-09-09,1860,23600,,
2018783,25,2026-09-20,1285,23600,,
2018783,26,2026-09-20,1285,23600,,
2065763,113,2026-09-20,1626,32861,,
2066561,47,2026-11-20,3207,27848,,
2066561,47,2026-11-21,3207,27848,,
2066561,48,2026-11-20,3207,27848,,
2066561,48,2026-11-21,3207,27848,,
1165837,25,2026-12-01,1809,23600,,
1165837,25,2026-12-07,1809,23600,,
1165837,25,2026-12-08,1809,23600,,
1165837,26,2026-12-01,1809,23600,,
1165837,26,2026-12-07,1809,23600,,
1165837,26,2026-12-08,1809,23600,,
1204840,25,2026-11-22,1367,27848,,
1204840,25,2026-11-23,1367,27848,,
1204840,26,2026-11-22,1367,27848,,
1204840,26,2026-11-23,1367,27848,,
1229511,19,2026-12-01,1409,23600,,
1229511,19,2026-12-07,1409,23600,,
1229511,19,2026-12-08,1409,23600,,
1229511,20,2026-12-01,1409,23600,,
1229511,20,2026-12-07,1409,23600,,
1229511,20,2026-12-08,1409,23600,,
1229511,51,2026-12-01,1409,23600,,
1229511,51,2026-12-07,1409,23600,,
1229511,51,2026-12-08,1409,23600,,
1247345,25,2026-11-22,1597,23600,,
1247345,25,2026-11-23,1597,23600,,
1247345,25,2026-11-27,1597,23600,,
1247345,25,2026-11-28,1597,23600,,
1247345,25,2026-11-29,1597,23600,,
1247345,25,2026-11-30,1597,23600,,
1247345,25,2026-12-01,1597,23600,,
1247345,25,2026-12-07,1597,23600,,
1247345,25,2026-12-08,1597,23600,,
1247345,26,2026-11-22,1597,23600,,
1247345,26,2026-11-23,1597,23600,,
1247345,26,2026-11-27,1597,23600,,
1247345,26,2026-11-28,1597,23600,,
1247345,26,2026-11-29,1597,23600,,
1247345,26,2026-11-30,1597,23600,,
1247345,26,2026-12-01,1597,23600,,
1247345,26,2026-12-07,1597,23600,,
1247345,26,2026-12-08,1597,23600,,
1464876,35,2026-11-22,2616,23600,,
1464876,35,2026-11-23,2616,23600,,
1464876,36,2026-11-22,2616,23600,,
1464876,36,2026-11-23,2616,23600,,
1472508,25,2026-09-15,1149,23600,,
1472508,26,2026-09-15,1149,23600,,
1545063,27,2026-11-10,3499,23600,,
1545063,28,2026-11-10,3499,23600,,
1545063,29,2026-11-10,3568,23600,,
1545063,30,2026-11-10,3568,23600,,
1545063,31,2026-11-10,3568,23600,,
1545063,57,2026-11-10,3568,23600,,
1555580,45,2027-08-22,2227,23600,,
1555580,45,2027-08-27,2227,23600,,
1555580,45,2027-08-28,2227,23600,,
1555580,45,2027-08-29,2227,23600,,
1555580,45,2027-08-30,2227,23600,,
1555580,45,2027-08-31,2227,23600,,
1555580,45,2027-09-09,2227,23600,,
1555580,46,2027-08-22,2227,23600,,
1555580,46,2027-08-27,2227,23600,,
1555580,46,2027-08-28,2227,23600,,
1555580,46,2027-08-29,2227,23600,,
1555580,46,2027-08-30,2227,23600,,
1555580,46,2027-08-31,2227,23600,,
1555580,46,2027-09-09,2227,23600,,
1767140,45,2026-11-22,2302,23600,,
1767140,45,2026-11-23,2302,23600,,
1767140,46,2026-11-22,2302,23600,,
1767140,46,2026-11-23,2302,23600,,
1929807,25,2026-12-01,1577,23600,,
1929807,25,2026-12-07,1577,23600,,
1929807,25,2026-12-08,1577,23600,,
1929807,26,2026-12-01,1577,23600,,
1929807,26,2026-12-07,1577,23600,,
1929807,26,2026-12-08,1577,23600,,
2013841,25,2026-09-15,994,23600,,
4477291,23,2026-12-04,1461,20000,,
4477291,23,2026-12-05,1461,20000,,
4477291,24,2026-12-04,1461,20000,,
4477291,24,2026-12-05,1461,20000,,
5000022,27,2026-12-04,2314,20000,,
5000022,27,2026-12-05,2314,20000,,
5000022,28,2026-12-04,2314,20000,,
5000022,28,2026-12-05,2314,20000,,
9772256,25,2026-11-22,3826,23600,,
9772256,25,2026-11-23,3826,23600,,
9772256,25,2026-11-29,3826,23600,,
9772256,25,2026-11-30,3826,23600,,
9772256,26,2026-11-22,3826,23600,,
9772256,26,2026-11-23,3826,23600,,
9772256,26,2026-11-29,3826,23600,,
9772256,26,2026-11-30,3826,23600,,
1204840,45,2026-12-01,2011,27848,,
1204840,45,2026-12-07,2011,27848,,
1204840,45,2026-12-08,2011,27848,,
1204840,46,2026-12-01,2011,27848,,
1204840,46,2026-12-07,2011,27848,,
1204840,46,2026-12-08,2011,27848,,
1208576,35,2026-12-04,2404,20000,,
1208576,35,2026-12-05,2404,20000,,
1208576,36,2026-12-04,2404,20000,,
1208576,36,2026-12-05,2404,20000,,
1229511,17,2026-12-01,1305,23600,,
1229511,17,2026-12-07,1305,23600,,
1229511,17,2026-12-08,1305,23600,,
1229511,18,2026-12-01,1305,23600,,
1229511,18,2026-12-07,1305,23600,,
1229511,18,2026-12-08,1305,23600,,
1229511,50,2026-12-01,1305,23600,,
1229511,50,2026-12-07,1305,23600,,
1229511,50,2026-12-08,1305,23600,,
1229511,87,2026-12-01,1305,23600,,
1229511,87,2026-12-07,1305,23600,,
1229511,87,2026-12-08,1305,23600,,
1231999,27,2027-09-09,1423,20000,,
1231999,28,2027-09-09,1423,20000,,
1237644,35,2026-09-15,2212,20000,,
1237644,35,2026-09-16,2212,20000,,
1237644,35,2026-09-17,2212,20000,,
1237644,35,2026-09-18,2212,20000,,
1237644,35,2026-09-19,2212,20000,,
1237644,35,2026-09-20,2212,20000,,
1237644,35,2026-09-21,2212,20000,,
1237644,35,2026-09-22,2212,20000,,
1237644,35,2026-09-23,2212,20000,,
1237644,35,2026-09-24,2212,20000,,
1237644,35,2026-09-25,2212,20000,,
1237644,35,2026-09-26,2212,20000,,
1237644,35,2026-09-27,2212,20000,,
1237644,35,2026-09-28,2212,20000,,
1237644,35,2026-09-29,2212,20000,,
1237644,35,2026-09-30,2212,20000,,
1237644,35,2026-10-01,2212,20000,,
1237644,35,2026-10-02,2212,20000,,
1237644,35,2026-10-03,2212,20000,,
1237644,35,2026-10-04,2212,20000,,
1237644,35,2026-10-05,2212,20000,,
1237644,35,2026-10-06,2212,20000,,
1237644,35,2026-10-07,2212,20000,,
1237644,35,2026-10-08,2212,20000,,
1237644,35,2026-10-09,2212,20000,,
1237644,35,2026-10-10,2212,20000,,
1237644,35,2026-10-11,2212,20000,,
1237644,35,2026-10-12,2212,20000,,
1237644,35,2026-10-13,2212,20000,,
1237644,35,2026-10-14,2212,20000,,
1237644,35,2026-10-15,2212,20000,,
1237644,35,2026-10-16,2212,20000,,
1237644,35,2026-10-17,2212,20000,,
1237644,35,2026-10-18,2212,20000,,
1237644,35,2026-10-19,2212,20000,,
1237644,35,2026-10-20,2212,20000,,
1237644,35,2026-10-21,2212,20000,,
1237644,35,2026-10-22,2212,20000,,
1237644,35,2026-10-23,2212,20000,,
1237644,35,2026-10-24,2212,20000,,
1237644,35,2026-10-25,2212,20000,,
1237644,35,2026-10-26,2212,20000,,
1237644,35,2026-10-27,2212,20000,,
1237644,35,2026-10-28,2212,20000,,
1237644,35,2026-10-29,2212,20000,,
1237644,35,2026-10-30,2212,20000,,
1237644,35,2026-10-31,2212,20000,,
1237644,35,2026-11-01,2212,20000,,
1237644,35,2026-11-02,2212,20000,,
1237644,35,2026-11-03,2212,20000,,
1237644,35,2026-11-04,2212,20000,,
1237644,35,2026-11-05,2212,20000,,
1237644,35,2026-11-06,2212,20000,,
1237644,35,2026-11-07,2212,20000,,
1237644,35,2026-11-08,2212,20000,,
1237644,35,2026-11-09,2212,20000,,
1237644,35,2026-11-10,2212,20000,,
1237644,35,2026-11-11,2212,20000,,
1237644,35,2026-11-12,2212,20000,,
1237644,35,2026-11-13,2212,20000,,
1237644,35,2026-11-14,2212,20000,,
1237644,35,2026-11-15,2212,20000,,
1237644,35,2026-11-16,2212,20000,,
1237644,35,2026-11-17,2212,20000,,
1237644,35,2026-11-18,2212,20000,,
1237644,35,2026-11-19,2212,20000,,
1237644,35,2026-11-20,2212,20000,,
1237644,35,2026-11-21,2212,20000,,
1237644,35,2026-11-22,2212,20000,,
1237644,35,2026-11-23,2212,20000,,
1237644,35,2026-11-24,2212,20000,,
1237644,35,2026-11-25,2212,20000,,
1237644,36,2026-09-15,2212,20000,,
1237644,36,2026-09-16,2212,20000,,
1237644,36,2026-09-17,2212,20000,,
1237644,36,2026-09-18,2212,20000,,
1237644,36,2026-09-19,2212,20000,,
1237644,36,2026-09-20,2212,20000,,
1237644,36,2026-09-21,2212,20000,,
1237644,36,2026-09-22,2212,20000,,
1237644,36,2026-09-23,2212,20000,,
1237644,36,2026-09-24,2212,20000,,
1237644,36,2026-09-25,2212,20000,,
1237644,36,2026-09-26,2212,20000,,
1237644,36,2026-09-27,2212,20000,,
1237644,36,2026-09-28,2212,20000,,
1237644,36,2026-09-29,2212,20000,,
1237644,36,2026-09-30,2212,20000,,
1237644,36,2026-10-01,2212,20000,,
1237644,36,2026-10-02,2212,20000,,
1237644,36,2026-10-03,2212,20000,,
1237644,36,2026-10-04,2212,20000,,
1237644,36,2026-10-05,2212,20000,,
1237644,36,2026-10-06,2212,20000,,
1237644,36,2026-10-07,2212,20000,,
1237644,36,2026-10-08,2212,20000,,
1237644,36,2026-10-09,2212,20000,,
1237644,36,2026-10-10,2212,20000,,
1237644,36,2026-10-11,2212,20000,,
1237644,36,2026-10-12,2212,20000,,
1237644,36,2026-10-13,2212,20000,,
1237644,36,2026-10-14,2212,20000,,
1237644,36,2026-10-15,2212,20000,,
1237644,36,2026-10-16,2212,20000,,
1237644,36,2026-10-17,2212,20000,,
1237644,36,2026-10-18,2212,20000,,
1237644,36,2026-10-19,2212,20000,,
1237644,36,2026-10-20,2212,20000,,
1237644,36,2026-10-21,2212,20000,,
1237644,36,2026-10-22,2212,20000,,
1237644,36,2026-10-23,2212,20000,,
1237644,36,2026-10-24,2212,20000,,
1237644,36,2026-10-25,2212,20000,,
1237644,36,2026-10-26,2212,20000,,
1237644,36,2026-10-27,2212,20000,,
1237644,36,2026-10-28,2212,20000,,
1237644,36,2026-10-29,2212,20000,,
1237644,36,2026-10-30,2212,20000,,
1237644,36,2026-10-31,2212,20000,,
1237644,36,2026-11-01,2212,20000,,
1237644,36,2026-11-02,2212,20000,,
1237644,36,2026-11-03,2212,20000,,
1237644,36,2026-11-04,2212,20000,,
1237644,36,2026-11-05,2212,20000,,
1237644,36,2026-11-06,2212,20000,,
1237644,36,2026-11-07,2212,20000,,
1237644,36,2026-11-08,2212,20000,,
1237644,36,2026-11-09,2212,20000,,
1237644,36,2026-11-10,2212,20000,,
1237644,36,2026-11-11,2212,20000,,
1237644,36,2026-11-12,2212,20000,,
1237644,36,2026-11-13,2212,20000,,
1237644,36,2026-11-14,2212,20000,,
1237644,36,2026-11-15,2212,20000,,
1237644,36,2026-11-16,2212,20000,,
1237644,36,2026-11-17,2212,20000,,
1237644,36,2026-11-18,2212,20000,,
1237644,36,2026-11-19,2212,20000,,
1237644,36,2026-11-20,2212,20000,,
1237644,36,2026-11-21,2212,20000,,
1237644,36,2026-11-22,2212,20000,,
1237644,36,2026-11-23,2212,20000,,
1237644,36,2026-11-24,2212,20000,,
1237644,36,2026-11-25,2212,20000,,
1237644,37,2026-09-15,2212,20000,,
1237644,37,2026-09-16,2212,20000,,
1237644,37,2026-09-17,2212,20000,,
1237644,37,2026-09-18,2212,20000,,
1237644,37,2026-09-19,2212,20000,,
1237644,37,2026-09-20,2212,20000,,
1237644,37,2026-09-21,2212,20000,,
1237644,37,2026-09-22,2212,20000,,
1237644,37,2026-09-23,2212,20000,,
1237644,37,2026-09-24,2212,20000,,
1237644,37,2026-09-25,2212,20000,,
1237644,37,2026-09-26,2212,20000,,
1237644,37,2026-09-27,2212,20000,,
1237644,37,2026-09-28,2212,20000,,
1237644,37,2026-09-29,2212,20000,,
1237644,37,2026-09-30,2212,20000,,
1237644,37,2026-10-01,2212,20000,,
1237644,37,2026-10-02,2212,20000,,
1237644,37,2026-10-03,2212,20000,,
1237644,37,2026-10-04,2212,20000,,
1237644,37,2026-10-05,2212,20000,,
1237644,37,2026-10-06,2212,20000,,
1237644,37,2026-10-07,2212,20000,,
1237644,37,2026-10-08,2212,20000,,
1237644,37,2026-10-09,2212,20000,,
1237644,37,2026-10-10,2212,20000,,
1237644,37,2026-10-11,2212,20000,,
1237644,37,2026-10-12,2212,20000,,
1237644,37,2026-10-13,2212,20000,,
1237644,37,2026-10-14,2212,20000,,
1237644,37,2026-10-15,2212,20000,,
1237644,37,2026-10-16,2212,20000,,
1237644,37,2026-10-17,2212,20000,,
1237644,37,2026-10-18,2212,20000,,
1237644,37,2026-10-19,2212,20000,,
1237644,37,2026-10-20,2212,20000,,
1237644,37,2026-10-21,2212,20000,,
1237644,37,2026-10-22,2212,20000,,
1237644,37,2026-10-23,2212,20000,,
1237644,37,2026-10-24,2212,20000,,
1237644,37,2026-10-25,2212,20000,,
1237644,37,2026-10-26,2212,20000,,
1237644,37,2026-10-27,2212,20000,,
1237644,37,2026-10-28,2212,20000,,
1237644,37,2026-10-29,2212,20000,,
1237644,37,2026-10-30,2212,20000,,
1237644,37,2026-10-31,2212,20000,,
1237644,37,2026-11-01,2212,20000,,
1237644,37,2026-11-02,2212,20000,,
1237644,37,2026-11-03,2212,20000,,
1237644,37,2026-11-04,2212,20000,,
1237644,37,2026-11-05,2212,20000,,
1237644,37,2026-11-06,2212,20000,,
1237644,37,2026-11-07,2212,20000,,
1237644,37,2026-11-08,2212,20000,,
1237644,37,2026-11-09,2212,20000,,
1237644,37,2026-11-10,2212,20000,,
1237644,37,2026-11-11,2212,20000,,
1237644,37,2026-11-12,2212,20000,,
1237644,37,2026-11-13,2212,20000,,
1237644,37,2026-11-14,2212,20000,,
1237644,37,2026-11-15,2212,20000,,
1237644,37,2026-11-16,2212,20000,,
1237644,37,2026-11-17,2212,20000,,
1237644,37,2026-11-18,2212,20000,,
1237644,37,2026-11-19,2212,20000,,
1237644,37,2026-11-20,2212,20000,,
1237644,37,2026-11-21,2212,20000,,
1237644,37,2026-11-22,2212,20000,,
1237644,37,2026-11-23,2212,20000,,
1237644,37,2026-11-24,2212,20000,,
1237644,37,2026-11-25,2212,20000,,
1242203,15,2026-09-15,1103,23600,,
1242203,15,2026-09-16,1105,23600,,
1242203,16,2026-09-15,1103,23600,,
1242203,16,2026-09-16,1105,23600,,
1242203,17,2026-12-01,1288,23600,,
1242203,17,2026-12-07,1288,23600,,
1242203,17,2026-12-08,1288,23600,,
1242203,18,2026-12-01,1288,23600,,
1242203,18,2026-12-07,1288,23600,,
1242203,18,2026-12-08,1288,23600,,
1242203,19,2026-12-01,1288,23600,,
1242203,19,2026-12-07,1288,23600,,
1242203,19,2026-12-08,1288,23600,,
1242203,20,2026-12-01,1288,23600,,
1242203,20,2026-12-07,1288,23600,,
1242203,20,2026-12-08,1288,23600,,
1242203,38,2026-09-15,1103,23600,,
1242203,38,2026-09-16,1105,23600,,
1242203,50,2026-12-01,1288,23600,,
1242203,50,2026-12-07,1288,23600,,
1242203,50,2026-12-08,1288,23600,,
1242203,52,2026-09-15,1103,23600,,
1242203,52,2026-09-16,1105,23600,,
1242203,76,2026-09-15,1103,23600,,
1242203,76,2026-09-16,1105,23600,,
1386944,17,2026-12-02,1486,23600,,
1386944,17,2026-12-03,1486,23600,,
1386944,17,2026-12-06,1486,23600,,
1386944,18,2026-12-02,1486,23600,,
1386944,18,2026-12-03,1486,23600,,
1386944,18,2026-12-06,1486,23600,,
1386944,19,2026-12-04,1589,23600,,
1386944,19,2026-12-05,1589,23600,,
1386944,20,2026-12-04,1589,23600,,
1386944,20,2026-12-05,1589,23600,,
1386944,50,2026-12-02,1486,23600,,
1386944,50,2026-12-03,1486,23600,,
1386944,50,2026-12-06,1486,23600,,
1451268,17,2026-12-04,1461,20000,,
1451268,17,2026-12-05,1461,20000,,
1451268,18,2026-12-04,1461,20000,,
1451268,18,2026-12-05,1461,20000,,
1451268,50,2026-12-04,1461,20000,,
1451268,50,2026-12-05,1461,20000,,
1464454,25,2027-08-22,1526,23600,,
1464454,25,2027-08-27,1526,23600,,
1464454,25,2027-08-28,1526,23600,,
1464454,25,2027-08-29,1526,23600,,
1464454,25,2027-08-30,1526,23600,,
1464454,25,2027-08-31,1526,23600,,
1464454,25,2027-09-09,1526,23600,,
1464454,26,2027-08-22,1526,23600,,
1464454,26,2027-08-27,1526,23600,,
1464454,26,2027-08-28,1526,23600,,
1464454,26,2027-08-29,1526,23600,,
1464454,26,2027-08-30,1526,23600,,
1464454,26,2027-08-31,1526,23600,,
1464454,26,2027-09-09,1526,23600,,
1464876,27,2026-11-22,2513,23600,,
1464876,27,2026-11-23,2513,23600,,
1464876,28,2026-11-22,2513,23600,,
1464876,28,2026-11-23,2513,23600,,
2011351,25,2026-11-22,1524,23600,,
2011351,25,2026-11-23,1524,23600,,
2011351,25,2026-12-01,1524,23600,,
2011351,25,2026-12-07,1524,23600,,
2011351,25,2026-12-08,1524,23600,,
2011351,25,2027-08-22,1524,23600,,
2011351,25,2027-08-27,1524,23600,,
2011351,25,2027-08-28,1524,23600,,
2011351,25,2027-08-29,1524,23600,,
2011351,25,2027-08-30,1524,23600,,
2011351,25,2027-08-31,1524,23600,,
2011351,25,2027-09-09,1524,23600,,
2011351,26,2026-11-22,1524,23600,,
2011351,26,2026-11-23,1524,23600,,
2011351,26,2026-12-01,1524,23600,,
2011351,26,2026-12-07,1524,23600,,
2011351,26,2026-12-08,1524,23600,,
2011351,26,2027-08-22,1524,23600,,
2011351,26,2027-08-27,1524,23600,,
2011351,26,2027-08-28,1524,23600,,
2011351,26,2027-08-29,1524,23600,,
2011351,26,2027-08-30,1524,23600,,
2011351,26,2027-08-31,1524,23600,,
2011351,26,2027-09-09,1524,23600,,
2019492,25,2027-08-22,1571,27848,,
2019492,25,2027-08-27,1571,27848,,
2019492,25,2027-08-28,1571,27848,,
2019492,25,2027-08-29,1571,27848,,
2019492,25,2027-08-30,1571,27848,,
2019492,25,2027-08-31,1571,27848,,
2019492,25,2027-09-09,1571,27848,,
2019492,26,2027-08-22,1571,27848,,
2019492,26,2027-08-27,1571,27848,,
2019492,26,2027-08-28,1571,27848,,
2019492,26,2027-08-29,1571,27848,,
2019492,26,2027-08-30,1571,27848,,
2019492,26,2027-08-31,1571,27848,,
2019492,26,2027-09-09,1571,27848,,
2024578,24179,2026-10-22,2105,20000,,
2024578,24179,2026-10-23,2105,20000,,
2024578,24179,2026-10-24,2105,20000,,
2024578,24179,2026-10-26,2105,20000,,
2024578,24179,2026-10-31,2105,20000,,
2024578,24179,2026-11-01,2105,20000,,
2024578,24179,2026-11-02,2105,20000,,
2024578,24179,2026-11-03,2105,20000,,
2024578,24179,2026-11-04,2105,20000,,
2024578,24179,2026-11-05,2105,20000,,
2024578,24179,2026-11-06,2105,20000,,
2024578,24179,2026-11-07,2105,20000,,
2024578,24179,2026-11-08,2105,20000,,
2024578,24179,2027-08-28,2105,20000,,
2024578,24179,2027-08-29,2105,20000,,
2024578,24179,2027-08-30,2105,20000,,
2024578,24179,2027-08-31,2105,20000,,
2024578,24179,2027-09-09,2105,20000,,
2024578,29,2026-10-22,2105,20000,,
2024578,29,2026-10-23,2105,20000,,
2024578,29,2026-10-24,2105,20000,,
2024578,29,2026-10-26,2105,20000,,
2024578,29,2026-10-31,2105,20000,,
2024578,29,2026-11-01,2105,20000,,
2024578,29,2026-11-02,2105,20000,,
2024578,29,2026-11-03,2105,20000,,
2024578,29,2026-11-04,2105,20000,,
2024578,29,2026-11-05,2105,20000,,
2024578,29,2026-11-06,2105,20000,,
2024578,29,2026-11-07,2105,20000,,
2024578,29,2026-11-08,2105,20000,,
2024578,29,2027-08-28,2105,20000,,
2024578,29,2027-08-29,2105,20000,,
2024578,29,2027-08-30,2105,20000,,
2024578,29,2027-08-31,2105,20000,,
2024578,29,2027-09-09,2105,20000,,
2024578,30,2026-10-22,2105,20000,,
2024578,30,2026-10-23,2105,20000,,
2024578,30,2026-10-24,2105,20000,,
2024578,30,2026-10-26,2105,20000,,
2024578,30,2026-10-31,2105,20000,,
2024578,30,2026-11-01,2105,20000,,
2024578,30,2026-11-02,2105,20000,,
2024578,30,2026-11-03,2105,20000,,
2024578,30,2026-11-04,2105,20000,,
2024578,30,2026-11-05,2105,20000,,
2024578,30,2026-11-06,2105,20000,,
2024578,30,2026-11-07,2105,20000,,
2024578,30,2026-11-08,2105,20000,,
2024578,30,2027-08-28,2105,20000,,
2024578,30,2027-08-29,2105,20000,,
2024578,30,2027-08-30,2105,20000,,
2024578,30,2027-08-31,2105,20000,,
2024578,30,2027-09-09,2105,20000,,
2024578,31,2026-10-22,2105,20000,,
2024578,31,2026-10-23,2105,20000,,
2024578,31,2026-10-24,2105,20000,,
2024578,31,2026-10-26,2105,20000,,
2024578,31,2026-10-31,2105,20000,,
2024578,31,2026-11-01,2105,20000,,
2024578,31,2026-11-02,2105,20000,,
2024578,31,2026-11-03,2105,20000,,
2024578,31,2026-11-04,2105,20000,,
2024578,31,2026-11-05,2105,20000,,
2024578,31,2026-11-06,2105,20000,,
2024578,31,2026-11-07,2105,20000,,
2024578,31,2026-11-08,2105,20000,,
2024578,31,2027-08-28,2105,20000,,
2024578,31,2027-08-29,2105,20000,,
2024578,31,2027-08-30,2105,20000,,
2024578,31,2027-08-31,2105,20000,,
2024578,31,2027-09-09,2105,20000,,
2024578,57,2026-10-22,2105,20000,,
2024578,57,2026-10-23,2105,20000,,
2024578,57,2026-10-24,2105,20000,,
2024578,57,2026-10-26,2105,20000,,
2024578,57,2026-10-31,2105,20000,,
2024578,57,2026-11-01,2105,20000,,
2024578,57,2026-11-02,2105,20000,,
2024578,57,2026-11-03,2105,20000,,
2024578,57,2026-11-04,2105,20000,,
2024578,57,2026-11-05,2105,20000,,
2024578,57,2026-11-06,2105,20000,,
2024578,57,2026-11-07,2105,20000,,
2024578,57,2026-11-08,2105,20000,,
2024578,57,2027-08-28,2105,20000,,
2024578,57,2027-08-29,2105,20000,,
2024578,57,2027-08-30,2105,20000,,
2024578,57,2027-08-31,2105,20000,,
2024578,57,2027-09-09,2105,20000,,
2024578,89,2026-10-22,2105,20000,,
2024578,89,2026-10-23,2105,20000,,
2024578,89,2026-10-24,2105,20000,,
2024578,89,2026-10-26,2105,20000,,
2024578,89,2026-10-31,2105,20000,,
2024578,89,2026-11-01,2105,20000,,
2024578,89,2026-11-02,2105,20000,,
2024578,89,2026-11-03,2105,20000,,
2024578,89,2026-11-04,2105,20000,,
2024578,89,2026-11-05,2105,20000,,
2024578,89,2026-11-06,2105,20000,,
2024578,89,2026-11-07,2105,20000,,
2024578,89,2026-11-08,2105,20000,,
2024578,89,2027-08-28,2105,20000,,
2024578,89,2027-08-29,2105,20000,,
2024578,89,2027-08-30,2105,20000,,
2024578,89,2027-08-31,2105,20000,,
2024578,89,2027-09-09,2105,20000,,
2065763,102,2026-11-22,1626,32861,,
2065763,102,2026-11-23,1626,32861,,
2065763,102,2026-11-27,1626,32861,,
2065763,102,2026-11-28,1626,32861,,
2065763,102,2026-11-29,1626,32861,,
2065763,102,2026-11-30,1626,32861,,
2065763,102,2026-12-01,1626,32861,,
2065763,102,2026-12-07,1626,32861,,
2065763,102,2026-12-08,1626,32861,,
2065763,103,2026-11-22,1626,32861,,
2065763,103,2026-11-23,1626,32861,,
2065763,103,2026-11-27,1626,32861,,
2065763,103,2026-11-28,1626,32861,,
2065763,103,2026-11-29,1626,32861,,
2065763,103,2026-11-30,1626,32861,,
2065763,103,2026-12-01,1626,32861,,
2065763,103,2026-12-07,1626,32861,,
2065763,103,2026-12-08,1626,32861,,
2065763,104,2026-11-22,1626,32861,,
2065763,104,2026-11-23,1626,32861,,
2065763,104,2026-11-27,1626,32861,,
2065763,104,2026-11-28,1626,32861,,
2065763,104,2026-11-29,1626,32861,,
2065763,104,2026-11-30,1626,32861,,
2065763,104,2026-12-01,1626,32861,,
2065763,104,2026-12-07,1626,32861,,
2065763,104,2026-12-08,1626,32861,,
2066561,47,2026-12-04,3207,27848,,
2066561,47,2026-12-05,3207,27848,,
2066561,48,2026-12-04,3207,27848,,
2066561,48,2026-12-05,3207,27848,,
5000022,23,2026-12-02,1934,20000,,
5000022,23,2026-12-03,1934,20000,,
5000022,23,2026-12-06,1934,20000,,
5000022,24,2026-12-02,1934,20000,,
5000022,24,2026-12-03,1934,20000,,
5000022,24,2026-12-06,1934,20000,,
5000022,40,2026-12-02,1934,20000,,
5000022,40,2026-12-03,1934,20000,,
5000022,40,2026-12-06,1934,20000,,
6141453,21,2026-11-22,1757,23600,,
6141453,21,2026-11-23,1757,23600,,
6141453,21,2026-11-29,1757,23600,,
6141453,21,2026-11-30,1757,23600,,
6141453,21,2026-12-01,1757,23600,,
6141453,21,2026-12-07,1757,23600,,
6141453,21,2026-12-08,1757,23600,,
6141453,22,2026-11-22,1757,23600,,
6141453,22,2026-11-23,1757,23600,,
6141453,22,2026-11-29,1757,23600,,
6141453,22,2026-11-30,1757,23600,,
6141453,22,2026-12-01,1757,23600,,
6141453,22,2026-12-07,1757,23600,,
6141453,22,2026-12-08,1757,23600,,
6141453,23,2026-11-22,1757,23600,,
6141453,23,2026-11-23,1757,23600,,
6141453,23,2026-11-29,1757,23600,,
6141453,23,2026-11-30,1757,23600,,
6141453,23,2026-12-01,1757,23600,,
6141453,23,2026-12-07,1757,23600,,
6141453,23,2026-12-08,1757,23600,,
6141453,24,2026-11-22,1757,23600,,
6141453,24,2026-11-23,1757,23600,,
6141453,24,2026-11-29,1757,23600,,
6141453,24,2026-11-30,1757,23600,,
6141453,24,2026-12-01,1757,23600,,
6141453,24,2026-12-07,1757,23600,,
6141453,24,2026-12-08,1757,23600,,
6141453,39,2026-11-22,1757,23600,,
6141453,39,2026-11-23,1757,23600,,
6141453,39,2026-11-29,1757,23600,,
6141453,39,2026-11-30,1757,23600,,
6141453,39,2026-12-01,1757,23600,,
6141453,39,2026-12-07,1757,23600,,
6141453,39,2026-12-08,1757,23600,,
6141453,40,2026-11-22,1757,23600,,
6141453,40,2026-11-23,1757,23600,,
6141453,40,2026-11-29,1757,23600,,
6141453,40,2026-11-30,1757,23600,,
6141453,40,2026-12-01,1757,23600,,
6141453,40,2026-12-07,1757,23600,,
6141453,40,2026-12-08,1757,23600,,
6141453,83,2026-11-22,1757,23600,,
6141453,83,2026-11-23,1757,23600,,
6141453,83,2026-11-29,1757,23600,,
6141453,83,2026-11-30,1757,23600,,
6141453,83,2026-12-01,1757,23600,,
6141453,83,2026-12-07,1757,23600,,
6141453,83,2026-12-08,1757,23600,,
9772256,42,2026-12-04,7634,23600,,
9772256,42,2026-12-05,7634,23600,,
9772256,43,2026-12-04,7634,23600,,
9772256,43,2026-12-05,7634,23600,,
1165837,45,2026-11-22,2361,23600,,
1165837,45,2026-11-23,2361,23600,,
1165837,46,2026-11-22,2361,23600,,
1165837,46,2026-11-23,2361,23600,,
1204840,25,2026-12-02,1640,27848,,
1204840,25,2026-12-03,1640,27848,,
1204840,25,2026-12-06,1640,27848,,
1204840,26,2026-12-02,1640,27848,,
1204840,26,2026-12-03,1640,27848,,
1204840,26,2026-12-06,1640,27848,,
1206822,35,2026-11-22,3025,23600,,
1206822,35,2026-11-23,3025,23600,,
1206822,36,2026-11-22,3025,23600,,
1206822,36,2026-11-23,3025,23600,,
1206822,37,2026-11-22,3025,23600,,
1206822,37,2026-11-23,3025,23600,,
1323805,45,2027-08-22,1559,23600,,
1323805,45,2027-08-27,1559,23600,,
1323805,45,2027-08-28,1559,23600,,
1323805,45,2027-08-29,1559,23600,,
1323805,45,2027-08-30,1559,23600,,
1323805,45,2027-08-31,1559,23600,,
1323805,45,2027-09-09,1559,23600,,
1323805,46,2027-08-22,1559,23600,,
1323805,46,2027-08-27,1559,23600,,
1323805,46,2027-08-28,1559,23600,,
1323805,46,2027-08-29,1559,23600,,
1323805,46,2027-08-30,1559,23600,,
1323805,46,2027-08-31,1559,23600,,
1323805,46,2027-09-09,1559,23600,,
1379430,15,2026-09-13,1979,23600,,
1379430,15,2026-09-14,2010,23600,,
1379430,23,2026-09-15,2738,23600,,
1379430,23,2026-09-16,2738,23600,,
1379430,23,2026-09-17,2738,23600,,
1379430,23,2026-09-18,2738,23600,,
1379430,23,2026-09-19,2738,23600,,
1379430,23,2026-09-20,2738,23600,,
1379430,23,2026-09-21,2738,23600,,
1379430,24,2026-09-15,2738,23600,,
1379430,24,2026-09-16,2738,23600,,
1379430,24,2026-09-17,2738,23600,,
1379430,24,2026-09-18,2738,23600,,
1379430,24,2026-09-19,2738,23600,,
1379430,24,2026-09-20,2738,23600,,
1379430,24,2026-09-21,2738,23600,,
1379430,25,2026-09-21,2255,23600,,
1379430,26,2026-09-21,2255,23600,,
1379430,38,2026-09-13,1979,23600,,
1379430,38,2026-09-14,2010,23600,,
1379430,40,2026-09-15,2738,23600,,
1379430,40,2026-09-16,2738,23600,,
1379430,40,2026-09-17,2738,23600,,
1379430,40,2026-09-18,2738,23600,,
1379430,40,2026-09-19,2738,23600,,
1379430,40,2026-09-20,2738,23600,,
1379430,40,2026-09-21,2738,23600,,
1379430,76,2026-09-13,1979,23600,,
1379430,76,2026-09-14,2010,23600,,
1433791,19,2027-08-22,1918,23600,,
1433791,19,2027-08-27,1918,23600,,
1433791,19,2027-08-28,1918,23600,,
1433791,20,2027-08-22,1918,23600,,
1433791,20,2027-08-27,1918,23600,,
1433791,20,2027-08-28,1918,23600,,
1433791,21,2027-08-22,1918,23600,,
1433791,21,2027-08-27,1918,23600,,
1433791,21,2027-08-28,1918,23600,,
1433791,22,2027-08-22,1918,23600,,
1433791,22,2027-08-27,1918,23600,,
1433791,22,2027-08-28,1918,23600,,
1433791,39,2027-08-22,1918,23600,,
1433791,39,2027-08-27,1918,23600,,
1433791,39,2027-08-28,1918,23600,,
1433791,51,2027-08-22,1918,23600,,
1433791,51,2027-08-27,1918,23600,,
1433791,51,2027-08-28,1918,23600,,
1433791,83,2027-08-22,1918,23600,,
1433791,83,2027-08-27,1918,23600,,
1433791,83,2027-08-28,1918,23600,,
1464876,32,2026-12-01,2582,23600,,
1464876,32,2026-12-07,2582,23600,,
1464876,32,2026-12-08,2582,23600,,
1464876,33,2026-12-01,2582,23600,,
1464876,33,2026-12-07,2582,23600,,
1464876,33,2026-12-08,2582,23600,,
1464876,34,2026-12-01,2582,23600,,
1464876,34,2026-12-07,2582,23600,,
1464876,34,2026-12-08,2582,23600,,
1541487,17,2026-11-24,1653,20000,,
1541487,17,2026-11-25,1653,20000,,
1541487,18,2026-11-24,1653,20000,,
1541487,18,2026-11-25,1653,20000,,
1541487,50,2026-11-24,1653,20000,,
1541487,50,2026-11-25,1653,20000,,
1545063,32,2026-11-09,3530,23600,,
1545063,32,2026-11-11,3530,23600,,
1545063,32,2026-11-16,3530,23600,,
1545063,33,2026-11-09,3530,23600,,
1545063,33,2026-11-11,3530,23600,,
1545063,33,2026-11-16,3530,23600,,
1545063,34,2026-11-09,3530,23600,,
1545063,34,2026-11-11,3530,23600,,
1545063,34,2026-11-16,3530,23600,,
1599794,23,2026-09-15,1655,20000,,
1599794,23,2026-09-16,1655,20000,,
1599794,23,2026-09-17,1655,20000,,
1599794,23,2026-09-18,1655,20000,,
1599794,23,2026-09-19,1655,20000,,
1599794,23,2026-09-20,1655,20000,,
1599794,23,2026-09-21,1655,20000,,
1599794,23,2026-09-22,1655,20000,,
1599794,23,2026-09-23,1655,20000,,
1599794,23,2026-09-24,1655,20000,,
1599794,23,2026-09-25,1655,20000,,
1599794,23,2026-09-26,1655,20000,,
1599794,23,2026-09-27,1655,20000,,
1599794,23,2026-09-28,1655,20000,,
1599794,23,2026-09-29,1655,20000,,
1599794,23,2026-09-30,1655,20000,,
1599794,23,2026-10-01,1655,20000,,
1599794,23,2026-10-02,1655,20000,,
1599794,23,2026-10-03,1655,20000,,
1599794,23,2026-10-04,1655,20000,,
1599794,23,2026-10-05,1655,20000,,
1599794,23,2026-10-06,1655,20000,,
1599794,23,2026-10-07,1655,20000,,
1599794,23,2026-10-08,1655,20000,,
1599794,23,2026-10-09,1655,20000,,
1599794,23,2026-10-10,1655,20000,,
1599794,23,2026-10-11,1655,20000,,
1599794,23,2026-10-12,1655,20000,,
1599794,23,2026-10-13,1655,20000,,
1599794,23,2026-10-14,1655,20000,,
1599794,23,2026-10-15,1655,20000,,
1599794,23,2026-10-16,1655,20000,,
1599794,23,2026-10-17,1655,20000,,
1599794,23,2026-10-18,1655,20000,,
1599794,23,2026-10-19,1655,20000,,
1599794,23,2026-10-20,1655,20000,,
1599794,23,2026-10-21,1655,20000,,
1599794,23,2026-10-22,1655,20000,,
1599794,23,2026-10-23,1655,20000,,
1599794,23,2026-10-24,1655,20000,,
1599794,23,2026-10-25,1655,20000,,
1599794,23,2026-10-26,1655,20000,,
1599794,23,2026-10-27,1655,20000,,
1599794,23,2026-10-28,1655,20000,,
1599794,23,2026-10-29,1655,20000,,
1599794,23,2026-10-30,1655,20000,,
1599794,23,2026-10-31,1655,20000,,
1599794,23,2026-11-01,1655,20000,,
1599794,23,2026-11-02,1655,20000,,
1599794,23,2026-11-03,1655,20000,,
1599794,23,2026-11-04,1655,20000,,
1599794,23,2026-11-05,1655,20000,,
1599794,23,2026-11-06,1655,20000,,
1599794,23,2026-11-07,1655,20000,,
1599794,23,2026-11-08,1655,20000,,
1599794,23,2026-11-09,1655,20000,,
1599794,23,2026-11-10,1655,20000,,
1599794,23,2026-11-11,1655,20000,,
1599794,23,2026-11-12,1655,20000,,
1599794,23,2026-11-13,1655,20000,,
1599794,23,2026-11-14,1655,20000,,
1599794,23,2026-11-15,1655,20000,,
1599794,23,2026-11-16,1655,20000,,
1599794,23,2026-11-17,1655,20000,,
1599794,23,2026-11-18,1655,20000,,
1599794,23,2026-11-19,1655,20000,,
1599794,23,2026-11-20,1655,20000,,
1599794,23,2026-11-21,1655,20000,,
1599794,23,2026-11-22,1655,20000,,
1599794,23,2026-11-23,1655,20000,,
1599794,23,2026-11-24,1655,20000,,
1599794,23,2026-11-25,1655,20000,,
1599794,23,2026-12-01,1655,20000,,
1599794,23,2026-12-02,1655,20000,,
1599794,23,2026-12-03,1655,20000,,
1599794,23,2026-12-04,1655,20000,,
1599794,23,2026-12-05,1655,20000,,
1599794,23,2026-12-06,1655,20000,,
1599794,23,2026-12-07,1655,20000,,
1599794,23,2026-12-08,1655,20000,,
1599794,24,2026-09-15,1655,20000,,
1599794,24,2026-09-16,1655,20000,,
1599794,24,2026-09-17,1655,20000,,
1599794,24,2026-09-18,1655,20000,,
1599794,24,2026-09-19,1655,20000,,
1599794,24,2026-09-20,1655,20000,,
1599794,24,2026-09-21,1655,20000,,
1599794,24,2026-09-22,1655,20000,,
1599794,24,2026-09-23,1655,20000,,
1599794,24,2026-09-24,1655,20000,,
1599794,24,2026-09-25,1655,20000,,
1599794,24,2026-09-26,1655,20000,,
1599794,24,2026-09-27,1655,20000,,
1599794,24,2026-09-28,1655,20000,,
1599794,24,2026-09-29,1655,20000,,
1599794,24,2026-09-30,1655,20000,,
1599794,24,2026-10-01,1655,20000,,
1599794,24,2026-10-02,1655,20000,,
1599794,24,2026-10-03,1655,20000,,
1599794,24,2026-10-04,1655,20000,,
1599794,24,2026-10-05,1655,20000,,
1599794,24,2026-10-06,1655,20000,,
1599794,24,2026-10-07,1655,20000,,
1599794,24,2026-10-08,1655,20000,,
1599794,24,2026-10-09,1655,20000,,
1599794,24,2026-10-10,1655,20000,,
1599794,24,2026-10-11,1655,20000,,
1599794,24,2026-10-12,1655,20000,,
1599794,24,2026-10-13,1655,20000,,
1599794,24,2026-10-14,1655,20000,,
1599794,24,2026-10-15,1655,20000,,
1599794,24,2026-10-16,1655,20000,,
1599794,24,2026-10-17,1655,20000,,
1599794,24,2026-10-18,1655,20000,,
1599794,24,2026-10-19,1655,20000,,
1599794,24,2026-10-20,1655,20000,,
1599794,24,2026-10-21,1655,20000,,
1599794,24,2026-10-22,1655,20000,,
1599794,24,2026-10-23,1655,20000,,
1599794,24,2026-10-24,1655,20000,,
1599794,24,2026-10-25,1655,20000,,
1599794,24,2026-10-26,1655,20000,,
1599794,24,2026-10-27,1655,20000,,
1599794,24,2026-10-28,1655,20000,,
1599794,24,2026-10-29,1655,20000,,
1599794,24,2026-10-30,1655,20000,,
1599794,24,2026-10-31,1655,20000,,
1599794,24,2026-11-01,1655,20000,,
1599794,24,2026-11-02,1655,20000,,
1599794,24,2026-11-03,1655,20000,,
1599794,24,2026-11-04,1655,20000,,
1599794,24,2026-11-05,1655,20000,,
1599794,24,2026-11-06,1655,20000,,
1599794,24,2026-11-07,1655,20000,,
1599794,24,2026-11-08,1655,20000,,
1599794,24,2026-11-09,1655,20000,,
1599794,24,2026-11-10,1655,20000,,
1599794,24,2026-11-11,1655,20000,,
1599794,24,2026-11-12,1655,20000,,
1599794,24,2026-11-13,1655,20000,,
1599794,24,2026-11-14,1655,20000,,
1599794,24,2026-11-15,1655,20000,,
1599794,24,2026-11-16,1655,20000,,
1599794,24,2026-11-17,1655,20000,,
1599794,24,2026-11-18,1655,20000,,
1599794,24,2026-11-19,1655,20000,,
1599794,24,2026-11-20,1655,20000,,
1599794,24,2026-11-21,1655,20000,,
1599794,24,2026-11-22,1655,20000,,
1599794,24,2026-11-23,1655,20000,,
1599794,24,2026-11-24,1655,20000,,
1599794,24,2026-11-25,1655,20000,,
1599794,24,2026-12-01,1655,20000,,
1599794,24,2026-12-02,1655,20000,,
1599794,24,2026-12-03,1655,20000,,
1599794,24,2026-12-04,1655,20000,,
1599794,24,2026-12-05,1655,20000,,
1599794,24,2026-12-06,1655,20000,,
1599794,24,2026-12-07,1655,20000,,
1599794,24,2026-12-08,1655,20000,,
1767140,64,2026-12-01,2811,23600,,
1767140,64,2026-12-07,2811,23600,,
1767140,64,2026-12-08,2811,23600,,
1767140,65,2026-12-01,2811,23600,,
1767140,65,2026-12-07,2811,23600,,
1767140,65,2026-12-08,2811,23600,,
1929807,25,2027-08-22,1524,23600,,
1929807,25,2027-08-27,1524,23600,,
1929807,25,2027-08-28,1524,23600,,
1929807,25,2027-08-29,1524,23600,,
1929807,25,2027-08-30,1524,23600,,
1929807,25,2027-08-31,1524,23600,,
1929807,25,2027-09-09,1524,23600,,
1929807,26,2027-08-22,1524,23600,,
1929807,26,2027-08-27,1524,23600,,
1929807,26,2027-08-28,1524,23600,,
1929807,26,2027-08-29,1524,23600,,
1929807,26,2027-08-30,1524,23600,,
1929807,26,2027-08-31,1524,23600,,
1929807,26,2027-09-09,1524,23600,,
2010412,25,2026-11-22,1261,23600,,
2010412,25,2026-11-23,1261,23600,,
2010412,25,2027-08-22,1194,23600,,
2010412,25,2027-08-27,1194,23600,,
2010412,26,2026-11-22,1261,23600,,
2010412,26,2026-11-23,1261,23600,,
2010412,26,2027-08-22,1194,23600,,
2010412,26,2027-08-27,1194,23600,,
2013172,25,2027-08-22,2174,23600,,
2013172,25,2027-08-27,2174,23600,,
2013172,25,2027-08-28,2174,23600,,
2013172,25,2027-08-29,2174,23600,,
2013172,25,2027-08-30,2174,23600,,
2013172,25,2027-08-31,2174,23600,,
2013172,25,2027-09-09,2174,23600,,
2013172,26,2027-08-22,2174,23600,,
2013172,26,2027-08-27,2174,23600,,
2013172,26,2027-08-28,2174,23600,,
2013172,26,2027-08-29,2174,23600,,
2013172,26,2027-08-30,2174,23600,,
2013172,26,2027-08-31,2174,23600,,
2013172,26,2027-09-09,2174,23600,,
2020755,19,2026-11-22,2056,20000,,
2020755,19,2026-11-23,2056,20000,,
2020755,19,2026-11-24,2056,20000,,
2020755,19,2026-11-25,2056,20000,,
2020755,20,2026-11-22,2056,20000,,
2020755,20,2026-11-23,2056,20000,,
2020755,20,2026-11-24,2056,20000,,
2020755,20,2026-11-25,2056,20000,,
9772256,29,2026-11-22,4654,23600,,
9772256,29,2026-11-23,4654,23600,,
9772256,29,2026-11-29,4654,23600,,
9772256,29,2026-11-30,4654,23600,,
9772256,30,2026-11-22,4654,23600,,
9772256,30,2026-11-23,4654,23600,,
9772256,30,2026-11-29,4654,23600,,
9772256,30,2026-11-30,4654,23600,,
9772256,31,2026-11-22,4654,23600,,
9772256,31,2026-11-23,4654,23600,,
9772256,31,2026-11-29,4654,23600,,
9772256,31,2026-11-30,4654,23600,,
9772256,32,2026-11-22,4654,23600,,
9772256,32,2026-11-23,4654,23600,,
9772256,32,2026-11-29,4654,23600,,
9772256,32,2026-11-30,4654,23600,,
9772256,33,2026-11-22,4654,23600,,
9772256,33,2026-11-23,4654,23600,,
9772256,33,2026-11-29,4654,23600,,
9772256,33,2026-11-30,4654,23600,,
9772256,34,2026-11-22,4654,23600,,
9772256,34,2026-11-23,4654,23600,,
9772256,34,2026-11-29,4654,23600,,
9772256,34,2026-11-30,4654,23600,,
9772256,57,2026-11-22,4654,23600,,
9772256,57,2026-11-23,4654,23600,,
9772256,57,2026-11-29,4654,23600,,
9772256,57,2026-11-30,4654,23600,,
9772256,58,2026-11-22,4654,23600,,
9772256,58,2026-11-23,4654,23600,,
9772256,58,2026-11-29,4654,23600,,
9772256,58,2026-11-30,4654,23600,,
9772256,89,2026-11-22,4654,23600,,
9772256,89,2026-11-23,4654,23600,,
9772256,89,2026-11-29,4654,23600,,
9772256,89,2026-11-30,4654,23600,,
1165837,45,2026-12-01,2361,23600,,
1165837,45,2026-12-07,2361,23600,,
1165837,45,2026-12-08,2361,23600,,
1165837,45,2027-08-22,2361,23600,,
1165837,45,2027-08-27,2361,23600,,
1165837,45,2027-08-28,2361,23600,,
1165837,45,2027-08-29,2361,23600,,
1165837,45,2027-08-30,2361,23600,,
1165837,45,2027-08-31,2361,23600,,
1165837,45,2027-09-09,2361,23600,,
1165837,46,2026-12-01,2361,23600,,
1165837,46,2026-12-07,2361,23600,,
1165837,46,2026-12-08,2361,23600,,
1165837,46,2027-08-22,2361,23600,,
1165837,46,2027-08-27,2361,23600,,
1165837,46,2027-08-28,2361,23600,,
1165837,46,2027-08-29,2361,23600,,
1165837,46,2027-08-30,2361,23600,,
1165837,46,2027-08-31,2361,23600,,
1165837,46,2027-09-09,2361,23600,,
1208576,29,2026-12-04,2059,20000,,
1208576,29,2026-12-05,2059,20000,,
1208576,30,2026-12-04,2059,20000,,
1208576,30,2026-12-05,2059,20000,,
1208576,31,2026-12-04,2059,20000,,
1208576,31,2026-12-05,2059,20000,,
1208576,57,2026-12-04,2059,20000,,
1208576,57,2026-12-05,2059,20000,,
1242203,15,2026-09-17,1081,23600,,
1242203,15,2026-09-20,1081,23600,,
1242203,15,2026-09-21,1081,23600,,
1242203,15,2026-09-22,1081,23600,,
1242203,15,2026-09-23,1081,23600,,
1242203,15,2026-09-24,1081,23600,,
1242203,15,2026-09-27,1081,23600,,
1242203,15,2026-09-28,1081,23600,,
1242203,15,2026-09-29,1081,23600,,
1242203,15,2026-09-30,1081,23600,,
1242203,15,2026-10-06,1081,23600,,
1242203,15,2026-10-07,1081,23600,,
1242203,15,2026-10-08,1081,23600,,
1242203,15,2026-10-27,1081,23600,,
1242203,15,2026-10-28,1081,23600,,
1242203,15,2026-10-29,1081,23600,,
1242203,15,2026-11-13,1125,23600,,
1242203,15,2026-11-27,1125,23600,,
1242203,15,2026-11-28,1125,23600,,
1242203,16,2026-09-17,1081,23600,,
1242203,16,2026-09-20,1081,23600,,
1242203,16,2026-09-21,1081,23600,,
1242203,16,2026-09-22,1081,23600,,
1242203,16,2026-09-23,1081,23600,,
1242203,16,2026-09-24,1081,23600,,
1242203,16,2026-09-27,1081,23600,,
1242203,16,2026-09-28,1081,23600,,
1242203,16,2026-09-29,1081,23600,,
1242203,16,2026-09-30,1081,23600,,
1242203,16,2026-10-06,1081,23600,,
1242203,16,2026-10-07,1081,23600,,
1242203,16,2026-10-08,1081,23600,,
1242203,16,2026-10-27,1081,23600,,
1242203,16,2026-10-28,1081,23600,,
1242203,16,2026-10-29,1081,23600,,
1242203,16,2026-11-13,1125,23600,,
1242203,16,2026-11-27,1125,23600,,
1242203,16,2026-11-28,1125,23600,,
1242203,38,2026-09-17,1081,23600,,
1242203,38,2026-09-20,1081,23600,,
1242203,38,2026-09-21,1081,23600,,
1242203,38,2026-09-22,1081,23600,,
1242203,38,2026-09-23,1081,23600,,
1242203,38,2026-09-24,1081,23600,,
1242203,38,2026-09-27,1081,23600,,
1242203,38,2026-09-28,1081,23600,,
1242203,38,2026-09-29,1081,23600,,
1242203,38,2026-09-30,1081,23600,,
1242203,38,2026-10-06,1081,23600,,
1242203,38,2026-10-07,1081,23600,,
1242203,38,2026-10-08,1081,23600,,
1242203,38,2026-10-27,1081,23600,,
1242203,38,2026-10-28,1081,23600,,
1242203,38,2026-10-29,1081,23600,,
1242203,38,2026-11-13,1125,23600,,
1242203,38,2026-11-27,1125,23600,,
1242203,38,2026-11-28,1125,23600,,
1242203,52,2026-09-17,1081,23600,,
1242203,52,2026-09-20,1081,23600,,
1242203,52,2026-09-21,1081,23600,,
1242203,52,2026-09-22,1081,23600,,
1242203,52,2026-09-23,1081,23600,,
1242203,52,2026-09-24,1081,23600,,
1242203,52,2026-09-27,1081,23600,,
1242203,52,2026-09-28,1081,23600,,
1242203,52,2026-09-29,1081,23600,,
1242203,52,2026-09-30,1081,23600,,
1242203,52,2026-10-06,1081,23600,,
1242203,52,2026-10-07,1081,23600,,
1242203,52,2026-10-08,1081,23600,,
1242203,52,2026-10-27,1081,23600,,
1242203,52,2026-10-28,1081,23600,,
1242203,52,2026-10-29,1081,23600,,
1242203,52,2026-11-13,1125,23600,,
1242203,52,2026-11-27,1125,23600,,
1242203,52,2026-11-28,1125,23600,,
1242203,76,2026-09-17,1081,23600,,
1242203,76,2026-09-20,1081,23600,,
1242203,76,2026-09-21,1081,23600,,
1242203,76,2026-09-22,1081,23600,,
1242203,76,2026-09-23,1081,23600,,
1242203,76,2026-09-24,1081,23600,,
1242203,76,2026-09-27,1081,23600,,
1242203,76,2026-09-28,1081,23600,,
1242203,76,2026-09-29,1081,23600,,
1242203,76,2026-09-30,1081,23600,,
1242203,76,2026-10-06,1081,23600,,
1242203,76,2026-10-07,1081,23600,,
1242203,76,2026-10-08,1081,23600,,
1242203,76,2026-10-27,1081,23600,,
1242203,76,2026-10-28,1081,23600,,
1242203,76,2026-10-29,1081,23600,,
1242203,76,2026-11-13,1125,23600,,
1242203,76,2026-11-27,1125,23600,,
1242203,76,2026-11-28,1125,23600,,
1379430,25,2026-09-19,2255,23600,,
1379430,25,2026-09-20,2255,23600,,
1379430,26,2026-09-19,2255,23600,,
1379430,26,2026-09-20,2255,23600,,
1385250,102,2027-09-09,1905,23600,,
1385250,103,2027-09-09,1905,23600,,
1386944,17,2026-12-04,1486,23600,,
1386944,17,2026-12-05,1486,23600,,
1386944,18,2026-12-04,1486,23600,,
1386944,18,2026-12-05,1486,23600,,
1386944,50,2026-12-04,1486,23600,,
1386944,50,2026-12-05,1486,23600,,
1446609,25,2027-08-22,1095,23600,,
1446609,25,2027-08-27,1095,23600,,
1446609,25,2027-08-28,1095,23600,,
1446609,25,2027-08-29,1095,23600,,
1446609,25,2027-08-30,1095,23600,,
1446609,25,2027-08-31,1095,23600,,
1446609,25,2027-09-09,1095,23600,,
1446609,26,2027-08-22,1095,23600,,
1446609,26,2027-08-27,1095,23600,,
1446609,26,2027-08-28,1095,23600,,
1446609,26,2027-08-29,1095,23600,,
1446609,26,2027-08-30,1095,23600,,
1446609,26,2027-08-31,1095,23600,,
1446609,26,2027-09-09,1095,23600,,
1509602,42,2027-08-22,2504,23600,,
1509602,42,2027-08-27,2504,23600,,
1509602,42,2027-08-28,2504,23600,,
1509602,42,2027-08-29,2504,23600,,
1509602,42,2027-08-30,2504,23600,,
1509602,42,2027-08-31,2504,23600,,
1509602,42,2027-09-09,2504,23600,,
1509602,43,2027-08-22,2504,23600,,
1509602,43,2027-08-27,2504,23600,,
1509602,43,2027-08-28,2504,23600,,
1509602,43,2027-08-29,2504,23600,,
1509602,43,2027-08-30,2504,23600,,
1509602,43,2027-08-31,2504,23600,,
1509602,43,2027-09-09,2504,23600,,
1523458,35,2026-09-29,2245,20000,,
1523458,36,2026-09-29,2245,20000,,
1545063,23,2026-11-10,3223,23600,,
1545063,24,2026-11-10,3223,23600,,
1545063,27,2026-11-09,3392,23600,,
1545063,27,2026-11-11,3392,23600,,
1545063,27,2026-11-16,3392,23600,,
1545063,28,2026-11-09,3392,23600,,
1545063,28,2026-11-11,3392,23600,,
1545063,28,2026-11-16,3392,23600,,
1545063,29,2026-11-09,3461,23600,,
1545063,29,2026-11-11,3461,23600,,
1545063,29,2026-11-16,3461,23600,,
1545063,30,2026-11-09,3461,23600,,
1545063,30,2026-11-11,3461,23600,,
1545063,30,2026-11-16,3461,23600,,
1545063,31,2026-11-09,3461,23600,,
1545063,31,2026-11-11,3461,23600,,
1545063,31,2026-11-16,3461,23600,,
1545063,40,2026-11-10,3223,23600,,
1545063,57,2026-11-09,3461,23600,,
1545063,57,2026-11-11,3461,23600,,
1545063,57,2026-11-16,3461,23600,,
1598358,32,2026-10-10,1520,20000,,
1598358,32,2026-10-11,1520,20000,,
1598358,32,2026-10-12,1520,20000,,
1598358,32,2026-10-13,1520,20000,,
1598358,32,2026-10-14,1520,20000,,
1598358,32,2026-10-15,1520,20000,,
1598358,32,2026-10-16,1520,20000,,
1598358,32,2026-10-17,1520,20000,,
1598358,32,2026-10-18,1520,20000,,
1598358,32,2026-10-19,1520,20000,,
1598358,32,2026-10-20,1520,20000,,
1598358,32,2026-10-21,1520,20000,,
1598358,32,2026-10-22,1520,20000,,
1598358,32,2026-10-23,1520,20000,,
1598358,32,2026-10-24,1520,20000,,
1598358,32,2026-10-25,1520,20000,,
1598358,32,2026-10-26,1520,20000,,
1598358,32,2026-10-27,1520,20000,,
1598358,32,2026-10-28,1520,20000,,
1598358,32,2026-10-29,1520,20000,,
1598358,32,2026-10-30,1520,20000,,
1598358,32,2026-10-31,1520,20000,,
1598358,32,2026-11-01,1520,20000,,
1598358,32,2026-11-02,1520,20000,,
1598358,32,2026-11-03,1520,20000,,
1598358,32,2026-11-04,1520,20000,,
1598358,32,2026-11-05,1520,20000,,
1598358,32,2026-11-06,1520,20000,,
1598358,32,2026-11-07,1520,20000,,
1598358,32,2026-11-08,1520,20000,,
1598358,33,2026-10-10,1520,20000,,
1598358,33,2026-10-11,1520,20000,,
1598358,33,2026-10-12,1520,20000,,
1598358,33,2026-10-13,1520,20000,,
1598358,33,2026-10-14,1520,20000,,
1598358,33,2026-10-15,1520,20000,,
1598358,33,2026-10-16,1520,20000,,
1598358,33,2026-10-17,1520,20000,,
1598358,33,2026-10-18,1520,20000,,
1598358,33,2026-10-19,1520,20000,,
1598358,33,2026-10-20,1520,20000,,
1598358,33,2026-10-21,1520,20000,,
1598358,33,2026-10-22,1520,20000,,
1598358,33,2026-10-23,1520,20000,,
1598358,33,2026-10-24,1520,20000,,
1598358,33,2026-10-25,1520,20000,,
1598358,33,2026-10-26,1520,20000,,
1598358,33,2026-10-27,1520,20000,,
1598358,33,2026-10-28,1520,20000,,
1598358,33,2026-10-29,1520,20000,,
1598358,33,2026-10-30,1520,20000,,
1598358,33,2026-10-31,1520,20000,,
1598358,33,2026-11-01,1520,20000,,
1598358,33,2026-11-02,1520,20000,,
1598358,33,2026-11-03,1520,20000,,
1598358,33,2026-11-04,1520,20000,,
1598358,33,2026-11-05,1520,20000,,
1598358,33,2026-11-06,1520,20000,,
1598358,33,2026-11-07,1520,20000,,
1598358,33,2026-11-08,1520,20000,,
1599794,21,2026-09-15,1483,20000,,
1599794,21,2026-09-16,1483,20000,,
1599794,21,2026-09-17,1483,20000,,
1599794,21,2026-09-18,1483,20000,,
1599794,21,2026-09-19,1483,20000,,
1599794,21,2026-09-20,1483,20000,,
1599794,21,2026-09-21,1483,20000,,
1599794,21,2026-09-22,1483,20000,,
1599794,21,2026-09-23,1483,20000,,
1599794,21,2026-09-24,1483,20000,,
1599794,21,2026-09-25,1483,20000,,
1599794,21,2026-09-26,1483,20000,,
1599794,21,2026-09-27,1483,20000,,
1599794,21,2026-09-28,1483,20000,,
1599794,21,2026-09-29,1483,20000,,
1599794,21,2026-09-30,1483,20000,,
1599794,21,2026-10-01,1483,20000,,
1599794,21,2026-10-02,1483,20000,,
1599794,21,2026-10-03,1483,20000,,
1599794,21,2026-10-04,1483,20000,,
1599794,21,2026-10-05,1483,20000,,
1599794,21,2026-10-06,1483,20000,,
1599794,21,2026-10-07,1483,20000,,
1599794,21,2026-10-08,1483,20000,,
1599794,21,2026-10-09,1483,20000,,
1599794,21,2026-10-10,1483,20000,,
1599794,21,2026-10-11,1483,20000,,
1599794,21,2026-10-12,1483,20000,,
1599794,21,2026-10-13,1483,20000,,
1599794,21,2026-10-14,1483,20000,,
1599794,21,2026-10-15,1483,20000,,
1599794,21,2026-10-16,1483,20000,,
1599794,21,2026-10-17,1483,20000,,
1599794,21,2026-10-18,1483,20000,,
1599794,21,2026-10-19,1483,20000,,
1599794,21,2026-10-20,1483,20000,,
1599794,21,2026-10-21,1483,20000,,
1599794,21,2026-10-22,1483,20000,,
1599794,21,2026-10-23,1483,20000,,
1599794,21,2026-10-24,1483,20000,,
1599794,21,2026-10-25,1483,20000,,
1599794,21,2026-10-26,1483,20000,,
1599794,21,2026-10-27,1483,20000,,
1599794,21,2026-10-28,1483,20000,,
1599794,21,2026-10-29,1483,20000,,
1599794,21,2026-10-30,1483,20000,,
1599794,21,2026-10-31,1483,20000,,
1599794,21,2026-11-01,1483,20000,,
1599794,21,2026-11-02,1483,20000,,
1599794,21,2026-11-03,1483,20000,,
1599794,21,2026-11-04,1483,20000,,
1599794,21,2026-11-05,1483,20000,,
1599794,21,2026-11-06,1483,20000,,
1599794,21,2026-11-07,1483,20000,,
1599794,21,2026-11-08,1483,20000,,
1599794,21,2026-11-09,1483,20000,,
1599794,21,2026-11-10,1483,20000,,
1599794,21,2026-11-11,1483,20000,,
1599794,21,2026-11-12,1483,20000,,
1599794,21,2026-11-13,1483,20000,,
1599794,21,2026-11-14,1483,20000,,
1599794,21,2026-11-15,1483,20000,,
1599794,21,2026-11-16,1483,20000,,
1599794,21,2026-11-17,1483,20000,,
1599794,21,2026-11-18,1483,20000,,
1599794,21,2026-11-19,1483,20000,,
1599794,21,2026-11-20,1483,20000,,
1599794,21,2026-11-21,1483,20000,,
1599794,21,2026-11-22,1483,20000,,
1599794,21,2026-11-23,1483,20000,,
1599794,21,2026-11-24,1483,20000,,
1599794,21,2026-11-25,1483,20000,,
1599794,21,2026-12-01,1483,20000,,
1599794,21,2026-12-02,1483,20000,,
1599794,21,2026-12-03,1483,20000,,
1599794,21,2026-12-04,1483,20000,,
1599794,21,2026-12-05,1483,20000,,
1599794,21,2026-12-06,1483,20000,,
1599794,21,2026-12-07,1483,20000,,
1599794,21,2026-12-08,1483,20000,,
1599794,22,2026-09-15,1483,20000,,
1599794,22,2026-09-16,1483,20000,,
1599794,22,2026-09-17,1483,20000,,
1599794,22,2026-09-18,1483,20000,,
1599794,22,2026-09-19,1483,20000,,
1599794,22,2026-09-20,1483,20000,,
1599794,22,2026-09-21,1483,20000,,
1599794,22,2026-09-22,1483,20000,,
1599794,22,2026-09-23,1483,20000,,
1599794,22,2026-09-24,1483,20000,,
1599794,22,2026-09-25,1483,20000,,
1599794,22,2026-09-26,1483,20000,,
1599794,22,2026-09-27,1483,20000,,
1599794,22,2026-09-28,1483,20000,,
1599794,22,2026-09-29,1483,20000,,
1599794,22,2026-09-30,1483,20000,,
1599794,22,2026-10-01,1483,20000,,
1599794,22,2026-10-02,1483,20000,,
1599794,22,2026-10-03,1483,20000,,
1599794,22,2026-10-04,1483,20000,,
1599794,22,2026-10-05,1483,20000,,
1599794,22,2026-10-06,1483,20000,,
1599794,22,2026-10-07,1483,20000,,
1599794,22,2026-10-08,1483,20000,,
1599794,22,2026-10-09,1483,20000,,
1599794,22,2026-10-10,1483,20000,,
1599794,22,2026-10-11,1483,20000,,
1599794,22,2026-10-12,1483,20000,,
1599794,22,2026-10-13,1483,20000,,
1599794,22,2026-10-14,1483,20000,,
1599794,22,2026-10-15,1483,20000,,
1599794,22,2026-10-16,1483,20000,,
1599794,22,2026-10-17,1483,20000,,
1599794,22,2026-10-18,1483,20000,,
1599794,22,2026-10-19,1483,20000,,
1599794,22,2026-10-20,1483,20000,,
1599794,22,2026-10-21,1483,20000,,
1599794,22,2026-10-22,1483,20000,,
1599794,22,2026-10-23,1483,20000,,
1599794,22,2026-10-24,1483,20000,,
1599794,22,2026-10-25,1483,20000,,
1599794,22,2026-10-26,1483,20000,,
1599794,22,2026-10-27,1483,20000,,
1599794,22,2026-10-28,1483,20000,,
1599794,22,2026-10-29,1483,20000,,
1599794,22,2026-10-30,1483,20000,,
1599794,22,2026-10-31,1483,20000,,
1599794,22,2026-11-01,1483,20000,,
1599794,22,2026-11-02,1483,20000,,
1599794,22,2026-11-03,1483,20000,,
1599794,22,2026-11-04,1483,20000,,
1599794,22,2026-11-05,1483,20000,,
1599794,22,2026-11-06,1483,20000,,
1599794,22,2026-11-07,1483,20000,,
1599794,22,2026-11-08,1483,20000,,
1599794,22,2026-11-09,1483,20000,,
1599794,22,2026-11-10,1483,20000,,
1599794,22,2026-11-11,1483,20000,,
1599794,22,2026-11-12,1483,20000,,
1599794,22,2026-11-13,1483,20000,,
1599794,22,2026-11-14,1483,20000,,
1599794,22,2026-11-15,1483,20000,,
1599794,22,2026-11-16,1483,20000,,
1599794,22,2026-11-17,1483,20000,,
1599794,22,2026-11-18,1483,20000,,
1599794,22,2026-11-19,1483,20000,,
1599794,22,2026-11-20,1483,20000,,
1599794,22,2026-11-21,1483,20000,,
1599794,22,2026-11-22,1483,20000,,
1599794,22,2026-11-23,1483,20000,,
1599794,22,2026-11-24,1483,20000,,
1599794,22,2026-11-25,1483,20000,,
1599794,22,2026-12-01,1483,20000,,
1599794,22,2026-12-02,1483,20000,,
1599794,22,2026-12-03,1483,20000,,
1599794,22,2026-12-04,1483,20000,,
1599794,22,2026-12-05,1483,20000,,
1599794,22,2026-12-06,1483,20000,,
1599794,22,2026-12-07,1483,20000,,
1599794,22,2026-12-08,1483,20000,,
1599794,39,2026-09-15,1483,20000,,
1599794,39,2026-09-16,1483,20000,,
1599794,39,2026-09-17,1483,20000,,
1599794,39,2026-09-18,1483,20000,,
1599794,39,2026-09-19,1483,20000,,
1599794,39,2026-09-20,1483,20000,,
1599794,39,2026-09-21,1483,20000,,
1599794,39,2026-09-22,1483,20000,,
1599794,39,2026-09-23,1483,20000,,
1599794,39,2026-09-24,1483,20000,,
1599794,39,2026-09-25,1483,20000,,
1599794,39,2026-09-26,1483,20000,,
1599794,39,2026-09-27,1483,20000,,
1599794,39,2026-09-28,1483,20000,,
1599794,39,2026-09-29,1483,20000,,
1599794,39,2026-09-30,1483,20000,,
1599794,39,2026-10-01,1483,20000,,
1599794,39,2026-10-02,1483,20000,,
1599794,39,2026-10-03,1483,20000,,
1599794,39,2026-10-04,1483,20000,,
1599794,39,2026-10-05,1483,20000,,
1599794,39,2026-10-06,1483,20000,,
1599794,39,2026-10-07,1483,20000,,
1599794,39,2026-10-08,1483,20000,,
1599794,39,2026-10-09,1483,20000,,
1599794,39,2026-10-10,1483,20000,,
1599794,39,2026-10-11,1483,20000,,
1599794,39,2026-10-12,1483,20000,,
1599794,39,2026-10-13,1483,20000,,
1599794,39,2026-10-14,1483,20000,,
1599794,39,2026-10-15,1483,20000,,
1599794,39,2026-10-16,1483,20000,,
1599794,39,2026-10-17,1483,20000,,
1599794,39,2026-10-18,1483,20000,,
1599794,39,2026-10-19,1483,20000,,
1599794,39,2026-10-20,1483,20000,,
1599794,39,2026-10-21,1483,20000,,
1599794,39,2026-10-22,1483,20000,,
1599794,39,2026-10-23,1483,20000,,
1599794,39,2026-10-24,1483,20000,,
1599794,39,2026-10-25,1483,20000,,
1599794,39,2026-10-26,1483,20000,,
1599794,39,2026-10-27,1483,20000,,
1599794,39,2026-10-28,1483,20000,,
1599794,39,2026-10-29,1483,20000,,
1599794,39,2026-10-30,1483,20000,,
1599794,39,2026-10-31,1483,20000,,
1599794,39,2026-11-01,1483,20000,,
1599794,39,2026-11-02,1483,20000,,
1599794,39,2026-11-03,1483,20000,,
1599794,39,2026-11-04,1483,20000,,
1599794,39,2026-11-05,1483,20000,,
1599794,39,2026-11-06,1483,20000,,
1599794,39,2026-11-07,1483,20000,,
1599794,39,2026-11-08,1483,20000,,
1599794,39,2026-11-09,1483,20000,,
1599794,39,2026-11-10,1483,20000,,
1599794,39,2026-11-11,1483,20000,,
1599794,39,2026-11-12,1483,20000,,
1599794,39,2026-11-13,1483,20000,,
1599794,39,2026-11-14,1483,20000,,
1599794,39,2026-11-15,1483,20000,,
1599794,39,2026-11-16,1483,20000,,
1599794,39,2026-11-17,1483,20000,,
1599794,39,2026-11-18,1483,20000,,
1599794,39,2026-11-19,1483,20000,,
1599794,39,2026-11-20,1483,20000,,
1599794,39,2026-11-21,1483,20000,,
1599794,39,2026-11-22,1483,20000,,
1599794,39,2026-11-23,1483,20000,,
1599794,39,2026-11-24,1483,20000,,
1599794,39,2026-11-25,1483,20000,,
1599794,39,2026-12-01,1483,20000,,
1599794,39,2026-12-02,1483,20000,,
1599794,39,2026-12-03,1483,20000,,
1599794,39,2026-12-04,1483,20000,,
1599794,39,2026-12-05,1483,20000,,
1599794,39,2026-12-06,1483,20000,,
1599794,39,2026-12-07,1483,20000,,
1599794,39,2026-12-08,1483,20000,,
1726039,21,2026-12-04,1895,23600,,
1726039,21,2026-12-05,1895,23600,,
1726039,22,2026-12-04,1895,23600,,
1726039,22,2026-12-05,1895,23600,,
1726039,23,2026-12-04,1895,23600,,
1726039,23,2026-12-05,1895,23600,,
1726039,24,2026-12-04,1895,23600,,
1726039,24,2026-12-05,1895,23600,,
1726039,39,2026-12-04,1895,23600,,
1726039,39,2026-12-05,1895,23600,,
1726039,40,2026-12-04,1895,23600,,
1726039,40,2026-12-05,1895,23600,,
1726039,83,2026-12-04,1895,23600,,
1726039,83,2026-12-05,1895,23600,,
1766640,45,2026-11-22,1532,23600,,
1766640,45,2026-11-23,1532,23600,,
1766640,46,2026-11-22,1532,23600,,
1766640,46,2026-11-23,1532,23600,,
1766857,45,2027-09-09,2422,23600,,
1766857,46,2027-09-09,2422,23600,,
1767140,45,2027-08-22,2195,23600,,
1767140,45,2027-08-27,2195,23600,,
1767140,45,2027-08-28,2195,23600,,
1767140,45,2027-08-29,2195,23600,,
1767140,45,2027-08-30,2195,23600,,
1767140,45,2027-08-31,2195,23600,,
1767140,45,2027-09-09,2195,23600,,
1767140,46,2027-08-22,2195,23600,,
1767140,46,2027-08-27,2195,23600,,
1767140,46,2027-08-28,2195,23600,,
1767140,46,2027-08-29,2195,23600,,
1767140,46,2027-08-30,2195,23600,,
1767140,46,2027-08-31,2195,23600,,
1767140,46,2027-09-09,2195,23600,,
2018783,25,2026-11-22,1285,23600,,
2018783,25,2026-11-23,1285,23600,,
2018783,25,2026-11-27,1285,23600,,
2018783,25,2026-11-28,1285,23600,,
2018783,25,2026-11-29,1285,23600,,
2018783,25,2026-11-30,1285,23600,,
2018783,25,2026-12-01,1285,23600,,
2018783,25,2026-12-07,1285,23600,,
2018783,25,2026-12-08,1285,23600,,
2018783,26,2026-11-22,1285,23600,,
2018783,26,2026-11-23,1285,23600,,
2018783,26,2026-11-27,1285,23600,,
2018783,26,2026-11-28,1285,23600,,
2018783,26,2026-11-29,1285,23600,,
2018783,26,2026-11-30,1285,23600,,
2018783,26,2026-12-01,1285,23600,,
2018783,26,2026-12-07,1285,23600,,
2018783,26,2026-12-08,1285,23600,,
2053245,21,2027-09-09,1470,23600,,
2053245,22,2027-09-09,1470,23600,,
2053245,39,2027-09-09,1470,23600,,
2053245,83,2027-09-09,1470,23600,,
6141453,25,2026-11-27,1793,23600,,
6141453,25,2026-11-28,1793,23600,,
0015738,25,2026-09-20,1236,23600,,
0015738,25,2026-11-22,1236,23600,,
0015738,25,2026-11-23,1236,23600,,
0015738,25,2026-11-27,1236,23600,,
0015738,25,2026-11-28,1236,23600,,
0015738,25,2026-11-29,1236,23600,,
0015738,25,2026-11-30,1236,23600,,
0015738,25,2026-12-01,1236,23600,,
0015738,25,2026-12-07,1236,23600,,
0015738,25,2026-12-08,1236,23600,,
0015738,26,2026-09-20,1236,23600,,
0015738,26,2026-11-22,1236,23600,,
0015738,26,2026-11-23,1236,23600,,
0015738,26,2026-11-27,1236,23600,,
0015738,26,2026-11-28,1236,23600,,
0015738,26,2026-11-29,1236,23600,,
0015738,26,2026-11-30,1236,23600,,
0015738,26,2026-12-01,1236,23600,,
0015738,26,2026-12-07,1236,23600,,
0015738,26,2026-12-08,1236,23600,,
1208576,27,2026-12-02,1645,20000,,
1208576,27,2026-12-03,1645,20000,,
1208576,27,2026-12-06,1645,20000,,
1208576,28,2026-12-02,1645,20000,,
1208576,28,2026-12-03,1645,20000,,
1208576,28,2026-12-06,1645,20000,,
1208576,32,2026-12-02,2059,20000,,
1208576,32,2026-12-03,2059,20000,,
1208576,32,2026-12-06,2059,20000,,
1208576,33,2026-12-02,2059,20000,,
1208576,33,2026-12-03,2059,20000,,
1208576,33,2026-12-06,2059,20000,,
1208576,34,2026-12-02,2059,20000,,
1208576,34,2026-12-03,2059,20000,,
1208576,34,2026-12-06,2059,20000,,
1385250,102,2026-11-22,1905,23600,,
1385250,102,2026-11-23,1905,23600,,
1385250,103,2026-11-22,1905,23600,,
1385250,103,2026-11-23,1905,23600,,
1464876,23,2026-12-01,2478,23600,,
1464876,23,2026-12-07,2478,23600,,
1464876,23,2026-12-08,2478,23600,,
1464876,24,2026-12-01,2478,23600,,
1464876,24,2026-12-07,2478,23600,,
1464876,24,2026-12-08,2478,23600,,
1464876,29,2026-12-01,2444,23600,,
1464876,29,2026-12-07,2444,23600,,
1464876,29,2026-12-08,2444,23600,,
1464876,30,2026-12-01,2444,23600,,
1464876,30,2026-12-07,2444,23600,,
1464876,30,2026-12-08,2444,23600,,
1464876,31,2026-12-01,2444,23600,,
1464876,31,2026-12-07,2444,23600,,
1464876,31,2026-12-08,2444,23600,,
1464876,40,2026-12-01,2478,23600,,
1464876,40,2026-12-07,2478,23600,,
1464876,40,2026-12-08,2478,23600,,
1464876,57,2026-12-01,2444,23600,,
1464876,57,2026-12-07,2444,23600,,
1464876,57,2026-12-08,2444,23600,,
1472544,45,2026-11-22,1738,23600,,
1472544,45,2026-11-23,1738,23600,,
1472544,46,2026-11-22,1738,23600,,
1472544,46,2026-11-23,1738,23600,,
1545063,21,2026-11-10,3154,23600,,
1545063,22,2026-11-10,3154,23600,,
1545063,39,2026-11-10,3154,23600,,
1545063,83,2026-11-10,3154,23600,,
1929807,25,2026-11-22,1524,23600,,
1929807,25,2026-11-23,1524,23600,,
1929807,26,2026-11-22,1524,23600,,
1929807,26,2026-11-23,1524,23600,,
2083696,45,2027-08-22,2044,23600,,
2083696,45,2027-08-27,2044,23600,,
2083696,45,2027-08-28,2044,23600,,
2083696,45,2027-08-29,2044,23600,,
2083696,45,2027-08-30,2044,23600,,
2083696,45,2027-08-31,2044,23600,,
2083696,45,2027-09-09,2044,23600,,
2083696,46,2027-08-22,2044,23600,,
2083696,46,2027-08-27,2044,23600,,
2083696,46,2027-08-28,2044,23600,,
2083696,46,2027-08-29,2044,23600,,
2083696,46,2027-08-30,2044,23600,,
2083696,46,2027-08-31,2044,23600,,
2083696,46,2027-09-09,2044,23600,,
9772256,27,2026-11-22,4033,23600,,
9772256,27,2026-11-23,4033,23600,,
9772256,27,2026-11-29,4033,23600,,
9772256,27,2026-11-30,4033,23600,,
9772256,28,2026-11-22,4033,23600,,
9772256,28,2026-11-23,4033,23600,,
9772256,28,2026-11-29,4033,23600,,
9772256,28,2026-11-30,4033,23600,,
1204840,45,2026-12-04,2066,27848,,
1204840,45,2026-12-05,2066,27848,,
1204840,46,2026-12-04,2066,27848,,
1204840,46,2026-12-05,2066,27848,,
1209749,21,2026-12-01,1722,38776,,
1209749,21,2026-12-07,1722,38776,,
1209749,21,2026-12-08,1722,38776,,
1209749,22,2026-12-01,1722,38776,,
1209749,22,2026-12-07,1722,38776,,
1209749,22,2026-12-08,1722,38776,,
1209749,23,2026-12-01,1722,38776,,
1209749,23,2026-12-07,1722,38776,,
1209749,23,2026-12-08,1722,38776,,
1209749,24,2026-12-01,1722,38776,,
1209749,24,2026-12-07,1722,38776,,
1209749,24,2026-12-08,1722,38776,,
1209749,39,2026-12-01,1722,38776,,
1209749,39,2026-12-07,1722,38776,,
1209749,39,2026-12-08,1722,38776,,
1209749,40,2026-12-01,1722,38776,,
1209749,40,2026-12-07,1722,38776,,
1209749,40,2026-12-08,1722,38776,,
1209749,83,2026-12-01,1722,38776,,
1209749,83,2026-12-07,1722,38776,,
1209749,83,2026-12-08,1722,38776,,
1242203,15,2026-11-01,1081,23600,,
1242203,15,2026-11-02,1081,23600,,
1242203,15,2026-11-03,1081,23600,,
1242203,15,2026-11-04,1081,23600,,
1242203,15,2026-11-05,1081,23600,,
1242203,15,2026-11-12,1081,23600,,
1242203,15,2026-11-18,1081,23600,,
1242203,15,2026-11-19,1081,23600,,
1242203,15,2026-11-22,1081,23600,,
1242203,15,2026-11-23,1081,23600,,
1242203,15,2026-11-29,1081,23600,,
1242203,15,2026-11-30,1081,23600,,
1242203,16,2026-11-01,1081,23600,,
1242203,16,2026-11-02,1081,23600,,
1242203,16,2026-11-03,1081,23600,,
1242203,16,2026-11-04,1081,23600,,
1242203,16,2026-11-05,1081,23600,,
1242203,16,2026-11-12,1081,23600,,
1242203,16,2026-11-18,1081,23600,,
1242203,16,2026-11-19,1081,23600,,
1242203,16,2026-11-22,1081,23600,,
1242203,16,2026-11-23,1081,23600,,
1242203,16,2026-11-29,1081,23600,,
1242203,16,2026-11-30,1081,23600,,
1242203,38,2026-11-01,1081,23600,,
1242203,38,2026-11-02,1081,23600,,
1242203,38,2026-11-03,1081,23600,,
1242203,38,2026-11-04,1081,23600,,
1242203,38,2026-11-05,1081,23600,,
1242203,38,2026-11-12,1081,23600,,
1242203,38,2026-11-18,1081,23600,,
1242203,38,2026-11-19,1081,23600,,
1242203,38,2026-11-22,1081,23600,,
1242203,38,2026-11-23,1081,23600,,
1242203,38,2026-11-29,1081,23600,,
1242203,38,2026-11-30,1081,23600,,
1242203,52,2026-11-01,1081,23600,,
1242203,52,2026-11-02,1081,23600,,
1242203,52,2026-11-03,1081,23600,,
1242203,52,2026-11-04,1081,23600,,
1242203,52,2026-11-05,1081,23600,,
1242203,52,2026-11-12,1081,23600,,
1242203,52,2026-11-18,1081,23600,,
1242203,52,2026-11-19,1081,23600,,
1242203,52,2026-11-22,1081,23600,,
1242203,52,2026-11-23,1081,23600,,
1242203,52,2026-11-29,1081,23600,,
1242203,52,2026-11-30,1081,23600,,
1242203,76,2026-11-01,1081,23600,,
1242203,76,2026-11-02,1081,23600,,
1242203,76,2026-11-03,1081,23600,,
1242203,76,2026-11-04,1081,23600,,
1242203,76,2026-11-05,1081,23600,,
1242203,76,2026-11-12,1081,23600,,
1242203,76,2026-11-18,1081,23600,,
1242203,76,2026-11-19,1081,23600,,
1242203,76,2026-11-22,1081,23600,,
1242203,76,2026-11-23,1081,23600,,
1242203,76,2026-11-29,1081,23600,,
1242203,76,2026-11-30,1081,23600,,
1379430,19,2026-09-15,2531,23600,,
1379430,19,2026-09-16,2531,23600,,
1379430,19,2026-09-17,2531,23600,,
1379430,19,2026-09-18,2531,23600,,
1379430,19,2026-09-19,2531,23600,,
1379430,19,2026-09-20,2531,23600,,
1379430,19,2026-09-21,2531,23600,,
1379430,20,2026-09-15,2531,23600,,
1379430,20,2026-09-16,2531,23600,,
1379430,20,2026-09-17,2531,23600,,
1379430,20,2026-09-18,2531,23600,,
1379430,20,2026-09-19,2531,23600,,
1379430,20,2026-09-20,2531,23600,,
1379430,20,2026-09-21,2531,23600,,
1379430,25,2026-09-16,2255,23600,,
1379430,25,2026-09-17,2255,23600,,
1379430,25,2026-09-18,2255,23600,,
1379430,26,2026-09-16,2255,23600,,
1379430,26,2026-09-17,2255,23600,,
1379430,26,2026-09-18,2255,23600,,
1472508,25,2027-08-22,1277,23600,,
1472508,25,2027-08-27,1277,23600,,
1472508,25,2027-08-28,1277,23600,,
1472508,25,2027-08-29,1277,23600,,
1472508,25,2027-08-30,1277,23600,,
1472508,25,2027-08-31,1277,23600,,
1472508,25,2027-09-09,1277,23600,,
1472508,26,2027-08-22,1277,23600,,
1472508,26,2027-08-27,1277,23600,,
1472508,26,2027-08-28,1277,23600,,
1472508,26,2027-08-29,1277,23600,,
1472508,26,2027-08-30,1277,23600,,
1472508,26,2027-08-31,1277,23600,,
1472508,26,2027-09-09,1277,23600,,
1595009,42,2026-11-22,2109,23600,,
1595009,42,2026-11-23,2109,23600,,
1595009,42,2026-11-27,2109,23600,,
1595009,42,2026-11-28,2109,23600,,
1595009,42,2026-11-29,2109,23600,,
1595009,42,2026-11-30,2109,23600,,
1595009,42,2026-12-01,2109,23600,,
1595009,42,2026-12-07,2109,23600,,
1595009,42,2026-12-08,2109,23600,,
1595009,43,2026-11-22,2109,23600,,
1595009,43,2026-11-23,2109,23600,,
1595009,43,2026-11-27,2109,23600,,
1595009,43,2026-11-28,2109,23600,,
1595009,43,2026-11-29,2109,23600,,
1595009,43,2026-11-30,2109,23600,,
1595009,43,2026-12-01,2109,23600,,
1595009,43,2026-12-07,2109,23600,,
1595009,43,2026-12-08,2109,23600,,
1595009,44,2026-11-22,2109,23600,,
1595009,44,2026-11-23,2109,23600,,
1595009,44,2026-11-27,2109,23600,,
1595009,44,2026-11-28,2109,23600,,
1595009,44,2026-11-29,2109,23600,,
1595009,44,2026-11-30,2109,23600,,
1595009,44,2026-12-01,2109,23600,,
1595009,44,2026-12-07,2109,23600,,
1595009,44,2026-12-08,2109,23600,,
1598358,32,2026-09-09,1495,20000,,
1598358,32,2026-09-10,1495,20000,,
1598358,32,2026-09-22,1495,20000,,
1598358,32,2026-09-23,1495,20000,,
1598358,32,2026-09-24,1495,20000,,
1598358,32,2026-09-25,1495,20000,,
1598358,32,2026-09-26,1495,20000,,
1598358,32,2026-09-27,1495,20000,,
1598358,32,2026-09-28,1495,20000,,
1598358,32,2026-09-29,1495,20000,,
1598358,32,2026-09-30,1495,20000,,
1598358,32,2026-10-01,1495,20000,,
1598358,32,2026-10-02,1495,20000,,
1598358,32,2026-10-03,1495,20000,,
1598358,32,2026-10-04,1495,20000,,
1598358,32,2026-10-05,1495,20000,,
1598358,32,2026-10-06,1495,20000,,
1598358,32,2026-10-07,1495,20000,,
1598358,32,2026-10-08,1495,20000,,
1598358,32,2026-10-09,1495,20000,,
1598358,32,2026-11-09,1495,20000,,
1598358,32,2026-11-10,1495,20000,,
1598358,32,2026-11-11,1495,20000,,
1598358,32,2026-11-12,1495,20000,,
1598358,32,2026-11-13,1495,20000,,
1598358,32,2026-11-14,1495,20000,,
1598358,32,2026-11-15,1495,20000,,
1598358,32,2026-11-16,1495,20000,,
1598358,32,2026-11-17,1495,20000,,
1598358,32,2026-11-18,1495,20000,,
1598358,32,2026-11-19,1495,20000,,
1598358,32,2026-11-20,1495,20000,,
1598358,32,2026-11-21,1495,20000,,
1598358,32,2026-11-22,1495,20000,,
1598358,32,2026-11-23,1495,20000,,
1598358,32,2026-11-24,1495,20000,,
1598358,32,2026-11-25,1495,20000,,
1598358,32,2026-11-26,1495,20000,,
1598358,32,2026-11-27,1495,20000,,
1598358,32,2026-11-28,1495,20000,,
1598358,32,2026-11-29,1495,20000,,
1598358,32,2026-11-30,1495,20000,,
1598358,32,2026-12-01,1495,20000,,
1598358,32,2026-12-02,1495,20000,,
1598358,32,2026-12-03,1495,20000,,
1598358,32,2026-12-04,1495,20000,,
1598358,32,2026-12-05,1495,20000,,
1598358,32,2026-12-06,1495,20000,,
1598358,32,2026-12-07,1495,20000,,
1598358,32,2026-12-08,1495,20000,,
1598358,33,2026-09-09,1495,20000,,
1598358,33,2026-09-10,1495,20000,,
1598358,33,2026-09-22,1495,20000,,
1598358,33,2026-09-23,1495,20000,,
1598358,33,2026-09-24,1495,20000,,
1598358,33,2026-09-25,1495,20000,,
1598358,33,2026-09-26,1495,20000,,
1598358,33,2026-09-27,1495,20000,,
1598358,33,2026-09-28,1495,20000,,
1598358,33,2026-09-29,1495,20000,,
1598358,33,2026-09-30,1495,20000,,
1598358,33,2026-10-01,1495,20000,,
1598358,33,2026-10-02,1495,20000,,
1598358,33,2026-10-03,1495,20000,,
1598358,33,2026-10-04,1495,20000,,
1598358,33,2026-10-05,1495,20000,,
1598358,33,2026-10-06,1495,20000,,
1598358,33,2026-10-07,1495,20000,,
1598358,33,2026-10-08,1495,20000,,
1598358,33,2026-10-09,1495,20000,,
1598358,33,2026-11-09,1495,20000,,
1598358,33,2026-11-10,1495,20000,,
1598358,33,2026-11-11,1495,20000,,
1598358,33,2026-11-12,1495,20000,,
1598358,33,2026-11-13,1495,20000,,
1598358,33,2026-11-14,1495,20000,,
1598358,33,2026-11-15,1495,20000,,
1598358,33,2026-11-16,1495,20000,,
1598358,33,2026-11-17,1495,20000,,
1598358,33,2026-11-18,1495,20000,,
1598358,33,2026-11-19,1495,20000,,
1598358,33,2026-11-20,1495,20000,,
1598358,33,2026-11-21,1495,20000,,
1598358,33,2026-11-22,1495,20000,,
1598358,33,2026-11-23,1495,20000,,
1598358,33,2026-11-24,1495,20000,,
1598358,33,2026-11-25,1495,20000,,
1598358,33,2026-11-26,1495,20000,,
1598358,33,2026-11-27,1495,20000,,
1598358,33,2026-11-28,1495,20000,,
1598358,33,2026-11-29,1495,20000,,
1598358,33,2026-11-30,1495,20000,,
1598358,33,2026-12-01,1495,20000,,
1598358,33,2026-12-02,1495,20000,,
1598358,33,2026-12-03,1495,20000,,
1598358,33,2026-12-04,1495,20000,,
1598358,33,2026-12-05,1495,20000,,
1598358,33,2026-12-06,1495,20000,,
1598358,33,2026-12-07,1495,20000,,
1598358,33,2026-12-08,1495,20000,,
2018949,25,2026-11-22,1285,23600,,
2018949,25,2026-11-23,1285,23600,,
2018949,25,2026-11-27,1285,23600,,
2018949,25,2026-11-28,1285,23600,,
2018949,25,2026-11-29,1285,23600,,
2018949,25,2026-11-30,1285,23600,,
2018949,25,2026-12-01,1285,23600,,
2018949,25,2026-12-07,1285,23600,,
2018949,25,2026-12-08,1285,23600,,
2018949,26,2026-11-22,1285,23600,,
2018949,26,2026-11-23,1285,23600,,
2018949,26,2026-11-27,1285,23600,,
2018949,26,2026-11-28,1285,23600,,
2018949,26,2026-11-29,1285,23600,,
2018949,26,2026-11-30,1285,23600,,
2018949,26,2026-12-01,1285,23600,,
2018949,26,2026-12-07,1285,23600,,
2018949,26,2026-12-08,1285,23600,,
2020755,27,2026-12-02,2780,20000,,
2020755,27,2026-12-03,2780,20000,,
2020755,27,2026-12-06,2780,20000,,
2020755,28,2026-12-02,2780,20000,,
2020755,28,2026-12-03,2780,20000,,
2020755,28,2026-12-06,2780,20000,,
9772256,35,2026-12-04,6806,23600,,
9772256,35,2026-12-05,6806,23600,,
9772256,36,2026-12-04,6806,23600,,
9772256,36,2026-12-05,6806,23600,,
9772256,37,2026-12-04,6806,23600,,
9772256,37,2026-12-05,6806,23600,,
9772256,42,2026-12-02,7285,23600,,
9772256,42,2026-12-03,7285,23600,,
9772256,42,2026-12-06,7285,23600,,
9772256,43,2026-12-02,7285,23600,,
9772256,43,2026-12-03,7285,23600,,
9772256,43,2026-12-06,7285,23600,,
1075048,27,2026-11-22,1443,23600,,
1075048,27,2026-11-23,1443,23600,,
1075048,27,2026-12-01,1443,23600,,
1075048,27,2026-12-07,1443,23600,,
1075048,27,2026-12-08,1443,23600,,
1075048,28,2026-11-22,1443,23600,,
1075048,28,2026-11-23,1443,23600,,
1075048,28,2026-12-01,1443,23600,,
1075048,28,2026-12-07,1443,23600,,
1075048,28,2026-12-08,1443,23600,,
1379430,21,2026-09-15,2462,23600,,
1379430,21,2026-09-16,2462,23600,,
1379430,21,2026-09-17,2462,23600,,
1379430,21,2026-09-18,2462,23600,,
1379430,21,2026-09-19,2462,23600,,
1379430,21,2026-09-20,2462,23600,,
1379430,21,2026-09-21,2462,23600,,
1379430,22,2026-09-15,2462,23600,,
1379430,22,2026-09-16,2462,23600,,
1379430,22,2026-09-17,2462,23600,,
1379430,22,2026-09-18,2462,23600,,
1379430,22,2026-09-19,2462,23600,,
1379430,22,2026-09-20,2462,23600,,
1379430,22,2026-09-21,2462,23600,,
1379430,39,2026-09-15,2462,23600,,
1379430,39,2026-09-16,2462,23600,,
1379430,39,2026-09-17,2462,23600,,
1379430,39,2026-09-18,2462,23600,,
1379430,39,2026-09-19,2462,23600,,
1379430,39,2026-09-20,2462,23600,,
1379430,39,2026-09-21,2462,23600,,
1379430,83,2026-09-15,2462,23600,,
1379430,83,2026-09-16,2462,23600,,
1379430,83,2026-09-17,2462,23600,,
1379430,83,2026-09-18,2462,23600,,
1379430,83,2026-09-19,2462,23600,,
1379430,83,2026-09-20,2462,23600,,
1379430,83,2026-09-21,2462,23600,,
1464876,21,2026-12-01,2340,23600,,
1464876,21,2026-12-07,2340,23600,,
1464876,21,2026-12-08,2340,23600,,
1464876,22,2026-12-01,2340,23600,,
1464876,22,2026-12-07,2340,23600,,
1464876,22,2026-12-08,2340,23600,,
1464876,39,2026-12-01,2340,23600,,
1464876,39,2026-12-07,2340,23600,,
1464876,39,2026-12-08,2340,23600,,
1464876,83,2026-12-01,2340,23600,,
1464876,83,2026-12-07,2340,23600,,
1464876,83,2026-12-08,2340,23600,,
2066561,47,2027-09-09,2527,27848,,
2066561,48,2027-09-09,2527,27848,,
6141453,25,2026-11-22,1688,23600,,
6141453,25,2026-11-23,1688,23600,,
6141453,25,2026-11-29,1688,23600,,
6141453,25,2026-11-30,1688,23600,,
6141453,25,2026-12-01,1688,23600,,
6141453,25,2026-12-07,1688,23600,,
6141453,25,2026-12-08,1688,23600,,
1208576,21,2026-12-02,1369,20000,,
1208576,21,2026-12-03,1369,20000,,
1208576,21,2026-12-06,1369,20000,,
1208576,22,2026-12-02,1369,20000,,
1208576,22,2026-12-03,1369,20000,,
1208576,22,2026-12-06,1369,20000,,
1208576,32,2026-12-04,2059,20000,,
1208576,32,2026-12-05,2059,20000,,
1208576,33,2026-12-04,2059,20000,,
1208576,33,2026-12-05,2059,20000,,
1208576,34,2026-12-04,2059,20000,,
1208576,34,2026-12-05,2059,20000,,
1208576,39,2026-12-02,1369,20000,,
1208576,39,2026-12-03,1369,20000,,
1208576,39,2026-12-06,1369,20000,,
1208576,83,2026-12-02,1369,20000,,
1208576,83,2026-12-03,1369,20000,,
1208576,83,2026-12-06,1369,20000,,
1379430,15,2026-09-19,1979,23600,,
1379430,15,2026-09-20,1979,23600,,
1379430,15,2026-09-21,1979,23600,,
1379430,38,2026-09-19,1979,23600,,
1379430,38,2026-09-20,1979,23600,,
1379430,38,2026-09-21,1979,23600,,
1379430,76,2026-09-19,1979,23600,,
1379430,76,2026-09-20,1979,23600,,
1379430,76,2026-09-21,1979,23600,,
1433791,17,2027-08-22,1711,23600,,
1433791,17,2027-08-27,1711,23600,,
1433791,17,2027-08-28,1711,23600,,
1433791,18,2027-08-22,1711,23600,,
1433791,18,2027-08-27,1711,23600,,
1433791,18,2027-08-28,1711,23600,,
1433791,50,2027-08-22,1711,23600,,
1433791,50,2027-08-27,1711,23600,,
1433791,50,2027-08-28,1711,23600,,
1433791,87,2027-08-22,1711,23600,,
1433791,87,2027-08-27,1711,23600,,
1433791,87,2027-08-28,1711,23600,,
1464876,32,2026-11-22,2099,23600,,
1464876,32,2026-11-23,2099,23600,,
1464876,33,2026-11-22,2099,23600,,
1464876,33,2026-11-23,2099,23600,,
1464876,34,2026-11-22,2099,23600,,
1464876,34,2026-11-23,2099,23600,,
1523458,29,2026-09-29,1762,20000,,
1523458,30,2026-09-29,1762,20000,,
1523458,31,2026-09-29,1762,20000,,
1523458,35,2026-09-15,2173,20000,,
1523458,35,2026-09-16,2173,20000,,
1523458,35,2026-09-17,2173,20000,,
1523458,35,2026-09-18,2173,20000,,
1523458,35,2026-09-19,2173,20000,,
1523458,35,2026-09-20,2173,20000,,
1523458,35,2026-09-21,2173,20000,,
1523458,35,2026-09-22,2173,20000,,
1523458,35,2026-09-23,2173,20000,,
1523458,35,2026-09-24,2173,20000,,
1523458,35,2026-09-25,2173,20000,,
1523458,35,2026-09-26,2173,20000,,
1523458,35,2026-09-27,2173,20000,,
1523458,35,2026-09-28,2173,20000,,
1523458,35,2026-09-30,2173,20000,,
1523458,35,2026-10-01,2173,20000,,
1523458,35,2026-10-02,2173,20000,,
1523458,35,2026-10-03,2173,20000,,
1523458,35,2026-10-04,2173,20000,,
1523458,35,2026-10-05,2173,20000,,
1523458,35,2026-10-06,2173,20000,,
1523458,35,2026-10-07,2173,20000,,
1523458,35,2026-10-08,2173,20000,,
1523458,35,2026-10-09,2173,20000,,
1523458,35,2026-10-10,2173,20000,,
1523458,35,2026-10-11,2173,20000,,
1523458,35,2026-10-12,2173,20000,,
1523458,35,2026-10-13,2173,20000,,
1523458,35,2026-10-14,2173,20000,,
1523458,35,2026-10-15,2173,20000,,
1523458,35,2026-10-16,2173,20000,,
1523458,35,2026-10-17,2173,20000,,
1523458,35,2026-10-18,2173,20000,,
1523458,35,2026-10-19,2173,20000,,
1523458,35,2026-10-20,2173,20000,,
1523458,35,2026-10-21,2173,20000,,
1523458,35,2026-10-22,2173,20000,,
1523458,35,2026-10-23,2173,20000,,
1523458,35,2026-10-24,2173,20000,,
1523458,35,2026-10-25,2173,20000,,
1523458,35,2026-10-26,2173,20000,,
1523458,35,2026-10-27,2173,20000,,
1523458,35,2026-10-28,2173,20000,,
1523458,35,2026-10-29,2173,20000,,
1523458,35,2026-10-30,2173,20000,,
1523458,35,2026-10-31,2173,20000,,
1523458,35,2026-11-01,2173,20000,,
1523458,35,2026-11-02,2173,20000,,
1523458,35,2026-11-03,2173,20000,,
1523458,35,2026-11-04,2173,20000,,
1523458,35,2026-11-05,2173,20000,,
1523458,35,2026-11-06,2173,20000,,
1523458,35,2026-11-07,2173,20000,,
1523458,35,2026-11-08,2173,20000,,
1523458,35,2026-11-09,2173,20000,,
1523458,35,2026-11-10,2173,20000,,
1523458,35,2026-11-11,2173,20000,,
1523458,35,2026-11-12,2173,20000,,
1523458,35,2026-11-13,2173,20000,,
1523458,35,2026-11-14,2173,20000,,
1523458,35,2026-11-15,2173,20000,,
1523458,35,2026-11-16,2173,20000,,
1523458,35,2026-11-17,2173,20000,,
1523458,35,2026-11-18,2173,20000,,
1523458,35,2026-11-19,2173,20000,,
1523458,36,2026-09-15,2173,20000,,
1523458,36,2026-09-16,2173,20000,,
1523458,36,2026-09-17,2173,20000,,
1523458,36,2026-09-18,2173,20000,,
1523458,36,2026-09-19,2173,20000,,
1523458,36,2026-09-20,2173,20000,,
1523458,36,2026-09-21,2173,20000,,
1523458,36,2026-09-22,2173,20000,,
1523458,36,2026-09-23,2173,20000,,
1523458,36,2026-09-24,2173,20000,,
1523458,36,2026-09-25,2173,20000,,
1523458,36,2026-09-26,2173,20000,,
1523458,36,2026-09-27,2173,20000,,
1523458,36,2026-09-28,2173,20000,,
1523458,36,2026-09-30,2173,20000,,
1523458,36,2026-10-01,2173,20000,,
1523458,36,2026-10-02,2173,20000,,
1523458,36,2026-10-03,2173,20000,,
1523458,36,2026-10-04,2173,20000,,
1523458,36,2026-10-05,2173,20000,,
1523458,36,2026-10-06,2173,20000,,
1523458,36,2026-10-07,2173,20000,,
1523458,36,2026-10-08,2173,20000,,
1523458,36,2026-10-09,2173,20000,,
1523458,36,2026-10-10,2173,20000,,
1523458,36,2026-10-11,2173,20000,,
1523458,36,2026-10-12,2173,20000,,
1523458,36,2026-10-13,2173,20000,,
1523458,36,2026-10-14,2173,20000,,
1523458,36,2026-10-15,2173,20000,,
1523458,36,2026-10-16,2173,20000,,
1523458,36,2026-10-17,2173,20000,,
1523458,36,2026-10-18,2173,20000,,
1523458,36,2026-10-19,2173,20000,,
1523458,36,2026-10-20,2173,20000,,
1523458,36,2026-10-21,2173,20000,,
1523458,36,2026-10-22,2173,20000,,
1523458,36,2026-10-23,2173,20000,,
1523458,36,2026-10-24,2173,20000,,
1523458,36,2026-10-25,2173,20000,,
1523458,36,2026-10-26,2173,20000,,
1523458,36,2026-10-27,2173,20000,,
1523458,36,2026-10-28,2173,20000,,
1523458,36,2026-10-29,2173,20000,,
1523458,36,2026-10-30,2173,20000,,
1523458,36,2026-10-31,2173,20000,,
1523458,36,2026-11-01,2173,20000,,
1523458,36,2026-11-02,2173,20000,,
1523458,36,2026-11-03,2173,20000,,
1523458,36,2026-11-04,2173,20000,,
1523458,36,2026-11-05,2173,20000,,
1523458,36,2026-11-06,2173,20000,,
1523458,36,2026-11-07,2173,20000,,
1523458,36,2026-11-08,2173,20000,,
1523458,36,2026-11-09,2173,20000,,
1523458,36,2026-11-10,2173,20000,,
1523458,36,2026-11-11,2173,20000,,
1523458,36,2026-11-12,2173,20000,,
1523458,36,2026-11-13,2173,20000,,
1523458,36,2026-11-14,2173,20000,,
1523458,36,2026-11-15,2173,20000,,
1523458,36,2026-11-16,2173,20000,,
1523458,36,2026-11-17,2173,20000,,
1523458,36,2026-11-18,2173,20000,,
1523458,36,2026-11-19,2173,20000,,
1523458,57,2026-09-29,1762,20000,,
1545063,23,2026-11-09,3116,23600,,
1545063,23,2026-11-11,3116,23600,,
1545063,23,2026-11-16,3116,23600,,
1545063,24,2026-11-09,3116,23600,,
1545063,24,2026-11-11,3116,23600,,
1545063,24,2026-11-16,3116,23600,,
1545063,40,2026-11-09,3116,23600,,
1545063,40,2026-11-11,3116,23600,,
1545063,40,2026-11-16,3116,23600,,
2020755,21,2026-12-02,2366,20000,,
2020755,21,2026-12-03,2366,20000,,
2020755,21,2026-12-06,2366,20000,,
2020755,22,2026-12-02,2366,20000,,
2020755,22,2026-12-03,2366,20000,,
2020755,22,2026-12-06,2366,20000,,
2020755,39,2026-12-02,2366,20000,,
2020755,39,2026-12-03,2366,20000,,
2020755,39,2026-12-06,2366,20000,,
2020755,83,2026-12-02,2366,20000,,
2020755,83,2026-12-03,2366,20000,,
2020755,83,2026-12-06,2366,20000,,
2022899,45,2027-08-22,1410,23600,,
2022899,45,2027-08-27,1410,23600,,
2022899,45,2027-08-28,1410,23600,,
2022899,45,2027-08-29,1410,23600,,
2022899,45,2027-08-30,1410,23600,,
2022899,45,2027-08-31,1410,23600,,
2022899,45,2027-09-09,1410,23600,,
2022899,46,2027-08-22,1410,23600,,
2022899,46,2027-08-27,1410,23600,,
2022899,46,2027-08-28,1410,23600,,
2022899,46,2027-08-29,1410,23600,,
2022899,46,2027-08-30,1410,23600,,
2022899,46,2027-08-31,1410,23600,,
2022899,46,2027-09-09,1410,23600,,
2066561,42,2026-12-01,2660,27848,,
2066561,42,2026-12-07,2660,27848,,
2066561,42,2026-12-08,2660,27848,,
2066561,43,2026-12-01,2660,27848,,
2066561,43,2026-12-07,2660,27848,,
2066561,43,2026-12-08,2660,27848,,
5000022,21,2026-12-02,1693,20000,,
5000022,21,2026-12-03,1693,20000,,
5000022,21,2026-12-06,1693,20000,,
5000022,22,2026-12-02,1693,20000,,
5000022,22,2026-12-03,1693,20000,,
5000022,22,2026-12-06,1693,20000,,
5000022,23,2026-12-04,1934,20000,,
5000022,23,2026-12-05,1934,20000,,
5000022,24,2026-12-04,1934,20000,,
5000022,24,2026-12-05,1934,20000,,
5000022,39,2026-12-02,1693,20000,,
5000022,39,2026-12-03,1693,20000,,
5000022,39,2026-12-06,1693,20000,,
5000022,40,2026-12-04,1934,20000,,
5000022,40,2026-12-05,1934,20000,,
5000022,83,2026-12-02,1693,20000,,
5000022,83,2026-12-03,1693,20000,,
5000022,83,2026-12-06,1693,20000,,
1206822,29,2026-11-22,2542,23600,,
1206822,29,2026-11-23,2542,23600,,
1206822,30,2026-11-22,2542,23600,,
1206822,30,2026-11-23,2542,23600,,
1206822,31,2026-11-22,2542,23600,,
1206822,31,2026-11-23,2542,23600,,
1206822,32,2026-11-22,2542,23600,,
1206822,32,2026-11-23,2542,23600,,
1206822,33,2026-11-22,2542,23600,,
1206822,33,2026-11-23,2542,23600,,
1206822,34,2026-11-22,2542,23600,,
1206822,34,2026-11-23,2542,23600,,
1206822,57,2026-11-22,2542,23600,,
1206822,57,2026-11-23,2542,23600,,
1206822,58,2026-11-22,2542,23600,,
1206822,58,2026-11-23,2542,23600,,
1206822,89,2026-11-22,2542,23600,,
1206822,89,2026-11-23,2542,23600,,
1242203,15,2026-12-01,1081,23600,,
1242203,15,2026-12-07,1081,23600,,
1242203,15,2026-12-08,1081,23600,,
1242203,16,2026-12-01,1081,23600,,
1242203,16,2026-12-07,1081,23600,,
1242203,16,2026-12-08,1081,23600,,
1242203,38,2026-12-01,1081,23600,,
1242203,38,2026-12-07,1081,23600,,
1242203,38,2026-12-08,1081,23600,,
1242203,52,2026-12-01,1081,23600,,
1242203,52,2026-12-07,1081,23600,,
1242203,52,2026-12-08,1081,23600,,
1242203,76,2026-12-01,1081,23600,,
1242203,76,2026-12-07,1081,23600,,
1242203,76,2026-12-08,1081,23600,,
1379430,25,2026-09-15,2255,23600,,
1379430,26,2026-09-15,2255,23600,,
1545063,21,2026-11-09,3047,23600,,
1545063,21,2026-11-11,3047,23600,,
1545063,21,2026-11-16,3047,23600,,
1545063,22,2026-11-09,3047,23600,,
1545063,22,2026-11-11,3047,23600,,
1545063,22,2026-11-16,3047,23600,,
1545063,39,2026-11-09,3047,23600,,
1545063,39,2026-11-11,3047,23600,,
1545063,39,2026-11-16,3047,23600,,
1545063,83,2026-11-09,3047,23600,,
1545063,83,2026-11-11,3047,23600,,
1545063,83,2026-11-16,3047,23600,,
2019492,25,2026-11-22,1476,27848,,
2019492,25,2026-11-23,1476,27848,,
2019492,25,2026-11-27,1476,27848,,
2019492,25,2026-11-28,1476,27848,,
2019492,25,2026-11-29,1476,27848,,
2019492,25,2026-11-30,1476,27848,,
2019492,25,2026-12-01,1476,27848,,
2019492,25,2026-12-07,1476,27848,,
2019492,25,2026-12-08,1476,27848,,
2019492,26,2026-11-22,1476,27848,,
2019492,26,2026-11-23,1476,27848,,
2019492,26,2026-11-27,1476,27848,,
2019492,26,2026-11-28,1476,27848,,
2019492,26,2026-11-29,1476,27848,,
2019492,26,2026-11-30,1476,27848,,
2019492,26,2026-12-01,1476,27848,,
2019492,26,2026-12-07,1476,27848,,
2019492,26,2026-12-08,1476,27848,,
1208576,27,2026-12-04,1645,20000,,
1208576,27,2026-12-05,1645,20000,,
1208576,28,2026-12-04,1645,20000,,
1208576,28,2026-12-05,1645,20000,,
1237644,32,2026-09-15,1729,20000,,
1237644,32,2026-09-16,1729,20000,,
1237644,32,2026-09-17,1729,20000,,
1237644,32,2026-09-18,1729,20000,,
1237644,32,2026-09-19,1729,20000,,
1237644,32,2026-09-20,1729,20000,,
1237644,32,2026-09-21,1729,20000,,
1237644,32,2026-09-22,1729,20000,,
1237644,32,2026-09-23,1729,20000,,
1237644,32,2026-09-24,1729,20000,,
1237644,32,2026-09-25,1729,20000,,
1237644,32,2026-09-26,1729,20000,,
1237644,32,2026-09-27,1729,20000,,
1237644,32,2026-09-28,1729,20000,,
1237644,32,2026-09-29,1729,20000,,
1237644,32,2026-09-30,1729,20000,,
1237644,32,2026-10-01,1729,20000,,
1237644,32,2026-10-02,1729,20000,,
1237644,32,2026-10-03,1729,20000,,
1237644,32,2026-10-04,1729,20000,,
1237644,32,2026-10-05,1729,20000,,
1237644,32,2026-10-06,1729,20000,,
1237644,32,2026-10-07,1729,20000,,
1237644,32,2026-10-08,1729,20000,,
1237644,32,2026-10-09,1729,20000,,
1237644,32,2026-10-10,1729,20000,,
1237644,32,2026-10-11,1729,20000,,
1237644,32,2026-10-12,1729,20000,,
1237644,32,2026-10-13,1729,20000,,
1237644,32,2026-10-14,1729,20000,,
1237644,32,2026-10-15,1729,20000,,
1237644,32,2026-10-16,1729,20000,,
1237644,32,2026-10-17,1729,20000,,
1237644,32,2026-10-18,1729,20000,,
1237644,32,2026-10-19,1729,20000,,
1237644,32,2026-10-20,1729,20000,,
1237644,32,2026-10-21,1729,20000,,
1237644,32,2026-10-22,1729,20000,,
1237644,32,2026-10-23,1729,20000,,
1237644,32,2026-10-24,1729,20000,,
1237644,32,2026-10-25,1729,20000,,
1237644,32,2026-10-26,1729,20000,,
1237644,32,2026-10-27,1729,20000,,
1237644,32,2026-10-28,1729,20000,,
1237644,32,2026-10-29,1729,20000,,
1237644,32,2026-10-30,1729,20000,,
1237644,32,2026-10-31,1729,20000,,
1237644,32,2026-11-01,1729,20000,,
1237644,32,2026-11-02,1729,20000,,
1237644,32,2026-11-03,1729,20000,,
1237644,32,2026-11-04,1729,20000,,
1237644,32,2026-11-05,1729,20000,,
1237644,32,2026-11-06,1729,20000,,
1237644,32,2026-11-07,1729,20000,,
1237644,32,2026-11-08,1729,20000,,
1237644,32,2026-11-09,1729,20000,,
1237644,32,2026-11-10,1729,20000,,
1237644,32,2026-11-11,1729,20000,,
1237644,32,2026-11-12,1729,20000,,
1237644,32,2026-11-13,1729,20000,,
1237644,32,2026-11-14,1729,20000,,
1237644,32,2026-11-15,1729,20000,,
1237644,32,2026-11-16,1729,20000,,
1237644,32,2026-11-17,1729,20000,,
1237644,32,2026-11-18,1729,20000,,
1237644,32,2026-11-19,1729,20000,,
1237644,32,2026-11-20,1729,20000,,
1237644,32,2026-11-21,1729,20000,,
1237644,32,2026-11-22,1729,20000,,
1237644,32,2026-11-23,1729,20000,,
1237644,32,2026-11-24,1729,20000,,
1237644,32,2026-11-25,1729,20000,,
1237644,33,2026-09-15,1729,20000,,
1237644,33,2026-09-16,1729,20000,,
1237644,33,2026-09-17,1729,20000,,
1237644,33,2026-09-18,1729,20000,,
1237644,33,2026-09-19,1729,20000,,
1237644,33,2026-09-20,1729,20000,,
1237644,33,2026-09-21,1729,20000,,
1237644,33,2026-09-22,1729,20000,,
1237644,33,2026-09-23,1729,20000,,
1237644,33,2026-09-24,1729,20000,,
1237644,33,2026-09-25,1729,20000,,
1237644,33,2026-09-26,1729,20000,,
1237644,33,2026-09-27,1729,20000,,
1237644,33,2026-09-28,1729,20000,,
1237644,33,2026-09-29,1729,20000,,
1237644,33,2026-09-30,1729,20000,,
1237644,33,2026-10-01,1729,20000,,
1237644,33,2026-10-02,1729,20000,,
1237644,33,2026-10-03,1729,20000,,
1237644,33,2026-10-04,1729,20000,,
1237644,33,2026-10-05,1729,20000,,
1237644,33,2026-10-06,1729,20000,,
1237644,33,2026-10-07,1729,20000,,
1237644,33,2026-10-08,1729,20000,,
1237644,33,2026-10-09,1729,20000,,
1237644,33,2026-10-10,1729,20000,,
1237644,33,2026-10-11,1729,20000,,
1237644,33,2026-10-12,1729,20000,,
1237644,33,2026-10-13,1729,20000,,
1237644,33,2026-10-14,1729,20000,,
1237644,33,2026-10-15,1729,20000,,
1237644,33,2026-10-16,1729,20000,,
1237644,33,2026-10-17,1729,20000,,
1237644,33,2026-10-18,1729,20000,,
1237644,33,2026-10-19,1729,20000,,
1237644,33,2026-10-20,1729,20000,,
1237644,33,2026-10-21,1729,20000,,
1237644,33,2026-10-22,1729,20000,,
1237644,33,2026-10-23,1729,20000,,
1237644,33,2026-10-24,1729,20000,,
1237644,33,2026-10-25,1729,20000,,
1237644,33,2026-10-26,1729,20000,,
1237644,33,2026-10-27,1729,20000,,
1237644,33,2026-10-28,1729,20000,,
1237644,33,2026-10-29,1729,20000,,
1237644,33,2026-10-30,1729,20000,,
1237644,33,2026-10-31,1729,20000,,
1237644,33,2026-11-01,1729,20000,,
1237644,33,2026-11-02,1729,20000,,
1237644,33,2026-11-03,1729,20000,,
1237644,33,2026-11-04,1729,20000,,
1237644,33,2026-11-05,1729,20000,,
1237644,33,2026-11-06,1729,20000,,
1237644,33,2026-11-07,1729,20000,,
1237644,33,2026-11-08,1729,20000,,
1237644,33,2026-11-09,1729,20000,,
1237644,33,2026-11-10,1729,20000,,
1237644,33,2026-11-11,1729,20000,,
1237644,33,2026-11-12,1729,20000,,
1237644,33,2026-11-13,1729,20000,,
1237644,33,2026-11-14,1729,20000,,
1237644,33,2026-11-15,1729,20000,,
1237644,33,2026-11-16,1729,20000,,
1237644,33,2026-11-17,1729,20000,,
1237644,33,2026-11-18,1729,20000,,
1237644,33,2026-11-19,1729,20000,,
1237644,33,2026-11-20,1729,20000,,
1237644,33,2026-11-21,1729,20000,,
1237644,33,2026-11-22,1729,20000,,
1237644,33,2026-11-23,1729,20000,,
1237644,33,2026-11-24,1729,20000,,
1237644,33,2026-11-25,1729,20000,,
1237644,34,2026-09-15,1729,20000,,
1237644,34,2026-09-16,1729,20000,,
1237644,34,2026-09-17,1729,20000,,
1237644,34,2026-09-18,1729,20000,,
1237644,34,2026-09-19,1729,20000,,
1237644,34,2026-09-20,1729,20000,,
1237644,34,2026-09-21,1729,20000,,
1237644,34,2026-09-22,1729,20000,,
1237644,34,2026-09-23,1729,20000,,
1237644,34,2026-09-24,1729,20000,,
1237644,34,2026-09-25,1729,20000,,
1237644,34,2026-09-26,1729,20000,,
1237644,34,2026-09-27,1729,20000,,
1237644,34,2026-09-28,1729,20000,,
1237644,34,2026-09-29,1729,20000,,
1237644,34,2026-09-30,1729,20000,,
1237644,34,2026-10-01,1729,20000,,
1237644,34,2026-10-02,1729,20000,,
1237644,34,2026-10-03,1729,20000,,
1237644,34,2026-10-04,1729,20000,,
1237644,34,2026-10-05,1729,20000,,
1237644,34,2026-10-06,1729,20000,,
1237644,34,2026-10-07,1729,20000,,
1237644,34,2026-10-08,1729,20000,,
1237644,34,2026-10-09,1729,20000,,
1237644,34,2026-10-10,1729,20000,,
1237644,34,2026-10-11,1729,20000,,
1237644,34,2026-10-12,1729,20000,,
1237644,34,2026-10-13,1729,20000,,
1237644,34,2026-10-14,1729,20000,,
1237644,34,2026-10-15,1729,20000,,
1237644,34,2026-10-16,1729,20000,,
1237644,34,2026-10-17,1729,20000,,
1237644,34,2026-10-18,1729,20000,,
1237644,34,2026-10-19,1729,20000,,
1237644,34,2026-10-20,1729,20000,,
1237644,34,2026-10-21,1729,20000,,
1237644,34,2026-10-22,1729,20000,,
1237644,34,2026-10-23,1729,20000,,
1237644,34,2026-10-24,1729,20000,,
1237644,34,2026-10-25,1729,20000,,
1237644,34,2026-10-26,1729,20000,,
1237644,34,2026-10-27,1729,20000,,
1237644,34,2026-10-28,1729,20000,,
1237644,34,2026-10-29,1729,20000,,
1237644,34,2026-10-30,1729,20000,,
1237644,34,2026-10-31,1729,20000,,
1237644,34,2026-11-01,1729,20000,,
1237644,34,2026-11-02,1729,20000,,
1237644,34,2026-11-03,1729,20000,,
1237644,34,2026-11-04,1729,20000,,
1237644,34,2026-11-05,1729,20000,,
1237644,34,2026-11-06,1729,20000,,
1237644,34,2026-11-07,1729,20000,,
1237644,34,2026-11-08,1729,20000,,
1237644,34,2026-11-09,1729,20000,,
1237644,34,2026-11-10,1729,20000,,
1237644,34,2026-11-11,1729,20000,,
1237644,34,2026-11-12,1729,20000,,
1237644,34,2026-11-13,1729,20000,,
1237644,34,2026-11-14,1729,20000,,
1237644,34,2026-11-15,1729,20000,,
1237644,34,2026-11-16,1729,20000,,
1237644,34,2026-11-17,1729,20000,,
1237644,34,2026-11-18,1729,20000,,
1237644,34,2026-11-19,1729,20000,,
1237644,34,2026-11-20,1729,20000,,
1237644,34,2026-11-21,1729,20000,,
1237644,34,2026-11-22,1729,20000,,
1237644,34,2026-11-23,1729,20000,,
1237644,34,2026-11-24,1729,20000,,
1237644,34,2026-11-25,1729,20000,,
1237644,58,2026-09-15,1729,20000,,
1237644,58,2026-09-16,1729,20000,,
1237644,58,2026-09-17,1729,20000,,
1237644,58,2026-09-18,1729,20000,,
1237644,58,2026-09-19,1729,20000,,
1237644,58,2026-09-20,1729,20000,,
1237644,58,2026-09-21,1729,20000,,
1237644,58,2026-09-22,1729,20000,,
1237644,58,2026-09-23,1729,20000,,
1237644,58,2026-09-24,1729,20000,,
1237644,58,2026-09-25,1729,20000,,
1237644,58,2026-09-26,1729,20000,,
1237644,58,2026-09-27,1729,20000,,
1237644,58,2026-09-28,1729,20000,,
1237644,58,2026-09-29,1729,20000,,
1237644,58,2026-09-30,1729,20000,,
1237644,58,2026-10-01,1729,20000,,
1237644,58,2026-10-02,1729,20000,,
1237644,58,2026-10-03,1729,20000,,
1237644,58,2026-10-04,1729,20000,,
1237644,58,2026-10-05,1729,20000,,
1237644,58,2026-10-06,1729,20000,,
1237644,58,2026-10-07,1729,20000,,
1237644,58,2026-10-08,1729,20000,,
1237644,58,2026-10-09,1729,20000,,
1237644,58,2026-10-10,1729,20000,,
1237644,58,2026-10-11,1729,20000,,
1237644,58,2026-10-12,1729,20000,,
1237644,58,2026-10-13,1729,20000,,
1237644,58,2026-10-14,1729,20000,,
1237644,58,2026-10-15,1729,20000,,
1237644,58,2026-10-16,1729,20000,,
1237644,58,2026-10-17,1729,20000,,
1237644,58,2026-10-18,1729,20000,,
1237644,58,2026-10-19,1729,20000,,
1237644,58,2026-10-20,1729,20000,,
1237644,58,2026-10-21,1729,20000,,
1237644,58,2026-10-22,1729,20000,,
1237644,58,2026-10-23,1729,20000,,
1237644,58,2026-10-24,1729,20000,,
1237644,58,2026-10-25,1729,20000,,
1237644,58,2026-10-26,1729,20000,,
1237644,58,2026-10-27,1729,20000,,
1237644,58,2026-10-28,1729,20000,,
1237644,58,2026-10-29,1729,20000,,
1237644,58,2026-10-30,1729,20000,,
1237644,58,2026-10-31,1729,20000,,
1237644,58,2026-11-01,1729,20000,,
1237644,58,2026-11-02,1729,20000,,
1237644,58,2026-11-03,1729,20000,,
1237644,58,2026-11-04,1729,20000,,
1237644,58,2026-11-05,1729,20000,,
1237644,58,2026-11-06,1729,20000,,
1237644,58,2026-11-07,1729,20000,,
1237644,58,2026-11-08,1729,20000,,
1237644,58,2026-11-09,1729,20000,,
1237644,58,2026-11-10,1729,20000,,
1237644,58,2026-11-11,1729,20000,,
1237644,58,2026-11-12,1729,20000,,
1237644,58,2026-11-13,1729,20000,,
1237644,58,2026-11-14,1729,20000,,
1237644,58,2026-11-15,1729,20000,,
1237644,58,2026-11-16,1729,20000,,
1237644,58,2026-11-17,1729,20000,,
1237644,58,2026-11-18,1729,20000,,
1237644,58,2026-11-19,1729,20000,,
1237644,58,2026-11-20,1729,20000,,
1237644,58,2026-11-21,1729,20000,,
1237644,58,2026-11-22,1729,20000,,
1237644,58,2026-11-23,1729,20000,,
1237644,58,2026-11-24,1729,20000,,
1237644,58,2026-11-25,1729,20000,,
1464876,23,2026-11-22,1995,23600,,
1464876,23,2026-11-23,1995,23600,,
1464876,24,2026-11-22,1995,23600,,
1464876,24,2026-11-23,1995,23600,,
1464876,40,2026-11-22,1995,23600,,
1464876,40,2026-11-23,1995,23600,,
2020755,27,2026-12-04,2780,20000,,
2020755,27,2026-12-05,2780,20000,,
2020755,28,2026-12-04,2780,20000,,
2020755,28,2026-12-05,2780,20000,,
2066561,47,2026-11-24,2895,27848,,
2066561,47,2026-11-25,2895,27848,,
2066561,48,2026-11-24,2895,27848,,
2066561,48,2026-11-25,2895,27848,,
9772256,17,2026-11-22,2998,23600,,
9772256,17,2026-11-23,2998,23600,,
9772256,17,2026-11-29,2998,23600,,
9772256,17,2026-11-30,2998,23600,,
9772256,18,2026-11-22,2998,23600,,
9772256,18,2026-11-23,2998,23600,,
9772256,18,2026-11-29,2998,23600,,
9772256,18,2026-11-30,2998,23600,,
9772256,19,2026-11-22,2998,23600,,
9772256,19,2026-11-23,2998,23600,,
9772256,19,2026-11-29,2998,23600,,
9772256,19,2026-11-30,2998,23600,,
9772256,20,2026-11-22,2998,23600,,
9772256,20,2026-11-23,2998,23600,,
9772256,20,2026-11-29,2998,23600,,
9772256,20,2026-11-30,2998,23600,,
9772256,50,2026-11-22,2998,23600,,
9772256,50,2026-11-23,2998,23600,,
9772256,50,2026-11-29,2998,23600,,
9772256,50,2026-11-30,2998,23600,,
9772256,51,2026-11-22,2998,23600,,
9772256,51,2026-11-23,2998,23600,,
9772256,51,2026-11-29,2998,23600,,
9772256,51,2026-11-30,2998,23600,,
9772256,87,2026-11-22,2998,23600,,
9772256,87,2026-11-23,2998,23600,,
9772256,87,2026-11-29,2998,23600,,
9772256,87,2026-11-30,2998,23600,,
1075048,25,2026-11-22,1305,23600,,
1075048,25,2026-11-23,1305,23600,,
1075048,25,2026-12-01,1305,23600,,
1075048,25,2026-12-07,1305,23600,,
1075048,25,2026-12-08,1305,23600,,
1204840,45,2026-11-22,1574,27848,,
1204840,45,2026-11-23,1574,27848,,
1204840,45,2026-12-02,1847,27848,,
1204840,45,2026-12-03,1847,27848,,
1204840,45,2026-12-06,1847,27848,,
1204840,46,2026-11-22,1574,27848,,
1204840,46,2026-11-23,1574,27848,,
1204840,46,2026-12-02,1847,27848,,
1204840,46,2026-12-03,1847,27848,,
1204840,46,2026-12-06,1847,27848,,
1379430,17,2026-09-15,2255,23600,,
1379430,17,2026-09-16,2255,23600,,
1379430,17,2026-09-17,2255,23600,,
1379430,17,2026-09-18,2255,23600,,
1379430,17,2026-09-19,2255,23600,,
1379430,17,2026-09-20,2255,23600,,
1379430,17,2026-09-21,2255,23600,,
1379430,18,2026-09-15,2255,23600,,
1379430,18,2026-09-16,2255,23600,,
1379430,18,2026-09-17,2255,23600,,
1379430,18,2026-09-18,2255,23600,,
1379430,18,2026-09-19,2255,23600,,
1379430,18,2026-09-20,2255,23600,,
1379430,18,2026-09-21,2255,23600,,
1379430,50,2026-09-15,2255,23600,,
1379430,50,2026-09-16,2255,23600,,
1379430,50,2026-09-17,2255,23600,,
1379430,50,2026-09-18,2255,23600,,
1379430,50,2026-09-19,2255,23600,,
1379430,50,2026-09-20,2255,23600,,
1379430,50,2026-09-21,2255,23600,,
1442173,25,2027-08-22,1553,20000,,
1442173,25,2027-08-27,1553,20000,,
1442173,25,2027-08-28,1553,20000,,
1442173,25,2027-08-29,1553,20000,,
1442173,25,2027-08-30,1553,20000,,
1442173,25,2027-08-31,1553,20000,,
1442173,25,2027-09-09,1553,20000,,
1442173,26,2027-08-22,1553,20000,,
1442173,26,2027-08-27,1553,20000,,
1442173,26,2027-08-28,1553,20000,,
1442173,26,2027-08-29,1553,20000,,
1442173,26,2027-08-30,1553,20000,,
1442173,26,2027-08-31,1553,20000,,
1442173,26,2027-09-09,1553,20000,,
1464876,29,2026-11-22,1961,23600,,
1464876,29,2026-11-23,1961,23600,,
1464876,30,2026-11-22,1961,23600,,
1464876,30,2026-11-23,1961,23600,,
1464876,31,2026-11-22,1961,23600,,
1464876,31,2026-11-23,1961,23600,,
1464876,57,2026-11-22,1961,23600,,
1464876,57,2026-11-23,1961,23600,,
1523458,32,2026-09-29,1900,20000,,
1523458,33,2026-09-29,1900,20000,,
1523458,34,2026-09-29,1900,20000,,
1726039,17,2026-12-04,1619,23600,,
1726039,17,2026-12-05,1619,23600,,
1726039,18,2026-12-04,1619,23600,,
1726039,18,2026-12-05,1619,23600,,
1726039,19,2026-12-04,1619,23600,,
1726039,19,2026-12-05,1619,23600,,
1726039,20,2026-12-04,1619,23600,,
1726039,20,2026-12-05,1619,23600,,
1726039,50,2026-12-04,1619,23600,,
1726039,50,2026-12-05,1619,23600,,
2020755,23,2026-12-02,2435,20000,,
2020755,23,2026-12-03,2435,20000,,
2020755,23,2026-12-06,2435,20000,,
2020755,24,2026-12-02,2435,20000,,
2020755,24,2026-12-03,2435,20000,,
2020755,24,2026-12-06,2435,20000,,
2020755,40,2026-12-02,2435,20000,,
2020755,40,2026-12-03,2435,20000,,
2020755,40,2026-12-06,2435,20000,,
2083696,45,2026-11-22,1919,23600,,
2083696,45,2026-11-23,1919,23600,,
2083696,45,2026-11-27,1919,23600,,
2083696,45,2026-11-28,1919,23600,,
2083696,45,2026-11-29,1919,23600,,
2083696,45,2026-11-30,1919,23600,,
2083696,45,2026-12-01,1919,23600,,
2083696,45,2026-12-07,1919,23600,,
2083696,45,2026-12-08,1919,23600,,
2083696,46,2026-11-22,1919,23600,,
2083696,46,2026-11-23,1919,23600,,
2083696,46,2026-11-27,1919,23600,,
2083696,46,2026-11-28,1919,23600,,
2083696,46,2026-11-29,1919,23600,,
2083696,46,2026-11-30,1919,23600,,
2083696,46,2026-12-01,1919,23600,,
2083696,46,2026-12-07,1919,23600,,
2083696,46,2026-12-08,1919,23600,,
9772256,25,2026-12-04,5150,23600,,
9772256,25,2026-12-05,5150,23600,,
9772256,26,2026-12-04,5150,23600,,
9772256,26,2026-12-05,5150,23600,,
9772256,29,2026-12-04,5978,23600,,
9772256,29,2026-12-05,5978,23600,,
9772256,30,2026-12-04,5978,23600,,
9772256,30,2026-12-05,5978,23600,,
9772256,31,2026-12-04,5978,23600,,
9772256,31,2026-12-05,5978,23600,,
9772256,32,2026-12-04,5978,23600,,
9772256,32,2026-12-05,5978,23600,,
9772256,33,2026-12-04,5978,23600,,
9772256,33,2026-12-05,5978,23600,,
9772256,34,2026-12-04,5978,23600,,
9772256,34,2026-12-05,5978,23600,,
9772256,57,2026-12-04,5978,23600,,
9772256,57,2026-12-05,5978,23600,,
9772256,58,2026-12-04,5978,23600,,
9772256,58,2026-12-05,5978,23600,,
9772256,89,2026-12-04,5978,23600,,
9772256,89,2026-12-05,5978,23600,,
1379430,16,2026-09-15,2186,23600,,
1379430,16,2026-09-16,2186,23600,,
1379430,16,2026-09-17,2186,23600,,
1379430,16,2026-09-18,2186,23600,,
1379430,16,2026-09-19,2186,23600,,
1379430,16,2026-09-20,2186,23600,,
1379430,16,2026-09-21,2186,23600,,
1379430,52,2026-09-15,2186,23600,,
1379430,52,2026-09-16,2186,23600,,
1379430,52,2026-09-17,2186,23600,,
1379430,52,2026-09-18,2186,23600,,
1379430,52,2026-09-19,2186,23600,,
1379430,52,2026-09-20,2186,23600,,
1379430,52,2026-09-21,2186,23600,,
2066561,47,2026-12-02,2895,27848,,
2066561,47,2026-12-03,2895,27848,,
2066561,47,2026-12-06,2895,27848,,
2066561,48,2026-12-02,2895,27848,,
2066561,48,2026-12-03,2895,27848,,
2066561,48,2026-12-06,2895,27848,,
5000022,19,2026-12-02,1624,20000,,
5000022,19,2026-12-03,1624,20000,,
5000022,19,2026-12-06,1624,20000,,
5000022,20,2026-12-02,1624,20000,,
5000022,20,2026-12-03,1624,20000,,
5000022,20,2026-12-06,1624,20000,,
9772256,35,2026-12-02,6457,23600,,
9772256,35,2026-12-03,6457,23600,,
9772256,35,2026-12-06,6457,23600,,
9772256,36,2026-12-02,6457,23600,,
9772256,36,2026-12-03,6457,23600,,
9772256,36,2026-12-06,6457,23600,,
9772256,37,2026-12-02,6457,23600,,
9772256,37,2026-12-03,6457,23600,,
9772256,37,2026-12-06,6457,23600,,
1208576,21,2026-12-04,1369,20000,,
1208576,21,2026-12-05,1369,20000,,
1208576,22,2026-12-04,1369,20000,,
1208576,22,2026-12-05,1369,20000,,
1208576,23,2026-12-02,1369,20000,,
1208576,23,2026-12-03,1369,20000,,
1208576,23,2026-12-06,1369,20000,,
1208576,24,2026-12-02,1369,20000,,
1208576,24,2026-12-03,1369,20000,,
1208576,24,2026-12-06,1369,20000,,
1208576,39,2026-12-04,1369,20000,,
1208576,39,2026-12-05,1369,20000,,
1208576,40,2026-12-02,1369,20000,,
1208576,40,2026-12-03,1369,20000,,
1208576,40,2026-12-06,1369,20000,,
1208576,83,2026-12-04,1369,20000,,
1208576,83,2026-12-05,1369,20000,,
1464876,21,2026-11-22,1857,23600,,
1464876,21,2026-11-23,1857,23600,,
1464876,22,2026-11-22,1857,23600,,
1464876,22,2026-11-23,1857,23600,,
1464876,39,2026-11-22,1857,23600,,
1464876,39,2026-11-23,1857,23600,,
1464876,83,2026-11-22,1857,23600,,
1464876,83,2026-11-23,1857,23600,,
1472459,42,2027-08-22,1852,23600,,
1472459,42,2027-08-27,1852,23600,,
1472459,42,2027-08-28,1852,23600,,
1472459,42,2027-08-29,1852,23600,,
1472459,42,2027-08-30,1852,23600,,
1472459,42,2027-08-31,1852,23600,,
1472459,42,2027-09-09,1852,23600,,
1472459,43,2027-08-22,1852,23600,,
1472459,43,2027-08-27,1852,23600,,
1472459,43,2027-08-28,1852,23600,,
1472459,43,2027-08-29,1852,23600,,
1472459,43,2027-08-30,1852,23600,,
1472459,43,2027-08-31,1852,23600,,
1472459,43,2027-09-09,1852,23600,,
1523458,21,2026-09-29,1555,20000,,
1523458,22,2026-09-29,1555,20000,,
1523458,29,2026-09-15,1690,20000,,
1523458,29,2026-09-16,1690,20000,,
1523458,29,2026-09-17,1690,20000,,
1523458,29,2026-09-18,1690,20000,,
1523458,29,2026-09-19,1690,20000,,
1523458,29,2026-09-20,1690,20000,,
1523458,29,2026-09-21,1690,20000,,
1523458,29,2026-09-22,1690,20000,,
1523458,29,2026-09-23,1690,20000,,
1523458,29,2026-09-24,1690,20000,,
1523458,29,2026-09-25,1690,20000,,
1523458,29,2026-09-26,1690,20000,,
1523458,29,2026-09-27,1690,20000,,
1523458,29,2026-09-28,1690,20000,,
1523458,29,2026-09-30,1690,20000,,
1523458,29,2026-10-01,1690,20000,,
1523458,29,2026-10-02,1690,20000,,
1523458,29,2026-10-03,1690,20000,,
1523458,29,2026-10-04,1690,20000,,
1523458,29,2026-10-05,1690,20000,,
1523458,29,2026-10-06,1690,20000,,
1523458,29,2026-10-07,1690,20000,,
1523458,29,2026-10-08,1690,20000,,
1523458,29,2026-10-09,1690,20000,,
1523458,29,2026-10-10,1690,20000,,
1523458,29,2026-10-11,1690,20000,,
1523458,29,2026-10-12,1690,20000,,
1523458,29,2026-10-13,1690,20000,,
1523458,29,2026-10-14,1690,20000,,
1523458,29,2026-10-15,1690,20000,,
1523458,29,2026-10-16,1690,20000,,
1523458,29,2026-10-17,1690,20000,,
1523458,29,2026-10-18,1690,20000,,
1523458,29,2026-10-19,1690,20000,,
1523458,29,2026-10-20,1690,20000,,
1523458,29,2026-10-21,1690,20000,,
1523458,29,2026-10-22,1690,20000,,
1523458,29,2026-10-23,1690,20000,,
1523458,29,2026-10-24,1690,20000,,
1523458,29,2026-10-25,1690,20000,,
1523458,29,2026-10-26,1690,20000,,
1523458,29,2026-10-27,1690,20000,,
1523458,29,2026-10-28,1690,20000,,
1523458,29,2026-10-29,1690,20000,,
1523458,29,2026-10-30,1690,20000,,
1523458,29,2026-10-31,1690,20000,,
1523458,29,2026-11-01,1690,20000,,
1523458,29,2026-11-02,1690,20000,,
1523458,29,2026-11-03,1690,20000,,
1523458,29,2026-11-04,1690,20000,,
1523458,29,2026-11-05,1690,20000,,
1523458,29,2026-11-06,1690,20000,,
1523458,29,2026-11-07,1690,20000,,
1523458,29,2026-11-08,1690,20000,,
1523458,29,2026-11-09,1690,20000,,
1523458,29,2026-11-10,1690,20000,,
1523458,29,2026-11-11,1690,20000,,
1523458,29,2026-11-12,1690,20000,,
1523458,29,2026-11-13,1690,20000,,
1523458,29,2026-11-14,1690,20000,,
1523458,29,2026-11-15,1690,20000,,
1523458,29,2026-11-16,1690,20000,,
1523458,29,2026-11-17,1690,20000,,
1523458,29,2026-11-18,1690,20000,,
1523458,29,2026-11-19,1690,20000,,
1523458,30,2026-09-15,1690,20000,,
1523458,30,2026-09-16,1690,20000,,
1523458,30,2026-09-17,1690,20000,,
1523458,30,2026-09-18,1690,20000,,
1523458,30,2026-09-19,1690,20000,,
1523458,30,2026-09-20,1690,20000,,
1523458,30,2026-09-21,1690,20000,,
1523458,30,2026-09-22,1690,20000,,
1523458,30,2026-09-23,1690,20000,,
1523458,30,2026-09-24,1690,20000,,
1523458,30,2026-09-25,1690,20000,,
1523458,30,2026-09-26,1690,20000,,
1523458,30,2026-09-27,1690,20000,,
1523458,30,2026-09-28,1690,20000,,
1523458,30,2026-09-30,1690,20000,,
1523458,30,2026-10-01,1690,20000,,
1523458,30,2026-10-02,1690,20000,,
1523458,30,2026-10-03,1690,20000,,
1523458,30,2026-10-04,1690,20000,,
1523458,30,2026-10-05,1690,20000,,
1523458,30,2026-10-06,1690,20000,,
1523458,30,2026-10-07,1690,20000,,
1523458,30,2026-10-08,1690,20000,,
1523458,30,2026-10-09,1690,20000,,
1523458,30,2026-10-10,1690,20000,,
1523458,30,2026-10-11,1690,20000,,
1523458,30,2026-10-12,1690,20000,,
1523458,30,2026-10-13,1690,20000,,
1523458,30,2026-10-14,1690,20000,,
1523458,30,2026-10-15,1690,20000,,
1523458,30,2026-10-16,1690,20000,,
1523458,30,2026-10-17,1690,20000,,
1523458,30,2026-10-18,1690,20000,,
1523458,30,2026-10-19,1690,20000,,
1523458,30,2026-10-20,1690,20000,,
1523458,30,2026-10-21,1690,20000,,
1523458,30,2026-10-22,1690,20000,,
1523458,30,2026-10-23,1690,20000,,
1523458,30,2026-10-24,1690,20000,,
1523458,30,2026-10-25,1690,20000,,
1523458,30,2026-10-26,1690,20000,,
1523458,30,2026-10-27,1690,20000,,
1523458,30,2026-10-28,1690,20000,,
1523458,30,2026-10-29,1690,20000,,
1523458,30,2026-10-30,1690,20000,,
1523458,30,2026-10-31,1690,20000,,
1523458,30,2026-11-01,1690,20000,,
1523458,30,2026-11-02,1690,20000,,
1523458,30,2026-11-03,1690,20000,,
1523458,30,2026-11-04,1690,20000,,
1523458,30,2026-11-05,1690,20000,,
1523458,30,2026-11-06,1690,20000,,
1523458,30,2026-11-07,1690,20000,,
1523458,30,2026-11-08,1690,20000,,
1523458,30,2026-11-09,1690,20000,,
1523458,30,2026-11-10,1690,20000,,
1523458,30,2026-11-11,1690,20000,,
1523458,30,2026-11-12,1690,20000,,
1523458,30,2026-11-13,1690,20000,,
1523458,30,2026-11-14,1690,20000,,
1523458,30,2026-11-15,1690,20000,,
1523458,30,2026-11-16,1690,20000,,
1523458,30,2026-11-17,1690,20000,,
1523458,30,2026-11-18,1690,20000,,
1523458,30,2026-11-19,1690,20000,,
1523458,31,2026-09-15,1690,20000,,
1523458,31,2026-09-16,1690,20000,,
1523458,31,2026-09-17,1690,20000,,
1523458,31,2026-09-18,1690,20000,,
1523458,31,2026-09-19,1690,20000,,
1523458,31,2026-09-20,1690,20000,,
1523458,31,2026-09-21,1690,20000,,
1523458,31,2026-09-22,1690,20000,,
1523458,31,2026-09-23,1690,20000,,
1523458,31,2026-09-24,1690,20000,,
1523458,31,2026-09-25,1690,20000,,
1523458,31,2026-09-26,1690,20000,,
1523458,31,2026-09-27,1690,20000,,
1523458,31,2026-09-28,1690,20000,,
1523458,31,2026-09-30,1690,20000,,
1523458,31,2026-10-01,1690,20000,,
1523458,31,2026-10-02,1690,20000,,
1523458,31,2026-10-03,1690,20000,,
1523458,31,2026-10-04,1690,20000,,
1523458,31,2026-10-05,1690,20000,,
1523458,31,2026-10-06,1690,20000,,
1523458,31,2026-10-07,1690,20000,,
1523458,31,2026-10-08,1690,20000,,
1523458,31,2026-10-09,1690,20000,,
1523458,31,2026-10-10,1690,20000,,
1523458,31,2026-10-11,1690,20000,,
1523458,31,2026-10-12,1690,20000,,
1523458,31,2026-10-13,1690,20000,,
1523458,31,2026-10-14,1690,20000,,
1523458,31,2026-10-15,1690,20000,,
1523458,31,2026-10-16,1690,20000,,
1523458,31,2026-10-17,1690,20000,,
1523458,31,2026-10-18,1690,20000,,
1523458,31,2026-10-19,1690,20000,,
1523458,31,2026-10-20,1690,20000,,
1523458,31,2026-10-21,1690,20000,,
1523458,31,2026-10-22,1690,20000,,
1523458,31,2026-10-23,1690,20000,,
1523458,31,2026-10-24,1690,20000,,
1523458,31,2026-10-25,1690,20000,,
1523458,31,2026-10-26,1690,20000,,
1523458,31,2026-10-27,1690,20000,,
1523458,31,2026-10-28,1690,20000,,
1523458,31,2026-10-29,1690,20000,,
1523458,31,2026-10-30,1690,20000,,
1523458,31,2026-10-31,1690,20000,,
1523458,31,2026-11-01,1690,20000,,
1523458,31,2026-11-02,1690,20000,,
1523458,31,2026-11-03,1690,20000,,
1523458,31,2026-11-04,1690,20000,,
1523458,31,2026-11-05,1690,20000,,
1523458,31,2026-11-06,1690,20000,,
1523458,31,2026-11-07,1690,20000,,
1523458,31,2026-11-08,1690,20000,,
1523458,31,2026-11-09,1690,20000,,
1523458,31,2026-11-10,1690,20000,,
1523458,31,2026-11-11,1690,20000,,
1523458,31,2026-11-12,1690,20000,,
1523458,31,2026-11-13,1690,20000,,
1523458,31,2026-11-14,1690,20000,,
1523458,31,2026-11-15,1690,20000,,
1523458,31,2026-11-16,1690,20000,,
1523458,31,2026-11-17,1690,20000,,
1523458,31,2026-11-18,1690,20000,,
1523458,31,2026-11-19,1690,20000,,
1523458,39,2026-09-29,1555,20000,,
1523458,57,2026-09-15,1690,20000,,
1523458,57,2026-09-16,1690,20000,,
1523458,57,2026-09-17,1690,20000,,
1523458,57,2026-09-18,1690,20000,,
1523458,57,2026-09-19,1690,20000,,
1523458,57,2026-09-20,1690,20000,,
1523458,57,2026-09-21,1690,20000,,
1523458,57,2026-09-22,1690,20000,,
1523458,57,2026-09-23,1690,20000,,
1523458,57,2026-09-24,1690,20000,,
1523458,57,2026-09-25,1690,20000,,
1523458,57,2026-09-26,1690,20000,,
1523458,57,2026-09-27,1690,20000,,
1523458,57,2026-09-28,1690,20000,,
1523458,57,2026-09-30,1690,20000,,
1523458,57,2026-10-01,1690,20000,,
1523458,57,2026-10-02,1690,20000,,
1523458,57,2026-10-03,1690,20000,,
1523458,57,2026-10-04,1690,20000,,
1523458,57,2026-10-05,1690,20000,,
1523458,57,2026-10-06,1690,20000,,
1523458,57,2026-10-07,1690,20000,,
1523458,57,2026-10-08,1690,20000,,
1523458,57,2026-10-09,1690,20000,,
1523458,57,2026-10-10,1690,20000,,
1523458,57,2026-10-11,1690,20000,,
1523458,57,2026-10-12,1690,20000,,
1523458,57,2026-10-13,1690,20000,,
1523458,57,2026-10-14,1690,20000,,
1523458,57,2026-10-15,1690,20000,,
1523458,57,2026-10-16,1690,20000,,
1523458,57,2026-10-17,1690,20000,,
1523458,57,2026-10-18,1690,20000,,
1523458,57,2026-10-19,1690,20000,,
1523458,57,2026-10-20,1690,20000,,
1523458,57,2026-10-21,1690,20000,,
1523458,57,2026-10-22,1690,20000,,
1523458,57,2026-10-23,1690,20000,,
1523458,57,2026-10-24,1690,20000,,
1523458,57,2026-10-25,1690,20000,,
1523458,57,2026-10-26,1690,20000,,
1523458,57,2026-10-27,1690,20000,,
1523458,57,2026-10-28,1690,20000,,
1523458,57,2026-10-29,1690,20000,,
1523458,57,2026-10-30,1690,20000,,
1523458,57,2026-10-31,1690,20000,,
1523458,57,2026-11-01,1690,20000,,
1523458,57,2026-11-02,1690,20000,,
1523458,57,2026-11-03,1690,20000,,
1523458,57,2026-11-04,1690,20000,,
1523458,57,2026-11-05,1690,20000,,
1523458,57,2026-11-06,1690,20000,,
1523458,57,2026-11-07,1690,20000,,
1523458,57,2026-11-08,1690,20000,,
1523458,57,2026-11-09,1690,20000,,
1523458,57,2026-11-10,1690,20000,,
1523458,57,2026-11-11,1690,20000,,
1523458,57,2026-11-12,1690,20000,,
1523458,57,2026-11-13,1690,20000,,
1523458,57,2026-11-14,1690,20000,,
1523458,57,2026-11-15,1690,20000,,
1523458,57,2026-11-16,1690,20000,,
1523458,57,2026-11-17,1690,20000,,
1523458,57,2026-11-18,1690,20000,,
1523458,57,2026-11-19,1690,20000,,
2020755,21,2026-12-04,2366,20000,,
2020755,21,2026-12-05,2366,20000,,
2020755,22,2026-12-04,2366,20000,,
2020755,22,2026-12-05,2366,20000,,
2020755,39,2026-12-04,2366,20000,,
2020755,39,2026-12-05,2366,20000,,
2020755,83,2026-12-04,2366,20000,,
2020755,83,2026-12-05,2366,20000,,
5000022,17,2026-12-02,1486,20000,,
5000022,17,2026-12-03,1486,20000,,
5000022,17,2026-12-06,1486,20000,,
5000022,18,2026-12-02,1486,20000,,
5000022,18,2026-12-03,1486,20000,,
5000022,18,2026-12-06,1486,20000,,
5000022,50,2026-12-02,1486,20000,,
5000022,50,2026-12-03,1486,20000,,
5000022,50,2026-12-06,1486,20000,,
1237644,29,2026-09-15,1557,20000,,
1237644,29,2026-09-16,1557,20000,,
1237644,29,2026-09-17,1557,20000,,
1237644,29,2026-09-18,1557,20000,,
1237644,29,2026-09-19,1557,20000,,
1237644,29,2026-09-20,1557,20000,,
1237644,29,2026-09-21,1557,20000,,
1237644,29,2026-09-22,1557,20000,,
1237644,29,2026-09-23,1557,20000,,
1237644,29,2026-09-24,1557,20000,,
1237644,29,2026-09-25,1557,20000,,
1237644,29,2026-09-26,1557,20000,,
1237644,29,2026-09-27,1557,20000,,
1237644,29,2026-09-28,1557,20000,,
1237644,29,2026-09-29,1557,20000,,
1237644,29,2026-09-30,1557,20000,,
1237644,29,2026-10-01,1557,20000,,
1237644,29,2026-10-02,1557,20000,,
1237644,29,2026-10-03,1557,20000,,
1237644,29,2026-10-04,1557,20000,,
1237644,29,2026-10-05,1557,20000,,
1237644,29,2026-10-06,1557,20000,,
1237644,29,2026-10-07,1557,20000,,
1237644,29,2026-10-08,1557,20000,,
1237644,29,2026-10-09,1557,20000,,
1237644,29,2026-10-10,1557,20000,,
1237644,29,2026-10-11,1557,20000,,
1237644,29,2026-10-12,1557,20000,,
1237644,29,2026-10-13,1557,20000,,
1237644,29,2026-10-14,1557,20000,,
1237644,29,2026-10-15,1557,20000,,
1237644,29,2026-10-16,1557,20000,,
1237644,29,2026-10-17,1557,20000,,
1237644,29,2026-10-18,1557,20000,,
1237644,29,2026-10-19,1557,20000,,
1237644,29,2026-10-20,1557,20000,,
1237644,29,2026-10-21,1557,20000,,
1237644,29,2026-10-22,1557,20000,,
1237644,29,2026-10-23,1557,20000,,
1237644,29,2026-10-24,1557,20000,,
1237644,29,2026-10-25,1557,20000,,
1237644,29,2026-10-26,1557,20000,,
1237644,29,2026-10-27,1557,20000,,
1237644,29,2026-10-28,1557,20000,,
1237644,29,2026-10-29,1557,20000,,
1237644,29,2026-10-30,1557,20000,,
1237644,29,2026-10-31,1557,20000,,
1237644,29,2026-11-01,1557,20000,,
1237644,29,2026-11-02,1557,20000,,
1237644,29,2026-11-03,1557,20000,,
1237644,29,2026-11-04,1557,20000,,
1237644,29,2026-11-05,1557,20000,,
1237644,29,2026-11-06,1557,20000,,
1237644,29,2026-11-07,1557,20000,,
1237644,29,2026-11-08,1557,20000,,
1237644,29,2026-11-09,1557,20000,,
1237644,29,2026-11-10,1557,20000,,
1237644,29,2026-11-11,1557,20000,,
1237644,29,2026-11-12,1557,20000,,
1237644,29,2026-11-13,1557,20000,,
1237644,29,2026-11-14,1557,20000,,
1237644,29,2026-11-15,1557,20000,,
1237644,29,2026-11-16,1557,20000,,
1237644,29,2026-11-17,1557,20000,,
1237644,29,2026-11-18,1557,20000,,
1237644,29,2026-11-19,1557,20000,,
1237644,29,2026-11-20,1557,20000,,
1237644,29,2026-11-21,1557,20000,,
1237644,29,2026-11-22,1557,20000,,
1237644,29,2026-11-23,1557,20000,,
1237644,29,2026-11-24,1557,20000,,
1237644,29,2026-11-25,1557,20000,,
1237644,30,2026-09-15,1557,20000,,
1237644,30,2026-09-16,1557,20000,,
1237644,30,2026-09-17,1557,20000,,
1237644,30,2026-09-18,1557,20000,,
1237644,30,2026-09-19,1557,20000,,
1237644,30,2026-09-20,1557,20000,,
1237644,30,2026-09-21,1557,20000,,
1237644,30,2026-09-22,1557,20000,,
1237644,30,2026-09-23,1557,20000,,
1237644,30,2026-09-24,1557,20000,,
1237644,30,2026-09-25,1557,20000,,
1237644,30,2026-09-26,1557,20000,,
1237644,30,2026-09-27,1557,20000,,
1237644,30,2026-09-28,1557,20000,,
1237644,30,2026-09-29,1557,20000,,
1237644,30,2026-09-30,1557,20000,,
1237644,30,2026-10-01,1557,20000,,
1237644,30,2026-10-02,1557,20000,,
1237644,30,2026-10-03,1557,20000,,
1237644,30,2026-10-04,1557,20000,,
1237644,30,2026-10-05,1557,20000,,
1237644,30,2026-10-06,1557,20000,,
1237644,30,2026-10-07,1557,20000,,
1237644,30,2026-10-08,1557,20000,,
1237644,30,2026-10-09,1557,20000,,
1237644,30,2026-10-10,1557,20000,,
1237644,30,2026-10-11,1557,20000,,
1237644,30,2026-10-12,1557,20000,,
1237644,30,2026-10-13,1557,20000,,
1237644,30,2026-10-14,1557,20000,,
1237644,30,2026-10-15,1557,20000,,
1237644,30,2026-10-16,1557,20000,,
1237644,30,2026-10-17,1557,20000,,
1237644,30,2026-10-18,1557,20000,,
1237644,30,2026-10-19,1557,20000,,
1237644,30,2026-10-20,1557,20000,,
1237644,30,2026-10-21,1557,20000,,
1237644,30,2026-10-22,1557,20000,,
1237644,30,2026-10-23,1557,20000,,
1237644,30,2026-10-24,1557,20000,,
1237644,30,2026-10-25,1557,20000,,
1237644,30,2026-10-26,1557,20000,,
1237644,30,2026-10-27,1557,20000,,
1237644,30,2026-10-28,1557,20000,,
1237644,30,2026-10-29,1557,20000,,
1237644,30,2026-10-30,1557,20000,,
1237644,30,2026-10-31,1557,20000,,
1237644,30,2026-11-01,1557,20000,,
1237644,30,2026-11-02,1557,20000,,
1237644,30,2026-11-03,1557,20000,,
1237644,30,2026-11-04,1557,20000,,
1237644,30,2026-11-05,1557,20000,,
1237644,30,2026-11-06,1557,20000,,
1237644,30,2026-11-07,1557,20000,,
1237644,30,2026-11-08,1557,20000,,
1237644,30,2026-11-09,1557,20000,,
1237644,30,2026-11-10,1557,20000,,
1237644,30,2026-11-11,1557,20000,,
1237644,30,2026-11-12,1557,20000,,
1237644,30,2026-11-13,1557,20000,,
1237644,30,2026-11-14,1557,20000,,
1237644,30,2026-11-15,1557,20000,,
1237644,30,2026-11-16,1557,20000,,
1237644,30,2026-11-17,1557,20000,,
1237644,30,2026-11-18,1557,20000,,
1237644,30,2026-11-19,1557,20000,,
1237644,30,2026-11-20,1557,20000,,
1237644,30,2026-11-21,1557,20000,,
1237644,30,2026-11-22,1557,20000,,
1237644,30,2026-11-23,1557,20000,,
1237644,30,2026-11-24,1557,20000,,
1237644,30,2026-11-25,1557,20000,,
1237644,31,2026-09-15,1557,20000,,
1237644,31,2026-09-16,1557,20000,,
1237644,31,2026-09-17,1557,20000,,
1237644,31,2026-09-18,1557,20000,,
1237644,31,2026-09-19,1557,20000,,
1237644,31,2026-09-20,1557,20000,,
1237644,31,2026-09-21,1557,20000,,
1237644,31,2026-09-22,1557,20000,,
1237644,31,2026-09-23,1557,20000,,
1237644,31,2026-09-24,1557,20000,,
1237644,31,2026-09-25,1557,20000,,
1237644,31,2026-09-26,1557,20000,,
1237644,31,2026-09-27,1557,20000,,
1237644,31,2026-09-28,1557,20000,,
1237644,31,2026-09-29,1557,20000,,
1237644,31,2026-09-30,1557,20000,,
1237644,31,2026-10-01,1557,20000,,
1237644,31,2026-10-02,1557,20000,,
1237644,31,2026-10-03,1557,20000,,
1237644,31,2026-10-04,1557,20000,,
1237644,31,2026-10-05,1557,20000,,
1237644,31,2026-10-06,1557,20000,,
1237644,31,2026-10-07,1557,20000,,
1237644,31,2026-10-08,1557,20000,,
1237644,31,2026-10-09,1557,20000,,
1237644,31,2026-10-10,1557,20000,,
1237644,31,2026-10-11,1557,20000,,
1237644,31,2026-10-12,1557,20000,,
1237644,31,2026-10-13,1557,20000,,
1237644,31,2026-10-14,1557,20000,,
1237644,31,2026-10-15,1557,20000,,
1237644,31,2026-10-16,1557,20000,,
1237644,31,2026-10-17,1557,20000,,
1237644,31,2026-10-18,1557,20000,,
1237644,31,2026-10-19,1557,20000,,
1237644,31,2026-10-20,1557,20000,,
1237644,31,2026-10-21,1557,20000,,
1237644,31,2026-10-22,1557,20000,,
1237644,31,2026-10-23,1557,20000,,
1237644,31,2026-10-24,1557,20000,,
1237644,31,2026-10-25,1557,20000,,
1237644,31,2026-10-26,1557,20000,,
1237644,31,2026-10-27,1557,20000,,
1237644,31,2026-10-28,1557,20000,,
1237644,31,2026-10-29,1557,20000,,
1237644,31,2026-10-30,1557,20000,,
1237644,31,2026-10-31,1557,20000,,
1237644,31,2026-11-01,1557,20000,,
1237644,31,2026-11-02,1557,20000,,
1237644,31,2026-11-03,1557,20000,,
1237644,31,2026-11-04,1557,20000,,
1237644,31,2026-11-05,1557,20000,,
1237644,31,2026-11-06,1557,20000,,
1237644,31,2026-11-07,1557,20000,,
1237644,31,2026-11-08,1557,20000,,
1237644,31,2026-11-09,1557,20000,,
1237644,31,2026-11-10,1557,20000,,
1237644,31,2026-11-11,1557,20000,,
1237644,31,2026-11-12,1557,20000,,
1237644,31,2026-11-13,1557,20000,,
1237644,31,2026-11-14,1557,20000,,
1237644,31,2026-11-15,1557,20000,,
1237644,31,2026-11-16,1557,20000,,
1237644,31,2026-11-17,1557,20000,,
1237644,31,2026-11-18,1557,20000,,
1237644,31,2026-11-19,1557,20000,,
1237644,31,2026-11-20,1557,20000,,
1237644,31,2026-11-21,1557,20000,,
1237644,31,2026-11-22,1557,20000,,
1237644,31,2026-11-23,1557,20000,,
1237644,31,2026-11-24,1557,20000,,
1237644,31,2026-11-25,1557,20000,,
1237644,57,2026-09-15,1557,20000,,
1237644,57,2026-09-16,1557,20000,,
1237644,57,2026-09-17,1557,20000,,
1237644,57,2026-09-18,1557,20000,,
1237644,57,2026-09-19,1557,20000,,
1237644,57,2026-09-20,1557,20000,,
1237644,57,2026-09-21,1557,20000,,
1237644,57,2026-09-22,1557,20000,,
1237644,57,2026-09-23,1557,20000,,
1237644,57,2026-09-24,1557,20000,,
1237644,57,2026-09-25,1557,20000,,
1237644,57,2026-09-26,1557,20000,,
1237644,57,2026-09-27,1557,20000,,
1237644,57,2026-09-28,1557,20000,,
1237644,57,2026-09-29,1557,20000,,
1237644,57,2026-09-30,1557,20000,,
1237644,57,2026-10-01,1557,20000,,
1237644,57,2026-10-02,1557,20000,,
1237644,57,2026-10-03,1557,20000,,
1237644,57,2026-10-04,1557,20000,,
1237644,57,2026-10-05,1557,20000,,
1237644,57,2026-10-06,1557,20000,,
1237644,57,2026-10-07,1557,20000,,
1237644,57,2026-10-08,1557,20000,,
1237644,57,2026-10-09,1557,20000,,
1237644,57,2026-10-10,1557,20000,,
1237644,57,2026-10-11,1557,20000,,
1237644,57,2026-10-12,1557,20000,,
1237644,57,2026-10-13,1557,20000,,
1237644,57,2026-10-14,1557,20000,,
1237644,57,2026-10-15,1557,20000,,
1237644,57,2026-10-16,1557,20000,,
1237644,57,2026-10-17,1557,20000,,
1237644,57,2026-10-18,1557,20000,,
1237644,57,2026-10-19,1557,20000,,
1237644,57,2026-10-20,1557,20000,,
1237644,57,2026-10-21,1557,20000,,
1237644,57,2026-10-22,1557,20000,,
1237644,57,2026-10-23,1557,20000,,
1237644,57,2026-10-24,1557,20000,,
1237644,57,2026-10-25,1557,20000,,
1237644,57,2026-10-26,1557,20000,,
1237644,57,2026-10-27,1557,20000,,
1237644,57,2026-10-28,1557,20000,,
1237644,57,2026-10-29,1557,20000,,
1237644,57,2026-10-30,1557,20000,,
1237644,57,2026-10-31,1557,20000,,
1237644,57,2026-11-01,1557,20000,,
1237644,57,2026-11-02,1557,20000,,
1237644,57,2026-11-03,1557,20000,,
1237644,57,2026-11-04,1557,20000,,
1237644,57,2026-11-05,1557,20000,,
1237644,57,2026-11-06,1557,20000,,
1237644,57,2026-11-07,1557,20000,,
1237644,57,2026-11-08,1557,20000,,
1237644,57,2026-11-09,1557,20000,,
1237644,57,2026-11-10,1557,20000,,
1237644,57,2026-11-11,1557,20000,,
1237644,57,2026-11-12,1557,20000,,
1237644,57,2026-11-13,1557,20000,,
1237644,57,2026-11-14,1557,20000,,
1237644,57,2026-11-15,1557,20000,,
1237644,57,2026-11-16,1557,20000,,
1237644,57,2026-11-17,1557,20000,,
1237644,57,2026-11-18,1557,20000,,
1237644,57,2026-11-19,1557,20000,,
1237644,57,2026-11-20,1557,20000,,
1237644,57,2026-11-21,1557,20000,,
1237644,57,2026-11-22,1557,20000,,
1237644,57,2026-11-23,1557,20000,,
1237644,57,2026-11-24,1557,20000,,
1237644,57,2026-11-25,1557,20000,,
1237644,89,2026-09-15,1557,20000,,
1237644,89,2026-09-16,1557,20000,,
1237644,89,2026-09-17,1557,20000,,
1237644,89,2026-09-18,1557,20000,,
1237644,89,2026-09-19,1557,20000,,
1237644,89,2026-09-20,1557,20000,,
1237644,89,2026-09-21,1557,20000,,
1237644,89,2026-09-22,1557,20000,,
1237644,89,2026-09-23,1557,20000,,
1237644,89,2026-09-24,1557,20000,,
1237644,89,2026-09-25,1557,20000,,
1237644,89,2026-09-26,1557,20000,,
1237644,89,2026-09-27,1557,20000,,
1237644,89,2026-09-28,1557,20000,,
1237644,89,2026-09-29,1557,20000,,
1237644,89,2026-09-30,1557,20000,,
1237644,89,2026-10-01,1557,20000,,
1237644,89,2026-10-02,1557,20000,,
1237644,89,2026-10-03,1557,20000,,
1237644,89,2026-10-04,1557,20000,,
1237644,89,2026-10-05,1557,20000,,
1237644,89,2026-10-06,1557,20000,,
1237644,89,2026-10-07,1557,20000,,
1237644,89,2026-10-08,1557,20000,,
1237644,89,2026-10-09,1557,20000,,
1237644,89,2026-10-10,1557,20000,,
1237644,89,2026-10-11,1557,20000,,
1237644,89,2026-10-12,1557,20000,,
1237644,89,2026-10-13,1557,20000,,
1237644,89,2026-10-14,1557,20000,,
1237644,89,2026-10-15,1557,20000,,
1237644,89,2026-10-16,1557,20000,,
1237644,89,2026-10-17,1557,20000,,
1237644,89,2026-10-18,1557,20000,,
1237644,89,2026-10-19,1557,20000,,
1237644,89,2026-10-20,1557,20000,,
1237644,89,2026-10-21,1557,20000,,
1237644,89,2026-10-22,1557,20000,,
1237644,89,2026-10-23,1557,20000,,
1237644,89,2026-10-24,1557,20000,,
1237644,89,2026-10-25,1557,20000,,
1237644,89,2026-10-26,1557,20000,,
1237644,89,2026-10-27,1557,20000,,
1237644,89,2026-10-28,1557,20000,,
1237644,89,2026-10-29,1557,20000,,
1237644,89,2026-10-30,1557,20000,,
1237644,89,2026-10-31,1557,20000,,
1237644,89,2026-11-01,1557,20000,,
1237644,89,2026-11-02,1557,20000,,
1237644,89,2026-11-03,1557,20000,,
1237644,89,2026-11-04,1557,20000,,
1237644,89,2026-11-05,1557,20000,,
1237644,89,2026-11-06,1557,20000,,
1237644,89,2026-11-07,1557,20000,,
1237644,89,2026-11-08,1557,20000,,
1237644,89,2026-11-09,1557,20000,,
1237644,89,2026-11-10,1557,20000,,
1237644,89,2026-11-11,1557,20000,,
1237644,89,2026-11-12,1557,20000,,
1237644,89,2026-11-13,1557,20000,,
1237644,89,2026-11-14,1557,20000,,
1237644,89,2026-11-15,1557,20000,,
1237644,89,2026-11-16,1557,20000,,
1237644,89,2026-11-17,1557,20000,,
1237644,89,2026-11-18,1557,20000,,
1237644,89,2026-11-19,1557,20000,,
1237644,89,2026-11-20,1557,20000,,
1237644,89,2026-11-21,1557,20000,,
1237644,89,2026-11-22,1557,20000,,
1237644,89,2026-11-23,1557,20000,,
1237644,89,2026-11-24,1557,20000,,
1237644,89,2026-11-25,1557,20000,,
1473477,25,2026-12-01,1460,23600,,
1473477,25,2026-12-07,1460,23600,,
1473477,25,2026-12-08,1460,23600,,
1473477,26,2026-12-01,1460,23600,,
1473477,26,2026-12-07,1460,23600,,
1473477,26,2026-12-08,1460,23600,,
5000022,21,2026-12-04,1693,20000,,
5000022,21,2026-12-05,1693,20000,,
5000022,22,2026-12-04,1693,20000,,
5000022,22,2026-12-05,1693,20000,,
5000022,39,2026-12-04,1693,20000,,
5000022,39,2026-12-05,1693,20000,,
5000022,83,2026-12-04,1693,20000,,
5000022,83,2026-12-05,1693,20000,,
9772256,27,2026-12-04,5357,23600,,
9772256,27,2026-12-05,5357,23600,,
9772256,28,2026-12-04,5357,23600,,
9772256,28,2026-12-05,5357,23600,,
1523458,32,2026-09-15,1828,20000,,
1523458,32,2026-09-16,1828,20000,,
1523458,32,2026-09-17,1828,20000,,
1523458,32,2026-09-18,1828,20000,,
1523458,32,2026-09-19,1828,20000,,
1523458,32,2026-09-20,1828,20000,,
1523458,32,2026-09-21,1828,20000,,
1523458,32,2026-09-22,1828,20000,,
1523458,32,2026-09-23,1828,20000,,
1523458,32,2026-09-24,1828,20000,,
1523458,32,2026-09-25,1828,20000,,
1523458,32,2026-09-26,1828,20000,,
1523458,32,2026-09-27,1828,20000,,
1523458,32,2026-09-28,1828,20000,,
1523458,32,2026-09-30,1828,20000,,
1523458,32,2026-10-01,1828,20000,,
1523458,32,2026-10-02,1828,20000,,
1523458,32,2026-10-03,1828,20000,,
1523458,32,2026-10-04,1828,20000,,
1523458,32,2026-10-05,1828,20000,,
1523458,32,2026-10-06,1828,20000,,
1523458,32,2026-10-07,1828,20000,,
1523458,32,2026-10-08,1828,20000,,
1523458,32,2026-10-09,1828,20000,,
1523458,32,2026-10-10,1828,20000,,
1523458,32,2026-10-11,1828,20000,,
1523458,32,2026-10-12,1828,20000,,
1523458,32,2026-10-13,1828,20000,,
1523458,32,2026-10-14,1828,20000,,
1523458,32,2026-10-15,1828,20000,,
1523458,32,2026-10-16,1828,20000,,
1523458,32,2026-10-17,1828,20000,,
1523458,32,2026-10-18,1828,20000,,
1523458,32,2026-10-19,1828,20000,,
1523458,32,2026-10-20,1828,20000,,
1523458,32,2026-10-21,1828,20000,,
1523458,32,2026-10-22,1828,20000,,
1523458,32,2026-10-23,1828,20000,,
1523458,32,2026-10-24,1828,20000,,
1523458,32,2026-10-25,1828,20000,,
1523458,32,2026-10-26,1828,20000,,
1523458,32,2026-10-27,1828,20000,,
1523458,32,2026-10-28,1828,20000,,
1523458,32,2026-10-29,1828,20000,,
1523458,32,2026-10-30,1828,20000,,
1523458,32,2026-10-31,1828,20000,,
1523458,32,2026-11-01,1828,20000,,
1523458,32,2026-11-02,1828,20000,,
1523458,32,2026-11-03,1828,20000,,
1523458,32,2026-11-04,1828,20000,,
1523458,32,2026-11-05,1828,20000,,
1523458,32,2026-11-06,1828,20000,,
1523458,32,2026-11-07,1828,20000,,
1523458,32,2026-11-08,1828,20000,,
1523458,32,2026-11-09,1828,20000,,
1523458,32,2026-11-10,1828,20000,,
1523458,32,2026-11-11,1828,20000,,
1523458,32,2026-11-12,1828,20000,,
1523458,32,2026-11-13,1828,20000,,
1523458,32,2026-11-14,1828,20000,,
1523458,32,2026-11-15,1828,20000,,
1523458,32,2026-11-16,1828,20000,,
1523458,32,2026-11-17,1828,20000,,
1523458,32,2026-11-18,1828,20000,,
1523458,32,2026-11-19,1828,20000,,
1523458,33,2026-09-15,1828,20000,,
1523458,33,2026-09-16,1828,20000,,
1523458,33,2026-09-17,1828,20000,,
1523458,33,2026-09-18,1828,20000,,
1523458,33,2026-09-19,1828,20000,,
1523458,33,2026-09-20,1828,20000,,
1523458,33,2026-09-21,1828,20000,,
1523458,33,2026-09-22,1828,20000,,
1523458,33,2026-09-23,1828,20000,,
1523458,33,2026-09-24,1828,20000,,
1523458,33,2026-09-25,1828,20000,,
1523458,33,2026-09-26,1828,20000,,
1523458,33,2026-09-27,1828,20000,,
1523458,33,2026-09-28,1828,20000,,
1523458,33,2026-09-30,1828,20000,,
1523458,33,2026-10-01,1828,20000,,
1523458,33,2026-10-02,1828,20000,,
1523458,33,2026-10-03,1828,20000,,
1523458,33,2026-10-04,1828,20000,,
1523458,33,2026-10-05,1828,20000,,
1523458,33,2026-10-06,1828,20000,,
1523458,33,2026-10-07,1828,20000,,
1523458,33,2026-10-08,1828,20000,,
1523458,33,2026-10-09,1828,20000,,
1523458,33,2026-10-10,1828,20000,,
1523458,33,2026-10-11,1828,20000,,
1523458,33,2026-10-12,1828,20000,,
1523458,33,2026-10-13,1828,20000,,
1523458,33,2026-10-14,1828,20000,,
1523458,33,2026-10-15,1828,20000,,
1523458,33,2026-10-16,1828,20000,,
1523458,33,2026-10-17,1828,20000,,
1523458,33,2026-10-18,1828,20000,,
1523458,33,2026-10-19,1828,20000,,
1523458,33,2026-10-20,1828,20000,,
1523458,33,2026-10-21,1828,20000,,
1523458,33,2026-10-22,1828,20000,,
1523458,33,2026-10-23,1828,20000,,
1523458,33,2026-10-24,1828,20000,,
1523458,33,2026-10-25,1828,20000,,
1523458,33,2026-10-26,1828,20000,,
1523458,33,2026-10-27,1828,20000,,
1523458,33,2026-10-28,1828,20000,,
1523458,33,2026-10-29,1828,20000,,
1523458,33,2026-10-30,1828,20000,,
1523458,33,2026-10-31,1828,20000,,
1523458,33,2026-11-01,1828,20000,,
1523458,33,2026-11-02,1828,20000,,
1523458,33,2026-11-03,1828,20000,,
1523458,33,2026-11-04,1828,20000,,
1523458,33,2026-11-05,1828,20000,,
1523458,33,2026-11-06,1828,20000,,
1523458,33,2026-11-07,1828,20000,,
1523458,33,2026-11-08,1828,20000,,
1523458,33,2026-11-09,1828,20000,,
1523458,33,2026-11-10,1828,20000,,
1523458,33,2026-11-11,1828,20000,,
1523458,33,2026-11-12,1828,20000,,
1523458,33,2026-11-13,1828,20000,,
1523458,33,2026-11-14,1828,20000,,
1523458,33,2026-11-15,1828,20000,,
1523458,33,2026-11-16,1828,20000,,
1523458,33,2026-11-17,1828,20000,,
1523458,33,2026-11-18,1828,20000,,
1523458,33,2026-11-19,1828,20000,,
1523458,34,2026-09-15,1828,20000,,
1523458,34,2026-09-16,1828,20000,,
1523458,34,2026-09-17,1828,20000,,
1523458,34,2026-09-18,1828,20000,,
1523458,34,2026-09-19,1828,20000,,
1523458,34,2026-09-20,1828,20000,,
1523458,34,2026-09-21,1828,20000,,
1523458,34,2026-09-22,1828,20000,,
1523458,34,2026-09-23,1828,20000,,
1523458,34,2026-09-24,1828,20000,,
1523458,34,2026-09-25,1828,20000,,
1523458,34,2026-09-26,1828,20000,,
1523458,34,2026-09-27,1828,20000,,
1523458,34,2026-09-28,1828,20000,,
1523458,34,2026-09-30,1828,20000,,
1523458,34,2026-10-01,1828,20000,,
1523458,34,2026-10-02,1828,20000,,
1523458,34,2026-10-03,1828,20000,,
1523458,34,2026-10-04,1828,20000,,
1523458,34,2026-10-05,1828,20000,,
1523458,34,2026-10-06,1828,20000,,
1523458,34,2026-10-07,1828,20000,,
1523458,34,2026-10-08,1828,20000,,
1523458,34,2026-10-09,1828,20000,,
1523458,34,2026-10-10,1828,20000,,
1523458,34,2026-10-11,1828,20000,,
1523458,34,2026-10-12,1828,20000,,
1523458,34,2026-10-13,1828,20000,,
1523458,34,2026-10-14,1828,20000,,
1523458,34,2026-10-15,1828,20000,,
1523458,34,2026-10-16,1828,20000,,
1523458,34,2026-10-17,1828,20000,,
1523458,34,2026-10-18,1828,20000,,
1523458,34,2026-10-19,1828,20000,,
1523458,34,2026-10-20,1828,20000,,
1523458,34,2026-10-21,1828,20000,,
1523458,34,2026-10-22,1828,20000,,
1523458,34,2026-10-23,1828,20000,,
1523458,34,2026-10-24,1828,20000,,
1523458,34,2026-10-25,1828,20000,,
1523458,34,2026-10-26,1828,20000,,
1523458,34,2026-10-27,1828,20000,,
1523458,34,2026-10-28,1828,20000,,
1523458,34,2026-10-29,1828,20000,,
1523458,34,2026-10-30,1828,20000,,
1523458,34,2026-10-31,1828,20000,,
1523458,34,2026-11-01,1828,20000,,
1523458,34,2026-11-02,1828,20000,,
1523458,34,2026-11-03,1828,20000,,
1523458,34,2026-11-04,1828,20000,,
1523458,34,2026-11-05,1828,20000,,
1523458,34,2026-11-06,1828,20000,,
1523458,34,2026-11-07,1828,20000,,
1523458,34,2026-11-08,1828,20000,,
1523458,34,2026-11-09,1828,20000,,
1523458,34,2026-11-10,1828,20000,,
1523458,34,2026-11-11,1828,20000,,
1523458,34,2026-11-12,1828,20000,,
1523458,34,2026-11-13,1828,20000,,
1523458,34,2026-11-14,1828,20000,,
1523458,34,2026-11-15,1828,20000,,
1523458,34,2026-11-16,1828,20000,,
1523458,34,2026-11-17,1828,20000,,
1523458,34,2026-11-18,1828,20000,,
1523458,34,2026-11-19,1828,20000,,
2020755,17,2026-12-02,2021,20000,,
2020755,17,2026-12-03,2021,20000,,
2020755,17,2026-12-06,2021,20000,,
2020755,18,2026-12-02,2021,20000,,
2020755,18,2026-12-03,2021,20000,,
2020755,18,2026-12-06,2021,20000,,
2020755,50,2026-12-02,2021,20000,,
2020755,50,2026-12-03,2021,20000,,
2020755,50,2026-12-06,2021,20000,,
9772256,21,2026-11-22,3205,23600,,
9772256,21,2026-11-23,3205,23600,,
9772256,21,2026-11-29,3205,23600,,
9772256,21,2026-11-30,3205,23600,,
9772256,22,2026-11-22,3205,23600,,
9772256,22,2026-11-23,3205,23600,,
9772256,22,2026-11-29,3205,23600,,
9772256,22,2026-11-30,3205,23600,,
9772256,23,2026-11-22,3205,23600,,
9772256,23,2026-11-23,3205,23600,,
9772256,23,2026-11-29,3205,23600,,
9772256,23,2026-11-30,3205,23600,,
9772256,24,2026-11-22,3205,23600,,
9772256,24,2026-11-23,3205,23600,,
9772256,24,2026-11-29,3205,23600,,
9772256,24,2026-11-30,3205,23600,,
9772256,39,2026-11-22,3205,23600,,
9772256,39,2026-11-23,3205,23600,,
9772256,39,2026-11-29,3205,23600,,
9772256,39,2026-11-30,3205,23600,,
9772256,40,2026-11-22,3205,23600,,
9772256,40,2026-11-23,3205,23600,,
9772256,40,2026-11-29,3205,23600,,
9772256,40,2026-11-30,3205,23600,,
9772256,83,2026-11-22,3205,23600,,
9772256,83,2026-11-23,3205,23600,,
9772256,83,2026-11-29,3205,23600,,
9772256,83,2026-11-30,3205,23600,,
1446609,25,2026-11-22,1210,23600,,
1446609,25,2026-11-23,1210,23600,,
1446609,26,2026-11-22,1210,23600,,
1446609,26,2026-11-23,1210,23600,,
2020755,23,2026-12-04,2435,20000,,
2020755,23,2026-12-05,2435,20000,,
2020755,24,2026-12-04,2435,20000,,
2020755,24,2026-12-05,2435,20000,,
2020755,40,2026-12-04,2435,20000,,
2020755,40,2026-12-05,2435,20000,,
2065763,113,2026-11-22,1626,32861,,
2065763,113,2026-11-23,1626,32861,,
2065763,113,2026-11-27,1626,32861,,
2065763,113,2026-11-28,1626,32861,,
2065763,113,2026-11-29,1626,32861,,
2065763,113,2026-11-30,1626,32861,,
2065763,113,2026-12-01,1626,32861,,
2065763,113,2026-12-07,1626,32861,,
2065763,113,2026-12-08,1626,32861,,
1379430,15,2026-09-15,1979,23600,,
1379430,15,2026-09-16,1979,23600,,
1379430,15,2026-09-17,1979,23600,,
1379430,15,2026-09-18,1979,23600,,
1379430,38,2026-09-15,1979,23600,,
1379430,38,2026-09-16,1979,23600,,
1379430,38,2026-09-17,1979,23600,,
1379430,38,2026-09-18,1979,23600,,
1379430,76,2026-09-15,1979,23600,,
1379430,76,2026-09-16,1979,23600,,
1379430,76,2026-09-17,1979,23600,,
1379430,76,2026-09-18,1979,23600,,
1767140,64,2026-11-22,2302,23600,,
1767140,64,2026-11-23,2302,23600,,
1767140,65,2026-11-22,2302,23600,,
1767140,65,2026-11-23,2302,23600,,
9772256,29,2026-12-02,5629,23600,,
9772256,29,2026-12-03,5629,23600,,
9772256,29,2026-12-06,5629,23600,,
9772256,30,2026-12-02,5629,23600,,
9772256,30,2026-12-03,5629,23600,,
9772256,30,2026-12-06,5629,23600,,
9772256,31,2026-12-02,5629,23600,,
9772256,31,2026-12-03,5629,23600,,
9772256,31,2026-12-06,5629,23600,,
9772256,32,2026-12-02,5629,23600,,
9772256,32,2026-12-03,5629,23600,,
9772256,32,2026-12-06,5629,23600,,
9772256,33,2026-12-02,5629,23600,,
9772256,33,2026-12-03,5629,23600,,
9772256,33,2026-12-06,5629,23600,,
9772256,34,2026-12-02,5629,23600,,
9772256,34,2026-12-03,5629,23600,,
9772256,34,2026-12-06,5629,23600,,
9772256,57,2026-12-02,5629,23600,,
9772256,57,2026-12-03,5629,23600,,
9772256,57,2026-12-06,5629,23600,,
9772256,58,2026-12-02,5629,23600,,
9772256,58,2026-12-03,5629,23600,,
9772256,58,2026-12-06,5629,23600,,
9772256,89,2026-12-02,5629,23600,,
9772256,89,2026-12-03,5629,23600,,
9772256,89,2026-12-06,5629,23600,,
1208576,23,2026-12-04,1369,20000,,
1208576,23,2026-12-05,1369,20000,,
1208576,24,2026-12-04,1369,20000,,
1208576,24,2026-12-05,1369,20000,,
1208576,40,2026-12-04,1369,20000,,
1208576,40,2026-12-05,1369,20000,,
1472459,45,2027-08-22,1645,23600,,
1472459,45,2027-08-27,1645,23600,,
1472459,45,2027-08-28,1645,23600,,
1472459,45,2027-08-29,1645,23600,,
1472459,45,2027-08-30,1645,23600,,
1472459,45,2027-08-31,1645,23600,,
1472459,45,2027-09-09,1645,23600,,
1472459,46,2027-08-22,1645,23600,,
1472459,46,2027-08-27,1645,23600,,
1472459,46,2027-08-28,1645,23600,,
1472459,46,2027-08-29,1645,23600,,
1472459,46,2027-08-30,1645,23600,,
1472459,46,2027-08-31,1645,23600,,
1472459,46,2027-09-09,1645,23600,,
1472544,45,2027-08-22,1493,23600,,
1472544,45,2027-08-27,1493,23600,,
1472544,45,2027-08-28,1493,23600,,
1472544,45,2027-08-29,1493,23600,,
1472544,45,2027-08-30,1493,23600,,
1472544,45,2027-08-31,1493,23600,,
1472544,45,2027-09-09,1493,23600,,
1472544,46,2027-08-22,1493,23600,,
1472544,46,2027-08-27,1493,23600,,
1472544,46,2027-08-28,1493,23600,,
1472544,46,2027-08-29,1493,23600,,
1472544,46,2027-08-30,1493,23600,,
1472544,46,2027-08-31,1493,23600,,
1472544,46,2027-09-09,1493,23600,,
1523458,21,2026-09-15,1483,20000,,
1523458,21,2026-09-16,1483,20000,,
1523458,21,2026-09-17,1483,20000,,
1523458,21,2026-09-18,1483,20000,,
1523458,21,2026-09-19,1483,20000,,
1523458,21,2026-09-20,1483,20000,,
1523458,21,2026-09-21,1483,20000,,
1523458,21,2026-09-22,1483,20000,,
1523458,21,2026-09-23,1483,20000,,
1523458,21,2026-09-24,1483,20000,,
1523458,21,2026-09-25,1483,20000,,
1523458,21,2026-09-26,1483,20000,,
1523458,21,2026-09-27,1483,20000,,
1523458,21,2026-09-28,1483,20000,,
1523458,21,2026-09-30,1483,20000,,
1523458,21,2026-10-01,1483,20000,,
1523458,21,2026-10-02,1483,20000,,
1523458,21,2026-10-03,1483,20000,,
1523458,21,2026-10-04,1483,20000,,
1523458,21,2026-10-05,1483,20000,,
1523458,21,2026-10-06,1483,20000,,
1523458,21,2026-10-07,1483,20000,,
1523458,21,2026-10-08,1483,20000,,
1523458,21,2026-10-09,1483,20000,,
1523458,21,2026-10-10,1483,20000,,
1523458,21,2026-10-11,1483,20000,,
1523458,21,2026-10-12,1483,20000,,
1523458,21,2026-10-13,1483,20000,,
1523458,21,2026-10-14,1483,20000,,
1523458,21,2026-10-15,1483,20000,,
1523458,21,2026-10-16,1483,20000,,
1523458,21,2026-10-17,1483,20000,,
1523458,21,2026-10-18,1483,20000,,
1523458,21,2026-10-19,1483,20000,,
1523458,21,2026-10-20,1483,20000,,
1523458,21,2026-10-21,1483,20000,,
1523458,21,2026-10-22,1483,20000,,
1523458,21,2026-10-23,1483,20000,,
1523458,21,2026-10-24,1483,20000,,
1523458,21,2026-10-25,1483,20000,,
1523458,21,2026-10-26,1483,20000,,
1523458,21,2026-10-27,1483,20000,,
1523458,21,2026-10-28,1483,20000,,
1523458,21,2026-10-29,1483,20000,,
1523458,21,2026-10-30,1483,20000,,
1523458,21,2026-10-31,1483,20000,,
1523458,21,2026-11-01,1483,20000,,
1523458,21,2026-11-02,1483,20000,,
1523458,21,2026-11-03,1483,20000,,
1523458,21,2026-11-04,1483,20000,,
1523458,21,2026-11-05,1483,20000,,
1523458,21,2026-11-06,1483,20000,,
1523458,21,2026-11-07,1483,20000,,
1523458,21,2026-11-08,1483,20000,,
1523458,21,2026-11-09,1483,20000,,
1523458,21,2026-11-10,1483,20000,,
1523458,21,2026-11-11,1483,20000,,
1523458,21,2026-11-12,1483,20000,,
1523458,21,2026-11-13,1483,20000,,
1523458,21,2026-11-14,1483,20000,,
1523458,21,2026-11-15,1483,20000,,
1523458,21,2026-11-16,1483,20000,,
1523458,21,2026-11-17,1483,20000,,
1523458,21,2026-11-18,1483,20000,,
1523458,21,2026-11-19,1483,20000,,
1523458,22,2026-09-15,1483,20000,,
1523458,22,2026-09-16,1483,20000,,
1523458,22,2026-09-17,1483,20000,,
1523458,22,2026-09-18,1483,20000,,
1523458,22,2026-09-19,1483,20000,,
1523458,22,2026-09-20,1483,20000,,
1523458,22,2026-09-21,1483,20000,,
1523458,22,2026-09-22,1483,20000,,
1523458,22,2026-09-23,1483,20000,,
1523458,22,2026-09-24,1483,20000,,
1523458,22,2026-09-25,1483,20000,,
1523458,22,2026-09-26,1483,20000,,
1523458,22,2026-09-27,1483,20000,,
1523458,22,2026-09-28,1483,20000,,
1523458,22,2026-09-30,1483,20000,,
1523458,22,2026-10-01,1483,20000,,
1523458,22,2026-10-02,1483,20000,,
1523458,22,2026-10-03,1483,20000,,
1523458,22,2026-10-04,1483,20000,,
1523458,22,2026-10-05,1483,20000,,
1523458,22,2026-10-06,1483,20000,,
1523458,22,2026-10-07,1483,20000,,
1523458,22,2026-10-08,1483,20000,,
1523458,22,2026-10-09,1483,20000,,
1523458,22,2026-10-10,1483,20000,,
1523458,22,2026-10-11,1483,20000,,
1523458,22,2026-10-12,1483,20000,,
1523458,22,2026-10-13,1483,20000,,
1523458,22,2026-10-14,1483,20000,,
1523458,22,2026-10-15,1483,20000,,
1523458,22,2026-10-16,1483,20000,,
1523458,22,2026-10-17,1483,20000,,
1523458,22,2026-10-18,1483,20000,,
1523458,22,2026-10-19,1483,20000,,
1523458,22,2026-10-20,1483,20000,,
1523458,22,2026-10-21,1483,20000,,
1523458,22,2026-10-22,1483,20000,,
1523458,22,2026-10-23,1483,20000,,
1523458,22,2026-10-24,1483,20000,,
1523458,22,2026-10-25,1483,20000,,
1523458,22,2026-10-26,1483,20000,,
1523458,22,2026-10-27,1483,20000,,
1523458,22,2026-10-28,1483,20000,,
1523458,22,2026-10-29,1483,20000,,
1523458,22,2026-10-30,1483,20000,,
1523458,22,2026-10-31,1483,20000,,
1523458,22,2026-11-01,1483,20000,,
1523458,22,2026-11-02,1483,20000,,
1523458,22,2026-11-03,1483,20000,,
1523458,22,2026-11-04,1483,20000,,
1523458,22,2026-11-05,1483,20000,,
1523458,22,2026-11-06,1483,20000,,
1523458,22,2026-11-07,1483,20000,,
1523458,22,2026-11-08,1483,20000,,
1523458,22,2026-11-09,1483,20000,,
1523458,22,2026-11-10,1483,20000,,
1523458,22,2026-11-11,1483,20000,,
1523458,22,2026-11-12,1483,20000,,
1523458,22,2026-11-13,1483,20000,,
1523458,22,2026-11-14,1483,20000,,
1523458,22,2026-11-15,1483,20000,,
1523458,22,2026-11-16,1483,20000,,
1523458,22,2026-11-17,1483,20000,,
1523458,22,2026-11-18,1483,20000,,
1523458,22,2026-11-19,1483,20000,,
1523458,23,2026-09-29,1624,20000,,
1523458,24,2026-09-29,1624,20000,,
1523458,39,2026-09-15,1483,20000,,
1523458,39,2026-09-16,1483,20000,,
1523458,39,2026-09-17,1483,20000,,
1523458,39,2026-09-18,1483,20000,,
1523458,39,2026-09-19,1483,20000,,
1523458,39,2026-09-20,1483,20000,,
1523458,39,2026-09-21,1483,20000,,
1523458,39,2026-09-22,1483,20000,,
1523458,39,2026-09-23,1483,20000,,
1523458,39,2026-09-24,1483,20000,,
1523458,39,2026-09-25,1483,20000,,
1523458,39,2026-09-26,1483,20000,,
1523458,39,2026-09-27,1483,20000,,
1523458,39,2026-09-28,1483,20000,,
1523458,39,2026-09-30,1483,20000,,
1523458,39,2026-10-01,1483,20000,,
1523458,39,2026-10-02,1483,20000,,
1523458,39,2026-10-03,1483,20000,,
1523458,39,2026-10-04,1483,20000,,
1523458,39,2026-10-05,1483,20000,,
1523458,39,2026-10-06,1483,20000,,
1523458,39,2026-10-07,1483,20000,,
1523458,39,2026-10-08,1483,20000,,
1523458,39,2026-10-09,1483,20000,,
1523458,39,2026-10-10,1483,20000,,
1523458,39,2026-10-11,1483,20000,,
1523458,39,2026-10-12,1483,20000,,
1523458,39,2026-10-13,1483,20000,,
1523458,39,2026-10-14,1483,20000,,
1523458,39,2026-10-15,1483,20000,,
1523458,39,2026-10-16,1483,20000,,
1523458,39,2026-10-17,1483,20000,,
1523458,39,2026-10-18,1483,20000,,
1523458,39,2026-10-19,1483,20000,,
1523458,39,2026-10-20,1483,20000,,
1523458,39,2026-10-21,1483,20000,,
1523458,39,2026-10-22,1483,20000,,
1523458,39,2026-10-23,1483,20000,,
1523458,39,2026-10-24,1483,20000,,
1523458,39,2026-10-25,1483,20000,,
1523458,39,2026-10-26,1483,20000,,
1523458,39,2026-10-27,1483,20000,,
1523458,39,2026-10-28,1483,20000,,
1523458,39,2026-10-29,1483,20000,,
1523458,39,2026-10-30,1483,20000,,
1523458,39,2026-10-31,1483,20000,,
1523458,39,2026-11-01,1483,20000,,
1523458,39,2026-11-02,1483,20000,,
1523458,39,2026-11-03,1483,20000,,
1523458,39,2026-11-04,1483,20000,,
1523458,39,2026-11-05,1483,20000,,
1523458,39,2026-11-06,1483,20000,,
1523458,39,2026-11-07,1483,20000,,
1523458,39,2026-11-08,1483,20000,,
1523458,39,2026-11-09,1483,20000,,
1523458,39,2026-11-10,1483,20000,,
1523458,39,2026-11-11,1483,20000,,
1523458,39,2026-11-12,1483,20000,,
1523458,39,2026-11-13,1483,20000,,
1523458,39,2026-11-14,1483,20000,,
1523458,39,2026-11-15,1483,20000,,
1523458,39,2026-11-16,1483,20000,,
1523458,39,2026-11-17,1483,20000,,
1523458,39,2026-11-18,1483,20000,,
1523458,39,2026-11-19,1483,20000,,
5000022,19,2026-12-04,1624,20000,,
5000022,19,2026-12-05,1624,20000,,
5000022,20,2026-12-04,1624,20000,,
5000022,20,2026-12-05,1624,20000,,
9772256,25,2026-12-02,4801,23600,,
9772256,25,2026-12-03,4801,23600,,
9772256,25,2026-12-06,4801,23600,,
9772256,26,2026-12-02,4801,23600,,
9772256,26,2026-12-03,4801,23600,,
9772256,26,2026-12-06,4801,23600,,
1766640,45,2026-12-01,1532,23600,,
1766640,45,2026-12-07,1532,23600,,
1766640,45,2026-12-08,1532,23600,,
1766640,46,2026-12-01,1532,23600,,
1766640,46,2026-12-07,1532,23600,,
1766640,46,2026-12-08,1532,23600,,
2020755,19,2026-12-02,2056,20000,,
2020755,19,2026-12-03,2056,20000,,
2020755,19,2026-12-06,2056,20000,,
2020755,20,2026-12-02,2056,20000,,
2020755,20,2026-12-03,2056,20000,,
2020755,20,2026-12-06,2056,20000,,
2066561,42,2026-11-22,2352,27848,,
2066561,42,2026-11-23,2352,27848,,
2066561,43,2026-11-22,2352,27848,,
2066561,43,2026-11-23,2352,27848,,
9772256,17,2026-12-04,4322,23600,,
9772256,17,2026-12-05,4322,23600,,
9772256,18,2026-12-04,4322,23600,,
9772256,18,2026-12-05,4322,23600,,
9772256,19,2026-12-04,4322,23600,,
9772256,19,2026-12-05,4322,23600,,
9772256,20,2026-12-04,4322,23600,,
9772256,20,2026-12-05,4322,23600,,
9772256,50,2026-12-04,4322,23600,,
9772256,50,2026-12-05,4322,23600,,
9772256,51,2026-12-04,4322,23600,,
9772256,51,2026-12-05,4322,23600,,
9772256,87,2026-12-04,4322,23600,,
9772256,87,2026-12-05,4322,23600,,
2020755,17,2026-12-04,2021,20000,,
2020755,17,2026-12-05,2021,20000,,
2020755,18,2026-12-04,2021,20000,,
2020755,18,2026-12-05,2021,20000,,
2020755,50,2026-12-04,2021,20000,,
2020755,50,2026-12-05,2021,20000,,
2066561,47,2026-12-01,2660,27848,,
2066561,47,2026-12-07,2660,27848,,
2066561,47,2026-12-08,2660,27848,,
2066561,48,2026-12-01,2660,27848,,
2066561,48,2026-12-07,2660,27848,,
2066561,48,2026-12-08,2660,27848,,
5000022,17,2026-12-04,1486,20000,,
5000022,17,2026-12-05,1486,20000,,
5000022,18,2026-12-04,1486,20000,,
5000022,18,2026-12-05,1486,20000,,
5000022,50,2026-12-04,1486,20000,,
5000022,50,2026-12-05,1486,20000,,
1767140,64,2027-08-22,2195,23600,,
1767140,64,2027-08-27,2195,23600,,
1767140,64,2027-08-28,2195,23600,,
1767140,64,2027-08-29,2195,23600,,
1767140,64,2027-08-30,2195,23600,,
1767140,64,2027-08-31,2195,23600,,
1767140,64,2027-09-09,2195,23600,,
1767140,65,2027-08-22,2195,23600,,
1767140,65,2027-08-27,2195,23600,,
1767140,65,2027-08-28,2195,23600,,
1767140,65,2027-08-29,2195,23600,,
1767140,65,2027-08-30,2195,23600,,
1767140,65,2027-08-31,2195,23600,,
1767140,65,2027-09-09,2195,23600,,
9772256,27,2026-12-02,5008,23600,,
9772256,27,2026-12-03,5008,23600,,
9772256,27,2026-12-06,5008,23600,,
9772256,28,2026-12-02,5008,23600,,
9772256,28,2026-12-03,5008,23600,,
9772256,28,2026-12-06,5008,23600,,
1472508,25,2026-11-22,1302,23600,,
1472508,25,2026-11-23,1302,23600,,
1472508,26,2026-11-22,1302,23600,,
1472508,26,2026-11-23,1302,23600,,
9772256,21,2026-12-04,4529,23600,,
9772256,21,2026-12-05,4529,23600,,
9772256,22,2026-12-04,4529,23600,,
9772256,22,2026-12-05,4529,23600,,
9772256,23,2026-12-04,4529,23600,,
9772256,23,2026-12-05,4529,23600,,
9772256,24,2026-12-04,4529,23600,,
9772256,24,2026-12-05,4529,23600,,
9772256,39,2026-12-04,4529,23600,,
9772256,39,2026-12-05,4529,23600,,
9772256,40,2026-12-04,4529,23600,,
9772256,40,2026-12-05,4529,23600,,
9772256,42,2026-12-01,6310,23600,,
9772256,42,2026-12-07,6310,23600,,
9772256,42,2026-12-08,6310,23600,,
9772256,43,2026-12-01,6310,23600,,
9772256,43,2026-12-07,6310,23600,,
9772256,43,2026-12-08,6310,23600,,
9772256,83,2026-12-04,4529,23600,,
9772256,83,2026-12-05,4529,23600,,
1523458,23,2026-09-15,1552,20000,,
1523458,23,2026-09-16,1552,20000,,
1523458,23,2026-09-17,1552,20000,,
1523458,23,2026-09-18,1552,20000,,
1523458,23,2026-09-19,1552,20000,,
1523458,23,2026-09-20,1552,20000,,
1523458,23,2026-09-21,1552,20000,,
1523458,23,2026-09-22,1552,20000,,
1523458,23,2026-09-23,1552,20000,,
1523458,23,2026-09-24,1552,20000,,
1523458,23,2026-09-25,1552,20000,,
1523458,23,2026-09-26,1552,20000,,
1523458,23,2026-09-27,1552,20000,,
1523458,23,2026-09-28,1552,20000,,
1523458,23,2026-09-30,1552,20000,,
1523458,23,2026-10-01,1552,20000,,
1523458,23,2026-10-02,1552,20000,,
1523458,23,2026-10-03,1552,20000,,
1523458,23,2026-10-04,1552,20000,,
1523458,23,2026-10-05,1552,20000,,
1523458,23,2026-10-06,1552,20000,,
1523458,23,2026-10-07,1552,20000,,
1523458,23,2026-10-08,1552,20000,,
1523458,23,2026-10-09,1552,20000,,
1523458,23,2026-10-10,1552,20000,,
1523458,23,2026-10-11,1552,20000,,
1523458,23,2026-10-12,1552,20000,,
1523458,23,2026-10-13,1552,20000,,
1523458,23,2026-10-14,1552,20000,,
1523458,23,2026-10-15,1552,20000,,
1523458,23,2026-10-16,1552,20000,,
1523458,23,2026-10-17,1552,20000,,
1523458,23,2026-10-18,1552,20000,,
1523458,23,2026-10-19,1552,20000,,
1523458,23,2026-10-20,1552,20000,,
1523458,23,2026-10-21,1552,20000,,
1523458,23,2026-10-22,1552,20000,,
1523458,23,2026-10-23,1552,20000,,
1523458,23,2026-10-24,1552,20000,,
1523458,23,2026-10-25,1552,20000,,
1523458,23,2026-10-26,1552,20000,,
1523458,23,2026-10-27,1552,20000,,
1523458,23,2026-10-28,1552,20000,,
1523458,23,2026-10-29,1552,20000,,
1523458,23,2026-10-30,1552,20000,,
1523458,23,2026-10-31,1552,20000,,
1523458,23,2026-11-01,1552,20000,,
1523458,23,2026-11-02,1552,20000,,
1523458,23,2026-11-03,1552,20000,,
1523458,23,2026-11-04,1552,20000,,
1523458,23,2026-11-05,1552,20000,,
1523458,23,2026-11-06,1552,20000,,
1523458,23,2026-11-07,1552,20000,,
1523458,23,2026-11-08,1552,20000,,
1523458,23,2026-11-09,1552,20000,,
1523458,23,2026-11-10,1552,20000,,
1523458,23,2026-11-11,1552,20000,,
1523458,23,2026-11-12,1552,20000,,
1523458,23,2026-11-13,1552,20000,,
1523458,23,2026-11-14,1552,20000,,
1523458,23,2026-11-15,1552,20000,,
1523458,23,2026-11-16,1552,20000,,
1523458,23,2026-11-17,1552,20000,,
1523458,23,2026-11-18,1552,20000,,
1523458,23,2026-11-19,1552,20000,,
1523458,24,2026-09-15,1552,20000,,
1523458,24,2026-09-16,1552,20000,,
1523458,24,2026-09-17,1552,20000,,
1523458,24,2026-09-18,1552,20000,,
1523458,24,2026-09-19,1552,20000,,
1523458,24,2026-09-20,1552,20000,,
1523458,24,2026-09-21,1552,20000,,
1523458,24,2026-09-22,1552,20000,,
1523458,24,2026-09-23,1552,20000,,
1523458,24,2026-09-24,1552,20000,,
1523458,24,2026-09-25,1552,20000,,
1523458,24,2026-09-26,1552,20000,,
1523458,24,2026-09-27,1552,20000,,
1523458,24,2026-09-28,1552,20000,,
1523458,24,2026-09-30,1552,20000,,
1523458,24,2026-10-01,1552,20000,,
1523458,24,2026-10-02,1552,20000,,
1523458,24,2026-10-03,1552,20000,,
1523458,24,2026-10-04,1552,20000,,
1523458,24,2026-10-05,1552,20000,,
1523458,24,2026-10-06,1552,20000,,
1523458,24,2026-10-07,1552,20000,,
1523458,24,2026-10-08,1552,20000,,
1523458,24,2026-10-09,1552,20000,,
1523458,24,2026-10-10,1552,20000,,
1523458,24,2026-10-11,1552,20000,,
1523458,24,2026-10-12,1552,20000,,
1523458,24,2026-10-13,1552,20000,,
1523458,24,2026-10-14,1552,20000,,
1523458,24,2026-10-15,1552,20000,,
1523458,24,2026-10-16,1552,20000,,
1523458,24,2026-10-17,1552,20000,,
1523458,24,2026-10-18,1552,20000,,
1523458,24,2026-10-19,1552,20000,,
1523458,24,2026-10-20,1552,20000,,
1523458,24,2026-10-21,1552,20000,,
1523458,24,2026-10-22,1552,20000,,
1523458,24,2026-10-23,1552,20000,,
1523458,24,2026-10-24,1552,20000,,
1523458,24,2026-10-25,1552,20000,,
1523458,24,2026-10-26,1552,20000,,
1523458,24,2026-10-27,1552,20000,,
1523458,24,2026-10-28,1552,20000,,
1523458,24,2026-10-29,1552,20000,,
1523458,24,2026-10-30,1552,20000,,
1523458,24,2026-10-31,1552,20000,,
1523458,24,2026-11-01,1552,20000,,
1523458,24,2026-11-02,1552,20000,,
1523458,24,2026-11-03,1552,20000,,
1523458,24,2026-11-04,1552,20000,,
1523458,24,2026-11-05,1552,20000,,
1523458,24,2026-11-06,1552,20000,,
1523458,24,2026-11-07,1552,20000,,
1523458,24,2026-11-08,1552,20000,,
1523458,24,2026-11-09,1552,20000,,
1523458,24,2026-11-10,1552,20000,,
1523458,24,2026-11-11,1552,20000,,
1523458,24,2026-11-12,1552,20000,,
1523458,24,2026-11-13,1552,20000,,
1523458,24,2026-11-14,1552,20000,,
1523458,24,2026-11-15,1552,20000,,
1523458,24,2026-11-16,1552,20000,,
1523458,24,2026-11-17,1552,20000,,
1523458,24,2026-11-18,1552,20000,,
1523458,24,2026-11-19,1552,20000,,
1209749,15,2026-12-01,1170,38776,,
1209749,15,2026-12-07,1170,38776,,
1209749,15,2026-12-08,1170,38776,,
1209749,16,2026-12-01,1170,38776,,
1209749,16,2026-12-07,1170,38776,,
1209749,16,2026-12-08,1170,38776,,
1209749,17,2026-12-01,1170,38776,,
1209749,17,2026-12-07,1170,38776,,
1209749,17,2026-12-08,1170,38776,,
1209749,18,2026-12-01,1170,38776,,
1209749,18,2026-12-07,1170,38776,,
1209749,18,2026-12-08,1170,38776,,
1209749,19,2026-12-01,1170,38776,,
1209749,19,2026-12-07,1170,38776,,
1209749,19,2026-12-08,1170,38776,,
1209749,20,2026-12-01,1170,38776,,
1209749,20,2026-12-07,1170,38776,,
1209749,20,2026-12-08,1170,38776,,
1209749,38,2026-12-01,1170,38776,,
1209749,38,2026-12-07,1170,38776,,
1209749,38,2026-12-08,1170,38776,,
2020755,19,2026-12-04,2056,20000,,
2020755,19,2026-12-05,2056,20000,,
2020755,20,2026-12-04,2056,20000,,
2020755,20,2026-12-05,2056,20000,,
1206822,17,2026-11-22,1576,23600,,
1206822,17,2026-11-23,1576,23600,,
1206822,18,2026-11-22,1576,23600,,
1206822,18,2026-11-23,1576,23600,,
1206822,19,2026-11-22,1576,23600,,
1206822,19,2026-11-23,1576,23600,,
1206822,20,2026-11-22,1576,23600,,
1206822,20,2026-11-23,1576,23600,,
1206822,50,2026-11-22,1576,23600,,
1206822,50,2026-11-23,1576,23600,,
1206822,51,2026-11-22,1576,23600,,
1206822,51,2026-11-23,1576,23600,,
1206822,87,2026-11-22,1576,23600,,
1206822,87,2026-11-23,1576,23600,,
1206822,21,2026-11-22,1714,23600,,
1206822,21,2026-11-23,1714,23600,,
1206822,22,2026-11-22,1714,23600,,
1206822,22,2026-11-23,1714,23600,,
1206822,23,2026-11-22,1714,23600,,
1206822,23,2026-11-23,1714,23600,,
1206822,24,2026-11-22,1714,23600,,
1206822,24,2026-11-23,1714,23600,,
1206822,39,2026-11-22,1714,23600,,
1206822,39,2026-11-23,1714,23600,,
1206822,40,2026-11-22,1714,23600,,
1206822,40,2026-11-23,1714,23600,,
1206822,83,2026-11-22,1714,23600,,
1206822,83,2026-11-23,1714,23600,,
1433791,25,2027-08-22,1711,23600,,
1433791,25,2027-08-27,1711,23600,,
1433791,25,2027-08-28,1711,23600,,
1433791,26,2027-08-22,1711,23600,,
1433791,26,2027-08-27,1711,23600,,
1433791,26,2027-08-28,1711,23600,,
9772256,17,2026-12-02,3973,23600,,
9772256,17,2026-12-03,3973,23600,,
9772256,17,2026-12-06,3973,23600,,
9772256,18,2026-12-02,3973,23600,,
9772256,18,2026-12-03,3973,23600,,
9772256,18,2026-12-06,3973,23600,,
9772256,19,2026-12-02,3973,23600,,
9772256,19,2026-12-03,3973,23600,,
9772256,19,2026-12-06,3973,23600,,
9772256,20,2026-12-02,3973,23600,,
9772256,20,2026-12-03,3973,23600,,
9772256,20,2026-12-06,3973,23600,,
9772256,35,2026-12-01,5482,23600,,
9772256,35,2026-12-07,5482,23600,,
9772256,35,2026-12-08,5482,23600,,
9772256,36,2026-12-01,5482,23600,,
9772256,36,2026-12-07,5482,23600,,
9772256,36,2026-12-08,5482,23600,,
9772256,37,2026-12-01,5482,23600,,
9772256,37,2026-12-07,5482,23600,,
9772256,37,2026-12-08,5482,23600,,
9772256,50,2026-12-02,3973,23600,,
9772256,50,2026-12-03,3973,23600,,
9772256,50,2026-12-06,3973,23600,,
9772256,51,2026-12-02,3973,23600,,
9772256,51,2026-12-03,3973,23600,,
9772256,51,2026-12-06,3973,23600,,
9772256,87,2026-12-02,3973,23600,,
9772256,87,2026-12-03,3973,23600,,
9772256,87,2026-12-06,3973,23600,,
9772256,21,2026-12-02,4180,23600,,
9772256,21,2026-12-03,4180,23600,,
9772256,21,2026-12-06,4180,23600,,
9772256,22,2026-12-02,4180,23600,,
9772256,22,2026-12-03,4180,23600,,
9772256,22,2026-12-06,4180,23600,,
9772256,23,2026-12-02,4180,23600,,
9772256,23,2026-12-03,4180,23600,,
9772256,23,2026-12-06,4180,23600,,
9772256,24,2026-12-02,4180,23600,,
9772256,24,2026-12-03,4180,23600,,
9772256,24,2026-12-06,4180,23600,,
9772256,39,2026-12-02,4180,23600,,
9772256,39,2026-12-03,4180,23600,,
9772256,39,2026-12-06,4180,23600,,
9772256,40,2026-12-02,4180,23600,,
9772256,40,2026-12-03,4180,23600,,
9772256,40,2026-12-06,4180,23600,,
9772256,83,2026-12-02,4180,23600,,
9772256,83,2026-12-03,4180,23600,,
9772256,83,2026-12-06,4180,23600,,
2066561,47,2026-11-22,2352,27848,,
2066561,47,2026-11-23,2352,27848,,
2066561,48,2026-11-22,2352,27848,,
2066561,48,2026-11-23,2352,27848,,
9772256,29,2026-12-01,4654,23600,,
9772256,29,2026-12-07,4654,23600,,
9772256,29,2026-12-08,4654,23600,,
9772256,30,2026-12-01,4654,23600,,
9772256,30,2026-12-07,4654,23600,,
9772256,30,2026-12-08,4654,23600,,
9772256,31,2026-12-01,4654,23600,,
9772256,31,2026-12-07,4654,23600,,
9772256,31,2026-12-08,4654,23600,,
9772256,32,2026-12-01,4654,23600,,
9772256,32,2026-12-07,4654,23600,,
9772256,32,2026-12-08,4654,23600,,
9772256,33,2026-12-01,4654,23600,,
9772256,33,2026-12-07,4654,23600,,
9772256,33,2026-12-08,4654,23600,,
9772256,34,2026-12-01,4654,23600,,
9772256,34,2026-12-07,4654,23600,,
9772256,34,2026-12-08,4654,23600,,
9772256,57,2026-12-01,4654,23600,,
9772256,57,2026-12-07,4654,23600,,
9772256,57,2026-12-08,4654,23600,,
9772256,58,2026-12-01,4654,23600,,
9772256,58,2026-12-07,4654,23600,,
9772256,58,2026-12-08,4654,23600,,
9772256,89,2026-12-01,4654,23600,,
9772256,89,2026-12-07,4654,23600,,
9772256,89,2026-12-08,4654,23600,,
1126702,25,2026-09-16,2539,23600,,
1126702,26,2026-09-16,2539,23600,,
9772256,25,2026-12-01,3826,23600,,
9772256,25,2026-12-07,3826,23600,,
9772256,25,2026-12-08,3826,23600,,
9772256,26,2026-12-01,3826,23600,,
9772256,26,2026-12-07,3826,23600,,
9772256,26,2026-12-08,3826,23600,,
9772256,27,2026-12-01,4033,23600,,
9772256,27,2026-12-07,4033,23600,,
9772256,27,2026-12-08,4033,23600,,
9772256,28,2026-12-01,4033,23600,,
9772256,28,2026-12-07,4033,23600,,
9772256,28,2026-12-08,4033,23600,,
1126702,25,2026-09-15,2436,23600,,
1126702,26,2026-09-15,2436,23600,,
1126702,19,2026-09-16,2056,23600,,
1126702,20,2026-09-16,2056,23600,,
1126702,51,2026-09-16,2056,23600,,
1126702,17,2026-09-16,1953,23600,,
1126702,18,2026-09-16,1953,23600,,
1126702,50,2026-09-16,1953,23600,,
1126702,87,2026-09-16,1953,23600,,
1126702,19,2026-09-15,1953,23600,,
1126702,20,2026-09-15,1953,23600,,
1126702,51,2026-09-15,1953,23600,,
9772256,17,2026-12-01,2998,23600,,
9772256,17,2026-12-07,2998,23600,,
9772256,17,2026-12-08,2998,23600,,
9772256,18,2026-12-01,2998,23600,,
9772256,18,2026-12-07,2998,23600,,
9772256,18,2026-12-08,2998,23600,,
9772256,19,2026-12-01,2998,23600,,
9772256,19,2026-12-07,2998,23600,,
9772256,19,2026-12-08,2998,23600,,
9772256,20,2026-12-01,2998,23600,,
9772256,20,2026-12-07,2998,23600,,
9772256,20,2026-12-08,2998,23600,,
9772256,21,2026-12-01,3205,23600,,
9772256,21,2026-12-07,3205,23600,,
9772256,21,2026-12-08,3205,23600,,
9772256,22,2026-12-01,3205,23600,,
9772256,22,2026-12-07,3205,23600,,
9772256,22,2026-12-08,3205,23600,,
9772256,23,2026-12-01,3205,23600,,
9772256,23,2026-12-07,3205,23600,,
9772256,23,2026-12-08,3205,23600,,
9772256,24,2026-12-01,3205,23600,,
9772256,24,2026-12-07,3205,23600,,
9772256,24,2026-12-08,3205,23600,,
9772256,39,2026-12-01,3205,23600,,
9772256,39,2026-12-07,3205,23600,,
9772256,39,2026-12-08,3205,23600,,
9772256,40,2026-12-01,3205,23600,,
9772256,40,2026-12-07,3205,23600,,
9772256,40,2026-12-08,3205,23600,,
9772256,50,2026-12-01,2998,23600,,
9772256,50,2026-12-07,2998,23600,,
9772256,50,2026-12-08,2998,23600,,
9772256,51,2026-12-01,2998,23600,,
9772256,51,2026-12-07,2998,23600,,
9772256,51,2026-12-08,2998,23600,,
9772256,83,2026-12-01,3205,23600,,
9772256,83,2026-12-07,3205,23600,,
9772256,83,2026-12-08,3205,23600,,
9772256,87,2026-12-01,2998,23600,,
9772256,87,2026-12-07,2998,23600,,
9772256,87,2026-12-08,2998,23600,,
1126702,17,2026-09-15,1849,23600,,
1126702,18,2026-09-15,1849,23600,,
1126702,50,2026-09-15,1849,23600,,
1126702,87,2026-09-15,1849,23600,,
1548950,21,2026-11-08,1620,23600,,
1548950,21,2026-11-15,1620,23600,,
1548950,22,2026-11-08,1620,23600,,
1548950,22,2026-11-15,1620,23600,,
1548950,23,2026-11-08,1620,23600,,
1548950,23,2026-11-15,1620,23600,,
1548950,24,2026-11-08,1620,23600,,
1548950,24,2026-11-15,1620,23600,,
1548950,39,2026-11-08,1620,23600,,
1548950,39,2026-11-15,1620,23600,,
